year_month,year,month,district,groundwater_depth_m,depth_scenario,underground_space_index_2020eq1,encounter_fraction,encounter_area_index_2020eq1,fixed2020_encounter_index,post2020_stock_frozen,meaningful_contact,shallowest_contacted_layer,near_any_threshold_flag,n_assets_profile,qc_flag,network_support_change_flag
2019-09,2019,9,朝阳区,31.73,shallow,0.988449848024316,0.0,0.0,0.0,False,False,none,False,52,,False
2019-09,2019,9,朝阳区,31.73,central,0.988449848024316,0.0,0.0,0.0,False,False,none,False,52,,False
2019-09,2019,9,朝阳区,31.73,deep,0.988449848024316,0.0,0.0,0.0,False,False,none,False,52,,False
2019-09,2019,9,海淀区,27.49,shallow,0.9690265486725664,0.0,0.0,0.0,False,False,none,False,183,,False
2019-09,2019,9,海淀区,27.49,central,0.9690265486725664,0.0,0.0,0.0,False,False,none,False,183,,False
2019-09,2019,9,海淀区,27.49,deep,0.9690265486725664,0.0,0.0,0.0,False,False,none,False,183,,False
2019-09,2019,9,丰台区,21.6,shallow,1.0,0.0,0.0,0.0,False,False,none,False,246,,False
2019-09,2019,9,丰台区,21.6,central,1.0,0.0,0.0,0.0,False,False,none,False,246,,False
2019-09,2019,9,丰台区,21.6,deep,1.0,0.031784,0.031784,0.031784,False,True,B4,True,246,,False
2019-09,2019,9,石景山区,23.63,shallow,1.0,0.0,0.0,0.0,False,False,none,False,90,,False
2019-09,2019,9,石景山区,23.63,central,1.0,0.0,0.0,0.0,False,False,none,False,90,,False
2019-09,2019,9,石景山区,23.63,deep,1.0,0.0,0.0,0.0,False,False,none,False,90,,False
2019-09,2019,9,门头沟区,35.87,shallow,1.0,0.0,0.0,0.0,False,False,none,False,79,,False
2019-09,2019,9,门头沟区,35.87,central,1.0,0.0,0.0,0.0,False,False,none,False,79,,False
2019-09,2019,9,门头沟区,35.87,deep,1.0,0.0,0.0,0.0,False,False,none,False,79,,False
2019-09,2019,9,房山区,10.38,shallow,1.0,0.09858,0.09858,0.09858,False,True,B3,True,261,,False
2019-09,2019,9,房山区,10.38,central,1.0,0.09858,0.09858,0.09858,False,True,B3,False,261,,False
2019-09,2019,9,房山区,10.38,deep,1.0,0.491026,0.491026,0.491026,False,True,B2,False,261,,False
2019-09,2019,9,通州区,9.98,shallow,0.9473684210526316,0.056312,0.0533482105263158,0.056312,False,True,B3,False,351,,False
2019-09,2019,9,通州区,9.98,central,0.9473684210526316,0.056312,0.0533482105263158,0.056312,False,True,B3,False,351,,False
2019-09,2019,9,通州区,9.98,deep,0.9473684210526316,0.437462,0.41443768421052635,0.437462,False,True,B2,False,351,,False
2019-09,2019,9,顺义区,32.7,shallow,1.0,0.0,0.0,0.0,False,False,none,False,197,,False
2019-09,2019,9,顺义区,32.7,central,1.0,0.0,0.0,0.0,False,False,none,False,197,,False
2019-09,2019,9,顺义区,32.7,deep,1.0,0.0,0.0,0.0,False,False,none,False,197,,False
2019-09,2019,9,昌平区,29.25,shallow,1.0,0.0,0.0,0.0,False,False,none,False,475,,False
2019-09,2019,9,昌平区,29.25,central,1.0,0.0,0.0,0.0,False,False,none,False,475,,False
2019-09,2019,9,昌平区,29.25,deep,1.0,0.0,0.0,0.0,False,False,none,False,475,,False
2019-09,2019,9,大兴区,18.53,shallow,0.9487922705314008,0.0,0.0,0.0,False,False,none,False,790,,False
2019-09,2019,9,大兴区,18.53,central,0.9487922705314008,0.0,0.0,0.0,False,False,none,False,790,,False
2019-09,2019,9,大兴区,18.53,deep,0.9487922705314008,0.009993,0.009481281159420289,0.009993,False,True,B4,False,790,,False
2019-09,2019,9,怀柔区,16.82,shallow,0.9904761904761904,0.0,0.0,0.0,False,False,none,False,93,,False
2019-09,2019,9,怀柔区,16.82,central,0.9904761904761904,0.0,0.0,0.0,False,False,none,False,93,,False
2019-09,2019,9,怀柔区,16.82,deep,0.9904761904761904,0.0,0.0,0.0,False,False,none,True,93,,False
2019-09,2019,9,平谷区,30.49,shallow,1.0,0.0,0.0,0.0,False,False,none,False,17,,False
2019-09,2019,9,平谷区,30.49,central,1.0,0.0,0.0,0.0,False,False,none,False,17,,False
2019-09,2019,9,平谷区,30.49,deep,1.0,0.0,0.0,0.0,False,False,none,False,17,,False
2019-09,2019,9,密云区,24.05,shallow,0.95625,0.0,0.0,0.0,False,False,none,False,94,,False
2019-09,2019,9,密云区,24.05,central,0.95625,0.0,0.0,0.0,False,False,none,False,94,,False
2019-09,2019,9,密云区,24.05,deep,0.95625,0.0,0.0,0.0,False,False,none,False,94,,False
2019-09,2019,9,延庆区,11.26,shallow,0.9555555555555556,0.0,0.0,0.0,False,False,none,False,39,,False
2019-09,2019,9,延庆区,11.26,central,0.9555555555555556,0.020419,0.01951148888888889,0.020419,False,True,B3,False,39,,False
2019-09,2019,9,延庆区,11.26,deep,0.9555555555555556,0.020419,0.01951148888888889,0.020419,False,True,B3,True,39,,False
2019-10,2019,10,朝阳区,31.39,shallow,0.988449848024316,0.0,0.0,0.0,False,False,none,False,52,,False
2019-10,2019,10,朝阳区,31.39,central,0.988449848024316,0.0,0.0,0.0,False,False,none,False,52,,False
2019-10,2019,10,朝阳区,31.39,deep,0.988449848024316,0.0,0.0,0.0,False,False,none,False,52,,False
2019-10,2019,10,海淀区,26.58,shallow,0.9690265486725664,0.0,0.0,0.0,False,False,none,False,183,,False
2019-10,2019,10,海淀区,26.58,central,0.9690265486725664,0.0,0.0,0.0,False,False,none,False,183,,False
2019-10,2019,10,海淀区,26.58,deep,0.9690265486725664,0.0,0.0,0.0,False,False,none,False,183,,False
2019-10,2019,10,丰台区,21.61,shallow,1.0,0.0,0.0,0.0,False,False,none,False,246,,False
2019-10,2019,10,丰台区,21.61,central,1.0,0.0,0.0,0.0,False,False,none,False,246,,False
2019-10,2019,10,丰台区,21.61,deep,1.0,0.031784,0.031784,0.031784,False,True,B4,True,246,,False
2019-10,2019,10,石景山区,23.42,shallow,1.0,0.0,0.0,0.0,False,False,none,False,90,,False
2019-10,2019,10,石景山区,23.42,central,1.0,0.0,0.0,0.0,False,False,none,False,90,,False
2019-10,2019,10,石景山区,23.42,deep,1.0,0.0,0.0,0.0,False,False,none,False,90,,False
2019-10,2019,10,门头沟区,36.41,shallow,1.0,0.0,0.0,0.0,False,False,none,False,79,,False
2019-10,2019,10,门头沟区,36.41,central,1.0,0.0,0.0,0.0,False,False,none,False,79,,False
2019-10,2019,10,门头沟区,36.41,deep,1.0,0.0,0.0,0.0,False,False,none,False,79,,False
2019-10,2019,10,房山区,10.21,shallow,1.0,0.09858,0.09858,0.09858,False,True,B3,True,261,,False
2019-10,2019,10,房山区,10.21,central,1.0,0.09858,0.09858,0.09858,False,True,B3,False,261,,False
2019-10,2019,10,房山区,10.21,deep,1.0,0.491026,0.491026,0.491026,False,True,B2,False,261,,False
2019-10,2019,10,通州区,9.62,shallow,0.9473684210526316,0.056312,0.0533482105263158,0.056312,False,True,B3,False,351,,False
2019-10,2019,10,通州区,9.62,central,0.9473684210526316,0.056312,0.0533482105263158,0.056312,False,True,B3,False,351,,False
2019-10,2019,10,通州区,9.62,deep,0.9473684210526316,0.437462,0.41443768421052635,0.437462,False,True,B2,False,351,,False
2019-10,2019,10,顺义区,31.81,shallow,1.0,0.0,0.0,0.0,False,False,none,False,197,,False
2019-10,2019,10,顺义区,31.81,central,1.0,0.0,0.0,0.0,False,False,none,False,197,,False
2019-10,2019,10,顺义区,31.81,deep,1.0,0.0,0.0,0.0,False,False,none,False,197,,False
2019-10,2019,10,昌平区,29.11,shallow,1.0,0.0,0.0,0.0,False,False,none,False,475,,False
2019-10,2019,10,昌平区,29.11,central,1.0,0.0,0.0,0.0,False,False,none,False,475,,False
2019-10,2019,10,昌平区,29.11,deep,1.0,0.0,0.0,0.0,False,False,none,False,475,,False
2019-10,2019,10,大兴区,18.2,shallow,0.9487922705314008,0.0,0.0,0.0,False,False,none,False,790,,False
2019-10,2019,10,大兴区,18.2,central,0.9487922705314008,0.0,0.0,0.0,False,False,none,False,790,,False
2019-10,2019,10,大兴区,18.2,deep,0.9487922705314008,0.009993,0.009481281159420289,0.009993,False,True,B4,False,790,,False
2019-10,2019,10,怀柔区,16.76,shallow,0.9904761904761904,0.0,0.0,0.0,False,False,none,False,93,,False
2019-10,2019,10,怀柔区,16.76,central,0.9904761904761904,0.0,0.0,0.0,False,False,none,False,93,,False
2019-10,2019,10,怀柔区,16.76,deep,0.9904761904761904,0.0,0.0,0.0,False,False,none,True,93,,False
2019-10,2019,10,平谷区,29.98,shallow,1.0,0.0,0.0,0.0,False,False,none,False,17,,False
2019-10,2019,10,平谷区,29.98,central,1.0,0.0,0.0,0.0,False,False,none,False,17,,False
2019-10,2019,10,平谷区,29.98,deep,1.0,0.0,0.0,0.0,False,False,none,False,17,,False
2019-10,2019,10,密云区,23.94,shallow,0.95625,0.0,0.0,0.0,False,False,none,False,94,,False
2019-10,2019,10,密云区,23.94,central,0.95625,0.0,0.0,0.0,False,False,none,False,94,,False
2019-10,2019,10,密云区,23.94,deep,0.95625,0.0,0.0,0.0,False,False,none,False,94,,False
2019-10,2019,10,延庆区,10.23,shallow,0.9555555555555556,0.020419,0.01951148888888889,0.020419,False,True,B3,True,39,,False
2019-10,2019,10,延庆区,10.23,central,0.9555555555555556,0.020419,0.01951148888888889,0.020419,False,True,B3,False,39,,False
2019-10,2019,10,延庆区,10.23,deep,0.9555555555555556,0.18273799999999998,0.17461631111111112,0.18273799999999998,False,True,B2,False,39,,False
2019-11,2019,11,朝阳区,31.06,shallow,0.988449848024316,0.0,0.0,0.0,False,False,none,False,52,,False
2019-11,2019,11,朝阳区,31.06,central,0.988449848024316,0.0,0.0,0.0,False,False,none,False,52,,False
2019-11,2019,11,朝阳区,31.06,deep,0.988449848024316,0.0,0.0,0.0,False,False,none,False,52,,False
2019-11,2019,11,海淀区,26.0,shallow,0.9690265486725664,0.0,0.0,0.0,False,False,none,False,183,,False
2019-11,2019,11,海淀区,26.0,central,0.9690265486725664,0.0,0.0,0.0,False,False,none,False,183,,False
2019-11,2019,11,海淀区,26.0,deep,0.9690265486725664,0.0,0.0,0.0,False,False,none,False,183,,False
2019-11,2019,11,丰台区,21.62,shallow,1.0,0.0,0.0,0.0,False,False,none,False,246,,False
2019-11,2019,11,丰台区,21.62,central,1.0,0.0,0.0,0.0,False,False,none,False,246,,False
2019-11,2019,11,丰台区,21.62,deep,1.0,0.031784,0.031784,0.031784,False,True,B4,True,246,,False
2019-11,2019,11,石景山区,23.29,shallow,1.0,0.0,0.0,0.0,False,False,none,False,90,,False
2019-11,2019,11,石景山区,23.29,central,1.0,0.0,0.0,0.0,False,False,none,False,90,,False
2019-11,2019,11,石景山区,23.29,deep,1.0,0.0,0.0,0.0,False,False,none,False,90,,False
2019-11,2019,11,门头沟区,36.93,shallow,1.0,0.0,0.0,0.0,False,False,none,False,79,,False
2019-11,2019,11,门头沟区,36.93,central,1.0,0.0,0.0,0.0,False,False,none,False,79,,False
2019-11,2019,11,门头沟区,36.93,deep,1.0,0.0,0.0,0.0,False,False,none,False,79,,False
2019-11,2019,11,房山区,9.99,shallow,1.0,0.09858,0.09858,0.09858,False,True,B3,False,261,,False
2019-11,2019,11,房山区,9.99,central,1.0,0.09858,0.09858,0.09858,False,True,B3,False,261,,False
2019-11,2019,11,房山区,9.99,deep,1.0,0.491026,0.491026,0.491026,False,True,B2,False,261,,False
2019-11,2019,11,通州区,9.29,shallow,0.9473684210526316,0.056312,0.0533482105263158,0.056312,False,True,B3,False,351,,False
2019-11,2019,11,通州区,9.29,central,0.9473684210526316,0.056312,0.0533482105263158,0.056312,False,True,B3,True,351,,False
2019-11,2019,11,通州区,9.29,deep,0.9473684210526316,0.437462,0.41443768421052635,0.437462,False,True,B2,False,351,,False
2019-11,2019,11,顺义区,30.74,shallow,1.0,0.0,0.0,0.0,False,False,none,False,197,,False
2019-11,2019,11,顺义区,30.74,central,1.0,0.0,0.0,0.0,False,False,none,False,197,,False
2019-11,2019,11,顺义区,30.74,deep,1.0,0.0,0.0,0.0,False,False,none,False,197,,False
2019-11,2019,11,昌平区,28.61,shallow,1.0,0.0,0.0,0.0,False,False,none,False,475,,False
2019-11,2019,11,昌平区,28.61,central,1.0,0.0,0.0,0.0,False,False,none,False,475,,False
2019-11,2019,11,昌平区,28.61,deep,1.0,0.0,0.0,0.0,False,False,none,False,475,,False
2019-11,2019,11,大兴区,17.94,shallow,0.9487922705314008,0.0,0.0,0.0,False,False,none,False,790,,False
2019-11,2019,11,大兴区,17.94,central,0.9487922705314008,0.0,0.0,0.0,False,False,none,False,790,,False
2019-11,2019,11,大兴区,17.94,deep,0.9487922705314008,0.009993,0.009481281159420289,0.009993,False,True,B4,False,790,,False
2019-11,2019,11,怀柔区,17.18,shallow,0.9904761904761904,0.0,0.0,0.0,False,False,none,False,93,,False
2019-11,2019,11,怀柔区,17.18,central,0.9904761904761904,0.0,0.0,0.0,False,False,none,False,93,,False
2019-11,2019,11,怀柔区,17.18,deep,0.9904761904761904,0.0,0.0,0.0,False,False,none,False,93,,False
2019-11,2019,11,平谷区,29.64,shallow,1.0,0.0,0.0,0.0,False,False,none,False,17,,False
2019-11,2019,11,平谷区,29.64,central,1.0,0.0,0.0,0.0,False,False,none,False,17,,False
2019-11,2019,11,平谷区,29.64,deep,1.0,0.0,0.0,0.0,False,False,none,False,17,,False
2019-11,2019,11,密云区,24.06,shallow,0.95625,0.0,0.0,0.0,False,False,none,False,94,,False
2019-11,2019,11,密云区,24.06,central,0.95625,0.0,0.0,0.0,False,False,none,False,94,,False
2019-11,2019,11,密云区,24.06,deep,0.95625,0.0,0.0,0.0,False,False,none,False,94,,False
2019-11,2019,11,延庆区,9.85,shallow,0.9555555555555556,0.020419,0.01951148888888889,0.020419,False,True,B3,False,39,,False
2019-11,2019,11,延庆区,9.85,central,0.9555555555555556,0.020419,0.01951148888888889,0.020419,False,True,B3,False,39,,False
2019-11,2019,11,延庆区,9.85,deep,0.9555555555555556,0.18273799999999998,0.17461631111111112,0.18273799999999998,False,True,B2,False,39,,False
2019-12,2019,12,朝阳区,31.34,shallow,0.988449848024316,0.0,0.0,0.0,False,False,none,False,52,,False
2019-12,2019,12,朝阳区,31.34,central,0.988449848024316,0.0,0.0,0.0,False,False,none,False,52,,False
2019-12,2019,12,朝阳区,31.34,deep,0.988449848024316,0.0,0.0,0.0,False,False,none,False,52,,False
2019-12,2019,12,海淀区,25.75,shallow,0.9690265486725664,0.0,0.0,0.0,False,False,none,False,183,,False
2019-12,2019,12,海淀区,25.75,central,0.9690265486725664,0.0,0.0,0.0,False,False,none,False,183,,False
2019-12,2019,12,海淀区,25.75,deep,0.9690265486725664,0.0,0.0,0.0,False,False,none,False,183,,False
2019-12,2019,12,丰台区,21.68,shallow,1.0,0.0,0.0,0.0,False,False,none,False,246,,False
2019-12,2019,12,丰台区,21.68,central,1.0,0.0,0.0,0.0,False,False,none,False,246,,False
2019-12,2019,12,丰台区,21.68,deep,1.0,0.031784,0.031784,0.031784,False,True,B4,True,246,,False
2019-12,2019,12,石景山区,23.21,shallow,1.0,0.0,0.0,0.0,False,False,none,False,90,,False
2019-12,2019,12,石景山区,23.21,central,1.0,0.0,0.0,0.0,False,False,none,False,90,,False
2019-12,2019,12,石景山区,23.21,deep,1.0,0.0,0.0,0.0,False,False,none,False,90,,False
2019-12,2019,12,门头沟区,37.47,shallow,1.0,0.0,0.0,0.0,False,False,none,False,79,,False
2019-12,2019,12,门头沟区,37.47,central,1.0,0.0,0.0,0.0,False,False,none,False,79,,False
2019-12,2019,12,门头沟区,37.47,deep,1.0,0.0,0.0,0.0,False,False,none,False,79,,False
2019-12,2019,12,房山区,10.18,shallow,1.0,0.09858,0.09858,0.09858,False,True,B3,True,261,,False
2019-12,2019,12,房山区,10.18,central,1.0,0.09858,0.09858,0.09858,False,True,B3,False,261,,False
2019-12,2019,12,房山区,10.18,deep,1.0,0.491026,0.491026,0.491026,False,True,B2,False,261,,False
2019-12,2019,12,通州区,9.56,shallow,0.9473684210526316,0.056312,0.0533482105263158,0.056312,False,True,B3,False,351,,False
2019-12,2019,12,通州区,9.56,central,0.9473684210526316,0.056312,0.0533482105263158,0.056312,False,True,B3,False,351,,False
2019-12,2019,12,通州区,9.56,deep,0.9473684210526316,0.437462,0.41443768421052635,0.437462,False,True,B2,False,351,,False
2019-12,2019,12,顺义区,30.95,shallow,1.0,0.0,0.0,0.0,False,False,none,False,197,,False
2019-12,2019,12,顺义区,30.95,central,1.0,0.0,0.0,0.0,False,False,none,False,197,,False
2019-12,2019,12,顺义区,30.95,deep,1.0,0.0,0.0,0.0,False,False,none,False,197,,False
2019-12,2019,12,昌平区,28.68,shallow,1.0,0.0,0.0,0.0,False,False,none,False,475,,False
2019-12,2019,12,昌平区,28.68,central,1.0,0.0,0.0,0.0,False,False,none,False,475,,False
2019-12,2019,12,昌平区,28.68,deep,1.0,0.0,0.0,0.0,False,False,none,False,475,,False
2019-12,2019,12,大兴区,17.9,shallow,0.9487922705314008,0.0,0.0,0.0,False,False,none,False,790,,False
2019-12,2019,12,大兴区,17.9,central,0.9487922705314008,0.0,0.0,0.0,False,False,none,False,790,,False
2019-12,2019,12,大兴区,17.9,deep,0.9487922705314008,0.009993,0.009481281159420289,0.009993,False,True,B4,False,790,,False
2019-12,2019,12,怀柔区,17.48,shallow,0.9904761904761904,0.0,0.0,0.0,False,False,none,False,93,,False
2019-12,2019,12,怀柔区,17.48,central,0.9904761904761904,0.0,0.0,0.0,False,False,none,False,93,,False
2019-12,2019,12,怀柔区,17.48,deep,0.9904761904761904,0.0,0.0,0.0,False,False,none,False,93,,False
2019-12,2019,12,平谷区,30.85,shallow,1.0,0.0,0.0,0.0,False,False,none,False,17,,False
2019-12,2019,12,平谷区,30.85,central,1.0,0.0,0.0,0.0,False,False,none,False,17,,False
2019-12,2019,12,平谷区,30.85,deep,1.0,0.0,0.0,0.0,False,False,none,False,17,,False
2019-12,2019,12,密云区,24.38,shallow,0.95625,0.0,0.0,0.0,False,False,none,False,94,,False
2019-12,2019,12,密云区,24.38,central,0.95625,0.0,0.0,0.0,False,False,none,False,94,,False
2019-12,2019,12,密云区,24.38,deep,0.95625,0.0,0.0,0.0,False,False,none,False,94,,False
2019-12,2019,12,延庆区,9.11,shallow,0.9555555555555556,0.020419,0.01951148888888889,0.020419,False,True,B3,False,39,,False
2019-12,2019,12,延庆区,9.11,central,0.9555555555555556,0.020419,0.01951148888888889,0.020419,False,True,B3,True,39,,False
2019-12,2019,12,延庆区,9.11,deep,0.9555555555555556,0.18273799999999998,0.17461631111111112,0.18273799999999998,False,True,B2,False,39,,False
2020-01,2020,1,朝阳区,31.11,shallow,1.0,0.0,0.0,0.0,False,False,none,False,52,,False
2020-01,2020,1,朝阳区,31.11,central,1.0,0.0,0.0,0.0,False,False,none,False,52,,False
2020-01,2020,1,朝阳区,31.11,deep,1.0,0.0,0.0,0.0,False,False,none,False,52,,False
2020-01,2020,1,海淀区,25.57,shallow,1.0,0.0,0.0,0.0,False,False,none,False,183,,False
2020-01,2020,1,海淀区,25.57,central,1.0,0.0,0.0,0.0,False,False,none,False,183,,False
2020-01,2020,1,海淀区,25.57,deep,1.0,0.0,0.0,0.0,False,False,none,False,183,,False
2020-01,2020,1,丰台区,21.76,shallow,1.0,0.0,0.0,0.0,False,False,none,False,246,,False
2020-01,2020,1,丰台区,21.76,central,1.0,0.0,0.0,0.0,False,False,none,False,246,,False
2020-01,2020,1,丰台区,21.76,deep,1.0,0.031784,0.031784,0.031784,False,True,B4,True,246,,False
2020-01,2020,1,石景山区,23.55,shallow,1.0,0.0,0.0,0.0,False,False,none,False,90,,True
2020-01,2020,1,石景山区,23.55,central,1.0,0.0,0.0,0.0,False,False,none,False,90,,True
2020-01,2020,1,石景山区,23.55,deep,1.0,0.0,0.0,0.0,False,False,none,False,90,,True
2020-01,2020,1,门头沟区,38.29,shallow,1.0,0.0,0.0,0.0,False,False,none,False,79,,False
2020-01,2020,1,门头沟区,38.29,central,1.0,0.0,0.0,0.0,False,False,none,False,79,,False
2020-01,2020,1,门头沟区,38.29,deep,1.0,0.0,0.0,0.0,False,False,none,False,79,,False
2020-01,2020,1,房山区,10.05,shallow,1.0,0.09858,0.09858,0.09858,False,True,B3,True,261,,False
2020-01,2020,1,房山区,10.05,central,1.0,0.09858,0.09858,0.09858,False,True,B3,False,261,,False
2020-01,2020,1,房山区,10.05,deep,1.0,0.491026,0.491026,0.491026,False,True,B2,False,261,,False
2020-01,2020,1,通州区,9.02,shallow,1.0,0.056312,0.056312,0.056312,False,True,B3,False,351,,False
2020-01,2020,1,通州区,9.02,central,1.0,0.056312,0.056312,0.056312,False,True,B3,True,351,,False
2020-01,2020,1,通州区,9.02,deep,1.0,0.437462,0.437462,0.437462,False,True,B2,False,351,,False
2020-01,2020,1,顺义区,29.98,shallow,1.0,0.0,0.0,0.0,False,False,none,False,197,,False
2020-01,2020,1,顺义区,29.98,central,1.0,0.0,0.0,0.0,False,False,none,False,197,,False
2020-01,2020,1,顺义区,29.98,deep,1.0,0.0,0.0,0.0,False,False,none,False,197,,False
2020-01,2020,1,昌平区,28.22,shallow,1.0,0.0,0.0,0.0,False,False,none,False,475,,False
2020-01,2020,1,昌平区,28.22,central,1.0,0.0,0.0,0.0,False,False,none,False,475,,False
2020-01,2020,1,昌平区,28.22,deep,1.0,0.0,0.0,0.0,False,False,none,False,475,,False
2020-01,2020,1,大兴区,17.26,shallow,1.0,0.0,0.0,0.0,False,False,none,False,790,,False
2020-01,2020,1,大兴区,17.26,central,1.0,0.0,0.0,0.0,False,False,none,True,790,,False
2020-01,2020,1,大兴区,17.26,deep,1.0,0.009993,0.009993,0.009993,False,True,B4,False,790,,False
2020-01,2020,1,怀柔区,17.73,shallow,1.0,0.0,0.0,0.0,False,False,none,False,93,,False
2020-01,2020,1,怀柔区,17.73,central,1.0,0.0,0.0,0.0,False,False,none,False,93,,False
2020-01,2020,1,怀柔区,17.73,deep,1.0,0.0,0.0,0.0,False,False,none,False,93,,False
2020-01,2020,1,平谷区,30.8,shallow,1.0,0.0,0.0,0.0,False,False,none,False,17,,False
2020-01,2020,1,平谷区,30.8,central,1.0,0.0,0.0,0.0,False,False,none,False,17,,False
2020-01,2020,1,平谷区,30.8,deep,1.0,0.0,0.0,0.0,False,False,none,False,17,,False
2020-01,2020,1,密云区,24.36,shallow,1.0,0.0,0.0,0.0,False,False,none,False,94,,False
2020-01,2020,1,密云区,24.36,central,1.0,0.0,0.0,0.0,False,False,none,False,94,,False
2020-01,2020,1,密云区,24.36,deep,1.0,0.0,0.0,0.0,False,False,none,False,94,,False
2020-01,2020,1,延庆区,8.56,shallow,1.0,0.020419,0.020419,0.020419,False,True,B3,False,39,,False
2020-01,2020,1,延庆区,8.56,central,1.0,0.18273799999999998,0.18273799999999998,0.18273799999999998,False,True,B2,True,39,,False
2020-01,2020,1,延庆区,8.56,deep,1.0,0.18273799999999998,0.18273799999999998,0.18273799999999998,False,True,B2,False,39,,False
2020-02,2020,2,朝阳区,30.56,shallow,1.0,0.0,0.0,0.0,False,False,none,False,52,,False
2020-02,2020,2,朝阳区,30.56,central,1.0,0.0,0.0,0.0,False,False,none,False,52,,False
2020-02,2020,2,朝阳区,30.56,deep,1.0,0.0,0.0,0.0,False,False,none,False,52,,False
2020-02,2020,2,海淀区,24.65,shallow,1.0,0.0,0.0,0.0,False,False,none,False,183,,False
2020-02,2020,2,海淀区,24.65,central,1.0,0.0,0.0,0.0,False,False,none,False,183,,False
2020-02,2020,2,海淀区,24.65,deep,1.0,0.0,0.0,0.0,False,False,none,False,183,,False
2020-02,2020,2,丰台区,21.71,shallow,1.0,0.0,0.0,0.0,False,False,none,False,246,,False
2020-02,2020,2,丰台区,21.71,central,1.0,0.0,0.0,0.0,False,False,none,False,246,,False
2020-02,2020,2,丰台区,21.71,deep,1.0,0.031784,0.031784,0.031784,False,True,B4,True,246,,False
2020-02,2020,2,石景山区,24.05,shallow,1.0,0.0,0.0,0.0,False,False,none,False,90,,True
2020-02,2020,2,石景山区,24.05,central,1.0,0.0,0.0,0.0,False,False,none,False,90,,True
2020-02,2020,2,石景山区,24.05,deep,1.0,0.0,0.0,0.0,False,False,none,False,90,,True
2020-02,2020,2,门头沟区,39.19,shallow,1.0,0.0,0.0,0.0,False,False,none,False,79,,False
2020-02,2020,2,门头沟区,39.19,central,1.0,0.0,0.0,0.0,False,False,none,False,79,,False
2020-02,2020,2,门头沟区,39.19,deep,1.0,0.0,0.0,0.0,False,False,none,False,79,,False
2020-02,2020,2,房山区,9.97,shallow,1.0,0.09858,0.09858,0.09858,False,True,B3,False,261,,False
2020-02,2020,2,房山区,9.97,central,1.0,0.09858,0.09858,0.09858,False,True,B3,False,261,,False
2020-02,2020,2,房山区,9.97,deep,1.0,0.491026,0.491026,0.491026,False,True,B2,False,261,,False
2020-02,2020,2,通州区,8.86,shallow,1.0,0.056312,0.056312,0.056312,False,True,B3,False,351,,False
2020-02,2020,2,通州区,8.86,central,1.0,0.437462,0.437462,0.437462,False,True,B2,True,351,,False
2020-02,2020,2,通州区,8.86,deep,1.0,0.437462,0.437462,0.437462,False,True,B2,False,351,,False
2020-02,2020,2,顺义区,29.37,shallow,1.0,0.0,0.0,0.0,False,False,none,False,197,,False
2020-02,2020,2,顺义区,29.37,central,1.0,0.0,0.0,0.0,False,False,none,False,197,,False
2020-02,2020,2,顺义区,29.37,deep,1.0,0.0,0.0,0.0,False,False,none,False,197,,False
2020-02,2020,2,昌平区,27.65,shallow,1.0,0.0,0.0,0.0,False,False,none,False,475,,False
2020-02,2020,2,昌平区,27.65,central,1.0,0.0,0.0,0.0,False,False,none,False,475,,False
2020-02,2020,2,昌平区,27.65,deep,1.0,0.0,0.0,0.0,False,False,none,False,475,,False
2020-02,2020,2,大兴区,16.89,shallow,1.0,0.0,0.0,0.0,False,False,none,False,790,,False
2020-02,2020,2,大兴区,16.89,central,1.0,0.009993,0.009993,0.009993,False,True,B4,True,790,,False
2020-02,2020,2,大兴区,16.89,deep,1.0,0.009993,0.009993,0.009993,False,True,B4,True,790,,False
2020-02,2020,2,怀柔区,17.88,shallow,1.0,0.0,0.0,0.0,False,False,none,False,93,,False
2020-02,2020,2,怀柔区,17.88,central,1.0,0.0,0.0,0.0,False,False,none,False,93,,False
2020-02,2020,2,怀柔区,17.88,deep,1.0,0.0,0.0,0.0,False,False,none,False,93,,False
2020-02,2020,2,平谷区,30.7,shallow,1.0,0.0,0.0,0.0,False,False,none,False,17,,False
2020-02,2020,2,平谷区,30.7,central,1.0,0.0,0.0,0.0,False,False,none,False,17,,False
2020-02,2020,2,平谷区,30.7,deep,1.0,0.0,0.0,0.0,False,False,none,False,17,,False
2020-02,2020,2,密云区,24.51,shallow,1.0,0.0,0.0,0.0,False,False,none,False,94,,False
2020-02,2020,2,密云区,24.51,central,1.0,0.0,0.0,0.0,False,False,none,False,94,,False
2020-02,2020,2,密云区,24.51,deep,1.0,0.0,0.0,0.0,False,False,none,False,94,,False
2020-02,2020,2,延庆区,8.37,shallow,1.0,0.020419,0.020419,0.020419,False,True,B3,False,39,,False
2020-02,2020,2,延庆区,8.37,central,1.0,0.18273799999999998,0.18273799999999998,0.18273799999999998,False,True,B2,False,39,,False
2020-02,2020,2,延庆区,8.37,deep,1.0,0.18273799999999998,0.18273799999999998,0.18273799999999998,False,True,B2,False,39,,False
2020-03,2020,3,朝阳区,30.19,shallow,1.0,0.0,0.0,0.0,False,False,none,False,52,,False
2020-03,2020,3,朝阳区,30.19,central,1.0,0.0,0.0,0.0,False,False,none,False,52,,False
2020-03,2020,3,朝阳区,30.19,deep,1.0,0.0,0.0,0.0,False,False,none,False,52,,False
2020-03,2020,3,海淀区,24.39,shallow,1.0,0.0,0.0,0.0,False,False,none,False,183,,False
2020-03,2020,3,海淀区,24.39,central,1.0,0.0,0.0,0.0,False,False,none,False,183,,False
2020-03,2020,3,海淀区,24.39,deep,1.0,0.0,0.0,0.0,False,False,none,False,183,,False
2020-03,2020,3,丰台区,21.74,shallow,1.0,0.0,0.0,0.0,False,False,none,False,246,,False
2020-03,2020,3,丰台区,21.74,central,1.0,0.0,0.0,0.0,False,False,none,False,246,,False
2020-03,2020,3,丰台区,21.74,deep,1.0,0.031784,0.031784,0.031784,False,True,B4,True,246,,False
2020-03,2020,3,石景山区,23.91,shallow,1.0,0.0,0.0,0.0,False,False,none,False,90,,True
2020-03,2020,3,石景山区,23.91,central,1.0,0.0,0.0,0.0,False,False,none,False,90,,True
2020-03,2020,3,石景山区,23.91,deep,1.0,0.0,0.0,0.0,False,False,none,False,90,,True
2020-03,2020,3,门头沟区,40.0,shallow,1.0,0.0,0.0,0.0,False,False,none,False,79,,False
2020-03,2020,3,门头沟区,40.0,central,1.0,0.0,0.0,0.0,False,False,none,False,79,,False
2020-03,2020,3,门头沟区,40.0,deep,1.0,0.0,0.0,0.0,False,False,none,False,79,,False
2020-03,2020,3,房山区,9.71,shallow,1.0,0.09858,0.09858,0.09858,False,True,B3,False,261,,False
2020-03,2020,3,房山区,9.71,central,1.0,0.09858,0.09858,0.09858,False,True,B3,False,261,,False
2020-03,2020,3,房山区,9.71,deep,1.0,0.491026,0.491026,0.491026,False,True,B2,False,261,,False
2020-03,2020,3,通州区,8.78,shallow,1.0,0.056312,0.056312,0.056312,False,True,B3,False,351,,False
2020-03,2020,3,通州区,8.78,central,1.0,0.437462,0.437462,0.437462,False,True,B2,True,351,,False
2020-03,2020,3,通州区,8.78,deep,1.0,0.437462,0.437462,0.437462,False,True,B2,False,351,,False
2020-03,2020,3,顺义区,28.85,shallow,1.0,0.0,0.0,0.0,False,False,none,False,197,,False
2020-03,2020,3,顺义区,28.85,central,1.0,0.0,0.0,0.0,False,False,none,False,197,,False
2020-03,2020,3,顺义区,28.85,deep,1.0,0.0,0.0,0.0,False,False,none,False,197,,False
2020-03,2020,3,昌平区,27.34,shallow,1.0,0.0,0.0,0.0,False,False,none,False,475,,False
2020-03,2020,3,昌平区,27.34,central,1.0,0.0,0.0,0.0,False,False,none,False,475,,False
2020-03,2020,3,昌平区,27.34,deep,1.0,0.0,0.0,0.0,False,False,none,False,475,,False
2020-03,2020,3,大兴区,16.74,shallow,1.0,0.0,0.0,0.0,False,False,none,False,790,,False
2020-03,2020,3,大兴区,16.74,central,1.0,0.009993,0.009993,0.009993,False,True,B4,True,790,,False
2020-03,2020,3,大兴区,16.74,deep,1.0,0.009993,0.009993,0.009993,False,True,B4,True,790,,False
2020-03,2020,3,怀柔区,17.91,shallow,1.0,0.0,0.0,0.0,False,False,none,False,93,,False
2020-03,2020,3,怀柔区,17.91,central,1.0,0.0,0.0,0.0,False,False,none,False,93,,False
2020-03,2020,3,怀柔区,17.91,deep,1.0,0.0,0.0,0.0,False,False,none,False,93,,False
2020-03,2020,3,平谷区,30.48,shallow,1.0,0.0,0.0,0.0,False,False,none,False,17,,False
2020-03,2020,3,平谷区,30.48,central,1.0,0.0,0.0,0.0,False,False,none,False,17,,False
2020-03,2020,3,平谷区,30.48,deep,1.0,0.0,0.0,0.0,False,False,none,False,17,,False
2020-03,2020,3,密云区,24.6,shallow,1.0,0.0,0.0,0.0,False,False,none,False,94,,False
2020-03,2020,3,密云区,24.6,central,1.0,0.0,0.0,0.0,False,False,none,False,94,,False
2020-03,2020,3,密云区,24.6,deep,1.0,0.0,0.0,0.0,False,False,none,False,94,,False
2020-03,2020,3,延庆区,8.16,shallow,1.0,0.020419,0.020419,0.020419,False,True,B3,False,39,,False
2020-03,2020,3,延庆区,8.16,central,1.0,0.18273799999999998,0.18273799999999998,0.18273799999999998,False,True,B2,False,39,,False
2020-03,2020,3,延庆区,8.16,deep,1.0,0.18273799999999998,0.18273799999999998,0.18273799999999998,False,True,B2,False,39,,False
2020-04,2020,4,朝阳区,30.33,shallow,1.0,0.0,0.0,0.0,False,False,none,False,52,,False
2020-04,2020,4,朝阳区,30.33,central,1.0,0.0,0.0,0.0,False,False,none,False,52,,False
2020-04,2020,4,朝阳区,30.33,deep,1.0,0.0,0.0,0.0,False,False,none,False,52,,False
2020-04,2020,4,海淀区,24.88,shallow,1.0,0.0,0.0,0.0,False,False,none,False,183,,False
2020-04,2020,4,海淀区,24.88,central,1.0,0.0,0.0,0.0,False,False,none,False,183,,False
2020-04,2020,4,海淀区,24.88,deep,1.0,0.0,0.0,0.0,False,False,none,False,183,,False
2020-04,2020,4,丰台区,21.87,shallow,1.0,0.0,0.0,0.0,False,False,none,False,246,,False
2020-04,2020,4,丰台区,21.87,central,1.0,0.0,0.0,0.0,False,False,none,False,246,,False
2020-04,2020,4,丰台区,21.87,deep,1.0,0.031784,0.031784,0.031784,False,True,B4,True,246,,False
2020-04,2020,4,石景山区,23.95,shallow,1.0,0.0,0.0,0.0,False,False,none,False,90,,True
2020-04,2020,4,石景山区,23.95,central,1.0,0.0,0.0,0.0,False,False,none,False,90,,True
2020-04,2020,4,石景山区,23.95,deep,1.0,0.0,0.0,0.0,False,False,none,False,90,,True
2020-04,2020,4,门头沟区,40.86,shallow,1.0,0.0,0.0,0.0,False,False,none,False,79,,False
2020-04,2020,4,门头沟区,40.86,central,1.0,0.0,0.0,0.0,False,False,none,False,79,,False
2020-04,2020,4,门头沟区,40.86,deep,1.0,0.0,0.0,0.0,False,False,none,False,79,,False
2020-04,2020,4,房山区,10.1,shallow,1.0,0.09858,0.09858,0.09858,False,True,B3,True,261,,False
2020-04,2020,4,房山区,10.1,central,1.0,0.09858,0.09858,0.09858,False,True,B3,False,261,,False
2020-04,2020,4,房山区,10.1,deep,1.0,0.491026,0.491026,0.491026,False,True,B2,False,261,,False
2020-04,2020,4,通州区,9.65,shallow,1.0,0.056312,0.056312,0.056312,False,True,B3,False,351,,False
2020-04,2020,4,通州区,9.65,central,1.0,0.056312,0.056312,0.056312,False,True,B3,False,351,,False
2020-04,2020,4,通州区,9.65,deep,1.0,0.437462,0.437462,0.437462,False,True,B2,False,351,,False
2020-04,2020,4,顺义区,29.86,shallow,1.0,0.0,0.0,0.0,False,False,none,False,197,,False
2020-04,2020,4,顺义区,29.86,central,1.0,0.0,0.0,0.0,False,False,none,False,197,,False
2020-04,2020,4,顺义区,29.86,deep,1.0,0.0,0.0,0.0,False,False,none,False,197,,False
2020-04,2020,4,昌平区,27.77,shallow,1.0,0.0,0.0,0.0,False,False,none,False,475,,False
2020-04,2020,4,昌平区,27.77,central,1.0,0.0,0.0,0.0,False,False,none,False,475,,False
2020-04,2020,4,昌平区,27.77,deep,1.0,0.0,0.0,0.0,False,False,none,False,475,,False
2020-04,2020,4,大兴区,17.58,shallow,1.0,0.0,0.0,0.0,False,False,none,False,790,,False
2020-04,2020,4,大兴区,17.58,central,1.0,0.0,0.0,0.0,False,False,none,False,790,,False
2020-04,2020,4,大兴区,17.58,deep,1.0,0.009993,0.009993,0.009993,False,True,B4,False,790,,False
2020-04,2020,4,怀柔区,19.78,shallow,1.0,0.0,0.0,0.0,False,False,none,False,93,,False
2020-04,2020,4,怀柔区,19.78,central,1.0,0.0,0.0,0.0,False,False,none,False,93,,False
2020-04,2020,4,怀柔区,19.78,deep,1.0,0.0,0.0,0.0,False,False,none,False,93,,False
2020-04,2020,4,平谷区,31.11,shallow,1.0,0.0,0.0,0.0,False,False,none,False,17,,False
2020-04,2020,4,平谷区,31.11,central,1.0,0.0,0.0,0.0,False,False,none,False,17,,False
2020-04,2020,4,平谷区,31.11,deep,1.0,0.0,0.0,0.0,False,False,none,False,17,,False
2020-04,2020,4,密云区,24.82,shallow,1.0,0.0,0.0,0.0,False,False,none,False,94,,False
2020-04,2020,4,密云区,24.82,central,1.0,0.0,0.0,0.0,False,False,none,False,94,,False
2020-04,2020,4,密云区,24.82,deep,1.0,0.0,0.0,0.0,False,False,none,False,94,,False
2020-04,2020,4,延庆区,8.35,shallow,1.0,0.020419,0.020419,0.020419,False,True,B3,False,39,,False
2020-04,2020,4,延庆区,8.35,central,1.0,0.18273799999999998,0.18273799999999998,0.18273799999999998,False,True,B2,False,39,,False
2020-04,2020,4,延庆区,8.35,deep,1.0,0.18273799999999998,0.18273799999999998,0.18273799999999998,False,True,B2,False,39,,False
2020-05,2020,5,朝阳区,30.41,shallow,1.0,0.0,0.0,0.0,False,False,none,False,52,,False
2020-05,2020,5,朝阳区,30.41,central,1.0,0.0,0.0,0.0,False,False,none,False,52,,False
2020-05,2020,5,朝阳区,30.41,deep,1.0,0.0,0.0,0.0,False,False,none,False,52,,False
2020-05,2020,5,海淀区,25.6,shallow,1.0,0.0,0.0,0.0,False,False,none,False,183,,False
2020-05,2020,5,海淀区,25.6,central,1.0,0.0,0.0,0.0,False,False,none,False,183,,False
2020-05,2020,5,海淀区,25.6,deep,1.0,0.0,0.0,0.0,False,False,none,False,183,,False
2020-05,2020,5,丰台区,21.98,shallow,1.0,0.0,0.0,0.0,False,False,none,False,246,,False
2020-05,2020,5,丰台区,21.98,central,1.0,0.0,0.0,0.0,False,False,none,False,246,,False
2020-05,2020,5,丰台区,21.98,deep,1.0,0.031784,0.031784,0.031784,False,True,B4,True,246,,False
2020-05,2020,5,石景山区,24.23,shallow,1.0,0.0,0.0,0.0,False,False,none,False,90,,True
2020-05,2020,5,石景山区,24.23,central,1.0,0.0,0.0,0.0,False,False,none,False,90,,True
2020-05,2020,5,石景山区,24.23,deep,1.0,0.0,0.0,0.0,False,False,none,False,90,,True
2020-05,2020,5,门头沟区,41.16,shallow,1.0,0.0,0.0,0.0,False,False,none,False,79,,False
2020-05,2020,5,门头沟区,41.16,central,1.0,0.0,0.0,0.0,False,False,none,False,79,,False
2020-05,2020,5,门头沟区,41.16,deep,1.0,0.0,0.0,0.0,False,False,none,False,79,,False
2020-05,2020,5,房山区,10.7,shallow,1.0,0.0,0.0,0.0,False,False,none,True,261,,False
2020-05,2020,5,房山区,10.7,central,1.0,0.09858,0.09858,0.09858,False,True,B3,False,261,,False
2020-05,2020,5,房山区,10.7,deep,1.0,0.491026,0.491026,0.491026,False,True,B2,True,261,,False
2020-05,2020,5,通州区,10.27,shallow,1.0,0.056312,0.056312,0.056312,False,True,B3,True,351,,False
2020-05,2020,5,通州区,10.27,central,1.0,0.056312,0.056312,0.056312,False,True,B3,False,351,,False
2020-05,2020,5,通州区,10.27,deep,1.0,0.437462,0.437462,0.437462,False,True,B2,False,351,,False
2020-05,2020,5,顺义区,31.2,shallow,1.0,0.0,0.0,0.0,False,False,none,False,197,,False
2020-05,2020,5,顺义区,31.2,central,1.0,0.0,0.0,0.0,False,False,none,False,197,,False
2020-05,2020,5,顺义区,31.2,deep,1.0,0.0,0.0,0.0,False,False,none,False,197,,False
2020-05,2020,5,昌平区,28.66,shallow,1.0,0.0,0.0,0.0,False,False,none,False,475,,False
2020-05,2020,5,昌平区,28.66,central,1.0,0.0,0.0,0.0,False,False,none,False,475,,False
2020-05,2020,5,昌平区,28.66,deep,1.0,0.0,0.0,0.0,False,False,none,False,475,,False
2020-05,2020,5,大兴区,18.2,shallow,1.0,0.0,0.0,0.0,False,False,none,False,790,,False
2020-05,2020,5,大兴区,18.2,central,1.0,0.0,0.0,0.0,False,False,none,False,790,,False
2020-05,2020,5,大兴区,18.2,deep,1.0,0.009993,0.009993,0.009993,False,True,B4,False,790,,False
2020-05,2020,5,怀柔区,19.97,shallow,1.0,0.0,0.0,0.0,False,False,none,False,93,,False
2020-05,2020,5,怀柔区,19.97,central,1.0,0.0,0.0,0.0,False,False,none,False,93,,False
2020-05,2020,5,怀柔区,19.97,deep,1.0,0.0,0.0,0.0,False,False,none,False,93,,False
2020-05,2020,5,平谷区,32.46,shallow,1.0,0.0,0.0,0.0,False,False,none,False,17,,False
2020-05,2020,5,平谷区,32.46,central,1.0,0.0,0.0,0.0,False,False,none,False,17,,False
2020-05,2020,5,平谷区,32.46,deep,1.0,0.0,0.0,0.0,False,False,none,False,17,,False
2020-05,2020,5,密云区,24.85,shallow,1.0,0.0,0.0,0.0,False,False,none,False,94,,False
2020-05,2020,5,密云区,24.85,central,1.0,0.0,0.0,0.0,False,False,none,False,94,,False
2020-05,2020,5,密云区,24.85,deep,1.0,0.0,0.0,0.0,False,False,none,False,94,,False
2020-05,2020,5,延庆区,10.4,shallow,1.0,0.020419,0.020419,0.020419,False,True,B3,True,39,,False
2020-05,2020,5,延庆区,10.4,central,1.0,0.020419,0.020419,0.020419,False,True,B3,False,39,,False
2020-05,2020,5,延庆区,10.4,deep,1.0,0.18273799999999998,0.18273799999999998,0.18273799999999998,False,True,B2,False,39,,False
2020-06,2020,6,朝阳区,30.49,shallow,1.0,0.0,0.0,0.0,False,False,none,False,52,,False
2020-06,2020,6,朝阳区,30.49,central,1.0,0.0,0.0,0.0,False,False,none,False,52,,False
2020-06,2020,6,朝阳区,30.49,deep,1.0,0.0,0.0,0.0,False,False,none,False,52,,False
2020-06,2020,6,海淀区,25.56,shallow,1.0,0.0,0.0,0.0,False,False,none,False,183,,False
2020-06,2020,6,海淀区,25.56,central,1.0,0.0,0.0,0.0,False,False,none,False,183,,False
2020-06,2020,6,海淀区,25.56,deep,1.0,0.0,0.0,0.0,False,False,none,False,183,,False
2020-06,2020,6,丰台区,20.73,shallow,1.0,0.0,0.0,0.0,False,False,none,False,246,,False
2020-06,2020,6,丰台区,20.73,central,1.0,0.0,0.0,0.0,False,False,none,False,246,,False
2020-06,2020,6,丰台区,20.73,deep,1.0,0.031784,0.031784,0.031784,False,True,B4,False,246,,False
2020-06,2020,6,石景山区,24.13,shallow,1.0,0.0,0.0,0.0,False,False,none,False,90,,True
2020-06,2020,6,石景山区,24.13,central,1.0,0.0,0.0,0.0,False,False,none,False,90,,True
2020-06,2020,6,石景山区,24.13,deep,1.0,0.0,0.0,0.0,False,False,none,False,90,,True
2020-06,2020,6,门头沟区,38.06,shallow,1.0,0.0,0.0,0.0,False,False,none,False,79,,False
2020-06,2020,6,门头沟区,38.06,central,1.0,0.0,0.0,0.0,False,False,none,False,79,,False
2020-06,2020,6,门头沟区,38.06,deep,1.0,0.0,0.0,0.0,False,False,none,False,79,,False
2020-06,2020,6,房山区,11.09,shallow,1.0,0.0,0.0,0.0,False,False,none,False,261,,False
2020-06,2020,6,房山区,11.09,central,1.0,0.09858,0.09858,0.09858,False,True,B3,False,261,,False
2020-06,2020,6,房山区,11.09,deep,1.0,0.09858,0.09858,0.09858,False,True,B3,True,261,,False
2020-06,2020,6,通州区,10.08,shallow,1.0,0.056312,0.056312,0.056312,False,True,B3,True,351,,False
2020-06,2020,6,通州区,10.08,central,1.0,0.056312,0.056312,0.056312,False,True,B3,False,351,,False
2020-06,2020,6,通州区,10.08,deep,1.0,0.437462,0.437462,0.437462,False,True,B2,False,351,,False
2020-06,2020,6,顺义区,31.11,shallow,1.0,0.0,0.0,0.0,False,False,none,False,197,,False
2020-06,2020,6,顺义区,31.11,central,1.0,0.0,0.0,0.0,False,False,none,False,197,,False
2020-06,2020,6,顺义区,31.11,deep,1.0,0.0,0.0,0.0,False,False,none,False,197,,False
2020-06,2020,6,昌平区,28.99,shallow,1.0,0.0,0.0,0.0,False,False,none,False,475,,False
2020-06,2020,6,昌平区,28.99,central,1.0,0.0,0.0,0.0,False,False,none,False,475,,False
2020-06,2020,6,昌平区,28.99,deep,1.0,0.0,0.0,0.0,False,False,none,False,475,,False
2020-06,2020,6,大兴区,18.13,shallow,1.0,0.0,0.0,0.0,False,False,none,False,790,,False
2020-06,2020,6,大兴区,18.13,central,1.0,0.0,0.0,0.0,False,False,none,False,790,,False
2020-06,2020,6,大兴区,18.13,deep,1.0,0.009993,0.009993,0.009993,False,True,B4,False,790,,False
2020-06,2020,6,怀柔区,20.28,shallow,1.0,0.0,0.0,0.0,False,False,none,False,93,,False
2020-06,2020,6,怀柔区,20.28,central,1.0,0.0,0.0,0.0,False,False,none,False,93,,False
2020-06,2020,6,怀柔区,20.28,deep,1.0,0.0,0.0,0.0,False,False,none,False,93,,False
2020-06,2020,6,平谷区,33.18,shallow,1.0,0.0,0.0,0.0,False,False,none,False,17,,False
2020-06,2020,6,平谷区,33.18,central,1.0,0.0,0.0,0.0,False,False,none,False,17,,False
2020-06,2020,6,平谷区,33.18,deep,1.0,0.0,0.0,0.0,False,False,none,False,17,,False
2020-06,2020,6,密云区,25.01,shallow,1.0,0.0,0.0,0.0,False,False,none,False,94,,False
2020-06,2020,6,密云区,25.01,central,1.0,0.0,0.0,0.0,False,False,none,False,94,,False
2020-06,2020,6,密云区,25.01,deep,1.0,0.0,0.0,0.0,False,False,none,False,94,,False
2020-06,2020,6,延庆区,9.92,shallow,1.0,0.020419,0.020419,0.020419,False,True,B3,False,39,,False
2020-06,2020,6,延庆区,9.92,central,1.0,0.020419,0.020419,0.020419,False,True,B3,False,39,,False
2020-06,2020,6,延庆区,9.92,deep,1.0,0.18273799999999998,0.18273799999999998,0.18273799999999998,False,True,B2,False,39,,False
2020-07,2020,7,朝阳区,31.06,shallow,1.0,0.0,0.0,0.0,False,False,none,False,52,,False
2020-07,2020,7,朝阳区,31.06,central,1.0,0.0,0.0,0.0,False,False,none,False,52,,False
2020-07,2020,7,朝阳区,31.06,deep,1.0,0.0,0.0,0.0,False,False,none,False,52,,False
2020-07,2020,7,海淀区,26.415,shallow,1.0,0.0,0.0,0.0,False,False,none,False,183,,False
2020-07,2020,7,海淀区,26.415,central,1.0,0.0,0.0,0.0,False,False,none,False,183,,False
2020-07,2020,7,海淀区,26.415,deep,1.0,0.0,0.0,0.0,False,False,none,False,183,,False
2020-07,2020,7,丰台区,20.56,shallow,1.0,0.0,0.0,0.0,False,False,none,False,246,,False
2020-07,2020,7,丰台区,20.56,central,1.0,0.0,0.0,0.0,False,False,none,False,246,,False
2020-07,2020,7,丰台区,20.56,deep,1.0,0.031784,0.031784,0.031784,False,True,B4,False,246,,False
2020-07,2020,7,石景山区,30.135,shallow,1.0,0.0,0.0,0.0,False,False,none,False,90,,True
2020-07,2020,7,石景山区,30.135,central,1.0,0.0,0.0,0.0,False,False,none,False,90,,True
2020-07,2020,7,石景山区,30.135,deep,1.0,0.0,0.0,0.0,False,False,none,False,90,,True
2020-07,2020,7,门头沟区,38.43,shallow,1.0,0.0,0.0,0.0,False,False,none,False,79,,False
2020-07,2020,7,门头沟区,38.43,central,1.0,0.0,0.0,0.0,False,False,none,False,79,,False
2020-07,2020,7,门头沟区,38.43,deep,1.0,0.0,0.0,0.0,False,False,none,False,79,,False
2020-07,2020,7,房山区,11.09,shallow,1.0,0.0,0.0,0.0,False,False,none,False,261,,False
2020-07,2020,7,房山区,11.09,central,1.0,0.09858,0.09858,0.09858,False,True,B3,False,261,,False
2020-07,2020,7,房山区,11.09,deep,1.0,0.09858,0.09858,0.09858,False,True,B3,True,261,,False
2020-07,2020,7,通州区,9.875,shallow,1.0,0.056312,0.056312,0.056312,False,True,B3,False,351,,False
2020-07,2020,7,通州区,9.875,central,1.0,0.056312,0.056312,0.056312,False,True,B3,False,351,,False
2020-07,2020,7,通州区,9.875,deep,1.0,0.437462,0.437462,0.437462,False,True,B2,False,351,,False
2020-07,2020,7,顺义区,31.89,shallow,1.0,0.0,0.0,0.0,False,False,none,False,197,,False
2020-07,2020,7,顺义区,31.89,central,1.0,0.0,0.0,0.0,False,False,none,False,197,,False
2020-07,2020,7,顺义区,31.89,deep,1.0,0.0,0.0,0.0,False,False,none,False,197,,False
2020-07,2020,7,昌平区,28.93,shallow,1.0,0.0,0.0,0.0,False,False,none,False,475,,False
2020-07,2020,7,昌平区,28.93,central,1.0,0.0,0.0,0.0,False,False,none,False,475,,False
2020-07,2020,7,昌平区,28.93,deep,1.0,0.0,0.0,0.0,False,False,none,False,475,,False
2020-07,2020,7,大兴区,18.36,shallow,1.0,0.0,0.0,0.0,False,False,none,False,790,,False
2020-07,2020,7,大兴区,18.36,central,1.0,0.0,0.0,0.0,False,False,none,False,790,,False
2020-07,2020,7,大兴区,18.36,deep,1.0,0.009993,0.009993,0.009993,False,True,B4,False,790,,False
2020-07,2020,7,怀柔区,18.54,shallow,1.0,0.0,0.0,0.0,False,False,none,False,93,,False
2020-07,2020,7,怀柔区,18.54,central,1.0,0.0,0.0,0.0,False,False,none,False,93,,False
2020-07,2020,7,怀柔区,18.54,deep,1.0,0.0,0.0,0.0,False,False,none,False,93,,False
2020-07,2020,7,平谷区,36.14,shallow,1.0,0.0,0.0,0.0,False,False,none,False,17,,False
2020-07,2020,7,平谷区,36.14,central,1.0,0.0,0.0,0.0,False,False,none,False,17,,False
2020-07,2020,7,平谷区,36.14,deep,1.0,0.0,0.0,0.0,False,False,none,False,17,,False
2020-07,2020,7,密云区,25.035,shallow,1.0,0.0,0.0,0.0,False,False,none,False,94,,False
2020-07,2020,7,密云区,25.035,central,1.0,0.0,0.0,0.0,False,False,none,False,94,,False
2020-07,2020,7,密云区,25.035,deep,1.0,0.0,0.0,0.0,False,False,none,False,94,,False
2020-07,2020,7,延庆区,9.715,shallow,1.0,0.020419,0.020419,0.020419,False,True,B3,False,39,,False
2020-07,2020,7,延庆区,9.715,central,1.0,0.020419,0.020419,0.020419,False,True,B3,False,39,,False
2020-07,2020,7,延庆区,9.715,deep,1.0,0.18273799999999998,0.18273799999999998,0.18273799999999998,False,True,B2,False,39,,False
2020-08,2020,8,东城区,25.28,shallow,1.0,0.0,0.0,0.0,False,False,none,False,126,,False
2020-08,2020,8,东城区,25.28,central,1.0,0.0,0.0,0.0,False,False,none,False,126,,False
2020-08,2020,8,东城区,25.28,deep,1.0,0.0,0.0,0.0,False,False,none,False,126,,False
2020-08,2020,8,西城区,25.79,shallow,1.0,0.0,0.0,0.0,False,False,none,False,122,,False
2020-08,2020,8,西城区,25.79,central,1.0,0.0,0.0,0.0,False,False,none,False,122,,False
2020-08,2020,8,西城区,25.79,deep,1.0,0.0,0.0,0.0,False,False,none,False,122,,False
2020-08,2020,8,朝阳区,30.9,shallow,1.0,0.0,0.0,0.0,False,False,none,False,52,,False
2020-08,2020,8,朝阳区,30.9,central,1.0,0.0,0.0,0.0,False,False,none,False,52,,False
2020-08,2020,8,朝阳区,30.9,deep,1.0,0.0,0.0,0.0,False,False,none,False,52,,False
2020-08,2020,8,海淀区,26.52,shallow,1.0,0.0,0.0,0.0,False,False,none,False,183,,False
2020-08,2020,8,海淀区,26.52,central,1.0,0.0,0.0,0.0,False,False,none,False,183,,False
2020-08,2020,8,海淀区,26.52,deep,1.0,0.0,0.0,0.0,False,False,none,False,183,,False
2020-08,2020,8,丰台区,20.29,shallow,1.0,0.0,0.0,0.0,False,False,none,False,246,,False
2020-08,2020,8,丰台区,20.29,central,1.0,0.0,0.0,0.0,False,False,none,False,246,,False
2020-08,2020,8,丰台区,20.29,deep,1.0,0.031784,0.031784,0.031784,False,True,B4,False,246,,False
2020-08,2020,8,石景山区,36.84,shallow,1.0,0.0,0.0,0.0,False,False,none,False,90,,True
2020-08,2020,8,石景山区,36.84,central,1.0,0.0,0.0,0.0,False,False,none,False,90,,True
2020-08,2020,8,石景山区,36.84,deep,1.0,0.0,0.0,0.0,False,False,none,False,90,,True
2020-08,2020,8,门头沟区,38.2,shallow,1.0,0.0,0.0,0.0,False,False,none,False,79,,False
2020-08,2020,8,门头沟区,38.2,central,1.0,0.0,0.0,0.0,False,False,none,False,79,,False
2020-08,2020,8,门头沟区,38.2,deep,1.0,0.0,0.0,0.0,False,False,none,False,79,,False
2020-08,2020,8,房山区,9.38,shallow,1.0,0.09858,0.09858,0.09858,False,True,B3,False,261,,False
2020-08,2020,8,房山区,9.38,central,1.0,0.09858,0.09858,0.09858,False,True,B3,True,261,,False
2020-08,2020,8,房山区,9.38,deep,1.0,0.491026,0.491026,0.491026,False,True,B2,False,261,,False
2020-08,2020,8,通州区,7.6,shallow,1.0,0.056312,0.056312,0.056312,False,True,B3,False,351,,False
2020-08,2020,8,通州区,7.6,central,1.0,0.437462,0.437462,0.437462,False,True,B2,False,351,,False
2020-08,2020,8,通州区,7.6,deep,1.0,0.437462,0.437462,0.437462,False,True,B2,False,351,,False
2020-08,2020,8,顺义区,30.58,shallow,1.0,0.0,0.0,0.0,False,False,none,False,197,,False
2020-08,2020,8,顺义区,30.58,central,1.0,0.0,0.0,0.0,False,False,none,False,197,,False
2020-08,2020,8,顺义区,30.58,deep,1.0,0.0,0.0,0.0,False,False,none,False,197,,False
2020-08,2020,8,昌平区,27.68,shallow,1.0,0.0,0.0,0.0,False,False,none,False,475,,False
2020-08,2020,8,昌平区,27.68,central,1.0,0.0,0.0,0.0,False,False,none,False,475,,False
2020-08,2020,8,昌平区,27.68,deep,1.0,0.0,0.0,0.0,False,False,none,False,475,,False
2020-08,2020,8,大兴区,17.43,shallow,1.0,0.0,0.0,0.0,False,False,none,False,790,,False
2020-08,2020,8,大兴区,17.43,central,1.0,0.0,0.0,0.0,False,False,none,True,790,,False
2020-08,2020,8,大兴区,17.43,deep,1.0,0.009993,0.009993,0.009993,False,True,B4,False,790,,False
2020-08,2020,8,怀柔区,16.33,shallow,1.0,0.0,0.0,0.0,False,False,none,False,93,,False
2020-08,2020,8,怀柔区,16.33,central,1.0,0.0,0.0,0.0,False,False,none,False,93,,False
2020-08,2020,8,怀柔区,16.33,deep,1.0,0.031538,0.031538,0.031538,False,True,B3,True,93,,False
2020-08,2020,8,平谷区,36.41,shallow,1.0,0.0,0.0,0.0,False,False,none,False,17,,False
2020-08,2020,8,平谷区,36.41,central,1.0,0.0,0.0,0.0,False,False,none,False,17,,False
2020-08,2020,8,平谷区,36.41,deep,1.0,0.0,0.0,0.0,False,False,none,False,17,,False
2020-08,2020,8,密云区,24.8,shallow,1.0,0.0,0.0,0.0,False,False,none,False,94,,False
2020-08,2020,8,密云区,24.8,central,1.0,0.0,0.0,0.0,False,False,none,False,94,,False
2020-08,2020,8,密云区,24.8,deep,1.0,0.0,0.0,0.0,False,False,none,False,94,,False
2020-08,2020,8,延庆区,8.51,shallow,1.0,0.020419,0.020419,0.020419,False,True,B3,False,39,,False
2020-08,2020,8,延庆区,8.51,central,1.0,0.18273799999999998,0.18273799999999998,0.18273799999999998,False,True,B2,True,39,,False
2020-08,2020,8,延庆区,8.51,deep,1.0,0.18273799999999998,0.18273799999999998,0.18273799999999998,False,True,B2,False,39,,False
2020-09,2020,9,东城区,25.03,shallow,1.0,0.0,0.0,0.0,False,False,none,False,126,,False
2020-09,2020,9,东城区,25.03,central,1.0,0.0,0.0,0.0,False,False,none,False,126,,False
2020-09,2020,9,东城区,25.03,deep,1.0,0.0,0.0,0.0,False,False,none,False,126,,False
2020-09,2020,9,西城区,25.6,shallow,1.0,0.0,0.0,0.0,False,False,none,False,122,,False
2020-09,2020,9,西城区,25.6,central,1.0,0.0,0.0,0.0,False,False,none,False,122,,False
2020-09,2020,9,西城区,25.6,deep,1.0,0.0,0.0,0.0,False,False,none,False,122,,False
2020-09,2020,9,朝阳区,30.89,shallow,1.0,0.0,0.0,0.0,False,False,none,False,52,,False
2020-09,2020,9,朝阳区,30.89,central,1.0,0.0,0.0,0.0,False,False,none,False,52,,False
2020-09,2020,9,朝阳区,30.89,deep,1.0,0.0,0.0,0.0,False,False,none,False,52,,False
2020-09,2020,9,海淀区,26.38,shallow,1.0,0.0,0.0,0.0,False,False,none,False,183,,False
2020-09,2020,9,海淀区,26.38,central,1.0,0.0,0.0,0.0,False,False,none,False,183,,False
2020-09,2020,9,海淀区,26.38,deep,1.0,0.0,0.0,0.0,False,False,none,False,183,,False
2020-09,2020,9,丰台区,20.11,shallow,1.0,0.0,0.0,0.0,False,False,none,False,246,,False
2020-09,2020,9,丰台区,20.11,central,1.0,0.0,0.0,0.0,False,False,none,False,246,,False
2020-09,2020,9,丰台区,20.11,deep,1.0,0.031784,0.031784,0.031784,False,True,B4,False,246,,False
2020-09,2020,9,石景山区,36.65,shallow,1.0,0.0,0.0,0.0,False,False,none,False,90,,True
2020-09,2020,9,石景山区,36.65,central,1.0,0.0,0.0,0.0,False,False,none,False,90,,True
2020-09,2020,9,石景山区,36.65,deep,1.0,0.0,0.0,0.0,False,False,none,False,90,,True
2020-09,2020,9,门头沟区,37.75,shallow,1.0,0.0,0.0,0.0,False,False,none,False,79,,False
2020-09,2020,9,门头沟区,37.75,central,1.0,0.0,0.0,0.0,False,False,none,False,79,,False
2020-09,2020,9,门头沟区,37.75,deep,1.0,0.0,0.0,0.0,False,False,none,False,79,,False
2020-09,2020,9,房山区,9.39,shallow,1.0,0.09858,0.09858,0.09858,False,True,B3,False,261,,False
2020-09,2020,9,房山区,9.39,central,1.0,0.09858,0.09858,0.09858,False,True,B3,True,261,,False
2020-09,2020,9,房山区,9.39,deep,1.0,0.491026,0.491026,0.491026,False,True,B2,False,261,,False
2020-09,2020,9,通州区,7.52,shallow,1.0,0.056312,0.056312,0.056312,False,True,B3,False,351,,False
2020-09,2020,9,通州区,7.52,central,1.0,0.437462,0.437462,0.437462,False,True,B2,False,351,,False
2020-09,2020,9,通州区,7.52,deep,1.0,0.437462,0.437462,0.437462,False,True,B2,False,351,,False
2020-09,2020,9,顺义区,30.57,shallow,1.0,0.0,0.0,0.0,False,False,none,False,197,,False
2020-09,2020,9,顺义区,30.57,central,1.0,0.0,0.0,0.0,False,False,none,False,197,,False
2020-09,2020,9,顺义区,30.57,deep,1.0,0.0,0.0,0.0,False,False,none,False,197,,False
2020-09,2020,9,昌平区,27.89,shallow,1.0,0.0,0.0,0.0,False,False,none,False,475,,False
2020-09,2020,9,昌平区,27.89,central,1.0,0.0,0.0,0.0,False,False,none,False,475,,False
2020-09,2020,9,昌平区,27.89,deep,1.0,0.0,0.0,0.0,False,False,none,False,475,,False
2020-09,2020,9,大兴区,17.4,shallow,1.0,0.0,0.0,0.0,False,False,none,False,790,,False
2020-09,2020,9,大兴区,17.4,central,1.0,0.0,0.0,0.0,False,False,none,True,790,,False
2020-09,2020,9,大兴区,17.4,deep,1.0,0.009993,0.009993,0.009993,False,True,B4,False,790,,False
2020-09,2020,9,怀柔区,16.27,shallow,1.0,0.0,0.0,0.0,False,False,none,False,93,,False
2020-09,2020,9,怀柔区,16.27,central,1.0,0.0,0.0,0.0,False,False,none,False,93,,False
2020-09,2020,9,怀柔区,16.27,deep,1.0,0.031538,0.031538,0.031538,False,True,B3,True,93,,False
2020-09,2020,9,平谷区,36.53,shallow,1.0,0.0,0.0,0.0,False,False,none,False,17,,False
2020-09,2020,9,平谷区,36.53,central,1.0,0.0,0.0,0.0,False,False,none,False,17,,False
2020-09,2020,9,平谷区,36.53,deep,1.0,0.0,0.0,0.0,False,False,none,False,17,,False
2020-09,2020,9,密云区,24.44,shallow,1.0,0.0,0.0,0.0,False,False,none,False,94,,False
2020-09,2020,9,密云区,24.44,central,1.0,0.0,0.0,0.0,False,False,none,False,94,,False
2020-09,2020,9,密云区,24.44,deep,1.0,0.0,0.0,0.0,False,False,none,False,94,,False
2020-09,2020,9,延庆区,8.04,shallow,1.0,0.020419,0.020419,0.020419,False,True,B3,False,39,,False
2020-09,2020,9,延庆区,8.04,central,1.0,0.18273799999999998,0.18273799999999998,0.18273799999999998,False,True,B2,False,39,,False
2020-09,2020,9,延庆区,8.04,deep,1.0,0.18273799999999998,0.18273799999999998,0.18273799999999998,False,True,B2,False,39,,False
2020-10,2020,10,东城区,24.89,shallow,1.0,0.0,0.0,0.0,False,False,none,False,126,,False
2020-10,2020,10,东城区,24.89,central,1.0,0.0,0.0,0.0,False,False,none,False,126,,False
2020-10,2020,10,东城区,24.89,deep,1.0,0.0,0.0,0.0,False,False,none,False,126,,False
2020-10,2020,10,西城区,25.15,shallow,1.0,0.0,0.0,0.0,False,False,none,False,122,,False
2020-10,2020,10,西城区,25.15,central,1.0,0.0,0.0,0.0,False,False,none,False,122,,False
2020-10,2020,10,西城区,25.15,deep,1.0,0.0,0.0,0.0,False,False,none,False,122,,False
2020-10,2020,10,朝阳区,30.53,shallow,1.0,0.0,0.0,0.0,False,False,none,False,52,,False
2020-10,2020,10,朝阳区,30.53,central,1.0,0.0,0.0,0.0,False,False,none,False,52,,False
2020-10,2020,10,朝阳区,30.53,deep,1.0,0.0,0.0,0.0,False,False,none,False,52,,False
2020-10,2020,10,海淀区,26.46,shallow,1.0,0.0,0.0,0.0,False,False,none,False,183,,False
2020-10,2020,10,海淀区,26.46,central,1.0,0.0,0.0,0.0,False,False,none,False,183,,False
2020-10,2020,10,海淀区,26.46,deep,1.0,0.0,0.0,0.0,False,False,none,False,183,,False
2020-10,2020,10,丰台区,19.84,shallow,1.0,0.0,0.0,0.0,False,False,none,False,246,,False
2020-10,2020,10,丰台区,19.84,central,1.0,0.0,0.0,0.0,False,False,none,False,246,,False
2020-10,2020,10,丰台区,19.84,deep,1.0,0.031784,0.031784,0.031784,False,True,B4,False,246,,False
2020-10,2020,10,石景山区,35.83,shallow,1.0,0.0,0.0,0.0,False,False,none,False,90,,True
2020-10,2020,10,石景山区,35.83,central,1.0,0.0,0.0,0.0,False,False,none,False,90,,True
2020-10,2020,10,石景山区,35.83,deep,1.0,0.0,0.0,0.0,False,False,none,False,90,,True
2020-10,2020,10,门头沟区,36.74,shallow,1.0,0.0,0.0,0.0,False,False,none,False,79,,False
2020-10,2020,10,门头沟区,36.74,central,1.0,0.0,0.0,0.0,False,False,none,False,79,,False
2020-10,2020,10,门头沟区,36.74,deep,1.0,0.0,0.0,0.0,False,False,none,False,79,,False
2020-10,2020,10,房山区,9.44,shallow,1.0,0.09858,0.09858,0.09858,False,True,B3,False,261,,False
2020-10,2020,10,房山区,9.44,central,1.0,0.09858,0.09858,0.09858,False,True,B3,True,261,,False
2020-10,2020,10,房山区,9.44,deep,1.0,0.491026,0.491026,0.491026,False,True,B2,False,261,,False
2020-10,2020,10,通州区,7.71,shallow,1.0,0.056312,0.056312,0.056312,False,True,B3,False,351,,False
2020-10,2020,10,通州区,7.71,central,1.0,0.437462,0.437462,0.437462,False,True,B2,False,351,,False
2020-10,2020,10,通州区,7.71,deep,1.0,0.437462,0.437462,0.437462,False,True,B2,False,351,,False
2020-10,2020,10,顺义区,30.54,shallow,1.0,0.0,0.0,0.0,False,False,none,False,197,,False
2020-10,2020,10,顺义区,30.54,central,1.0,0.0,0.0,0.0,False,False,none,False,197,,False
2020-10,2020,10,顺义区,30.54,deep,1.0,0.0,0.0,0.0,False,False,none,False,197,,False
2020-10,2020,10,昌平区,27.75,shallow,1.0,0.0,0.0,0.0,False,False,none,False,475,,False
2020-10,2020,10,昌平区,27.75,central,1.0,0.0,0.0,0.0,False,False,none,False,475,,False
2020-10,2020,10,昌平区,27.75,deep,1.0,0.0,0.0,0.0,False,False,none,False,475,,False
2020-10,2020,10,大兴区,17.47,shallow,1.0,0.0,0.0,0.0,False,False,none,False,790,,False
2020-10,2020,10,大兴区,17.47,central,1.0,0.0,0.0,0.0,False,False,none,True,790,,False
2020-10,2020,10,大兴区,17.47,deep,1.0,0.009993,0.009993,0.009993,False,True,B4,False,790,,False
2020-10,2020,10,怀柔区,16.18,shallow,1.0,0.0,0.0,0.0,False,False,none,False,93,,False
2020-10,2020,10,怀柔区,16.18,central,1.0,0.0,0.0,0.0,False,False,none,False,93,,False
2020-10,2020,10,怀柔区,16.18,deep,1.0,0.031538,0.031538,0.031538,False,True,B3,True,93,,False
2020-10,2020,10,平谷区,36.54,shallow,1.0,0.0,0.0,0.0,False,False,none,False,17,,False
2020-10,2020,10,平谷区,36.54,central,1.0,0.0,0.0,0.0,False,False,none,False,17,,False
2020-10,2020,10,平谷区,36.54,deep,1.0,0.0,0.0,0.0,False,False,none,False,17,,False
2020-10,2020,10,密云区,24.63,shallow,1.0,0.0,0.0,0.0,False,False,none,False,94,,False
2020-10,2020,10,密云区,24.63,central,1.0,0.0,0.0,0.0,False,False,none,False,94,,False
2020-10,2020,10,密云区,24.63,deep,1.0,0.0,0.0,0.0,False,False,none,False,94,,False
2020-10,2020,10,延庆区,7.85,shallow,1.0,0.020419,0.020419,0.020419,False,True,B3,False,39,,False
2020-10,2020,10,延庆区,7.85,central,1.0,0.18273799999999998,0.18273799999999998,0.18273799999999998,False,True,B2,False,39,,False
2020-10,2020,10,延庆区,7.85,deep,1.0,0.18273799999999998,0.18273799999999998,0.18273799999999998,False,True,B2,False,39,,False
2020-11,2020,11,东城区,24.95,shallow,1.0,0.0,0.0,0.0,False,False,none,False,126,,False
2020-11,2020,11,东城区,24.95,central,1.0,0.0,0.0,0.0,False,False,none,False,126,,False
2020-11,2020,11,东城区,24.95,deep,1.0,0.0,0.0,0.0,False,False,none,False,126,,False
2020-11,2020,11,西城区,22.55,shallow,1.0,0.0,0.0,0.0,False,False,none,False,122,,False
2020-11,2020,11,西城区,22.55,central,1.0,0.0,0.0,0.0,False,False,none,False,122,,False
2020-11,2020,11,西城区,22.55,deep,1.0,0.0,0.0,0.0,False,False,none,False,122,,False
2020-11,2020,11,朝阳区,30.5,shallow,1.0,0.0,0.0,0.0,False,False,none,False,52,,False
2020-11,2020,11,朝阳区,30.5,central,1.0,0.0,0.0,0.0,False,False,none,False,52,,False
2020-11,2020,11,朝阳区,30.5,deep,1.0,0.0,0.0,0.0,False,False,none,False,52,,False
2020-11,2020,11,海淀区,26.29,shallow,1.0,0.0,0.0,0.0,False,False,none,False,183,,False
2020-11,2020,11,海淀区,26.29,central,1.0,0.0,0.0,0.0,False,False,none,False,183,,False
2020-11,2020,11,海淀区,26.29,deep,1.0,0.0,0.0,0.0,False,False,none,False,183,,False
2020-11,2020,11,丰台区,19.17,shallow,1.0,0.0,0.0,0.0,False,False,none,False,246,,False
2020-11,2020,11,丰台区,19.17,central,1.0,0.0,0.0,0.0,False,False,none,False,246,,False
2020-11,2020,11,丰台区,19.17,deep,1.0,0.031784,0.031784,0.031784,False,True,B4,False,246,,False
2020-11,2020,11,石景山区,34.99,shallow,1.0,0.0,0.0,0.0,False,False,none,False,90,,True
2020-11,2020,11,石景山区,34.99,central,1.0,0.0,0.0,0.0,False,False,none,False,90,,True
2020-11,2020,11,石景山区,34.99,deep,1.0,0.0,0.0,0.0,False,False,none,False,90,,True
2020-11,2020,11,门头沟区,35.62,shallow,1.0,0.0,0.0,0.0,False,False,none,False,79,,False
2020-11,2020,11,门头沟区,35.62,central,1.0,0.0,0.0,0.0,False,False,none,False,79,,False
2020-11,2020,11,门头沟区,35.62,deep,1.0,0.0,0.0,0.0,False,False,none,False,79,,False
2020-11,2020,11,房山区,9.0,shallow,1.0,0.09858,0.09858,0.09858,False,True,B3,False,261,,False
2020-11,2020,11,房山区,9.0,central,1.0,0.491026,0.491026,0.491026,False,True,B2,True,261,,False
2020-11,2020,11,房山区,9.0,deep,1.0,0.491026,0.491026,0.491026,False,True,B2,False,261,,False
2020-11,2020,11,通州区,7.69,shallow,1.0,0.056312,0.056312,0.056312,False,True,B3,False,351,,False
2020-11,2020,11,通州区,7.69,central,1.0,0.437462,0.437462,0.437462,False,True,B2,False,351,,False
2020-11,2020,11,通州区,7.69,deep,1.0,0.437462,0.437462,0.437462,False,True,B2,False,351,,False
2020-11,2020,11,顺义区,30.21,shallow,1.0,0.0,0.0,0.0,False,False,none,False,197,,False
2020-11,2020,11,顺义区,30.21,central,1.0,0.0,0.0,0.0,False,False,none,False,197,,False
2020-11,2020,11,顺义区,30.21,deep,1.0,0.0,0.0,0.0,False,False,none,False,197,,False
2020-11,2020,11,昌平区,27.47,shallow,1.0,0.0,0.0,0.0,False,False,none,False,475,,False
2020-11,2020,11,昌平区,27.47,central,1.0,0.0,0.0,0.0,False,False,none,False,475,,False
2020-11,2020,11,昌平区,27.47,deep,1.0,0.0,0.0,0.0,False,False,none,False,475,,False
2020-11,2020,11,大兴区,17.52,shallow,1.0,0.0,0.0,0.0,False,False,none,False,790,,False
2020-11,2020,11,大兴区,17.52,central,1.0,0.0,0.0,0.0,False,False,none,False,790,,False
2020-11,2020,11,大兴区,17.52,deep,1.0,0.009993,0.009993,0.009993,False,True,B4,False,790,,False
2020-11,2020,11,怀柔区,16.56,shallow,1.0,0.0,0.0,0.0,False,False,none,False,93,,False
2020-11,2020,11,怀柔区,16.56,central,1.0,0.0,0.0,0.0,False,False,none,False,93,,False
2020-11,2020,11,怀柔区,16.56,deep,1.0,0.0,0.0,0.0,False,False,none,True,93,,False
2020-11,2020,11,平谷区,36.86,shallow,1.0,0.0,0.0,0.0,False,False,none,False,17,,False
2020-11,2020,11,平谷区,36.86,central,1.0,0.0,0.0,0.0,False,False,none,False,17,,False
2020-11,2020,11,平谷区,36.86,deep,1.0,0.0,0.0,0.0,False,False,none,False,17,,False
2020-11,2020,11,密云区,24.97,shallow,1.0,0.0,0.0,0.0,False,False,none,False,94,,False
2020-11,2020,11,密云区,24.97,central,1.0,0.0,0.0,0.0,False,False,none,False,94,,False
2020-11,2020,11,密云区,24.97,deep,1.0,0.0,0.0,0.0,False,False,none,False,94,,False
2020-11,2020,11,延庆区,7.47,shallow,1.0,0.020419,0.020419,0.020419,False,True,B3,True,39,,False
2020-11,2020,11,延庆区,7.47,central,1.0,0.18273799999999998,0.18273799999999998,0.18273799999999998,False,True,B2,False,39,,False
2020-11,2020,11,延庆区,7.47,deep,1.0,0.18273799999999998,0.18273799999999998,0.18273799999999998,False,True,B2,False,39,,False
2020-12,2020,12,东城区,24.97,shallow,1.0,0.0,0.0,0.0,False,False,none,False,126,,False
2020-12,2020,12,东城区,24.97,central,1.0,0.0,0.0,0.0,False,False,none,False,126,,False
2020-12,2020,12,东城区,24.97,deep,1.0,0.0,0.0,0.0,False,False,none,False,126,,False
2020-12,2020,12,西城区,23.03,shallow,1.0,0.0,0.0,0.0,False,False,none,False,122,,False
2020-12,2020,12,西城区,23.03,central,1.0,0.0,0.0,0.0,False,False,none,False,122,,False
2020-12,2020,12,西城区,23.03,deep,1.0,0.0,0.0,0.0,False,False,none,False,122,,False
2020-12,2020,12,朝阳区,30.15,shallow,1.0,0.0,0.0,0.0,False,False,none,False,52,,False
2020-12,2020,12,朝阳区,30.15,central,1.0,0.0,0.0,0.0,False,False,none,False,52,,False
2020-12,2020,12,朝阳区,30.15,deep,1.0,0.0,0.0,0.0,False,False,none,False,52,,False
2020-12,2020,12,海淀区,26.1,shallow,1.0,0.0,0.0,0.0,False,False,none,False,183,,False
2020-12,2020,12,海淀区,26.1,central,1.0,0.0,0.0,0.0,False,False,none,False,183,,False
2020-12,2020,12,海淀区,26.1,deep,1.0,0.0,0.0,0.0,False,False,none,False,183,,False
2020-12,2020,12,丰台区,19.07,shallow,1.0,0.0,0.0,0.0,False,False,none,False,246,,False
2020-12,2020,12,丰台区,19.07,central,1.0,0.0,0.0,0.0,False,False,none,False,246,,False
2020-12,2020,12,丰台区,19.07,deep,1.0,0.031784,0.031784,0.031784,False,True,B4,False,246,,False
2020-12,2020,12,石景山区,35.2,shallow,1.0,0.0,0.0,0.0,False,False,none,False,90,,True
2020-12,2020,12,石景山区,35.2,central,1.0,0.0,0.0,0.0,False,False,none,False,90,,True
2020-12,2020,12,石景山区,35.2,deep,1.0,0.0,0.0,0.0,False,False,none,False,90,,True
2020-12,2020,12,门头沟区,35.79,shallow,1.0,0.0,0.0,0.0,False,False,none,False,79,,False
2020-12,2020,12,门头沟区,35.79,central,1.0,0.0,0.0,0.0,False,False,none,False,79,,False
2020-12,2020,12,门头沟区,35.79,deep,1.0,0.0,0.0,0.0,False,False,none,False,79,,False
2020-12,2020,12,房山区,8.62,shallow,1.0,0.09858,0.09858,0.09858,False,True,B3,False,261,,False
2020-12,2020,12,房山区,8.62,central,1.0,0.491026,0.491026,0.491026,False,True,B2,True,261,,False
2020-12,2020,12,房山区,8.62,deep,1.0,0.491026,0.491026,0.491026,False,True,B2,False,261,,False
2020-12,2020,12,通州区,7.85,shallow,1.0,0.056312,0.056312,0.056312,False,True,B3,False,351,,False
2020-12,2020,12,通州区,7.85,central,1.0,0.437462,0.437462,0.437462,False,True,B2,False,351,,False
2020-12,2020,12,通州区,7.85,deep,1.0,0.437462,0.437462,0.437462,False,True,B2,False,351,,False
2020-12,2020,12,顺义区,29.35,shallow,1.0,0.0,0.0,0.0,False,False,none,False,197,,False
2020-12,2020,12,顺义区,29.35,central,1.0,0.0,0.0,0.0,False,False,none,False,197,,False
2020-12,2020,12,顺义区,29.35,deep,1.0,0.0,0.0,0.0,False,False,none,False,197,,False
2020-12,2020,12,昌平区,27.06,shallow,1.0,0.0,0.0,0.0,False,False,none,False,475,,False
2020-12,2020,12,昌平区,27.06,central,1.0,0.0,0.0,0.0,False,False,none,False,475,,False
2020-12,2020,12,昌平区,27.06,deep,1.0,0.0,0.0,0.0,False,False,none,False,475,,False
2020-12,2020,12,大兴区,16.84,shallow,1.0,0.0,0.0,0.0,False,False,none,False,790,,False
2020-12,2020,12,大兴区,16.84,central,1.0,0.009993,0.009993,0.009993,False,True,B4,True,790,,False
2020-12,2020,12,大兴区,16.84,deep,1.0,0.009993,0.009993,0.009993,False,True,B4,True,790,,False
2020-12,2020,12,怀柔区,16.27,shallow,1.0,0.0,0.0,0.0,False,False,none,False,93,,False
2020-12,2020,12,怀柔区,16.27,central,1.0,0.0,0.0,0.0,False,False,none,False,93,,False
2020-12,2020,12,怀柔区,16.27,deep,1.0,0.031538,0.031538,0.031538,False,True,B3,True,93,,False
2020-12,2020,12,平谷区,35.85,shallow,1.0,0.0,0.0,0.0,False,False,none,False,17,,False
2020-12,2020,12,平谷区,35.85,central,1.0,0.0,0.0,0.0,False,False,none,False,17,,False
2020-12,2020,12,平谷区,35.85,deep,1.0,0.0,0.0,0.0,False,False,none,False,17,,False
2020-12,2020,12,密云区,25.17,shallow,1.0,0.0,0.0,0.0,False,False,none,False,94,,False
2020-12,2020,12,密云区,25.17,central,1.0,0.0,0.0,0.0,False,False,none,False,94,,False
2020-12,2020,12,密云区,25.17,deep,1.0,0.0,0.0,0.0,False,False,none,False,94,,False
2020-12,2020,12,延庆区,7.2,shallow,1.0,0.020419,0.020419,0.020419,False,True,B3,True,39,,False
2020-12,2020,12,延庆区,7.2,central,1.0,0.18273799999999998,0.18273799999999998,0.18273799999999998,False,True,B2,False,39,,False
2020-12,2020,12,延庆区,7.2,deep,1.0,0.18273799999999998,0.18273799999999998,0.18273799999999998,False,True,B2,False,39,,False
2021-01,2021,1,东城区,24.96,shallow,1.0,0.0,0.0,0.0,True,False,none,False,126,,False
2021-01,2021,1,东城区,24.96,central,1.0,0.0,0.0,0.0,True,False,none,False,126,,False
2021-01,2021,1,东城区,24.96,deep,1.0,0.0,0.0,0.0,True,False,none,False,126,,False
2021-01,2021,1,西城区,22.48,shallow,1.0,0.0,0.0,0.0,True,False,none,False,122,,False
2021-01,2021,1,西城区,22.48,central,1.0,0.0,0.0,0.0,True,False,none,False,122,,False
2021-01,2021,1,西城区,22.48,deep,1.0,0.0,0.0,0.0,True,False,none,True,122,,False
2021-01,2021,1,朝阳区,29.97,shallow,1.0,0.0,0.0,0.0,True,False,none,False,52,,False
2021-01,2021,1,朝阳区,29.97,central,1.0,0.0,0.0,0.0,True,False,none,False,52,,False
2021-01,2021,1,朝阳区,29.97,deep,1.0,0.0,0.0,0.0,True,False,none,False,52,,False
2021-01,2021,1,海淀区,25.69,shallow,1.0,0.0,0.0,0.0,True,False,none,False,183,,False
2021-01,2021,1,海淀区,25.69,central,1.0,0.0,0.0,0.0,True,False,none,False,183,,False
2021-01,2021,1,海淀区,25.69,deep,1.0,0.0,0.0,0.0,True,False,none,False,183,,False
2021-01,2021,1,丰台区,18.98,shallow,1.0,0.0,0.0,0.0,True,False,none,False,246,,False
2021-01,2021,1,丰台区,18.98,central,1.0,0.0,0.0,0.0,True,False,none,False,246,,False
2021-01,2021,1,丰台区,18.98,deep,1.0,0.031784,0.031784,0.031784,True,True,B4,False,246,,False
2021-01,2021,1,石景山区,35.2,shallow,1.0,0.0,0.0,0.0,True,False,none,False,90,,True
2021-01,2021,1,石景山区,35.2,central,1.0,0.0,0.0,0.0,True,False,none,False,90,,True
2021-01,2021,1,石景山区,35.2,deep,1.0,0.0,0.0,0.0,True,False,none,False,90,,True
2021-01,2021,1,门头沟区,36.65,shallow,1.0,0.0,0.0,0.0,True,False,none,False,79,,False
2021-01,2021,1,门头沟区,36.65,central,1.0,0.0,0.0,0.0,True,False,none,False,79,,False
2021-01,2021,1,门头沟区,36.65,deep,1.0,0.0,0.0,0.0,True,False,none,False,79,,False
2021-01,2021,1,房山区,8.55,shallow,1.0,0.09858,0.09858,0.09858,True,True,B3,False,261,,False
2021-01,2021,1,房山区,8.55,central,1.0,0.491026,0.491026,0.491026,True,True,B2,True,261,,False
2021-01,2021,1,房山区,8.55,deep,1.0,0.491026,0.491026,0.491026,True,True,B2,False,261,,False
2021-01,2021,1,通州区,7.82,shallow,1.0,0.056312,0.056312,0.056312,True,True,B3,False,351,,False
2021-01,2021,1,通州区,7.82,central,1.0,0.437462,0.437462,0.437462,True,True,B2,False,351,,False
2021-01,2021,1,通州区,7.82,deep,1.0,0.437462,0.437462,0.437462,True,True,B2,False,351,,False
2021-01,2021,1,顺义区,28.56,shallow,1.0,0.0,0.0,0.0,True,False,none,False,197,,False
2021-01,2021,1,顺义区,28.56,central,1.0,0.0,0.0,0.0,True,False,none,False,197,,False
2021-01,2021,1,顺义区,28.56,deep,1.0,0.0,0.0,0.0,True,False,none,False,197,,False
2021-01,2021,1,昌平区,26.78,shallow,1.0,0.0,0.0,0.0,True,False,none,False,475,,False
2021-01,2021,1,昌平区,26.78,central,1.0,0.0,0.0,0.0,True,False,none,False,475,,False
2021-01,2021,1,昌平区,26.78,deep,1.0,0.0,0.0,0.0,True,False,none,False,475,,False
2021-01,2021,1,大兴区,16.5,shallow,1.0,0.0,0.0,0.0,True,False,none,False,790,,False
2021-01,2021,1,大兴区,16.5,central,1.0,0.009993,0.009993,0.009993,True,True,B4,True,790,,False
2021-01,2021,1,大兴区,16.5,deep,1.0,0.087487,0.087487,0.087487,True,True,B3,True,790,,False
2021-01,2021,1,怀柔区,16.34,shallow,1.0,0.0,0.0,0.0,True,False,none,False,93,,False
2021-01,2021,1,怀柔区,16.34,central,1.0,0.0,0.0,0.0,True,False,none,False,93,,False
2021-01,2021,1,怀柔区,16.34,deep,1.0,0.031538,0.031538,0.031538,True,True,B3,True,93,,False
2021-01,2021,1,平谷区,35.5,shallow,1.0,0.0,0.0,0.0,True,False,none,False,17,,False
2021-01,2021,1,平谷区,35.5,central,1.0,0.0,0.0,0.0,True,False,none,False,17,,False
2021-01,2021,1,平谷区,35.5,deep,1.0,0.0,0.0,0.0,True,False,none,False,17,,False
2021-01,2021,1,密云区,25.39,shallow,1.0,0.0,0.0,0.0,True,False,none,False,94,,False
2021-01,2021,1,密云区,25.39,central,1.0,0.0,0.0,0.0,True,False,none,False,94,,False
2021-01,2021,1,密云区,25.39,deep,1.0,0.0,0.0,0.0,True,False,none,False,94,,False
2021-01,2021,1,延庆区,7.09,shallow,1.0,0.020419,0.020419,0.020419,True,True,B3,True,39,,False
2021-01,2021,1,延庆区,7.09,central,1.0,0.18273799999999998,0.18273799999999998,0.18273799999999998,True,True,B2,False,39,,False
2021-01,2021,1,延庆区,7.09,deep,1.0,0.18273799999999998,0.18273799999999998,0.18273799999999998,True,True,B2,False,39,,False
2021-02,2021,2,东城区,24.82,shallow,1.0,0.0,0.0,0.0,True,False,none,False,126,,False
2021-02,2021,2,东城区,24.82,central,1.0,0.0,0.0,0.0,True,False,none,False,126,,False
2021-02,2021,2,东城区,24.82,deep,1.0,0.0,0.0,0.0,True,False,none,False,126,,False
2021-02,2021,2,西城区,22.09,shallow,1.0,0.0,0.0,0.0,True,False,none,False,122,,False
2021-02,2021,2,西城区,22.09,central,1.0,0.0,0.0,0.0,True,False,none,False,122,,False
2021-02,2021,2,西城区,22.09,deep,1.0,0.0,0.0,0.0,True,False,none,True,122,,False
2021-02,2021,2,朝阳区,29.75,shallow,1.0,0.0,0.0,0.0,True,False,none,False,52,,False
2021-02,2021,2,朝阳区,29.75,central,1.0,0.0,0.0,0.0,True,False,none,False,52,,False
2021-02,2021,2,朝阳区,29.75,deep,1.0,0.0,0.0,0.0,True,False,none,False,52,,False
2021-02,2021,2,海淀区,25.49,shallow,1.0,0.0,0.0,0.0,True,False,none,False,183,,False
2021-02,2021,2,海淀区,25.49,central,1.0,0.0,0.0,0.0,True,False,none,False,183,,False
2021-02,2021,2,海淀区,25.49,deep,1.0,0.0,0.0,0.0,True,False,none,False,183,,False
2021-02,2021,2,丰台区,18.86,shallow,1.0,0.0,0.0,0.0,True,False,none,False,246,,False
2021-02,2021,2,丰台区,18.86,central,1.0,0.0,0.0,0.0,True,False,none,False,246,,False
2021-02,2021,2,丰台区,18.86,deep,1.0,0.031784,0.031784,0.031784,True,True,B4,False,246,,False
2021-02,2021,2,石景山区,36.19,shallow,1.0,0.0,0.0,0.0,True,False,none,False,90,,True
2021-02,2021,2,石景山区,36.19,central,1.0,0.0,0.0,0.0,True,False,none,False,90,,True
2021-02,2021,2,石景山区,36.19,deep,1.0,0.0,0.0,0.0,True,False,none,False,90,,True
2021-02,2021,2,门头沟区,37.33,shallow,1.0,0.0,0.0,0.0,True,False,none,False,79,,False
2021-02,2021,2,门头沟区,37.33,central,1.0,0.0,0.0,0.0,True,False,none,False,79,,False
2021-02,2021,2,门头沟区,37.33,deep,1.0,0.0,0.0,0.0,True,False,none,False,79,,False
2021-02,2021,2,房山区,8.32,shallow,1.0,0.09858,0.09858,0.09858,True,True,B3,False,261,,False
2021-02,2021,2,房山区,8.32,central,1.0,0.491026,0.491026,0.491026,True,True,B2,False,261,,False
2021-02,2021,2,房山区,8.32,deep,1.0,0.491026,0.491026,0.491026,True,True,B2,False,261,,False
2021-02,2021,2,通州区,7.8,shallow,1.0,0.056312,0.056312,0.056312,True,True,B3,False,351,,False
2021-02,2021,2,通州区,7.8,central,1.0,0.437462,0.437462,0.437462,True,True,B2,False,351,,False
2021-02,2021,2,通州区,7.8,deep,1.0,0.437462,0.437462,0.437462,True,True,B2,False,351,,False
2021-02,2021,2,顺义区,28.24,shallow,1.0,0.0,0.0,0.0,True,False,none,False,197,,False
2021-02,2021,2,顺义区,28.24,central,1.0,0.0,0.0,0.0,True,False,none,False,197,,False
2021-02,2021,2,顺义区,28.24,deep,1.0,0.0,0.0,0.0,True,False,none,False,197,,False
2021-02,2021,2,昌平区,26.49,shallow,1.0,0.0,0.0,0.0,True,False,none,False,475,,False
2021-02,2021,2,昌平区,26.49,central,1.0,0.0,0.0,0.0,True,False,none,False,475,,False
2021-02,2021,2,昌平区,26.49,deep,1.0,0.0,0.0,0.0,True,False,none,False,475,,False
2021-02,2021,2,大兴区,16.45,shallow,1.0,0.0,0.0,0.0,True,False,none,False,790,,False
2021-02,2021,2,大兴区,16.45,central,1.0,0.009993,0.009993,0.009993,True,True,B4,False,790,,False
2021-02,2021,2,大兴区,16.45,deep,1.0,0.087487,0.087487,0.087487,True,True,B3,True,790,,False
2021-02,2021,2,怀柔区,16.28,shallow,1.0,0.0,0.0,0.0,True,False,none,False,93,,False
2021-02,2021,2,怀柔区,16.28,central,1.0,0.0,0.0,0.0,True,False,none,False,93,,False
2021-02,2021,2,怀柔区,16.28,deep,1.0,0.031538,0.031538,0.031538,True,True,B3,True,93,,False
2021-02,2021,2,平谷区,35.09,shallow,1.0,0.0,0.0,0.0,True,False,none,False,17,,False
2021-02,2021,2,平谷区,35.09,central,1.0,0.0,0.0,0.0,True,False,none,False,17,,False
2021-02,2021,2,平谷区,35.09,deep,1.0,0.0,0.0,0.0,True,False,none,False,17,,False
2021-02,2021,2,密云区,25.6,shallow,1.0,0.0,0.0,0.0,True,False,none,False,94,,False
2021-02,2021,2,密云区,25.6,central,1.0,0.0,0.0,0.0,True,False,none,False,94,,False
2021-02,2021,2,密云区,25.6,deep,1.0,0.0,0.0,0.0,True,False,none,False,94,,False
2021-02,2021,2,延庆区,7.01,shallow,1.0,0.020419,0.020419,0.020419,True,True,B3,True,39,,False
2021-02,2021,2,延庆区,7.01,central,1.0,0.18273799999999998,0.18273799999999998,0.18273799999999998,True,True,B2,False,39,,False
2021-02,2021,2,延庆区,7.01,deep,1.0,0.18273799999999998,0.18273799999999998,0.18273799999999998,True,True,B2,False,39,,False
2021-03,2021,3,东城区,24.57,shallow,1.0,0.0,0.0,0.0,True,False,none,False,126,,False
2021-03,2021,3,东城区,24.57,central,1.0,0.0,0.0,0.0,True,False,none,False,126,,False
2021-03,2021,3,东城区,24.57,deep,1.0,0.0,0.0,0.0,True,False,none,False,126,,False
2021-03,2021,3,西城区,21.71,shallow,1.0,0.0,0.0,0.0,True,False,none,False,122,,False
2021-03,2021,3,西城区,21.71,central,1.0,0.0,0.0,0.0,True,False,none,False,122,,False
2021-03,2021,3,西城区,21.71,deep,1.0,0.072026,0.072026,0.072026,True,True,B4,True,122,,False
2021-03,2021,3,朝阳区,29.54,shallow,1.0,0.0,0.0,0.0,True,False,none,False,52,,False
2021-03,2021,3,朝阳区,29.54,central,1.0,0.0,0.0,0.0,True,False,none,False,52,,False
2021-03,2021,3,朝阳区,29.54,deep,1.0,0.0,0.0,0.0,True,False,none,False,52,,False
2021-03,2021,3,海淀区,25.53,shallow,1.0,0.0,0.0,0.0,True,False,none,False,183,,False
2021-03,2021,3,海淀区,25.53,central,1.0,0.0,0.0,0.0,True,False,none,False,183,,False
2021-03,2021,3,海淀区,25.53,deep,1.0,0.0,0.0,0.0,True,False,none,False,183,,False
2021-03,2021,3,丰台区,18.85,shallow,1.0,0.0,0.0,0.0,True,False,none,False,246,,False
2021-03,2021,3,丰台区,18.85,central,1.0,0.0,0.0,0.0,True,False,none,False,246,,False
2021-03,2021,3,丰台区,18.85,deep,1.0,0.031784,0.031784,0.031784,True,True,B4,False,246,,False
2021-03,2021,3,石景山区,36.5,shallow,1.0,0.0,0.0,0.0,True,False,none,False,90,,True
2021-03,2021,3,石景山区,36.5,central,1.0,0.0,0.0,0.0,True,False,none,False,90,,True
2021-03,2021,3,石景山区,36.5,deep,1.0,0.0,0.0,0.0,True,False,none,False,90,,True
2021-03,2021,3,门头沟区,37.67,shallow,1.0,0.0,0.0,0.0,True,False,none,False,79,,False
2021-03,2021,3,门头沟区,37.67,central,1.0,0.0,0.0,0.0,True,False,none,False,79,,False
2021-03,2021,3,门头沟区,37.67,deep,1.0,0.0,0.0,0.0,True,False,none,False,79,,False
2021-03,2021,3,房山区,8.24,shallow,1.0,0.09858,0.09858,0.09858,True,True,B3,False,261,,False
2021-03,2021,3,房山区,8.24,central,1.0,0.491026,0.491026,0.491026,True,True,B2,False,261,,False
2021-03,2021,3,房山区,8.24,deep,1.0,0.491026,0.491026,0.491026,True,True,B2,False,261,,False
2021-03,2021,3,通州区,8.01,shallow,1.0,0.056312,0.056312,0.056312,True,True,B3,False,351,,False
2021-03,2021,3,通州区,8.01,central,1.0,0.437462,0.437462,0.437462,True,True,B2,False,351,,False
2021-03,2021,3,通州区,8.01,deep,1.0,0.437462,0.437462,0.437462,True,True,B2,False,351,,False
2021-03,2021,3,顺义区,28.17,shallow,1.0,0.0,0.0,0.0,True,False,none,False,197,,False
2021-03,2021,3,顺义区,28.17,central,1.0,0.0,0.0,0.0,True,False,none,False,197,,False
2021-03,2021,3,顺义区,28.17,deep,1.0,0.0,0.0,0.0,True,False,none,False,197,,False
2021-03,2021,3,昌平区,26.73,shallow,1.0,0.0,0.0,0.0,True,False,none,False,475,,False
2021-03,2021,3,昌平区,26.73,central,1.0,0.0,0.0,0.0,True,False,none,False,475,,False
2021-03,2021,3,昌平区,26.73,deep,1.0,0.0,0.0,0.0,True,False,none,False,475,,False
2021-03,2021,3,大兴区,16.85,shallow,1.0,0.0,0.0,0.0,True,False,none,False,790,,False
2021-03,2021,3,大兴区,16.85,central,1.0,0.009993,0.009993,0.009993,True,True,B4,True,790,,False
2021-03,2021,3,大兴区,16.85,deep,1.0,0.009993,0.009993,0.009993,True,True,B4,True,790,,False
2021-03,2021,3,怀柔区,16.28,shallow,1.0,0.0,0.0,0.0,True,False,none,False,93,,False
2021-03,2021,3,怀柔区,16.28,central,1.0,0.0,0.0,0.0,True,False,none,False,93,,False
2021-03,2021,3,怀柔区,16.28,deep,1.0,0.031538,0.031538,0.031538,True,True,B3,True,93,,False
2021-03,2021,3,平谷区,35.11,shallow,1.0,0.0,0.0,0.0,True,False,none,False,17,,False
2021-03,2021,3,平谷区,35.11,central,1.0,0.0,0.0,0.0,True,False,none,False,17,,False
2021-03,2021,3,平谷区,35.11,deep,1.0,0.0,0.0,0.0,True,False,none,False,17,,False
2021-03,2021,3,密云区,25.84,shallow,1.0,0.0,0.0,0.0,True,False,none,False,94,,False
2021-03,2021,3,密云区,25.84,central,1.0,0.0,0.0,0.0,True,False,none,False,94,,False
2021-03,2021,3,密云区,25.84,deep,1.0,0.0,0.0,0.0,True,False,none,False,94,,False
2021-03,2021,3,延庆区,7.03,shallow,1.0,0.020419,0.020419,0.020419,True,True,B3,True,39,,False
2021-03,2021,3,延庆区,7.03,central,1.0,0.18273799999999998,0.18273799999999998,0.18273799999999998,True,True,B2,False,39,,False
2021-03,2021,3,延庆区,7.03,deep,1.0,0.18273799999999998,0.18273799999999998,0.18273799999999998,True,True,B2,False,39,,False
2021-04,2021,4,东城区,24.48,shallow,1.0,0.0,0.0,0.0,True,False,none,False,126,,False
2021-04,2021,4,东城区,24.48,central,1.0,0.0,0.0,0.0,True,False,none,False,126,,False
2021-04,2021,4,东城区,24.48,deep,1.0,0.0,0.0,0.0,True,False,none,False,126,,False
2021-04,2021,4,西城区,21.58,shallow,1.0,0.0,0.0,0.0,True,False,none,False,122,,False
2021-04,2021,4,西城区,21.58,central,1.0,0.0,0.0,0.0,True,False,none,False,122,,False
2021-04,2021,4,西城区,21.58,deep,1.0,0.072026,0.072026,0.072026,True,True,B4,True,122,,False
2021-04,2021,4,朝阳区,30.11,shallow,1.0,0.0,0.0,0.0,True,False,none,False,52,,False
2021-04,2021,4,朝阳区,30.11,central,1.0,0.0,0.0,0.0,True,False,none,False,52,,False
2021-04,2021,4,朝阳区,30.11,deep,1.0,0.0,0.0,0.0,True,False,none,False,52,,False
2021-04,2021,4,海淀区,26.45,shallow,1.0,0.0,0.0,0.0,True,False,none,False,183,,False
2021-04,2021,4,海淀区,26.45,central,1.0,0.0,0.0,0.0,True,False,none,False,183,,False
2021-04,2021,4,海淀区,26.45,deep,1.0,0.0,0.0,0.0,True,False,none,False,183,,False
2021-04,2021,4,丰台区,18.9,shallow,1.0,0.0,0.0,0.0,True,False,none,False,246,,False
2021-04,2021,4,丰台区,18.9,central,1.0,0.0,0.0,0.0,True,False,none,False,246,,False
2021-04,2021,4,丰台区,18.9,deep,1.0,0.031784,0.031784,0.031784,True,True,B4,False,246,,False
2021-04,2021,4,石景山区,37.03,shallow,1.0,0.0,0.0,0.0,True,False,none,False,90,,True
2021-04,2021,4,石景山区,37.03,central,1.0,0.0,0.0,0.0,True,False,none,False,90,,True
2021-04,2021,4,石景山区,37.03,deep,1.0,0.0,0.0,0.0,True,False,none,False,90,,True
2021-04,2021,4,门头沟区,38.22,shallow,1.0,0.0,0.0,0.0,True,False,none,False,79,,False
2021-04,2021,4,门头沟区,38.22,central,1.0,0.0,0.0,0.0,True,False,none,False,79,,False
2021-04,2021,4,门头沟区,38.22,deep,1.0,0.0,0.0,0.0,True,False,none,False,79,,False
2021-04,2021,4,房山区,9.21,shallow,1.0,0.09858,0.09858,0.09858,True,True,B3,False,261,,False
2021-04,2021,4,房山区,9.21,central,1.0,0.09858,0.09858,0.09858,True,True,B3,True,261,,False
2021-04,2021,4,房山区,9.21,deep,1.0,0.491026,0.491026,0.491026,True,True,B2,False,261,,False
2021-04,2021,4,通州区,8.66,shallow,1.0,0.056312,0.056312,0.056312,True,True,B3,False,351,,False
2021-04,2021,4,通州区,8.66,central,1.0,0.437462,0.437462,0.437462,True,True,B2,True,351,,False
2021-04,2021,4,通州区,8.66,deep,1.0,0.437462,0.437462,0.437462,True,True,B2,False,351,,False
2021-04,2021,4,顺义区,30.26,shallow,1.0,0.0,0.0,0.0,True,False,none,False,197,,False
2021-04,2021,4,顺义区,30.26,central,1.0,0.0,0.0,0.0,True,False,none,False,197,,False
2021-04,2021,4,顺义区,30.26,deep,1.0,0.0,0.0,0.0,True,False,none,False,197,,False
2021-04,2021,4,昌平区,27.78,shallow,1.0,0.0,0.0,0.0,True,False,none,False,475,,False
2021-04,2021,4,昌平区,27.78,central,1.0,0.0,0.0,0.0,True,False,none,False,475,,False
2021-04,2021,4,昌平区,27.78,deep,1.0,0.0,0.0,0.0,True,False,none,False,475,,False
2021-04,2021,4,大兴区,17.62,shallow,1.0,0.0,0.0,0.0,True,False,none,False,790,,False
2021-04,2021,4,大兴区,17.62,central,1.0,0.0,0.0,0.0,True,False,none,False,790,,False
2021-04,2021,4,大兴区,17.62,deep,1.0,0.009993,0.009993,0.009993,True,True,B4,False,790,,False
2021-04,2021,4,怀柔区,16.34,shallow,1.0,0.0,0.0,0.0,True,False,none,False,93,,False
2021-04,2021,4,怀柔区,16.34,central,1.0,0.0,0.0,0.0,True,False,none,False,93,,False
2021-04,2021,4,怀柔区,16.34,deep,1.0,0.031538,0.031538,0.031538,True,True,B3,True,93,,False
2021-04,2021,4,平谷区,37.12,shallow,1.0,0.0,0.0,0.0,True,False,none,False,17,,False
2021-04,2021,4,平谷区,37.12,central,1.0,0.0,0.0,0.0,True,False,none,False,17,,False
2021-04,2021,4,平谷区,37.12,deep,1.0,0.0,0.0,0.0,True,False,none,False,17,,False
2021-04,2021,4,密云区,26.29,shallow,1.0,0.0,0.0,0.0,True,False,none,False,94,,False
2021-04,2021,4,密云区,26.29,central,1.0,0.0,0.0,0.0,True,False,none,False,94,,False
2021-04,2021,4,密云区,26.29,deep,1.0,0.0,0.0,0.0,True,False,none,False,94,,False
2021-04,2021,4,延庆区,8.71,shallow,1.0,0.020419,0.020419,0.020419,True,True,B3,False,39,,False
2021-04,2021,4,延庆区,8.71,central,1.0,0.18273799999999998,0.18273799999999998,0.18273799999999998,True,True,B2,True,39,,False
2021-04,2021,4,延庆区,8.71,deep,1.0,0.18273799999999998,0.18273799999999998,0.18273799999999998,True,True,B2,False,39,,False
2021-05,2021,5,东城区,25.05,shallow,1.0,0.0,0.0,0.0,True,False,none,False,126,,False
2021-05,2021,5,东城区,25.05,central,1.0,0.0,0.0,0.0,True,False,none,False,126,,False
2021-05,2021,5,东城区,25.05,deep,1.0,0.0,0.0,0.0,True,False,none,False,126,,False
2021-05,2021,5,西城区,21.86,shallow,1.0,0.0,0.0,0.0,True,False,none,False,122,,False
2021-05,2021,5,西城区,21.86,central,1.0,0.0,0.0,0.0,True,False,none,False,122,,False
2021-05,2021,5,西城区,21.86,deep,1.0,0.072026,0.072026,0.072026,True,True,B4,True,122,,False
2021-05,2021,5,朝阳区,30.45,shallow,1.0,0.0,0.0,0.0,True,False,none,False,52,,False
2021-05,2021,5,朝阳区,30.45,central,1.0,0.0,0.0,0.0,True,False,none,False,52,,False
2021-05,2021,5,朝阳区,30.45,deep,1.0,0.0,0.0,0.0,True,False,none,False,52,,False
2021-05,2021,5,海淀区,26.84,shallow,1.0,0.0,0.0,0.0,True,False,none,False,183,,False
2021-05,2021,5,海淀区,26.84,central,1.0,0.0,0.0,0.0,True,False,none,False,183,,False
2021-05,2021,5,海淀区,26.84,deep,1.0,0.0,0.0,0.0,True,False,none,False,183,,False
2021-05,2021,5,丰台区,18.91,shallow,1.0,0.0,0.0,0.0,True,False,none,False,246,,False
2021-05,2021,5,丰台区,18.91,central,1.0,0.0,0.0,0.0,True,False,none,False,246,,False
2021-05,2021,5,丰台区,18.91,deep,1.0,0.031784,0.031784,0.031784,True,True,B4,False,246,,False
2021-05,2021,5,石景山区,37.03,shallow,1.0,0.0,0.0,0.0,True,False,none,False,90,,True
2021-05,2021,5,石景山区,37.03,central,1.0,0.0,0.0,0.0,True,False,none,False,90,,True
2021-05,2021,5,石景山区,37.03,deep,1.0,0.0,0.0,0.0,True,False,none,False,90,,True
2021-05,2021,5,门头沟区,38.31,shallow,1.0,0.0,0.0,0.0,True,False,none,False,79,,False
2021-05,2021,5,门头沟区,38.31,central,1.0,0.0,0.0,0.0,True,False,none,False,79,,False
2021-05,2021,5,门头沟区,38.31,deep,1.0,0.0,0.0,0.0,True,False,none,False,79,,False
2021-05,2021,5,房山区,9.9,shallow,1.0,0.09858,0.09858,0.09858,True,True,B3,False,261,,False
2021-05,2021,5,房山区,9.9,central,1.0,0.09858,0.09858,0.09858,True,True,B3,False,261,,False
2021-05,2021,5,房山区,9.9,deep,1.0,0.491026,0.491026,0.491026,True,True,B2,False,261,,False
2021-05,2021,5,通州区,9.03,shallow,1.0,0.056312,0.056312,0.056312,True,True,B3,False,351,,False
2021-05,2021,5,通州区,9.03,central,1.0,0.056312,0.056312,0.056312,True,True,B3,True,351,,False
2021-05,2021,5,通州区,9.03,deep,1.0,0.437462,0.437462,0.437462,True,True,B2,False,351,,False
2021-05,2021,5,顺义区,30.25,shallow,1.0,0.0,0.0,0.0,True,False,none,False,197,,False
2021-05,2021,5,顺义区,30.25,central,1.0,0.0,0.0,0.0,True,False,none,False,197,,False
2021-05,2021,5,顺义区,30.25,deep,1.0,0.0,0.0,0.0,True,False,none,False,197,,False
2021-05,2021,5,昌平区,28.44,shallow,1.0,0.0,0.0,0.0,True,False,none,False,475,,False
2021-05,2021,5,昌平区,28.44,central,1.0,0.0,0.0,0.0,True,False,none,False,475,,False
2021-05,2021,5,昌平区,28.44,deep,1.0,0.0,0.0,0.0,True,False,none,False,475,,False
2021-05,2021,5,大兴区,18.45,shallow,1.0,0.0,0.0,0.0,True,False,none,False,790,,False
2021-05,2021,5,大兴区,18.45,central,1.0,0.0,0.0,0.0,True,False,none,False,790,,False
2021-05,2021,5,大兴区,18.45,deep,1.0,0.009993,0.009993,0.009993,True,True,B4,False,790,,False
2021-05,2021,5,怀柔区,15.45,shallow,1.0,0.0,0.0,0.0,True,False,none,False,93,,False
2021-05,2021,5,怀柔区,15.45,central,1.0,0.0,0.0,0.0,True,False,none,False,93,,False
2021-05,2021,5,怀柔区,15.45,deep,1.0,0.031538,0.031538,0.031538,True,True,B3,False,93,,False
2021-05,2021,5,平谷区,38.4,shallow,1.0,0.0,0.0,0.0,True,False,none,False,17,,False
2021-05,2021,5,平谷区,38.4,central,1.0,0.0,0.0,0.0,True,False,none,False,17,,False
2021-05,2021,5,平谷区,38.4,deep,1.0,0.0,0.0,0.0,True,False,none,False,17,,False
2021-05,2021,5,密云区,24.39,shallow,1.0,0.0,0.0,0.0,True,False,none,False,94,,False
2021-05,2021,5,密云区,24.39,central,1.0,0.0,0.0,0.0,True,False,none,False,94,,False
2021-05,2021,5,密云区,24.39,deep,1.0,0.0,0.0,0.0,True,False,none,False,94,,False
2021-05,2021,5,延庆区,8.66,shallow,1.0,0.020419,0.020419,0.020419,True,True,B3,False,39,,False
2021-05,2021,5,延庆区,8.66,central,1.0,0.18273799999999998,0.18273799999999998,0.18273799999999998,True,True,B2,True,39,,False
2021-05,2021,5,延庆区,8.66,deep,1.0,0.18273799999999998,0.18273799999999998,0.18273799999999998,True,True,B2,False,39,,False
2021-06,2021,6,东城区,24.85,shallow,1.0,0.0,0.0,0.0,True,False,none,False,126,,False
2021-06,2021,6,东城区,24.85,central,1.0,0.0,0.0,0.0,True,False,none,False,126,,False
2021-06,2021,6,东城区,24.85,deep,1.0,0.0,0.0,0.0,True,False,none,False,126,,False
2021-06,2021,6,西城区,21.86,shallow,1.0,0.0,0.0,0.0,True,False,none,False,122,,False
2021-06,2021,6,西城区,21.86,central,1.0,0.0,0.0,0.0,True,False,none,False,122,,False
2021-06,2021,6,西城区,21.86,deep,1.0,0.072026,0.072026,0.072026,True,True,B4,True,122,,False
2021-06,2021,6,朝阳区,29.62,shallow,1.0,0.0,0.0,0.0,True,False,none,False,52,,False
2021-06,2021,6,朝阳区,29.62,central,1.0,0.0,0.0,0.0,True,False,none,False,52,,False
2021-06,2021,6,朝阳区,29.62,deep,1.0,0.0,0.0,0.0,True,False,none,False,52,,False
2021-06,2021,6,海淀区,27.2,shallow,1.0,0.0,0.0,0.0,True,False,none,False,183,,False
2021-06,2021,6,海淀区,27.2,central,1.0,0.0,0.0,0.0,True,False,none,False,183,,False
2021-06,2021,6,海淀区,27.2,deep,1.0,0.0,0.0,0.0,True,False,none,False,183,,False
2021-06,2021,6,丰台区,18.9,shallow,1.0,0.0,0.0,0.0,True,False,none,False,246,,False
2021-06,2021,6,丰台区,18.9,central,1.0,0.0,0.0,0.0,True,False,none,False,246,,False
2021-06,2021,6,丰台区,18.9,deep,1.0,0.031784,0.031784,0.031784,True,True,B4,False,246,,False
2021-06,2021,6,石景山区,36.41,shallow,1.0,0.0,0.0,0.0,True,False,none,False,90,,True
2021-06,2021,6,石景山区,36.41,central,1.0,0.0,0.0,0.0,True,False,none,False,90,,True
2021-06,2021,6,石景山区,36.41,deep,1.0,0.0,0.0,0.0,True,False,none,False,90,,True
2021-06,2021,6,门头沟区,37.48,shallow,1.0,0.0,0.0,0.0,True,False,none,False,79,,False
2021-06,2021,6,门头沟区,37.48,central,1.0,0.0,0.0,0.0,True,False,none,False,79,,False
2021-06,2021,6,门头沟区,37.48,deep,1.0,0.0,0.0,0.0,True,False,none,False,79,,False
2021-06,2021,6,房山区,10.33,shallow,1.0,0.09858,0.09858,0.09858,True,True,B3,True,261,,False
2021-06,2021,6,房山区,10.33,central,1.0,0.09858,0.09858,0.09858,True,True,B3,False,261,,False
2021-06,2021,6,房山区,10.33,deep,1.0,0.491026,0.491026,0.491026,True,True,B2,False,261,,False
2021-06,2021,6,通州区,8.64,shallow,1.0,0.056312,0.056312,0.056312,True,True,B3,False,351,,False
2021-06,2021,6,通州区,8.64,central,1.0,0.437462,0.437462,0.437462,True,True,B2,True,351,,False
2021-06,2021,6,通州区,8.64,deep,1.0,0.437462,0.437462,0.437462,True,True,B2,False,351,,False
2021-06,2021,6,顺义区,29.15,shallow,1.0,0.0,0.0,0.0,True,False,none,False,197,,False
2021-06,2021,6,顺义区,29.15,central,1.0,0.0,0.0,0.0,True,False,none,False,197,,False
2021-06,2021,6,顺义区,29.15,deep,1.0,0.0,0.0,0.0,True,False,none,False,197,,False
2021-06,2021,6,昌平区,28.59,shallow,1.0,0.0,0.0,0.0,True,False,none,False,475,,False
2021-06,2021,6,昌平区,28.59,central,1.0,0.0,0.0,0.0,True,False,none,False,475,,False
2021-06,2021,6,昌平区,28.59,deep,1.0,0.0,0.0,0.0,True,False,none,False,475,,False
2021-06,2021,6,大兴区,18.45,shallow,1.0,0.0,0.0,0.0,True,False,none,False,790,,False
2021-06,2021,6,大兴区,18.45,central,1.0,0.0,0.0,0.0,True,False,none,False,790,,False
2021-06,2021,6,大兴区,18.45,deep,1.0,0.009993,0.009993,0.009993,True,True,B4,False,790,,False
2021-06,2021,6,怀柔区,14.47,shallow,1.0,0.0,0.0,0.0,True,False,none,False,93,,False
2021-06,2021,6,怀柔区,14.47,central,1.0,0.0,0.0,0.0,True,False,none,False,93,,False
2021-06,2021,6,怀柔区,14.47,deep,1.0,0.031538,0.031538,0.031538,True,True,B3,False,93,,False
2021-06,2021,6,平谷区,39.09,shallow,1.0,0.0,0.0,0.0,True,False,none,False,17,,False
2021-06,2021,6,平谷区,39.09,central,1.0,0.0,0.0,0.0,True,False,none,False,17,,False
2021-06,2021,6,平谷区,39.09,deep,1.0,0.0,0.0,0.0,True,False,none,False,17,,False
2021-06,2021,6,密云区,23.64,shallow,1.0,0.0,0.0,0.0,True,False,none,False,94,,False
2021-06,2021,6,密云区,23.64,central,1.0,0.0,0.0,0.0,True,False,none,False,94,,False
2021-06,2021,6,密云区,23.64,deep,1.0,0.0,0.0,0.0,True,False,none,False,94,,False
2021-06,2021,6,延庆区,8.8,shallow,1.0,0.020419,0.020419,0.020419,True,True,B3,False,39,,False
2021-06,2021,6,延庆区,8.8,central,1.0,0.18273799999999998,0.18273799999999998,0.18273799999999998,True,True,B2,True,39,,False
2021-06,2021,6,延庆区,8.8,deep,1.0,0.18273799999999998,0.18273799999999998,0.18273799999999998,True,True,B2,False,39,,False
2021-07,2021,7,东城区,24.6,shallow,1.0,0.0,0.0,0.0,True,False,none,False,126,,False
2021-07,2021,7,东城区,24.6,central,1.0,0.0,0.0,0.0,True,False,none,False,126,,False
2021-07,2021,7,东城区,24.6,deep,1.0,0.0,0.0,0.0,True,False,none,False,126,,False
2021-07,2021,7,西城区,21.14,shallow,1.0,0.0,0.0,0.0,True,False,none,False,122,,False
2021-07,2021,7,西城区,21.14,central,1.0,0.0,0.0,0.0,True,False,none,False,122,,False
2021-07,2021,7,西城区,21.14,deep,1.0,0.072026,0.072026,0.072026,True,True,B4,False,122,,False
2021-07,2021,7,朝阳区,29.58,shallow,1.0,0.0,0.0,0.0,True,False,none,False,52,,False
2021-07,2021,7,朝阳区,29.58,central,1.0,0.0,0.0,0.0,True,False,none,False,52,,False
2021-07,2021,7,朝阳区,29.58,deep,1.0,0.0,0.0,0.0,True,False,none,False,52,,False
2021-07,2021,7,海淀区,25.24,shallow,1.0,0.0,0.0,0.0,True,False,none,False,183,,False
2021-07,2021,7,海淀区,25.24,central,1.0,0.0,0.0,0.0,True,False,none,False,183,,False
2021-07,2021,7,海淀区,25.24,deep,1.0,0.0,0.0,0.0,True,False,none,False,183,,False
2021-07,2021,7,丰台区,18.3,shallow,1.0,0.0,0.0,0.0,True,False,none,False,246,,False
2021-07,2021,7,丰台区,18.3,central,1.0,0.0,0.0,0.0,True,False,none,False,246,,False
2021-07,2021,7,丰台区,18.3,deep,1.0,0.031784,0.031784,0.031784,True,True,B4,False,246,,False
2021-07,2021,7,石景山区,34.14,shallow,1.0,0.0,0.0,0.0,True,False,none,False,90,,True
2021-07,2021,7,石景山区,34.14,central,1.0,0.0,0.0,0.0,True,False,none,False,90,,True
2021-07,2021,7,石景山区,34.14,deep,1.0,0.0,0.0,0.0,True,False,none,False,90,,True
2021-07,2021,7,门头沟区,35.64,shallow,1.0,0.0,0.0,0.0,True,False,none,False,79,,False
2021-07,2021,7,门头沟区,35.64,central,1.0,0.0,0.0,0.0,True,False,none,False,79,,False
2021-07,2021,7,门头沟区,35.64,deep,1.0,0.0,0.0,0.0,True,False,none,False,79,,False
2021-07,2021,7,房山区,8.13,shallow,1.0,0.09858,0.09858,0.09858,True,True,B3,False,261,,False
2021-07,2021,7,房山区,8.13,central,1.0,0.491026,0.491026,0.491026,True,True,B2,False,261,,False
2021-07,2021,7,房山区,8.13,deep,1.0,0.491026,0.491026,0.491026,True,True,B2,False,261,,False
2021-07,2021,7,顺义区,27.0,shallow,1.0,0.0,0.0,0.0,True,False,none,False,197,,False
2021-07,2021,7,顺义区,27.0,central,1.0,0.0,0.0,0.0,True,False,none,False,197,,False
2021-07,2021,7,顺义区,27.0,deep,1.0,0.0,0.0,0.0,True,False,none,False,197,,False
2021-07,2021,7,昌平区,27.09,shallow,1.0,0.0,0.0,0.0,True,False,none,False,475,,False
2021-07,2021,7,昌平区,27.09,central,1.0,0.0,0.0,0.0,True,False,none,False,475,,False
2021-07,2021,7,昌平区,27.09,deep,1.0,0.0,0.0,0.0,True,False,none,False,475,,False
2021-07,2021,7,大兴区,16.85,shallow,1.0,0.0,0.0,0.0,True,False,none,False,790,,False
2021-07,2021,7,大兴区,16.85,central,1.0,0.009993,0.009993,0.009993,True,True,B4,True,790,,False
2021-07,2021,7,大兴区,16.85,deep,1.0,0.009993,0.009993,0.009993,True,True,B4,True,790,,False
2021-07,2021,7,怀柔区,13.42,shallow,1.0,0.0,0.0,0.0,True,False,none,False,93,,False
2021-07,2021,7,怀柔区,13.42,central,1.0,0.0,0.0,0.0,True,False,none,True,93,,False
2021-07,2021,7,怀柔区,13.42,deep,1.0,0.031538,0.031538,0.031538,True,True,B3,False,93,,False
2021-07,2021,7,平谷区,34.27,shallow,1.0,0.0,0.0,0.0,True,False,none,False,17,,False
2021-07,2021,7,平谷区,34.27,central,1.0,0.0,0.0,0.0,True,False,none,False,17,,False
2021-07,2021,7,平谷区,34.27,deep,1.0,0.0,0.0,0.0,True,False,none,False,17,,False
2021-07,2021,7,密云区,21.98,shallow,1.0,0.0,0.0,0.0,True,False,none,False,94,,False
2021-07,2021,7,密云区,21.98,central,1.0,0.0,0.0,0.0,True,False,none,False,94,,False
2021-07,2021,7,密云区,21.98,deep,1.0,0.0,0.0,0.0,True,False,none,False,94,,False
2021-07,2021,7,延庆区,7.89,shallow,1.0,0.020419,0.020419,0.020419,True,True,B3,False,39,,False
2021-07,2021,7,延庆区,7.89,central,1.0,0.18273799999999998,0.18273799999999998,0.18273799999999998,True,True,B2,False,39,,False
2021-07,2021,7,延庆区,7.89,deep,1.0,0.18273799999999998,0.18273799999999998,0.18273799999999998,True,True,B2,False,39,,False
2021-08,2021,8,东城区,24.34,shallow,1.0,0.0,0.0,0.0,True,False,none,False,126,,False
2021-08,2021,8,东城区,24.34,central,1.0,0.0,0.0,0.0,True,False,none,False,126,,False
2021-08,2021,8,东城区,24.34,deep,1.0,0.0,0.0,0.0,True,False,none,False,126,,False
2021-08,2021,8,西城区,21.24,shallow,1.0,0.0,0.0,0.0,True,False,none,False,122,,False
2021-08,2021,8,西城区,21.24,central,1.0,0.0,0.0,0.0,True,False,none,False,122,,False
2021-08,2021,8,西城区,21.24,deep,1.0,0.072026,0.072026,0.072026,True,True,B4,False,122,,False
2021-08,2021,8,朝阳区,29.365,shallow,1.0,0.0,0.0,0.0,True,False,none,False,52,,False
2021-08,2021,8,朝阳区,29.365,central,1.0,0.0,0.0,0.0,True,False,none,False,52,,False
2021-08,2021,8,朝阳区,29.365,deep,1.0,0.0,0.0,0.0,True,False,none,False,52,,False
2021-08,2021,8,海淀区,24.07,shallow,1.0,0.0,0.0,0.0,True,False,none,False,183,,False
2021-08,2021,8,海淀区,24.07,central,1.0,0.0,0.0,0.0,True,False,none,False,183,,False
2021-08,2021,8,海淀区,24.07,deep,1.0,0.0,0.0,0.0,True,False,none,False,183,,False
2021-08,2021,8,丰台区,17.615,shallow,1.0,0.0,0.0,0.0,True,False,none,False,246,,False
2021-08,2021,8,丰台区,17.615,central,1.0,0.0,0.0,0.0,True,False,none,False,246,,False
2021-08,2021,8,丰台区,17.615,deep,1.0,0.031784,0.031784,0.031784,True,True,B4,False,246,,False
2021-08,2021,8,石景山区,31.19,shallow,1.0,0.0,0.0,0.0,True,False,none,False,90,,True
2021-08,2021,8,石景山区,31.19,central,1.0,0.0,0.0,0.0,True,False,none,False,90,,True
2021-08,2021,8,石景山区,31.19,deep,1.0,0.0,0.0,0.0,True,False,none,False,90,,True
2021-08,2021,8,门头沟区,32.775,shallow,1.0,0.0,0.0,0.0,True,False,none,False,79,,False
2021-08,2021,8,门头沟区,32.775,central,1.0,0.0,0.0,0.0,True,False,none,False,79,,False
2021-08,2021,8,门头沟区,32.775,deep,1.0,0.0,0.0,0.0,True,False,none,False,79,,False
2021-08,2021,8,房山区,7.76,shallow,1.0,0.09858,0.09858,0.09858,True,True,B3,False,261,,False
2021-08,2021,8,房山区,7.76,central,1.0,0.491026,0.491026,0.491026,True,True,B2,False,261,,False
2021-08,2021,8,房山区,7.76,deep,1.0,0.491026,0.491026,0.491026,True,True,B2,False,261,,False
2021-08,2021,8,通州区,7.125,shallow,1.0,0.056312,0.056312,0.056312,True,True,B3,True,351,,False
2021-08,2021,8,通州区,7.125,central,1.0,0.437462,0.437462,0.437462,True,True,B2,False,351,,False
2021-08,2021,8,通州区,7.125,deep,1.0,0.437462,0.437462,0.437462,True,True,B2,False,351,,False
2021-08,2021,8,顺义区,25.48,shallow,1.0,0.0,0.0,0.0,True,False,none,False,197,,False
2021-08,2021,8,顺义区,25.48,central,1.0,0.0,0.0,0.0,True,False,none,False,197,,False
2021-08,2021,8,顺义区,25.48,deep,1.0,0.0,0.0,0.0,True,False,none,False,197,,False
2021-08,2021,8,昌平区,26.385,shallow,1.0,0.0,0.0,0.0,True,False,none,False,475,,False
2021-08,2021,8,昌平区,26.385,central,1.0,0.0,0.0,0.0,True,False,none,False,475,,False
2021-08,2021,8,昌平区,26.385,deep,1.0,0.0,0.0,0.0,True,False,none,False,475,,False
2021-08,2021,8,大兴区,16.634999999999998,shallow,1.0,0.0,0.0,0.0,True,False,none,False,790,,False
2021-08,2021,8,大兴区,16.634999999999998,central,1.0,0.009993,0.009993,0.009993,True,True,B4,True,790,,False
2021-08,2021,8,大兴区,16.634999999999998,deep,1.0,0.009993,0.009993,0.009993,True,True,B4,True,790,,False
2021-08,2021,8,怀柔区,13.15,shallow,1.0,0.0,0.0,0.0,True,False,none,False,93,,False
2021-08,2021,8,怀柔区,13.15,central,1.0,0.0,0.0,0.0,True,False,none,True,93,,False
2021-08,2021,8,怀柔区,13.15,deep,1.0,0.031538,0.031538,0.031538,True,True,B3,False,93,,False
2021-08,2021,8,平谷区,29.555,shallow,1.0,0.0,0.0,0.0,True,False,none,False,17,,False
2021-08,2021,8,平谷区,29.555,central,1.0,0.0,0.0,0.0,True,False,none,False,17,,False
2021-08,2021,8,平谷区,29.555,deep,1.0,0.0,0.0,0.0,True,False,none,False,17,,False
2021-08,2021,8,密云区,18.58,shallow,1.0,0.0,0.0,0.0,True,False,none,False,94,,False
2021-08,2021,8,密云区,18.58,central,1.0,0.0,0.0,0.0,True,False,none,False,94,,False
2021-08,2021,8,密云区,18.58,deep,1.0,0.0,0.0,0.0,True,False,none,False,94,,False
2021-08,2021,8,延庆区,8.2,shallow,1.0,0.020419,0.020419,0.020419,True,True,B3,False,39,,False
2021-08,2021,8,延庆区,8.2,central,1.0,0.18273799999999998,0.18273799999999998,0.18273799999999998,True,True,B2,False,39,,False
2021-08,2021,8,延庆区,8.2,deep,1.0,0.18273799999999998,0.18273799999999998,0.18273799999999998,True,True,B2,False,39,,False
2021-09,2021,9,东城区,23.86666666666667,shallow,1.0,0.0,0.0,0.0,True,False,none,False,126,,False
2021-09,2021,9,东城区,23.86666666666667,central,1.0,0.0,0.0,0.0,True,False,none,False,126,,False
2021-09,2021,9,东城区,23.86666666666667,deep,1.0,0.0,0.0,0.0,True,False,none,False,126,,False
2021-09,2021,9,西城区,21.55,shallow,1.0,0.0,0.0,0.0,True,False,none,False,122,,False
2021-09,2021,9,西城区,21.55,central,1.0,0.0,0.0,0.0,True,False,none,False,122,,False
2021-09,2021,9,西城区,21.55,deep,1.0,0.072026,0.072026,0.072026,True,True,B4,True,122,,False
2021-09,2021,9,朝阳区,28.933333333333334,shallow,1.0,0.0,0.0,0.0,True,False,none,False,52,,False
2021-09,2021,9,朝阳区,28.933333333333334,central,1.0,0.0,0.0,0.0,True,False,none,False,52,,False
2021-09,2021,9,朝阳区,28.933333333333334,deep,1.0,0.0,0.0,0.0,True,False,none,False,52,,False
2021-09,2021,9,海淀区,22.77,shallow,1.0,0.0,0.0,0.0,True,False,none,False,183,,False
2021-09,2021,9,海淀区,22.77,central,1.0,0.0,0.0,0.0,True,False,none,False,183,,False
2021-09,2021,9,海淀区,22.77,deep,1.0,0.0,0.0,0.0,True,False,none,False,183,,False
2021-09,2021,9,丰台区,17.18,shallow,1.0,0.0,0.0,0.0,True,False,none,False,246,,False
2021-09,2021,9,丰台区,17.18,central,1.0,0.0,0.0,0.0,True,False,none,True,246,,False
2021-09,2021,9,丰台区,17.18,deep,1.0,0.031784,0.031784,0.031784,True,True,B4,False,246,,False
2021-09,2021,9,石景山区,28.653333333333336,shallow,1.0,0.0,0.0,0.0,True,False,none,False,90,,True
2021-09,2021,9,石景山区,28.653333333333336,central,1.0,0.0,0.0,0.0,True,False,none,False,90,,True
2021-09,2021,9,石景山区,28.653333333333336,deep,1.0,0.0,0.0,0.0,True,False,none,False,90,,True
2021-09,2021,9,门头沟区,29.73333333333333,shallow,1.0,0.0,0.0,0.0,True,False,none,False,79,,False
2021-09,2021,9,门头沟区,29.73333333333333,central,1.0,0.0,0.0,0.0,True,False,none,False,79,,False
2021-09,2021,9,门头沟区,29.73333333333333,deep,1.0,0.0,0.0,0.0,True,False,none,False,79,,False
2021-09,2021,9,房山区,7.1000000000000005,shallow,1.0,0.09858,0.09858,0.09858,True,True,B3,True,261,,False
2021-09,2021,9,房山区,7.1000000000000005,central,1.0,0.491026,0.491026,0.491026,True,True,B2,False,261,,False
2021-09,2021,9,房山区,7.1000000000000005,deep,1.0,0.491026,0.491026,0.491026,True,True,B2,False,261,,False
2021-09,2021,9,通州区,6.523333333333333,shallow,1.0,0.437462,0.437462,0.437462,True,True,B2,True,351,,False
2021-09,2021,9,通州区,6.523333333333333,central,1.0,0.437462,0.437462,0.437462,True,True,B2,False,351,,False
2021-09,2021,9,通州区,6.523333333333333,deep,1.0,0.437462,0.437462,0.437462,True,True,B2,False,351,,False
2021-09,2021,9,顺义区,23.37333333333333,shallow,1.0,0.0,0.0,0.0,True,False,none,False,197,,False
2021-09,2021,9,顺义区,23.37333333333333,central,1.0,0.0,0.0,0.0,True,False,none,False,197,,False
2021-09,2021,9,顺义区,23.37333333333333,deep,1.0,0.0,0.0,0.0,True,False,none,False,197,,False
2021-09,2021,9,昌平区,25.266666666666666,shallow,1.0,0.0,0.0,0.0,True,False,none,False,475,,False
2021-09,2021,9,昌平区,25.266666666666666,central,1.0,0.0,0.0,0.0,True,False,none,False,475,,False
2021-09,2021,9,昌平区,25.266666666666666,deep,1.0,0.0,0.0,0.0,True,False,none,False,475,,False
2021-09,2021,9,大兴区,16.066666666666666,shallow,1.0,0.0,0.0,0.0,True,False,none,False,790,,False
2021-09,2021,9,大兴区,16.066666666666666,central,1.0,0.009993,0.009993,0.009993,True,True,B4,False,790,,False
2021-09,2021,9,大兴区,16.066666666666666,deep,1.0,0.087487,0.087487,0.087487,True,True,B3,True,790,,False
2021-09,2021,9,怀柔区,13.25,shallow,1.0,0.0,0.0,0.0,True,False,none,False,93,,False
2021-09,2021,9,怀柔区,13.25,central,1.0,0.0,0.0,0.0,True,False,none,True,93,,False
2021-09,2021,9,怀柔区,13.25,deep,1.0,0.031538,0.031538,0.031538,True,True,B3,False,93,,False
2021-09,2021,9,平谷区,26.22666666666667,shallow,1.0,0.0,0.0,0.0,True,False,none,False,17,,False
2021-09,2021,9,平谷区,26.22666666666667,central,1.0,0.0,0.0,0.0,True,False,none,False,17,,False
2021-09,2021,9,平谷区,26.22666666666667,deep,1.0,0.0,0.0,0.0,True,False,none,False,17,,False
2021-09,2021,9,密云区,16.613333333333333,shallow,1.0,0.0,0.0,0.0,True,False,none,False,94,,False
2021-09,2021,9,密云区,16.613333333333333,central,1.0,0.0,0.0,0.0,True,False,none,False,94,,False
2021-09,2021,9,密云区,16.613333333333333,deep,1.0,0.0,0.0,0.0,True,False,none,True,94,,False
2021-09,2021,9,延庆区,7.213333333333334,shallow,1.0,0.020419,0.020419,0.020419,True,True,B3,True,39,,False
2021-09,2021,9,延庆区,7.213333333333334,central,1.0,0.18273799999999998,0.18273799999999998,0.18273799999999998,True,True,B2,False,39,,False
2021-09,2021,9,延庆区,7.213333333333334,deep,1.0,0.18273799999999998,0.18273799999999998,0.18273799999999998,True,True,B2,False,39,,False
2021-10,2021,10,东城区,23.40333333333333,shallow,1.0,0.0,0.0,0.0,True,False,none,False,126,,False
2021-10,2021,10,东城区,23.40333333333333,central,1.0,0.0,0.0,0.0,True,False,none,False,126,,False
2021-10,2021,10,东城区,23.40333333333333,deep,1.0,0.0,0.0,0.0,True,False,none,False,126,,False
2021-10,2021,10,西城区,21.590000000000003,shallow,1.0,0.0,0.0,0.0,True,False,none,False,122,,False
2021-10,2021,10,西城区,21.590000000000003,central,1.0,0.0,0.0,0.0,True,False,none,False,122,,False
2021-10,2021,10,西城区,21.590000000000003,deep,1.0,0.072026,0.072026,0.072026,True,True,B4,True,122,,False
2021-10,2021,10,朝阳区,28.39333333333333,shallow,1.0,0.0,0.0,0.0,True,False,none,False,52,,False
2021-10,2021,10,朝阳区,28.39333333333333,central,1.0,0.0,0.0,0.0,True,False,none,False,52,,False
2021-10,2021,10,朝阳区,28.39333333333333,deep,1.0,0.0,0.0,0.0,True,False,none,False,52,,False
2021-10,2021,10,海淀区,21.72666666666667,shallow,1.0,0.0,0.0,0.0,True,False,none,False,183,,False
2021-10,2021,10,海淀区,21.72666666666667,central,1.0,0.0,0.0,0.0,True,False,none,False,183,,False
2021-10,2021,10,海淀区,21.72666666666667,deep,1.0,0.014557,0.014557,0.014557,True,True,B4,True,183,,False
2021-10,2021,10,丰台区,16.84,shallow,1.0,0.0,0.0,0.0,True,False,none,False,246,,False
2021-10,2021,10,丰台区,16.84,central,1.0,0.031784,0.031784,0.031784,True,True,B4,True,246,,False
2021-10,2021,10,丰台区,16.84,deep,1.0,0.031784,0.031784,0.031784,True,True,B4,True,246,,False
2021-10,2021,10,石景山区,26.933333333333334,shallow,1.0,0.0,0.0,0.0,True,False,none,False,90,,True
2021-10,2021,10,石景山区,26.933333333333334,central,1.0,0.0,0.0,0.0,True,False,none,False,90,,True
2021-10,2021,10,石景山区,26.933333333333334,deep,1.0,0.0,0.0,0.0,True,False,none,False,90,,True
2021-10,2021,10,门头沟区,27.896666666666665,shallow,1.0,0.0,0.0,0.0,True,False,none,False,79,,False
2021-10,2021,10,门头沟区,27.896666666666665,central,1.0,0.0,0.0,0.0,True,False,none,False,79,,False
2021-10,2021,10,门头沟区,27.896666666666665,deep,1.0,0.0,0.0,0.0,True,False,none,False,79,,False
2021-10,2021,10,房山区,6.723333333333334,shallow,1.0,0.491026,0.491026,0.491026,True,True,B2,True,261,,False
2021-10,2021,10,房山区,6.723333333333334,central,1.0,0.491026,0.491026,0.491026,True,True,B2,False,261,,False
2021-10,2021,10,房山区,6.723333333333334,deep,1.0,0.491026,0.491026,0.491026,True,True,B2,False,261,,False
2021-10,2021,10,通州区,6.236666666666667,shallow,1.0,0.437462,0.437462,0.437462,True,True,B2,False,351,,False
2021-10,2021,10,通州区,6.236666666666667,central,1.0,0.437462,0.437462,0.437462,True,True,B2,False,351,,False
2021-10,2021,10,通州区,6.236666666666667,deep,1.0,0.437462,0.437462,0.437462,True,True,B2,False,351,,False
2021-10,2021,10,顺义区,22.15,shallow,1.0,0.0,0.0,0.0,True,False,none,False,197,,False
2021-10,2021,10,顺义区,22.15,central,1.0,0.0,0.0,0.0,True,False,none,False,197,,False
2021-10,2021,10,顺义区,22.15,deep,1.0,0.0,0.0,0.0,True,False,none,False,197,,False
2021-10,2021,10,昌平区,24.48333333333333,shallow,1.0,0.0,0.0,0.0,True,False,none,False,475,,False
2021-10,2021,10,昌平区,24.48333333333333,central,1.0,0.0,0.0,0.0,True,False,none,False,475,,False
2021-10,2021,10,昌平区,24.48333333333333,deep,1.0,0.0,0.0,0.0,True,False,none,False,475,,False
2021-10,2021,10,大兴区,15.656666666666666,shallow,1.0,0.0,0.0,0.0,True,False,none,False,790,,False
2021-10,2021,10,大兴区,15.656666666666666,central,1.0,0.009993,0.009993,0.009993,True,True,B4,False,790,,False
2021-10,2021,10,大兴区,15.656666666666666,deep,1.0,0.087487,0.087487,0.087487,True,True,B3,False,790,,False
2021-10,2021,10,怀柔区,9.3,shallow,1.0,0.031538,0.031538,0.031538,True,True,B3,False,93,,False
2021-10,2021,10,怀柔区,9.3,central,1.0,0.031538,0.031538,0.031538,True,True,B3,True,93,,False
2021-10,2021,10,怀柔区,9.3,deep,1.0,0.387258,0.387258,0.387258,True,True,B2,False,93,,False
2021-10,2021,10,平谷区,23.96333333333333,shallow,1.0,0.0,0.0,0.0,True,False,none,False,17,,False
2021-10,2021,10,平谷区,23.96333333333333,central,1.0,0.0,0.0,0.0,True,False,none,False,17,,False
2021-10,2021,10,平谷区,23.96333333333333,deep,1.0,0.0,0.0,0.0,True,False,none,False,17,,False
2021-10,2021,10,密云区,15.556666666666668,shallow,1.0,0.0,0.0,0.0,True,False,none,False,94,,False
2021-10,2021,10,密云区,15.556666666666668,central,1.0,0.0,0.0,0.0,True,False,none,False,94,,False
2021-10,2021,10,密云区,15.556666666666668,deep,1.0,0.080789,0.080789,0.080789,True,True,B3,False,94,,False
2021-10,2021,10,延庆区,6.756666666666668,shallow,1.0,0.18273799999999998,0.18273799999999998,0.18273799999999998,True,True,B2,True,39,,False
2021-10,2021,10,延庆区,6.756666666666668,central,1.0,0.18273799999999998,0.18273799999999998,0.18273799999999998,True,True,B2,False,39,,False
2021-10,2021,10,延庆区,6.756666666666668,deep,1.0,0.18273799999999998,0.18273799999999998,0.18273799999999998,True,True,B2,False,39,,False
2021-11,2021,11,东城区,23.2425,shallow,1.0,0.0,0.0,0.0,True,False,none,False,126,,False
2021-11,2021,11,东城区,23.2425,central,1.0,0.0,0.0,0.0,True,False,none,False,126,,False
2021-11,2021,11,东城区,23.2425,deep,1.0,0.0,0.0,0.0,True,False,none,False,126,,False
2021-11,2021,11,西城区,21.385,shallow,1.0,0.0,0.0,0.0,True,False,none,False,122,,False
2021-11,2021,11,西城区,21.385,central,1.0,0.0,0.0,0.0,True,False,none,False,122,,False
2021-11,2021,11,西城区,21.385,deep,1.0,0.072026,0.072026,0.072026,True,True,B4,False,122,,False
2021-11,2021,11,朝阳区,28.2775,shallow,1.0,0.0,0.0,0.0,True,False,none,False,52,,False
2021-11,2021,11,朝阳区,28.2775,central,1.0,0.0,0.0,0.0,True,False,none,False,52,,False
2021-11,2021,11,朝阳区,28.2775,deep,1.0,0.0,0.0,0.0,True,False,none,False,52,,False
2021-11,2021,11,海淀区,20.9625,shallow,1.0,0.0,0.0,0.0,True,False,none,False,183,,False
2021-11,2021,11,海淀区,20.9625,central,1.0,0.0,0.0,0.0,True,False,none,False,183,,False
2021-11,2021,11,海淀区,20.9625,deep,1.0,0.014557,0.014557,0.014557,True,True,B4,False,183,,False
2021-11,2021,11,丰台区,16.580000000000002,shallow,1.0,0.0,0.0,0.0,True,False,none,False,246,,False
2021-11,2021,11,丰台区,16.580000000000002,central,1.0,0.031784,0.031784,0.031784,True,True,B4,True,246,,False
2021-11,2021,11,丰台区,16.580000000000002,deep,1.0,0.031784,0.031784,0.031784,True,True,B4,True,246,,False
2021-11,2021,11,石景山区,25.72,shallow,1.0,0.0,0.0,0.0,True,False,none,False,90,,True
2021-11,2021,11,石景山区,25.72,central,1.0,0.0,0.0,0.0,True,False,none,False,90,,True
2021-11,2021,11,石景山区,25.72,deep,1.0,0.0,0.0,0.0,True,False,none,False,90,,True
2021-11,2021,11,门头沟区,25.485,shallow,1.0,0.0,0.0,0.0,True,False,none,False,79,,False
2021-11,2021,11,门头沟区,25.485,central,1.0,0.0,0.0,0.0,True,False,none,False,79,,False
2021-11,2021,11,门头沟区,25.485,deep,1.0,0.0,0.0,0.0,True,False,none,False,79,,False
2021-11,2021,11,房山区,6.9475,shallow,1.0,0.491026,0.491026,0.491026,True,True,B2,True,261,,False
2021-11,2021,11,房山区,6.9475,central,1.0,0.491026,0.491026,0.491026,True,True,B2,False,261,,False
2021-11,2021,11,房山区,6.9475,deep,1.0,0.491026,0.491026,0.491026,True,True,B2,False,261,,False
2021-11,2021,11,通州区,6.33,shallow,1.0,0.437462,0.437462,0.437462,True,True,B2,False,351,,False
2021-11,2021,11,通州区,6.33,central,1.0,0.437462,0.437462,0.437462,True,True,B2,False,351,,False
2021-11,2021,11,通州区,6.33,deep,1.0,0.437462,0.437462,0.437462,True,True,B2,False,351,,False
2021-11,2021,11,顺义区,21.762500000000003,shallow,1.0,0.0,0.0,0.0,True,False,none,False,197,,False
2021-11,2021,11,顺义区,21.762500000000003,central,1.0,0.0,0.0,0.0,True,False,none,False,197,,False
2021-11,2021,11,顺义区,21.762500000000003,deep,1.0,0.0,0.0,0.0,True,False,none,False,197,,False
2021-11,2021,11,昌平区,24.020000000000003,shallow,1.0,0.0,0.0,0.0,True,False,none,False,475,,False
2021-11,2021,11,昌平区,24.020000000000003,central,1.0,0.0,0.0,0.0,True,False,none,False,475,,False
2021-11,2021,11,昌平区,24.020000000000003,deep,1.0,0.0,0.0,0.0,True,False,none,False,475,,False
2021-11,2021,11,大兴区,15.4575,shallow,1.0,0.0,0.0,0.0,True,False,none,False,790,,False
2021-11,2021,11,大兴区,15.4575,central,1.0,0.009993,0.009993,0.009993,True,True,B4,False,790,,False
2021-11,2021,11,大兴区,15.4575,deep,1.0,0.087487,0.087487,0.087487,True,True,B3,False,790,,False
2021-11,2021,11,怀柔区,8.8025,shallow,1.0,0.031538,0.031538,0.031538,True,True,B3,False,93,,False
2021-11,2021,11,怀柔区,8.8025,central,1.0,0.387258,0.387258,0.387258,True,True,B2,True,93,,False
2021-11,2021,11,怀柔区,8.8025,deep,1.0,0.387258,0.387258,0.387258,True,True,B2,False,93,,False
2021-11,2021,11,平谷区,22.5225,shallow,1.0,0.0,0.0,0.0,True,False,none,False,17,,False
2021-11,2021,11,平谷区,22.5225,central,1.0,0.0,0.0,0.0,True,False,none,False,17,,False
2021-11,2021,11,平谷区,22.5225,deep,1.0,0.0,0.0,0.0,True,False,none,False,17,,False
2021-11,2021,11,密云区,14.9925,shallow,1.0,0.0,0.0,0.0,True,False,none,False,94,,False
2021-11,2021,11,密云区,14.9925,central,1.0,0.0,0.0,0.0,True,False,none,False,94,,False
2021-11,2021,11,密云区,14.9925,deep,1.0,0.080789,0.080789,0.080789,True,True,B3,False,94,,False
2021-11,2021,11,延庆区,6.43,shallow,1.0,0.18273799999999998,0.18273799999999998,0.18273799999999998,True,True,B2,False,39,,False
2021-11,2021,11,延庆区,6.43,central,1.0,0.18273799999999998,0.18273799999999998,0.18273799999999998,True,True,B2,False,39,,False
2021-11,2021,11,延庆区,6.43,deep,1.0,0.18273799999999998,0.18273799999999998,0.18273799999999998,True,True,B2,False,39,,False
2021-12,2021,12,东城区,22.9975,shallow,1.0,0.0,0.0,0.0,True,False,none,False,126,,False
2021-12,2021,12,东城区,22.9975,central,1.0,0.0,0.0,0.0,True,False,none,False,126,,False
2021-12,2021,12,东城区,22.9975,deep,1.0,0.0,0.0,0.0,True,False,none,False,126,,False
2021-12,2021,12,西城区,21.1575,shallow,1.0,0.0,0.0,0.0,True,False,none,False,122,,False
2021-12,2021,12,西城区,21.1575,central,1.0,0.0,0.0,0.0,True,False,none,False,122,,False
2021-12,2021,12,西城区,21.1575,deep,1.0,0.072026,0.072026,0.072026,True,True,B4,False,122,,False
2021-12,2021,12,朝阳区,28.2175,shallow,1.0,0.0,0.0,0.0,True,False,none,False,52,,False
2021-12,2021,12,朝阳区,28.2175,central,1.0,0.0,0.0,0.0,True,False,none,False,52,,False
2021-12,2021,12,朝阳区,28.2175,deep,1.0,0.0,0.0,0.0,True,False,none,False,52,,False
2021-12,2021,12,海淀区,20.21,shallow,1.0,0.0,0.0,0.0,True,False,none,False,183,,False
2021-12,2021,12,海淀区,20.21,central,1.0,0.0,0.0,0.0,True,False,none,False,183,,False
2021-12,2021,12,海淀区,20.21,deep,1.0,0.014557,0.014557,0.014557,True,True,B4,False,183,,False
2021-12,2021,12,丰台区,16.229999999999997,shallow,1.0,0.0,0.0,0.0,True,False,none,False,246,,False
2021-12,2021,12,丰台区,16.229999999999997,central,1.0,0.031784,0.031784,0.031784,True,True,B4,False,246,,False
2021-12,2021,12,丰台区,16.229999999999997,deep,1.0,0.17988600000000002,0.17988600000000002,0.17988600000000002,True,True,B3,True,246,,False
2021-12,2021,12,石景山区,25.2775,shallow,1.0,0.0,0.0,0.0,True,False,none,False,90,,True
2021-12,2021,12,石景山区,25.2775,central,1.0,0.0,0.0,0.0,True,False,none,False,90,,True
2021-12,2021,12,石景山区,25.2775,deep,1.0,0.0,0.0,0.0,True,False,none,False,90,,True
2021-12,2021,12,门头沟区,24.8525,shallow,1.0,0.0,0.0,0.0,True,False,none,False,79,,False
2021-12,2021,12,门头沟区,24.8525,central,1.0,0.0,0.0,0.0,True,False,none,False,79,,False
2021-12,2021,12,门头沟区,24.8525,deep,1.0,0.0,0.0,0.0,True,False,none,False,79,,False
2021-12,2021,12,房山区,6.615,shallow,1.0,0.491026,0.491026,0.491026,True,True,B2,True,261,,False
2021-12,2021,12,房山区,6.615,central,1.0,0.491026,0.491026,0.491026,True,True,B2,False,261,,False
2021-12,2021,12,房山区,6.615,deep,1.0,0.491026,0.491026,0.491026,True,True,B2,False,261,,False
2021-12,2021,12,通州区,6.3325000000000005,shallow,1.0,0.437462,0.437462,0.437462,True,True,B2,False,351,,False
2021-12,2021,12,通州区,6.3325000000000005,central,1.0,0.437462,0.437462,0.437462,True,True,B2,False,351,,False
2021-12,2021,12,通州区,6.3325000000000005,deep,1.0,0.437462,0.437462,0.437462,True,True,B2,False,351,,False
2021-12,2021,12,顺义区,20.96,shallow,1.0,0.0,0.0,0.0,True,False,none,False,197,,False
2021-12,2021,12,顺义区,20.96,central,1.0,0.0,0.0,0.0,True,False,none,False,197,,False
2021-12,2021,12,顺义区,20.96,deep,1.0,0.0,0.0,0.0,True,False,none,False,197,,False
2021-12,2021,12,昌平区,23.33,shallow,1.0,0.0,0.0,0.0,True,False,none,False,475,,False
2021-12,2021,12,昌平区,23.33,central,1.0,0.0,0.0,0.0,True,False,none,False,475,,False
2021-12,2021,12,昌平区,23.33,deep,1.0,0.0,0.0,0.0,True,False,none,False,475,,False
2021-12,2021,12,大兴区,15.2675,shallow,1.0,0.0,0.0,0.0,True,False,none,False,790,,False
2021-12,2021,12,大兴区,15.2675,central,1.0,0.009993,0.009993,0.009993,True,True,B4,False,790,,False
2021-12,2021,12,大兴区,15.2675,deep,1.0,0.087487,0.087487,0.087487,True,True,B3,False,790,,False
2021-12,2021,12,怀柔区,8.4625,shallow,1.0,0.031538,0.031538,0.031538,True,True,B3,False,93,,False
2021-12,2021,12,怀柔区,8.4625,central,1.0,0.387258,0.387258,0.387258,True,True,B2,False,93,,False
2021-12,2021,12,怀柔区,8.4625,deep,1.0,0.387258,0.387258,0.387258,True,True,B2,False,93,,False
2021-12,2021,12,平谷区,21.2675,shallow,1.0,0.0,0.0,0.0,True,False,none,False,17,,False
2021-12,2021,12,平谷区,21.2675,central,1.0,0.0,0.0,0.0,True,False,none,False,17,,False
2021-12,2021,12,平谷区,21.2675,deep,1.0,0.0,0.0,0.0,True,False,none,False,17,,False
2021-12,2021,12,密云区,14.975,shallow,1.0,0.0,0.0,0.0,True,False,none,False,94,,False
2021-12,2021,12,密云区,14.975,central,1.0,0.0,0.0,0.0,True,False,none,False,94,,False
2021-12,2021,12,密云区,14.975,deep,1.0,0.080789,0.080789,0.080789,True,True,B3,False,94,,False
2021-12,2021,12,延庆区,6.404999999999999,shallow,1.0,0.18273799999999998,0.18273799999999998,0.18273799999999998,True,True,B2,False,39,,False
2021-12,2021,12,延庆区,6.404999999999999,central,1.0,0.18273799999999998,0.18273799999999998,0.18273799999999998,True,True,B2,False,39,,False
2021-12,2021,12,延庆区,6.404999999999999,deep,1.0,0.18273799999999998,0.18273799999999998,0.18273799999999998,True,True,B2,False,39,,False
2022-01,2022,1,东城区,22.56,shallow,1.0,0.0,0.0,0.0,True,False,none,False,126,,False
2022-01,2022,1,东城区,22.56,central,1.0,0.0,0.0,0.0,True,False,none,False,126,,False
2022-01,2022,1,东城区,22.56,deep,1.0,0.0,0.0,0.0,True,False,none,False,126,,False
2022-01,2022,1,西城区,20.6675,shallow,1.0,0.0,0.0,0.0,True,False,none,False,122,,False
2022-01,2022,1,西城区,20.6675,central,1.0,0.0,0.0,0.0,True,False,none,False,122,,False
2022-01,2022,1,西城区,20.6675,deep,1.0,0.072026,0.072026,0.072026,True,True,B4,False,122,,False
2022-01,2022,1,朝阳区,27.945,shallow,1.0,0.0,0.0,0.0,True,False,none,False,52,,False
2022-01,2022,1,朝阳区,27.945,central,1.0,0.0,0.0,0.0,True,False,none,False,52,,False
2022-01,2022,1,朝阳区,27.945,deep,1.0,0.0,0.0,0.0,True,False,none,False,52,,False
2022-01,2022,1,海淀区,19.6575,shallow,1.0,0.0,0.0,0.0,True,False,none,False,183,,False
2022-01,2022,1,海淀区,19.6575,central,1.0,0.0,0.0,0.0,True,False,none,False,183,,False
2022-01,2022,1,海淀区,19.6575,deep,1.0,0.014557,0.014557,0.014557,True,True,B4,False,183,,False
2022-01,2022,1,丰台区,15.920000000000002,shallow,1.0,0.0,0.0,0.0,True,False,none,False,246,,False
2022-01,2022,1,丰台区,15.920000000000002,central,1.0,0.031784,0.031784,0.031784,True,True,B4,False,246,,False
2022-01,2022,1,丰台区,15.920000000000002,deep,1.0,0.17988600000000002,0.17988600000000002,0.17988600000000002,True,True,B3,False,246,,False
2022-01,2022,1,石景山区,25.4125,shallow,1.0,0.0,0.0,0.0,True,False,none,False,90,,True
2022-01,2022,1,石景山区,25.4125,central,1.0,0.0,0.0,0.0,True,False,none,False,90,,True
2022-01,2022,1,石景山区,25.4125,deep,1.0,0.0,0.0,0.0,True,False,none,False,90,,True
2022-01,2022,1,门头沟区,24.8975,shallow,1.0,0.0,0.0,0.0,True,False,none,False,79,,False
2022-01,2022,1,门头沟区,24.8975,central,1.0,0.0,0.0,0.0,True,False,none,False,79,,False
2022-01,2022,1,门头沟区,24.8975,deep,1.0,0.0,0.0,0.0,True,False,none,False,79,,False
2022-01,2022,1,房山区,6.8175,shallow,1.0,0.491026,0.491026,0.491026,True,True,B2,True,261,,False
2022-01,2022,1,房山区,6.8175,central,1.0,0.491026,0.491026,0.491026,True,True,B2,False,261,,False
2022-01,2022,1,房山区,6.8175,deep,1.0,0.491026,0.491026,0.491026,True,True,B2,False,261,,False
2022-01,2022,1,通州区,6.339999999999999,shallow,1.0,0.437462,0.437462,0.437462,True,True,B2,False,351,,False
2022-01,2022,1,通州区,6.339999999999999,central,1.0,0.437462,0.437462,0.437462,True,True,B2,False,351,,False
2022-01,2022,1,通州区,6.339999999999999,deep,1.0,0.437462,0.437462,0.437462,True,True,B2,False,351,,False
2022-01,2022,1,顺义区,20.125,shallow,1.0,0.0,0.0,0.0,True,False,none,False,197,,False
2022-01,2022,1,顺义区,20.125,central,1.0,0.0,0.0,0.0,True,False,none,False,197,,False
2022-01,2022,1,顺义区,20.125,deep,1.0,0.0,0.0,0.0,True,False,none,False,197,,False
2022-01,2022,1,昌平区,22.8075,shallow,1.0,0.0,0.0,0.0,True,False,none,False,475,,False
2022-01,2022,1,昌平区,22.8075,central,1.0,0.0,0.0,0.0,True,False,none,False,475,,False
2022-01,2022,1,昌平区,22.8075,deep,1.0,0.0,0.0,0.0,True,False,none,False,475,,False
2022-01,2022,1,大兴区,14.8725,shallow,1.0,0.0,0.0,0.0,True,False,none,False,790,,False
2022-01,2022,1,大兴区,14.8725,central,1.0,0.009993,0.009993,0.009993,True,True,B4,False,790,,False
2022-01,2022,1,大兴区,14.8725,deep,1.0,0.087487,0.087487,0.087487,True,True,B3,False,790,,False
2022-01,2022,1,怀柔区,7.9725,shallow,1.0,0.031538,0.031538,0.031538,True,True,B3,False,93,,False
2022-01,2022,1,怀柔区,7.9725,central,1.0,0.387258,0.387258,0.387258,True,True,B2,False,93,,False
2022-01,2022,1,怀柔区,7.9725,deep,1.0,0.387258,0.387258,0.387258,True,True,B2,False,93,,False
2022-01,2022,1,平谷区,20.725,shallow,1.0,0.0,0.0,0.0,True,False,none,False,17,,False
2022-01,2022,1,平谷区,20.725,central,1.0,0.0,0.0,0.0,True,False,none,False,17,,False
2022-01,2022,1,平谷区,20.725,deep,1.0,0.0,0.0,0.0,True,False,none,False,17,,False
2022-01,2022,1,密云区,15.2875,shallow,1.0,0.0,0.0,0.0,True,False,none,False,94,,False
2022-01,2022,1,密云区,15.2875,central,1.0,0.0,0.0,0.0,True,False,none,False,94,,False
2022-01,2022,1,密云区,15.2875,deep,1.0,0.080789,0.080789,0.080789,True,True,B3,False,94,,False
2022-01,2022,1,延庆区,6.3475,shallow,1.0,0.18273799999999998,0.18273799999999998,0.18273799999999998,True,True,B2,False,39,,False
2022-01,2022,1,延庆区,6.3475,central,1.0,0.18273799999999998,0.18273799999999998,0.18273799999999998,True,True,B2,False,39,,False
2022-01,2022,1,延庆区,6.3475,deep,1.0,0.18273799999999998,0.18273799999999998,0.18273799999999998,True,True,B2,False,39,,False
2022-02,2022,2,东城区,22.0525,shallow,1.0,0.0,0.0,0.0,True,False,none,False,126,,False
2022-02,2022,2,东城区,22.0525,central,1.0,0.0,0.0,0.0,True,False,none,False,126,,False
2022-02,2022,2,东城区,22.0525,deep,1.0,0.0,0.0,0.0,True,False,none,True,126,,False
2022-02,2022,2,西城区,20.1525,shallow,1.0,0.0,0.0,0.0,True,False,none,False,122,,False
2022-02,2022,2,西城区,20.1525,central,1.0,0.0,0.0,0.0,True,False,none,False,122,,False
2022-02,2022,2,西城区,20.1525,deep,1.0,0.072026,0.072026,0.072026,True,True,B4,False,122,,False
2022-02,2022,2,朝阳区,27.8025,shallow,1.0,0.0,0.0,0.0,True,False,none,False,52,,False
2022-02,2022,2,朝阳区,27.8025,central,1.0,0.0,0.0,0.0,True,False,none,False,52,,False
2022-02,2022,2,朝阳区,27.8025,deep,1.0,0.0,0.0,0.0,True,False,none,False,52,,False
2022-02,2022,2,海淀区,19.1825,shallow,1.0,0.0,0.0,0.0,True,False,none,False,183,,False
2022-02,2022,2,海淀区,19.1825,central,1.0,0.0,0.0,0.0,True,False,none,False,183,,False
2022-02,2022,2,海淀区,19.1825,deep,1.0,0.014557,0.014557,0.014557,True,True,B4,False,183,,False
2022-02,2022,2,丰台区,15.88,shallow,1.0,0.0,0.0,0.0,True,False,none,False,246,,False
2022-02,2022,2,丰台区,15.88,central,1.0,0.031784,0.031784,0.031784,True,True,B4,False,246,,False
2022-02,2022,2,丰台区,15.88,deep,1.0,0.17988600000000002,0.17988600000000002,0.17988600000000002,True,True,B3,False,246,,False
2022-02,2022,2,石景山区,25.795,shallow,1.0,0.0,0.0,0.0,True,False,none,False,90,,True
2022-02,2022,2,石景山区,25.795,central,1.0,0.0,0.0,0.0,True,False,none,False,90,,True
2022-02,2022,2,石景山区,25.795,deep,1.0,0.0,0.0,0.0,True,False,none,False,90,,True
2022-02,2022,2,门头沟区,25.6075,shallow,1.0,0.0,0.0,0.0,True,False,none,False,79,,False
2022-02,2022,2,门头沟区,25.6075,central,1.0,0.0,0.0,0.0,True,False,none,False,79,,False
2022-02,2022,2,门头沟区,25.6075,deep,1.0,0.0,0.0,0.0,True,False,none,False,79,,False
2022-02,2022,2,房山区,7.180000000000001,shallow,1.0,0.09858,0.09858,0.09858,True,True,B3,True,261,,False
2022-02,2022,2,房山区,7.180000000000001,central,1.0,0.491026,0.491026,0.491026,True,True,B2,False,261,,False
2022-02,2022,2,房山区,7.180000000000001,deep,1.0,0.491026,0.491026,0.491026,True,True,B2,False,261,,False
2022-02,2022,2,通州区,6.695,shallow,1.0,0.437462,0.437462,0.437462,True,True,B2,True,351,,False
2022-02,2022,2,通州区,6.695,central,1.0,0.437462,0.437462,0.437462,True,True,B2,False,351,,False
2022-02,2022,2,通州区,6.695,deep,1.0,0.437462,0.437462,0.437462,True,True,B2,False,351,,False
2022-02,2022,2,顺义区,19.9825,shallow,1.0,0.0,0.0,0.0,True,False,none,False,197,,False
2022-02,2022,2,顺义区,19.9825,central,1.0,0.0,0.0,0.0,True,False,none,False,197,,False
2022-02,2022,2,顺义区,19.9825,deep,1.0,0.0,0.0,0.0,True,False,none,False,197,,False
2022-02,2022,2,昌平区,22.4975,shallow,1.0,0.0,0.0,0.0,True,False,none,False,475,,False
2022-02,2022,2,昌平区,22.4975,central,1.0,0.0,0.0,0.0,True,False,none,False,475,,False
2022-02,2022,2,昌平区,22.4975,deep,1.0,0.0,0.0,0.0,True,False,none,True,475,,False
2022-02,2022,2,大兴区,15.155,shallow,1.0,0.0,0.0,0.0,True,False,none,False,790,,False
2022-02,2022,2,大兴区,15.155,central,1.0,0.009993,0.009993,0.009993,True,True,B4,False,790,,False
2022-02,2022,2,大兴区,15.155,deep,1.0,0.087487,0.087487,0.087487,True,True,B3,False,790,,False
2022-02,2022,2,怀柔区,7.91,shallow,1.0,0.031538,0.031538,0.031538,True,True,B3,False,93,,False
2022-02,2022,2,怀柔区,7.91,central,1.0,0.387258,0.387258,0.387258,True,True,B2,False,93,,False
2022-02,2022,2,怀柔区,7.91,deep,1.0,0.387258,0.387258,0.387258,True,True,B2,False,93,,False
2022-02,2022,2,平谷区,20.4975,shallow,1.0,0.0,0.0,0.0,True,False,none,False,17,,False
2022-02,2022,2,平谷区,20.4975,central,1.0,0.0,0.0,0.0,True,False,none,False,17,,False
2022-02,2022,2,平谷区,20.4975,deep,1.0,0.0,0.0,0.0,True,False,none,False,17,,False
2022-02,2022,2,密云区,16.405,shallow,1.0,0.0,0.0,0.0,True,False,none,False,94,,False
2022-02,2022,2,密云区,16.405,central,1.0,0.0,0.0,0.0,True,False,none,False,94,,False
2022-02,2022,2,密云区,16.405,deep,1.0,0.080789,0.080789,0.080789,True,True,B3,True,94,,False
2022-02,2022,2,延庆区,6.48,shallow,1.0,0.18273799999999998,0.18273799999999998,0.18273799999999998,True,True,B2,False,39,,False
2022-02,2022,2,延庆区,6.48,central,1.0,0.18273799999999998,0.18273799999999998,0.18273799999999998,True,True,B2,False,39,,False
2022-02,2022,2,延庆区,6.48,deep,1.0,0.18273799999999998,0.18273799999999998,0.18273799999999998,True,True,B2,False,39,,False
2022-03,2022,3,东城区,21.840000000000003,shallow,1.0,0.0,0.0,0.0,True,False,none,False,126,,False
2022-03,2022,3,东城区,21.840000000000003,central,1.0,0.0,0.0,0.0,True,False,none,False,126,,False
2022-03,2022,3,东城区,21.840000000000003,deep,1.0,0.041934,0.041934,0.041934,True,True,B4,True,126,,False
2022-03,2022,3,西城区,19.7475,shallow,1.0,0.0,0.0,0.0,True,False,none,False,122,,False
2022-03,2022,3,西城区,19.7475,central,1.0,0.0,0.0,0.0,True,False,none,False,122,,False
2022-03,2022,3,西城区,19.7475,deep,1.0,0.072026,0.072026,0.072026,True,True,B4,False,122,,False
2022-03,2022,3,朝阳区,27.74,shallow,1.0,0.0,0.0,0.0,True,False,none,False,52,,False
2022-03,2022,3,朝阳区,27.74,central,1.0,0.0,0.0,0.0,True,False,none,False,52,,False
2022-03,2022,3,朝阳区,27.74,deep,1.0,0.0,0.0,0.0,True,False,none,False,52,,False
2022-03,2022,3,海淀区,18.9975,shallow,1.0,0.0,0.0,0.0,True,False,none,False,183,,False
2022-03,2022,3,海淀区,18.9975,central,1.0,0.0,0.0,0.0,True,False,none,False,183,,False
2022-03,2022,3,海淀区,18.9975,deep,1.0,0.014557,0.014557,0.014557,True,True,B4,False,183,,False
2022-03,2022,3,丰台区,15.7525,shallow,1.0,0.0,0.0,0.0,True,False,none,False,246,,False
2022-03,2022,3,丰台区,15.7525,central,1.0,0.031784,0.031784,0.031784,True,True,B4,False,246,,False
2022-03,2022,3,丰台区,15.7525,deep,1.0,0.17988600000000002,0.17988600000000002,0.17988600000000002,True,True,B3,False,246,,False
2022-03,2022,3,石景山区,26.1625,shallow,1.0,0.0,0.0,0.0,True,False,none,False,90,,True
2022-03,2022,3,石景山区,26.1625,central,1.0,0.0,0.0,0.0,True,False,none,False,90,,True
2022-03,2022,3,石景山区,26.1625,deep,1.0,0.0,0.0,0.0,True,False,none,False,90,,True
2022-03,2022,3,门头沟区,25.8325,shallow,1.0,0.0,0.0,0.0,True,False,none,False,79,,False
2022-03,2022,3,门头沟区,25.8325,central,1.0,0.0,0.0,0.0,True,False,none,False,79,,False
2022-03,2022,3,门头沟区,25.8325,deep,1.0,0.0,0.0,0.0,True,False,none,False,79,,False
2022-03,2022,3,房山区,7.154999999999999,shallow,1.0,0.09858,0.09858,0.09858,True,True,B3,True,261,,False
2022-03,2022,3,房山区,7.154999999999999,central,1.0,0.491026,0.491026,0.491026,True,True,B2,False,261,,False
2022-03,2022,3,房山区,7.154999999999999,deep,1.0,0.491026,0.491026,0.491026,True,True,B2,False,261,,False
2022-03,2022,3,通州区,6.9525,shallow,1.0,0.437462,0.437462,0.437462,True,True,B2,True,351,,False
2022-03,2022,3,通州区,6.9525,central,1.0,0.437462,0.437462,0.437462,True,True,B2,False,351,,False
2022-03,2022,3,通州区,6.9525,deep,1.0,0.437462,0.437462,0.437462,True,True,B2,False,351,,False
2022-03,2022,3,顺义区,19.895,shallow,1.0,0.0,0.0,0.0,True,False,none,False,197,,False
2022-03,2022,3,顺义区,19.895,central,1.0,0.0,0.0,0.0,True,False,none,False,197,,False
2022-03,2022,3,顺义区,19.895,deep,1.0,0.0,0.0,0.0,True,False,none,False,197,,False
2022-03,2022,3,昌平区,22.547500000000003,shallow,1.0,0.0,0.0,0.0,True,False,none,False,475,,False
2022-03,2022,3,昌平区,22.547500000000003,central,1.0,0.0,0.0,0.0,True,False,none,False,475,,False
2022-03,2022,3,昌平区,22.547500000000003,deep,1.0,0.0,0.0,0.0,True,False,none,False,475,,False
2022-03,2022,3,大兴区,15.485,shallow,1.0,0.0,0.0,0.0,True,False,none,False,790,,False
2022-03,2022,3,大兴区,15.485,central,1.0,0.009993,0.009993,0.009993,True,True,B4,False,790,,False
2022-03,2022,3,大兴区,15.485,deep,1.0,0.087487,0.087487,0.087487,True,True,B3,False,790,,False
2022-03,2022,3,怀柔区,7.725,shallow,1.0,0.031538,0.031538,0.031538,True,True,B3,False,93,,False
2022-03,2022,3,怀柔区,7.725,central,1.0,0.387258,0.387258,0.387258,True,True,B2,False,93,,False
2022-03,2022,3,怀柔区,7.725,deep,1.0,0.387258,0.387258,0.387258,True,True,B2,False,93,,False
2022-03,2022,3,平谷区,20.3375,shallow,1.0,0.0,0.0,0.0,True,False,none,False,17,,False
2022-03,2022,3,平谷区,20.3375,central,1.0,0.0,0.0,0.0,True,False,none,False,17,,False
2022-03,2022,3,平谷区,20.3375,deep,1.0,0.0,0.0,0.0,True,False,none,False,17,,False
2022-03,2022,3,密云区,16.762500000000003,shallow,1.0,0.0,0.0,0.0,True,False,none,False,94,,False
2022-03,2022,3,密云区,16.762500000000003,central,1.0,0.0,0.0,0.0,True,False,none,False,94,,False
2022-03,2022,3,密云区,16.762500000000003,deep,1.0,0.0,0.0,0.0,True,False,none,True,94,,False
2022-03,2022,3,延庆区,6.43,shallow,1.0,0.18273799999999998,0.18273799999999998,0.18273799999999998,True,True,B2,False,39,,False
2022-03,2022,3,延庆区,6.43,central,1.0,0.18273799999999998,0.18273799999999998,0.18273799999999998,True,True,B2,False,39,,False
2022-03,2022,3,延庆区,6.43,deep,1.0,0.18273799999999998,0.18273799999999998,0.18273799999999998,True,True,B2,False,39,,False
2022-04,2022,4,东城区,21.637500000000003,shallow,1.0,0.0,0.0,0.0,True,False,none,False,126,,False
2022-04,2022,4,东城区,21.637500000000003,central,1.0,0.0,0.0,0.0,True,False,none,False,126,,False
2022-04,2022,4,东城区,21.637500000000003,deep,1.0,0.041934,0.041934,0.041934,True,True,B4,True,126,,False
2022-04,2022,4,西城区,19.315,shallow,1.0,0.0,0.0,0.0,True,False,none,False,122,,False
2022-04,2022,4,西城区,19.315,central,1.0,0.0,0.0,0.0,True,False,none,False,122,,False
2022-04,2022,4,西城区,19.315,deep,1.0,0.072026,0.072026,0.072026,True,True,B4,False,122,,False
2022-04,2022,4,朝阳区,27.9025,shallow,1.0,0.0,0.0,0.0,True,False,none,False,52,,False
2022-04,2022,4,朝阳区,27.9025,central,1.0,0.0,0.0,0.0,True,False,none,False,52,,False
2022-04,2022,4,朝阳区,27.9025,deep,1.0,0.0,0.0,0.0,True,False,none,False,52,,False
2022-04,2022,4,海淀区,19.2925,shallow,1.0,0.0,0.0,0.0,True,False,none,False,183,,False
2022-04,2022,4,海淀区,19.2925,central,1.0,0.0,0.0,0.0,True,False,none,False,183,,False
2022-04,2022,4,海淀区,19.2925,deep,1.0,0.014557,0.014557,0.014557,True,True,B4,False,183,,False
2022-04,2022,4,丰台区,15.5025,shallow,1.0,0.0,0.0,0.0,True,False,none,False,246,,False
2022-04,2022,4,丰台区,15.5025,central,1.0,0.031784,0.031784,0.031784,True,True,B4,False,246,,False
2022-04,2022,4,丰台区,15.5025,deep,1.0,0.17988600000000002,0.17988600000000002,0.17988600000000002,True,True,B3,False,246,,False
2022-04,2022,4,石景山区,26.305,shallow,1.0,0.0,0.0,0.0,True,False,none,False,90,,True
2022-04,2022,4,石景山区,26.305,central,1.0,0.0,0.0,0.0,True,False,none,False,90,,True
2022-04,2022,4,石景山区,26.305,deep,1.0,0.0,0.0,0.0,True,False,none,False,90,,True
2022-04,2022,4,门头沟区,25.9975,shallow,1.0,0.0,0.0,0.0,True,False,none,False,79,,False
2022-04,2022,4,门头沟区,25.9975,central,1.0,0.0,0.0,0.0,True,False,none,False,79,,False
2022-04,2022,4,门头沟区,25.9975,deep,1.0,0.0,0.0,0.0,True,False,none,False,79,,False
2022-04,2022,4,房山区,7.7625,shallow,1.0,0.09858,0.09858,0.09858,True,True,B3,False,261,,False
2022-04,2022,4,房山区,7.7625,central,1.0,0.491026,0.491026,0.491026,True,True,B2,False,261,,False
2022-04,2022,4,房山区,7.7625,deep,1.0,0.491026,0.491026,0.491026,True,True,B2,False,261,,False
2022-04,2022,4,通州区,7.6475,shallow,1.0,0.056312,0.056312,0.056312,True,True,B3,False,351,,False
2022-04,2022,4,通州区,7.6475,central,1.0,0.437462,0.437462,0.437462,True,True,B2,False,351,,False
2022-04,2022,4,通州区,7.6475,deep,1.0,0.437462,0.437462,0.437462,True,True,B2,False,351,,False
2022-04,2022,4,顺义区,21.6325,shallow,1.0,0.0,0.0,0.0,True,False,none,False,197,,False
2022-04,2022,4,顺义区,21.6325,central,1.0,0.0,0.0,0.0,True,False,none,False,197,,False
2022-04,2022,4,顺义区,21.6325,deep,1.0,0.0,0.0,0.0,True,False,none,False,197,,False
2022-04,2022,4,昌平区,22.585,shallow,1.0,0.0,0.0,0.0,True,False,none,False,475,,False
2022-04,2022,4,昌平区,22.585,central,1.0,0.0,0.0,0.0,True,False,none,False,475,,False
2022-04,2022,4,昌平区,22.585,deep,1.0,0.0,0.0,0.0,True,False,none,False,475,,False
2022-04,2022,4,大兴区,16.5675,shallow,1.0,0.0,0.0,0.0,True,False,none,False,790,,False
2022-04,2022,4,大兴区,16.5675,central,1.0,0.009993,0.009993,0.009993,True,True,B4,True,790,,False
2022-04,2022,4,大兴区,16.5675,deep,1.0,0.009993,0.009993,0.009993,True,True,B4,True,790,,False
2022-04,2022,4,怀柔区,7.745,shallow,1.0,0.031538,0.031538,0.031538,True,True,B3,False,93,,False
2022-04,2022,4,怀柔区,7.745,central,1.0,0.387258,0.387258,0.387258,True,True,B2,False,93,,False
2022-04,2022,4,怀柔区,7.745,deep,1.0,0.387258,0.387258,0.387258,True,True,B2,False,93,,False
2022-04,2022,4,平谷区,21.5325,shallow,1.0,0.0,0.0,0.0,True,False,none,False,17,,False
2022-04,2022,4,平谷区,21.5325,central,1.0,0.0,0.0,0.0,True,False,none,False,17,,False
2022-04,2022,4,平谷区,21.5325,deep,1.0,0.0,0.0,0.0,True,False,none,False,17,,False
2022-04,2022,4,密云区,17.1275,shallow,1.0,0.0,0.0,0.0,True,False,none,False,94,,False
2022-04,2022,4,密云区,17.1275,central,1.0,0.0,0.0,0.0,True,False,none,False,94,,False
2022-04,2022,4,密云区,17.1275,deep,1.0,0.0,0.0,0.0,True,False,none,False,94,,False
2022-04,2022,4,延庆区,7.2725,shallow,1.0,0.020419,0.020419,0.020419,True,True,B3,True,39,,False
2022-04,2022,4,延庆区,7.2725,central,1.0,0.18273799999999998,0.18273799999999998,0.18273799999999998,True,True,B2,False,39,,False
2022-04,2022,4,延庆区,7.2725,deep,1.0,0.18273799999999998,0.18273799999999998,0.18273799999999998,True,True,B2,False,39,,False
2022-05,2022,5,东城区,21.245,shallow,1.0,0.0,0.0,0.0,True,False,none,False,126,,False
2022-05,2022,5,东城区,21.245,central,1.0,0.0,0.0,0.0,True,False,none,False,126,,False
2022-05,2022,5,东城区,21.245,deep,1.0,0.041934,0.041934,0.041934,True,True,B4,False,126,,False
2022-05,2022,5,西城区,18.9725,shallow,1.0,0.0,0.0,0.0,True,False,none,False,122,,False
2022-05,2022,5,西城区,18.9725,central,1.0,0.0,0.0,0.0,True,False,none,False,122,,False
2022-05,2022,5,西城区,18.9725,deep,1.0,0.072026,0.072026,0.072026,True,True,B4,False,122,,False
2022-05,2022,5,朝阳区,28.0525,shallow,1.0,0.0,0.0,0.0,True,False,none,False,52,,False
2022-05,2022,5,朝阳区,28.0525,central,1.0,0.0,0.0,0.0,True,False,none,False,52,,False
2022-05,2022,5,朝阳区,28.0525,deep,1.0,0.0,0.0,0.0,True,False,none,False,52,,False
2022-05,2022,5,海淀区,19.5875,shallow,1.0,0.0,0.0,0.0,True,False,none,False,183,,False
2022-05,2022,5,海淀区,19.5875,central,1.0,0.0,0.0,0.0,True,False,none,False,183,,False
2022-05,2022,5,海淀区,19.5875,deep,1.0,0.014557,0.014557,0.014557,True,True,B4,False,183,,False
2022-05,2022,5,丰台区,15.045,shallow,1.0,0.0,0.0,0.0,True,False,none,False,246,,False
2022-05,2022,5,丰台区,15.045,central,1.0,0.031784,0.031784,0.031784,True,True,B4,False,246,,False
2022-05,2022,5,丰台区,15.045,deep,1.0,0.17988600000000002,0.17988600000000002,0.17988600000000002,True,True,B3,False,246,,False
2022-05,2022,5,石景山区,25.5625,shallow,1.0,0.0,0.0,0.0,True,False,none,False,90,,True
2022-05,2022,5,石景山区,25.5625,central,1.0,0.0,0.0,0.0,True,False,none,False,90,,True
2022-05,2022,5,石景山区,25.5625,deep,1.0,0.0,0.0,0.0,True,False,none,False,90,,True
2022-05,2022,5,门头沟区,25.3225,shallow,1.0,0.0,0.0,0.0,True,False,none,False,79,,False
2022-05,2022,5,门头沟区,25.3225,central,1.0,0.0,0.0,0.0,True,False,none,False,79,,False
2022-05,2022,5,门头沟区,25.3225,deep,1.0,0.0,0.0,0.0,True,False,none,False,79,,False
2022-05,2022,5,房山区,7.890000000000001,shallow,1.0,0.09858,0.09858,0.09858,True,True,B3,False,261,,False
2022-05,2022,5,房山区,7.890000000000001,central,1.0,0.491026,0.491026,0.491026,True,True,B2,False,261,,False
2022-05,2022,5,房山区,7.890000000000001,deep,1.0,0.491026,0.491026,0.491026,True,True,B2,False,261,,False
2022-05,2022,5,通州区,7.904999999999999,shallow,1.0,0.056312,0.056312,0.056312,True,True,B3,False,351,,False
2022-05,2022,5,通州区,7.904999999999999,central,1.0,0.437462,0.437462,0.437462,True,True,B2,False,351,,False
2022-05,2022,5,通州区,7.904999999999999,deep,1.0,0.437462,0.437462,0.437462,True,True,B2,False,351,,False
2022-05,2022,5,顺义区,22.860000000000003,shallow,1.0,0.0,0.0,0.0,True,False,none,False,197,,False
2022-05,2022,5,顺义区,22.860000000000003,central,1.0,0.0,0.0,0.0,True,False,none,False,197,,False
2022-05,2022,5,顺义区,22.860000000000003,deep,1.0,0.0,0.0,0.0,True,False,none,False,197,,False
2022-05,2022,5,昌平区,23.0925,shallow,1.0,0.0,0.0,0.0,True,False,none,False,475,,False
2022-05,2022,5,昌平区,23.0925,central,1.0,0.0,0.0,0.0,True,False,none,False,475,,False
2022-05,2022,5,昌平区,23.0925,deep,1.0,0.0,0.0,0.0,True,False,none,False,475,,False
2022-05,2022,5,大兴区,16.935,shallow,1.0,0.0,0.0,0.0,True,False,none,False,790,,False
2022-05,2022,5,大兴区,16.935,central,1.0,0.009993,0.009993,0.009993,True,True,B4,True,790,,False
2022-05,2022,5,大兴区,16.935,deep,1.0,0.009993,0.009993,0.009993,True,True,B4,True,790,,False
2022-05,2022,5,怀柔区,7.905,shallow,1.0,0.031538,0.031538,0.031538,True,True,B3,False,93,,False
2022-05,2022,5,怀柔区,7.905,central,1.0,0.387258,0.387258,0.387258,True,True,B2,False,93,,False
2022-05,2022,5,怀柔区,7.905,deep,1.0,0.387258,0.387258,0.387258,True,True,B2,False,93,,False
2022-05,2022,5,平谷区,21.9625,shallow,1.0,0.0,0.0,0.0,True,False,none,False,17,,False
2022-05,2022,5,平谷区,21.9625,central,1.0,0.0,0.0,0.0,True,False,none,False,17,,False
2022-05,2022,5,平谷区,21.9625,deep,1.0,0.0,0.0,0.0,True,False,none,False,17,,False
2022-05,2022,5,密云区,17.2425,shallow,1.0,0.0,0.0,0.0,True,False,none,False,94,,False
2022-05,2022,5,密云区,17.2425,central,1.0,0.0,0.0,0.0,True,False,none,False,94,,False
2022-05,2022,5,密云区,17.2425,deep,1.0,0.0,0.0,0.0,True,False,none,False,94,,False
2022-05,2022,5,延庆区,7.56,shallow,1.0,0.020419,0.020419,0.020419,True,True,B3,False,39,,False
2022-05,2022,5,延庆区,7.56,central,1.0,0.18273799999999998,0.18273799999999998,0.18273799999999998,True,True,B2,False,39,,False
2022-05,2022,5,延庆区,7.56,deep,1.0,0.18273799999999998,0.18273799999999998,0.18273799999999998,True,True,B2,False,39,,False
2022-06,2022,6,东城区,21.1975,shallow,1.0,0.0,0.0,0.0,True,False,none,False,126,,False
2022-06,2022,6,东城区,21.1975,central,1.0,0.0,0.0,0.0,True,False,none,False,126,,False
2022-06,2022,6,东城区,21.1975,deep,1.0,0.041934,0.041934,0.041934,True,True,B4,False,126,,False
2022-06,2022,6,西城区,18.98,shallow,1.0,0.0,0.0,0.0,True,False,none,False,122,,False
2022-06,2022,6,西城区,18.98,central,1.0,0.0,0.0,0.0,True,False,none,False,122,,False
2022-06,2022,6,西城区,18.98,deep,1.0,0.072026,0.072026,0.072026,True,True,B4,False,122,,False
2022-06,2022,6,朝阳区,28.32,shallow,1.0,0.0,0.0,0.0,True,False,none,False,52,,False
2022-06,2022,6,朝阳区,28.32,central,1.0,0.0,0.0,0.0,True,False,none,False,52,,False
2022-06,2022,6,朝阳区,28.32,deep,1.0,0.0,0.0,0.0,True,False,none,False,52,,False
2022-06,2022,6,海淀区,19.905,shallow,1.0,0.0,0.0,0.0,True,False,none,False,183,,False
2022-06,2022,6,海淀区,19.905,central,1.0,0.0,0.0,0.0,True,False,none,False,183,,False
2022-06,2022,6,海淀区,19.905,deep,1.0,0.014557,0.014557,0.014557,True,True,B4,False,183,,False
2022-06,2022,6,丰台区,14.575,shallow,1.0,0.0,0.0,0.0,True,False,none,False,246,,False
2022-06,2022,6,丰台区,14.575,central,1.0,0.031784,0.031784,0.031784,True,True,B4,False,246,,False
2022-06,2022,6,丰台区,14.575,deep,1.0,0.17988600000000002,0.17988600000000002,0.17988600000000002,True,True,B3,False,246,,False
2022-06,2022,6,石景山区,24.595,shallow,1.0,0.0,0.0,0.0,True,False,none,False,90,,True
2022-06,2022,6,石景山区,24.595,central,1.0,0.0,0.0,0.0,True,False,none,False,90,,True
2022-06,2022,6,石景山区,24.595,deep,1.0,0.0,0.0,0.0,True,False,none,False,90,,True
2022-06,2022,6,门头沟区,24.2175,shallow,1.0,0.0,0.0,0.0,True,False,none,False,79,,False
2022-06,2022,6,门头沟区,24.2175,central,1.0,0.0,0.0,0.0,True,False,none,False,79,,False
2022-06,2022,6,门头沟区,24.2175,deep,1.0,0.0,0.0,0.0,True,False,none,False,79,,False
2022-06,2022,6,房山区,8.275,shallow,1.0,0.09858,0.09858,0.09858,True,True,B3,False,261,,False
2022-06,2022,6,房山区,8.275,central,1.0,0.491026,0.491026,0.491026,True,True,B2,False,261,,False
2022-06,2022,6,房山区,8.275,deep,1.0,0.491026,0.491026,0.491026,True,True,B2,False,261,,False
2022-06,2022,6,通州区,7.987500000000001,shallow,1.0,0.056312,0.056312,0.056312,True,True,B3,False,351,,False
2022-06,2022,6,通州区,7.987500000000001,central,1.0,0.437462,0.437462,0.437462,True,True,B2,False,351,,False
2022-06,2022,6,通州区,7.987500000000001,deep,1.0,0.437462,0.437462,0.437462,True,True,B2,False,351,,False
2022-06,2022,6,顺义区,22.5725,shallow,1.0,0.0,0.0,0.0,True,False,none,False,197,,False
2022-06,2022,6,顺义区,22.5725,central,1.0,0.0,0.0,0.0,True,False,none,False,197,,False
2022-06,2022,6,顺义区,22.5725,deep,1.0,0.0,0.0,0.0,True,False,none,False,197,,False
2022-06,2022,6,昌平区,23.375,shallow,1.0,0.0,0.0,0.0,True,False,none,False,475,,False
2022-06,2022,6,昌平区,23.375,central,1.0,0.0,0.0,0.0,True,False,none,False,475,,False
2022-06,2022,6,昌平区,23.375,deep,1.0,0.0,0.0,0.0,True,False,none,False,475,,False
2022-06,2022,6,大兴区,17.442500000000003,shallow,1.0,0.0,0.0,0.0,True,False,none,False,790,,False
2022-06,2022,6,大兴区,17.442500000000003,central,1.0,0.0,0.0,0.0,True,False,none,True,790,,False
2022-06,2022,6,大兴区,17.442500000000003,deep,1.0,0.009993,0.009993,0.009993,True,True,B4,False,790,,False
2022-06,2022,6,怀柔区,7.835,shallow,1.0,0.031538,0.031538,0.031538,True,True,B3,False,93,,False
2022-06,2022,6,怀柔区,7.835,central,1.0,0.387258,0.387258,0.387258,True,True,B2,False,93,,False
2022-06,2022,6,怀柔区,7.835,deep,1.0,0.387258,0.387258,0.387258,True,True,B2,False,93,,False
2022-06,2022,6,平谷区,22.090000000000003,shallow,1.0,0.0,0.0,0.0,True,False,none,False,17,,False
2022-06,2022,6,平谷区,22.090000000000003,central,1.0,0.0,0.0,0.0,True,False,none,False,17,,False
2022-06,2022,6,平谷区,22.090000000000003,deep,1.0,0.0,0.0,0.0,True,False,none,False,17,,False
2022-06,2022,6,密云区,17.17,shallow,1.0,0.0,0.0,0.0,True,False,none,False,94,,False
2022-06,2022,6,密云区,17.17,central,1.0,0.0,0.0,0.0,True,False,none,False,94,,False
2022-06,2022,6,密云区,17.17,deep,1.0,0.0,0.0,0.0,True,False,none,False,94,,False
2022-06,2022,6,延庆区,7.98,shallow,1.0,0.020419,0.020419,0.020419,True,True,B3,False,39,,False
2022-06,2022,6,延庆区,7.98,central,1.0,0.18273799999999998,0.18273799999999998,0.18273799999999998,True,True,B2,False,39,,False
2022-06,2022,6,延庆区,7.98,deep,1.0,0.18273799999999998,0.18273799999999998,0.18273799999999998,True,True,B2,False,39,,False
2022-07,2022,7,东城区,21.005,shallow,1.0,0.0,0.0,0.0,True,False,none,False,126,,False
2022-07,2022,7,东城区,21.005,central,1.0,0.0,0.0,0.0,True,False,none,False,126,,False
2022-07,2022,7,东城区,21.005,deep,1.0,0.041934,0.041934,0.041934,True,True,B4,False,126,,False
2022-07,2022,7,西城区,18.715,shallow,1.0,0.0,0.0,0.0,True,False,none,False,122,,False
2022-07,2022,7,西城区,18.715,central,1.0,0.0,0.0,0.0,True,False,none,False,122,,False
2022-07,2022,7,西城区,18.715,deep,1.0,0.072026,0.072026,0.072026,True,True,B4,False,122,,False
2022-07,2022,7,朝阳区,27.8125,shallow,1.0,0.0,0.0,0.0,True,False,none,False,52,,False
2022-07,2022,7,朝阳区,27.8125,central,1.0,0.0,0.0,0.0,True,False,none,False,52,,False
2022-07,2022,7,朝阳区,27.8125,deep,1.0,0.0,0.0,0.0,True,False,none,False,52,,False
2022-07,2022,7,海淀区,19.14,shallow,1.0,0.0,0.0,0.0,True,False,none,False,183,,False
2022-07,2022,7,海淀区,19.14,central,1.0,0.0,0.0,0.0,True,False,none,False,183,,False
2022-07,2022,7,海淀区,19.14,deep,1.0,0.014557,0.014557,0.014557,True,True,B4,False,183,,False
2022-07,2022,7,丰台区,14.2525,shallow,1.0,0.0,0.0,0.0,True,False,none,True,246,,False
2022-07,2022,7,丰台区,14.2525,central,1.0,0.031784,0.031784,0.031784,True,True,B4,False,246,,False
2022-07,2022,7,丰台区,14.2525,deep,1.0,0.17988600000000002,0.17988600000000002,0.17988600000000002,True,True,B3,False,246,,False
2022-07,2022,7,石景山区,24.195,shallow,1.0,0.0,0.0,0.0,True,False,none,False,90,,True
2022-07,2022,7,石景山区,24.195,central,1.0,0.0,0.0,0.0,True,False,none,False,90,,True
2022-07,2022,7,石景山区,24.195,deep,1.0,0.0,0.0,0.0,True,False,none,False,90,,True
2022-07,2022,7,门头沟区,23.98,shallow,1.0,0.0,0.0,0.0,True,False,none,False,79,,False
2022-07,2022,7,门头沟区,23.98,central,1.0,0.0,0.0,0.0,True,False,none,False,79,,False
2022-07,2022,7,门头沟区,23.98,deep,1.0,0.0,0.0,0.0,True,False,none,False,79,,False
2022-07,2022,7,房山区,7.2725,shallow,1.0,0.09858,0.09858,0.09858,True,True,B3,True,261,,False
2022-07,2022,7,房山区,7.2725,central,1.0,0.491026,0.491026,0.491026,True,True,B2,False,261,,False
2022-07,2022,7,房山区,7.2725,deep,1.0,0.491026,0.491026,0.491026,True,True,B2,False,261,,False
2022-07,2022,7,通州区,7.027500000000001,shallow,1.0,0.056312,0.056312,0.056312,True,True,B3,True,351,,False
2022-07,2022,7,通州区,7.027500000000001,central,1.0,0.437462,0.437462,0.437462,True,True,B2,False,351,,False
2022-07,2022,7,通州区,7.027500000000001,deep,1.0,0.437462,0.437462,0.437462,True,True,B2,False,351,,False
2022-07,2022,7,顺义区,21.87,shallow,1.0,0.0,0.0,0.0,True,False,none,False,197,,False
2022-07,2022,7,顺义区,21.87,central,1.0,0.0,0.0,0.0,True,False,none,False,197,,False
2022-07,2022,7,顺义区,21.87,deep,1.0,0.0,0.0,0.0,True,False,none,False,197,,False
2022-07,2022,7,昌平区,22.595,shallow,1.0,0.0,0.0,0.0,True,False,none,False,475,,False
2022-07,2022,7,昌平区,22.595,central,1.0,0.0,0.0,0.0,True,False,none,False,475,,False
2022-07,2022,7,昌平区,22.595,deep,1.0,0.0,0.0,0.0,True,False,none,False,475,,False
2022-07,2022,7,大兴区,16.145,shallow,1.0,0.0,0.0,0.0,True,False,none,False,790,,False
2022-07,2022,7,大兴区,16.145,central,1.0,0.009993,0.009993,0.009993,True,True,B4,False,790,,False
2022-07,2022,7,大兴区,16.145,deep,1.0,0.087487,0.087487,0.087487,True,True,B3,True,790,,False
2022-07,2022,7,怀柔区,7.762499999999999,shallow,1.0,0.031538,0.031538,0.031538,True,True,B3,False,93,,False
2022-07,2022,7,怀柔区,7.762499999999999,central,1.0,0.387258,0.387258,0.387258,True,True,B2,False,93,,False
2022-07,2022,7,怀柔区,7.762499999999999,deep,1.0,0.387258,0.387258,0.387258,True,True,B2,False,93,,False
2022-07,2022,7,平谷区,21.42,shallow,1.0,0.0,0.0,0.0,True,False,none,False,17,,False
2022-07,2022,7,平谷区,21.42,central,1.0,0.0,0.0,0.0,True,False,none,False,17,,False
2022-07,2022,7,平谷区,21.42,deep,1.0,0.0,0.0,0.0,True,False,none,False,17,,False
2022-07,2022,7,密云区,17.325000000000003,shallow,1.0,0.0,0.0,0.0,True,False,none,False,94,,False
2022-07,2022,7,密云区,17.325000000000003,central,1.0,0.0,0.0,0.0,True,False,none,False,94,,False
2022-07,2022,7,密云区,17.325000000000003,deep,1.0,0.0,0.0,0.0,True,False,none,False,94,,False
2022-07,2022,7,延庆区,7.8625,shallow,1.0,0.020419,0.020419,0.020419,True,True,B3,False,39,,False
2022-07,2022,7,延庆区,7.8625,central,1.0,0.18273799999999998,0.18273799999999998,0.18273799999999998,True,True,B2,False,39,,False
2022-07,2022,7,延庆区,7.8625,deep,1.0,0.18273799999999998,0.18273799999999998,0.18273799999999998,True,True,B2,False,39,,False
2022-08,2022,8,东城区,20.65,shallow,1.0,0.0,0.0,0.0,True,False,none,False,126,,False
2022-08,2022,8,东城区,20.65,central,1.0,0.0,0.0,0.0,True,False,none,False,126,,False
2022-08,2022,8,东城区,20.65,deep,1.0,0.041934,0.041934,0.041934,True,True,B4,False,126,,False
2022-08,2022,8,西城区,18.4775,shallow,1.0,0.0,0.0,0.0,True,False,none,False,122,,False
2022-08,2022,8,西城区,18.4775,central,1.0,0.0,0.0,0.0,True,False,none,False,122,,False
2022-08,2022,8,西城区,18.4775,deep,1.0,0.072026,0.072026,0.072026,True,True,B4,False,122,,False
2022-08,2022,8,朝阳区,27.6,shallow,1.0,0.0,0.0,0.0,True,False,none,False,52,,False
2022-08,2022,8,朝阳区,27.6,central,1.0,0.0,0.0,0.0,True,False,none,False,52,,False
2022-08,2022,8,朝阳区,27.6,deep,1.0,0.0,0.0,0.0,True,False,none,False,52,,False
2022-08,2022,8,海淀区,18.56,shallow,1.0,0.0,0.0,0.0,True,False,none,False,183,,False
2022-08,2022,8,海淀区,18.56,central,1.0,0.0,0.0,0.0,True,False,none,False,183,,False
2022-08,2022,8,海淀区,18.56,deep,1.0,0.014557,0.014557,0.014557,True,True,B4,False,183,,False
2022-08,2022,8,丰台区,13.9875,shallow,1.0,0.031784,0.031784,0.031784,True,True,B4,True,246,,False
2022-08,2022,8,丰台区,13.9875,central,1.0,0.031784,0.031784,0.031784,True,True,B4,False,246,,False
2022-08,2022,8,丰台区,13.9875,deep,1.0,0.17988600000000002,0.17988600000000002,0.17988600000000002,True,True,B3,False,246,,False
2022-08,2022,8,石景山区,24.0025,shallow,1.0,0.0,0.0,0.0,True,False,none,False,90,,True
2022-08,2022,8,石景山区,24.0025,central,1.0,0.0,0.0,0.0,True,False,none,False,90,,True
2022-08,2022,8,石景山区,24.0025,deep,1.0,0.0,0.0,0.0,True,False,none,False,90,,True
2022-08,2022,8,门头沟区,22.975,shallow,1.0,0.0,0.0,0.0,True,False,none,False,79,,False
2022-08,2022,8,门头沟区,22.975,central,1.0,0.0,0.0,0.0,True,False,none,False,79,,False
2022-08,2022,8,门头沟区,22.975,deep,1.0,0.0,0.0,0.0,True,False,none,False,79,,False
2022-08,2022,8,房山区,6.92,shallow,1.0,0.491026,0.491026,0.491026,True,True,B2,True,261,,False
2022-08,2022,8,房山区,6.92,central,1.0,0.491026,0.491026,0.491026,True,True,B2,False,261,,False
2022-08,2022,8,房山区,6.92,deep,1.0,0.491026,0.491026,0.491026,True,True,B2,False,261,,False
2022-08,2022,8,通州区,6.6875,shallow,1.0,0.437462,0.437462,0.437462,True,True,B2,True,351,,False
2022-08,2022,8,通州区,6.6875,central,1.0,0.437462,0.437462,0.437462,True,True,B2,False,351,,False
2022-08,2022,8,通州区,6.6875,deep,1.0,0.437462,0.437462,0.437462,True,True,B2,False,351,,False
2022-08,2022,8,顺义区,20.995,shallow,1.0,0.0,0.0,0.0,True,False,none,False,197,,False
2022-08,2022,8,顺义区,20.995,central,1.0,0.0,0.0,0.0,True,False,none,False,197,,False
2022-08,2022,8,顺义区,20.995,deep,1.0,0.0,0.0,0.0,True,False,none,False,197,,False
2022-08,2022,8,昌平区,22.0725,shallow,1.0,0.0,0.0,0.0,True,False,none,False,475,,False
2022-08,2022,8,昌平区,22.0725,central,1.0,0.0,0.0,0.0,True,False,none,False,475,,False
2022-08,2022,8,昌平区,22.0725,deep,1.0,0.0,0.0,0.0,True,False,none,True,475,,False
2022-08,2022,8,大兴区,15.645,shallow,1.0,0.0,0.0,0.0,True,False,none,False,790,,False
2022-08,2022,8,大兴区,15.645,central,1.0,0.009993,0.009993,0.009993,True,True,B4,False,790,,False
2022-08,2022,8,大兴区,15.645,deep,1.0,0.087487,0.087487,0.087487,True,True,B3,False,790,,False
2022-08,2022,8,怀柔区,7.505000000000001,shallow,1.0,0.031538,0.031538,0.031538,True,True,B3,False,93,,False
2022-08,2022,8,怀柔区,7.505000000000001,central,1.0,0.387258,0.387258,0.387258,True,True,B2,False,93,,False
2022-08,2022,8,怀柔区,7.505000000000001,deep,1.0,0.387258,0.387258,0.387258,True,True,B2,False,93,,False
2022-08,2022,8,平谷区,20.91,shallow,1.0,0.0,0.0,0.0,True,False,none,False,17,,False
2022-08,2022,8,平谷区,20.91,central,1.0,0.0,0.0,0.0,True,False,none,False,17,,False
2022-08,2022,8,平谷区,20.91,deep,1.0,0.0,0.0,0.0,True,False,none,False,17,,False
2022-08,2022,8,密云区,17.207500000000003,shallow,1.0,0.0,0.0,0.0,True,False,none,False,94,,False
2022-08,2022,8,密云区,17.207500000000003,central,1.0,0.0,0.0,0.0,True,False,none,False,94,,False
2022-08,2022,8,密云区,17.207500000000003,deep,1.0,0.0,0.0,0.0,True,False,none,False,94,,False
2022-08,2022,8,延庆区,8.002500000000001,shallow,1.0,0.020419,0.020419,0.020419,True,True,B3,False,39,,False
2022-08,2022,8,延庆区,8.002500000000001,central,1.0,0.18273799999999998,0.18273799999999998,0.18273799999999998,True,True,B2,False,39,,False
2022-08,2022,8,延庆区,8.002500000000001,deep,1.0,0.18273799999999998,0.18273799999999998,0.18273799999999998,True,True,B2,False,39,,False
2022-09,2022,9,东城区,20.41,shallow,1.0,0.0,0.0,0.0,True,False,none,False,126,,False
2022-09,2022,9,东城区,20.41,central,1.0,0.0,0.0,0.0,True,False,none,False,126,,False
2022-09,2022,9,东城区,20.41,deep,1.0,0.041934,0.041934,0.041934,True,True,B4,False,126,,False
2022-09,2022,9,西城区,18.3025,shallow,1.0,0.0,0.0,0.0,True,False,none,False,122,,False
2022-09,2022,9,西城区,18.3025,central,1.0,0.0,0.0,0.0,True,False,none,False,122,,False
2022-09,2022,9,西城区,18.3025,deep,1.0,0.072026,0.072026,0.072026,True,True,B4,False,122,,False
2022-09,2022,9,朝阳区,27.6125,shallow,1.0,0.0,0.0,0.0,True,False,none,False,52,,False
2022-09,2022,9,朝阳区,27.6125,central,1.0,0.0,0.0,0.0,True,False,none,False,52,,False
2022-09,2022,9,朝阳区,27.6125,deep,1.0,0.0,0.0,0.0,True,False,none,False,52,,False
2022-09,2022,9,海淀区,18.3175,shallow,1.0,0.0,0.0,0.0,True,False,none,False,183,,False
2022-09,2022,9,海淀区,18.3175,central,1.0,0.0,0.0,0.0,True,False,none,False,183,,False
2022-09,2022,9,海淀区,18.3175,deep,1.0,0.014557,0.014557,0.014557,True,True,B4,False,183,,False
2022-09,2022,9,丰台区,13.93,shallow,1.0,0.031784,0.031784,0.031784,True,True,B4,True,246,,False
2022-09,2022,9,丰台区,13.93,central,1.0,0.031784,0.031784,0.031784,True,True,B4,False,246,,False
2022-09,2022,9,丰台区,13.93,deep,1.0,0.17988600000000002,0.17988600000000002,0.17988600000000002,True,True,B3,False,246,,False
2022-09,2022,9,石景山区,24.175,shallow,1.0,0.0,0.0,0.0,True,False,none,False,90,,True
2022-09,2022,9,石景山区,24.175,central,1.0,0.0,0.0,0.0,True,False,none,False,90,,True
2022-09,2022,9,石景山区,24.175,deep,1.0,0.0,0.0,0.0,True,False,none,False,90,,True
2022-09,2022,9,门头沟区,22.700000000000003,shallow,1.0,0.0,0.0,0.0,True,False,none,False,79,,False
2022-09,2022,9,门头沟区,22.700000000000003,central,1.0,0.0,0.0,0.0,True,False,none,False,79,,False
2022-09,2022,9,门头沟区,22.700000000000003,deep,1.0,0.0,0.0,0.0,True,False,none,False,79,,False
2022-09,2022,9,房山区,7.146666666666667,shallow,1.0,0.09858,0.09858,0.09858,True,True,B3,True,261,,False
2022-09,2022,9,房山区,7.146666666666667,central,1.0,0.491026,0.491026,0.491026,True,True,B2,False,261,,False
2022-09,2022,9,房山区,7.146666666666667,deep,1.0,0.491026,0.491026,0.491026,True,True,B2,False,261,,False
2022-09,2022,9,通州区,7.215,shallow,1.0,0.056312,0.056312,0.056312,True,True,B3,True,351,,False
2022-09,2022,9,通州区,7.215,central,1.0,0.437462,0.437462,0.437462,True,True,B2,False,351,,False
2022-09,2022,9,通州区,7.215,deep,1.0,0.437462,0.437462,0.437462,True,True,B2,False,351,,False
2022-09,2022,9,顺义区,20.8125,shallow,1.0,0.0,0.0,0.0,True,False,none,False,197,,False
2022-09,2022,9,顺义区,20.8125,central,1.0,0.0,0.0,0.0,True,False,none,False,197,,False
2022-09,2022,9,顺义区,20.8125,deep,1.0,0.0,0.0,0.0,True,False,none,False,197,,False
2022-09,2022,9,昌平区,22.025,shallow,1.0,0.0,0.0,0.0,True,False,none,False,475,,False
2022-09,2022,9,昌平区,22.025,central,1.0,0.0,0.0,0.0,True,False,none,False,475,,False
2022-09,2022,9,昌平区,22.025,deep,1.0,0.0,0.0,0.0,True,False,none,True,475,,False
2022-09,2022,9,大兴区,16.087500000000002,shallow,1.0,0.0,0.0,0.0,True,False,none,False,790,,False
2022-09,2022,9,大兴区,16.087500000000002,central,1.0,0.009993,0.009993,0.009993,True,True,B4,False,790,,False
2022-09,2022,9,大兴区,16.087500000000002,deep,1.0,0.087487,0.087487,0.087487,True,True,B3,True,790,,False
2022-09,2022,9,怀柔区,7.539999999999999,shallow,1.0,0.031538,0.031538,0.031538,True,True,B3,False,93,,False
2022-09,2022,9,怀柔区,7.539999999999999,central,1.0,0.387258,0.387258,0.387258,True,True,B2,False,93,,False
2022-09,2022,9,怀柔区,7.539999999999999,deep,1.0,0.387258,0.387258,0.387258,True,True,B2,False,93,,False
2022-09,2022,9,平谷区,20.9625,shallow,1.0,0.0,0.0,0.0,True,False,none,False,17,,False
2022-09,2022,9,平谷区,20.9625,central,1.0,0.0,0.0,0.0,True,False,none,False,17,,False
2022-09,2022,9,平谷区,20.9625,deep,1.0,0.0,0.0,0.0,True,False,none,False,17,,False
2022-09,2022,9,密云区,17.36,shallow,1.0,0.0,0.0,0.0,True,False,none,False,94,,False
2022-09,2022,9,密云区,17.36,central,1.0,0.0,0.0,0.0,True,False,none,False,94,,False
2022-09,2022,9,密云区,17.36,deep,1.0,0.0,0.0,0.0,True,False,none,False,94,,False
2022-09,2022,9,延庆区,7.7075,shallow,1.0,0.020419,0.020419,0.020419,True,True,B3,False,39,,False
2022-09,2022,9,延庆区,7.7075,central,1.0,0.18273799999999998,0.18273799999999998,0.18273799999999998,True,True,B2,False,39,,False
2022-09,2022,9,延庆区,7.7075,deep,1.0,0.18273799999999998,0.18273799999999998,0.18273799999999998,True,True,B2,False,39,,False
2022-10,2022,10,东城区,20.1225,shallow,1.0,0.0,0.0,0.0,True,False,none,False,126,,False
2022-10,2022,10,东城区,20.1225,central,1.0,0.0,0.0,0.0,True,False,none,False,126,,False
2022-10,2022,10,东城区,20.1225,deep,1.0,0.041934,0.041934,0.041934,True,True,B4,False,126,,False
2022-10,2022,10,西城区,18.0,shallow,1.0,0.0,0.0,0.0,True,False,none,False,122,,False
2022-10,2022,10,西城区,18.0,central,1.0,0.0,0.0,0.0,True,False,none,False,122,,False
2022-10,2022,10,西城区,18.0,deep,1.0,0.072026,0.072026,0.072026,True,True,B4,False,122,,False
2022-10,2022,10,朝阳区,27.275,shallow,1.0,0.0,0.0,0.0,True,False,none,False,52,,False
2022-10,2022,10,朝阳区,27.275,central,1.0,0.0,0.0,0.0,True,False,none,False,52,,False
2022-10,2022,10,朝阳区,27.275,deep,1.0,0.0,0.0,0.0,True,False,none,False,52,,False
2022-10,2022,10,海淀区,18.045,shallow,1.0,0.0,0.0,0.0,True,False,none,False,183,,False
2022-10,2022,10,海淀区,18.045,central,1.0,0.0,0.0,0.0,True,False,none,False,183,,False
2022-10,2022,10,海淀区,18.045,deep,1.0,0.014557,0.014557,0.014557,True,True,B4,False,183,,False
2022-10,2022,10,丰台区,13.8275,shallow,1.0,0.031784,0.031784,0.031784,True,True,B4,True,246,,False
2022-10,2022,10,丰台区,13.8275,central,1.0,0.031784,0.031784,0.031784,True,True,B4,False,246,,False
2022-10,2022,10,丰台区,13.8275,deep,1.0,0.17988600000000002,0.17988600000000002,0.17988600000000002,True,True,B3,False,246,,False
2022-10,2022,10,石景山区,24.3375,shallow,1.0,0.0,0.0,0.0,True,False,none,False,90,,True
2022-10,2022,10,石景山区,24.3375,central,1.0,0.0,0.0,0.0,True,False,none,False,90,,True
2022-10,2022,10,石景山区,24.3375,deep,1.0,0.0,0.0,0.0,True,False,none,False,90,,True
2022-10,2022,10,门头沟区,23.5925,shallow,1.0,0.0,0.0,0.0,True,False,none,False,79,,False
2022-10,2022,10,门头沟区,23.5925,central,1.0,0.0,0.0,0.0,True,False,none,False,79,,False
2022-10,2022,10,门头沟区,23.5925,deep,1.0,0.0,0.0,0.0,True,False,none,False,79,,False
2022-10,2022,10,房山区,7.242500000000001,shallow,1.0,0.09858,0.09858,0.09858,True,True,B3,True,261,,False
2022-10,2022,10,房山区,7.242500000000001,central,1.0,0.491026,0.491026,0.491026,True,True,B2,False,261,,False
2022-10,2022,10,房山区,7.242500000000001,deep,1.0,0.491026,0.491026,0.491026,True,True,B2,False,261,,False
2022-10,2022,10,通州区,7.435,shallow,1.0,0.056312,0.056312,0.056312,True,True,B3,True,351,,False
2022-10,2022,10,通州区,7.435,central,1.0,0.437462,0.437462,0.437462,True,True,B2,False,351,,False
2022-10,2022,10,通州区,7.435,deep,1.0,0.437462,0.437462,0.437462,True,True,B2,False,351,,False
2022-10,2022,10,顺义区,20.8475,shallow,1.0,0.0,0.0,0.0,True,False,none,False,197,,False
2022-10,2022,10,顺义区,20.8475,central,1.0,0.0,0.0,0.0,True,False,none,False,197,,False
2022-10,2022,10,顺义区,20.8475,deep,1.0,0.0,0.0,0.0,True,False,none,False,197,,False
2022-10,2022,10,昌平区,21.6825,shallow,1.0,0.0,0.0,0.0,True,False,none,False,475,,False
2022-10,2022,10,昌平区,21.6825,central,1.0,0.0,0.0,0.0,True,False,none,False,475,,False
2022-10,2022,10,昌平区,21.6825,deep,1.0,0.001292,0.001292,0.001292,True,True,B4,True,475,,False
2022-10,2022,10,大兴区,15.87,shallow,1.0,0.0,0.0,0.0,True,False,none,False,790,,False
2022-10,2022,10,大兴区,15.87,central,1.0,0.009993,0.009993,0.009993,True,True,B4,False,790,,False
2022-10,2022,10,大兴区,15.87,deep,1.0,0.087487,0.087487,0.087487,True,True,B3,False,790,,False
2022-10,2022,10,怀柔区,7.5725,shallow,1.0,0.031538,0.031538,0.031538,True,True,B3,False,93,,False
2022-10,2022,10,怀柔区,7.5725,central,1.0,0.387258,0.387258,0.387258,True,True,B2,False,93,,False
2022-10,2022,10,怀柔区,7.5725,deep,1.0,0.387258,0.387258,0.387258,True,True,B2,False,93,,False
2022-10,2022,10,平谷区,21.317500000000003,shallow,1.0,0.0,0.0,0.0,True,False,none,False,17,,False
2022-10,2022,10,平谷区,21.317500000000003,central,1.0,0.0,0.0,0.0,True,False,none,False,17,,False
2022-10,2022,10,平谷区,21.317500000000003,deep,1.0,0.0,0.0,0.0,True,False,none,False,17,,False
2022-10,2022,10,密云区,17.735,shallow,1.0,0.0,0.0,0.0,True,False,none,False,94,,False
2022-10,2022,10,密云区,17.735,central,1.0,0.0,0.0,0.0,True,False,none,False,94,,False
2022-10,2022,10,密云区,17.735,deep,1.0,0.0,0.0,0.0,True,False,none,False,94,,False
2022-10,2022,10,延庆区,7.415,shallow,1.0,0.020419,0.020419,0.020419,True,True,B3,True,39,,False
2022-10,2022,10,延庆区,7.415,central,1.0,0.18273799999999998,0.18273799999999998,0.18273799999999998,True,True,B2,False,39,,False
2022-10,2022,10,延庆区,7.415,deep,1.0,0.18273799999999998,0.18273799999999998,0.18273799999999998,True,True,B2,False,39,,False
2022-11,2022,11,东城区,20.03,shallow,1.0,0.0,0.0,0.0,True,False,none,False,126,,False
2022-11,2022,11,东城区,20.03,central,1.0,0.0,0.0,0.0,True,False,none,False,126,,False
2022-11,2022,11,东城区,20.03,deep,1.0,0.041934,0.041934,0.041934,True,True,B4,False,126,,False
2022-11,2022,11,西城区,17.7275,shallow,1.0,0.0,0.0,0.0,True,False,none,False,122,,False
2022-11,2022,11,西城区,17.7275,central,1.0,0.0,0.0,0.0,True,False,none,False,122,,False
2022-11,2022,11,西城区,17.7275,deep,1.0,0.072026,0.072026,0.072026,True,True,B4,False,122,,False
2022-11,2022,11,朝阳区,26.95,shallow,1.0,0.0,0.0,0.0,True,False,none,False,52,,False
2022-11,2022,11,朝阳区,26.95,central,1.0,0.0,0.0,0.0,True,False,none,False,52,,False
2022-11,2022,11,朝阳区,26.95,deep,1.0,0.0,0.0,0.0,True,False,none,False,52,,False
2022-11,2022,11,海淀区,17.665,shallow,1.0,0.0,0.0,0.0,True,False,none,False,183,,False
2022-11,2022,11,海淀区,17.665,central,1.0,0.0,0.0,0.0,True,False,none,False,183,,False
2022-11,2022,11,海淀区,17.665,deep,1.0,0.014557,0.014557,0.014557,True,True,B4,False,183,,False
2022-11,2022,11,丰台区,13.6425,shallow,1.0,0.031784,0.031784,0.031784,True,True,B4,True,246,,False
2022-11,2022,11,丰台区,13.6425,central,1.0,0.031784,0.031784,0.031784,True,True,B4,False,246,,False
2022-11,2022,11,丰台区,13.6425,deep,1.0,0.17988600000000002,0.17988600000000002,0.17988600000000002,True,True,B3,False,246,,False
2022-11,2022,11,石景山区,24.4175,shallow,1.0,0.0,0.0,0.0,True,False,none,False,90,,True
2022-11,2022,11,石景山区,24.4175,central,1.0,0.0,0.0,0.0,True,False,none,False,90,,True
2022-11,2022,11,石景山区,24.4175,deep,1.0,0.0,0.0,0.0,True,False,none,False,90,,True
2022-11,2022,11,门头沟区,23.707500000000003,shallow,1.0,0.0,0.0,0.0,True,False,none,False,79,,False
2022-11,2022,11,门头沟区,23.707500000000003,central,1.0,0.0,0.0,0.0,True,False,none,False,79,,False
2022-11,2022,11,门头沟区,23.707500000000003,deep,1.0,0.0,0.0,0.0,True,False,none,False,79,,False
2022-11,2022,11,房山区,7.107500000000001,shallow,1.0,0.09858,0.09858,0.09858,True,True,B3,True,261,,False
2022-11,2022,11,房山区,7.107500000000001,central,1.0,0.491026,0.491026,0.491026,True,True,B2,False,261,,False
2022-11,2022,11,房山区,7.107500000000001,deep,1.0,0.491026,0.491026,0.491026,True,True,B2,False,261,,False
2022-11,2022,11,通州区,7.425000000000001,shallow,1.0,0.056312,0.056312,0.056312,True,True,B3,True,351,,False
2022-11,2022,11,通州区,7.425000000000001,central,1.0,0.437462,0.437462,0.437462,True,True,B2,False,351,,False
2022-11,2022,11,通州区,7.425000000000001,deep,1.0,0.437462,0.437462,0.437462,True,True,B2,False,351,,False
2022-11,2022,11,顺义区,20.495,shallow,1.0,0.0,0.0,0.0,True,False,none,False,197,,False
2022-11,2022,11,顺义区,20.495,central,1.0,0.0,0.0,0.0,True,False,none,False,197,,False
2022-11,2022,11,顺义区,20.495,deep,1.0,0.0,0.0,0.0,True,False,none,False,197,,False
2022-11,2022,11,昌平区,21.445,shallow,1.0,0.0,0.0,0.0,True,False,none,False,475,,False
2022-11,2022,11,昌平区,21.445,central,1.0,0.0,0.0,0.0,True,False,none,False,475,,False
2022-11,2022,11,昌平区,21.445,deep,1.0,0.001292,0.001292,0.001292,True,True,B4,False,475,,False
2022-11,2022,11,大兴区,15.45,shallow,1.0,0.0,0.0,0.0,True,False,none,False,790,,False
2022-11,2022,11,大兴区,15.45,central,1.0,0.009993,0.009993,0.009993,True,True,B4,False,790,,False
2022-11,2022,11,大兴区,15.45,deep,1.0,0.087487,0.087487,0.087487,True,True,B3,False,790,,False
2022-11,2022,11,怀柔区,7.734999999999999,shallow,1.0,0.031538,0.031538,0.031538,True,True,B3,False,93,,False
2022-11,2022,11,怀柔区,7.734999999999999,central,1.0,0.387258,0.387258,0.387258,True,True,B2,False,93,,False
2022-11,2022,11,怀柔区,7.734999999999999,deep,1.0,0.387258,0.387258,0.387258,True,True,B2,False,93,,False
2022-11,2022,11,平谷区,21.4325,shallow,1.0,0.0,0.0,0.0,True,False,none,False,17,,False
2022-11,2022,11,平谷区,21.4325,central,1.0,0.0,0.0,0.0,True,False,none,False,17,,False
2022-11,2022,11,平谷区,21.4325,deep,1.0,0.0,0.0,0.0,True,False,none,False,17,,False
2022-11,2022,11,密云区,18.05,shallow,1.0,0.0,0.0,0.0,True,False,none,False,94,,False
2022-11,2022,11,密云区,18.05,central,1.0,0.0,0.0,0.0,True,False,none,False,94,,False
2022-11,2022,11,密云区,18.05,deep,1.0,0.0,0.0,0.0,True,False,none,False,94,,False
2022-11,2022,11,延庆区,7.04,shallow,1.0,0.020419,0.020419,0.020419,True,True,B3,True,39,,False
2022-11,2022,11,延庆区,7.04,central,1.0,0.18273799999999998,0.18273799999999998,0.18273799999999998,True,True,B2,False,39,,False
2022-11,2022,11,延庆区,7.04,deep,1.0,0.18273799999999998,0.18273799999999998,0.18273799999999998,True,True,B2,False,39,,False
2022-12,2022,12,东城区,19.875,shallow,1.0,0.0,0.0,0.0,True,False,none,False,126,,False
2022-12,2022,12,东城区,19.875,central,1.0,0.0,0.0,0.0,True,False,none,False,126,,False
2022-12,2022,12,东城区,19.875,deep,1.0,0.041934,0.041934,0.041934,True,True,B4,False,126,,False
2022-12,2022,12,西城区,17.409999999999997,shallow,1.0,0.0,0.0,0.0,True,False,none,False,122,,False
2022-12,2022,12,西城区,17.409999999999997,central,1.0,0.0,0.0,0.0,True,False,none,True,122,,False
2022-12,2022,12,西城区,17.409999999999997,deep,1.0,0.072026,0.072026,0.072026,True,True,B4,False,122,,False
2022-12,2022,12,朝阳区,26.766666666666666,shallow,1.0,0.0,0.0,0.0,True,False,none,False,52,,False
2022-12,2022,12,朝阳区,26.766666666666666,central,1.0,0.0,0.0,0.0,True,False,none,False,52,,False
2022-12,2022,12,朝阳区,26.766666666666666,deep,1.0,0.0,0.0,0.0,True,False,none,False,52,,False
2022-12,2022,12,海淀区,17.36,shallow,1.0,0.0,0.0,0.0,True,False,none,False,183,,False
2022-12,2022,12,海淀区,17.36,central,1.0,0.0,0.0,0.0,True,False,none,True,183,,False
2022-12,2022,12,海淀区,17.36,deep,1.0,0.014557,0.014557,0.014557,True,True,B4,False,183,,False
2022-12,2022,12,丰台区,13.2875,shallow,1.0,0.031784,0.031784,0.031784,True,True,B4,False,246,,False
2022-12,2022,12,丰台区,13.2875,central,1.0,0.031784,0.031784,0.031784,True,True,B4,True,246,,False
2022-12,2022,12,丰台区,13.2875,deep,1.0,0.17988600000000002,0.17988600000000002,0.17988600000000002,True,True,B3,False,246,,False
2022-12,2022,12,石景山区,24.81,shallow,1.0,0.0,0.0,0.0,True,False,none,False,90,,True
2022-12,2022,12,石景山区,24.81,central,1.0,0.0,0.0,0.0,True,False,none,False,90,,True
2022-12,2022,12,石景山区,24.81,deep,1.0,0.0,0.0,0.0,True,False,none,False,90,,True
2022-12,2022,12,门头沟区,23.94,shallow,1.0,0.0,0.0,0.0,True,False,none,False,79,,False
2022-12,2022,12,门头沟区,23.94,central,1.0,0.0,0.0,0.0,True,False,none,False,79,,False
2022-12,2022,12,门头沟区,23.94,deep,1.0,0.0,0.0,0.0,True,False,none,False,79,,False
2022-12,2022,12,房山区,7.11,shallow,1.0,0.09858,0.09858,0.09858,True,True,B3,True,261,,False
2022-12,2022,12,房山区,7.11,central,1.0,0.491026,0.491026,0.491026,True,True,B2,False,261,,False
2022-12,2022,12,房山区,7.11,deep,1.0,0.491026,0.491026,0.491026,True,True,B2,False,261,,False
2022-12,2022,12,通州区,6.845,shallow,1.0,0.437462,0.437462,0.437462,True,True,B2,True,351,,False
2022-12,2022,12,通州区,6.845,central,1.0,0.437462,0.437462,0.437462,True,True,B2,False,351,,False
2022-12,2022,12,通州区,6.845,deep,1.0,0.437462,0.437462,0.437462,True,True,B2,False,351,,False
2022-12,2022,12,顺义区,19.0025,shallow,1.0,0.0,0.0,0.0,True,False,none,False,197,,False
2022-12,2022,12,顺义区,19.0025,central,1.0,0.0,0.0,0.0,True,False,none,False,197,,False
2022-12,2022,12,顺义区,19.0025,deep,1.0,0.0,0.0,0.0,True,False,none,False,197,,False
2022-12,2022,12,昌平区,20.745,shallow,1.0,0.0,0.0,0.0,True,False,none,False,475,,False
2022-12,2022,12,昌平区,20.745,central,1.0,0.0,0.0,0.0,True,False,none,False,475,,False
2022-12,2022,12,昌平区,20.745,deep,1.0,0.001292,0.001292,0.001292,True,True,B4,False,475,,False
2022-12,2022,12,大兴区,14.33,shallow,1.0,0.0,0.0,0.0,True,False,none,True,790,,False
2022-12,2022,12,大兴区,14.33,central,1.0,0.009993,0.009993,0.009993,True,True,B4,False,790,,False
2022-12,2022,12,大兴区,14.33,deep,1.0,0.087487,0.087487,0.087487,True,True,B3,False,790,,False
2022-12,2022,12,怀柔区,7.494999999999999,shallow,1.0,0.031538,0.031538,0.031538,True,True,B3,True,93,,False
2022-12,2022,12,怀柔区,7.494999999999999,central,1.0,0.387258,0.387258,0.387258,True,True,B2,False,93,,False
2022-12,2022,12,怀柔区,7.494999999999999,deep,1.0,0.387258,0.387258,0.387258,True,True,B2,False,93,,False
2022-12,2022,12,平谷区,21.2575,shallow,1.0,0.0,0.0,0.0,True,False,none,False,17,,False
2022-12,2022,12,平谷区,21.2575,central,1.0,0.0,0.0,0.0,True,False,none,False,17,,False
2022-12,2022,12,平谷区,21.2575,deep,1.0,0.0,0.0,0.0,True,False,none,False,17,,False
2022-12,2022,12,密云区,18.1925,shallow,1.0,0.0,0.0,0.0,True,False,none,False,94,,False
2022-12,2022,12,密云区,18.1925,central,1.0,0.0,0.0,0.0,True,False,none,False,94,,False
2022-12,2022,12,密云区,18.1925,deep,1.0,0.0,0.0,0.0,True,False,none,False,94,,False
2022-12,2022,12,延庆区,6.4975,shallow,1.0,0.18273799999999998,0.18273799999999998,0.18273799999999998,True,True,B2,False,39,,False
2022-12,2022,12,延庆区,6.4975,central,1.0,0.18273799999999998,0.18273799999999998,0.18273799999999998,True,True,B2,False,39,,False
2022-12,2022,12,延庆区,6.4975,deep,1.0,0.18273799999999998,0.18273799999999998,0.18273799999999998,True,True,B2,False,39,,False
2023-01,2023,1,东城区,19.3275,shallow,1.0,0.0,0.0,0.0,True,False,none,False,126,,False
2023-01,2023,1,东城区,19.3275,central,1.0,0.0,0.0,0.0,True,False,none,False,126,,False
2023-01,2023,1,东城区,19.3275,deep,1.0,0.041934,0.041934,0.041934,True,True,B4,False,126,,False
2023-01,2023,1,西城区,16.88,shallow,1.0,0.0,0.0,0.0,True,False,none,False,122,,False
2023-01,2023,1,西城区,16.88,central,1.0,0.072026,0.072026,0.072026,True,True,B4,True,122,,False
2023-01,2023,1,西城区,16.88,deep,1.0,0.072026,0.072026,0.072026,True,True,B4,True,122,,False
2023-01,2023,1,朝阳区,26.545,shallow,1.0,0.0,0.0,0.0,True,False,none,False,52,,False
2023-01,2023,1,朝阳区,26.545,central,1.0,0.0,0.0,0.0,True,False,none,False,52,,False
2023-01,2023,1,朝阳区,26.545,deep,1.0,0.0,0.0,0.0,True,False,none,False,52,,False
2023-01,2023,1,海淀区,16.86,shallow,1.0,0.0,0.0,0.0,True,False,none,False,183,,False
2023-01,2023,1,海淀区,16.86,central,1.0,0.014557,0.014557,0.014557,True,True,B4,True,183,,False
2023-01,2023,1,海淀区,16.86,deep,1.0,0.014557,0.014557,0.014557,True,True,B4,True,183,,False
2023-01,2023,1,丰台区,13.2825,shallow,1.0,0.031784,0.031784,0.031784,True,True,B4,False,246,,False
2023-01,2023,1,丰台区,13.2825,central,1.0,0.031784,0.031784,0.031784,True,True,B4,True,246,,False
2023-01,2023,1,丰台区,13.2825,deep,1.0,0.17988600000000002,0.17988600000000002,0.17988600000000002,True,True,B3,False,246,,False
2023-01,2023,1,石景山区,25.6275,shallow,1.0,0.0,0.0,0.0,True,False,none,False,90,,True
2023-01,2023,1,石景山区,25.6275,central,1.0,0.0,0.0,0.0,True,False,none,False,90,,True
2023-01,2023,1,石景山区,25.6275,deep,1.0,0.0,0.0,0.0,True,False,none,False,90,,True
2023-01,2023,1,门头沟区,25.1075,shallow,1.0,0.0,0.0,0.0,True,False,none,False,79,,False
2023-01,2023,1,门头沟区,25.1075,central,1.0,0.0,0.0,0.0,True,False,none,False,79,,False
2023-01,2023,1,门头沟区,25.1075,deep,1.0,0.0,0.0,0.0,True,False,none,False,79,,False
2023-01,2023,1,房山区,6.97,shallow,1.0,0.491026,0.491026,0.491026,True,True,B2,True,261,,False
2023-01,2023,1,房山区,6.97,central,1.0,0.491026,0.491026,0.491026,True,True,B2,False,261,,False
2023-01,2023,1,房山区,6.97,deep,1.0,0.491026,0.491026,0.491026,True,True,B2,False,261,,False
2023-01,2023,1,通州区,6.79,shallow,1.0,0.437462,0.437462,0.437462,True,True,B2,True,351,,False
2023-01,2023,1,通州区,6.79,central,1.0,0.437462,0.437462,0.437462,True,True,B2,False,351,,False
2023-01,2023,1,通州区,6.79,deep,1.0,0.437462,0.437462,0.437462,True,True,B2,False,351,,False
2023-01,2023,1,顺义区,18.4775,shallow,1.0,0.0,0.0,0.0,True,False,none,False,197,,False
2023-01,2023,1,顺义区,18.4775,central,1.0,0.0,0.0,0.0,True,False,none,False,197,,False
2023-01,2023,1,顺义区,18.4775,deep,1.0,0.0,0.0,0.0,True,False,none,False,197,,False
2023-01,2023,1,昌平区,20.16,shallow,1.0,0.0,0.0,0.0,True,False,none,False,475,,False
2023-01,2023,1,昌平区,20.16,central,1.0,0.0,0.0,0.0,True,False,none,False,475,,False
2023-01,2023,1,昌平区,20.16,deep,1.0,0.001292,0.001292,0.001292,True,True,B4,False,475,,False
2023-01,2023,1,大兴区,14.0375,shallow,1.0,0.0,0.0,0.0,True,False,none,True,790,,False
2023-01,2023,1,大兴区,14.0375,central,1.0,0.009993,0.009993,0.009993,True,True,B4,False,790,,False
2023-01,2023,1,大兴区,14.0375,deep,1.0,0.087487,0.087487,0.087487,True,True,B3,False,790,,False
2023-01,2023,1,怀柔区,7.51,shallow,1.0,0.031538,0.031538,0.031538,True,True,B3,False,93,,False
2023-01,2023,1,怀柔区,7.51,central,1.0,0.387258,0.387258,0.387258,True,True,B2,False,93,,False
2023-01,2023,1,怀柔区,7.51,deep,1.0,0.387258,0.387258,0.387258,True,True,B2,False,93,,False
2023-01,2023,1,平谷区,21.185,shallow,1.0,0.0,0.0,0.0,True,False,none,False,17,,False
2023-01,2023,1,平谷区,21.185,central,1.0,0.0,0.0,0.0,True,False,none,False,17,,False
2023-01,2023,1,平谷区,21.185,deep,1.0,0.0,0.0,0.0,True,False,none,False,17,,False
2023-01,2023,1,密云区,18.715,shallow,1.0,0.0,0.0,0.0,True,False,none,False,94,,False
2023-01,2023,1,密云区,18.715,central,1.0,0.0,0.0,0.0,True,False,none,False,94,,False
2023-01,2023,1,密云区,18.715,deep,1.0,0.0,0.0,0.0,True,False,none,False,94,,False
2023-01,2023,1,延庆区,6.3375,shallow,1.0,0.18273799999999998,0.18273799999999998,0.18273799999999998,True,True,B2,False,39,,False
2023-01,2023,1,延庆区,6.3375,central,1.0,0.18273799999999998,0.18273799999999998,0.18273799999999998,True,True,B2,False,39,,False
2023-01,2023,1,延庆区,6.3375,deep,1.0,0.18273799999999998,0.18273799999999998,0.18273799999999998,True,True,B2,False,39,,False
2023-02,2023,2,东城区,19.0225,shallow,1.0,0.0,0.0,0.0,True,False,none,False,126,,False
2023-02,2023,2,东城区,19.0225,central,1.0,0.0,0.0,0.0,True,False,none,False,126,,False
2023-02,2023,2,东城区,19.0225,deep,1.0,0.041934,0.041934,0.041934,True,True,B4,False,126,,False
2023-02,2023,2,西城区,16.55,shallow,1.0,0.0,0.0,0.0,True,False,none,False,122,,False
2023-02,2023,2,西城区,16.55,central,1.0,0.072026,0.072026,0.072026,True,True,B4,True,122,,False
2023-02,2023,2,西城区,16.55,deep,1.0,0.072026,0.072026,0.072026,True,True,B4,True,122,,False
2023-02,2023,2,朝阳区,26.3875,shallow,1.0,0.0,0.0,0.0,True,False,none,False,52,,False
2023-02,2023,2,朝阳区,26.3875,central,1.0,0.0,0.0,0.0,True,False,none,False,52,,False
2023-02,2023,2,朝阳区,26.3875,deep,1.0,0.0,0.0,0.0,True,False,none,False,52,,False
2023-02,2023,2,海淀区,16.54,shallow,1.0,0.0,0.0,0.0,True,False,none,False,183,,False
2023-02,2023,2,海淀区,16.54,central,1.0,0.014557,0.014557,0.014557,True,True,B4,True,183,,False
2023-02,2023,2,海淀区,16.54,deep,1.0,0.014557,0.014557,0.014557,True,True,B4,True,183,,False
2023-02,2023,2,丰台区,13.37,shallow,1.0,0.031784,0.031784,0.031784,True,True,B4,False,246,,False
2023-02,2023,2,丰台区,13.37,central,1.0,0.031784,0.031784,0.031784,True,True,B4,True,246,,False
2023-02,2023,2,丰台区,13.37,deep,1.0,0.17988600000000002,0.17988600000000002,0.17988600000000002,True,True,B3,False,246,,False
2023-02,2023,2,石景山区,26.567499999999995,shallow,1.0,0.0,0.0,0.0,True,False,none,False,90,,True
2023-02,2023,2,石景山区,26.567499999999995,central,1.0,0.0,0.0,0.0,True,False,none,False,90,,True
2023-02,2023,2,石景山区,26.567499999999995,deep,1.0,0.0,0.0,0.0,True,False,none,False,90,,True
2023-02,2023,2,门头沟区,26.29,shallow,1.0,0.0,0.0,0.0,True,False,none,False,79,,False
2023-02,2023,2,门头沟区,26.29,central,1.0,0.0,0.0,0.0,True,False,none,False,79,,False
2023-02,2023,2,门头沟区,26.29,deep,1.0,0.0,0.0,0.0,True,False,none,False,79,,False
2023-02,2023,2,房山区,6.98,shallow,1.0,0.491026,0.491026,0.491026,True,True,B2,True,261,,False
2023-02,2023,2,房山区,6.98,central,1.0,0.491026,0.491026,0.491026,True,True,B2,False,261,,False
2023-02,2023,2,房山区,6.98,deep,1.0,0.491026,0.491026,0.491026,True,True,B2,False,261,,False
2023-02,2023,2,通州区,6.822500000000001,shallow,1.0,0.437462,0.437462,0.437462,True,True,B2,True,351,,False
2023-02,2023,2,通州区,6.822500000000001,central,1.0,0.437462,0.437462,0.437462,True,True,B2,False,351,,False
2023-02,2023,2,通州区,6.822500000000001,deep,1.0,0.437462,0.437462,0.437462,True,True,B2,False,351,,False
2023-02,2023,2,顺义区,18.2,shallow,1.0,0.0,0.0,0.0,True,False,none,False,197,,False
2023-02,2023,2,顺义区,18.2,central,1.0,0.0,0.0,0.0,True,False,none,False,197,,False
2023-02,2023,2,顺义区,18.2,deep,1.0,0.0,0.0,0.0,True,False,none,False,197,,False
2023-02,2023,2,昌平区,19.855,shallow,1.0,0.0,0.0,0.0,True,False,none,False,475,,False
2023-02,2023,2,昌平区,19.855,central,1.0,0.0,0.0,0.0,True,False,none,False,475,,False
2023-02,2023,2,昌平区,19.855,deep,1.0,0.001292,0.001292,0.001292,True,True,B4,False,475,,False
2023-02,2023,2,大兴区,13.9075,shallow,1.0,0.009993,0.009993,0.009993,True,True,B4,True,790,,False
2023-02,2023,2,大兴区,13.9075,central,1.0,0.009993,0.009993,0.009993,True,True,B4,False,790,,False
2023-02,2023,2,大兴区,13.9075,deep,1.0,0.087487,0.087487,0.087487,True,True,B3,False,790,,False
2023-02,2023,2,怀柔区,7.5775,shallow,1.0,0.031538,0.031538,0.031538,True,True,B3,False,93,,False
2023-02,2023,2,怀柔区,7.5775,central,1.0,0.387258,0.387258,0.387258,True,True,B2,False,93,,False
2023-02,2023,2,怀柔区,7.5775,deep,1.0,0.387258,0.387258,0.387258,True,True,B2,False,93,,False
2023-02,2023,2,平谷区,21.145,shallow,1.0,0.0,0.0,0.0,True,False,none,False,17,,False
2023-02,2023,2,平谷区,21.145,central,1.0,0.0,0.0,0.0,True,False,none,False,17,,False
2023-02,2023,2,平谷区,21.145,deep,1.0,0.0,0.0,0.0,True,False,none,False,17,,False
2023-02,2023,2,密云区,19.2875,shallow,1.0,0.0,0.0,0.0,True,False,none,False,94,,False
2023-02,2023,2,密云区,19.2875,central,1.0,0.0,0.0,0.0,True,False,none,False,94,,False
2023-02,2023,2,密云区,19.2875,deep,1.0,0.0,0.0,0.0,True,False,none,False,94,,False
2023-02,2023,2,延庆区,6.295,shallow,1.0,0.18273799999999998,0.18273799999999998,0.18273799999999998,True,True,B2,False,39,,False
2023-02,2023,2,延庆区,6.295,central,1.0,0.18273799999999998,0.18273799999999998,0.18273799999999998,True,True,B2,False,39,,False
2023-02,2023,2,延庆区,6.295,deep,1.0,0.18273799999999998,0.18273799999999998,0.18273799999999998,True,True,B2,False,39,,False
2023-03,2023,3,东城区,18.9275,shallow,1.0,0.0,0.0,0.0,True,False,none,False,126,,False
2023-03,2023,3,东城区,18.9275,central,1.0,0.0,0.0,0.0,True,False,none,False,126,,False
2023-03,2023,3,东城区,18.9275,deep,1.0,0.041934,0.041934,0.041934,True,True,B4,False,126,,False
2023-03,2023,3,西城区,16.5,shallow,1.0,0.0,0.0,0.0,True,False,none,False,122,,False
2023-03,2023,3,西城区,16.5,central,1.0,0.072026,0.072026,0.072026,True,True,B4,True,122,,False
2023-03,2023,3,西城区,16.5,deep,1.0,0.243094,0.243094,0.243094,True,True,B3,True,122,,False
2023-03,2023,3,朝阳区,26.5,shallow,1.0,0.0,0.0,0.0,True,False,none,False,52,,False
2023-03,2023,3,朝阳区,26.5,central,1.0,0.0,0.0,0.0,True,False,none,False,52,,False
2023-03,2023,3,朝阳区,26.5,deep,1.0,0.0,0.0,0.0,True,False,none,False,52,,False
2023-03,2023,3,海淀区,16.6925,shallow,1.0,0.0,0.0,0.0,True,False,none,False,183,,False
2023-03,2023,3,海淀区,16.6925,central,1.0,0.014557,0.014557,0.014557,True,True,B4,True,183,,False
2023-03,2023,3,海淀区,16.6925,deep,1.0,0.014557,0.014557,0.014557,True,True,B4,True,183,,False
2023-03,2023,3,丰台区,13.3125,shallow,1.0,0.031784,0.031784,0.031784,True,True,B4,False,246,,False
2023-03,2023,3,丰台区,13.3125,central,1.0,0.031784,0.031784,0.031784,True,True,B4,True,246,,False
2023-03,2023,3,丰台区,13.3125,deep,1.0,0.17988600000000002,0.17988600000000002,0.17988600000000002,True,True,B3,False,246,,False
2023-03,2023,3,石景山区,26.9975,shallow,1.0,0.0,0.0,0.0,True,False,none,False,90,,True
2023-03,2023,3,石景山区,26.9975,central,1.0,0.0,0.0,0.0,True,False,none,False,90,,True
2023-03,2023,3,石景山区,26.9975,deep,1.0,0.0,0.0,0.0,True,False,none,False,90,,True
2023-03,2023,3,门头沟区,26.87,shallow,1.0,0.0,0.0,0.0,True,False,none,False,79,,False
2023-03,2023,3,门头沟区,26.87,central,1.0,0.0,0.0,0.0,True,False,none,False,79,,False
2023-03,2023,3,门头沟区,26.87,deep,1.0,0.0,0.0,0.0,True,False,none,False,79,,False
2023-03,2023,3,房山区,7.335,shallow,1.0,0.09858,0.09858,0.09858,True,True,B3,True,261,,False
2023-03,2023,3,房山区,7.335,central,1.0,0.491026,0.491026,0.491026,True,True,B2,False,261,,False
2023-03,2023,3,房山区,7.335,deep,1.0,0.491026,0.491026,0.491026,True,True,B2,False,261,,False
2023-03,2023,3,通州区,7.245,shallow,1.0,0.056312,0.056312,0.056312,True,True,B3,True,351,,False
2023-03,2023,3,通州区,7.245,central,1.0,0.437462,0.437462,0.437462,True,True,B2,False,351,,False
2023-03,2023,3,通州区,7.245,deep,1.0,0.437462,0.437462,0.437462,True,True,B2,False,351,,False
2023-03,2023,3,顺义区,18.7975,shallow,1.0,0.0,0.0,0.0,True,False,none,False,197,,False
2023-03,2023,3,顺义区,18.7975,central,1.0,0.0,0.0,0.0,True,False,none,False,197,,False
2023-03,2023,3,顺义区,18.7975,deep,1.0,0.0,0.0,0.0,True,False,none,False,197,,False
2023-03,2023,3,昌平区,20.165,shallow,1.0,0.0,0.0,0.0,True,False,none,False,475,,False
2023-03,2023,3,昌平区,20.165,central,1.0,0.0,0.0,0.0,True,False,none,False,475,,False
2023-03,2023,3,昌平区,20.165,deep,1.0,0.001292,0.001292,0.001292,True,True,B4,False,475,,False
2023-03,2023,3,大兴区,14.35,shallow,1.0,0.0,0.0,0.0,True,False,none,True,790,,False
2023-03,2023,3,大兴区,14.35,central,1.0,0.009993,0.009993,0.009993,True,True,B4,False,790,,False
2023-03,2023,3,大兴区,14.35,deep,1.0,0.087487,0.087487,0.087487,True,True,B3,False,790,,False
2023-03,2023,3,怀柔区,7.66,shallow,1.0,0.031538,0.031538,0.031538,True,True,B3,False,93,,False
2023-03,2023,3,怀柔区,7.66,central,1.0,0.387258,0.387258,0.387258,True,True,B2,False,93,,False
2023-03,2023,3,怀柔区,7.66,deep,1.0,0.387258,0.387258,0.387258,True,True,B2,False,93,,False
2023-03,2023,3,平谷区,21.805,shallow,1.0,0.0,0.0,0.0,True,False,none,False,17,,False
2023-03,2023,3,平谷区,21.805,central,1.0,0.0,0.0,0.0,True,False,none,False,17,,False
2023-03,2023,3,平谷区,21.805,deep,1.0,0.0,0.0,0.0,True,False,none,False,17,,False
2023-03,2023,3,密云区,19.6075,shallow,1.0,0.0,0.0,0.0,True,False,none,False,94,,False
2023-03,2023,3,密云区,19.6075,central,1.0,0.0,0.0,0.0,True,False,none,False,94,,False
2023-03,2023,3,密云区,19.6075,deep,1.0,0.0,0.0,0.0,True,False,none,False,94,,False
2023-03,2023,3,延庆区,6.31,shallow,1.0,0.18273799999999998,0.18273799999999998,0.18273799999999998,True,True,B2,False,39,,False
2023-03,2023,3,延庆区,6.31,central,1.0,0.18273799999999998,0.18273799999999998,0.18273799999999998,True,True,B2,False,39,,False
2023-03,2023,3,延庆区,6.31,deep,1.0,0.18273799999999998,0.18273799999999998,0.18273799999999998,True,True,B2,False,39,,False
2023-04,2023,4,东城区,18.9875,shallow,1.0,0.0,0.0,0.0,True,False,none,False,126,,False
2023-04,2023,4,东城区,18.9875,central,1.0,0.0,0.0,0.0,True,False,none,False,126,,False
2023-04,2023,4,东城区,18.9875,deep,1.0,0.041934,0.041934,0.041934,True,True,B4,False,126,,False
2023-04,2023,4,西城区,16.47,shallow,1.0,0.0,0.0,0.0,True,False,none,False,122,,False
2023-04,2023,4,西城区,16.47,central,1.0,0.072026,0.072026,0.072026,True,True,B4,False,122,,False
2023-04,2023,4,西城区,16.47,deep,1.0,0.243094,0.243094,0.243094,True,True,B3,True,122,,False
2023-04,2023,4,朝阳区,26.445,shallow,1.0,0.0,0.0,0.0,True,False,none,False,52,,False
2023-04,2023,4,朝阳区,26.445,central,1.0,0.0,0.0,0.0,True,False,none,False,52,,False
2023-04,2023,4,朝阳区,26.445,deep,1.0,0.0,0.0,0.0,True,False,none,False,52,,False
2023-04,2023,4,海淀区,17.130000000000003,shallow,1.0,0.0,0.0,0.0,True,False,none,False,183,,False
2023-04,2023,4,海淀区,17.130000000000003,central,1.0,0.0,0.0,0.0,True,False,none,True,183,,False
2023-04,2023,4,海淀区,17.130000000000003,deep,1.0,0.014557,0.014557,0.014557,True,True,B4,False,183,,False
2023-04,2023,4,丰台区,13.015,shallow,1.0,0.031784,0.031784,0.031784,True,True,B4,False,246,,False
2023-04,2023,4,丰台区,13.015,central,1.0,0.031784,0.031784,0.031784,True,True,B4,True,246,,False
2023-04,2023,4,丰台区,13.015,deep,1.0,0.17988600000000002,0.17988600000000002,0.17988600000000002,True,True,B3,False,246,,False
2023-04,2023,4,石景山区,26.8575,shallow,1.0,0.0,0.0,0.0,True,False,none,False,90,,True
2023-04,2023,4,石景山区,26.8575,central,1.0,0.0,0.0,0.0,True,False,none,False,90,,True
2023-04,2023,4,石景山区,26.8575,deep,1.0,0.0,0.0,0.0,True,False,none,False,90,,True
2023-04,2023,4,门头沟区,26.945,shallow,1.0,0.0,0.0,0.0,True,False,none,False,79,,False
2023-04,2023,4,门头沟区,26.945,central,1.0,0.0,0.0,0.0,True,False,none,False,79,,False
2023-04,2023,4,门头沟区,26.945,deep,1.0,0.0,0.0,0.0,True,False,none,False,79,,False
2023-04,2023,4,房山区,7.720000000000001,shallow,1.0,0.09858,0.09858,0.09858,True,True,B3,False,261,,False
2023-04,2023,4,房山区,7.720000000000001,central,1.0,0.491026,0.491026,0.491026,True,True,B2,False,261,,False
2023-04,2023,4,房山区,7.720000000000001,deep,1.0,0.491026,0.491026,0.491026,True,True,B2,False,261,,False
2023-04,2023,4,通州区,7.875,shallow,1.0,0.056312,0.056312,0.056312,True,True,B3,False,351,,False
2023-04,2023,4,通州区,7.875,central,1.0,0.437462,0.437462,0.437462,True,True,B2,False,351,,False
2023-04,2023,4,通州区,7.875,deep,1.0,0.437462,0.437462,0.437462,True,True,B2,False,351,,False
2023-04,2023,4,顺义区,20.7325,shallow,1.0,0.0,0.0,0.0,True,False,none,False,197,,False
2023-04,2023,4,顺义区,20.7325,central,1.0,0.0,0.0,0.0,True,False,none,False,197,,False
2023-04,2023,4,顺义区,20.7325,deep,1.0,0.0,0.0,0.0,True,False,none,False,197,,False
2023-04,2023,4,昌平区,20.7125,shallow,1.0,0.0,0.0,0.0,True,False,none,False,475,,False
2023-04,2023,4,昌平区,20.7125,central,1.0,0.0,0.0,0.0,True,False,none,False,475,,False
2023-04,2023,4,昌平区,20.7125,deep,1.0,0.001292,0.001292,0.001292,True,True,B4,False,475,,False
2023-04,2023,4,大兴区,15.08,shallow,1.0,0.0,0.0,0.0,True,False,none,False,790,,False
2023-04,2023,4,大兴区,15.08,central,1.0,0.009993,0.009993,0.009993,True,True,B4,False,790,,False
2023-04,2023,4,大兴区,15.08,deep,1.0,0.087487,0.087487,0.087487,True,True,B3,False,790,,False
2023-04,2023,4,怀柔区,7.814999999999999,shallow,1.0,0.031538,0.031538,0.031538,True,True,B3,False,93,,False
2023-04,2023,4,怀柔区,7.814999999999999,central,1.0,0.387258,0.387258,0.387258,True,True,B2,False,93,,False
2023-04,2023,4,怀柔区,7.814999999999999,deep,1.0,0.387258,0.387258,0.387258,True,True,B2,False,93,,False
2023-04,2023,4,平谷区,23.3225,shallow,1.0,0.0,0.0,0.0,True,False,none,False,17,,False
2023-04,2023,4,平谷区,23.3225,central,1.0,0.0,0.0,0.0,True,False,none,False,17,,False
2023-04,2023,4,平谷区,23.3225,deep,1.0,0.0,0.0,0.0,True,False,none,False,17,,False
2023-04,2023,4,密云区,19.9025,shallow,1.0,0.0,0.0,0.0,True,False,none,False,94,,False
2023-04,2023,4,密云区,19.9025,central,1.0,0.0,0.0,0.0,True,False,none,False,94,,False
2023-04,2023,4,密云区,19.9025,deep,1.0,0.0,0.0,0.0,True,False,none,False,94,,False
2023-04,2023,4,延庆区,7.11,shallow,1.0,0.020419,0.020419,0.020419,True,True,B3,True,39,,False
2023-04,2023,4,延庆区,7.11,central,1.0,0.18273799999999998,0.18273799999999998,0.18273799999999998,True,True,B2,False,39,,False
2023-04,2023,4,延庆区,7.11,deep,1.0,0.18273799999999998,0.18273799999999998,0.18273799999999998,True,True,B2,False,39,,False
2023-05,2023,5,东城区,18.9875,shallow,1.0,0.0,0.0,0.0,True,False,none,False,126,,False
2023-05,2023,5,东城区,18.9875,central,1.0,0.0,0.0,0.0,True,False,none,False,126,,False
2023-05,2023,5,东城区,18.9875,deep,1.0,0.041934,0.041934,0.041934,True,True,B4,False,126,,False
2023-05,2023,5,西城区,16.564999999999998,shallow,1.0,0.0,0.0,0.0,True,False,none,False,122,,False
2023-05,2023,5,西城区,16.564999999999998,central,1.0,0.072026,0.072026,0.072026,True,True,B4,True,122,,False
2023-05,2023,5,西城区,16.564999999999998,deep,1.0,0.072026,0.072026,0.072026,True,True,B4,True,122,,False
2023-05,2023,5,朝阳区,26.3975,shallow,1.0,0.0,0.0,0.0,True,False,none,False,52,,False
2023-05,2023,5,朝阳区,26.3975,central,1.0,0.0,0.0,0.0,True,False,none,False,52,,False
2023-05,2023,5,朝阳区,26.3975,deep,1.0,0.0,0.0,0.0,True,False,none,False,52,,False
2023-05,2023,5,海淀区,17.419999999999998,shallow,1.0,0.0,0.0,0.0,True,False,none,False,183,,False
2023-05,2023,5,海淀区,17.419999999999998,central,1.0,0.0,0.0,0.0,True,False,none,True,183,,False
2023-05,2023,5,海淀区,17.419999999999998,deep,1.0,0.014557,0.014557,0.014557,True,True,B4,False,183,,False
2023-05,2023,5,丰台区,12.8,shallow,1.0,0.031784,0.031784,0.031784,True,True,B4,False,246,,False
2023-05,2023,5,丰台区,12.8,central,1.0,0.17988600000000002,0.17988600000000002,0.17988600000000002,True,True,B3,True,246,,False
2023-05,2023,5,丰台区,12.8,deep,1.0,0.17988600000000002,0.17988600000000002,0.17988600000000002,True,True,B3,False,246,,False
2023-05,2023,5,石景山区,26.5475,shallow,1.0,0.0,0.0,0.0,True,False,none,False,90,,True
2023-05,2023,5,石景山区,26.5475,central,1.0,0.0,0.0,0.0,True,False,none,False,90,,True
2023-05,2023,5,石景山区,26.5475,deep,1.0,0.0,0.0,0.0,True,False,none,False,90,,True
2023-05,2023,5,门头沟区,26.53,shallow,1.0,0.0,0.0,0.0,True,False,none,False,79,,False
2023-05,2023,5,门头沟区,26.53,central,1.0,0.0,0.0,0.0,True,False,none,False,79,,False
2023-05,2023,5,门头沟区,26.53,deep,1.0,0.0,0.0,0.0,True,False,none,False,79,,False
2023-05,2023,5,房山区,8.13,shallow,1.0,0.09858,0.09858,0.09858,True,True,B3,False,261,,False
2023-05,2023,5,房山区,8.13,central,1.0,0.491026,0.491026,0.491026,True,True,B2,False,261,,False
2023-05,2023,5,房山区,8.13,deep,1.0,0.491026,0.491026,0.491026,True,True,B2,False,261,,False
2023-05,2023,5,通州区,8.07,shallow,1.0,0.056312,0.056312,0.056312,True,True,B3,False,351,,False
2023-05,2023,5,通州区,8.07,central,1.0,0.437462,0.437462,0.437462,True,True,B2,False,351,,False
2023-05,2023,5,通州区,8.07,deep,1.0,0.437462,0.437462,0.437462,True,True,B2,False,351,,False
2023-05,2023,5,顺义区,21.535,shallow,1.0,0.0,0.0,0.0,True,False,none,False,197,,False
2023-05,2023,5,顺义区,21.535,central,1.0,0.0,0.0,0.0,True,False,none,False,197,,False
2023-05,2023,5,顺义区,21.535,deep,1.0,0.0,0.0,0.0,True,False,none,False,197,,False
2023-05,2023,5,昌平区,21.0425,shallow,1.0,0.0,0.0,0.0,True,False,none,False,475,,False
2023-05,2023,5,昌平区,21.0425,central,1.0,0.0,0.0,0.0,True,False,none,False,475,,False
2023-05,2023,5,昌平区,21.0425,deep,1.0,0.001292,0.001292,0.001292,True,True,B4,False,475,,False
2023-05,2023,5,大兴区,15.6275,shallow,1.0,0.0,0.0,0.0,True,False,none,False,790,,False
2023-05,2023,5,大兴区,15.6275,central,1.0,0.009993,0.009993,0.009993,True,True,B4,False,790,,False
2023-05,2023,5,大兴区,15.6275,deep,1.0,0.087487,0.087487,0.087487,True,True,B3,False,790,,False
2023-05,2023,5,怀柔区,7.934999999999999,shallow,1.0,0.031538,0.031538,0.031538,True,True,B3,False,93,,False
2023-05,2023,5,怀柔区,7.934999999999999,central,1.0,0.387258,0.387258,0.387258,True,True,B2,False,93,,False
2023-05,2023,5,怀柔区,7.934999999999999,deep,1.0,0.387258,0.387258,0.387258,True,True,B2,False,93,,False
2023-05,2023,5,平谷区,24.130000000000003,shallow,1.0,0.0,0.0,0.0,True,False,none,False,17,,False
2023-05,2023,5,平谷区,24.130000000000003,central,1.0,0.0,0.0,0.0,True,False,none,False,17,,False
2023-05,2023,5,平谷区,24.130000000000003,deep,1.0,0.0,0.0,0.0,True,False,none,False,17,,False
2023-05,2023,5,密云区,19.875,shallow,1.0,0.0,0.0,0.0,True,False,none,False,94,,False
2023-05,2023,5,密云区,19.875,central,1.0,0.0,0.0,0.0,True,False,none,False,94,,False
2023-05,2023,5,密云区,19.875,deep,1.0,0.0,0.0,0.0,True,False,none,False,94,,False
2023-05,2023,5,延庆区,7.6475,shallow,1.0,0.020419,0.020419,0.020419,True,True,B3,False,39,,False
2023-05,2023,5,延庆区,7.6475,central,1.0,0.18273799999999998,0.18273799999999998,0.18273799999999998,True,True,B2,False,39,,False
2023-05,2023,5,延庆区,7.6475,deep,1.0,0.18273799999999998,0.18273799999999998,0.18273799999999998,True,True,B2,False,39,,False
2023-06,2023,6,东城区,19.015,shallow,1.0,0.0,0.0,0.0,True,False,none,False,126,,False
2023-06,2023,6,东城区,19.015,central,1.0,0.0,0.0,0.0,True,False,none,False,126,,False
2023-06,2023,6,东城区,19.015,deep,1.0,0.041934,0.041934,0.041934,True,True,B4,False,126,,False
2023-06,2023,6,西城区,16.55,shallow,1.0,0.0,0.0,0.0,True,False,none,False,122,,False
2023-06,2023,6,西城区,16.55,central,1.0,0.072026,0.072026,0.072026,True,True,B4,True,122,,False
2023-06,2023,6,西城区,16.55,deep,1.0,0.072026,0.072026,0.072026,True,True,B4,True,122,,False
2023-06,2023,6,朝阳区,27.005,shallow,1.0,0.0,0.0,0.0,True,False,none,False,52,,False
2023-06,2023,6,朝阳区,27.005,central,1.0,0.0,0.0,0.0,True,False,none,False,52,,False
2023-06,2023,6,朝阳区,27.005,deep,1.0,0.0,0.0,0.0,True,False,none,False,52,,False
2023-06,2023,6,海淀区,18.1475,shallow,1.0,0.0,0.0,0.0,True,False,none,False,183,,False
2023-06,2023,6,海淀区,18.1475,central,1.0,0.0,0.0,0.0,True,False,none,False,183,,False
2023-06,2023,6,海淀区,18.1475,deep,1.0,0.014557,0.014557,0.014557,True,True,B4,False,183,,False
2023-06,2023,6,丰台区,12.815,shallow,1.0,0.031784,0.031784,0.031784,True,True,B4,False,246,,False
2023-06,2023,6,丰台区,12.815,central,1.0,0.17988600000000002,0.17988600000000002,0.17988600000000002,True,True,B3,True,246,,False
2023-06,2023,6,丰台区,12.815,deep,1.0,0.17988600000000002,0.17988600000000002,0.17988600000000002,True,True,B3,False,246,,False
2023-06,2023,6,石景山区,26.1725,shallow,1.0,0.0,0.0,0.0,True,False,none,False,90,,True
2023-06,2023,6,石景山区,26.1725,central,1.0,0.0,0.0,0.0,True,False,none,False,90,,True
2023-06,2023,6,石景山区,26.1725,deep,1.0,0.0,0.0,0.0,True,False,none,False,90,,True
2023-06,2023,6,门头沟区,25.7925,shallow,1.0,0.0,0.0,0.0,True,False,none,False,79,,False
2023-06,2023,6,门头沟区,25.7925,central,1.0,0.0,0.0,0.0,True,False,none,False,79,,False
2023-06,2023,6,门头沟区,25.7925,deep,1.0,0.0,0.0,0.0,True,False,none,False,79,,False
2023-06,2023,6,房山区,9.2,shallow,1.0,0.09858,0.09858,0.09858,True,True,B3,False,261,,False
2023-06,2023,6,房山区,9.2,central,1.0,0.09858,0.09858,0.09858,True,True,B3,True,261,,False
2023-06,2023,6,房山区,9.2,deep,1.0,0.491026,0.491026,0.491026,True,True,B2,False,261,,False
2023-06,2023,6,通州区,8.6075,shallow,1.0,0.056312,0.056312,0.056312,True,True,B3,False,351,,False
2023-06,2023,6,通州区,8.6075,central,1.0,0.437462,0.437462,0.437462,True,True,B2,True,351,,False
2023-06,2023,6,通州区,8.6075,deep,1.0,0.437462,0.437462,0.437462,True,True,B2,False,351,,False
2023-06,2023,6,顺义区,22.52,shallow,1.0,0.0,0.0,0.0,True,False,none,False,197,,False
2023-06,2023,6,顺义区,22.52,central,1.0,0.0,0.0,0.0,True,False,none,False,197,,False
2023-06,2023,6,顺义区,22.52,deep,1.0,0.0,0.0,0.0,True,False,none,False,197,,False
2023-06,2023,6,昌平区,22.0,shallow,1.0,0.0,0.0,0.0,True,False,none,False,475,,False
2023-06,2023,6,昌平区,22.0,central,1.0,0.0,0.0,0.0,True,False,none,False,475,,False
2023-06,2023,6,昌平区,22.0,deep,1.0,0.001292,0.001292,0.001292,True,True,B4,True,475,,False
2023-06,2023,6,大兴区,16.392500000000002,shallow,1.0,0.0,0.0,0.0,True,False,none,False,790,,False
2023-06,2023,6,大兴区,16.392500000000002,central,1.0,0.009993,0.009993,0.009993,True,True,B4,False,790,,False
2023-06,2023,6,大兴区,16.392500000000002,deep,1.0,0.087487,0.087487,0.087487,True,True,B3,True,790,,False
2023-06,2023,6,怀柔区,7.983333333333333,shallow,1.0,0.031538,0.031538,0.031538,True,True,B3,False,93,,False
2023-06,2023,6,怀柔区,7.983333333333333,central,1.0,0.387258,0.387258,0.387258,True,True,B2,False,93,,False
2023-06,2023,6,怀柔区,7.983333333333333,deep,1.0,0.387258,0.387258,0.387258,True,True,B2,False,93,,False
2023-06,2023,6,平谷区,26.1425,shallow,1.0,0.0,0.0,0.0,True,False,none,False,17,,False
2023-06,2023,6,平谷区,26.1425,central,1.0,0.0,0.0,0.0,True,False,none,False,17,,False
2023-06,2023,6,平谷区,26.1425,deep,1.0,0.0,0.0,0.0,True,False,none,False,17,,False
2023-06,2023,6,密云区,19.73,shallow,1.0,0.0,0.0,0.0,True,False,none,False,94,,False
2023-06,2023,6,密云区,19.73,central,1.0,0.0,0.0,0.0,True,False,none,False,94,,False
2023-06,2023,6,密云区,19.73,deep,1.0,0.0,0.0,0.0,True,False,none,False,94,,False
2023-06,2023,6,延庆区,8.7325,shallow,1.0,0.020419,0.020419,0.020419,True,True,B3,False,39,,False
2023-06,2023,6,延庆区,8.7325,central,1.0,0.18273799999999998,0.18273799999999998,0.18273799999999998,True,True,B2,True,39,,False
2023-06,2023,6,延庆区,8.7325,deep,1.0,0.18273799999999998,0.18273799999999998,0.18273799999999998,True,True,B2,False,39,,False
2023-07,2023,7,东城区,19.055,shallow,1.0,0.0,0.0,0.0,True,False,none,False,126,,False
2023-07,2023,7,东城区,19.055,central,1.0,0.0,0.0,0.0,True,False,none,False,126,,False
2023-07,2023,7,东城区,19.055,deep,1.0,0.041934,0.041934,0.041934,True,True,B4,False,126,,False
2023-07,2023,7,西城区,16.5,shallow,1.0,0.0,0.0,0.0,True,False,none,False,122,,False
2023-07,2023,7,西城区,16.5,central,1.0,0.072026,0.072026,0.072026,True,True,B4,True,122,,False
2023-07,2023,7,西城区,16.5,deep,1.0,0.243094,0.243094,0.243094,True,True,B3,True,122,,False
2023-07,2023,7,朝阳区,27.2925,shallow,1.0,0.0,0.0,0.0,True,False,none,False,52,,False
2023-07,2023,7,朝阳区,27.2925,central,1.0,0.0,0.0,0.0,True,False,none,False,52,,False
2023-07,2023,7,朝阳区,27.2925,deep,1.0,0.0,0.0,0.0,True,False,none,False,52,,False
2023-07,2023,7,海淀区,18.2575,shallow,1.0,0.0,0.0,0.0,True,False,none,False,183,,False
2023-07,2023,7,海淀区,18.2575,central,1.0,0.0,0.0,0.0,True,False,none,False,183,,False
2023-07,2023,7,海淀区,18.2575,deep,1.0,0.014557,0.014557,0.014557,True,True,B4,False,183,,False
2023-07,2023,7,丰台区,12.97,shallow,1.0,0.031784,0.031784,0.031784,True,True,B4,False,246,,False
2023-07,2023,7,丰台区,12.97,central,1.0,0.17988600000000002,0.17988600000000002,0.17988600000000002,True,True,B3,True,246,,False
2023-07,2023,7,丰台区,12.97,deep,1.0,0.17988600000000002,0.17988600000000002,0.17988600000000002,True,True,B3,False,246,,False
2023-07,2023,7,石景山区,26.0975,shallow,1.0,0.0,0.0,0.0,True,False,none,False,90,,True
2023-07,2023,7,石景山区,26.0975,central,1.0,0.0,0.0,0.0,True,False,none,False,90,,True
2023-07,2023,7,石景山区,26.0975,deep,1.0,0.0,0.0,0.0,True,False,none,False,90,,True
2023-07,2023,7,门头沟区,25.43,shallow,1.0,0.0,0.0,0.0,True,False,none,False,79,,False
2023-07,2023,7,门头沟区,25.43,central,1.0,0.0,0.0,0.0,True,False,none,False,79,,False
2023-07,2023,7,门头沟区,25.43,deep,1.0,0.0,0.0,0.0,True,False,none,False,79,,False
2023-07,2023,7,房山区,8.74,shallow,1.0,0.09858,0.09858,0.09858,True,True,B3,False,261,,False
2023-07,2023,7,房山区,8.74,central,1.0,0.491026,0.491026,0.491026,True,True,B2,True,261,,False
2023-07,2023,7,房山区,8.74,deep,1.0,0.491026,0.491026,0.491026,True,True,B2,False,261,,False
2023-07,2023,7,通州区,8.709999999999999,shallow,1.0,0.056312,0.056312,0.056312,True,True,B3,False,351,,False
2023-07,2023,7,通州区,8.709999999999999,central,1.0,0.437462,0.437462,0.437462,True,True,B2,True,351,,False
2023-07,2023,7,通州区,8.709999999999999,deep,1.0,0.437462,0.437462,0.437462,True,True,B2,False,351,,False
2023-07,2023,7,顺义区,22.7975,shallow,1.0,0.0,0.0,0.0,True,False,none,False,197,,False
2023-07,2023,7,顺义区,22.7975,central,1.0,0.0,0.0,0.0,True,False,none,False,197,,False
2023-07,2023,7,顺义区,22.7975,deep,1.0,0.0,0.0,0.0,True,False,none,False,197,,False
2023-07,2023,7,昌平区,22.4975,shallow,1.0,0.0,0.0,0.0,True,False,none,False,475,,False
2023-07,2023,7,昌平区,22.4975,central,1.0,0.0,0.0,0.0,True,False,none,False,475,,False
2023-07,2023,7,昌平区,22.4975,deep,1.0,0.0,0.0,0.0,True,False,none,True,475,,False
2023-07,2023,7,大兴区,16.040000000000003,shallow,1.0,0.0,0.0,0.0,True,False,none,False,790,,False
2023-07,2023,7,大兴区,16.040000000000003,central,1.0,0.009993,0.009993,0.009993,True,True,B4,False,790,,False
2023-07,2023,7,大兴区,16.040000000000003,deep,1.0,0.087487,0.087487,0.087487,True,True,B3,True,790,,False
2023-07,2023,7,怀柔区,8.275,shallow,1.0,0.031538,0.031538,0.031538,True,True,B3,False,93,,False
2023-07,2023,7,怀柔区,8.275,central,1.0,0.387258,0.387258,0.387258,True,True,B2,False,93,,False
2023-07,2023,7,怀柔区,8.275,deep,1.0,0.387258,0.387258,0.387258,True,True,B2,False,93,,False
2023-07,2023,7,平谷区,27.06,shallow,1.0,0.0,0.0,0.0,True,False,none,False,17,,False
2023-07,2023,7,平谷区,27.06,central,1.0,0.0,0.0,0.0,True,False,none,False,17,,False
2023-07,2023,7,平谷区,27.06,deep,1.0,0.0,0.0,0.0,True,False,none,False,17,,False
2023-07,2023,7,密云区,19.81,shallow,1.0,0.0,0.0,0.0,True,False,none,False,94,,False
2023-07,2023,7,密云区,19.81,central,1.0,0.0,0.0,0.0,True,False,none,False,94,,False
2023-07,2023,7,密云区,19.81,deep,1.0,0.0,0.0,0.0,True,False,none,False,94,,False
2023-07,2023,7,延庆区,8.729999999999999,shallow,1.0,0.020419,0.020419,0.020419,True,True,B3,False,39,,False
2023-07,2023,7,延庆区,8.729999999999999,central,1.0,0.18273799999999998,0.18273799999999998,0.18273799999999998,True,True,B2,True,39,,False
2023-07,2023,7,延庆区,8.729999999999999,deep,1.0,0.18273799999999998,0.18273799999999998,0.18273799999999998,True,True,B2,False,39,,False
2023-08,2023,8,东城区,17.981764705882348,shallow,1.0,0.0,0.0,0.0,True,False,none,False,126,,False
2023-08,2023,8,东城区,17.981764705882348,central,1.0,0.0,0.0,0.0,True,False,none,False,126,,False
2023-08,2023,8,东城区,17.981764705882348,deep,1.0,0.041934,0.041934,0.041934,True,True,B4,False,126,,False
2023-08,2023,8,西城区,16.065624999999997,shallow,1.0,0.0,0.0,0.0,True,False,none,False,122,,False
2023-08,2023,8,西城区,16.065624999999997,central,1.0,0.072026,0.072026,0.072026,True,True,B4,False,122,,False
2023-08,2023,8,西城区,16.065624999999997,deep,1.0,0.243094,0.243094,0.243094,True,True,B3,True,122,,False
2023-08,2023,8,朝阳区,26.32235294117648,shallow,1.0,0.0,0.0,0.0,True,False,none,False,52,,False
2023-08,2023,8,朝阳区,26.32235294117648,central,1.0,0.0,0.0,0.0,True,False,none,False,52,,False
2023-08,2023,8,朝阳区,26.32235294117648,deep,1.0,0.0,0.0,0.0,True,False,none,False,52,,False
2023-08,2023,8,海淀区,16.26705882352941,shallow,1.0,0.0,0.0,0.0,True,False,none,False,183,,False
2023-08,2023,8,海淀区,16.26705882352941,central,1.0,0.014557,0.014557,0.014557,True,True,B4,False,183,,False
2023-08,2023,8,海淀区,16.26705882352941,deep,1.0,0.038602,0.038602,0.038602,True,True,B3,True,183,,False
2023-08,2023,8,丰台区,12.384705882352945,shallow,1.0,0.031784,0.031784,0.031784,True,True,B4,False,246,,False
2023-08,2023,8,丰台区,12.384705882352945,central,1.0,0.17988600000000002,0.17988600000000002,0.17988600000000002,True,True,B3,False,246,,False
2023-08,2023,8,丰台区,12.384705882352945,deep,1.0,0.17988600000000002,0.17988600000000002,0.17988600000000002,True,True,B3,False,246,,False
2023-08,2023,8,石景山区,23.21294117647059,shallow,1.0,0.0,0.0,0.0,True,False,none,False,90,,True
2023-08,2023,8,石景山区,23.21294117647059,central,1.0,0.0,0.0,0.0,True,False,none,False,90,,True
2023-08,2023,8,石景山区,23.21294117647059,deep,1.0,0.0,0.0,0.0,True,False,none,False,90,,True
2023-08,2023,8,门头沟区,22.093529411764703,shallow,1.0,0.0,0.0,0.0,True,False,none,False,79,,False
2023-08,2023,8,门头沟区,22.093529411764703,central,1.0,0.0,0.0,0.0,True,False,none,False,79,,False
2023-08,2023,8,门头沟区,22.093529411764703,deep,1.0,0.0,0.0,0.0,True,False,none,True,79,,False
2023-08,2023,8,房山区,6.055454545454546,shallow,1.0,0.491026,0.491026,0.491026,True,True,B2,False,261,,False
2023-08,2023,8,房山区,6.055454545454546,central,1.0,0.491026,0.491026,0.491026,True,True,B2,False,261,,False
2023-08,2023,8,房山区,6.055454545454546,deep,1.0,0.491026,0.491026,0.491026,True,True,B2,False,261,,False
2023-08,2023,8,通州区,6.920000000000001,shallow,1.0,0.437462,0.437462,0.437462,True,True,B2,True,351,,False
2023-08,2023,8,通州区,6.920000000000001,central,1.0,0.437462,0.437462,0.437462,True,True,B2,False,351,,False
2023-08,2023,8,通州区,6.920000000000001,deep,1.0,0.437462,0.437462,0.437462,True,True,B2,False,351,,False
2023-08,2023,8,顺义区,19.973529411764705,shallow,1.0,0.0,0.0,0.0,True,False,none,False,197,,False
2023-08,2023,8,顺义区,19.973529411764705,central,1.0,0.0,0.0,0.0,True,False,none,False,197,,False
2023-08,2023,8,顺义区,19.973529411764705,deep,1.0,0.0,0.0,0.0,True,False,none,False,197,,False
2023-08,2023,8,昌平区,20.536470588235293,shallow,1.0,0.0,0.0,0.0,True,False,none,False,475,,False
2023-08,2023,8,昌平区,20.536470588235293,central,1.0,0.0,0.0,0.0,True,False,none,False,475,,False
2023-08,2023,8,昌平区,20.536470588235293,deep,1.0,0.001292,0.001292,0.001292,True,True,B4,False,475,,False
2023-08,2023,8,大兴区,14.363529411764704,shallow,1.0,0.0,0.0,0.0,True,False,none,True,790,,False
2023-08,2023,8,大兴区,14.363529411764704,central,1.0,0.009993,0.009993,0.009993,True,True,B4,False,790,,False
2023-08,2023,8,大兴区,14.363529411764704,deep,1.0,0.087487,0.087487,0.087487,True,True,B3,False,790,,False
2023-08,2023,8,怀柔区,7.377058823529413,shallow,1.0,0.031538,0.031538,0.031538,True,True,B3,True,93,,False
2023-08,2023,8,怀柔区,7.377058823529413,central,1.0,0.387258,0.387258,0.387258,True,True,B2,False,93,,False
2023-08,2023,8,怀柔区,7.377058823529413,deep,1.0,0.387258,0.387258,0.387258,True,True,B2,False,93,,False
2023-08,2023,8,平谷区,24.59294117647059,shallow,1.0,0.0,0.0,0.0,True,False,none,False,17,,False
2023-08,2023,8,平谷区,24.59294117647059,central,1.0,0.0,0.0,0.0,True,False,none,False,17,,False
2023-08,2023,8,平谷区,24.59294117647059,deep,1.0,0.0,0.0,0.0,True,False,none,False,17,,False
2023-08,2023,8,密云区,19.25470588235294,shallow,1.0,0.0,0.0,0.0,True,False,none,False,94,,False
2023-08,2023,8,密云区,19.25470588235294,central,1.0,0.0,0.0,0.0,True,False,none,False,94,,False
2023-08,2023,8,密云区,19.25470588235294,deep,1.0,0.0,0.0,0.0,True,False,none,False,94,,False
2023-08,2023,8,延庆区,7.087647058823529,shallow,1.0,0.020419,0.020419,0.020419,True,True,B3,True,39,,False
2023-08,2023,8,延庆区,7.087647058823529,central,1.0,0.18273799999999998,0.18273799999999998,0.18273799999999998,True,True,B2,False,39,,False
2023-08,2023,8,延庆区,7.087647058823529,deep,1.0,0.18273799999999998,0.18273799999999998,0.18273799999999998,True,True,B2,False,39,,False
2023-09,2023,9,东城区,17.6925,shallow,1.0,0.0,0.0,0.0,True,False,none,False,126,,False
2023-09,2023,9,东城区,17.6925,central,1.0,0.0,0.0,0.0,True,False,none,False,126,,False
2023-09,2023,9,东城区,17.6925,deep,1.0,0.041934,0.041934,0.041934,True,True,B4,False,126,,False
2023-09,2023,9,西城区,15.7725,shallow,1.0,0.0,0.0,0.0,True,False,none,False,122,,False
2023-09,2023,9,西城区,15.7725,central,1.0,0.072026,0.072026,0.072026,True,True,B4,False,122,,False
2023-09,2023,9,西城区,15.7725,deep,1.0,0.243094,0.243094,0.243094,True,True,B3,False,122,,False
2023-09,2023,9,朝阳区,25.895,shallow,1.0,0.0,0.0,0.0,True,False,none,False,52,,False
2023-09,2023,9,朝阳区,25.895,central,1.0,0.0,0.0,0.0,True,False,none,False,52,,False
2023-09,2023,9,朝阳区,25.895,deep,1.0,0.0,0.0,0.0,True,False,none,False,52,,False
2023-09,2023,9,海淀区,15.39,shallow,1.0,0.0,0.0,0.0,True,False,none,False,183,,False
2023-09,2023,9,海淀区,15.39,central,1.0,0.014557,0.014557,0.014557,True,True,B4,False,183,,False
2023-09,2023,9,海淀区,15.39,deep,1.0,0.038602,0.038602,0.038602,True,True,B3,False,183,,False
2023-09,2023,9,丰台区,12.1225,shallow,1.0,0.031784,0.031784,0.031784,True,True,B4,False,246,,False
2023-09,2023,9,丰台区,12.1225,central,1.0,0.17988600000000002,0.17988600000000002,0.17988600000000002,True,True,B3,False,246,,False
2023-09,2023,9,丰台区,12.1225,deep,1.0,0.17988600000000002,0.17988600000000002,0.17988600000000002,True,True,B3,False,246,,False
2023-09,2023,9,石景山区,22.01,shallow,1.0,0.0,0.0,0.0,True,False,none,False,90,,True
2023-09,2023,9,石景山区,22.01,central,1.0,0.0,0.0,0.0,True,False,none,False,90,,True
2023-09,2023,9,石景山区,22.01,deep,1.0,0.0,0.0,0.0,True,False,none,True,90,,True
2023-09,2023,9,门头沟区,20.5975,shallow,1.0,0.0,0.0,0.0,True,False,none,False,79,,False
2023-09,2023,9,门头沟区,20.5975,central,1.0,0.0,0.0,0.0,True,False,none,False,79,,False
2023-09,2023,9,门头沟区,20.5975,deep,1.0,0.022179,0.022179,0.022179,True,True,B4,False,79,,False
2023-09,2023,9,房山区,5.7225,shallow,1.0,0.491026,0.491026,0.491026,True,True,B2,False,261,,False
2023-09,2023,9,房山区,5.7225,central,1.0,0.491026,0.491026,0.491026,True,True,B2,False,261,,False
2023-09,2023,9,房山区,5.7225,deep,1.0,0.491026,0.491026,0.491026,True,True,B2,True,261,,False
2023-09,2023,9,通州区,6.605,shallow,1.0,0.437462,0.437462,0.437462,True,True,B2,True,351,,False
2023-09,2023,9,通州区,6.605,central,1.0,0.437462,0.437462,0.437462,True,True,B2,False,351,,False
2023-09,2023,9,通州区,6.605,deep,1.0,0.437462,0.437462,0.437462,True,True,B2,False,351,,False
2023-09,2023,9,顺义区,19.3825,shallow,1.0,0.0,0.0,0.0,True,False,none,False,197,,False
2023-09,2023,9,顺义区,19.3825,central,1.0,0.0,0.0,0.0,True,False,none,False,197,,False
2023-09,2023,9,顺义区,19.3825,deep,1.0,0.0,0.0,0.0,True,False,none,False,197,,False
2023-09,2023,9,昌平区,19.745,shallow,1.0,0.0,0.0,0.0,True,False,none,False,475,,False
2023-09,2023,9,昌平区,19.745,central,1.0,0.0,0.0,0.0,True,False,none,False,475,,False
2023-09,2023,9,昌平区,19.745,deep,1.0,0.001292,0.001292,0.001292,True,True,B4,False,475,,False
2023-09,2023,9,大兴区,14.0775,shallow,1.0,0.0,0.0,0.0,True,False,none,True,790,,False
2023-09,2023,9,大兴区,14.0775,central,1.0,0.009993,0.009993,0.009993,True,True,B4,False,790,,False
2023-09,2023,9,大兴区,14.0775,deep,1.0,0.087487,0.087487,0.087487,True,True,B3,False,790,,False
2023-09,2023,9,怀柔区,7.564999999999999,shallow,1.0,0.031538,0.031538,0.031538,True,True,B3,False,93,,False
2023-09,2023,9,怀柔区,7.564999999999999,central,1.0,0.387258,0.387258,0.387258,True,True,B2,False,93,,False
2023-09,2023,9,怀柔区,7.564999999999999,deep,1.0,0.387258,0.387258,0.387258,True,True,B2,False,93,,False
2023-09,2023,9,平谷区,23.7425,shallow,1.0,0.0,0.0,0.0,True,False,none,False,17,,False
2023-09,2023,9,平谷区,23.7425,central,1.0,0.0,0.0,0.0,True,False,none,False,17,,False
2023-09,2023,9,平谷区,23.7425,deep,1.0,0.0,0.0,0.0,True,False,none,False,17,,False
2023-09,2023,9,密云区,19.1425,shallow,1.0,0.0,0.0,0.0,True,False,none,False,94,,False
2023-09,2023,9,密云区,19.1425,central,1.0,0.0,0.0,0.0,True,False,none,False,94,,False
2023-09,2023,9,密云区,19.1425,deep,1.0,0.0,0.0,0.0,True,False,none,False,94,,False
2023-09,2023,9,延庆区,6.64,shallow,1.0,0.18273799999999998,0.18273799999999998,0.18273799999999998,True,True,B2,True,39,,False
2023-09,2023,9,延庆区,6.64,central,1.0,0.18273799999999998,0.18273799999999998,0.18273799999999998,True,True,B2,False,39,,False
2023-09,2023,9,延庆区,6.64,deep,1.0,0.18273799999999998,0.18273799999999998,0.18273799999999998,True,True,B2,False,39,,False
2023-10,2023,10,东城区,17.415,shallow,1.0,0.0,0.0,0.0,True,False,none,False,126,,False
2023-10,2023,10,东城区,17.415,central,1.0,0.0,0.0,0.0,True,False,none,True,126,,False
2023-10,2023,10,东城区,17.415,deep,1.0,0.041934,0.041934,0.041934,True,True,B4,False,126,,False
2023-10,2023,10,西城区,15.4875,shallow,1.0,0.0,0.0,0.0,True,False,none,False,122,,False
2023-10,2023,10,西城区,15.4875,central,1.0,0.072026,0.072026,0.072026,True,True,B4,False,122,,False
2023-10,2023,10,西城区,15.4875,deep,1.0,0.243094,0.243094,0.243094,True,True,B3,False,122,,False
2023-10,2023,10,朝阳区,25.57,shallow,1.0,0.0,0.0,0.0,True,False,none,False,52,,False
2023-10,2023,10,朝阳区,25.57,central,1.0,0.0,0.0,0.0,True,False,none,False,52,,False
2023-10,2023,10,朝阳区,25.57,deep,1.0,0.0,0.0,0.0,True,False,none,False,52,,False
2023-10,2023,10,海淀区,14.81,shallow,1.0,0.0,0.0,0.0,True,False,none,False,183,,False
2023-10,2023,10,海淀区,14.81,central,1.0,0.014557,0.014557,0.014557,True,True,B4,False,183,,False
2023-10,2023,10,海淀区,14.81,deep,1.0,0.038602,0.038602,0.038602,True,True,B3,False,183,,False
2023-10,2023,10,丰台区,12.017500000000002,shallow,1.0,0.031784,0.031784,0.031784,True,True,B4,False,246,,False
2023-10,2023,10,丰台区,12.017500000000002,central,1.0,0.17988600000000002,0.17988600000000002,0.17988600000000002,True,True,B3,False,246,,False
2023-10,2023,10,丰台区,12.017500000000002,deep,1.0,0.17988600000000002,0.17988600000000002,0.17988600000000002,True,True,B3,False,246,,False
2023-10,2023,10,石景山区,21.325,shallow,1.0,0.0,0.0,0.0,True,False,none,False,90,,True
2023-10,2023,10,石景山区,21.325,central,1.0,0.0,0.0,0.0,True,False,none,False,90,,True
2023-10,2023,10,石景山区,21.325,deep,1.0,0.036363,0.036363,0.036363,True,True,B4,False,90,,True
2023-10,2023,10,门头沟区,20.2425,shallow,1.0,0.0,0.0,0.0,True,False,none,False,79,,False
2023-10,2023,10,门头沟区,20.2425,central,1.0,0.0,0.0,0.0,True,False,none,False,79,,False
2023-10,2023,10,门头沟区,20.2425,deep,1.0,0.022179,0.022179,0.022179,True,True,B4,False,79,,False
2023-10,2023,10,房山区,5.8325,shallow,1.0,0.491026,0.491026,0.491026,True,True,B2,False,261,,False
2023-10,2023,10,房山区,5.8325,central,1.0,0.491026,0.491026,0.491026,True,True,B2,False,261,,False
2023-10,2023,10,房山区,5.8325,deep,1.0,0.491026,0.491026,0.491026,True,True,B2,True,261,,False
2023-10,2023,10,通州区,6.762499999999999,shallow,1.0,0.437462,0.437462,0.437462,True,True,B2,True,351,,False
2023-10,2023,10,通州区,6.762499999999999,central,1.0,0.437462,0.437462,0.437462,True,True,B2,False,351,,False
2023-10,2023,10,通州区,6.762499999999999,deep,1.0,0.437462,0.437462,0.437462,True,True,B2,False,351,,False
2023-10,2023,10,顺义区,19.3725,shallow,1.0,0.0,0.0,0.0,True,False,none,False,197,,False
2023-10,2023,10,顺义区,19.3725,central,1.0,0.0,0.0,0.0,True,False,none,False,197,,False
2023-10,2023,10,顺义区,19.3725,deep,1.0,0.0,0.0,0.0,True,False,none,False,197,,False
2023-10,2023,10,昌平区,19.185,shallow,1.0,0.0,0.0,0.0,True,False,none,False,475,,False
2023-10,2023,10,昌平区,19.185,central,1.0,0.0,0.0,0.0,True,False,none,False,475,,False
2023-10,2023,10,昌平区,19.185,deep,1.0,0.001292,0.001292,0.001292,True,True,B4,False,475,,False
2023-10,2023,10,大兴区,13.875000000000002,shallow,1.0,0.009993,0.009993,0.009993,True,True,B4,True,790,,False
2023-10,2023,10,大兴区,13.875000000000002,central,1.0,0.009993,0.009993,0.009993,True,True,B4,False,790,,False
2023-10,2023,10,大兴区,13.875000000000002,deep,1.0,0.087487,0.087487,0.087487,True,True,B3,False,790,,False
2023-10,2023,10,怀柔区,7.6175,shallow,1.0,0.031538,0.031538,0.031538,True,True,B3,False,93,,False
2023-10,2023,10,怀柔区,7.6175,central,1.0,0.387258,0.387258,0.387258,True,True,B2,False,93,,False
2023-10,2023,10,怀柔区,7.6175,deep,1.0,0.387258,0.387258,0.387258,True,True,B2,False,93,,False
2023-10,2023,10,平谷区,23.692499999999995,shallow,1.0,0.0,0.0,0.0,True,False,none,False,17,,False
2023-10,2023,10,平谷区,23.692499999999995,central,1.0,0.0,0.0,0.0,True,False,none,False,17,,False
2023-10,2023,10,平谷区,23.692499999999995,deep,1.0,0.0,0.0,0.0,True,False,none,False,17,,False
2023-10,2023,10,密云区,19.075,shallow,1.0,0.0,0.0,0.0,True,False,none,False,94,,False
2023-10,2023,10,密云区,19.075,central,1.0,0.0,0.0,0.0,True,False,none,False,94,,False
2023-10,2023,10,密云区,19.075,deep,1.0,0.0,0.0,0.0,True,False,none,False,94,,False
2023-10,2023,10,延庆区,6.317499999999999,shallow,1.0,0.18273799999999998,0.18273799999999998,0.18273799999999998,True,True,B2,False,39,,False
2023-10,2023,10,延庆区,6.317499999999999,central,1.0,0.18273799999999998,0.18273799999999998,0.18273799999999998,True,True,B2,False,39,,False
2023-10,2023,10,延庆区,6.317499999999999,deep,1.0,0.18273799999999998,0.18273799999999998,0.18273799999999998,True,True,B2,False,39,,False
2023-11,2023,11,东城区,17.435,shallow,1.0,0.0,0.0,0.0,True,False,none,False,126,,False
2023-11,2023,11,东城区,17.435,central,1.0,0.0,0.0,0.0,True,False,none,True,126,,False
2023-11,2023,11,东城区,17.435,deep,1.0,0.041934,0.041934,0.041934,True,True,B4,False,126,,False
2023-11,2023,11,西城区,15.3575,shallow,1.0,0.0,0.0,0.0,True,False,none,False,122,,False
2023-11,2023,11,西城区,15.3575,central,1.0,0.072026,0.072026,0.072026,True,True,B4,False,122,,False
2023-11,2023,11,西城区,15.3575,deep,1.0,0.243094,0.243094,0.243094,True,True,B3,False,122,,False
2023-11,2023,11,朝阳区,25.4375,shallow,1.0,0.0,0.0,0.0,True,False,none,False,52,,False
2023-11,2023,11,朝阳区,25.4375,central,1.0,0.0,0.0,0.0,True,False,none,False,52,,False
2023-11,2023,11,朝阳区,25.4375,deep,1.0,0.0,0.0,0.0,True,False,none,False,52,,False
2023-11,2023,11,海淀区,14.2925,shallow,1.0,0.0,0.0,0.0,True,False,none,True,183,,False
2023-11,2023,11,海淀区,14.2925,central,1.0,0.014557,0.014557,0.014557,True,True,B4,False,183,,False
2023-11,2023,11,海淀区,14.2925,deep,1.0,0.038602,0.038602,0.038602,True,True,B3,False,183,,False
2023-11,2023,11,丰台区,11.8775,shallow,1.0,0.031784,0.031784,0.031784,True,True,B4,False,246,,False
2023-11,2023,11,丰台区,11.8775,central,1.0,0.17988600000000002,0.17988600000000002,0.17988600000000002,True,True,B3,False,246,,False
2023-11,2023,11,丰台区,11.8775,deep,1.0,0.17988600000000002,0.17988600000000002,0.17988600000000002,True,True,B3,False,246,,False
2023-11,2023,11,石景山区,21.1875,shallow,1.0,0.0,0.0,0.0,True,False,none,False,90,,True
2023-11,2023,11,石景山区,21.1875,central,1.0,0.0,0.0,0.0,True,False,none,False,90,,True
2023-11,2023,11,石景山区,21.1875,deep,1.0,0.036363,0.036363,0.036363,True,True,B4,False,90,,True
2023-11,2023,11,门头沟区,20.105,shallow,1.0,0.0,0.0,0.0,True,False,none,False,79,,False
2023-11,2023,11,门头沟区,20.105,central,1.0,0.0,0.0,0.0,True,False,none,False,79,,False
2023-11,2023,11,门头沟区,20.105,deep,1.0,0.022179,0.022179,0.022179,True,True,B4,False,79,,False
2023-11,2023,11,房山区,5.97,shallow,1.0,0.491026,0.491026,0.491026,True,True,B2,False,261,,False
2023-11,2023,11,房山区,5.97,central,1.0,0.491026,0.491026,0.491026,True,True,B2,False,261,,False
2023-11,2023,11,房山区,5.97,deep,1.0,0.491026,0.491026,0.491026,True,True,B2,True,261,,False
2023-11,2023,11,通州区,6.945,shallow,1.0,0.437462,0.437462,0.437462,True,True,B2,True,351,,False
2023-11,2023,11,通州区,6.945,central,1.0,0.437462,0.437462,0.437462,True,True,B2,False,351,,False
2023-11,2023,11,通州区,6.945,deep,1.0,0.437462,0.437462,0.437462,True,True,B2,False,351,,False
2023-11,2023,11,顺义区,19.71,shallow,1.0,0.0,0.0,0.0,True,False,none,False,197,,False
2023-11,2023,11,顺义区,19.71,central,1.0,0.0,0.0,0.0,True,False,none,False,197,,False
2023-11,2023,11,顺义区,19.71,deep,1.0,0.0,0.0,0.0,True,False,none,False,197,,False
2023-11,2023,11,昌平区,18.88,shallow,1.0,0.0,0.0,0.0,True,False,none,False,475,,False
2023-11,2023,11,昌平区,18.88,central,1.0,0.0,0.0,0.0,True,False,none,False,475,,False
2023-11,2023,11,昌平区,18.88,deep,1.0,0.001292,0.001292,0.001292,True,True,B4,False,475,,False
2023-11,2023,11,大兴区,13.9975,shallow,1.0,0.009993,0.009993,0.009993,True,True,B4,True,790,,False
2023-11,2023,11,大兴区,13.9975,central,1.0,0.009993,0.009993,0.009993,True,True,B4,False,790,,False
2023-11,2023,11,大兴区,13.9975,deep,1.0,0.087487,0.087487,0.087487,True,True,B3,False,790,,False
2023-11,2023,11,怀柔区,7.74,shallow,1.0,0.031538,0.031538,0.031538,True,True,B3,False,93,,False
2023-11,2023,11,怀柔区,7.74,central,1.0,0.387258,0.387258,0.387258,True,True,B2,False,93,,False
2023-11,2023,11,怀柔区,7.74,deep,1.0,0.387258,0.387258,0.387258,True,True,B2,False,93,,False
2023-11,2023,11,平谷区,23.5575,shallow,1.0,0.0,0.0,0.0,True,False,none,False,17,,False
2023-11,2023,11,平谷区,23.5575,central,1.0,0.0,0.0,0.0,True,False,none,False,17,,False
2023-11,2023,11,平谷区,23.5575,deep,1.0,0.0,0.0,0.0,True,False,none,False,17,,False
2023-11,2023,11,密云区,19.4225,shallow,1.0,0.0,0.0,0.0,True,False,none,False,94,,False
2023-11,2023,11,密云区,19.4225,central,1.0,0.0,0.0,0.0,True,False,none,False,94,,False
2023-11,2023,11,密云区,19.4225,deep,1.0,0.0,0.0,0.0,True,False,none,False,94,,False
2023-11,2023,11,延庆区,6.137500000000001,shallow,1.0,0.18273799999999998,0.18273799999999998,0.18273799999999998,True,True,B2,False,39,,False
2023-11,2023,11,延庆区,6.137500000000001,central,1.0,0.18273799999999998,0.18273799999999998,0.18273799999999998,True,True,B2,False,39,,False
2023-11,2023,11,延庆区,6.137500000000001,deep,1.0,0.18273799999999998,0.18273799999999998,0.18273799999999998,True,True,B2,False,39,,False
2023-12,2023,12,东城区,17.342499999999998,shallow,1.0,0.0,0.0,0.0,True,False,none,False,126,,False
2023-12,2023,12,东城区,17.342499999999998,central,1.0,0.0,0.0,0.0,True,False,none,True,126,,False
2023-12,2023,12,东城区,17.342499999999998,deep,1.0,0.041934,0.041934,0.041934,True,True,B4,False,126,,False
2023-12,2023,12,西城区,15.295,shallow,1.0,0.0,0.0,0.0,True,False,none,False,122,,False
2023-12,2023,12,西城区,15.295,central,1.0,0.072026,0.072026,0.072026,True,True,B4,False,122,,False
2023-12,2023,12,西城区,15.295,deep,1.0,0.243094,0.243094,0.243094,True,True,B3,False,122,,False
2023-12,2023,12,朝阳区,25.2725,shallow,1.0,0.0,0.0,0.0,True,False,none,False,52,,False
2023-12,2023,12,朝阳区,25.2725,central,1.0,0.0,0.0,0.0,True,False,none,False,52,,False
2023-12,2023,12,朝阳区,25.2725,deep,1.0,0.0,0.0,0.0,True,False,none,False,52,,False
2023-12,2023,12,海淀区,13.4225,shallow,1.0,0.014557,0.014557,0.014557,True,True,B4,False,183,,False
2023-12,2023,12,海淀区,13.4225,central,1.0,0.014557,0.014557,0.014557,True,True,B4,True,183,,False
2023-12,2023,12,海淀区,13.4225,deep,1.0,0.038602,0.038602,0.038602,True,True,B3,False,183,,False
2023-12,2023,12,丰台区,11.81,shallow,1.0,0.031784,0.031784,0.031784,True,True,B4,False,246,,False
2023-12,2023,12,丰台区,11.81,central,1.0,0.17988600000000002,0.17988600000000002,0.17988600000000002,True,True,B3,False,246,,False
2023-12,2023,12,丰台区,11.81,deep,1.0,0.17988600000000002,0.17988600000000002,0.17988600000000002,True,True,B3,False,246,,False
2023-12,2023,12,石景山区,21.630000000000003,shallow,1.0,0.0,0.0,0.0,True,False,none,False,90,,True
2023-12,2023,12,石景山区,21.630000000000003,central,1.0,0.0,0.0,0.0,True,False,none,False,90,,True
2023-12,2023,12,石景山区,21.630000000000003,deep,1.0,0.036363,0.036363,0.036363,True,True,B4,True,90,,True
2023-12,2023,12,门头沟区,20.595,shallow,1.0,0.0,0.0,0.0,True,False,none,False,79,,False
2023-12,2023,12,门头沟区,20.595,central,1.0,0.0,0.0,0.0,True,False,none,False,79,,False
2023-12,2023,12,门头沟区,20.595,deep,1.0,0.022179,0.022179,0.022179,True,True,B4,False,79,,False
2023-12,2023,12,房山区,5.965,shallow,1.0,0.491026,0.491026,0.491026,True,True,B2,False,261,,False
2023-12,2023,12,房山区,5.965,central,1.0,0.491026,0.491026,0.491026,True,True,B2,False,261,,False
2023-12,2023,12,房山区,5.965,deep,1.0,0.491026,0.491026,0.491026,True,True,B2,True,261,,False
2023-12,2023,12,通州区,6.5775,shallow,1.0,0.437462,0.437462,0.437462,True,True,B2,True,351,,False
2023-12,2023,12,通州区,6.5775,central,1.0,0.437462,0.437462,0.437462,True,True,B2,False,351,,False
2023-12,2023,12,通州区,6.5775,deep,1.0,0.437462,0.437462,0.437462,True,True,B2,False,351,,False
2023-12,2023,12,顺义区,18.7325,shallow,1.0,0.0,0.0,0.0,True,False,none,False,197,,False
2023-12,2023,12,顺义区,18.7325,central,1.0,0.0,0.0,0.0,True,False,none,False,197,,False
2023-12,2023,12,顺义区,18.7325,deep,1.0,0.0,0.0,0.0,True,False,none,False,197,,False
2023-12,2023,12,昌平区,18.36,shallow,1.0,0.0,0.0,0.0,True,False,none,False,475,,False
2023-12,2023,12,昌平区,18.36,central,1.0,0.0,0.0,0.0,True,False,none,False,475,,False
2023-12,2023,12,昌平区,18.36,deep,1.0,0.001292,0.001292,0.001292,True,True,B4,False,475,,False
2023-12,2023,12,大兴区,13.34,shallow,1.0,0.009993,0.009993,0.009993,True,True,B4,False,790,,False
2023-12,2023,12,大兴区,13.34,central,1.0,0.009993,0.009993,0.009993,True,True,B4,True,790,,False
2023-12,2023,12,大兴区,13.34,deep,1.0,0.087487,0.087487,0.087487,True,True,B3,False,790,,False
2023-12,2023,12,怀柔区,7.753333333333334,shallow,1.0,0.031538,0.031538,0.031538,True,True,B3,False,93,,False
2023-12,2023,12,怀柔区,7.753333333333334,central,1.0,0.387258,0.387258,0.387258,True,True,B2,False,93,,False
2023-12,2023,12,怀柔区,7.753333333333334,deep,1.0,0.387258,0.387258,0.387258,True,True,B2,False,93,,False
2023-12,2023,12,平谷区,22.9375,shallow,1.0,0.0,0.0,0.0,True,False,none,False,17,,False
2023-12,2023,12,平谷区,22.9375,central,1.0,0.0,0.0,0.0,True,False,none,False,17,,False
2023-12,2023,12,平谷区,22.9375,deep,1.0,0.0,0.0,0.0,True,False,none,False,17,,False
2023-12,2023,12,密云区,19.4,shallow,1.0,0.0,0.0,0.0,True,False,none,False,94,,False
2023-12,2023,12,密云区,19.4,central,1.0,0.0,0.0,0.0,True,False,none,False,94,,False
2023-12,2023,12,密云区,19.4,deep,1.0,0.0,0.0,0.0,True,False,none,False,94,,False
2023-12,2023,12,延庆区,6.02,shallow,1.0,0.18273799999999998,0.18273799999999998,0.18273799999999998,True,True,B2,False,39,,False
2023-12,2023,12,延庆区,6.02,central,1.0,0.18273799999999998,0.18273799999999998,0.18273799999999998,True,True,B2,False,39,,False
2023-12,2023,12,延庆区,6.02,deep,1.0,0.18273799999999998,0.18273799999999998,0.18273799999999998,True,True,B2,False,39,,False
2024-01,2024,1,东城区,17.284999999999997,shallow,1.0,0.0,0.0,0.0,True,False,none,False,126,,False
2024-01,2024,1,东城区,17.284999999999997,central,1.0,0.0,0.0,0.0,True,False,none,True,126,,False
2024-01,2024,1,东城区,17.284999999999997,deep,1.0,0.041934,0.041934,0.041934,True,True,B4,False,126,,False
2024-01,2024,1,西城区,15.3525,shallow,1.0,0.0,0.0,0.0,True,False,none,False,122,,False
2024-01,2024,1,西城区,15.3525,central,1.0,0.072026,0.072026,0.072026,True,True,B4,False,122,,False
2024-01,2024,1,西城区,15.3525,deep,1.0,0.243094,0.243094,0.243094,True,True,B3,False,122,,False
2024-01,2024,1,朝阳区,24.9525,shallow,1.0,0.0,0.0,0.0,True,False,none,False,52,,False
2024-01,2024,1,朝阳区,24.9525,central,1.0,0.0,0.0,0.0,True,False,none,False,52,,False
2024-01,2024,1,朝阳区,24.9525,deep,1.0,0.0,0.0,0.0,True,False,none,False,52,,False
2024-01,2024,1,海淀区,12.875,shallow,1.0,0.014557,0.014557,0.014557,True,True,B4,False,183,,False
2024-01,2024,1,海淀区,12.875,central,1.0,0.038602,0.038602,0.038602,True,True,B3,True,183,,False
2024-01,2024,1,海淀区,12.875,deep,1.0,0.038602,0.038602,0.038602,True,True,B3,False,183,,False
2024-01,2024,1,丰台区,11.89,shallow,1.0,0.031784,0.031784,0.031784,True,True,B4,False,246,,False
2024-01,2024,1,丰台区,11.89,central,1.0,0.17988600000000002,0.17988600000000002,0.17988600000000002,True,True,B3,False,246,,False
2024-01,2024,1,丰台区,11.89,deep,1.0,0.17988600000000002,0.17988600000000002,0.17988600000000002,True,True,B3,False,246,,False
2024-01,2024,1,石景山区,22.3025,shallow,1.0,0.0,0.0,0.0,True,False,none,False,90,,True
2024-01,2024,1,石景山区,22.3025,central,1.0,0.0,0.0,0.0,True,False,none,False,90,,True
2024-01,2024,1,石景山区,22.3025,deep,1.0,0.0,0.0,0.0,True,False,none,True,90,,True
2024-01,2024,1,门头沟区,21.445000000000004,shallow,1.0,0.0,0.0,0.0,True,False,none,False,79,,False
2024-01,2024,1,门头沟区,21.445000000000004,central,1.0,0.0,0.0,0.0,True,False,none,False,79,,False
2024-01,2024,1,门头沟区,21.445000000000004,deep,1.0,0.022179,0.022179,0.022179,True,True,B4,False,79,,False
2024-01,2024,1,房山区,5.955,shallow,1.0,0.491026,0.491026,0.491026,True,True,B2,False,261,,False
2024-01,2024,1,房山区,5.955,central,1.0,0.491026,0.491026,0.491026,True,True,B2,False,261,,False
2024-01,2024,1,房山区,5.955,deep,1.0,0.491026,0.491026,0.491026,True,True,B2,True,261,,False
2024-01,2024,1,通州区,6.4975,shallow,1.0,0.437462,0.437462,0.437462,True,True,B2,False,351,,False
2024-01,2024,1,通州区,6.4975,central,1.0,0.437462,0.437462,0.437462,True,True,B2,False,351,,False
2024-01,2024,1,通州区,6.4975,deep,1.0,0.437462,0.437462,0.437462,True,True,B2,False,351,,False
2024-01,2024,1,顺义区,18.155,shallow,1.0,0.0,0.0,0.0,True,False,none,False,197,,False
2024-01,2024,1,顺义区,18.155,central,1.0,0.0,0.0,0.0,True,False,none,False,197,,False
2024-01,2024,1,顺义区,18.155,deep,1.0,0.0,0.0,0.0,True,False,none,False,197,,False
2024-01,2024,1,昌平区,17.705000000000002,shallow,1.0,0.0,0.0,0.0,True,False,none,False,475,,False
2024-01,2024,1,昌平区,17.705000000000002,central,1.0,0.0,0.0,0.0,True,False,none,False,475,,False
2024-01,2024,1,昌平区,17.705000000000002,deep,1.0,0.001292,0.001292,0.001292,True,True,B4,False,475,,False
2024-01,2024,1,大兴区,13.0075,shallow,1.0,0.009993,0.009993,0.009993,True,True,B4,False,790,,False
2024-01,2024,1,大兴区,13.0075,central,1.0,0.009993,0.009993,0.009993,True,True,B4,True,790,,False
2024-01,2024,1,大兴区,13.0075,deep,1.0,0.087487,0.087487,0.087487,True,True,B3,False,790,,False
2024-01,2024,1,怀柔区,7.875,shallow,1.0,0.031538,0.031538,0.031538,True,True,B3,False,93,,False
2024-01,2024,1,怀柔区,7.875,central,1.0,0.387258,0.387258,0.387258,True,True,B2,False,93,,False
2024-01,2024,1,怀柔区,7.875,deep,1.0,0.387258,0.387258,0.387258,True,True,B2,False,93,,False
2024-01,2024,1,平谷区,22.7075,shallow,1.0,0.0,0.0,0.0,True,False,none,False,17,,False
2024-01,2024,1,平谷区,22.7075,central,1.0,0.0,0.0,0.0,True,False,none,False,17,,False
2024-01,2024,1,平谷区,22.7075,deep,1.0,0.0,0.0,0.0,True,False,none,False,17,,False
2024-01,2024,1,密云区,19.095,shallow,1.0,0.0,0.0,0.0,True,False,none,False,94,,False
2024-01,2024,1,密云区,19.095,central,1.0,0.0,0.0,0.0,True,False,none,False,94,,False
2024-01,2024,1,密云区,19.095,deep,1.0,0.0,0.0,0.0,True,False,none,False,94,,False
2024-01,2024,1,延庆区,5.66,shallow,1.0,0.18273799999999998,0.18273799999999998,0.18273799999999998,True,True,B2,False,39,,False
2024-01,2024,1,延庆区,5.66,central,1.0,0.18273799999999998,0.18273799999999998,0.18273799999999998,True,True,B2,False,39,,False
2024-01,2024,1,延庆区,5.66,deep,1.0,0.18273799999999998,0.18273799999999998,0.18273799999999998,True,True,B2,True,39,,False
2024-02,2024,2,东城区,17.169999999999998,shallow,1.0,0.0,0.0,0.0,True,False,none,False,126,,False
2024-02,2024,2,东城区,17.169999999999998,central,1.0,0.0,0.0,0.0,True,False,none,True,126,,False
2024-02,2024,2,东城区,17.169999999999998,deep,1.0,0.041934,0.041934,0.041934,True,True,B4,False,126,,False
2024-02,2024,2,西城区,15.295000000000002,shallow,1.0,0.0,0.0,0.0,True,False,none,False,122,,False
2024-02,2024,2,西城区,15.295000000000002,central,1.0,0.072026,0.072026,0.072026,True,True,B4,False,122,,False
2024-02,2024,2,西城区,15.295000000000002,deep,1.0,0.243094,0.243094,0.243094,True,True,B3,False,122,,False
2024-02,2024,2,朝阳区,24.4975,shallow,1.0,0.0,0.0,0.0,True,False,none,False,52,,False
2024-02,2024,2,朝阳区,24.4975,central,1.0,0.0,0.0,0.0,True,False,none,False,52,,False
2024-02,2024,2,朝阳区,24.4975,deep,1.0,0.0,0.0,0.0,True,False,none,False,52,,False
2024-02,2024,2,海淀区,12.26,shallow,1.0,0.014557,0.014557,0.014557,True,True,B4,False,183,,False
2024-02,2024,2,海淀区,12.26,central,1.0,0.038602,0.038602,0.038602,True,True,B3,False,183,,False
2024-02,2024,2,海淀区,12.26,deep,1.0,0.038602,0.038602,0.038602,True,True,B3,False,183,,False
2024-02,2024,2,丰台区,11.864999999999998,shallow,1.0,0.031784,0.031784,0.031784,True,True,B4,False,246,,False
2024-02,2024,2,丰台区,11.864999999999998,central,1.0,0.17988600000000002,0.17988600000000002,0.17988600000000002,True,True,B3,False,246,,False
2024-02,2024,2,丰台区,11.864999999999998,deep,1.0,0.17988600000000002,0.17988600000000002,0.17988600000000002,True,True,B3,False,246,,False
2024-02,2024,2,石景山区,22.9275,shallow,1.0,0.0,0.0,0.0,True,False,none,False,90,,True
2024-02,2024,2,石景山区,22.9275,central,1.0,0.0,0.0,0.0,True,False,none,False,90,,True
2024-02,2024,2,石景山区,22.9275,deep,1.0,0.0,0.0,0.0,True,False,none,False,90,,True
2024-02,2024,2,门头沟区,22.3575,shallow,1.0,0.0,0.0,0.0,True,False,none,False,79,,False
2024-02,2024,2,门头沟区,22.3575,central,1.0,0.0,0.0,0.0,True,False,none,False,79,,False
2024-02,2024,2,门头沟区,22.3575,deep,1.0,0.0,0.0,0.0,True,False,none,True,79,,False
2024-02,2024,2,房山区,5.9475,shallow,1.0,0.491026,0.491026,0.491026,True,True,B2,False,261,,False
2024-02,2024,2,房山区,5.9475,central,1.0,0.491026,0.491026,0.491026,True,True,B2,False,261,,False
2024-02,2024,2,房山区,5.9475,deep,1.0,0.491026,0.491026,0.491026,True,True,B2,True,261,,False
2024-02,2024,2,通州区,6.4375,shallow,1.0,0.437462,0.437462,0.437462,True,True,B2,False,351,,False
2024-02,2024,2,通州区,6.4375,central,1.0,0.437462,0.437462,0.437462,True,True,B2,False,351,,False
2024-02,2024,2,通州区,6.4375,deep,1.0,0.437462,0.437462,0.437462,True,True,B2,False,351,,False
2024-02,2024,2,顺义区,17.7025,shallow,1.0,0.0,0.0,0.0,True,False,none,False,197,,False
2024-02,2024,2,顺义区,17.7025,central,1.0,0.0,0.0,0.0,True,False,none,False,197,,False
2024-02,2024,2,顺义区,17.7025,deep,1.0,0.0,0.0,0.0,True,False,none,False,197,,False
2024-02,2024,2,昌平区,17.005,shallow,1.0,0.0,0.0,0.0,True,False,none,False,475,,False
2024-02,2024,2,昌平区,17.005,central,1.0,0.0,0.0,0.0,True,False,none,True,475,,False
2024-02,2024,2,昌平区,17.005,deep,1.0,0.001292,0.001292,0.001292,True,True,B4,False,475,,False
2024-02,2024,2,大兴区,12.8175,shallow,1.0,0.009993,0.009993,0.009993,True,True,B4,False,790,,False
2024-02,2024,2,大兴区,12.8175,central,1.0,0.087487,0.087487,0.087487,True,True,B3,True,790,,False
2024-02,2024,2,大兴区,12.8175,deep,1.0,0.087487,0.087487,0.087487,True,True,B3,False,790,,False
2024-02,2024,2,怀柔区,7.915000000000001,shallow,1.0,0.031538,0.031538,0.031538,True,True,B3,False,93,,False
2024-02,2024,2,怀柔区,7.915000000000001,central,1.0,0.387258,0.387258,0.387258,True,True,B2,False,93,,False
2024-02,2024,2,怀柔区,7.915000000000001,deep,1.0,0.387258,0.387258,0.387258,True,True,B2,False,93,,False
2024-02,2024,2,平谷区,22.6725,shallow,1.0,0.0,0.0,0.0,True,False,none,False,17,,False
2024-02,2024,2,平谷区,22.6725,central,1.0,0.0,0.0,0.0,True,False,none,False,17,,False
2024-02,2024,2,平谷区,22.6725,deep,1.0,0.0,0.0,0.0,True,False,none,False,17,,False
2024-02,2024,2,密云区,19.1825,shallow,1.0,0.0,0.0,0.0,True,False,none,False,94,,False
2024-02,2024,2,密云区,19.1825,central,1.0,0.0,0.0,0.0,True,False,none,False,94,,False
2024-02,2024,2,密云区,19.1825,deep,1.0,0.0,0.0,0.0,True,False,none,False,94,,False
2024-02,2024,2,延庆区,5.535,shallow,1.0,0.18273799999999998,0.18273799999999998,0.18273799999999998,True,True,B2,False,39,,False
2024-02,2024,2,延庆区,5.535,central,1.0,0.18273799999999998,0.18273799999999998,0.18273799999999998,True,True,B2,False,39,,False
2024-02,2024,2,延庆区,5.535,deep,1.0,0.18273799999999998,0.18273799999999998,0.18273799999999998,True,True,B2,True,39,,False
2024-03,2024,3,东城区,16.98,shallow,1.0,0.0,0.0,0.0,True,False,none,False,126,,False
2024-03,2024,3,东城区,16.98,central,1.0,0.041934,0.041934,0.041934,True,True,B4,True,126,,False
2024-03,2024,3,东城区,16.98,deep,1.0,0.041934,0.041934,0.041934,True,True,B4,True,126,,False
2024-03,2024,3,西城区,15.2825,shallow,1.0,0.0,0.0,0.0,True,False,none,False,122,,False
2024-03,2024,3,西城区,15.2825,central,1.0,0.072026,0.072026,0.072026,True,True,B4,False,122,,False
2024-03,2024,3,西城区,15.2825,deep,1.0,0.243094,0.243094,0.243094,True,True,B3,False,122,,False
2024-03,2024,3,朝阳区,24.525,shallow,1.0,0.0,0.0,0.0,True,False,none,False,52,,False
2024-03,2024,3,朝阳区,24.525,central,1.0,0.0,0.0,0.0,True,False,none,False,52,,False
2024-03,2024,3,朝阳区,24.525,deep,1.0,0.0,0.0,0.0,True,False,none,False,52,,False
2024-03,2024,3,海淀区,12.1375,shallow,1.0,0.014557,0.014557,0.014557,True,True,B4,False,183,,False
2024-03,2024,3,海淀区,12.1375,central,1.0,0.038602,0.038602,0.038602,True,True,B3,False,183,,False
2024-03,2024,3,海淀区,12.1375,deep,1.0,0.038602,0.038602,0.038602,True,True,B3,False,183,,False
2024-03,2024,3,丰台区,12.0025,shallow,1.0,0.031784,0.031784,0.031784,True,True,B4,False,246,,False
2024-03,2024,3,丰台区,12.0025,central,1.0,0.17988600000000002,0.17988600000000002,0.17988600000000002,True,True,B3,False,246,,False
2024-03,2024,3,丰台区,12.0025,deep,1.0,0.17988600000000002,0.17988600000000002,0.17988600000000002,True,True,B3,False,246,,False
2024-03,2024,3,石景山区,23.0875,shallow,1.0,0.0,0.0,0.0,True,False,none,False,90,,True
2024-03,2024,3,石景山区,23.0875,central,1.0,0.0,0.0,0.0,True,False,none,False,90,,True
2024-03,2024,3,石景山区,23.0875,deep,1.0,0.0,0.0,0.0,True,False,none,False,90,,True
2024-03,2024,3,门头沟区,22.89,shallow,1.0,0.0,0.0,0.0,True,False,none,False,79,,False
2024-03,2024,3,门头沟区,22.89,central,1.0,0.0,0.0,0.0,True,False,none,False,79,,False
2024-03,2024,3,门头沟区,22.89,deep,1.0,0.0,0.0,0.0,True,False,none,False,79,,False
2024-03,2024,3,房山区,6.14,shallow,1.0,0.491026,0.491026,0.491026,True,True,B2,False,261,,False
2024-03,2024,3,房山区,6.14,central,1.0,0.491026,0.491026,0.491026,True,True,B2,False,261,,False
2024-03,2024,3,房山区,6.14,deep,1.0,0.491026,0.491026,0.491026,True,True,B2,False,261,,False
2024-03,2024,3,通州区,6.6725,shallow,1.0,0.437462,0.437462,0.437462,True,True,B2,True,351,,False
2024-03,2024,3,通州区,6.6725,central,1.0,0.437462,0.437462,0.437462,True,True,B2,False,351,,False
2024-03,2024,3,通州区,6.6725,deep,1.0,0.437462,0.437462,0.437462,True,True,B2,False,351,,False
2024-03,2024,3,顺义区,18.0825,shallow,1.0,0.0,0.0,0.0,True,False,none,False,197,,False
2024-03,2024,3,顺义区,18.0825,central,1.0,0.0,0.0,0.0,True,False,none,False,197,,False
2024-03,2024,3,顺义区,18.0825,deep,1.0,0.0,0.0,0.0,True,False,none,False,197,,False
2024-03,2024,3,昌平区,16.93,shallow,1.0,0.0,0.0,0.0,True,False,none,False,475,,False
2024-03,2024,3,昌平区,16.93,central,1.0,0.001292,0.001292,0.001292,True,True,B4,True,475,,False
2024-03,2024,3,昌平区,16.93,deep,1.0,0.001292,0.001292,0.001292,True,True,B4,True,475,,False
2024-03,2024,3,大兴区,13.0075,shallow,1.0,0.009993,0.009993,0.009993,True,True,B4,False,790,,False
2024-03,2024,3,大兴区,13.0075,central,1.0,0.009993,0.009993,0.009993,True,True,B4,True,790,,False
2024-03,2024,3,大兴区,13.0075,deep,1.0,0.087487,0.087487,0.087487,True,True,B3,False,790,,False
2024-03,2024,3,怀柔区,7.99,shallow,1.0,0.031538,0.031538,0.031538,True,True,B3,False,93,,False
2024-03,2024,3,怀柔区,7.99,central,1.0,0.387258,0.387258,0.387258,True,True,B2,False,93,,False
2024-03,2024,3,怀柔区,7.99,deep,1.0,0.387258,0.387258,0.387258,True,True,B2,False,93,,False
2024-03,2024,3,平谷区,22.94,shallow,1.0,0.0,0.0,0.0,True,False,none,False,17,,False
2024-03,2024,3,平谷区,22.94,central,1.0,0.0,0.0,0.0,True,False,none,False,17,,False
2024-03,2024,3,平谷区,22.94,deep,1.0,0.0,0.0,0.0,True,False,none,False,17,,False
2024-03,2024,3,密云区,19.3625,shallow,1.0,0.0,0.0,0.0,True,False,none,False,94,,False
2024-03,2024,3,密云区,19.3625,central,1.0,0.0,0.0,0.0,True,False,none,False,94,,False
2024-03,2024,3,密云区,19.3625,deep,1.0,0.0,0.0,0.0,True,False,none,False,94,,False
2024-03,2024,3,延庆区,5.525,shallow,1.0,0.18273799999999998,0.18273799999999998,0.18273799999999998,True,True,B2,False,39,,False
2024-03,2024,3,延庆区,5.525,central,1.0,0.18273799999999998,0.18273799999999998,0.18273799999999998,True,True,B2,False,39,,False
2024-03,2024,3,延庆区,5.525,deep,1.0,0.18273799999999998,0.18273799999999998,0.18273799999999998,True,True,B2,True,39,,False
2024-04,2024,4,东城区,16.925,shallow,1.0,0.0,0.0,0.0,True,False,none,False,126,,False
2024-04,2024,4,东城区,16.925,central,1.0,0.041934,0.041934,0.041934,True,True,B4,True,126,,False
2024-04,2024,4,东城区,16.925,deep,1.0,0.041934,0.041934,0.041934,True,True,B4,True,126,,False
2024-04,2024,4,西城区,15.5275,shallow,1.0,0.0,0.0,0.0,True,False,none,False,122,,False
2024-04,2024,4,西城区,15.5275,central,1.0,0.072026,0.072026,0.072026,True,True,B4,False,122,,False
2024-04,2024,4,西城区,15.5275,deep,1.0,0.243094,0.243094,0.243094,True,True,B3,False,122,,False
2024-04,2024,4,朝阳区,24.6175,shallow,1.0,0.0,0.0,0.0,True,False,none,False,52,,False
2024-04,2024,4,朝阳区,24.6175,central,1.0,0.0,0.0,0.0,True,False,none,False,52,,False
2024-04,2024,4,朝阳区,24.6175,deep,1.0,0.0,0.0,0.0,True,False,none,False,52,,False
2024-04,2024,4,海淀区,12.48,shallow,1.0,0.014557,0.014557,0.014557,True,True,B4,False,183,,False
2024-04,2024,4,海淀区,12.48,central,1.0,0.038602,0.038602,0.038602,True,True,B3,False,183,,False
2024-04,2024,4,海淀区,12.48,deep,1.0,0.038602,0.038602,0.038602,True,True,B3,False,183,,False
2024-04,2024,4,丰台区,12.1575,shallow,1.0,0.031784,0.031784,0.031784,True,True,B4,False,246,,False
2024-04,2024,4,丰台区,12.1575,central,1.0,0.17988600000000002,0.17988600000000002,0.17988600000000002,True,True,B3,False,246,,False
2024-04,2024,4,丰台区,12.1575,deep,1.0,0.17988600000000002,0.17988600000000002,0.17988600000000002,True,True,B3,False,246,,False
2024-04,2024,4,石景山区,22.51,shallow,1.0,0.0,0.0,0.0,True,False,none,False,90,,True
2024-04,2024,4,石景山区,22.51,central,1.0,0.0,0.0,0.0,True,False,none,False,90,,True
2024-04,2024,4,石景山区,22.51,deep,1.0,0.0,0.0,0.0,True,False,none,False,90,,True
2024-04,2024,4,门头沟区,22.3275,shallow,1.0,0.0,0.0,0.0,True,False,none,False,79,,False
2024-04,2024,4,门头沟区,22.3275,central,1.0,0.0,0.0,0.0,True,False,none,False,79,,False
2024-04,2024,4,门头沟区,22.3275,deep,1.0,0.0,0.0,0.0,True,False,none,True,79,,False
2024-04,2024,4,房山区,6.7925,shallow,1.0,0.491026,0.491026,0.491026,True,True,B2,True,261,,False
2024-04,2024,4,房山区,6.7925,central,1.0,0.491026,0.491026,0.491026,True,True,B2,False,261,,False
2024-04,2024,4,房山区,6.7925,deep,1.0,0.491026,0.491026,0.491026,True,True,B2,False,261,,False
2024-04,2024,4,通州区,7.529999999999999,shallow,1.0,0.056312,0.056312,0.056312,True,True,B3,False,351,,False
2024-04,2024,4,通州区,7.529999999999999,central,1.0,0.437462,0.437462,0.437462,True,True,B2,False,351,,False
2024-04,2024,4,通州区,7.529999999999999,deep,1.0,0.437462,0.437462,0.437462,True,True,B2,False,351,,False
2024-04,2024,4,顺义区,20.135,shallow,1.0,0.0,0.0,0.0,True,False,none,False,197,,False
2024-04,2024,4,顺义区,20.135,central,1.0,0.0,0.0,0.0,True,False,none,False,197,,False
2024-04,2024,4,顺义区,20.135,deep,1.0,0.0,0.0,0.0,True,False,none,False,197,,False
2024-04,2024,4,昌平区,17.355,shallow,1.0,0.0,0.0,0.0,True,False,none,False,475,,False
2024-04,2024,4,昌平区,17.355,central,1.0,0.0,0.0,0.0,True,False,none,True,475,,False
2024-04,2024,4,昌平区,17.355,deep,1.0,0.001292,0.001292,0.001292,True,True,B4,False,475,,False
2024-04,2024,4,大兴区,14.125,shallow,1.0,0.0,0.0,0.0,True,False,none,True,790,,False
2024-04,2024,4,大兴区,14.125,central,1.0,0.009993,0.009993,0.009993,True,True,B4,False,790,,False
2024-04,2024,4,大兴区,14.125,deep,1.0,0.087487,0.087487,0.087487,True,True,B3,False,790,,False
2024-04,2024,4,怀柔区,8.180000000000001,shallow,1.0,0.031538,0.031538,0.031538,True,True,B3,False,93,,False
2024-04,2024,4,怀柔区,8.180000000000001,central,1.0,0.387258,0.387258,0.387258,True,True,B2,False,93,,False
2024-04,2024,4,怀柔区,8.180000000000001,deep,1.0,0.387258,0.387258,0.387258,True,True,B2,False,93,,False
2024-04,2024,4,平谷区,24.19,shallow,1.0,0.0,0.0,0.0,True,False,none,False,17,,False
2024-04,2024,4,平谷区,24.19,central,1.0,0.0,0.0,0.0,True,False,none,False,17,,False
2024-04,2024,4,平谷区,24.19,deep,1.0,0.0,0.0,0.0,True,False,none,False,17,,False
2024-04,2024,4,密云区,19.315,shallow,1.0,0.0,0.0,0.0,True,False,none,False,94,,False
2024-04,2024,4,密云区,19.315,central,1.0,0.0,0.0,0.0,True,False,none,False,94,,False
2024-04,2024,4,密云区,19.315,deep,1.0,0.0,0.0,0.0,True,False,none,False,94,,False
2024-04,2024,4,延庆区,6.7925,shallow,1.0,0.18273799999999998,0.18273799999999998,0.18273799999999998,True,True,B2,True,39,,False
2024-04,2024,4,延庆区,6.7925,central,1.0,0.18273799999999998,0.18273799999999998,0.18273799999999998,True,True,B2,False,39,,False
2024-04,2024,4,延庆区,6.7925,deep,1.0,0.18273799999999998,0.18273799999999998,0.18273799999999998,True,True,B2,False,39,,False
2024-05,2024,5,东城区,16.927500000000002,shallow,1.0,0.0,0.0,0.0,True,False,none,False,126,,False
2024-05,2024,5,东城区,16.927500000000002,central,1.0,0.041934,0.041934,0.041934,True,True,B4,True,126,,False
2024-05,2024,5,东城区,16.927500000000002,deep,1.0,0.041934,0.041934,0.041934,True,True,B4,True,126,,False
2024-05,2024,5,西城区,15.437500000000002,shallow,1.0,0.0,0.0,0.0,True,False,none,False,122,,False
2024-05,2024,5,西城区,15.437500000000002,central,1.0,0.072026,0.072026,0.072026,True,True,B4,False,122,,False
2024-05,2024,5,西城区,15.437500000000002,deep,1.0,0.243094,0.243094,0.243094,True,True,B3,False,122,,False
2024-05,2024,5,朝阳区,24.7675,shallow,1.0,0.0,0.0,0.0,True,False,none,False,52,,False
2024-05,2024,5,朝阳区,24.7675,central,1.0,0.0,0.0,0.0,True,False,none,False,52,,False
2024-05,2024,5,朝阳区,24.7675,deep,1.0,0.0,0.0,0.0,True,False,none,False,52,,False
2024-05,2024,5,海淀区,12.8,shallow,1.0,0.014557,0.014557,0.014557,True,True,B4,False,183,,False
2024-05,2024,5,海淀区,12.8,central,1.0,0.038602,0.038602,0.038602,True,True,B3,True,183,,False
2024-05,2024,5,海淀区,12.8,deep,1.0,0.038602,0.038602,0.038602,True,True,B3,False,183,,False
2024-05,2024,5,丰台区,12.2125,shallow,1.0,0.031784,0.031784,0.031784,True,True,B4,False,246,,False
2024-05,2024,5,丰台区,12.2125,central,1.0,0.17988600000000002,0.17988600000000002,0.17988600000000002,True,True,B3,False,246,,False
2024-05,2024,5,丰台区,12.2125,deep,1.0,0.17988600000000002,0.17988600000000002,0.17988600000000002,True,True,B3,False,246,,False
2024-05,2024,5,石景山区,21.725,shallow,1.0,0.0,0.0,0.0,True,False,none,False,90,,True
2024-05,2024,5,石景山区,21.725,central,1.0,0.0,0.0,0.0,True,False,none,False,90,,True
2024-05,2024,5,石景山区,21.725,deep,1.0,0.036363,0.036363,0.036363,True,True,B4,True,90,,True
2024-05,2024,5,门头沟区,21.385000000000005,shallow,1.0,0.0,0.0,0.0,True,False,none,False,79,,False
2024-05,2024,5,门头沟区,21.385000000000005,central,1.0,0.0,0.0,0.0,True,False,none,False,79,,False
2024-05,2024,5,门头沟区,21.385000000000005,deep,1.0,0.022179,0.022179,0.022179,True,True,B4,False,79,,False
2024-05,2024,5,房山区,7.375,shallow,1.0,0.09858,0.09858,0.09858,True,True,B3,True,261,,False
2024-05,2024,5,房山区,7.375,central,1.0,0.491026,0.491026,0.491026,True,True,B2,False,261,,False
2024-05,2024,5,房山区,7.375,deep,1.0,0.491026,0.491026,0.491026,True,True,B2,False,261,,False
2024-05,2024,5,通州区,7.709999999999999,shallow,1.0,0.056312,0.056312,0.056312,True,True,B3,False,351,,False
2024-05,2024,5,通州区,7.709999999999999,central,1.0,0.437462,0.437462,0.437462,True,True,B2,False,351,,False
2024-05,2024,5,通州区,7.709999999999999,deep,1.0,0.437462,0.437462,0.437462,True,True,B2,False,351,,False
2024-05,2024,5,顺义区,20.8275,shallow,1.0,0.0,0.0,0.0,True,False,none,False,197,,False
2024-05,2024,5,顺义区,20.8275,central,1.0,0.0,0.0,0.0,True,False,none,False,197,,False
2024-05,2024,5,顺义区,20.8275,deep,1.0,0.0,0.0,0.0,True,False,none,False,197,,False
2024-05,2024,5,昌平区,17.675,shallow,1.0,0.0,0.0,0.0,True,False,none,False,475,,False
2024-05,2024,5,昌平区,17.675,central,1.0,0.0,0.0,0.0,True,False,none,False,475,,False
2024-05,2024,5,昌平区,17.675,deep,1.0,0.001292,0.001292,0.001292,True,True,B4,False,475,,False
2024-05,2024,5,大兴区,14.607500000000002,shallow,1.0,0.0,0.0,0.0,True,False,none,False,790,,False
2024-05,2024,5,大兴区,14.607500000000002,central,1.0,0.009993,0.009993,0.009993,True,True,B4,False,790,,False
2024-05,2024,5,大兴区,14.607500000000002,deep,1.0,0.087487,0.087487,0.087487,True,True,B3,False,790,,False
2024-05,2024,5,怀柔区,8.372499999999999,shallow,1.0,0.031538,0.031538,0.031538,True,True,B3,False,93,,False
2024-05,2024,5,怀柔区,8.372499999999999,central,1.0,0.387258,0.387258,0.387258,True,True,B2,False,93,,False
2024-05,2024,5,怀柔区,8.372499999999999,deep,1.0,0.387258,0.387258,0.387258,True,True,B2,False,93,,False
2024-05,2024,5,平谷区,24.91,shallow,1.0,0.0,0.0,0.0,True,False,none,False,17,,False
2024-05,2024,5,平谷区,24.91,central,1.0,0.0,0.0,0.0,True,False,none,False,17,,False
2024-05,2024,5,平谷区,24.91,deep,1.0,0.0,0.0,0.0,True,False,none,False,17,,False
2024-05,2024,5,密云区,19.1325,shallow,1.0,0.0,0.0,0.0,True,False,none,False,94,,False
2024-05,2024,5,密云区,19.1325,central,1.0,0.0,0.0,0.0,True,False,none,False,94,,False
2024-05,2024,5,密云区,19.1325,deep,1.0,0.0,0.0,0.0,True,False,none,False,94,,False
2024-05,2024,5,延庆区,6.9375,shallow,1.0,0.18273799999999998,0.18273799999999998,0.18273799999999998,True,True,B2,True,39,,False
2024-05,2024,5,延庆区,6.9375,central,1.0,0.18273799999999998,0.18273799999999998,0.18273799999999998,True,True,B2,False,39,,False
2024-05,2024,5,延庆区,6.9375,deep,1.0,0.18273799999999998,0.18273799999999998,0.18273799999999998,True,True,B2,False,39,,False
2024-06,2024,6,东城区,17.0675,shallow,1.0,0.0,0.0,0.0,True,False,none,False,126,,False
2024-06,2024,6,东城区,17.0675,central,1.0,0.0,0.0,0.0,True,False,none,True,126,,False
2024-06,2024,6,东城区,17.0675,deep,1.0,0.041934,0.041934,0.041934,True,True,B4,False,126,,False
2024-06,2024,6,西城区,15.2775,shallow,1.0,0.0,0.0,0.0,True,False,none,False,122,,False
2024-06,2024,6,西城区,15.2775,central,1.0,0.072026,0.072026,0.072026,True,True,B4,False,122,,False
2024-06,2024,6,西城区,15.2775,deep,1.0,0.243094,0.243094,0.243094,True,True,B3,False,122,,False
2024-06,2024,6,朝阳区,25.085,shallow,1.0,0.0,0.0,0.0,True,False,none,False,52,,False
2024-06,2024,6,朝阳区,25.085,central,1.0,0.0,0.0,0.0,True,False,none,False,52,,False
2024-06,2024,6,朝阳区,25.085,deep,1.0,0.0,0.0,0.0,True,False,none,False,52,,False
2024-06,2024,6,海淀区,13.065,shallow,1.0,0.014557,0.014557,0.014557,True,True,B4,False,183,,False
2024-06,2024,6,海淀区,13.065,central,1.0,0.014557,0.014557,0.014557,True,True,B4,True,183,,False
2024-06,2024,6,海淀区,13.065,deep,1.0,0.038602,0.038602,0.038602,True,True,B3,False,183,,False
2024-06,2024,6,丰台区,12.1375,shallow,1.0,0.031784,0.031784,0.031784,True,True,B4,False,246,,False
2024-06,2024,6,丰台区,12.1375,central,1.0,0.17988600000000002,0.17988600000000002,0.17988600000000002,True,True,B3,False,246,,False
2024-06,2024,6,丰台区,12.1375,deep,1.0,0.17988600000000002,0.17988600000000002,0.17988600000000002,True,True,B3,False,246,,False
2024-06,2024,6,石景山区,21.0025,shallow,1.0,0.0,0.0,0.0,True,False,none,False,90,,True
2024-06,2024,6,石景山区,21.0025,central,1.0,0.0,0.0,0.0,True,False,none,False,90,,True
2024-06,2024,6,石景山区,21.0025,deep,1.0,0.036363,0.036363,0.036363,True,True,B4,False,90,,True
2024-06,2024,6,门头沟区,20.78,shallow,1.0,0.0,0.0,0.0,True,False,none,False,79,,False
2024-06,2024,6,门头沟区,20.78,central,1.0,0.0,0.0,0.0,True,False,none,False,79,,False
2024-06,2024,6,门头沟区,20.78,deep,1.0,0.022179,0.022179,0.022179,True,True,B4,False,79,,False
2024-06,2024,6,房山区,7.505000000000001,shallow,1.0,0.09858,0.09858,0.09858,True,True,B3,False,261,,False
2024-06,2024,6,房山区,7.505000000000001,central,1.0,0.491026,0.491026,0.491026,True,True,B2,False,261,,False
2024-06,2024,6,房山区,7.505000000000001,deep,1.0,0.491026,0.491026,0.491026,True,True,B2,False,261,,False
2024-06,2024,6,通州区,7.4875,shallow,1.0,0.056312,0.056312,0.056312,True,True,B3,True,351,,False
2024-06,2024,6,通州区,7.4875,central,1.0,0.437462,0.437462,0.437462,True,True,B2,False,351,,False
2024-06,2024,6,通州区,7.4875,deep,1.0,0.437462,0.437462,0.437462,True,True,B2,False,351,,False
2024-06,2024,6,顺义区,20.817500000000003,shallow,1.0,0.0,0.0,0.0,True,False,none,False,197,,False
2024-06,2024,6,顺义区,20.817500000000003,central,1.0,0.0,0.0,0.0,True,False,none,False,197,,False
2024-06,2024,6,顺义区,20.817500000000003,deep,1.0,0.0,0.0,0.0,True,False,none,False,197,,False
2024-06,2024,6,昌平区,17.9575,shallow,1.0,0.0,0.0,0.0,True,False,none,False,475,,False
2024-06,2024,6,昌平区,17.9575,central,1.0,0.0,0.0,0.0,True,False,none,False,475,,False
2024-06,2024,6,昌平区,17.9575,deep,1.0,0.001292,0.001292,0.001292,True,True,B4,False,475,,False
2024-06,2024,6,大兴区,14.7,shallow,1.0,0.0,0.0,0.0,True,False,none,False,790,,False
2024-06,2024,6,大兴区,14.7,central,1.0,0.009993,0.009993,0.009993,True,True,B4,False,790,,False
2024-06,2024,6,大兴区,14.7,deep,1.0,0.087487,0.087487,0.087487,True,True,B3,False,790,,False
2024-06,2024,6,怀柔区,8.4,shallow,1.0,0.031538,0.031538,0.031538,True,True,B3,False,93,,False
2024-06,2024,6,怀柔区,8.4,central,1.0,0.387258,0.387258,0.387258,True,True,B2,False,93,,False
2024-06,2024,6,怀柔区,8.4,deep,1.0,0.387258,0.387258,0.387258,True,True,B2,False,93,,False
2024-06,2024,6,平谷区,25.5725,shallow,1.0,0.0,0.0,0.0,True,False,none,False,17,,False
2024-06,2024,6,平谷区,25.5725,central,1.0,0.0,0.0,0.0,True,False,none,False,17,,False
2024-06,2024,6,平谷区,25.5725,deep,1.0,0.0,0.0,0.0,True,False,none,False,17,,False
2024-06,2024,6,密云区,18.87,shallow,1.0,0.0,0.0,0.0,True,False,none,False,94,,False
2024-06,2024,6,密云区,18.87,central,1.0,0.0,0.0,0.0,True,False,none,False,94,,False
2024-06,2024,6,密云区,18.87,deep,1.0,0.0,0.0,0.0,True,False,none,False,94,,False
2024-06,2024,6,延庆区,7.817499999999999,shallow,1.0,0.020419,0.020419,0.020419,True,True,B3,False,39,,False
2024-06,2024,6,延庆区,7.817499999999999,central,1.0,0.18273799999999998,0.18273799999999998,0.18273799999999998,True,True,B2,False,39,,False
2024-06,2024,6,延庆区,7.817499999999999,deep,1.0,0.18273799999999998,0.18273799999999998,0.18273799999999998,True,True,B2,False,39,,False
2024-07,2024,7,东城区,17.0,shallow,1.0,0.0,0.0,0.0,True,False,none,False,126,,False
2024-07,2024,7,东城区,17.0,central,1.0,0.041934,0.041934,0.041934,True,True,B4,True,126,,False
2024-07,2024,7,东城区,17.0,deep,1.0,0.041934,0.041934,0.041934,True,True,B4,True,126,,False
2024-07,2024,7,西城区,15.115,shallow,1.0,0.0,0.0,0.0,True,False,none,False,122,,False
2024-07,2024,7,西城区,15.115,central,1.0,0.072026,0.072026,0.072026,True,True,B4,False,122,,False
2024-07,2024,7,西城区,15.115,deep,1.0,0.243094,0.243094,0.243094,True,True,B3,False,122,,False
2024-07,2024,7,朝阳区,24.885000000000005,shallow,1.0,0.0,0.0,0.0,True,False,none,False,52,,False
2024-07,2024,7,朝阳区,24.885000000000005,central,1.0,0.0,0.0,0.0,True,False,none,False,52,,False
2024-07,2024,7,朝阳区,24.885000000000005,deep,1.0,0.0,0.0,0.0,True,False,none,False,52,,False
2024-07,2024,7,海淀区,12.6475,shallow,1.0,0.014557,0.014557,0.014557,True,True,B4,False,183,,False
2024-07,2024,7,海淀区,12.6475,central,1.0,0.038602,0.038602,0.038602,True,True,B3,True,183,,False
2024-07,2024,7,海淀区,12.6475,deep,1.0,0.038602,0.038602,0.038602,True,True,B3,False,183,,False
2024-07,2024,7,丰台区,12.0125,shallow,1.0,0.031784,0.031784,0.031784,True,True,B4,False,246,,False
2024-07,2024,7,丰台区,12.0125,central,1.0,0.17988600000000002,0.17988600000000002,0.17988600000000002,True,True,B3,False,246,,False
2024-07,2024,7,丰台区,12.0125,deep,1.0,0.17988600000000002,0.17988600000000002,0.17988600000000002,True,True,B3,False,246,,False
2024-07,2024,7,石景山区,20.26,shallow,1.0,0.0,0.0,0.0,True,False,none,False,90,,True
2024-07,2024,7,石景山区,20.26,central,1.0,0.0,0.0,0.0,True,False,none,False,90,,True
2024-07,2024,7,石景山区,20.26,deep,1.0,0.036363,0.036363,0.036363,True,True,B4,False,90,,True
2024-07,2024,7,门头沟区,20.14,shallow,1.0,0.0,0.0,0.0,True,False,none,False,79,,False
2024-07,2024,7,门头沟区,20.14,central,1.0,0.0,0.0,0.0,True,False,none,False,79,,False
2024-07,2024,7,门头沟区,20.14,deep,1.0,0.022179,0.022179,0.022179,True,True,B4,False,79,,False
2024-07,2024,7,房山区,7.005000000000001,shallow,1.0,0.09858,0.09858,0.09858,True,True,B3,True,261,,False
2024-07,2024,7,房山区,7.005000000000001,central,1.0,0.491026,0.491026,0.491026,True,True,B2,False,261,,False
2024-07,2024,7,房山区,7.005000000000001,deep,1.0,0.491026,0.491026,0.491026,True,True,B2,False,261,,False
2024-07,2024,7,通州区,7.129999999999999,shallow,1.0,0.056312,0.056312,0.056312,True,True,B3,True,351,,False
2024-07,2024,7,通州区,7.129999999999999,central,1.0,0.437462,0.437462,0.437462,True,True,B2,False,351,,False
2024-07,2024,7,通州区,7.129999999999999,deep,1.0,0.437462,0.437462,0.437462,True,True,B2,False,351,,False
2024-07,2024,7,顺义区,20.0725,shallow,1.0,0.0,0.0,0.0,True,False,none,False,197,,False
2024-07,2024,7,顺义区,20.0725,central,1.0,0.0,0.0,0.0,True,False,none,False,197,,False
2024-07,2024,7,顺义区,20.0725,deep,1.0,0.0,0.0,0.0,True,False,none,False,197,,False
2024-07,2024,7,昌平区,17.725,shallow,1.0,0.0,0.0,0.0,True,False,none,False,475,,False
2024-07,2024,7,昌平区,17.725,central,1.0,0.0,0.0,0.0,True,False,none,False,475,,False
2024-07,2024,7,昌平区,17.725,deep,1.0,0.001292,0.001292,0.001292,True,True,B4,False,475,,False
2024-07,2024,7,大兴区,13.985,shallow,1.0,0.009993,0.009993,0.009993,True,True,B4,True,790,,False
2024-07,2024,7,大兴区,13.985,central,1.0,0.009993,0.009993,0.009993,True,True,B4,False,790,,False
2024-07,2024,7,大兴区,13.985,deep,1.0,0.087487,0.087487,0.087487,True,True,B3,False,790,,False
2024-07,2024,7,怀柔区,8.067499999999999,shallow,1.0,0.031538,0.031538,0.031538,True,True,B3,False,93,,False
2024-07,2024,7,怀柔区,8.067499999999999,central,1.0,0.387258,0.387258,0.387258,True,True,B2,False,93,,False
2024-07,2024,7,怀柔区,8.067499999999999,deep,1.0,0.387258,0.387258,0.387258,True,True,B2,False,93,,False
2024-07,2024,7,平谷区,25.345,shallow,1.0,0.0,0.0,0.0,True,False,none,False,17,,False
2024-07,2024,7,平谷区,25.345,central,1.0,0.0,0.0,0.0,True,False,none,False,17,,False
2024-07,2024,7,平谷区,25.345,deep,1.0,0.0,0.0,0.0,True,False,none,False,17,,False
2024-07,2024,7,密云区,18.535,shallow,1.0,0.0,0.0,0.0,True,False,none,False,94,,False
2024-07,2024,7,密云区,18.535,central,1.0,0.0,0.0,0.0,True,False,none,False,94,,False
2024-07,2024,7,密云区,18.535,deep,1.0,0.0,0.0,0.0,True,False,none,False,94,,False
2024-07,2024,7,延庆区,7.6975,shallow,1.0,0.020419,0.020419,0.020419,True,True,B3,False,39,,False
2024-07,2024,7,延庆区,7.6975,central,1.0,0.18273799999999998,0.18273799999999998,0.18273799999999998,True,True,B2,False,39,,False
2024-07,2024,7,延庆区,7.6975,deep,1.0,0.18273799999999998,0.18273799999999998,0.18273799999999998,True,True,B2,False,39,,False
2024-08,2024,8,东城区,16.53333333333333,shallow,1.0,0.0,0.0,0.0,True,False,none,False,126,,False
2024-08,2024,8,东城区,16.53333333333333,central,1.0,0.041934,0.041934,0.041934,True,True,B4,True,126,,False
2024-08,2024,8,东城区,16.53333333333333,deep,1.0,0.041934,0.041934,0.041934,True,True,B4,True,126,,False
2024-08,2024,8,西城区,14.516666666666666,shallow,1.0,0.0,0.0,0.0,True,False,none,False,122,,False
2024-08,2024,8,西城区,14.516666666666666,central,1.0,0.072026,0.072026,0.072026,True,True,B4,False,122,,False
2024-08,2024,8,西城区,14.516666666666666,deep,1.0,0.243094,0.243094,0.243094,True,True,B3,False,122,,False
2024-08,2024,8,朝阳区,24.166666666666668,shallow,1.0,0.0,0.0,0.0,True,False,none,False,52,,False
2024-08,2024,8,朝阳区,24.166666666666668,central,1.0,0.0,0.0,0.0,True,False,none,False,52,,False
2024-08,2024,8,朝阳区,24.166666666666668,deep,1.0,0.0,0.0,0.0,True,False,none,False,52,,False
2024-08,2024,8,海淀区,11.766666666666666,shallow,1.0,0.014557,0.014557,0.014557,True,True,B4,False,183,,False
2024-08,2024,8,海淀区,11.766666666666666,central,1.0,0.038602,0.038602,0.038602,True,True,B3,False,183,,False
2024-08,2024,8,海淀区,11.766666666666666,deep,1.0,0.038602,0.038602,0.038602,True,True,B3,False,183,,False
2024-08,2024,8,丰台区,11.666666666666666,shallow,1.0,0.031784,0.031784,0.031784,True,True,B4,False,246,,False
2024-08,2024,8,丰台区,11.666666666666666,central,1.0,0.17988600000000002,0.17988600000000002,0.17988600000000002,True,True,B3,False,246,,False
2024-08,2024,8,丰台区,11.666666666666666,deep,1.0,0.17988600000000002,0.17988600000000002,0.17988600000000002,True,True,B3,False,246,,False
2024-08,2024,8,石景山区,18.97,shallow,1.0,0.0,0.0,0.0,True,False,none,False,90,,True
2024-08,2024,8,石景山区,18.97,central,1.0,0.0,0.0,0.0,True,False,none,False,90,,True
2024-08,2024,8,石景山区,18.97,deep,1.0,0.036363,0.036363,0.036363,True,True,B4,False,90,,True
2024-08,2024,8,门头沟区,18.896666666666665,shallow,1.0,0.0,0.0,0.0,True,False,none,False,79,,False
2024-08,2024,8,门头沟区,18.896666666666665,central,1.0,0.0,0.0,0.0,True,False,none,False,79,,False
2024-08,2024,8,门头沟区,18.896666666666665,deep,1.0,0.022179,0.022179,0.022179,True,True,B4,False,79,,False
2024-08,2024,8,房山区,6.196666666666666,shallow,1.0,0.491026,0.491026,0.491026,True,True,B2,False,261,,False
2024-08,2024,8,房山区,6.196666666666666,central,1.0,0.491026,0.491026,0.491026,True,True,B2,False,261,,False
2024-08,2024,8,房山区,6.196666666666666,deep,1.0,0.491026,0.491026,0.491026,True,True,B2,False,261,,False
2024-08,2024,8,通州区,5.780000000000001,shallow,1.0,0.437462,0.437462,0.437462,True,True,B2,False,351,,False
2024-08,2024,8,通州区,5.780000000000001,central,1.0,0.437462,0.437462,0.437462,True,True,B2,False,351,,False
2024-08,2024,8,通州区,5.780000000000001,deep,1.0,0.437462,0.437462,0.437462,True,True,B2,True,351,,False
2024-08,2024,8,顺义区,18.563333333333336,shallow,1.0,0.0,0.0,0.0,True,False,none,False,197,,False
2024-08,2024,8,顺义区,18.563333333333336,central,1.0,0.0,0.0,0.0,True,False,none,False,197,,False
2024-08,2024,8,顺义区,18.563333333333336,deep,1.0,0.0,0.0,0.0,True,False,none,False,197,,False
2024-08,2024,8,昌平区,16.593333333333334,shallow,1.0,0.0,0.0,0.0,True,False,none,False,475,,False
2024-08,2024,8,昌平区,16.593333333333334,central,1.0,0.001292,0.001292,0.001292,True,True,B4,True,475,,False
2024-08,2024,8,昌平区,16.593333333333334,deep,1.0,0.001292,0.001292,0.001292,True,True,B4,True,475,,False
2024-08,2024,8,大兴区,13.133333333333336,shallow,1.0,0.009993,0.009993,0.009993,True,True,B4,False,790,,False
2024-08,2024,8,大兴区,13.133333333333336,central,1.0,0.009993,0.009993,0.009993,True,True,B4,True,790,,False
2024-08,2024,8,大兴区,13.133333333333336,deep,1.0,0.087487,0.087487,0.087487,True,True,B3,False,790,,False
2024-08,2024,8,怀柔区,6.78,shallow,1.0,0.387258,0.387258,0.387258,True,True,B2,True,93,,False
2024-08,2024,8,怀柔区,6.78,central,1.0,0.387258,0.387258,0.387258,True,True,B2,False,93,,False
2024-08,2024,8,怀柔区,6.78,deep,1.0,0.387258,0.387258,0.387258,True,True,B2,False,93,,False
2024-08,2024,8,平谷区,20.55666666666667,shallow,1.0,0.0,0.0,0.0,True,False,none,False,17,,False
2024-08,2024,8,平谷区,20.55666666666667,central,1.0,0.0,0.0,0.0,True,False,none,False,17,,False
2024-08,2024,8,平谷区,20.55666666666667,deep,1.0,0.0,0.0,0.0,True,False,none,False,17,,False
2024-08,2024,8,密云区,17.363333333333333,shallow,1.0,0.0,0.0,0.0,True,False,none,False,94,,False
2024-08,2024,8,密云区,17.363333333333333,central,1.0,0.0,0.0,0.0,True,False,none,False,94,,False
2024-08,2024,8,密云区,17.363333333333333,deep,1.0,0.0,0.0,0.0,True,False,none,False,94,,False
2024-08,2024,8,延庆区,7.083333333333333,shallow,1.0,0.020419,0.020419,0.020419,True,True,B3,True,39,,False
2024-08,2024,8,延庆区,7.083333333333333,central,1.0,0.18273799999999998,0.18273799999999998,0.18273799999999998,True,True,B2,False,39,,False
2024-08,2024,8,延庆区,7.083333333333333,deep,1.0,0.18273799999999998,0.18273799999999998,0.18273799999999998,True,True,B2,False,39,,False
2024-09,2024,9,东城区,15.72,shallow,1.0,0.0,0.0,0.0,True,False,none,False,126,,False
2024-09,2024,9,东城区,15.72,central,1.0,0.041934,0.041934,0.041934,True,True,B4,False,126,,False
2024-09,2024,9,东城区,15.72,deep,1.0,0.175483,0.175483,0.175483,True,True,B3,False,126,,False
2024-09,2024,9,西城区,13.5275,shallow,1.0,0.072026,0.072026,0.072026,True,True,B4,True,122,,False
2024-09,2024,9,西城区,13.5275,central,1.0,0.072026,0.072026,0.072026,True,True,B4,False,122,,False
2024-09,2024,9,西城区,13.5275,deep,1.0,0.243094,0.243094,0.243094,True,True,B3,False,122,,False
2024-09,2024,9,朝阳区,23.425000000000004,shallow,1.0,0.0,0.0,0.0,True,False,none,False,52,,False
2024-09,2024,9,朝阳区,23.425000000000004,central,1.0,0.0,0.0,0.0,True,False,none,False,52,,False
2024-09,2024,9,朝阳区,23.425000000000004,deep,1.0,0.0,0.0,0.0,True,False,none,False,52,,False
2024-09,2024,9,海淀区,10.6225,shallow,1.0,0.014557,0.014557,0.014557,True,True,B4,True,183,,False
2024-09,2024,9,海淀区,10.6225,central,1.0,0.038602,0.038602,0.038602,True,True,B3,False,183,,False
2024-09,2024,9,海淀区,10.6225,deep,1.0,0.205963,0.205963,0.205963,True,True,B2,True,183,,False
2024-09,2024,9,丰台区,11.1725,shallow,1.0,0.031784,0.031784,0.031784,True,True,B4,False,246,,False
2024-09,2024,9,丰台区,11.1725,central,1.0,0.17988600000000002,0.17988600000000002,0.17988600000000002,True,True,B3,False,246,,False
2024-09,2024,9,丰台区,11.1725,deep,1.0,0.17988600000000002,0.17988600000000002,0.17988600000000002,True,True,B3,True,246,,False
2024-09,2024,9,石景山区,17.81,shallow,1.0,0.0,0.0,0.0,True,False,none,False,90,,True
2024-09,2024,9,石景山区,17.81,central,1.0,0.0,0.0,0.0,True,False,none,False,90,,True
2024-09,2024,9,石景山区,17.81,deep,1.0,0.036363,0.036363,0.036363,True,True,B4,False,90,,True
2024-09,2024,9,门头沟区,16.7175,shallow,1.0,0.0,0.0,0.0,True,False,none,False,79,,False
2024-09,2024,9,门头沟区,16.7175,central,1.0,0.022179,0.022179,0.022179,True,True,B4,True,79,,False
2024-09,2024,9,门头沟区,16.7175,deep,1.0,0.022179,0.022179,0.022179,True,True,B4,True,79,,False
2024-09,2024,9,房山区,5.56,shallow,1.0,0.491026,0.491026,0.491026,True,True,B2,False,261,,False
2024-09,2024,9,房山区,5.56,central,1.0,0.491026,0.491026,0.491026,True,True,B2,False,261,,False
2024-09,2024,9,房山区,5.56,deep,1.0,0.491026,0.491026,0.491026,True,True,B2,True,261,,False
2024-09,2024,9,通州区,5.3325,shallow,1.0,0.437462,0.437462,0.437462,True,True,B2,False,351,,False
2024-09,2024,9,通州区,5.3325,central,1.0,0.437462,0.437462,0.437462,True,True,B2,True,351,,False
2024-09,2024,9,通州区,5.3325,deep,1.0,1.0,1.0,1.0,True,True,B1,True,351,,False
2024-09,2024,9,顺义区,17.09,shallow,1.0,0.0,0.0,0.0,True,False,none,False,197,,False
2024-09,2024,9,顺义区,17.09,central,1.0,0.0,0.0,0.0,True,False,none,False,197,,False
2024-09,2024,9,顺义区,17.09,deep,1.0,0.0,0.0,0.0,True,False,none,False,197,,False
2024-09,2024,9,昌平区,15.515,shallow,1.0,0.0,0.0,0.0,True,False,none,False,475,,False
2024-09,2024,9,昌平区,15.515,central,1.0,0.001292,0.001292,0.001292,True,True,B4,False,475,,False
2024-09,2024,9,昌平区,15.515,deep,1.0,0.043421,0.043421,0.043421,True,True,B3,False,475,,False
2024-09,2024,9,大兴区,12.595,shallow,1.0,0.009993,0.009993,0.009993,True,True,B4,False,790,,False
2024-09,2024,9,大兴区,12.595,central,1.0,0.087487,0.087487,0.087487,True,True,B3,True,790,,False
2024-09,2024,9,大兴区,12.595,deep,1.0,0.087487,0.087487,0.087487,True,True,B3,False,790,,False
2024-09,2024,9,怀柔区,6.302499999999999,shallow,1.0,0.387258,0.387258,0.387258,True,True,B2,False,93,,False
2024-09,2024,9,怀柔区,6.302499999999999,central,1.0,0.387258,0.387258,0.387258,True,True,B2,False,93,,False
2024-09,2024,9,怀柔区,6.302499999999999,deep,1.0,0.387258,0.387258,0.387258,True,True,B2,False,93,,False
2024-09,2024,9,平谷区,15.6775,shallow,1.0,0.0,0.0,0.0,True,False,none,False,17,,False
2024-09,2024,9,平谷区,15.6775,central,1.0,0.0,0.0,0.0,True,False,none,False,17,,False
2024-09,2024,9,平谷区,15.6775,deep,1.0,0.13624,0.13624,0.13624,True,True,B3,False,17,,False
2024-09,2024,9,密云区,15.4425,shallow,1.0,0.0,0.0,0.0,True,False,none,False,94,,False
2024-09,2024,9,密云区,15.4425,central,1.0,0.0,0.0,0.0,True,False,none,False,94,,False
2024-09,2024,9,密云区,15.4425,deep,1.0,0.080789,0.080789,0.080789,True,True,B3,False,94,,False
2024-09,2024,9,延庆区,6.385000000000001,shallow,1.0,0.18273799999999998,0.18273799999999998,0.18273799999999998,True,True,B2,False,39,,False
2024-09,2024,9,延庆区,6.385000000000001,central,1.0,0.18273799999999998,0.18273799999999998,0.18273799999999998,True,True,B2,False,39,,False
2024-09,2024,9,延庆区,6.385000000000001,deep,1.0,0.18273799999999998,0.18273799999999998,0.18273799999999998,True,True,B2,False,39,,False
2024-10,2024,10,东城区,15.2675,shallow,1.0,0.0,0.0,0.0,True,False,none,False,126,,False
2024-10,2024,10,东城区,15.2675,central,1.0,0.041934,0.041934,0.041934,True,True,B4,False,126,,False
2024-10,2024,10,东城区,15.2675,deep,1.0,0.175483,0.175483,0.175483,True,True,B3,False,126,,False
2024-10,2024,10,西城区,13.1175,shallow,1.0,0.072026,0.072026,0.072026,True,True,B4,False,122,,False
2024-10,2024,10,西城区,13.1175,central,1.0,0.072026,0.072026,0.072026,True,True,B4,True,122,,False
2024-10,2024,10,西城区,13.1175,deep,1.0,0.243094,0.243094,0.243094,True,True,B3,False,122,,False
2024-10,2024,10,朝阳区,22.925,shallow,1.0,0.0,0.0,0.0,True,False,none,False,52,,False
2024-10,2024,10,朝阳区,22.925,central,1.0,0.0,0.0,0.0,True,False,none,False,52,,False
2024-10,2024,10,朝阳区,22.925,deep,1.0,0.0,0.0,0.0,True,False,none,False,52,,False
2024-10,2024,10,海淀区,10.0925,shallow,1.0,0.038602,0.038602,0.038602,True,True,B3,True,183,,False
2024-10,2024,10,海淀区,10.0925,central,1.0,0.038602,0.038602,0.038602,True,True,B3,False,183,,False
2024-10,2024,10,海淀区,10.0925,deep,1.0,0.205963,0.205963,0.205963,True,True,B2,False,183,,False
2024-10,2024,10,丰台区,11.1525,shallow,1.0,0.031784,0.031784,0.031784,True,True,B4,False,246,,False
2024-10,2024,10,丰台区,11.1525,central,1.0,0.17988600000000002,0.17988600000000002,0.17988600000000002,True,True,B3,False,246,,False
2024-10,2024,10,丰台区,11.1525,deep,1.0,0.17988600000000002,0.17988600000000002,0.17988600000000002,True,True,B3,True,246,,False
2024-10,2024,10,石景山区,17.6425,shallow,1.0,0.0,0.0,0.0,True,False,none,False,90,,True
2024-10,2024,10,石景山区,17.6425,central,1.0,0.0,0.0,0.0,True,False,none,False,90,,True
2024-10,2024,10,石景山区,17.6425,deep,1.0,0.036363,0.036363,0.036363,True,True,B4,False,90,,True
2024-10,2024,10,门头沟区,16.2525,shallow,1.0,0.0,0.0,0.0,True,False,none,False,79,,False
2024-10,2024,10,门头沟区,16.2525,central,1.0,0.022179,0.022179,0.022179,True,True,B4,False,79,,False
2024-10,2024,10,门头沟区,16.2525,deep,1.0,0.250776,0.250776,0.250776,True,True,B3,True,79,,False
2024-10,2024,10,房山区,5.5675,shallow,1.0,0.491026,0.491026,0.491026,True,True,B2,False,261,,False
2024-10,2024,10,房山区,5.5675,central,1.0,0.491026,0.491026,0.491026,True,True,B2,False,261,,False
2024-10,2024,10,房山区,5.5675,deep,1.0,0.491026,0.491026,0.491026,True,True,B2,True,261,,False
2024-10,2024,10,通州区,5.4375,shallow,1.0,0.437462,0.437462,0.437462,True,True,B2,False,351,,False
2024-10,2024,10,通州区,5.4375,central,1.0,0.437462,0.437462,0.437462,True,True,B2,True,351,,False
2024-10,2024,10,通州区,5.4375,deep,1.0,1.0,1.0,1.0,True,True,B1,True,351,,False
2024-10,2024,10,顺义区,16.4075,shallow,1.0,0.0,0.0,0.0,True,False,none,False,197,,False
2024-10,2024,10,顺义区,16.4075,central,1.0,0.0,0.0,0.0,True,False,none,False,197,,False
2024-10,2024,10,顺义区,16.4075,deep,1.0,0.01786,0.01786,0.01786,True,True,B3,True,197,,False
2024-10,2024,10,昌平区,14.9975,shallow,1.0,0.0,0.0,0.0,True,False,none,False,475,,False
2024-10,2024,10,昌平区,14.9975,central,1.0,0.001292,0.001292,0.001292,True,True,B4,False,475,,False
2024-10,2024,10,昌平区,14.9975,deep,1.0,0.043421,0.043421,0.043421,True,True,B3,False,475,,False
2024-10,2024,10,大兴区,12.294999999999998,shallow,1.0,0.009993,0.009993,0.009993,True,True,B4,False,790,,False
2024-10,2024,10,大兴区,12.294999999999998,central,1.0,0.087487,0.087487,0.087487,True,True,B3,False,790,,False
2024-10,2024,10,大兴区,12.294999999999998,deep,1.0,0.087487,0.087487,0.087487,True,True,B3,False,790,,False
2024-10,2024,10,怀柔区,6.2765,shallow,1.0,0.387258,0.387258,0.387258,True,True,B2,False,93,,False
2024-10,2024,10,怀柔区,6.2765,central,1.0,0.387258,0.387258,0.387258,True,True,B2,False,93,,False
2024-10,2024,10,怀柔区,6.2765,deep,1.0,0.387258,0.387258,0.387258,True,True,B2,False,93,,False
2024-10,2024,10,平谷区,15.93,shallow,1.0,0.0,0.0,0.0,True,False,none,False,17,,False
2024-10,2024,10,平谷区,15.93,central,1.0,0.0,0.0,0.0,True,False,none,False,17,,False
2024-10,2024,10,平谷区,15.93,deep,1.0,0.13624,0.13624,0.13624,True,True,B3,False,17,,False
2024-10,2024,10,密云区,15.0825,shallow,1.0,0.0,0.0,0.0,True,False,none,False,94,,False
2024-10,2024,10,密云区,15.0825,central,1.0,0.0,0.0,0.0,True,False,none,False,94,,False
2024-10,2024,10,密云区,15.0825,deep,1.0,0.080789,0.080789,0.080789,True,True,B3,False,94,,False
2024-10,2024,10,延庆区,6.0075,shallow,1.0,0.18273799999999998,0.18273799999999998,0.18273799999999998,True,True,B2,False,39,,False
2024-10,2024,10,延庆区,6.0075,central,1.0,0.18273799999999998,0.18273799999999998,0.18273799999999998,True,True,B2,False,39,,False
2024-10,2024,10,延庆区,6.0075,deep,1.0,0.18273799999999998,0.18273799999999998,0.18273799999999998,True,True,B2,False,39,,False
2024-11,2024,11,东城区,15.162499999999998,shallow,1.0,0.0,0.0,0.0,True,False,none,False,126,,False
2024-11,2024,11,东城区,15.162499999999998,central,1.0,0.041934,0.041934,0.041934,True,True,B4,False,126,,False
2024-11,2024,11,东城区,15.162499999999998,deep,1.0,0.175483,0.175483,0.175483,True,True,B3,False,126,,False
2024-11,2024,11,西城区,13.005,shallow,1.0,0.072026,0.072026,0.072026,True,True,B4,False,122,,False
2024-11,2024,11,西城区,13.005,central,1.0,0.072026,0.072026,0.072026,True,True,B4,True,122,,False
2024-11,2024,11,西城区,13.005,deep,1.0,0.243094,0.243094,0.243094,True,True,B3,False,122,,False
2024-11,2024,11,朝阳区,22.6,shallow,1.0,0.0,0.0,0.0,True,False,none,False,52,,False
2024-11,2024,11,朝阳区,22.6,central,1.0,0.0,0.0,0.0,True,False,none,False,52,,False
2024-11,2024,11,朝阳区,22.6,deep,1.0,0.0,0.0,0.0,True,False,none,False,52,,False
2024-11,2024,11,海淀区,9.8825,shallow,1.0,0.038602,0.038602,0.038602,True,True,B3,False,183,,False
2024-11,2024,11,海淀区,9.8825,central,1.0,0.038602,0.038602,0.038602,True,True,B3,False,183,,False
2024-11,2024,11,海淀区,9.8825,deep,1.0,0.205963,0.205963,0.205963,True,True,B2,False,183,,False
2024-11,2024,11,丰台区,11.3575,shallow,1.0,0.031784,0.031784,0.031784,True,True,B4,False,246,,False
2024-11,2024,11,丰台区,11.3575,central,1.0,0.17988600000000002,0.17988600000000002,0.17988600000000002,True,True,B3,False,246,,False
2024-11,2024,11,丰台区,11.3575,deep,1.0,0.17988600000000002,0.17988600000000002,0.17988600000000002,True,True,B3,True,246,,False
2024-11,2024,11,石景山区,17.9675,shallow,1.0,0.0,0.0,0.0,True,False,none,False,90,,True
2024-11,2024,11,石景山区,17.9675,central,1.0,0.0,0.0,0.0,True,False,none,False,90,,True
2024-11,2024,11,石景山区,17.9675,deep,1.0,0.036363,0.036363,0.036363,True,True,B4,False,90,,True
2024-11,2024,11,门头沟区,16.4675,shallow,1.0,0.0,0.0,0.0,True,False,none,False,79,,False
2024-11,2024,11,门头沟区,16.4675,central,1.0,0.022179,0.022179,0.022179,True,True,B4,False,79,,False
2024-11,2024,11,门头沟区,16.4675,deep,1.0,0.250776,0.250776,0.250776,True,True,B3,True,79,,False
2024-11,2024,11,房山区,5.735,shallow,1.0,0.491026,0.491026,0.491026,True,True,B2,False,261,,False
2024-11,2024,11,房山区,5.735,central,1.0,0.491026,0.491026,0.491026,True,True,B2,False,261,,False
2024-11,2024,11,房山区,5.735,deep,1.0,0.491026,0.491026,0.491026,True,True,B2,True,261,,False
2024-11,2024,11,通州区,5.695,shallow,1.0,0.437462,0.437462,0.437462,True,True,B2,False,351,,False
2024-11,2024,11,通州区,5.695,central,1.0,0.437462,0.437462,0.437462,True,True,B2,False,351,,False
2024-11,2024,11,通州区,5.695,deep,1.0,0.437462,0.437462,0.437462,True,True,B2,True,351,,False
2024-11,2024,11,顺义区,16.815,shallow,1.0,0.0,0.0,0.0,True,False,none,False,197,,False
2024-11,2024,11,顺义区,16.815,central,1.0,0.0,0.0,0.0,True,False,none,False,197,,False
2024-11,2024,11,顺义区,16.815,deep,1.0,0.0,0.0,0.0,True,False,none,True,197,,False
2024-11,2024,11,昌平区,14.67,shallow,1.0,0.0,0.0,0.0,True,False,none,False,475,,False
2024-11,2024,11,昌平区,14.67,central,1.0,0.001292,0.001292,0.001292,True,True,B4,False,475,,False
2024-11,2024,11,昌平区,14.67,deep,1.0,0.043421,0.043421,0.043421,True,True,B3,False,475,,False
2024-11,2024,11,大兴区,12.1275,shallow,1.0,0.009993,0.009993,0.009993,True,True,B4,False,790,,False
2024-11,2024,11,大兴区,12.1275,central,1.0,0.087487,0.087487,0.087487,True,True,B3,False,790,,False
2024-11,2024,11,大兴区,12.1275,deep,1.0,0.087487,0.087487,0.087487,True,True,B3,False,790,,False
2024-11,2024,11,怀柔区,6.53,shallow,1.0,0.387258,0.387258,0.387258,True,True,B2,True,93,,False
2024-11,2024,11,怀柔区,6.53,central,1.0,0.387258,0.387258,0.387258,True,True,B2,False,93,,False
2024-11,2024,11,怀柔区,6.53,deep,1.0,0.387258,0.387258,0.387258,True,True,B2,False,93,,False
2024-11,2024,11,平谷区,17.0575,shallow,1.0,0.0,0.0,0.0,True,False,none,False,17,,False
2024-11,2024,11,平谷区,17.0575,central,1.0,0.0,0.0,0.0,True,False,none,False,17,,False
2024-11,2024,11,平谷区,17.0575,deep,1.0,0.0,0.0,0.0,True,False,none,False,17,,False
2024-11,2024,11,密云区,15.1875,shallow,1.0,0.0,0.0,0.0,True,False,none,False,94,,False
2024-11,2024,11,密云区,15.1875,central,1.0,0.0,0.0,0.0,True,False,none,False,94,,False
2024-11,2024,11,密云区,15.1875,deep,1.0,0.080789,0.080789,0.080789,True,True,B3,False,94,,False
2024-11,2024,11,延庆区,5.79,shallow,1.0,0.18273799999999998,0.18273799999999998,0.18273799999999998,True,True,B2,False,39,,False
2024-11,2024,11,延庆区,5.79,central,1.0,0.18273799999999998,0.18273799999999998,0.18273799999999998,True,True,B2,False,39,,False
2024-11,2024,11,延庆区,5.79,deep,1.0,0.18273799999999998,0.18273799999999998,0.18273799999999998,True,True,B2,True,39,,False
2024-12,2024,12,东城区,15.1275,shallow,1.0,0.0,0.0,0.0,True,False,none,False,126,,False
2024-12,2024,12,东城区,15.1275,central,1.0,0.041934,0.041934,0.041934,True,True,B4,False,126,,False
2024-12,2024,12,东城区,15.1275,deep,1.0,0.175483,0.175483,0.175483,True,True,B3,False,126,,False
2024-12,2024,12,西城区,12.945,shallow,1.0,0.072026,0.072026,0.072026,True,True,B4,False,122,,False
2024-12,2024,12,西城区,12.945,central,1.0,0.243094,0.243094,0.243094,True,True,B3,True,122,,False
2024-12,2024,12,西城区,12.945,deep,1.0,0.243094,0.243094,0.243094,True,True,B3,False,122,,False
2024-12,2024,12,朝阳区,22.2875,shallow,1.0,0.0,0.0,0.0,True,False,none,False,52,,False
2024-12,2024,12,朝阳区,22.2875,central,1.0,0.0,0.0,0.0,True,False,none,False,52,,False
2024-12,2024,12,朝阳区,22.2875,deep,1.0,0.0,0.0,0.0,True,False,none,True,52,,False
2024-12,2024,12,海淀区,9.5875,shallow,1.0,0.038602,0.038602,0.038602,True,True,B3,False,183,,False
2024-12,2024,12,海淀区,9.5875,central,1.0,0.038602,0.038602,0.038602,True,True,B3,False,183,,False
2024-12,2024,12,海淀区,9.5875,deep,1.0,0.205963,0.205963,0.205963,True,True,B2,False,183,,False
2024-12,2024,12,丰台区,11.4975,shallow,1.0,0.031784,0.031784,0.031784,True,True,B4,False,246,,False
2024-12,2024,12,丰台区,11.4975,central,1.0,0.17988600000000002,0.17988600000000002,0.17988600000000002,True,True,B3,False,246,,False
2024-12,2024,12,丰台区,11.4975,deep,1.0,0.17988600000000002,0.17988600000000002,0.17988600000000002,True,True,B3,True,246,,False
2024-12,2024,12,石景山区,18.3325,shallow,1.0,0.0,0.0,0.0,True,False,none,False,90,,True
2024-12,2024,12,石景山区,18.3325,central,1.0,0.0,0.0,0.0,True,False,none,False,90,,True
2024-12,2024,12,石景山区,18.3325,deep,1.0,0.036363,0.036363,0.036363,True,True,B4,False,90,,True
2024-12,2024,12,门头沟区,16.68,shallow,1.0,0.0,0.0,0.0,True,False,none,False,79,,False
2024-12,2024,12,门头沟区,16.68,central,1.0,0.022179,0.022179,0.022179,True,True,B4,True,79,,False
2024-12,2024,12,门头沟区,16.68,deep,1.0,0.022179,0.022179,0.022179,True,True,B4,True,79,,False
2024-12,2024,12,房山区,5.7775,shallow,1.0,0.491026,0.491026,0.491026,True,True,B2,False,261,,False
2024-12,2024,12,房山区,5.7775,central,1.0,0.491026,0.491026,0.491026,True,True,B2,False,261,,False
2024-12,2024,12,房山区,5.7775,deep,1.0,0.491026,0.491026,0.491026,True,True,B2,True,261,,False
2024-12,2024,12,通州区,5.5325,shallow,1.0,0.437462,0.437462,0.437462,True,True,B2,False,351,,False
2024-12,2024,12,通州区,5.5325,central,1.0,0.437462,0.437462,0.437462,True,True,B2,False,351,,False
2024-12,2024,12,通州区,5.5325,deep,1.0,0.437462,0.437462,0.437462,True,True,B2,True,351,,False
2024-12,2024,12,顺义区,16.189999999999998,shallow,1.0,0.0,0.0,0.0,True,False,none,False,197,,False
2024-12,2024,12,顺义区,16.189999999999998,central,1.0,0.0,0.0,0.0,True,False,none,False,197,,False
2024-12,2024,12,顺义区,16.189999999999998,deep,1.0,0.01786,0.01786,0.01786,True,True,B3,True,197,,False
2024-12,2024,12,昌平区,14.2425,shallow,1.0,0.0,0.0,0.0,True,False,none,True,475,,False
2024-12,2024,12,昌平区,14.2425,central,1.0,0.001292,0.001292,0.001292,True,True,B4,False,475,,False
2024-12,2024,12,昌平区,14.2425,deep,1.0,0.043421,0.043421,0.043421,True,True,B3,False,475,,False
2024-12,2024,12,大兴区,11.7225,shallow,1.0,0.009993,0.009993,0.009993,True,True,B4,False,790,,False
2024-12,2024,12,大兴区,11.7225,central,1.0,0.087487,0.087487,0.087487,True,True,B3,False,790,,False
2024-12,2024,12,大兴区,11.7225,deep,1.0,0.087487,0.087487,0.087487,True,True,B3,False,790,,False
2024-12,2024,12,怀柔区,6.66,shallow,1.0,0.387258,0.387258,0.387258,True,True,B2,True,93,,False
2024-12,2024,12,怀柔区,6.66,central,1.0,0.387258,0.387258,0.387258,True,True,B2,False,93,,False
2024-12,2024,12,怀柔区,6.66,deep,1.0,0.387258,0.387258,0.387258,True,True,B2,False,93,,False
2024-12,2024,12,平谷区,16.9975,shallow,1.0,0.0,0.0,0.0,True,False,none,False,17,,False
2024-12,2024,12,平谷区,16.9975,central,1.0,0.0,0.0,0.0,True,False,none,False,17,,False
2024-12,2024,12,平谷区,16.9975,deep,1.0,0.0,0.0,0.0,True,False,none,True,17,,False
2024-12,2024,12,密云区,15.232500000000002,shallow,1.0,0.0,0.0,0.0,True,False,none,False,94,,False
2024-12,2024,12,密云区,15.232500000000002,central,1.0,0.0,0.0,0.0,True,False,none,False,94,,False
2024-12,2024,12,密云区,15.232500000000002,deep,1.0,0.080789,0.080789,0.080789,True,True,B3,False,94,,False
2024-12,2024,12,延庆区,5.597499999999999,shallow,1.0,0.18273799999999998,0.18273799999999998,0.18273799999999998,True,True,B2,False,39,,False
2024-12,2024,12,延庆区,5.597499999999999,central,1.0,0.18273799999999998,0.18273799999999998,0.18273799999999998,True,True,B2,False,39,,False
2024-12,2024,12,延庆区,5.597499999999999,deep,1.0,0.18273799999999998,0.18273799999999998,0.18273799999999998,True,True,B2,True,39,,False
2025-01,2025,1,东城区,14.9675,shallow,1.0,0.0,0.0,0.0,True,False,none,False,126,,False
2025-01,2025,1,东城区,14.9675,central,1.0,0.041934,0.041934,0.041934,True,True,B4,False,126,,False
2025-01,2025,1,东城区,14.9675,deep,1.0,0.175483,0.175483,0.175483,True,True,B3,False,126,,False
2025-01,2025,1,西城区,12.8875,shallow,1.0,0.072026,0.072026,0.072026,True,True,B4,False,122,,False
2025-01,2025,1,西城区,12.8875,central,1.0,0.243094,0.243094,0.243094,True,True,B3,True,122,,False
2025-01,2025,1,西城区,12.8875,deep,1.0,0.243094,0.243094,0.243094,True,True,B3,False,122,,False
2025-01,2025,1,朝阳区,21.88,shallow,1.0,0.0,0.0,0.0,True,False,none,False,52,,False
2025-01,2025,1,朝阳区,21.88,central,1.0,0.0,0.0,0.0,True,False,none,False,52,,False
2025-01,2025,1,朝阳区,21.88,deep,1.0,0.0023919976080023,0.0023919976080023,0.0023919976080023,True,True,B4,True,52,,False
2025-01,2025,1,海淀区,9.335,shallow,1.0,0.038602,0.038602,0.038602,True,True,B3,False,183,,False
2025-01,2025,1,海淀区,9.335,central,1.0,0.038602,0.038602,0.038602,True,True,B3,True,183,,False
2025-01,2025,1,海淀区,9.335,deep,1.0,0.205963,0.205963,0.205963,True,True,B2,False,183,,False
2025-01,2025,1,丰台区,11.635000000000002,shallow,1.0,0.031784,0.031784,0.031784,True,True,B4,False,246,,False
2025-01,2025,1,丰台区,11.635000000000002,central,1.0,0.17988600000000002,0.17988600000000002,0.17988600000000002,True,True,B3,False,246,,False
2025-01,2025,1,丰台区,11.635000000000002,deep,1.0,0.17988600000000002,0.17988600000000002,0.17988600000000002,True,True,B3,False,246,,False
2025-01,2025,1,石景山区,18.6775,shallow,1.0,0.0,0.0,0.0,True,False,none,False,90,,True
2025-01,2025,1,石景山区,18.6775,central,1.0,0.0,0.0,0.0,True,False,none,False,90,,True
2025-01,2025,1,石景山区,18.6775,deep,1.0,0.036363,0.036363,0.036363,True,True,B4,False,90,,True
2025-01,2025,1,门头沟区,16.9075,shallow,1.0,0.0,0.0,0.0,True,False,none,False,79,,False
2025-01,2025,1,门头沟区,16.9075,central,1.0,0.022179,0.022179,0.022179,True,True,B4,True,79,,False
2025-01,2025,1,门头沟区,16.9075,deep,1.0,0.022179,0.022179,0.022179,True,True,B4,True,79,,False
2025-01,2025,1,房山区,5.7725,shallow,1.0,0.491026,0.491026,0.491026,True,True,B2,False,261,,False
2025-01,2025,1,房山区,5.7725,central,1.0,0.491026,0.491026,0.491026,True,True,B2,False,261,,False
2025-01,2025,1,房山区,5.7725,deep,1.0,0.491026,0.491026,0.491026,True,True,B2,True,261,,False
2025-01,2025,1,通州区,5.515,shallow,1.0,0.437462,0.437462,0.437462,True,True,B2,False,351,,False
2025-01,2025,1,通州区,5.515,central,1.0,0.437462,0.437462,0.437462,True,True,B2,False,351,,False
2025-01,2025,1,通州区,5.515,deep,1.0,0.437462,0.437462,0.437462,True,True,B2,True,351,,False
2025-01,2025,1,顺义区,15.54,shallow,1.0,0.0,0.0,0.0,True,False,none,False,197,,False
2025-01,2025,1,顺义区,15.54,central,1.0,0.0,0.0,0.0,True,False,none,False,197,,False
2025-01,2025,1,顺义区,15.54,deep,1.0,0.01786,0.01786,0.01786,True,True,B3,False,197,,False
2025-01,2025,1,昌平区,13.715000000000002,shallow,1.0,0.001292,0.001292,0.001292,True,True,B4,True,475,,False
2025-01,2025,1,昌平区,13.715000000000002,central,1.0,0.001292,0.001292,0.001292,True,True,B4,False,475,,False
2025-01,2025,1,昌平区,13.715000000000002,deep,1.0,0.043421,0.043421,0.043421,True,True,B3,False,475,,False
2025-01,2025,1,大兴区,11.355,shallow,1.0,0.009993,0.009993,0.009993,True,True,B4,False,790,,False
2025-01,2025,1,大兴区,11.355,central,1.0,0.087487,0.087487,0.087487,True,True,B3,False,790,,False
2025-01,2025,1,大兴区,11.355,deep,1.0,0.087487,0.087487,0.087487,True,True,B3,True,790,,False
2025-01,2025,1,怀柔区,6.734999999999999,shallow,1.0,0.387258,0.387258,0.387258,True,True,B2,True,93,,False
2025-01,2025,1,怀柔区,6.734999999999999,central,1.0,0.387258,0.387258,0.387258,True,True,B2,False,93,,False
2025-01,2025,1,怀柔区,6.734999999999999,deep,1.0,0.387258,0.387258,0.387258,True,True,B2,False,93,,False
2025-01,2025,1,平谷区,17.3275,shallow,1.0,0.0,0.0,0.0,True,False,none,False,17,,False
2025-01,2025,1,平谷区,17.3275,central,1.0,0.0,0.0,0.0,True,False,none,False,17,,False
2025-01,2025,1,平谷区,17.3275,deep,1.0,0.0,0.0,0.0,True,False,none,False,17,,False
2025-01,2025,1,密云区,15.4675,shallow,1.0,0.0,0.0,0.0,True,False,none,False,94,,False
2025-01,2025,1,密云区,15.4675,central,1.0,0.0,0.0,0.0,True,False,none,False,94,,False
2025-01,2025,1,密云区,15.4675,deep,1.0,0.080789,0.080789,0.080789,True,True,B3,False,94,,False
2025-01,2025,1,延庆区,5.445,shallow,1.0,0.18273799999999998,0.18273799999999998,0.18273799999999998,True,True,B2,False,39,,False
2025-01,2025,1,延庆区,5.445,central,1.0,0.18273799999999998,0.18273799999999998,0.18273799999999998,True,True,B2,True,39,,False
2025-01,2025,1,延庆区,5.445,deep,1.0,1.0,1.0,1.0,True,True,B1,True,39,,False
2025-02,2025,2,东城区,14.6775,shallow,1.0,0.0,0.0,0.0,True,False,none,False,126,,False
2025-02,2025,2,东城区,14.6775,central,1.0,0.041934,0.041934,0.041934,True,True,B4,False,126,,False
2025-02,2025,2,东城区,14.6775,deep,1.0,0.175483,0.175483,0.175483,True,True,B3,False,126,,False
2025-02,2025,2,西城区,12.7925,shallow,1.0,0.072026,0.072026,0.072026,True,True,B4,False,122,,False
2025-02,2025,2,西城区,12.7925,central,1.0,0.243094,0.243094,0.243094,True,True,B3,True,122,,False
2025-02,2025,2,西城区,12.7925,deep,1.0,0.243094,0.243094,0.243094,True,True,B3,False,122,,False
2025-02,2025,2,朝阳区,21.57,shallow,1.0,0.0,0.0,0.0,True,False,none,False,52,,False
2025-02,2025,2,朝阳区,21.57,central,1.0,0.0,0.0,0.0,True,False,none,False,52,,False
2025-02,2025,2,朝阳区,21.57,deep,1.0,0.0023919976080023,0.0023919976080023,0.0023919976080023,True,True,B4,True,52,,False
2025-02,2025,2,海淀区,9.17,shallow,1.0,0.038602,0.038602,0.038602,True,True,B3,False,183,,False
2025-02,2025,2,海淀区,9.17,central,1.0,0.038602,0.038602,0.038602,True,True,B3,True,183,,False
2025-02,2025,2,海淀区,9.17,deep,1.0,0.205963,0.205963,0.205963,True,True,B2,False,183,,False
2025-02,2025,2,丰台区,11.57,shallow,1.0,0.031784,0.031784,0.031784,True,True,B4,False,246,,False
2025-02,2025,2,丰台区,11.57,central,1.0,0.17988600000000002,0.17988600000000002,0.17988600000000002,True,True,B3,False,246,,False
2025-02,2025,2,丰台区,11.57,deep,1.0,0.17988600000000002,0.17988600000000002,0.17988600000000002,True,True,B3,False,246,,False
2025-02,2025,2,石景山区,19.055,shallow,1.0,0.0,0.0,0.0,True,False,none,False,90,,True
2025-02,2025,2,石景山区,19.055,central,1.0,0.0,0.0,0.0,True,False,none,False,90,,True
2025-02,2025,2,石景山区,19.055,deep,1.0,0.036363,0.036363,0.036363,True,True,B4,False,90,,True
2025-02,2025,2,门头沟区,17.275000000000002,shallow,1.0,0.0,0.0,0.0,True,False,none,False,79,,False
2025-02,2025,2,门头沟区,17.275000000000002,central,1.0,0.0,0.0,0.0,True,False,none,True,79,,False
2025-02,2025,2,门头沟区,17.275000000000002,deep,1.0,0.022179,0.022179,0.022179,True,True,B4,False,79,,False
2025-02,2025,2,房山区,5.930000000000001,shallow,1.0,0.491026,0.491026,0.491026,True,True,B2,False,261,,False
2025-02,2025,2,房山区,5.930000000000001,central,1.0,0.491026,0.491026,0.491026,True,True,B2,False,261,,False
2025-02,2025,2,房山区,5.930000000000001,deep,1.0,0.491026,0.491026,0.491026,True,True,B2,True,261,,False
2025-02,2025,2,通州区,5.595000000000001,shallow,1.0,0.437462,0.437462,0.437462,True,True,B2,False,351,,False
2025-02,2025,2,通州区,5.595000000000001,central,1.0,0.437462,0.437462,0.437462,True,True,B2,False,351,,False
2025-02,2025,2,通州区,5.595000000000001,deep,1.0,0.437462,0.437462,0.437462,True,True,B2,True,351,,False
2025-02,2025,2,顺义区,15.1825,shallow,1.0,0.0,0.0,0.0,True,False,none,False,197,,False
2025-02,2025,2,顺义区,15.1825,central,1.0,0.0,0.0,0.0,True,False,none,False,197,,False
2025-02,2025,2,顺义区,15.1825,deep,1.0,0.01786,0.01786,0.01786,True,True,B3,False,197,,False
2025-02,2025,2,昌平区,13.1175,shallow,1.0,0.001292,0.001292,0.001292,True,True,B4,False,475,,False
2025-02,2025,2,昌平区,13.1175,central,1.0,0.001292,0.001292,0.001292,True,True,B4,True,475,,False
2025-02,2025,2,昌平区,13.1175,deep,1.0,0.043421,0.043421,0.043421,True,True,B3,False,475,,False
2025-02,2025,2,大兴区,11.1975,shallow,1.0,0.009993,0.009993,0.009993,True,True,B4,False,790,,False
2025-02,2025,2,大兴区,11.1975,central,1.0,0.087487,0.087487,0.087487,True,True,B3,False,790,,False
2025-02,2025,2,大兴区,11.1975,deep,1.0,0.087487,0.087487,0.087487,True,True,B3,True,790,,False
2025-02,2025,2,怀柔区,6.69,shallow,1.0,0.387258,0.387258,0.387258,True,True,B2,True,93,,False
2025-02,2025,2,怀柔区,6.69,central,1.0,0.387258,0.387258,0.387258,True,True,B2,False,93,,False
2025-02,2025,2,怀柔区,6.69,deep,1.0,0.387258,0.387258,0.387258,True,True,B2,False,93,,False
2025-02,2025,2,平谷区,17.6575,shallow,1.0,0.0,0.0,0.0,True,False,none,False,17,,False
2025-02,2025,2,平谷区,17.6575,central,1.0,0.0,0.0,0.0,True,False,none,False,17,,False
2025-02,2025,2,平谷区,17.6575,deep,1.0,0.0,0.0,0.0,True,False,none,False,17,,False
2025-02,2025,2,密云区,15.785,shallow,1.0,0.0,0.0,0.0,True,False,none,False,94,,False
2025-02,2025,2,密云区,15.785,central,1.0,0.0,0.0,0.0,True,False,none,False,94,,False
2025-02,2025,2,密云区,15.785,deep,1.0,0.080789,0.080789,0.080789,True,True,B3,False,94,,False
2025-02,2025,2,延庆区,5.327500000000001,shallow,1.0,0.18273799999999998,0.18273799999999998,0.18273799999999998,True,True,B2,False,39,,False
2025-02,2025,2,延庆区,5.327500000000001,central,1.0,0.18273799999999998,0.18273799999999998,0.18273799999999998,True,True,B2,True,39,,False
2025-02,2025,2,延庆区,5.327500000000001,deep,1.0,1.0,1.0,1.0,True,True,B1,True,39,,False
2025-03,2025,3,东城区,14.28,shallow,1.0,0.0,0.0,0.0,True,False,none,True,126,,False
2025-03,2025,3,东城区,14.28,central,1.0,0.041934,0.041934,0.041934,True,True,B4,False,126,,False
2025-03,2025,3,东城区,14.28,deep,1.0,0.175483,0.175483,0.175483,True,True,B3,False,126,,False
2025-03,2025,3,西城区,12.71,shallow,1.0,0.072026,0.072026,0.072026,True,True,B4,False,122,,False
2025-03,2025,3,西城区,12.71,central,1.0,0.243094,0.243094,0.243094,True,True,B3,True,122,,False
2025-03,2025,3,西城区,12.71,deep,1.0,0.243094,0.243094,0.243094,True,True,B3,False,122,,False
2025-03,2025,3,朝阳区,21.735,shallow,1.0,0.0,0.0,0.0,True,False,none,False,52,,False
2025-03,2025,3,朝阳区,21.735,central,1.0,0.0,0.0,0.0,True,False,none,False,52,,False
2025-03,2025,3,朝阳区,21.735,deep,1.0,0.0023919976080023,0.0023919976080023,0.0023919976080023,True,True,B4,True,52,,False
2025-03,2025,3,海淀区,9.4775,shallow,1.0,0.038602,0.038602,0.038602,True,True,B3,False,183,,False
2025-03,2025,3,海淀区,9.4775,central,1.0,0.038602,0.038602,0.038602,True,True,B3,True,183,,False
2025-03,2025,3,海淀区,9.4775,deep,1.0,0.205963,0.205963,0.205963,True,True,B2,False,183,,False
2025-03,2025,3,丰台区,11.6225,shallow,1.0,0.031784,0.031784,0.031784,True,True,B4,False,246,,False
2025-03,2025,3,丰台区,11.6225,central,1.0,0.17988600000000002,0.17988600000000002,0.17988600000000002,True,True,B3,False,246,,False
2025-03,2025,3,丰台区,11.6225,deep,1.0,0.17988600000000002,0.17988600000000002,0.17988600000000002,True,True,B3,False,246,,False
2025-03,2025,3,石景山区,18.7875,shallow,1.0,0.0,0.0,0.0,True,False,none,False,90,,True
2025-03,2025,3,石景山区,18.7875,central,1.0,0.0,0.0,0.0,True,False,none,False,90,,True
2025-03,2025,3,石景山区,18.7875,deep,1.0,0.036363,0.036363,0.036363,True,True,B4,False,90,,True
2025-03,2025,3,门头沟区,16.7425,shallow,1.0,0.0,0.0,0.0,True,False,none,False,79,,False
2025-03,2025,3,门头沟区,16.7425,central,1.0,0.022179,0.022179,0.022179,True,True,B4,True,79,,False
2025-03,2025,3,门头沟区,16.7425,deep,1.0,0.022179,0.022179,0.022179,True,True,B4,True,79,,False
2025-03,2025,3,房山区,6.297499999999999,shallow,1.0,0.491026,0.491026,0.491026,True,True,B2,False,261,,False
2025-03,2025,3,房山区,6.297499999999999,central,1.0,0.491026,0.491026,0.491026,True,True,B2,False,261,,False
2025-03,2025,3,房山区,6.297499999999999,deep,1.0,0.491026,0.491026,0.491026,True,True,B2,False,261,,False
2025-03,2025,3,通州区,6.015000000000001,shallow,1.0,0.437462,0.437462,0.437462,True,True,B2,False,351,,False
2025-03,2025,3,通州区,6.015000000000001,central,1.0,0.437462,0.437462,0.437462,True,True,B2,False,351,,False
2025-03,2025,3,通州区,6.015000000000001,deep,1.0,0.437462,0.437462,0.437462,True,True,B2,False,351,,False
2025-03,2025,3,顺义区,16.002499999999998,shallow,1.0,0.0,0.0,0.0,True,False,none,False,197,,False
2025-03,2025,3,顺义区,16.002499999999998,central,1.0,0.0,0.0,0.0,True,False,none,False,197,,False
2025-03,2025,3,顺义区,16.002499999999998,deep,1.0,0.01786,0.01786,0.01786,True,True,B3,True,197,,False
2025-03,2025,3,昌平区,13.1225,shallow,1.0,0.001292,0.001292,0.001292,True,True,B4,False,475,,False
2025-03,2025,3,昌平区,13.1225,central,1.0,0.001292,0.001292,0.001292,True,True,B4,True,475,,False
2025-03,2025,3,昌平区,13.1225,deep,1.0,0.043421,0.043421,0.043421,True,True,B3,False,475,,False
2025-03,2025,3,大兴区,11.68,shallow,1.0,0.009993,0.009993,0.009993,True,True,B4,False,790,,False
2025-03,2025,3,大兴区,11.68,central,1.0,0.087487,0.087487,0.087487,True,True,B3,False,790,,False
2025-03,2025,3,大兴区,11.68,deep,1.0,0.087487,0.087487,0.087487,True,True,B3,False,790,,False
2025-03,2025,3,怀柔区,7.0175,shallow,1.0,0.031538,0.031538,0.031538,True,True,B3,True,93,,False
2025-03,2025,3,怀柔区,7.0175,central,1.0,0.387258,0.387258,0.387258,True,True,B2,False,93,,False
2025-03,2025,3,怀柔区,7.0175,deep,1.0,0.387258,0.387258,0.387258,True,True,B2,False,93,,False
2025-03,2025,3,平谷区,18.4,shallow,1.0,0.0,0.0,0.0,True,False,none,False,17,,False
2025-03,2025,3,平谷区,18.4,central,1.0,0.0,0.0,0.0,True,False,none,False,17,,False
2025-03,2025,3,平谷区,18.4,deep,1.0,0.0,0.0,0.0,True,False,none,False,17,,False
2025-03,2025,3,密云区,15.9525,shallow,1.0,0.0,0.0,0.0,True,False,none,False,94,,False
2025-03,2025,3,密云区,15.9525,central,1.0,0.0,0.0,0.0,True,False,none,False,94,,False
2025-03,2025,3,密云区,15.9525,deep,1.0,0.080789,0.080789,0.080789,True,True,B3,False,94,,False
2025-03,2025,3,延庆区,5.3575,shallow,1.0,0.18273799999999998,0.18273799999999998,0.18273799999999998,True,True,B2,False,39,,False
2025-03,2025,3,延庆区,5.3575,central,1.0,0.18273799999999998,0.18273799999999998,0.18273799999999998,True,True,B2,True,39,,False
2025-03,2025,3,延庆区,5.3575,deep,1.0,1.0,1.0,1.0,True,True,B1,True,39,,False
2025-04,2025,4,东城区,13.909999999999998,shallow,1.0,0.041934,0.041934,0.041934,True,True,B4,True,126,,False
2025-04,2025,4,东城区,13.909999999999998,central,1.0,0.041934,0.041934,0.041934,True,True,B4,False,126,,False
2025-04,2025,4,东城区,13.909999999999998,deep,1.0,0.175483,0.175483,0.175483,True,True,B3,False,126,,False
2025-04,2025,4,西城区,12.677500000000002,shallow,1.0,0.072026,0.072026,0.072026,True,True,B4,False,122,,False
2025-04,2025,4,西城区,12.677500000000002,central,1.0,0.243094,0.243094,0.243094,True,True,B3,True,122,,False
2025-04,2025,4,西城区,12.677500000000002,deep,1.0,0.243094,0.243094,0.243094,True,True,B3,False,122,,False
2025-04,2025,4,朝阳区,21.6825,shallow,1.0,0.0,0.0,0.0,True,False,none,False,52,,False
2025-04,2025,4,朝阳区,21.6825,central,1.0,0.0,0.0,0.0,True,False,none,False,52,,False
2025-04,2025,4,朝阳区,21.6825,deep,1.0,0.0023919976080023,0.0023919976080023,0.0023919976080023,True,True,B4,True,52,,False
2025-04,2025,4,海淀区,9.79,shallow,1.0,0.038602,0.038602,0.038602,True,True,B3,False,183,,False
2025-04,2025,4,海淀区,9.79,central,1.0,0.038602,0.038602,0.038602,True,True,B3,False,183,,False
2025-04,2025,4,海淀区,9.79,deep,1.0,0.205963,0.205963,0.205963,True,True,B2,False,183,,False
2025-04,2025,4,丰台区,11.580000000000002,shallow,1.0,0.031784,0.031784,0.031784,True,True,B4,False,246,,False
2025-04,2025,4,丰台区,11.580000000000002,central,1.0,0.17988600000000002,0.17988600000000002,0.17988600000000002,True,True,B3,False,246,,False
2025-04,2025,4,丰台区,11.580000000000002,deep,1.0,0.17988600000000002,0.17988600000000002,0.17988600000000002,True,True,B3,False,246,,False
2025-04,2025,4,石景山区,17.817500000000003,shallow,1.0,0.0,0.0,0.0,True,False,none,False,90,,True
2025-04,2025,4,石景山区,17.817500000000003,central,1.0,0.0,0.0,0.0,True,False,none,False,90,,True
2025-04,2025,4,石景山区,17.817500000000003,deep,1.0,0.036363,0.036363,0.036363,True,True,B4,False,90,,True
2025-04,2025,4,门头沟区,15.6,shallow,1.0,0.0,0.0,0.0,True,False,none,False,79,,False
2025-04,2025,4,门头沟区,15.6,central,1.0,0.022179,0.022179,0.022179,True,True,B4,False,79,,False
2025-04,2025,4,门头沟区,15.6,deep,1.0,0.250776,0.250776,0.250776,True,True,B3,False,79,,False
2025-04,2025,4,房山区,6.7275,shallow,1.0,0.491026,0.491026,0.491026,True,True,B2,True,261,,False
2025-04,2025,4,房山区,6.7275,central,1.0,0.491026,0.491026,0.491026,True,True,B2,False,261,,False
2025-04,2025,4,房山区,6.7275,deep,1.0,0.491026,0.491026,0.491026,True,True,B2,False,261,,False
2025-04,2025,4,通州区,6.275,shallow,1.0,0.437462,0.437462,0.437462,True,True,B2,False,351,,False
2025-04,2025,4,通州区,6.275,central,1.0,0.437462,0.437462,0.437462,True,True,B2,False,351,,False
2025-04,2025,4,通州区,6.275,deep,1.0,0.437462,0.437462,0.437462,True,True,B2,False,351,,False
2025-04,2025,4,顺义区,17.785,shallow,1.0,0.0,0.0,0.0,True,False,none,False,197,,False
2025-04,2025,4,顺义区,17.785,central,1.0,0.0,0.0,0.0,True,False,none,False,197,,False
2025-04,2025,4,顺义区,17.785,deep,1.0,0.0,0.0,0.0,True,False,none,False,197,,False
2025-04,2025,4,昌平区,13.52,shallow,1.0,0.001292,0.001292,0.001292,True,True,B4,True,475,,False
2025-04,2025,4,昌平区,13.52,central,1.0,0.001292,0.001292,0.001292,True,True,B4,False,475,,False
2025-04,2025,4,昌平区,13.52,deep,1.0,0.043421,0.043421,0.043421,True,True,B3,False,475,,False
2025-04,2025,4,大兴区,12.57,shallow,1.0,0.009993,0.009993,0.009993,True,True,B4,False,790,,False
2025-04,2025,4,大兴区,12.57,central,1.0,0.087487,0.087487,0.087487,True,True,B3,True,790,,False
2025-04,2025,4,大兴区,12.57,deep,1.0,0.087487,0.087487,0.087487,True,True,B3,False,790,,False
2025-04,2025,4,怀柔区,7.2775,shallow,1.0,0.031538,0.031538,0.031538,True,True,B3,True,93,,False
2025-04,2025,4,怀柔区,7.2775,central,1.0,0.387258,0.387258,0.387258,True,True,B2,False,93,,False
2025-04,2025,4,怀柔区,7.2775,deep,1.0,0.387258,0.387258,0.387258,True,True,B2,False,93,,False
2025-04,2025,4,平谷区,19.8125,shallow,1.0,0.0,0.0,0.0,True,False,none,False,17,,False
2025-04,2025,4,平谷区,19.8125,central,1.0,0.0,0.0,0.0,True,False,none,False,17,,False
2025-04,2025,4,平谷区,19.8125,deep,1.0,0.0,0.0,0.0,True,False,none,False,17,,False
2025-04,2025,4,密云区,16.045,shallow,1.0,0.0,0.0,0.0,True,False,none,False,94,,False
2025-04,2025,4,密云区,16.045,central,1.0,0.0,0.0,0.0,True,False,none,False,94,,False
2025-04,2025,4,密云区,16.045,deep,1.0,0.080789,0.080789,0.080789,True,True,B3,True,94,,False
2025-04,2025,4,延庆区,6.4425,shallow,1.0,0.18273799999999998,0.18273799999999998,0.18273799999999998,True,True,B2,False,39,,False
2025-04,2025,4,延庆区,6.4425,central,1.0,0.18273799999999998,0.18273799999999998,0.18273799999999998,True,True,B2,False,39,,False
2025-04,2025,4,延庆区,6.4425,deep,1.0,0.18273799999999998,0.18273799999999998,0.18273799999999998,True,True,B2,False,39,,False
2025-05,2025,5,东城区,13.945,shallow,1.0,0.041934,0.041934,0.041934,True,True,B4,True,126,,False
2025-05,2025,5,东城区,13.945,central,1.0,0.041934,0.041934,0.041934,True,True,B4,False,126,,False
2025-05,2025,5,东城区,13.945,deep,1.0,0.175483,0.175483,0.175483,True,True,B3,False,126,,False
2025-05,2025,5,西城区,12.7,shallow,1.0,0.072026,0.072026,0.072026,True,True,B4,False,122,,False
2025-05,2025,5,西城区,12.7,central,1.0,0.243094,0.243094,0.243094,True,True,B3,True,122,,False
2025-05,2025,5,西城区,12.7,deep,1.0,0.243094,0.243094,0.243094,True,True,B3,False,122,,False
2025-05,2025,5,朝阳区,21.620000000000005,shallow,1.0,0.0,0.0,0.0,True,False,none,False,52,,False
2025-05,2025,5,朝阳区,21.620000000000005,central,1.0,0.0,0.0,0.0,True,False,none,False,52,,False
2025-05,2025,5,朝阳区,21.620000000000005,deep,1.0,0.0023919976080023,0.0023919976080023,0.0023919976080023,True,True,B4,True,52,,False
2025-05,2025,5,海淀区,9.745,shallow,1.0,0.038602,0.038602,0.038602,True,True,B3,False,183,,False
2025-05,2025,5,海淀区,9.745,central,1.0,0.038602,0.038602,0.038602,True,True,B3,False,183,,False
2025-05,2025,5,海淀区,9.745,deep,1.0,0.205963,0.205963,0.205963,True,True,B2,False,183,,False
2025-05,2025,5,丰台区,11.5325,shallow,1.0,0.031784,0.031784,0.031784,True,True,B4,False,246,,False
2025-05,2025,5,丰台区,11.5325,central,1.0,0.17988600000000002,0.17988600000000002,0.17988600000000002,True,True,B3,False,246,,False
2025-05,2025,5,丰台区,11.5325,deep,1.0,0.17988600000000002,0.17988600000000002,0.17988600000000002,True,True,B3,False,246,,False
2025-05,2025,5,石景山区,16.195,shallow,1.0,0.0,0.0,0.0,True,False,none,False,90,,True
2025-05,2025,5,石景山区,16.195,central,1.0,0.036363,0.036363,0.036363,True,True,B4,False,90,,True
2025-05,2025,5,石景山区,16.195,deep,1.0,0.112071,0.112071,0.112071,True,True,B3,True,90,,True
2025-05,2025,5,门头沟区,14.03,shallow,1.0,0.0,0.0,0.0,True,False,none,True,79,,False
2025-05,2025,5,门头沟区,14.03,central,1.0,0.022179,0.022179,0.022179,True,True,B4,False,79,,False
2025-05,2025,5,门头沟区,14.03,deep,1.0,0.250776,0.250776,0.250776,True,True,B3,False,79,,False
2025-05,2025,5,房山区,6.9025,shallow,1.0,0.491026,0.491026,0.491026,True,True,B2,True,261,,False
2025-05,2025,5,房山区,6.9025,central,1.0,0.491026,0.491026,0.491026,True,True,B2,False,261,,False
2025-05,2025,5,房山区,6.9025,deep,1.0,0.491026,0.491026,0.491026,True,True,B2,False,261,,False
2025-05,2025,5,通州区,6.35,shallow,1.0,0.437462,0.437462,0.437462,True,True,B2,False,351,,False
2025-05,2025,5,通州区,6.35,central,1.0,0.437462,0.437462,0.437462,True,True,B2,False,351,,False
2025-05,2025,5,通州区,6.35,deep,1.0,0.437462,0.437462,0.437462,True,True,B2,False,351,,False
2025-05,2025,5,顺义区,18.12,shallow,1.0,0.0,0.0,0.0,True,False,none,False,197,,False
2025-05,2025,5,顺义区,18.12,central,1.0,0.0,0.0,0.0,True,False,none,False,197,,False
2025-05,2025,5,顺义区,18.12,deep,1.0,0.0,0.0,0.0,True,False,none,False,197,,False
2025-05,2025,5,昌平区,13.5075,shallow,1.0,0.001292,0.001292,0.001292,True,True,B4,True,475,,False
2025-05,2025,5,昌平区,13.5075,central,1.0,0.001292,0.001292,0.001292,True,True,B4,False,475,,False
2025-05,2025,5,昌平区,13.5075,deep,1.0,0.043421,0.043421,0.043421,True,True,B3,False,475,,False
2025-05,2025,5,大兴区,12.852825,shallow,1.0,0.009993,0.009993,0.009993,True,True,B4,False,790,,False
2025-05,2025,5,大兴区,12.852825,central,1.0,0.087487,0.087487,0.087487,True,True,B3,True,790,,False
2025-05,2025,5,大兴区,12.852825,deep,1.0,0.087487,0.087487,0.087487,True,True,B3,False,790,,False
2025-05,2025,5,怀柔区,7.335,shallow,1.0,0.031538,0.031538,0.031538,True,True,B3,True,93,,False
2025-05,2025,5,怀柔区,7.335,central,1.0,0.387258,0.387258,0.387258,True,True,B2,False,93,,False
2025-05,2025,5,怀柔区,7.335,deep,1.0,0.387258,0.387258,0.387258,True,True,B2,False,93,,False
2025-05,2025,5,平谷区,20.36,shallow,1.0,0.0,0.0,0.0,True,False,none,False,17,,False
2025-05,2025,5,平谷区,20.36,central,1.0,0.0,0.0,0.0,True,False,none,False,17,,False
2025-05,2025,5,平谷区,20.36,deep,1.0,0.0,0.0,0.0,True,False,none,False,17,,False
2025-05,2025,5,密云区,16.072499999999998,shallow,1.0,0.0,0.0,0.0,True,False,none,False,94,,False
2025-05,2025,5,密云区,16.072499999999998,central,1.0,0.0,0.0,0.0,True,False,none,False,94,,False
2025-05,2025,5,密云区,16.072499999999998,deep,1.0,0.080789,0.080789,0.080789,True,True,B3,True,94,,False
2025-05,2025,5,延庆区,6.3725000000000005,shallow,1.0,0.18273799999999998,0.18273799999999998,0.18273799999999998,True,True,B2,False,39,,False
2025-05,2025,5,延庆区,6.3725000000000005,central,1.0,0.18273799999999998,0.18273799999999998,0.18273799999999998,True,True,B2,False,39,,False
2025-05,2025,5,延庆区,6.3725000000000005,deep,1.0,0.18273799999999998,0.18273799999999998,0.18273799999999998,True,True,B2,False,39,,False
2025-06,2025,6,东城区,14.1175,shallow,1.0,0.0,0.0,0.0,True,False,none,True,126,,False
2025-06,2025,6,东城区,14.1175,central,1.0,0.041934,0.041934,0.041934,True,True,B4,False,126,,False
2025-06,2025,6,东城区,14.1175,deep,1.0,0.175483,0.175483,0.175483,True,True,B3,False,126,,False
2025-06,2025,6,西城区,12.69,shallow,1.0,0.072026,0.072026,0.072026,True,True,B4,False,122,,False
2025-06,2025,6,西城区,12.69,central,1.0,0.243094,0.243094,0.243094,True,True,B3,True,122,,False
2025-06,2025,6,西城区,12.69,deep,1.0,0.243094,0.243094,0.243094,True,True,B3,False,122,,False
2025-06,2025,6,朝阳区,21.8525,shallow,1.0,0.0,0.0,0.0,True,False,none,False,52,,False
2025-06,2025,6,朝阳区,21.8525,central,1.0,0.0,0.0,0.0,True,False,none,False,52,,False
2025-06,2025,6,朝阳区,21.8525,deep,1.0,0.0023919976080023,0.0023919976080023,0.0023919976080023,True,True,B4,True,52,,False
2025-06,2025,6,海淀区,10.0125,shallow,1.0,0.038602,0.038602,0.038602,True,True,B3,True,183,,False
2025-06,2025,6,海淀区,10.0125,central,1.0,0.038602,0.038602,0.038602,True,True,B3,False,183,,False
2025-06,2025,6,海淀区,10.0125,deep,1.0,0.205963,0.205963,0.205963,True,True,B2,False,183,,False
2025-06,2025,6,丰台区,11.5175,shallow,1.0,0.031784,0.031784,0.031784,True,True,B4,False,246,,False
2025-06,2025,6,丰台区,11.5175,central,1.0,0.17988600000000002,0.17988600000000002,0.17988600000000002,True,True,B3,False,246,,False
2025-06,2025,6,丰台区,11.5175,deep,1.0,0.17988600000000002,0.17988600000000002,0.17988600000000002,True,True,B3,False,246,,False
2025-06,2025,6,石景山区,15.3375,shallow,1.0,0.0,0.0,0.0,True,False,none,False,90,,True
2025-06,2025,6,石景山区,15.3375,central,1.0,0.036363,0.036363,0.036363,True,True,B4,False,90,,True
2025-06,2025,6,石景山区,15.3375,deep,1.0,0.112071,0.112071,0.112071,True,True,B3,False,90,,True
2025-06,2025,6,门头沟区,13.5025,shallow,1.0,0.022179,0.022179,0.022179,True,True,B4,True,79,,False
2025-06,2025,6,门头沟区,13.5025,central,1.0,0.022179,0.022179,0.022179,True,True,B4,False,79,,False
2025-06,2025,6,门头沟区,13.5025,deep,1.0,0.250776,0.250776,0.250776,True,True,B3,False,79,,False
2025-06,2025,6,房山区,7.13,shallow,1.0,0.09858,0.09858,0.09858,True,True,B3,True,261,,False
2025-06,2025,6,房山区,7.13,central,1.0,0.491026,0.491026,0.491026,True,True,B2,False,261,,False
2025-06,2025,6,房山区,7.13,deep,1.0,0.491026,0.491026,0.491026,True,True,B2,False,261,,False
2025-06,2025,6,通州区,6.7275,shallow,1.0,0.437462,0.437462,0.437462,True,True,B2,True,351,,False
2025-06,2025,6,通州区,6.7275,central,1.0,0.437462,0.437462,0.437462,True,True,B2,False,351,,False
2025-06,2025,6,通州区,6.7275,deep,1.0,0.437462,0.437462,0.437462,True,True,B2,False,351,,False
2025-06,2025,6,顺义区,18.185,shallow,1.0,0.0,0.0,0.0,True,False,none,False,197,,False
2025-06,2025,6,顺义区,18.185,central,1.0,0.0,0.0,0.0,True,False,none,False,197,,False
2025-06,2025,6,顺义区,18.185,deep,1.0,0.0,0.0,0.0,True,False,none,False,197,,False
2025-06,2025,6,昌平区,13.71,shallow,1.0,0.001292,0.001292,0.001292,True,True,B4,True,475,,False
2025-06,2025,6,昌平区,13.71,central,1.0,0.001292,0.001292,0.001292,True,True,B4,False,475,,False
2025-06,2025,6,昌平区,13.71,deep,1.0,0.043421,0.043421,0.043421,True,True,B3,False,475,,False
2025-06,2025,6,大兴区,12.8725,shallow,1.0,0.009993,0.009993,0.009993,True,True,B4,False,790,,False
2025-06,2025,6,大兴区,12.8725,central,1.0,0.087487,0.087487,0.087487,True,True,B3,True,790,,False
2025-06,2025,6,大兴区,12.8725,deep,1.0,0.087487,0.087487,0.087487,True,True,B3,False,790,,False
2025-06,2025,6,怀柔区,7.4675,shallow,1.0,0.031538,0.031538,0.031538,True,True,B3,True,93,,False
2025-06,2025,6,怀柔区,7.4675,central,1.0,0.387258,0.387258,0.387258,True,True,B2,False,93,,False
2025-06,2025,6,怀柔区,7.4675,deep,1.0,0.387258,0.387258,0.387258,True,True,B2,False,93,,False
2025-06,2025,6,平谷区,21.15,shallow,1.0,0.0,0.0,0.0,True,False,none,False,17,,False
2025-06,2025,6,平谷区,21.15,central,1.0,0.0,0.0,0.0,True,False,none,False,17,,False
2025-06,2025,6,平谷区,21.15,deep,1.0,0.0,0.0,0.0,True,False,none,False,17,,False
2025-06,2025,6,密云区,16.165,shallow,1.0,0.0,0.0,0.0,True,False,none,False,94,,False
2025-06,2025,6,密云区,16.165,central,1.0,0.0,0.0,0.0,True,False,none,False,94,,False
2025-06,2025,6,密云区,16.165,deep,1.0,0.080789,0.080789,0.080789,True,True,B3,True,94,,False
2025-06,2025,6,延庆区,6.585,shallow,1.0,0.18273799999999998,0.18273799999999998,0.18273799999999998,True,True,B2,True,39,,False
2025-06,2025,6,延庆区,6.585,central,1.0,0.18273799999999998,0.18273799999999998,0.18273799999999998,True,True,B2,False,39,,False
2025-06,2025,6,延庆区,6.585,deep,1.0,0.18273799999999998,0.18273799999999998,0.18273799999999998,True,True,B2,False,39,,False
2025-07,2025,7,东城区,13.9525,shallow,1.0,0.041934,0.041934,0.041934,True,True,B4,True,126,,False
2025-07,2025,7,东城区,13.9525,central,1.0,0.041934,0.041934,0.041934,True,True,B4,False,126,,False
2025-07,2025,7,东城区,13.9525,deep,1.0,0.175483,0.175483,0.175483,True,True,B3,False,126,,False
2025-07,2025,7,西城区,12.6125,shallow,1.0,0.072026,0.072026,0.072026,True,True,B4,False,122,,False
2025-07,2025,7,西城区,12.6125,central,1.0,0.243094,0.243094,0.243094,True,True,B3,True,122,,False
2025-07,2025,7,西城区,12.6125,deep,1.0,0.243094,0.243094,0.243094,True,True,B3,False,122,,False
2025-07,2025,7,朝阳区,21.3125,shallow,1.0,0.0,0.0,0.0,True,False,none,False,52,,False
2025-07,2025,7,朝阳区,21.3125,central,1.0,0.0,0.0,0.0,True,False,none,False,52,,False
2025-07,2025,7,朝阳区,21.3125,deep,1.0,0.0023919976080023,0.0023919976080023,0.0023919976080023,True,True,B4,False,52,,False
2025-07,2025,7,海淀区,9.5475,shallow,1.0,0.038602,0.038602,0.038602,True,True,B3,False,183,,False
2025-07,2025,7,海淀区,9.5475,central,1.0,0.038602,0.038602,0.038602,True,True,B3,False,183,,False
2025-07,2025,7,海淀区,9.5475,deep,1.0,0.205963,0.205963,0.205963,True,True,B2,False,183,,False
2025-07,2025,7,丰台区,11.3775,shallow,1.0,0.031784,0.031784,0.031784,True,True,B4,False,246,,False
2025-07,2025,7,丰台区,11.3775,central,1.0,0.17988600000000002,0.17988600000000002,0.17988600000000002,True,True,B3,False,246,,False
2025-07,2025,7,丰台区,11.3775,deep,1.0,0.17988600000000002,0.17988600000000002,0.17988600000000002,True,True,B3,True,246,,False
2025-07,2025,7,石景山区,15.0575,shallow,1.0,0.0,0.0,0.0,True,False,none,False,90,,True
2025-07,2025,7,石景山区,15.0575,central,1.0,0.036363,0.036363,0.036363,True,True,B4,False,90,,True
2025-07,2025,7,石景山区,15.0575,deep,1.0,0.112071,0.112071,0.112071,True,True,B3,False,90,,True
2025-07,2025,7,门头沟区,13.62,shallow,1.0,0.022179,0.022179,0.022179,True,True,B4,True,79,,False
2025-07,2025,7,门头沟区,13.62,central,1.0,0.022179,0.022179,0.022179,True,True,B4,False,79,,False
2025-07,2025,7,门头沟区,13.62,deep,1.0,0.250776,0.250776,0.250776,True,True,B3,False,79,,False
2025-07,2025,7,房山区,6.4075,shallow,1.0,0.491026,0.491026,0.491026,True,True,B2,False,261,,False
2025-07,2025,7,房山区,6.4075,central,1.0,0.491026,0.491026,0.491026,True,True,B2,False,261,,False
2025-07,2025,7,房山区,6.4075,deep,1.0,0.491026,0.491026,0.491026,True,True,B2,False,261,,False
2025-07,2025,7,通州区,6.535,shallow,1.0,0.437462,0.437462,0.437462,True,True,B2,True,351,,False
2025-07,2025,7,通州区,6.535,central,1.0,0.437462,0.437462,0.437462,True,True,B2,False,351,,False
2025-07,2025,7,通州区,6.535,deep,1.0,0.437462,0.437462,0.437462,True,True,B2,False,351,,False
2025-07,2025,7,顺义区,17.3825,shallow,1.0,0.0,0.0,0.0,True,False,none,False,197,,False
2025-07,2025,7,顺义区,17.3825,central,1.0,0.0,0.0,0.0,True,False,none,False,197,,False
2025-07,2025,7,顺义区,17.3825,deep,1.0,0.0,0.0,0.0,True,False,none,False,197,,False
2025-07,2025,7,昌平区,13.28,shallow,1.0,0.001292,0.001292,0.001292,True,True,B4,False,475,,False
2025-07,2025,7,昌平区,13.28,central,1.0,0.001292,0.001292,0.001292,True,True,B4,True,475,,False
2025-07,2025,7,昌平区,13.28,deep,1.0,0.043421,0.043421,0.043421,True,True,B3,False,475,,False
2025-07,2025,7,大兴区,12.045,shallow,1.0,0.009993,0.009993,0.009993,True,True,B4,False,790,,False
2025-07,2025,7,大兴区,12.045,central,1.0,0.087487,0.087487,0.087487,True,True,B3,False,790,,False
2025-07,2025,7,大兴区,12.045,deep,1.0,0.087487,0.087487,0.087487,True,True,B3,False,790,,False
2025-07,2025,7,怀柔区,6.8950000000000005,shallow,1.0,0.387258,0.387258,0.387258,True,True,B2,True,93,,False
2025-07,2025,7,怀柔区,6.8950000000000005,central,1.0,0.387258,0.387258,0.387258,True,True,B2,False,93,,False
2025-07,2025,7,怀柔区,6.8950000000000005,deep,1.0,0.387258,0.387258,0.387258,True,True,B2,False,93,,False
2025-07,2025,7,平谷区,21.2225,shallow,1.0,0.0,0.0,0.0,True,False,none,False,17,,False
2025-07,2025,7,平谷区,21.2225,central,1.0,0.0,0.0,0.0,True,False,none,False,17,,False
2025-07,2025,7,平谷区,21.2225,deep,1.0,0.0,0.0,0.0,True,False,none,False,17,,False
2025-07,2025,7,密云区,16.12,shallow,1.0,0.0,0.0,0.0,True,False,none,False,94,,False
2025-07,2025,7,密云区,16.12,central,1.0,0.0,0.0,0.0,True,False,none,False,94,,False
2025-07,2025,7,密云区,16.12,deep,1.0,0.080789,0.080789,0.080789,True,True,B3,True,94,,False
2025-07,2025,7,延庆区,6.795,shallow,1.0,0.18273799999999998,0.18273799999999998,0.18273799999999998,True,True,B2,True,39,,False
2025-07,2025,7,延庆区,6.795,central,1.0,0.18273799999999998,0.18273799999999998,0.18273799999999998,True,True,B2,False,39,,False
2025-07,2025,7,延庆区,6.795,deep,1.0,0.18273799999999998,0.18273799999999998,0.18273799999999998,True,True,B2,False,39,,False
2025-08,2025,8,东城区,13.6275,shallow,1.0,0.041934,0.041934,0.041934,True,True,B4,True,126,,False
2025-08,2025,8,东城区,13.6275,central,1.0,0.041934,0.041934,0.041934,True,True,B4,False,126,,False
2025-08,2025,8,东城区,13.6275,deep,1.0,0.175483,0.175483,0.175483,True,True,B3,False,126,,False
2025-08,2025,8,西城区,12.337500000000002,shallow,1.0,0.072026,0.072026,0.072026,True,True,B4,False,122,,False
2025-08,2025,8,西城区,12.337500000000002,central,1.0,0.243094,0.243094,0.243094,True,True,B3,False,122,,False
2025-08,2025,8,西城区,12.337500000000002,deep,1.0,0.243094,0.243094,0.243094,True,True,B3,False,122,,False
2025-08,2025,8,朝阳区,20.5725,shallow,1.0,0.0,0.0,0.0,True,False,none,False,52,,False
2025-08,2025,8,朝阳区,20.5725,central,1.0,0.0,0.0,0.0,True,False,none,False,52,,False
2025-08,2025,8,朝阳区,20.5725,deep,1.0,0.0023919976080023,0.0023919976080023,0.0023919976080023,True,True,B4,False,52,,False
2025-08,2025,8,海淀区,8.944999999999999,shallow,1.0,0.038602,0.038602,0.038602,True,True,B3,False,183,,False
2025-08,2025,8,海淀区,8.944999999999999,central,1.0,0.205963,0.205963,0.205963,True,True,B2,True,183,,False
2025-08,2025,8,海淀区,8.944999999999999,deep,1.0,0.205963,0.205963,0.205963,True,True,B2,False,183,,False
2025-08,2025,8,丰台区,10.8525,shallow,1.0,0.031784,0.031784,0.031784,True,True,B4,True,246,,False
2025-08,2025,8,丰台区,10.8525,central,1.0,0.17988600000000002,0.17988600000000002,0.17988600000000002,True,True,B3,False,246,,False
2025-08,2025,8,丰台区,10.8525,deep,1.0,0.5030020000000001,0.5030020000000001,0.5030020000000001,True,True,B2,True,246,,False
2025-08,2025,8,石景山区,14.402500000000002,shallow,1.0,0.0,0.0,0.0,True,False,none,True,90,,True
2025-08,2025,8,石景山区,14.402500000000002,central,1.0,0.036363,0.036363,0.036363,True,True,B4,False,90,,True
2025-08,2025,8,石景山区,14.402500000000002,deep,1.0,0.112071,0.112071,0.112071,True,True,B3,False,90,,True
2025-08,2025,8,门头沟区,13.2125,shallow,1.0,0.022179,0.022179,0.022179,True,True,B4,False,79,,False
2025-08,2025,8,门头沟区,13.2125,central,1.0,0.022179,0.022179,0.022179,True,True,B4,True,79,,False
2025-08,2025,8,门头沟区,13.2125,deep,1.0,0.250776,0.250776,0.250776,True,True,B3,False,79,,False
2025-08,2025,8,房山区,4.8225,shallow,1.0,0.491026,0.491026,0.491026,True,True,B2,False,261,,False
2025-08,2025,8,房山区,4.8225,central,1.0,1.0,1.0,1.0,True,True,B1,True,261,,False
2025-08,2025,8,房山区,4.8225,deep,1.0,1.0,1.0,1.0,True,True,B1,False,261,,False
2025-08,2025,8,通州区,5.807499999999999,shallow,1.0,0.437462,0.437462,0.437462,True,True,B2,False,351,,False
2025-08,2025,8,通州区,5.807499999999999,central,1.0,0.437462,0.437462,0.437462,True,True,B2,False,351,,False
2025-08,2025,8,通州区,5.807499999999999,deep,1.0,0.437462,0.437462,0.437462,True,True,B2,True,351,,False
2025-08,2025,8,顺义区,15.7575,shallow,1.0,0.0,0.0,0.0,True,False,none,False,197,,False
2025-08,2025,8,顺义区,15.7575,central,1.0,0.0,0.0,0.0,True,False,none,False,197,,False
2025-08,2025,8,顺义区,15.7575,deep,1.0,0.01786,0.01786,0.01786,True,True,B3,False,197,,False
2025-08,2025,8,昌平区,12.395,shallow,1.0,0.001292,0.001292,0.001292,True,True,B4,False,475,,False
2025-08,2025,8,昌平区,12.395,central,1.0,0.043421,0.043421,0.043421,True,True,B3,False,475,,False
2025-08,2025,8,昌平区,12.395,deep,1.0,0.043421,0.043421,0.043421,True,True,B3,False,475,,False
2025-08,2025,8,大兴区,10.9975,shallow,1.0,0.009993,0.009993,0.009993,True,True,B4,True,790,,False
2025-08,2025,8,大兴区,10.9975,central,1.0,0.087487,0.087487,0.087487,True,True,B3,False,790,,False
2025-08,2025,8,大兴区,10.9975,deep,1.0,0.475109,0.475109,0.475109,True,True,B2,True,790,,False
2025-08,2025,8,怀柔区,5.82,shallow,1.0,0.387258,0.387258,0.387258,True,True,B2,False,93,,False
2025-08,2025,8,怀柔区,5.82,central,1.0,0.387258,0.387258,0.387258,True,True,B2,False,93,,False
2025-08,2025,8,怀柔区,5.82,deep,1.0,0.387258,0.387258,0.387258,True,True,B2,True,93,,False
2025-08,2025,8,平谷区,14.53,shallow,1.0,0.0,0.0,0.0,True,False,none,False,17,,False
2025-08,2025,8,平谷区,14.53,central,1.0,0.0,0.0,0.0,True,False,none,False,17,,False
2025-08,2025,8,平谷区,14.53,deep,1.0,0.13624,0.13624,0.13624,True,True,B3,False,17,,False
2025-08,2025,8,密云区,13.35,shallow,1.0,0.0,0.0,0.0,True,False,none,False,94,,False
2025-08,2025,8,密云区,13.35,central,1.0,0.0,0.0,0.0,True,False,none,True,94,,False
2025-08,2025,8,密云区,13.35,deep,1.0,0.080789,0.080789,0.080789,True,True,B3,False,94,,False
2025-08,2025,8,延庆区,5.9025,shallow,1.0,0.18273799999999998,0.18273799999999998,0.18273799999999998,True,True,B2,False,39,,False
2025-08,2025,8,延庆区,5.9025,central,1.0,0.18273799999999998,0.18273799999999998,0.18273799999999998,True,True,B2,False,39,,False
2025-08,2025,8,延庆区,5.9025,deep,1.0,0.18273799999999998,0.18273799999999998,0.18273799999999998,True,True,B2,True,39,,False
2025-09,2025,9,东城区,13.21,shallow,1.0,0.041934,0.041934,0.041934,True,True,B4,False,126,,False
2025-09,2025,9,东城区,13.21,central,1.0,0.041934,0.041934,0.041934,True,True,B4,True,126,,False
2025-09,2025,9,东城区,13.21,deep,1.0,0.175483,0.175483,0.175483,True,True,B3,False,126,,False
2025-09,2025,9,西城区,12.037499999999998,shallow,1.0,0.072026,0.072026,0.072026,True,True,B4,False,122,,False
2025-09,2025,9,西城区,12.037499999999998,central,1.0,0.243094,0.243094,0.243094,True,True,B3,False,122,,False
2025-09,2025,9,西城区,12.037499999999998,deep,1.0,0.243094,0.243094,0.243094,True,True,B3,False,122,,False
2025-09,2025,9,朝阳区,20.025,shallow,1.0,0.0,0.0,0.0,True,False,none,False,52,,False
2025-09,2025,9,朝阳区,20.025,central,1.0,0.0,0.0,0.0,True,False,none,False,52,,False
2025-09,2025,9,朝阳区,20.025,deep,1.0,0.0023919976080023,0.0023919976080023,0.0023919976080023,True,True,B4,False,52,,False
2025-09,2025,9,海淀区,8.545000000000002,shallow,1.0,0.038602,0.038602,0.038602,True,True,B3,False,183,,False
2025-09,2025,9,海淀区,8.545000000000002,central,1.0,0.205963,0.205963,0.205963,True,True,B2,True,183,,False
2025-09,2025,9,海淀区,8.545000000000002,deep,1.0,0.205963,0.205963,0.205963,True,True,B2,False,183,,False
2025-09,2025,9,丰台区,10.3875,shallow,1.0,0.17988600000000002,0.17988600000000002,0.17988600000000002,True,True,B3,True,246,,False
2025-09,2025,9,丰台区,10.3875,central,1.0,0.17988600000000002,0.17988600000000002,0.17988600000000002,True,True,B3,False,246,,False
2025-09,2025,9,丰台区,10.3875,deep,1.0,0.5030020000000001,0.5030020000000001,0.5030020000000001,True,True,B2,False,246,,False
2025-09,2025,9,石景山区,13.03,shallow,1.0,0.036363,0.036363,0.036363,True,True,B4,False,90,,True
2025-09,2025,9,石景山区,13.03,central,1.0,0.036363,0.036363,0.036363,True,True,B4,True,90,,True
2025-09,2025,9,石景山区,13.03,deep,1.0,0.112071,0.112071,0.112071,True,True,B3,False,90,,True
2025-09,2025,9,门头沟区,12.26,shallow,1.0,0.022179,0.022179,0.022179,True,True,B4,False,79,,False
2025-09,2025,9,门头沟区,12.26,central,1.0,0.250776,0.250776,0.250776,True,True,B3,False,79,,False
2025-09,2025,9,门头沟区,12.26,deep,1.0,0.250776,0.250776,0.250776,True,True,B3,False,79,,False
2025-09,2025,9,房山区,4.785,shallow,1.0,0.491026,0.491026,0.491026,True,True,B2,False,261,,False
2025-09,2025,9,房山区,4.785,central,1.0,1.0,1.0,1.0,True,True,B1,True,261,,False
2025-09,2025,9,房山区,4.785,deep,1.0,1.0,1.0,1.0,True,True,B1,False,261,,False
2025-09,2025,9,通州区,5.2775,shallow,1.0,0.437462,0.437462,0.437462,True,True,B2,False,351,,False
2025-09,2025,9,通州区,5.2775,central,1.0,0.437462,0.437462,0.437462,True,True,B2,True,351,,False
2025-09,2025,9,通州区,5.2775,deep,1.0,1.0,1.0,1.0,True,True,B1,True,351,,False
2025-09,2025,9,顺义区,15.35,shallow,1.0,0.0,0.0,0.0,True,False,none,False,197,,False
2025-09,2025,9,顺义区,15.35,central,1.0,0.0,0.0,0.0,True,False,none,False,197,,False
2025-09,2025,9,顺义区,15.35,deep,1.0,0.01786,0.01786,0.01786,True,True,B3,False,197,,False
2025-09,2025,9,昌平区,11.9,shallow,1.0,0.001292,0.001292,0.001292,True,True,B4,False,475,,False
2025-09,2025,9,昌平区,11.9,central,1.0,0.043421,0.043421,0.043421,True,True,B3,False,475,,False
2025-09,2025,9,昌平区,11.9,deep,1.0,0.043421,0.043421,0.043421,True,True,B3,False,475,,False
2025-09,2025,9,大兴区,10.3375,shallow,1.0,0.087487,0.087487,0.087487,True,True,B3,True,790,,False
2025-09,2025,9,大兴区,10.3375,central,1.0,0.087487,0.087487,0.087487,True,True,B3,False,790,,False
2025-09,2025,9,大兴区,10.3375,deep,1.0,0.475109,0.475109,0.475109,True,True,B2,False,790,,False
2025-09,2025,9,怀柔区,5.807499999999999,shallow,1.0,0.387258,0.387258,0.387258,True,True,B2,False,93,,False
2025-09,2025,9,怀柔区,5.807499999999999,central,1.0,0.387258,0.387258,0.387258,True,True,B2,False,93,,False
2025-09,2025,9,怀柔区,5.807499999999999,deep,1.0,0.387258,0.387258,0.387258,True,True,B2,True,93,,False
2025-09,2025,9,平谷区,13.045000000000002,shallow,1.0,0.0,0.0,0.0,True,False,none,False,17,,False
2025-09,2025,9,平谷区,13.045000000000002,central,1.0,0.0,0.0,0.0,True,False,none,True,17,,False
2025-09,2025,9,平谷区,13.045000000000002,deep,1.0,0.13624,0.13624,0.13624,True,True,B3,False,17,,False
2025-09,2025,9,密云区,12.605,shallow,1.0,0.0,0.0,0.0,True,False,none,False,94,,False
2025-09,2025,9,密云区,12.605,central,1.0,0.080789,0.080789,0.080789,True,True,B3,True,94,,False
2025-09,2025,9,密云区,12.605,deep,1.0,0.080789,0.080789,0.080789,True,True,B3,False,94,,False
2025-09,2025,9,延庆区,5.1175,shallow,1.0,0.18273799999999998,0.18273799999999998,0.18273799999999998,True,True,B2,False,39,,False
2025-09,2025,9,延庆区,5.1175,central,1.0,0.18273799999999998,0.18273799999999998,0.18273799999999998,True,True,B2,True,39,,False
2025-09,2025,9,延庆区,5.1175,deep,1.0,1.0,1.0,1.0,True,True,B1,True,39,,False
2025-10,2025,10,东城区,12.92,shallow,1.0,0.041934,0.041934,0.041934,True,True,B4,False,126,,False
2025-10,2025,10,东城区,12.92,central,1.0,0.175483,0.175483,0.175483,True,True,B3,True,126,,False
2025-10,2025,10,东城区,12.92,deep,1.0,0.175483,0.175483,0.175483,True,True,B3,False,126,,False
2025-10,2025,10,西城区,11.84,shallow,1.0,0.072026,0.072026,0.072026,True,True,B4,False,122,,False
2025-10,2025,10,西城区,11.84,central,1.0,0.243094,0.243094,0.243094,True,True,B3,False,122,,False
2025-10,2025,10,西城区,11.84,deep,1.0,0.243094,0.243094,0.243094,True,True,B3,False,122,,False
2025-10,2025,10,朝阳区,19.495,shallow,1.0,0.0,0.0,0.0,True,False,none,False,52,,False
2025-10,2025,10,朝阳区,19.495,central,1.0,0.0,0.0,0.0,True,False,none,False,52,,False
2025-10,2025,10,朝阳区,19.495,deep,1.0,0.0023919976080023,0.0023919976080023,0.0023919976080023,True,True,B4,False,52,,False
2025-10,2025,10,海淀区,8.3475,shallow,1.0,0.038602,0.038602,0.038602,True,True,B3,False,183,,False
2025-10,2025,10,海淀区,8.3475,central,1.0,0.205963,0.205963,0.205963,True,True,B2,False,183,,False
2025-10,2025,10,海淀区,8.3475,deep,1.0,0.205963,0.205963,0.205963,True,True,B2,False,183,,False
2025-10,2025,10,丰台区,10.45,shallow,1.0,0.17988600000000002,0.17988600000000002,0.17988600000000002,True,True,B3,True,246,,False
2025-10,2025,10,丰台区,10.45,central,1.0,0.17988600000000002,0.17988600000000002,0.17988600000000002,True,True,B3,False,246,,False
2025-10,2025,10,丰台区,10.45,deep,1.0,0.5030020000000001,0.5030020000000001,0.5030020000000001,True,True,B2,False,246,,False
2025-10,2025,10,石景山区,13.5125,shallow,1.0,0.036363,0.036363,0.036363,True,True,B4,True,90,,True
2025-10,2025,10,石景山区,13.5125,central,1.0,0.036363,0.036363,0.036363,True,True,B4,False,90,,True
2025-10,2025,10,石景山区,13.5125,deep,1.0,0.112071,0.112071,0.112071,True,True,B3,False,90,,True
2025-10,2025,10,门头沟区,12.5725,shallow,1.0,0.022179,0.022179,0.022179,True,True,B4,False,79,,False
2025-10,2025,10,门头沟区,12.5725,central,1.0,0.250776,0.250776,0.250776,True,True,B3,True,79,,False
2025-10,2025,10,门头沟区,12.5725,deep,1.0,0.250776,0.250776,0.250776,True,True,B3,False,79,,False
2025-10,2025,10,房山区,4.664499999999999,shallow,1.0,0.491026,0.491026,0.491026,True,True,B2,False,261,,False
2025-10,2025,10,房山区,4.664499999999999,central,1.0,1.0,1.0,1.0,True,True,B1,True,261,,False
2025-10,2025,10,房山区,4.664499999999999,deep,1.0,1.0,1.0,1.0,True,True,B1,False,261,,False
2025-10,2025,10,通州区,5.045,shallow,1.0,0.437462,0.437462,0.437462,True,True,B2,False,351,,False
2025-10,2025,10,通州区,5.045,central,1.0,0.437462,0.437462,0.437462,True,True,B2,True,351,,False
2025-10,2025,10,通州区,5.045,deep,1.0,1.0,1.0,1.0,True,True,B1,True,351,,False
2025-10,2025,10,顺义区,14.7925,shallow,1.0,0.0,0.0,0.0,True,False,none,False,197,,False
2025-10,2025,10,顺义区,14.7925,central,1.0,0.0,0.0,0.0,True,False,none,False,197,,False
2025-10,2025,10,顺义区,14.7925,deep,1.0,0.01786,0.01786,0.01786,True,True,B3,False,197,,False
2025-10,2025,10,昌平区,11.465,shallow,1.0,0.001292,0.001292,0.001292,True,True,B4,False,475,,False
2025-10,2025,10,昌平区,11.465,central,1.0,0.043421,0.043421,0.043421,True,True,B3,False,475,,False
2025-10,2025,10,昌平区,11.465,deep,1.0,0.043421,0.043421,0.043421,True,True,B3,True,475,,False
2025-10,2025,10,大兴区,9.8275,shallow,1.0,0.087487,0.087487,0.087487,True,True,B3,False,790,,False
2025-10,2025,10,大兴区,9.8275,central,1.0,0.087487,0.087487,0.087487,True,True,B3,False,790,,False
2025-10,2025,10,大兴区,9.8275,deep,1.0,0.475109,0.475109,0.475109,True,True,B2,False,790,,False
2025-10,2025,10,怀柔区,6.0575,shallow,1.0,0.387258,0.387258,0.387258,True,True,B2,False,93,,False
2025-10,2025,10,怀柔区,6.0575,central,1.0,0.387258,0.387258,0.387258,True,True,B2,False,93,,False
2025-10,2025,10,怀柔区,6.0575,deep,1.0,0.387258,0.387258,0.387258,True,True,B2,False,93,,False
2025-10,2025,10,平谷区,13.4125,shallow,1.0,0.0,0.0,0.0,True,False,none,False,17,,False
2025-10,2025,10,平谷区,13.4125,central,1.0,0.0,0.0,0.0,True,False,none,True,17,,False
2025-10,2025,10,平谷区,13.4125,deep,1.0,0.13624,0.13624,0.13624,True,True,B3,False,17,,False
2025-10,2025,10,密云区,12.925,shallow,1.0,0.0,0.0,0.0,True,False,none,False,94,,False
2025-10,2025,10,密云区,12.925,central,1.0,0.080789,0.080789,0.080789,True,True,B3,True,94,,False
2025-10,2025,10,密云区,12.925,deep,1.0,0.080789,0.080789,0.080789,True,True,B3,False,94,,False
2025-10,2025,10,延庆区,4.71,shallow,1.0,0.18273799999999998,0.18273799999999998,0.18273799999999998,True,True,B2,False,39,,False
2025-10,2025,10,延庆区,4.71,central,1.0,1.0,1.0,1.0,True,True,B1,True,39,,False
2025-10,2025,10,延庆区,4.71,deep,1.0,1.0,1.0,1.0,True,True,B1,False,39,,False
2025-11,2025,11,东城区,12.8875,shallow,1.0,0.041934,0.041934,0.041934,True,True,B4,False,126,,False
2025-11,2025,11,东城区,12.8875,central,1.0,0.175483,0.175483,0.175483,True,True,B3,True,126,,False
2025-11,2025,11,东城区,12.8875,deep,1.0,0.175483,0.175483,0.175483,True,True,B3,False,126,,False
2025-11,2025,11,西城区,11.677499999999998,shallow,1.0,0.072026,0.072026,0.072026,True,True,B4,False,122,,False
2025-11,2025,11,西城区,11.677499999999998,central,1.0,0.243094,0.243094,0.243094,True,True,B3,False,122,,False
2025-11,2025,11,西城区,11.677499999999998,deep,1.0,0.243094,0.243094,0.243094,True,True,B3,False,122,,False
2025-11,2025,11,朝阳区,19.2175,shallow,1.0,0.0,0.0,0.0,True,False,none,False,52,,False
2025-11,2025,11,朝阳区,19.2175,central,1.0,0.0,0.0,0.0,True,False,none,False,52,,False
2025-11,2025,11,朝阳区,19.2175,deep,1.0,0.0023919976080023,0.0023919976080023,0.0023919976080023,True,True,B4,False,52,,False
2025-11,2025,11,海淀区,8.25,shallow,1.0,0.038602,0.038602,0.038602,True,True,B3,False,183,,False
2025-11,2025,11,海淀区,8.25,central,1.0,0.205963,0.205963,0.205963,True,True,B2,False,183,,False
2025-11,2025,11,海淀区,8.25,deep,1.0,0.205963,0.205963,0.205963,True,True,B2,False,183,,False
2025-11,2025,11,丰台区,10.655,shallow,1.0,0.031784,0.031784,0.031784,True,True,B4,True,246,,False
2025-11,2025,11,丰台区,10.655,central,1.0,0.17988600000000002,0.17988600000000002,0.17988600000000002,True,True,B3,False,246,,False
2025-11,2025,11,丰台区,10.655,deep,1.0,0.5030020000000001,0.5030020000000001,0.5030020000000001,True,True,B2,True,246,,False
2025-11,2025,11,石景山区,15.0625,shallow,1.0,0.0,0.0,0.0,True,False,none,False,90,,True
2025-11,2025,11,石景山区,15.0625,central,1.0,0.036363,0.036363,0.036363,True,True,B4,False,90,,True
2025-11,2025,11,石景山区,15.0625,deep,1.0,0.112071,0.112071,0.112071,True,True,B3,False,90,,True
2025-11,2025,11,门头沟区,13.9225,shallow,1.0,0.022179,0.022179,0.022179,True,True,B4,True,79,,False
2025-11,2025,11,门头沟区,13.9225,central,1.0,0.022179,0.022179,0.022179,True,True,B4,False,79,,False
2025-11,2025,11,门头沟区,13.9225,deep,1.0,0.250776,0.250776,0.250776,True,True,B3,False,79,,False
2025-11,2025,11,房山区,4.765499999999999,shallow,1.0,0.491026,0.491026,0.491026,True,True,B2,False,261,,False
2025-11,2025,11,房山区,4.765499999999999,central,1.0,1.0,1.0,1.0,True,True,B1,True,261,,False
2025-11,2025,11,房山区,4.765499999999999,deep,1.0,1.0,1.0,1.0,True,True,B1,False,261,,False
2025-11,2025,11,通州区,5.1825,shallow,1.0,0.437462,0.437462,0.437462,True,True,B2,False,351,,False
2025-11,2025,11,通州区,5.1825,central,1.0,0.437462,0.437462,0.437462,True,True,B2,True,351,,False
2025-11,2025,11,通州区,5.1825,deep,1.0,1.0,1.0,1.0,True,True,B1,True,351,,False
2025-11,2025,11,顺义区,15.1675,shallow,1.0,0.0,0.0,0.0,True,False,none,False,197,,False
2025-11,2025,11,顺义区,15.1675,central,1.0,0.0,0.0,0.0,True,False,none,False,197,,False
2025-11,2025,11,顺义区,15.1675,deep,1.0,0.01786,0.01786,0.01786,True,True,B3,False,197,,False
2025-11,2025,11,昌平区,11.05,shallow,1.0,0.001292,0.001292,0.001292,True,True,B4,False,475,,False
2025-11,2025,11,昌平区,11.05,central,1.0,0.043421,0.043421,0.043421,True,True,B3,False,475,,False
2025-11,2025,11,昌平区,11.05,deep,1.0,0.043421,0.043421,0.043421,True,True,B3,True,475,,False
2025-11,2025,11,大兴区,9.6,shallow,1.0,0.087487,0.087487,0.087487,True,True,B3,False,790,,False
2025-11,2025,11,大兴区,9.6,central,1.0,0.087487,0.087487,0.087487,True,True,B3,False,790,,False
2025-11,2025,11,大兴区,9.6,deep,1.0,0.475109,0.475109,0.475109,True,True,B2,False,790,,False
2025-11,2025,11,怀柔区,6.2275,shallow,1.0,0.387258,0.387258,0.387258,True,True,B2,False,93,,False
2025-11,2025,11,怀柔区,6.2275,central,1.0,0.387258,0.387258,0.387258,True,True,B2,False,93,,False
2025-11,2025,11,怀柔区,6.2275,deep,1.0,0.387258,0.387258,0.387258,True,True,B2,False,93,,False
2025-11,2025,11,平谷区,14.4375,shallow,1.0,0.0,0.0,0.0,True,False,none,False,17,,False
2025-11,2025,11,平谷区,14.4375,central,1.0,0.0,0.0,0.0,True,False,none,False,17,,False
2025-11,2025,11,平谷区,14.4375,deep,1.0,0.13624,0.13624,0.13624,True,True,B3,False,17,,False
2025-11,2025,11,密云区,13.215,shallow,1.0,0.0,0.0,0.0,True,False,none,False,94,,False
2025-11,2025,11,密云区,13.215,central,1.0,0.0,0.0,0.0,True,False,none,True,94,,False
2025-11,2025,11,密云区,13.215,deep,1.0,0.080789,0.080789,0.080789,True,True,B3,False,94,,False
2025-11,2025,11,延庆区,4.475,shallow,1.0,0.18273799999999998,0.18273799999999998,0.18273799999999998,True,True,B2,False,39,,False
2025-11,2025,11,延庆区,4.475,central,1.0,1.0,1.0,1.0,True,True,B1,False,39,,False
2025-11,2025,11,延庆区,4.475,deep,1.0,1.0,1.0,1.0,True,True,B1,False,39,,False
2025-12,2025,12,东城区,12.945,shallow,1.0,0.041934,0.041934,0.041934,True,True,B4,False,126,,False
2025-12,2025,12,东城区,12.945,central,1.0,0.175483,0.175483,0.175483,True,True,B3,True,126,,False
2025-12,2025,12,东城区,12.945,deep,1.0,0.175483,0.175483,0.175483,True,True,B3,False,126,,False
2025-12,2025,12,西城区,11.735,shallow,1.0,0.072026,0.072026,0.072026,True,True,B4,False,122,,False
2025-12,2025,12,西城区,11.735,central,1.0,0.243094,0.243094,0.243094,True,True,B3,False,122,,False
2025-12,2025,12,西城区,11.735,deep,1.0,0.243094,0.243094,0.243094,True,True,B3,False,122,,False
2025-12,2025,12,朝阳区,19.1375,shallow,1.0,0.0,0.0,0.0,True,False,none,False,52,,False
2025-12,2025,12,朝阳区,19.1375,central,1.0,0.0,0.0,0.0,True,False,none,False,52,,False
2025-12,2025,12,朝阳区,19.1375,deep,1.0,0.0023919976080023,0.0023919976080023,0.0023919976080023,True,True,B4,False,52,,False
2025-12,2025,12,海淀区,8.192499999999999,shallow,1.0,0.038602,0.038602,0.038602,True,True,B3,False,183,,False
2025-12,2025,12,海淀区,8.192499999999999,central,1.0,0.205963,0.205963,0.205963,True,True,B2,False,183,,False
2025-12,2025,12,海淀区,8.192499999999999,deep,1.0,0.205963,0.205963,0.205963,True,True,B2,False,183,,False
2025-12,2025,12,丰台区,10.7925,shallow,1.0,0.031784,0.031784,0.031784,True,True,B4,True,246,,False
2025-12,2025,12,丰台区,10.7925,central,1.0,0.17988600000000002,0.17988600000000002,0.17988600000000002,True,True,B3,False,246,,False
2025-12,2025,12,丰台区,10.7925,deep,1.0,0.5030020000000001,0.5030020000000001,0.5030020000000001,True,True,B2,True,246,,False
2025-12,2025,12,石景山区,16.662499999999998,shallow,1.0,0.0,0.0,0.0,True,False,none,False,90,,True
2025-12,2025,12,石景山区,16.662499999999998,central,1.0,0.036363,0.036363,0.036363,True,True,B4,True,90,,True
2025-12,2025,12,石景山区,16.662499999999998,deep,1.0,0.036363,0.036363,0.036363,True,True,B4,True,90,,True
2025-12,2025,12,门头沟区,15.4575,shallow,1.0,0.0,0.0,0.0,True,False,none,False,79,,False
2025-12,2025,12,门头沟区,15.4575,central,1.0,0.022179,0.022179,0.022179,True,True,B4,False,79,,False
2025-12,2025,12,门头沟区,15.4575,deep,1.0,0.250776,0.250776,0.250776,True,True,B3,False,79,,False
2025-12,2025,12,房山区,4.916,shallow,1.0,0.491026,0.491026,0.491026,True,True,B2,False,261,,False
2025-12,2025,12,房山区,4.916,central,1.0,1.0,1.0,1.0,True,True,B1,True,261,,False
2025-12,2025,12,房山区,4.916,deep,1.0,1.0,1.0,1.0,True,True,B1,False,261,,False
2025-12,2025,12,通州区,5.1925,shallow,1.0,0.437462,0.437462,0.437462,True,True,B2,False,351,,False
2025-12,2025,12,通州区,5.1925,central,1.0,0.437462,0.437462,0.437462,True,True,B2,True,351,,False
2025-12,2025,12,通州区,5.1925,deep,1.0,1.0,1.0,1.0,True,True,B1,True,351,,False
2025-12,2025,12,顺义区,14.69,shallow,1.0,0.0,0.0,0.0,True,False,none,False,197,,False
2025-12,2025,12,顺义区,14.69,central,1.0,0.0,0.0,0.0,True,False,none,False,197,,False
2025-12,2025,12,顺义区,14.69,deep,1.0,0.01786,0.01786,0.01786,True,True,B3,False,197,,False
2025-12,2025,12,昌平区,10.745,shallow,1.0,0.001292,0.001292,0.001292,True,True,B4,True,475,,False
2025-12,2025,12,昌平区,10.745,central,1.0,0.043421,0.043421,0.043421,True,True,B3,False,475,,False
2025-12,2025,12,昌平区,10.745,deep,1.0,0.36543200000000003,0.36543200000000003,0.36543200000000003,True,True,B2,True,475,,False
2025-12,2025,12,大兴区,9.1775,shallow,1.0,0.087487,0.087487,0.087487,True,True,B3,False,790,,False
2025-12,2025,12,大兴区,9.1775,central,1.0,0.087487,0.087487,0.087487,True,True,B3,True,790,,False
2025-12,2025,12,大兴区,9.1775,deep,1.0,0.475109,0.475109,0.475109,True,True,B2,False,790,,False
2025-12,2025,12,怀柔区,6.485,shallow,1.0,0.387258,0.387258,0.387258,True,True,B2,False,93,,False
2025-12,2025,12,怀柔区,6.485,central,1.0,0.387258,0.387258,0.387258,True,True,B2,False,93,,False
2025-12,2025,12,怀柔区,6.485,deep,1.0,0.387258,0.387258,0.387258,True,True,B2,False,93,,False
2025-12,2025,12,平谷区,14.97,shallow,1.0,0.0,0.0,0.0,True,False,none,False,17,,False
2025-12,2025,12,平谷区,14.97,central,1.0,0.0,0.0,0.0,True,False,none,False,17,,False
2025-12,2025,12,平谷区,14.97,deep,1.0,0.13624,0.13624,0.13624,True,True,B3,False,17,,False
2025-12,2025,12,密云区,13.65,shallow,1.0,0.0,0.0,0.0,True,False,none,False,94,,False
2025-12,2025,12,密云区,13.65,central,1.0,0.0,0.0,0.0,True,False,none,False,94,,False
2025-12,2025,12,密云区,13.65,deep,1.0,0.080789,0.080789,0.080789,True,True,B3,False,94,,False
2025-12,2025,12,延庆区,4.305,shallow,1.0,0.18273799999999998,0.18273799999999998,0.18273799999999998,True,True,B2,False,39,,False
2025-12,2025,12,延庆区,4.305,central,1.0,1.0,1.0,1.0,True,True,B1,False,39,,False
2025-12,2025,12,延庆区,4.305,deep,1.0,1.0,1.0,1.0,True,True,B1,False,39,,False
2026-01,2026,1,东城区,13.0025,shallow,1.0,0.041934,0.041934,0.041934,True,True,B4,False,126,,False
2026-01,2026,1,东城区,13.0025,central,1.0,0.041934,0.041934,0.041934,True,True,B4,True,126,,False
2026-01,2026,1,东城区,13.0025,deep,1.0,0.175483,0.175483,0.175483,True,True,B3,False,126,,False
2026-01,2026,1,西城区,11.7,shallow,1.0,0.072026,0.072026,0.072026,True,True,B4,False,122,,False
2026-01,2026,1,西城区,11.7,central,1.0,0.243094,0.243094,0.243094,True,True,B3,False,122,,False
2026-01,2026,1,西城区,11.7,deep,1.0,0.243094,0.243094,0.243094,True,True,B3,False,122,,False
2026-01,2026,1,朝阳区,19.0275,shallow,1.0,0.0,0.0,0.0,True,False,none,False,52,,False
2026-01,2026,1,朝阳区,19.0275,central,1.0,0.0,0.0,0.0,True,False,none,False,52,,False
2026-01,2026,1,朝阳区,19.0275,deep,1.0,0.0023919976080023,0.0023919976080023,0.0023919976080023,True,True,B4,False,52,,False
2026-01,2026,1,海淀区,8.184999999999999,shallow,1.0,0.038602,0.038602,0.038602,True,True,B3,False,183,,False
2026-01,2026,1,海淀区,8.184999999999999,central,1.0,0.205963,0.205963,0.205963,True,True,B2,False,183,,False
2026-01,2026,1,海淀区,8.184999999999999,deep,1.0,0.205963,0.205963,0.205963,True,True,B2,False,183,,False
2026-01,2026,1,丰台区,10.8625,shallow,1.0,0.031784,0.031784,0.031784,True,True,B4,True,246,,False
2026-01,2026,1,丰台区,10.8625,central,1.0,0.17988600000000002,0.17988600000000002,0.17988600000000002,True,True,B3,False,246,,False
2026-01,2026,1,丰台区,10.8625,deep,1.0,0.5030020000000001,0.5030020000000001,0.5030020000000001,True,True,B2,True,246,,False
2026-01,2026,1,石景山区,18.1425,shallow,1.0,0.0,0.0,0.0,True,False,none,False,90,,True
2026-01,2026,1,石景山区,18.1425,central,1.0,0.0,0.0,0.0,True,False,none,False,90,,True
2026-01,2026,1,石景山区,18.1425,deep,1.0,0.036363,0.036363,0.036363,True,True,B4,False,90,,True
2026-01,2026,1,门头沟区,17.445,shallow,1.0,0.0,0.0,0.0,True,False,none,False,79,,False
2026-01,2026,1,门头沟区,17.445,central,1.0,0.0,0.0,0.0,True,False,none,True,79,,False
2026-01,2026,1,门头沟区,17.445,deep,1.0,0.022179,0.022179,0.022179,True,True,B4,False,79,,False
2026-01,2026,1,房山区,5.0120000000000005,shallow,1.0,0.491026,0.491026,0.491026,True,True,B2,False,261,,False
2026-01,2026,1,房山区,5.0120000000000005,central,1.0,0.491026,0.491026,0.491026,True,True,B2,True,261,,False
2026-01,2026,1,房山区,5.0120000000000005,deep,1.0,1.0,1.0,1.0,True,True,B1,True,261,,False
2026-01,2026,1,通州区,5.275,shallow,1.0,0.437462,0.437462,0.437462,True,True,B2,False,351,,False
2026-01,2026,1,通州区,5.275,central,1.0,0.437462,0.437462,0.437462,True,True,B2,True,351,,False
2026-01,2026,1,通州区,5.275,deep,1.0,1.0,1.0,1.0,True,True,B1,True,351,,False
2026-01,2026,1,顺义区,14.3175,shallow,1.0,0.0,0.0,0.0,True,False,none,False,197,,False
2026-01,2026,1,顺义区,14.3175,central,1.0,0.0,0.0,0.0,True,False,none,False,197,,False
2026-01,2026,1,顺义区,14.3175,deep,1.0,0.01786,0.01786,0.01786,True,True,B3,False,197,,False
2026-01,2026,1,昌平区,10.400000000000002,shallow,1.0,0.043421,0.043421,0.043421,True,True,B3,True,475,,False
2026-01,2026,1,昌平区,10.400000000000002,central,1.0,0.043421,0.043421,0.043421,True,True,B3,False,475,,False
2026-01,2026,1,昌平区,10.400000000000002,deep,1.0,0.36543200000000003,0.36543200000000003,0.36543200000000003,True,True,B2,False,475,,False
2026-01,2026,1,大兴区,8.917499999999999,shallow,1.0,0.087487,0.087487,0.087487,True,True,B3,False,790,,False
2026-01,2026,1,大兴区,8.917499999999999,central,1.0,0.475109,0.475109,0.475109,True,True,B2,True,790,,False
2026-01,2026,1,大兴区,8.917499999999999,deep,1.0,0.475109,0.475109,0.475109,True,True,B2,False,790,,False
2026-01,2026,1,怀柔区,6.7525,shallow,1.0,0.387258,0.387258,0.387258,True,True,B2,True,93,,False
2026-01,2026,1,怀柔区,6.7525,central,1.0,0.387258,0.387258,0.387258,True,True,B2,False,93,,False
2026-01,2026,1,怀柔区,6.7525,deep,1.0,0.387258,0.387258,0.387258,True,True,B2,False,93,,False
2026-01,2026,1,平谷区,15.2825,shallow,1.0,0.0,0.0,0.0,True,False,none,False,17,,False
2026-01,2026,1,平谷区,15.2825,central,1.0,0.0,0.0,0.0,True,False,none,False,17,,False
2026-01,2026,1,平谷区,15.2825,deep,1.0,0.13624,0.13624,0.13624,True,True,B3,False,17,,False
2026-01,2026,1,密云区,14.2025,shallow,1.0,0.0,0.0,0.0,True,False,none,False,94,,False
2026-01,2026,1,密云区,14.2025,central,1.0,0.0,0.0,0.0,True,False,none,False,94,,False
2026-01,2026,1,密云区,14.2025,deep,1.0,0.080789,0.080789,0.080789,True,True,B3,False,94,,False
2026-01,2026,1,延庆区,3.9675,shallow,1.0,0.18273799999999998,0.18273799999999998,0.18273799999999998,True,True,B2,True,39,,False
2026-01,2026,1,延庆区,3.9675,central,1.0,1.0,1.0,1.0,True,True,B1,False,39,,False
2026-01,2026,1,延庆区,3.9675,deep,1.0,1.0,1.0,1.0,True,True,B1,False,39,,False
2026-02,2026,2,东城区,12.825,shallow,1.0,0.041934,0.041934,0.041934,True,True,B4,False,126,,False
2026-02,2026,2,东城区,12.825,central,1.0,0.175483,0.175483,0.175483,True,True,B3,True,126,,False
2026-02,2026,2,东城区,12.825,deep,1.0,0.175483,0.175483,0.175483,True,True,B3,False,126,,False
2026-02,2026,2,西城区,11.5,shallow,1.0,0.072026,0.072026,0.072026,True,True,B4,False,122,,False
2026-02,2026,2,西城区,11.5,central,1.0,0.243094,0.243094,0.243094,True,True,B3,False,122,,False
2026-02,2026,2,西城区,11.5,deep,1.0,0.243094,0.243094,0.243094,True,True,B3,True,122,,False
2026-02,2026,2,朝阳区,18.7675,shallow,1.0,0.0,0.0,0.0,True,False,none,False,52,,False
2026-02,2026,2,朝阳区,18.7675,central,1.0,0.0,0.0,0.0,True,False,none,False,52,,False
2026-02,2026,2,朝阳区,18.7675,deep,1.0,0.0023919976080023,0.0023919976080023,0.0023919976080023,True,True,B4,False,52,,False
2026-02,2026,2,海淀区,8.145,shallow,1.0,0.038602,0.038602,0.038602,True,True,B3,False,183,,False
2026-02,2026,2,海淀区,8.145,central,1.0,0.205963,0.205963,0.205963,True,True,B2,False,183,,False
2026-02,2026,2,海淀区,8.145,deep,1.0,0.205963,0.205963,0.205963,True,True,B2,False,183,,False
2026-02,2026,2,丰台区,10.8325,shallow,1.0,0.031784,0.031784,0.031784,True,True,B4,True,246,,False
2026-02,2026,2,丰台区,10.8325,central,1.0,0.17988600000000002,0.17988600000000002,0.17988600000000002,True,True,B3,False,246,,False
2026-02,2026,2,丰台区,10.8325,deep,1.0,0.5030020000000001,0.5030020000000001,0.5030020000000001,True,True,B2,True,246,,False
2026-02,2026,2,石景山区,19.4575,shallow,1.0,0.0,0.0,0.0,True,False,none,False,90,,True
2026-02,2026,2,石景山区,19.4575,central,1.0,0.0,0.0,0.0,True,False,none,False,90,,True
2026-02,2026,2,石景山区,19.4575,deep,1.0,0.036363,0.036363,0.036363,True,True,B4,False,90,,True
2026-02,2026,2,门头沟区,19.0275,shallow,1.0,0.0,0.0,0.0,True,False,none,False,79,,False
2026-02,2026,2,门头沟区,19.0275,central,1.0,0.0,0.0,0.0,True,False,none,False,79,,False
2026-02,2026,2,门头沟区,19.0275,deep,1.0,0.022179,0.022179,0.022179,True,True,B4,False,79,,False
2026-02,2026,2,房山区,4.925,shallow,1.0,0.491026,0.491026,0.491026,True,True,B2,False,261,,False
2026-02,2026,2,房山区,4.925,central,1.0,1.0,1.0,1.0,True,True,B1,True,261,,False
2026-02,2026,2,房山区,4.925,deep,1.0,1.0,1.0,1.0,True,True,B1,False,261,,False
2026-02,2026,2,通州区,5.32,shallow,1.0,0.437462,0.437462,0.437462,True,True,B2,False,351,,False
2026-02,2026,2,通州区,5.32,central,1.0,0.437462,0.437462,0.437462,True,True,B2,True,351,,False
2026-02,2026,2,通州区,5.32,deep,1.0,1.0,1.0,1.0,True,True,B1,True,351,,False
2026-02,2026,2,顺义区,14.0575,shallow,1.0,0.0,0.0,0.0,True,False,none,False,197,,False
2026-02,2026,2,顺义区,14.0575,central,1.0,0.0,0.0,0.0,True,False,none,False,197,,False
2026-02,2026,2,顺义区,14.0575,deep,1.0,0.01786,0.01786,0.01786,True,True,B3,False,197,,False
2026-02,2026,2,昌平区,9.99,shallow,1.0,0.043421,0.043421,0.043421,True,True,B3,False,475,,False
2026-02,2026,2,昌平区,9.99,central,1.0,0.043421,0.043421,0.043421,True,True,B3,False,475,,False
2026-02,2026,2,昌平区,9.99,deep,1.0,0.36543200000000003,0.36543200000000003,0.36543200000000003,True,True,B2,False,475,,False
2026-02,2026,2,大兴区,8.75,shallow,1.0,0.087487,0.087487,0.087487,True,True,B3,False,790,,False
2026-02,2026,2,大兴区,8.75,central,1.0,0.475109,0.475109,0.475109,True,True,B2,True,790,,False
2026-02,2026,2,大兴区,8.75,deep,1.0,0.475109,0.475109,0.475109,True,True,B2,False,790,,False
2026-02,2026,2,怀柔区,6.83,shallow,1.0,0.387258,0.387258,0.387258,True,True,B2,True,93,,False
2026-02,2026,2,怀柔区,6.83,central,1.0,0.387258,0.387258,0.387258,True,True,B2,False,93,,False
2026-02,2026,2,怀柔区,6.83,deep,1.0,0.387258,0.387258,0.387258,True,True,B2,False,93,,False
2026-02,2026,2,平谷区,15.405,shallow,1.0,0.0,0.0,0.0,True,False,none,False,17,,False
2026-02,2026,2,平谷区,15.405,central,1.0,0.0,0.0,0.0,True,False,none,False,17,,False
2026-02,2026,2,平谷区,15.405,deep,1.0,0.13624,0.13624,0.13624,True,True,B3,False,17,,False
2026-02,2026,2,密云区,14.7775,shallow,1.0,0.0,0.0,0.0,True,False,none,False,94,,False
2026-02,2026,2,密云区,14.7775,central,1.0,0.0,0.0,0.0,True,False,none,False,94,,False
2026-02,2026,2,密云区,14.7775,deep,1.0,0.080789,0.080789,0.080789,True,True,B3,False,94,,False
2026-02,2026,2,延庆区,3.924,shallow,1.0,0.18273799999999998,0.18273799999999998,0.18273799999999998,True,True,B2,True,39,,False
2026-02,2026,2,延庆区,3.924,central,1.0,1.0,1.0,1.0,True,True,B1,False,39,,False
2026-02,2026,2,延庆区,3.924,deep,1.0,1.0,1.0,1.0,True,True,B1,False,39,,False
2026-03,2026,3,东城区,12.7225,shallow,1.0,0.041934,0.041934,0.041934,True,True,B4,False,126,,False
2026-03,2026,3,东城区,12.7225,central,1.0,0.175483,0.175483,0.175483,True,True,B3,True,126,,False
2026-03,2026,3,东城区,12.7225,deep,1.0,0.175483,0.175483,0.175483,True,True,B3,False,126,,False
2026-03,2026,3,西城区,11.3325,shallow,1.0,0.072026,0.072026,0.072026,True,True,B4,False,122,,False
2026-03,2026,3,西城区,11.3325,central,1.0,0.243094,0.243094,0.243094,True,True,B3,False,122,,False
2026-03,2026,3,西城区,11.3325,deep,1.0,0.243094,0.243094,0.243094,True,True,B3,True,122,,False
2026-03,2026,3,朝阳区,18.875,shallow,1.0,0.0,0.0,0.0,True,False,none,False,52,,False
2026-03,2026,3,朝阳区,18.875,central,1.0,0.0,0.0,0.0,True,False,none,False,52,,False
2026-03,2026,3,朝阳区,18.875,deep,1.0,0.0023919976080023,0.0023919976080023,0.0023919976080023,True,True,B4,False,52,,False
2026-03,2026,3,海淀区,8.325,shallow,1.0,0.038602,0.038602,0.038602,True,True,B3,False,183,,False
2026-03,2026,3,海淀区,8.325,central,1.0,0.205963,0.205963,0.205963,True,True,B2,False,183,,False
2026-03,2026,3,海淀区,8.325,deep,1.0,0.205963,0.205963,0.205963,True,True,B2,False,183,,False
2026-03,2026,3,丰台区,10.8075,shallow,1.0,0.031784,0.031784,0.031784,True,True,B4,True,246,,False
2026-03,2026,3,丰台区,10.8075,central,1.0,0.17988600000000002,0.17988600000000002,0.17988600000000002,True,True,B3,False,246,,False
2026-03,2026,3,丰台区,10.8075,deep,1.0,0.5030020000000001,0.5030020000000001,0.5030020000000001,True,True,B2,True,246,,False
2026-03,2026,3,石景山区,20.215,shallow,1.0,0.0,0.0,0.0,True,False,none,False,90,,True
2026-03,2026,3,石景山区,20.215,central,1.0,0.0,0.0,0.0,True,False,none,False,90,,True
2026-03,2026,3,石景山区,20.215,deep,1.0,0.036363,0.036363,0.036363,True,True,B4,False,90,,True
2026-03,2026,3,门头沟区,19.9525,shallow,1.0,0.0,0.0,0.0,True,False,none,False,79,,False
2026-03,2026,3,门头沟区,19.9525,central,1.0,0.0,0.0,0.0,True,False,none,False,79,,False
2026-03,2026,3,门头沟区,19.9525,deep,1.0,0.022179,0.022179,0.022179,True,True,B4,False,79,,False
2026-03,2026,3,房山区,5.172,shallow,1.0,0.491026,0.491026,0.491026,True,True,B2,False,261,,False
2026-03,2026,3,房山区,5.172,central,1.0,0.491026,0.491026,0.491026,True,True,B2,True,261,,False
2026-03,2026,3,房山区,5.172,deep,1.0,1.0,1.0,1.0,True,True,B1,True,261,,False
2026-03,2026,3,通州区,5.657500000000001,shallow,1.0,0.437462,0.437462,0.437462,True,True,B2,False,351,,False
2026-03,2026,3,通州区,5.657500000000001,central,1.0,0.437462,0.437462,0.437462,True,True,B2,False,351,,False
2026-03,2026,3,通州区,5.657500000000001,deep,1.0,0.437462,0.437462,0.437462,True,True,B2,True,351,,False
2026-03,2026,3,顺义区,14.5,shallow,1.0,0.0,0.0,0.0,True,False,none,False,197,,False
2026-03,2026,3,顺义区,14.5,central,1.0,0.0,0.0,0.0,True,False,none,False,197,,False
2026-03,2026,3,顺义区,14.5,deep,1.0,0.01786,0.01786,0.01786,True,True,B3,False,197,,False
2026-03,2026,3,昌平区,9.9075,shallow,1.0,0.043421,0.043421,0.043421,True,True,B3,False,475,,False
2026-03,2026,3,昌平区,9.9075,central,1.0,0.043421,0.043421,0.043421,True,True,B3,False,475,,False
2026-03,2026,3,昌平区,9.9075,deep,1.0,0.36543200000000003,0.36543200000000003,0.36543200000000003,True,True,B2,False,475,,False
2026-03,2026,3,大兴区,9.2075,shallow,1.0,0.087487,0.087487,0.087487,True,True,B3,False,790,,False
2026-03,2026,3,大兴区,9.2075,central,1.0,0.087487,0.087487,0.087487,True,True,B3,True,790,,False
2026-03,2026,3,大兴区,9.2075,deep,1.0,0.475109,0.475109,0.475109,True,True,B2,False,790,,False
2026-03,2026,3,怀柔区,6.98,shallow,1.0,0.387258,0.387258,0.387258,True,True,B2,True,93,,False
2026-03,2026,3,怀柔区,6.98,central,1.0,0.387258,0.387258,0.387258,True,True,B2,False,93,,False
2026-03,2026,3,怀柔区,6.98,deep,1.0,0.387258,0.387258,0.387258,True,True,B2,False,93,,False
2026-03,2026,3,平谷区,16.045,shallow,1.0,0.0,0.0,0.0,True,False,none,False,17,,False
2026-03,2026,3,平谷区,16.045,central,1.0,0.0,0.0,0.0,True,False,none,False,17,,False
2026-03,2026,3,平谷区,16.045,deep,1.0,0.13624,0.13624,0.13624,True,True,B3,True,17,,False
2026-03,2026,3,密云区,15.2625,shallow,1.0,0.0,0.0,0.0,True,False,none,False,94,,False
2026-03,2026,3,密云区,15.2625,central,1.0,0.0,0.0,0.0,True,False,none,False,94,,False
2026-03,2026,3,密云区,15.2625,deep,1.0,0.080789,0.080789,0.080789,True,True,B3,False,94,,False
2026-03,2026,3,延庆区,3.97,shallow,1.0,0.18273799999999998,0.18273799999999998,0.18273799999999998,True,True,B2,True,39,,False
2026-03,2026,3,延庆区,3.97,central,1.0,1.0,1.0,1.0,True,True,B1,False,39,,False
2026-03,2026,3,延庆区,3.97,deep,1.0,1.0,1.0,1.0,True,True,B1,False,39,,False
2026-04,2026,4,东城区,12.5525,shallow,1.0,0.041934,0.041934,0.041934,True,True,B4,False,126,,False
2026-04,2026,4,东城区,12.5525,central,1.0,0.175483,0.175483,0.175483,True,True,B3,True,126,,False
2026-04,2026,4,东城区,12.5525,deep,1.0,0.175483,0.175483,0.175483,True,True,B3,False,126,,False
2026-04,2026,4,西城区,11.1475,shallow,1.0,0.072026,0.072026,0.072026,True,True,B4,False,122,,False
2026-04,2026,4,西城区,11.1475,central,1.0,0.243094,0.243094,0.243094,True,True,B3,False,122,,False
2026-04,2026,4,西城区,11.1475,deep,1.0,0.243094,0.243094,0.243094,True,True,B3,True,122,,False
2026-04,2026,4,朝阳区,19.14,shallow,1.0,0.0,0.0,0.0,True,False,none,False,52,,False
2026-04,2026,4,朝阳区,19.14,central,1.0,0.0,0.0,0.0,True,False,none,False,52,,False
2026-04,2026,4,朝阳区,19.14,deep,1.0,0.0023919976080023,0.0023919976080023,0.0023919976080023,True,True,B4,False,52,,False
2026-04,2026,4,海淀区,8.717,shallow,1.0,0.038602,0.038602,0.038602,True,True,B3,False,183,,False
2026-04,2026,4,海淀区,8.717,central,1.0,0.205963,0.205963,0.205963,True,True,B2,True,183,,False
2026-04,2026,4,海淀区,8.717,deep,1.0,0.205963,0.205963,0.205963,True,True,B2,False,183,,False
2026-04,2026,4,丰台区,10.79,shallow,1.0,0.031784,0.031784,0.031784,True,True,B4,True,246,,False
2026-04,2026,4,丰台区,10.79,central,1.0,0.17988600000000002,0.17988600000000002,0.17988600000000002,True,True,B3,False,246,,False
2026-04,2026,4,丰台区,10.79,deep,1.0,0.5030020000000001,0.5030020000000001,0.5030020000000001,True,True,B2,True,246,,False
2026-04,2026,4,石景山区,20.4875,shallow,1.0,0.0,0.0,0.0,True,False,none,False,90,,True
2026-04,2026,4,石景山区,20.4875,central,1.0,0.0,0.0,0.0,True,False,none,False,90,,True
2026-04,2026,4,石景山区,20.4875,deep,1.0,0.036363,0.036363,0.036363,True,True,B4,False,90,,True
2026-04,2026,4,门头沟区,20.425,shallow,1.0,0.0,0.0,0.0,True,False,none,False,79,,False
2026-04,2026,4,门头沟区,20.425,central,1.0,0.0,0.0,0.0,True,False,none,False,79,,False
2026-04,2026,4,门头沟区,20.425,deep,1.0,0.022179,0.022179,0.022179,True,True,B4,False,79,,False
2026-04,2026,4,房山区,5.61975,shallow,1.0,0.491026,0.491026,0.491026,True,True,B2,False,261,,False
2026-04,2026,4,房山区,5.61975,central,1.0,0.491026,0.491026,0.491026,True,True,B2,False,261,,False
2026-04,2026,4,房山区,5.61975,deep,1.0,0.491026,0.491026,0.491026,True,True,B2,True,261,,False
2026-04,2026,4,通州区,5.865,shallow,1.0,0.437462,0.437462,0.437462,True,True,B2,False,351,,False
2026-04,2026,4,通州区,5.865,central,1.0,0.437462,0.437462,0.437462,True,True,B2,False,351,,False
2026-04,2026,4,通州区,5.865,deep,1.0,0.437462,0.437462,0.437462,True,True,B2,True,351,,False
2026-04,2026,4,顺义区,16.425,shallow,1.0,0.0,0.0,0.0,True,False,none,False,197,,False
2026-04,2026,4,顺义区,16.425,central,1.0,0.0,0.0,0.0,True,False,none,False,197,,False
2026-04,2026,4,顺义区,16.425,deep,1.0,0.01786,0.01786,0.01786,True,True,B3,True,197,,False
2026-04,2026,4,昌平区,10.315,shallow,1.0,0.043421,0.043421,0.043421,True,True,B3,True,475,,False
2026-04,2026,4,昌平区,10.315,central,1.0,0.043421,0.043421,0.043421,True,True,B3,False,475,,False
2026-04,2026,4,昌平区,10.315,deep,1.0,0.36543200000000003,0.36543200000000003,0.36543200000000003,True,True,B2,False,475,,False
2026-04,2026,4,大兴区,9.955,shallow,1.0,0.087487,0.087487,0.087487,True,True,B3,False,790,,False
2026-04,2026,4,大兴区,9.955,central,1.0,0.087487,0.087487,0.087487,True,True,B3,False,790,,False
2026-04,2026,4,大兴区,9.955,deep,1.0,0.475109,0.475109,0.475109,True,True,B2,False,790,,False
2026-04,2026,4,怀柔区,7.28,shallow,1.0,0.031538,0.031538,0.031538,True,True,B3,True,93,,False
2026-04,2026,4,怀柔区,7.28,central,1.0,0.387258,0.387258,0.387258,True,True,B2,False,93,,False
2026-04,2026,4,怀柔区,7.28,deep,1.0,0.387258,0.387258,0.387258,True,True,B2,False,93,,False
2026-04,2026,4,平谷区,17.720000000000002,shallow,1.0,0.0,0.0,0.0,True,False,none,False,17,,False
2026-04,2026,4,平谷区,17.720000000000002,central,1.0,0.0,0.0,0.0,True,False,none,False,17,,False
2026-04,2026,4,平谷区,17.720000000000002,deep,1.0,0.0,0.0,0.0,True,False,none,False,17,,False
2026-04,2026,4,密云区,15.6275,shallow,1.0,0.0,0.0,0.0,True,False,none,False,94,,False
2026-04,2026,4,密云区,15.6275,central,1.0,0.0,0.0,0.0,True,False,none,False,94,,False
2026-04,2026,4,密云区,15.6275,deep,1.0,0.080789,0.080789,0.080789,True,True,B3,False,94,,False
2026-04,2026,4,延庆区,4.7375,shallow,1.0,0.18273799999999998,0.18273799999999998,0.18273799999999998,True,True,B2,False,39,,False
2026-04,2026,4,延庆区,4.7375,central,1.0,1.0,1.0,1.0,True,True,B1,True,39,,False
2026-04,2026,4,延庆区,4.7375,deep,1.0,1.0,1.0,1.0,True,True,B1,False,39,,False
2026-05,2026,5,东城区,12.6225,shallow,1.0,0.041934,0.041934,0.041934,True,True,B4,False,126,,False
2026-05,2026,5,东城区,12.6225,central,1.0,0.175483,0.175483,0.175483,True,True,B3,True,126,,False
2026-05,2026,5,东城区,12.6225,deep,1.0,0.175483,0.175483,0.175483,True,True,B3,False,126,,False
2026-05,2026,5,西城区,10.915,shallow,1.0,0.072026,0.072026,0.072026,True,True,B4,True,122,,False
2026-05,2026,5,西城区,10.915,central,1.0,0.243094,0.243094,0.243094,True,True,B3,False,122,,False
2026-05,2026,5,西城区,10.915,deep,1.0,0.528633,0.528633,0.528633,True,True,B2,True,122,,False
2026-05,2026,5,朝阳区,19.2475,shallow,1.0,0.0,0.0,0.0,True,False,none,False,52,,False
2026-05,2026,5,朝阳区,19.2475,central,1.0,0.0,0.0,0.0,True,False,none,False,52,,False
2026-05,2026,5,朝阳区,19.2475,deep,1.0,0.0023919976080023,0.0023919976080023,0.0023919976080023,True,True,B4,False,52,,False
2026-05,2026,5,海淀区,8.84,shallow,1.0,0.038602,0.038602,0.038602,True,True,B3,False,183,,False
2026-05,2026,5,海淀区,8.84,central,1.0,0.205963,0.205963,0.205963,True,True,B2,True,183,,False
2026-05,2026,5,海淀区,8.84,deep,1.0,0.205963,0.205963,0.205963,True,True,B2,False,183,,False
2026-05,2026,5,丰台区,10.7475,shallow,1.0,0.031784,0.031784,0.031784,True,True,B4,True,246,,False
2026-05,2026,5,丰台区,10.7475,central,1.0,0.17988600000000002,0.17988600000000002,0.17988600000000002,True,True,B3,False,246,,False
2026-05,2026,5,丰台区,10.7475,deep,1.0,0.5030020000000001,0.5030020000000001,0.5030020000000001,True,True,B2,True,246,,False
2026-05,2026,5,石景山区,20.1425,shallow,1.0,0.0,0.0,0.0,True,False,none,False,90,,True
2026-05,2026,5,石景山区,20.1425,central,1.0,0.0,0.0,0.0,True,False,none,False,90,,True
2026-05,2026,5,石景山区,20.1425,deep,1.0,0.036363,0.036363,0.036363,True,True,B4,False,90,,True
2026-05,2026,5,门头沟区,20.09,shallow,1.0,0.0,0.0,0.0,True,False,none,False,79,,False
2026-05,2026,5,门头沟区,20.09,central,1.0,0.0,0.0,0.0,True,False,none,False,79,,False
2026-05,2026,5,门头沟区,20.09,deep,1.0,0.022179,0.022179,0.022179,True,True,B4,False,79,,False
2026-05,2026,5,房山区,5.86625,shallow,1.0,0.491026,0.491026,0.491026,True,True,B2,False,261,,False
2026-05,2026,5,房山区,5.86625,central,1.0,0.491026,0.491026,0.491026,True,True,B2,False,261,,False
2026-05,2026,5,房山区,5.86625,deep,1.0,0.491026,0.491026,0.491026,True,True,B2,True,261,,False
2026-05,2026,5,通州区,5.99,shallow,1.0,0.437462,0.437462,0.437462,True,True,B2,False,351,,False
2026-05,2026,5,通州区,5.99,central,1.0,0.437462,0.437462,0.437462,True,True,B2,False,351,,False
2026-05,2026,5,通州区,5.99,deep,1.0,0.437462,0.437462,0.437462,True,True,B2,True,351,,False
2026-05,2026,5,顺义区,17.1575,shallow,1.0,0.0,0.0,0.0,True,False,none,False,197,,False
2026-05,2026,5,顺义区,17.1575,central,1.0,0.0,0.0,0.0,True,False,none,False,197,,False
2026-05,2026,5,顺义区,17.1575,deep,1.0,0.0,0.0,0.0,True,False,none,False,197,,False
2026-05,2026,5,昌平区,10.5825,shallow,1.0,0.001292,0.001292,0.001292,True,True,B4,True,475,,False
2026-05,2026,5,昌平区,10.5825,central,1.0,0.043421,0.043421,0.043421,True,True,B3,False,475,,False
2026-05,2026,5,昌平区,10.5825,deep,1.0,0.36543200000000003,0.36543200000000003,0.36543200000000003,True,True,B2,True,475,,False
2026-05,2026,5,大兴区,10.3425,shallow,1.0,0.087487,0.087487,0.087487,True,True,B3,True,790,,False
2026-05,2026,5,大兴区,10.3425,central,1.0,0.087487,0.087487,0.087487,True,True,B3,False,790,,False
2026-05,2026,5,大兴区,10.3425,deep,1.0,0.475109,0.475109,0.475109,True,True,B2,False,790,,False
2026-05,2026,5,怀柔区,7.38,shallow,1.0,0.031538,0.031538,0.031538,True,True,B3,True,93,,False
2026-05,2026,5,怀柔区,7.38,central,1.0,0.387258,0.387258,0.387258,True,True,B2,False,93,,False
2026-05,2026,5,怀柔区,7.38,deep,1.0,0.387258,0.387258,0.387258,True,True,B2,False,93,,False
2026-05,2026,5,平谷区,18.665000000000003,shallow,1.0,0.0,0.0,0.0,True,False,none,False,17,,False
2026-05,2026,5,平谷区,18.665000000000003,central,1.0,0.0,0.0,0.0,True,False,none,False,17,,False
2026-05,2026,5,平谷区,18.665000000000003,deep,1.0,0.0,0.0,0.0,True,False,none,False,17,,False
2026-05,2026,5,密云区,15.86,shallow,1.0,0.0,0.0,0.0,True,False,none,False,94,,False
2026-05,2026,5,密云区,15.86,central,1.0,0.0,0.0,0.0,True,False,none,False,94,,False
2026-05,2026,5,密云区,15.86,deep,1.0,0.080789,0.080789,0.080789,True,True,B3,False,94,,False
2026-05,2026,5,延庆区,4.8375,shallow,1.0,0.18273799999999998,0.18273799999999998,0.18273799999999998,True,True,B2,False,39,,False
2026-05,2026,5,延庆区,4.8375,central,1.0,1.0,1.0,1.0,True,True,B1,True,39,,False
2026-05,2026,5,延庆区,4.8375,deep,1.0,1.0,1.0,1.0,True,True,B1,False,39,,False
2026-06,2026,6,东城区,12.45,shallow,1.0,0.041934,0.041934,0.041934,True,True,B4,False,126,,False
2026-06,2026,6,东城区,12.45,central,1.0,0.175483,0.175483,0.175483,True,True,B3,False,126,,False
2026-06,2026,6,东城区,12.45,deep,1.0,0.175483,0.175483,0.175483,True,True,B3,False,126,,False
2026-06,2026,6,西城区,10.675,shallow,1.0,0.072026,0.072026,0.072026,True,True,B4,True,122,,False
2026-06,2026,6,西城区,10.675,central,1.0,0.243094,0.243094,0.243094,True,True,B3,False,122,,False
2026-06,2026,6,西城区,10.675,deep,1.0,0.528633,0.528633,0.528633,True,True,B2,True,122,,False
2026-06,2026,6,朝阳区,18.7825,shallow,1.0,0.0,0.0,0.0,True,False,none,False,52,,False
2026-06,2026,6,朝阳区,18.7825,central,1.0,0.0,0.0,0.0,True,False,none,False,52,,False
2026-06,2026,6,朝阳区,18.7825,deep,1.0,0.0023919976080023,0.0023919976080023,0.0023919976080023,True,True,B4,False,52,,False
2026-06,2026,6,海淀区,8.622,shallow,1.0,0.038602,0.038602,0.038602,True,True,B3,False,183,,False
2026-06,2026,6,海淀区,8.622,central,1.0,0.205963,0.205963,0.205963,True,True,B2,True,183,,False
2026-06,2026,6,海淀区,8.622,deep,1.0,0.205963,0.205963,0.205963,True,True,B2,False,183,,False
2026-06,2026,6,丰台区,10.64,shallow,1.0,0.031784,0.031784,0.031784,True,True,B4,True,246,,False
2026-06,2026,6,丰台区,10.64,central,1.0,0.17988600000000002,0.17988600000000002,0.17988600000000002,True,True,B3,False,246,,False
2026-06,2026,6,丰台区,10.64,deep,1.0,0.5030020000000001,0.5030020000000001,0.5030020000000001,True,True,B2,True,246,,False
2026-06,2026,6,石景山区,19.56,shallow,1.0,0.0,0.0,0.0,True,False,none,False,90,,True
2026-06,2026,6,石景山区,19.56,central,1.0,0.0,0.0,0.0,True,False,none,False,90,,True
2026-06,2026,6,石景山区,19.56,deep,1.0,0.036363,0.036363,0.036363,True,True,B4,False,90,,True
2026-06,2026,6,门头沟区,19.5375,shallow,1.0,0.0,0.0,0.0,True,False,none,False,79,,False
2026-06,2026,6,门头沟区,19.5375,central,1.0,0.0,0.0,0.0,True,False,none,False,79,,False
2026-06,2026,6,门头沟区,19.5375,deep,1.0,0.022179,0.022179,0.022179,True,True,B4,False,79,,False
2026-06,2026,6,房山区,5.688,shallow,1.0,0.491026,0.491026,0.491026,True,True,B2,False,261,,False
2026-06,2026,6,房山区,5.688,central,1.0,0.491026,0.491026,0.491026,True,True,B2,False,261,,False
2026-06,2026,6,房山区,5.688,deep,1.0,0.491026,0.491026,0.491026,True,True,B2,True,261,,False
2026-06,2026,6,通州区,5.65,shallow,1.0,0.437462,0.437462,0.437462,True,True,B2,False,351,,False
2026-06,2026,6,通州区,5.65,central,1.0,0.437462,0.437462,0.437462,True,True,B2,False,351,,False
2026-06,2026,6,通州区,5.65,deep,1.0,0.437462,0.437462,0.437462,True,True,B2,True,351,,False
2026-06,2026,6,顺义区,15.97,shallow,1.0,0.0,0.0,0.0,True,False,none,False,197,,False
2026-06,2026,6,顺义区,15.97,central,1.0,0.0,0.0,0.0,True,False,none,False,197,,False
2026-06,2026,6,顺义区,15.97,deep,1.0,0.01786,0.01786,0.01786,True,True,B3,False,197,,False
2026-06,2026,6,昌平区,10.355,shallow,1.0,0.043421,0.043421,0.043421,True,True,B3,True,475,,False
2026-06,2026,6,昌平区,10.355,central,1.0,0.043421,0.043421,0.043421,True,True,B3,False,475,,False
2026-06,2026,6,昌平区,10.355,deep,1.0,0.36543200000000003,0.36543200000000003,0.36543200000000003,True,True,B2,False,475,,False
2026-06,2026,6,大兴区,9.4725,shallow,1.0,0.087487,0.087487,0.087487,True,True,B3,False,790,,False
2026-06,2026,6,大兴区,9.4725,central,1.0,0.087487,0.087487,0.087487,True,True,B3,True,790,,False
2026-06,2026,6,大兴区,9.4725,deep,1.0,0.475109,0.475109,0.475109,True,True,B2,False,790,,False
2026-06,2026,6,怀柔区,7.235,shallow,1.0,0.031538,0.031538,0.031538,True,True,B3,True,93,,False
2026-06,2026,6,怀柔区,7.235,central,1.0,0.387258,0.387258,0.387258,True,True,B2,False,93,,False
2026-06,2026,6,怀柔区,7.235,deep,1.0,0.387258,0.387258,0.387258,True,True,B2,False,93,,False
2026-06,2026,6,平谷区,17.3175,shallow,1.0,0.0,0.0,0.0,True,False,none,False,17,,False
2026-06,2026,6,平谷区,17.3175,central,1.0,0.0,0.0,0.0,True,False,none,False,17,,False
2026-06,2026,6,平谷区,17.3175,deep,1.0,0.0,0.0,0.0,True,False,none,False,17,,False
2026-06,2026,6,密云区,15.86,shallow,1.0,0.0,0.0,0.0,True,False,none,False,94,,False
2026-06,2026,6,密云区,15.86,central,1.0,0.0,0.0,0.0,True,False,none,False,94,,False
2026-06,2026,6,密云区,15.86,deep,1.0,0.080789,0.080789,0.080789,True,True,B3,False,94,,False
2026-06,2026,6,延庆区,4.9125,shallow,1.0,0.18273799999999998,0.18273799999999998,0.18273799999999998,True,True,B2,False,39,,False
2026-06,2026,6,延庆区,4.9125,central,1.0,1.0,1.0,1.0,True,True,B1,True,39,,False
2026-06,2026,6,延庆区,4.9125,deep,1.0,1.0,1.0,1.0,True,True,B1,False,39,,False
2026-07,2026,7,东城区,12.3325,shallow,1.0,0.041934,0.041934,0.041934,True,True,B4,False,126,,False
2026-07,2026,7,东城区,12.3325,central,1.0,0.175483,0.175483,0.175483,True,True,B3,False,126,,False
2026-07,2026,7,东城区,12.3325,deep,1.0,0.175483,0.175483,0.175483,True,True,B3,False,126,,False
2026-07,2026,7,西城区,10.5175,shallow,1.0,0.072026,0.072026,0.072026,True,True,B4,True,122,,False
2026-07,2026,7,西城区,10.5175,central,1.0,0.243094,0.243094,0.243094,True,True,B3,False,122,,False
2026-07,2026,7,西城区,10.5175,deep,1.0,0.528633,0.528633,0.528633,True,True,B2,True,122,,False
2026-07,2026,7,朝阳区,18.6075,shallow,1.0,0.0,0.0,0.0,True,False,none,False,52,,False
2026-07,2026,7,朝阳区,18.6075,central,1.0,0.0,0.0,0.0,True,False,none,False,52,,False
2026-07,2026,7,朝阳区,18.6075,deep,1.0,0.0023919976080023,0.0023919976080023,0.0023919976080023,True,True,B4,False,52,,False
2026-07,2026,7,海淀区,8.41,shallow,1.0,0.038602,0.038602,0.038602,True,True,B3,False,183,,False
2026-07,2026,7,海淀区,8.41,central,1.0,0.205963,0.205963,0.205963,True,True,B2,False,183,,False
2026-07,2026,7,海淀区,8.41,deep,1.0,0.205963,0.205963,0.205963,True,True,B2,False,183,,False
2026-07,2026,7,丰台区,10.4675,shallow,1.0,0.17988600000000002,0.17988600000000002,0.17988600000000002,True,True,B3,True,246,,False
2026-07,2026,7,丰台区,10.4675,central,1.0,0.17988600000000002,0.17988600000000002,0.17988600000000002,True,True,B3,False,246,,False
2026-07,2026,7,丰台区,10.4675,deep,1.0,0.5030020000000001,0.5030020000000001,0.5030020000000001,True,True,B2,False,246,,False
2026-07,2026,7,石景山区,19.075,shallow,1.0,0.0,0.0,0.0,True,False,none,False,90,,True
2026-07,2026,7,石景山区,19.075,central,1.0,0.0,0.0,0.0,True,False,none,False,90,,True
2026-07,2026,7,石景山区,19.075,deep,1.0,0.036363,0.036363,0.036363,True,True,B4,False,90,,True
2026-07,2026,7,门头沟区,19.1725,shallow,1.0,0.0,0.0,0.0,True,False,none,False,79,,False
2026-07,2026,7,门头沟区,19.1725,central,1.0,0.0,0.0,0.0,True,False,none,False,79,,False
2026-07,2026,7,门头沟区,19.1725,deep,1.0,0.022179,0.022179,0.022179,True,True,B4,False,79,,False
2026-07,2026,7,房山区,5.669999999999999,shallow,1.0,0.491026,0.491026,0.491026,True,True,B2,False,261,,False
2026-07,2026,7,房山区,5.669999999999999,central,1.0,0.491026,0.491026,0.491026,True,True,B2,False,261,,False
2026-07,2026,7,房山区,5.669999999999999,deep,1.0,0.491026,0.491026,0.491026,True,True,B2,True,261,,False
2026-07,2026,7,通州区,5.25,shallow,1.0,0.437462,0.437462,0.437462,True,True,B2,False,351,,False
2026-07,2026,7,通州区,5.25,central,1.0,0.437462,0.437462,0.437462,True,True,B2,True,351,,False
2026-07,2026,7,通州区,5.25,deep,1.0,1.0,1.0,1.0,True,True,B1,True,351,,False
2026-07,2026,7,顺义区,15.1825,shallow,1.0,0.0,0.0,0.0,True,False,none,False,197,,False
2026-07,2026,7,顺义区,15.1825,central,1.0,0.0,0.0,0.0,True,False,none,False,197,,False
2026-07,2026,7,顺义区,15.1825,deep,1.0,0.01786,0.01786,0.01786,True,True,B3,False,197,,False
2026-07,2026,7,昌平区,10.1325,shallow,1.0,0.043421,0.043421,0.043421,True,True,B3,True,475,,False
2026-07,2026,7,昌平区,10.1325,central,1.0,0.043421,0.043421,0.043421,True,True,B3,False,475,,False
2026-07,2026,7,昌平区,10.1325,deep,1.0,0.36543200000000003,0.36543200000000003,0.36543200000000003,True,True,B2,False,475,,False
2026-07,2026,7,大兴区,8.8575,shallow,1.0,0.087487,0.087487,0.087487,True,True,B3,False,790,,False
2026-07,2026,7,大兴区,8.8575,central,1.0,0.475109,0.475109,0.475109,True,True,B2,True,790,,False
2026-07,2026,7,大兴区,8.8575,deep,1.0,0.475109,0.475109,0.475109,True,True,B2,False,790,,False
2026-07,2026,7,怀柔区,7.0075,shallow,1.0,0.031538,0.031538,0.031538,True,True,B3,True,93,,False
2026-07,2026,7,怀柔区,7.0075,central,1.0,0.387258,0.387258,0.387258,True,True,B2,False,93,,False
2026-07,2026,7,怀柔区,7.0075,deep,1.0,0.387258,0.387258,0.387258,True,True,B2,False,93,,False
2026-07,2026,7,平谷区,13.57,shallow,1.0,0.0,0.0,0.0,True,False,none,False,17,,False
2026-07,2026,7,平谷区,13.57,central,1.0,0.0,0.0,0.0,True,False,none,False,17,,False
2026-07,2026,7,平谷区,13.57,deep,1.0,0.13624,0.13624,0.13624,True,True,B3,False,17,,False
2026-07,2026,7,密云区,15.517500000000002,shallow,1.0,0.0,0.0,0.0,True,False,none,False,94,,False
2026-07,2026,7,密云区,15.517500000000002,central,1.0,0.0,0.0,0.0,True,False,none,False,94,,False
2026-07,2026,7,密云区,15.517500000000002,deep,1.0,0.080789,0.080789,0.080789,True,True,B3,False,94,,False
2026-07,2026,7,延庆区,4.76,shallow,1.0,0.18273799999999998,0.18273799999999998,0.18273799999999998,True,True,B2,False,39,,False
2026-07,2026,7,延庆区,4.76,central,1.0,1.0,1.0,1.0,True,True,B1,True,39,,False
2026-07,2026,7,延庆区,4.76,deep,1.0,1.0,1.0,1.0,True,True,B1,False,39,,False
2026-08,2026,8,东城区,12.05,shallow,1.0,0.041934,0.041934,0.041934,True,True,B4,False,126,,False
2026-08,2026,8,东城区,12.05,central,1.0,0.175483,0.175483,0.175483,True,True,B3,False,126,,False
2026-08,2026,8,东城区,12.05,deep,1.0,0.175483,0.175483,0.175483,True,True,B3,False,126,,False
2026-08,2026,8,西城区,10.38,shallow,1.0,0.243094,0.243094,0.243094,True,True,B3,True,122,,False
2026-08,2026,8,西城区,10.38,central,1.0,0.243094,0.243094,0.243094,True,True,B3,False,122,,False
2026-08,2026,8,西城区,10.38,deep,1.0,0.528633,0.528633,0.528633,True,True,B2,False,122,,False
2026-08,2026,8,朝阳区,18.4225,shallow,1.0,0.0,0.0,0.0,True,False,none,False,52,,False
2026-08,2026,8,朝阳区,18.4225,central,1.0,0.0,0.0,0.0,True,False,none,False,52,,False
2026-08,2026,8,朝阳区,18.4225,deep,1.0,0.0023919976080023,0.0023919976080023,0.0023919976080023,True,True,B4,False,52,,False
2026-08,2026,8,海淀区,7.959999999999999,shallow,1.0,0.038602,0.038602,0.038602,True,True,B3,False,183,,False
2026-08,2026,8,海淀区,7.959999999999999,central,1.0,0.205963,0.205963,0.205963,True,True,B2,False,183,,False
2026-08,2026,8,海淀区,7.959999999999999,deep,1.0,0.205963,0.205963,0.205963,True,True,B2,False,183,,False
2026-08,2026,8,丰台区,10.2475,shallow,1.0,0.17988600000000002,0.17988600000000002,0.17988600000000002,True,True,B3,True,246,,False
2026-08,2026,8,丰台区,10.2475,central,1.0,0.17988600000000002,0.17988600000000002,0.17988600000000002,True,True,B3,False,246,,False
2026-08,2026,8,丰台区,10.2475,deep,1.0,0.5030020000000001,0.5030020000000001,0.5030020000000001,True,True,B2,False,246,,False
2026-08,2026,8,石景山区,18.78,shallow,1.0,0.0,0.0,0.0,True,False,none,False,90,,True
2026-08,2026,8,石景山区,18.78,central,1.0,0.0,0.0,0.0,True,False,none,False,90,,True
2026-08,2026,8,石景山区,18.78,deep,1.0,0.036363,0.036363,0.036363,True,True,B4,False,90,,True
2026-08,2026,8,门头沟区,19.0925,shallow,1.0,0.0,0.0,0.0,True,False,none,False,79,,False
2026-08,2026,8,门头沟区,19.0925,central,1.0,0.0,0.0,0.0,True,False,none,False,79,,False
2026-08,2026,8,门头沟区,19.0925,deep,1.0,0.022179,0.022179,0.022179,True,True,B4,False,79,,False
2026-08,2026,8,房山区,5.285,shallow,1.0,0.491026,0.491026,0.491026,True,True,B2,False,261,,False
2026-08,2026,8,房山区,5.285,central,1.0,0.491026,0.491026,0.491026,True,True,B2,True,261,,False
2026-08,2026,8,房山区,5.285,deep,1.0,1.0,1.0,1.0,True,True,B1,True,261,,False
2026-08,2026,8,通州区,5.369999999999999,shallow,1.0,0.437462,0.437462,0.437462,True,True,B2,False,351,,False
2026-08,2026,8,通州区,5.369999999999999,central,1.0,0.437462,0.437462,0.437462,True,True,B2,True,351,,False
2026-08,2026,8,通州区,5.369999999999999,deep,1.0,1.0,1.0,1.0,True,True,B1,True,351,,False
2026-08,2026,8,顺义区,14.67,shallow,1.0,0.0,0.0,0.0,True,False,none,False,197,,False
2026-08,2026,8,顺义区,14.67,central,1.0,0.0,0.0,0.0,True,False,none,False,197,,False
2026-08,2026,8,顺义区,14.67,deep,1.0,0.01786,0.01786,0.01786,True,True,B3,False,197,,False
2026-08,2026,8,昌平区,9.795,shallow,1.0,0.043421,0.043421,0.043421,True,True,B3,False,475,,False
2026-08,2026,8,昌平区,9.795,central,1.0,0.043421,0.043421,0.043421,True,True,B3,False,475,,False
2026-08,2026,8,昌平区,9.795,deep,1.0,0.36543200000000003,0.36543200000000003,0.36543200000000003,True,True,B2,False,475,,False
2026-08,2026,8,大兴区,8.71,shallow,1.0,0.087487,0.087487,0.087487,True,True,B3,False,790,,False
2026-08,2026,8,大兴区,8.71,central,1.0,0.475109,0.475109,0.475109,True,True,B2,True,790,,False
2026-08,2026,8,大兴区,8.71,deep,1.0,0.475109,0.475109,0.475109,True,True,B2,False,790,,False
2026-08,2026,8,怀柔区,6.6225,shallow,1.0,0.387258,0.387258,0.387258,True,True,B2,True,93,,False
2026-08,2026,8,怀柔区,6.6225,central,1.0,0.387258,0.387258,0.387258,True,True,B2,False,93,,False
2026-08,2026,8,怀柔区,6.6225,deep,1.0,0.387258,0.387258,0.387258,True,True,B2,False,93,,False
2026-08,2026,8,平谷区,12.09,shallow,1.0,0.0,0.0,0.0,True,False,none,False,17,,False
2026-08,2026,8,平谷区,12.09,central,1.0,0.13624,0.13624,0.13624,True,True,B3,False,17,,False
2026-08,2026,8,平谷区,12.09,deep,1.0,0.13624,0.13624,0.13624,True,True,B3,False,17,,False
2026-08,2026,8,密云区,15.26,shallow,1.0,0.0,0.0,0.0,True,False,none,False,94,,False
2026-08,2026,8,密云区,15.26,central,1.0,0.0,0.0,0.0,True,False,none,False,94,,False
2026-08,2026,8,密云区,15.26,deep,1.0,0.080789,0.080789,0.080789,True,True,B3,False,94,,False
2026-08,2026,8,延庆区,4.782500000000001,shallow,1.0,0.18273799999999998,0.18273799999999998,0.18273799999999998,True,True,B2,False,39,,False
2026-08,2026,8,延庆区,4.782500000000001,central,1.0,1.0,1.0,1.0,True,True,B1,True,39,,False
2026-08,2026,8,延庆区,4.782500000000001,deep,1.0,1.0,1.0,1.0,True,True,B1,False,39,,False
2026-09,2026,9,东城区,11.74,shallow,1.0,0.041934,0.041934,0.041934,True,True,B4,False,126,,False
2026-09,2026,9,东城区,11.74,central,1.0,0.175483,0.175483,0.175483,True,True,B3,False,126,,False
2026-09,2026,9,东城区,11.74,deep,1.0,0.175483,0.175483,0.175483,True,True,B3,False,126,,False
2026-09,2026,9,西城区,10.24,shallow,1.0,0.243094,0.243094,0.243094,True,True,B3,True,122,,False
2026-09,2026,9,西城区,10.24,central,1.0,0.243094,0.243094,0.243094,True,True,B3,False,122,,False
2026-09,2026,9,西城区,10.24,deep,1.0,0.528633,0.528633,0.528633,True,True,B2,False,122,,False
2026-09,2026,9,朝阳区,18.15,shallow,1.0,0.0,0.0,0.0,True,False,none,False,52,,False
2026-09,2026,9,朝阳区,18.15,central,1.0,0.0,0.0,0.0,True,False,none,False,52,,False
2026-09,2026,9,朝阳区,18.15,deep,1.0,0.0023919976080023,0.0023919976080023,0.0023919976080023,True,True,B4,False,52,,False
2026-09,2026,9,海淀区,7.88,shallow,1.0,0.038602,0.038602,0.038602,True,True,B3,False,183,,False
2026-09,2026,9,海淀区,7.88,central,1.0,0.205963,0.205963,0.205963,True,True,B2,False,183,,False
2026-09,2026,9,海淀区,7.88,deep,1.0,0.205963,0.205963,0.205963,True,True,B2,False,183,,False
2026-09,2026,9,丰台区,10.04,shallow,1.0,0.17988600000000002,0.17988600000000002,0.17988600000000002,True,True,B3,True,246,,False
2026-09,2026,9,丰台区,10.04,central,1.0,0.17988600000000002,0.17988600000000002,0.17988600000000002,True,True,B3,False,246,,False
2026-09,2026,9,丰台区,10.04,deep,1.0,0.5030020000000001,0.5030020000000001,0.5030020000000001,True,True,B2,False,246,,False
2026-09,2026,9,石景山区,18.97,shallow,1.0,0.0,0.0,0.0,True,False,none,False,90,,True
2026-09,2026,9,石景山区,18.97,central,1.0,0.0,0.0,0.0,True,False,none,False,90,,True
2026-09,2026,9,石景山区,18.97,deep,1.0,0.036363,0.036363,0.036363,True,True,B4,False,90,,True
2026-09,2026,9,门头沟区,19.42,shallow,1.0,0.0,0.0,0.0,True,False,none,False,79,,False
2026-09,2026,9,门头沟区,19.42,central,1.0,0.0,0.0,0.0,True,False,none,False,79,,False
2026-09,2026,9,门头沟区,19.42,deep,1.0,0.022179,0.022179,0.022179,True,True,B4,False,79,,False
2026-09,2026,9,房山区,5.42,shallow,1.0,0.491026,0.491026,0.491026,True,True,B2,False,261,,False
2026-09,2026,9,房山区,5.42,central,1.0,0.491026,0.491026,0.491026,True,True,B2,True,261,,False
2026-09,2026,9,房山区,5.42,deep,1.0,1.0,1.0,1.0,True,True,B1,True,261,,False
2026-09,2026,9,通州区,5.38,shallow,1.0,0.437462,0.437462,0.437462,True,True,B2,False,351,,False
2026-09,2026,9,通州区,5.38,central,1.0,0.437462,0.437462,0.437462,True,True,B2,True,351,,False
2026-09,2026,9,通州区,5.38,deep,1.0,1.0,1.0,1.0,True,True,B1,True,351,,False
2026-09,2026,9,顺义区,14.8,shallow,1.0,0.0,0.0,0.0,True,False,none,False,197,,False
2026-09,2026,9,顺义区,14.8,central,1.0,0.0,0.0,0.0,True,False,none,False,197,,False
2026-09,2026,9,顺义区,14.8,deep,1.0,0.01786,0.01786,0.01786,True,True,B3,False,197,,False
2026-09,2026,9,昌平区,9.71,shallow,1.0,0.043421,0.043421,0.043421,True,True,B3,False,475,,False
2026-09,2026,9,昌平区,9.71,central,1.0,0.043421,0.043421,0.043421,True,True,B3,False,475,,False
2026-09,2026,9,昌平区,9.71,deep,1.0,0.36543200000000003,0.36543200000000003,0.36543200000000003,True,True,B2,False,475,,False
2026-09,2026,9,大兴区,8.66,shallow,1.0,0.087487,0.087487,0.087487,True,True,B3,False,790,,False
2026-09,2026,9,大兴区,8.66,central,1.0,0.475109,0.475109,0.475109,True,True,B2,True,790,,False
2026-09,2026,9,大兴区,8.66,deep,1.0,0.475109,0.475109,0.475109,True,True,B2,False,790,,False
2026-09,2026,9,怀柔区,6.32,shallow,1.0,0.387258,0.387258,0.387258,True,True,B2,False,93,,False
2026-09,2026,9,怀柔区,6.32,central,1.0,0.387258,0.387258,0.387258,True,True,B2,False,93,,False
2026-09,2026,9,怀柔区,6.32,deep,1.0,0.387258,0.387258,0.387258,True,True,B2,False,93,,False
2026-09,2026,9,平谷区,12.75,shallow,1.0,0.0,0.0,0.0,True,False,none,False,17,,False
2026-09,2026,9,平谷区,12.75,central,1.0,0.13624,0.13624,0.13624,True,True,B3,True,17,,False
2026-09,2026,9,平谷区,12.75,deep,1.0,0.13624,0.13624,0.13624,True,True,B3,False,17,,False
2026-09,2026,9,密云区,14.99,shallow,1.0,0.0,0.0,0.0,True,False,none,False,94,,False
2026-09,2026,9,密云区,14.99,central,1.0,0.0,0.0,0.0,True,False,none,False,94,,False
2026-09,2026,9,密云区,14.99,deep,1.0,0.080789,0.080789,0.080789,True,True,B3,False,94,,False
2026-09,2026,9,延庆区,4.92,shallow,1.0,0.18273799999999998,0.18273799999999998,0.18273799999999998,True,True,B2,False,39,,False
2026-09,2026,9,延庆区,4.92,central,1.0,1.0,1.0,1.0,True,True,B1,True,39,,False
2026-09,2026,9,延庆区,4.92,deep,1.0,1.0,1.0,1.0,True,True,B1,False,39,,False
