year_month,district,depth_mean_m,depth_median_m,depth_min_m,depth_max_m,depth_std_m,n_periods,source_support,qc_flag,network_support_change_flag
2019-09,朝阳区,31.73,31.73,31.73,31.73,0.0,1,single_period,,False
2019-09,海淀区,27.49,27.49,27.49,27.49,0.0,1,single_period,,False
2019-09,丰台区,21.6,21.6,21.6,21.6,0.0,1,single_period,,False
2019-09,石景山区,23.63,23.63,23.63,23.63,0.0,1,single_period,,False
2019-09,门头沟区,35.87,35.87,35.87,35.87,0.0,1,single_period,,False
2019-09,房山区,10.38,10.38,10.38,10.38,0.0,1,single_period,,False
2019-09,通州区,9.98,9.98,9.98,9.98,0.0,1,single_period,,False
2019-09,顺义区,32.7,32.7,32.7,32.7,0.0,1,single_period,,False
2019-09,昌平区,29.25,29.25,29.25,29.25,0.0,1,single_period,,False
2019-09,大兴区,18.53,18.53,18.53,18.53,0.0,1,single_period,,False
2019-09,怀柔区,16.82,16.82,16.82,16.82,0.0,1,single_period,,False
2019-09,平谷区,30.49,30.49,30.49,30.49,0.0,1,single_period,,False
2019-09,密云区,24.05,24.05,24.05,24.05,0.0,1,single_period,,False
2019-09,延庆区,11.26,11.26,11.26,11.26,0.0,1,single_period,,False
2019-10,朝阳区,31.39,31.39,31.39,31.39,0.0,1,single_period,,False
2019-10,海淀区,26.58,26.58,26.58,26.58,0.0,1,single_period,,False
2019-10,丰台区,21.61,21.61,21.61,21.61,0.0,1,single_period,,False
2019-10,石景山区,23.42,23.42,23.42,23.42,0.0,1,single_period,,False
2019-10,门头沟区,36.41,36.41,36.41,36.41,0.0,1,single_period,,False
2019-10,房山区,10.21,10.21,10.21,10.21,0.0,1,single_period,,False
2019-10,通州区,9.62,9.62,9.62,9.62,0.0,1,single_period,,False
2019-10,顺义区,31.81,31.81,31.81,31.81,0.0,1,single_period,,False
2019-10,昌平区,29.11,29.11,29.11,29.11,0.0,1,single_period,,False
2019-10,大兴区,18.2,18.2,18.2,18.2,0.0,1,single_period,,False
2019-10,怀柔区,16.76,16.76,16.76,16.76,0.0,1,single_period,,False
2019-10,平谷区,29.98,29.98,29.98,29.98,0.0,1,single_period,,False
2019-10,密云区,23.94,23.94,23.94,23.94,0.0,1,single_period,,False
2019-10,延庆区,10.23,10.23,10.23,10.23,0.0,1,single_period,,False
2019-11,朝阳区,31.06,31.06,31.06,31.06,0.0,1,single_period,,False
2019-11,海淀区,26.0,26.0,26.0,26.0,0.0,1,single_period,,False
2019-11,丰台区,21.62,21.62,21.62,21.62,0.0,1,single_period,,False
2019-11,石景山区,23.29,23.29,23.29,23.29,0.0,1,single_period,,False
2019-11,门头沟区,36.93,36.93,36.93,36.93,0.0,1,single_period,,False
2019-11,房山区,9.99,9.99,9.99,9.99,0.0,1,single_period,,False
2019-11,通州区,9.29,9.29,9.29,9.29,0.0,1,single_period,,False
2019-11,顺义区,30.74,30.74,30.74,30.74,0.0,1,single_period,,False
2019-11,昌平区,28.61,28.61,28.61,28.61,0.0,1,single_period,,False
2019-11,大兴区,17.94,17.94,17.94,17.94,0.0,1,single_period,,False
2019-11,怀柔区,17.18,17.18,17.18,17.18,0.0,1,single_period,,False
2019-11,平谷区,29.64,29.64,29.64,29.64,0.0,1,single_period,,False
2019-11,密云区,24.06,24.06,24.06,24.06,0.0,1,single_period,,False
2019-11,延庆区,9.85,9.85,9.85,9.85,0.0,1,single_period,,False
2019-12,朝阳区,31.34,31.34,31.34,31.34,0.0,1,single_period,,False
2019-12,海淀区,25.75,25.75,25.75,25.75,0.0,1,single_period,,False
2019-12,丰台区,21.68,21.68,21.68,21.68,0.0,1,single_period,,False
2019-12,石景山区,23.21,23.21,23.21,23.21,0.0,1,single_period,,False
2019-12,门头沟区,37.47,37.47,37.47,37.47,0.0,1,single_period,,False
2019-12,房山区,10.18,10.18,10.18,10.18,0.0,1,single_period,,False
2019-12,通州区,9.56,9.56,9.56,9.56,0.0,1,single_period,,False
2019-12,顺义区,30.95,30.95,30.95,30.95,0.0,1,single_period,,False
2019-12,昌平区,28.68,28.68,28.68,28.68,0.0,1,single_period,,False
2019-12,大兴区,17.9,17.9,17.9,17.9,0.0,1,single_period,,False
2019-12,怀柔区,17.48,17.48,17.48,17.48,0.0,1,single_period,,False
2019-12,平谷区,30.85,30.85,30.85,30.85,0.0,1,single_period,,False
2019-12,密云区,24.38,24.38,24.38,24.38,0.0,1,single_period,,False
2019-12,延庆区,9.11,9.11,9.11,9.11,0.0,1,single_period,,False
2020-01,朝阳区,31.11,31.11,31.11,31.11,0.0,1,single_period,,False
2020-01,海淀区,25.57,25.57,25.57,25.57,0.0,1,single_period,,False
2020-01,丰台区,21.76,21.76,21.76,21.76,0.0,1,single_period,,False
2020-01,石景山区,23.55,23.55,23.55,23.55,0.0,1,single_period,,True
2020-01,门头沟区,38.29,38.29,38.29,38.29,0.0,1,single_period,,False
2020-01,房山区,10.05,10.05,10.05,10.05,0.0,1,single_period,,False
2020-01,通州区,9.02,9.02,9.02,9.02,0.0,1,single_period,,False
2020-01,顺义区,29.98,29.98,29.98,29.98,0.0,1,single_period,,False
2020-01,昌平区,28.22,28.22,28.22,28.22,0.0,1,single_period,,False
2020-01,大兴区,17.26,17.26,17.26,17.26,0.0,1,single_period,,False
2020-01,怀柔区,17.73,17.73,17.73,17.73,0.0,1,single_period,,False
2020-01,平谷区,30.8,30.8,30.8,30.8,0.0,1,single_period,,False
2020-01,密云区,24.36,24.36,24.36,24.36,0.0,1,single_period,,False
2020-01,延庆区,8.56,8.56,8.56,8.56,0.0,1,single_period,,False
2020-02,朝阳区,30.56,30.56,30.56,30.56,0.0,1,single_period,,False
2020-02,海淀区,24.65,24.65,24.65,24.65,0.0,1,single_period,,False
2020-02,丰台区,21.71,21.71,21.71,21.71,0.0,1,single_period,,False
2020-02,石景山区,24.05,24.05,24.05,24.05,0.0,1,single_period,,True
2020-02,门头沟区,39.19,39.19,39.19,39.19,0.0,1,single_period,,False
2020-02,房山区,9.97,9.97,9.97,9.97,0.0,1,single_period,,False
2020-02,通州区,8.86,8.86,8.86,8.86,0.0,1,single_period,,False
2020-02,顺义区,29.37,29.37,29.37,29.37,0.0,1,single_period,,False
2020-02,昌平区,27.65,27.65,27.65,27.65,0.0,1,single_period,,False
2020-02,大兴区,16.89,16.89,16.89,16.89,0.0,1,single_period,,False
2020-02,怀柔区,17.88,17.88,17.88,17.88,0.0,1,single_period,,False
2020-02,平谷区,30.7,30.7,30.7,30.7,0.0,1,single_period,,False
2020-02,密云区,24.51,24.51,24.51,24.51,0.0,1,single_period,,False
2020-02,延庆区,8.37,8.37,8.37,8.37,0.0,1,single_period,,False
2020-03,朝阳区,30.19,30.19,30.19,30.19,0.0,1,single_period,,False
2020-03,海淀区,24.39,24.39,24.39,24.39,0.0,1,single_period,,False
2020-03,丰台区,21.74,21.74,21.74,21.74,0.0,1,single_period,,False
2020-03,石景山区,23.91,23.91,23.91,23.91,0.0,1,single_period,,True
2020-03,门头沟区,40.0,40.0,40.0,40.0,0.0,1,single_period,,False
2020-03,房山区,9.71,9.71,9.71,9.71,0.0,1,single_period,,False
2020-03,通州区,8.78,8.78,8.78,8.78,0.0,1,single_period,,False
2020-03,顺义区,28.85,28.85,28.85,28.85,0.0,1,single_period,,False
2020-03,昌平区,27.34,27.34,27.34,27.34,0.0,1,single_period,,False
2020-03,大兴区,16.74,16.74,16.74,16.74,0.0,1,single_period,,False
2020-03,怀柔区,17.91,17.91,17.91,17.91,0.0,1,single_period,,False
2020-03,平谷区,30.48,30.48,30.48,30.48,0.0,1,single_period,,False
2020-03,密云区,24.6,24.6,24.6,24.6,0.0,1,single_period,,False
2020-03,延庆区,8.16,8.16,8.16,8.16,0.0,1,single_period,,False
2020-04,朝阳区,30.33,30.33,30.33,30.33,0.0,1,single_period,,False
2020-04,海淀区,24.88,24.88,24.88,24.88,0.0,1,single_period,,False
2020-04,丰台区,21.87,21.87,21.87,21.87,0.0,1,single_period,,False
2020-04,石景山区,23.95,23.95,23.95,23.95,0.0,1,single_period,,True
2020-04,门头沟区,40.86,40.86,40.86,40.86,0.0,1,single_period,,False
2020-04,房山区,10.1,10.1,10.1,10.1,0.0,1,single_period,,False
2020-04,通州区,9.65,9.65,9.65,9.65,0.0,1,single_period,,False
2020-04,顺义区,29.86,29.86,29.86,29.86,0.0,1,single_period,,False
2020-04,昌平区,27.77,27.77,27.77,27.77,0.0,1,single_period,,False
2020-04,大兴区,17.58,17.58,17.58,17.58,0.0,1,single_period,,False
2020-04,怀柔区,19.78,19.78,19.78,19.78,0.0,1,single_period,,False
2020-04,平谷区,31.11,31.11,31.11,31.11,0.0,1,single_period,,False
2020-04,密云区,24.82,24.82,24.82,24.82,0.0,1,single_period,,False
2020-04,延庆区,8.35,8.35,8.35,8.35,0.0,1,single_period,,False
2020-05,朝阳区,30.41,30.41,30.41,30.41,0.0,1,single_period,,False
2020-05,海淀区,25.6,25.6,25.6,25.6,0.0,1,single_period,,False
2020-05,丰台区,21.98,21.98,21.98,21.98,0.0,1,single_period,,False
2020-05,石景山区,24.23,24.23,24.23,24.23,0.0,1,single_period,,True
2020-05,门头沟区,41.16,41.16,41.16,41.16,0.0,1,single_period,,False
2020-05,房山区,10.7,10.7,10.7,10.7,0.0,1,single_period,,False
2020-05,通州区,10.27,10.27,10.27,10.27,0.0,1,single_period,,False
2020-05,顺义区,31.2,31.2,31.2,31.2,0.0,1,single_period,,False
2020-05,昌平区,28.66,28.66,28.66,28.66,0.0,1,single_period,,False
2020-05,大兴区,18.2,18.2,18.2,18.2,0.0,1,single_period,,False
2020-05,怀柔区,19.97,19.97,19.97,19.97,0.0,1,single_period,,False
2020-05,平谷区,32.46,32.46,32.46,32.46,0.0,1,single_period,,False
2020-05,密云区,24.85,24.85,24.85,24.85,0.0,1,single_period,,False
2020-05,延庆区,10.4,10.4,10.4,10.4,0.0,1,single_period,,False
2020-06,朝阳区,30.49,30.49,30.49,30.49,0.0,1,single_period,,False
2020-06,海淀区,25.56,25.56,25.56,25.56,0.0,1,single_period,,False
2020-06,丰台区,20.73,20.73,20.73,20.73,0.0,1,single_period,,False
2020-06,石景山区,24.13,24.13,24.13,24.13,0.0,1,single_period,,True
2020-06,门头沟区,38.06,38.06,38.06,38.06,0.0,1,single_period,,False
2020-06,房山区,11.09,11.09,11.09,11.09,0.0,1,single_period,,False
2020-06,通州区,10.08,10.08,10.08,10.08,0.0,1,single_period,,False
2020-06,顺义区,31.11,31.11,31.11,31.11,0.0,1,single_period,,False
2020-06,昌平区,28.99,28.99,28.99,28.99,0.0,1,single_period,,False
2020-06,大兴区,18.13,18.13,18.13,18.13,0.0,1,single_period,,False
2020-06,怀柔区,20.28,20.28,20.28,20.28,0.0,1,single_period,,False
2020-06,平谷区,33.18,33.18,33.18,33.18,0.0,1,single_period,,False
2020-06,密云区,25.01,25.01,25.01,25.01,0.0,1,single_period,,False
2020-06,延庆区,9.92,9.92,9.92,9.92,0.0,1,single_period,,False
2020-07,朝阳区,31.06,31.06,30.88,31.24,0.2545584412271567,2,two_periods,,False
2020-07,海淀区,26.415,26.415,25.78,27.05,0.898025612106915,2,two_periods,,False
2020-07,丰台区,20.56,20.56,20.5,20.62,0.0848528137423864,2,two_periods,,False
2020-07,石景山区,30.135,30.135,23.72,36.55,9.072180002623403,2,two_periods,,True
2020-07,门头沟区,38.43,38.43,38.43,38.43,0.0,2,two_periods,,False
2020-07,房山区,11.09,11.09,10.45,11.73,0.9050966799187816,2,two_periods,,False
2020-07,通州区,9.875,9.875,8.66,11.09,1.7182694782833103,2,two_periods,,False
2020-07,顺义区,31.89,31.89,31.25,32.53,0.9050966799187816,2,two_periods,,False
2020-07,昌平区,28.93,28.93,28.22,29.64,1.0040916292848987,2,two_periods,,False
2020-07,大兴区,18.36,18.36,18.28,18.44,0.1131370849898477,2,two_periods,,False
2020-07,怀柔区,18.54,18.54,16.41,20.67,3.012274887854693,2,two_periods,,False
2020-07,平谷区,36.14,36.14,35.04,37.24,1.5556349186104066,2,two_periods,,False
2020-07,密云区,25.035,25.035,24.9,25.17,0.19091883092037,2,two_periods,,False
2020-07,延庆区,9.715,9.715,8.87,10.56,1.1950104602052662,2,two_periods,,False
2020-08,东城区,25.28,25.28,25.28,25.28,0.0,1,single_period,,False
2020-08,西城区,25.79,25.79,25.79,25.79,0.0,1,single_period,,False
2020-08,朝阳区,30.9,30.9,30.9,30.9,0.0,1,single_period,,False
2020-08,海淀区,26.52,26.52,26.52,26.52,0.0,1,single_period,,False
2020-08,丰台区,20.29,20.29,20.29,20.29,0.0,1,single_period,,False
2020-08,石景山区,36.84,36.84,36.84,36.84,0.0,1,single_period,,True
2020-08,门头沟区,38.2,38.2,38.2,38.2,0.0,1,single_period,,False
2020-08,房山区,9.38,9.38,9.38,9.38,0.0,1,single_period,,False
2020-08,通州区,7.6,7.6,7.6,7.6,0.0,1,single_period,,False
2020-08,顺义区,30.58,30.58,30.58,30.58,0.0,1,single_period,,False
2020-08,昌平区,27.68,27.68,27.68,27.68,0.0,1,single_period,,False
2020-08,大兴区,17.43,17.43,17.43,17.43,0.0,1,single_period,,False
2020-08,怀柔区,16.33,16.33,16.33,16.33,0.0,1,single_period,,False
2020-08,平谷区,36.41,36.41,36.41,36.41,0.0,1,single_period,,False
2020-08,密云区,24.8,24.8,24.8,24.8,0.0,1,single_period,,False
2020-08,延庆区,8.51,8.51,8.51,8.51,0.0,1,single_period,,False
2020-09,东城区,25.03,25.03,25.03,25.03,0.0,1,single_period,,False
2020-09,西城区,25.6,25.6,25.6,25.6,0.0,1,single_period,,False
2020-09,朝阳区,30.89,30.89,30.89,30.89,0.0,1,single_period,,False
2020-09,海淀区,26.38,26.38,26.38,26.38,0.0,1,single_period,,False
2020-09,丰台区,20.11,20.11,20.11,20.11,0.0,1,single_period,,False
2020-09,石景山区,36.65,36.65,36.65,36.65,0.0,1,single_period,,True
2020-09,门头沟区,37.75,37.75,37.75,37.75,0.0,1,single_period,,False
2020-09,房山区,9.39,9.39,9.39,9.39,0.0,1,single_period,,False
2020-09,通州区,7.52,7.52,7.52,7.52,0.0,1,single_period,,False
2020-09,顺义区,30.57,30.57,30.57,30.57,0.0,1,single_period,,False
2020-09,昌平区,27.89,27.89,27.89,27.89,0.0,1,single_period,,False
2020-09,大兴区,17.4,17.4,17.4,17.4,0.0,1,single_period,,False
2020-09,怀柔区,16.27,16.27,16.27,16.27,0.0,1,single_period,,False
2020-09,平谷区,36.53,36.53,36.53,36.53,0.0,1,single_period,,False
2020-09,密云区,24.44,24.44,24.44,24.44,0.0,1,single_period,,False
2020-09,延庆区,8.04,8.04,8.04,8.04,0.0,1,single_period,,False
2020-10,东城区,24.89,24.89,24.89,24.89,0.0,1,single_period,,False
2020-10,西城区,25.15,25.15,25.15,25.15,0.0,1,single_period,,False
2020-10,朝阳区,30.53,30.53,30.53,30.53,0.0,1,single_period,,False
2020-10,海淀区,26.46,26.46,26.46,26.46,0.0,1,single_period,,False
2020-10,丰台区,19.84,19.84,19.84,19.84,0.0,1,single_period,,False
2020-10,石景山区,35.83,35.83,35.83,35.83,0.0,1,single_period,,True
2020-10,门头沟区,36.74,36.74,36.74,36.74,0.0,1,single_period,,False
2020-10,房山区,9.44,9.44,9.44,9.44,0.0,1,single_period,,False
2020-10,通州区,7.71,7.71,7.71,7.71,0.0,1,single_period,,False
2020-10,顺义区,30.54,30.54,30.54,30.54,0.0,1,single_period,,False
2020-10,昌平区,27.75,27.75,27.75,27.75,0.0,1,single_period,,False
2020-10,大兴区,17.47,17.47,17.47,17.47,0.0,1,single_period,,False
2020-10,怀柔区,16.18,16.18,16.18,16.18,0.0,1,single_period,,False
2020-10,平谷区,36.54,36.54,36.54,36.54,0.0,1,single_period,,False
2020-10,密云区,24.63,24.63,24.63,24.63,0.0,1,single_period,,False
2020-10,延庆区,7.85,7.85,7.85,7.85,0.0,1,single_period,,False
2020-11,东城区,24.95,24.95,24.95,24.95,0.0,1,single_period,,False
2020-11,西城区,22.55,22.55,22.55,22.55,0.0,1,single_period,,False
2020-11,朝阳区,30.5,30.5,30.5,30.5,0.0,1,single_period,,False
2020-11,海淀区,26.29,26.29,26.29,26.29,0.0,1,single_period,,False
2020-11,丰台区,19.17,19.17,19.17,19.17,0.0,1,single_period,,False
2020-11,石景山区,34.99,34.99,34.99,34.99,0.0,1,single_period,,True
2020-11,门头沟区,35.62,35.62,35.62,35.62,0.0,1,single_period,,False
2020-11,房山区,9.0,9.0,9.0,9.0,0.0,1,single_period,,False
2020-11,通州区,7.69,7.69,7.69,7.69,0.0,1,single_period,,False
2020-11,顺义区,30.21,30.21,30.21,30.21,0.0,1,single_period,,False
2020-11,昌平区,27.47,27.47,27.47,27.47,0.0,1,single_period,,False
2020-11,大兴区,17.52,17.52,17.52,17.52,0.0,1,single_period,,False
2020-11,怀柔区,16.56,16.56,16.56,16.56,0.0,1,single_period,,False
2020-11,平谷区,36.86,36.86,36.86,36.86,0.0,1,single_period,,False
2020-11,密云区,24.97,24.97,24.97,24.97,0.0,1,single_period,,False
2020-11,延庆区,7.47,7.47,7.47,7.47,0.0,1,single_period,,False
2020-12,东城区,24.97,24.97,24.97,24.97,0.0,1,single_period,,False
2020-12,西城区,23.03,23.03,23.03,23.03,0.0,1,single_period,,False
2020-12,朝阳区,30.15,30.15,30.15,30.15,0.0,1,single_period,,False
2020-12,海淀区,26.1,26.1,26.1,26.1,0.0,1,single_period,,False
2020-12,丰台区,19.07,19.07,19.07,19.07,0.0,1,single_period,,False
2020-12,石景山区,35.2,35.2,35.2,35.2,0.0,1,single_period,,True
2020-12,门头沟区,35.79,35.79,35.79,35.79,0.0,1,single_period,,False
2020-12,房山区,8.62,8.62,8.62,8.62,0.0,1,single_period,,False
2020-12,通州区,7.85,7.85,7.85,7.85,0.0,1,single_period,,False
2020-12,顺义区,29.35,29.35,29.35,29.35,0.0,1,single_period,,False
2020-12,昌平区,27.06,27.06,27.06,27.06,0.0,1,single_period,,False
2020-12,大兴区,16.84,16.84,16.84,16.84,0.0,1,single_period,,False
2020-12,怀柔区,16.27,16.27,16.27,16.27,0.0,1,single_period,,False
2020-12,平谷区,35.85,35.85,35.85,35.85,0.0,1,single_period,,False
2020-12,密云区,25.17,25.17,25.17,25.17,0.0,1,single_period,,False
2020-12,延庆区,7.2,7.2,7.2,7.2,0.0,1,single_period,,False
2021-01,东城区,24.96,24.96,24.96,24.96,0.0,1,single_period,,False
2021-01,西城区,22.48,22.48,22.48,22.48,0.0,1,single_period,,False
2021-01,朝阳区,29.97,29.97,29.97,29.97,0.0,1,single_period,,False
2021-01,海淀区,25.69,25.69,25.69,25.69,0.0,1,single_period,,False
2021-01,丰台区,18.98,18.98,18.98,18.98,0.0,1,single_period,,False
2021-01,石景山区,35.2,35.2,35.2,35.2,0.0,1,single_period,,True
2021-01,门头沟区,36.65,36.65,36.65,36.65,0.0,1,single_period,,False
2021-01,房山区,8.55,8.55,8.55,8.55,0.0,1,single_period,,False
2021-01,通州区,7.82,7.82,7.82,7.82,0.0,1,single_period,,False
2021-01,顺义区,28.56,28.56,28.56,28.56,0.0,1,single_period,,False
2021-01,昌平区,26.78,26.78,26.78,26.78,0.0,1,single_period,,False
2021-01,大兴区,16.5,16.5,16.5,16.5,0.0,1,single_period,,False
2021-01,怀柔区,16.34,16.34,16.34,16.34,0.0,1,single_period,,False
2021-01,平谷区,35.5,35.5,35.5,35.5,0.0,1,single_period,,False
2021-01,密云区,25.39,25.39,25.39,25.39,0.0,1,single_period,,False
2021-01,延庆区,7.09,7.09,7.09,7.09,0.0,1,single_period,,False
2021-02,东城区,24.82,24.82,24.82,24.82,0.0,1,single_period,,False
2021-02,西城区,22.09,22.09,22.09,22.09,0.0,1,single_period,,False
2021-02,朝阳区,29.75,29.75,29.75,29.75,0.0,1,single_period,,False
2021-02,海淀区,25.49,25.49,25.49,25.49,0.0,1,single_period,,False
2021-02,丰台区,18.86,18.86,18.86,18.86,0.0,1,single_period,,False
2021-02,石景山区,36.19,36.19,36.19,36.19,0.0,1,single_period,,True
2021-02,门头沟区,37.33,37.33,37.33,37.33,0.0,1,single_period,,False
2021-02,房山区,8.32,8.32,8.32,8.32,0.0,1,single_period,,False
2021-02,通州区,7.8,7.8,7.8,7.8,0.0,1,single_period,,False
2021-02,顺义区,28.24,28.24,28.24,28.24,0.0,1,single_period,,False
2021-02,昌平区,26.49,26.49,26.49,26.49,0.0,1,single_period,,False
2021-02,大兴区,16.45,16.45,16.45,16.45,0.0,1,single_period,,False
2021-02,怀柔区,16.28,16.28,16.28,16.28,0.0,1,single_period,,False
2021-02,平谷区,35.09,35.09,35.09,35.09,0.0,1,single_period,,False
2021-02,密云区,25.6,25.6,25.6,25.6,0.0,1,single_period,,False
2021-02,延庆区,7.01,7.01,7.01,7.01,0.0,1,single_period,,False
2021-03,东城区,24.57,24.57,24.57,24.57,0.0,1,single_period,,False
2021-03,西城区,21.71,21.71,21.71,21.71,0.0,1,single_period,,False
2021-03,朝阳区,29.54,29.54,29.54,29.54,0.0,1,single_period,,False
2021-03,海淀区,25.53,25.53,25.53,25.53,0.0,1,single_period,,False
2021-03,丰台区,18.85,18.85,18.85,18.85,0.0,1,single_period,,False
2021-03,石景山区,36.5,36.5,36.5,36.5,0.0,1,single_period,,True
2021-03,门头沟区,37.67,37.67,37.67,37.67,0.0,1,single_period,,False
2021-03,房山区,8.24,8.24,8.24,8.24,0.0,1,single_period,,False
2021-03,通州区,8.01,8.01,8.01,8.01,0.0,1,single_period,,False
2021-03,顺义区,28.17,28.17,28.17,28.17,0.0,1,single_period,,False
2021-03,昌平区,26.73,26.73,26.73,26.73,0.0,1,single_period,,False
2021-03,大兴区,16.85,16.85,16.85,16.85,0.0,1,single_period,,False
2021-03,怀柔区,16.28,16.28,16.28,16.28,0.0,1,single_period,,False
2021-03,平谷区,35.11,35.11,35.11,35.11,0.0,1,single_period,,False
2021-03,密云区,25.84,25.84,25.84,25.84,0.0,1,single_period,,False
2021-03,延庆区,7.03,7.03,7.03,7.03,0.0,1,single_period,,False
2021-04,东城区,24.48,24.48,24.48,24.48,0.0,1,single_period,,False
2021-04,西城区,21.58,21.58,21.58,21.58,0.0,1,single_period,,False
2021-04,朝阳区,30.11,30.11,30.11,30.11,0.0,1,single_period,,False
2021-04,海淀区,26.45,26.45,26.45,26.45,0.0,1,single_period,,False
2021-04,丰台区,18.9,18.9,18.9,18.9,0.0,1,single_period,,False
2021-04,石景山区,37.03,37.03,37.03,37.03,0.0,1,single_period,,True
2021-04,门头沟区,38.22,38.22,38.22,38.22,0.0,1,single_period,,False
2021-04,房山区,9.21,9.21,9.21,9.21,0.0,1,single_period,,False
2021-04,通州区,8.66,8.66,8.66,8.66,0.0,1,single_period,,False
2021-04,顺义区,30.26,30.26,30.26,30.26,0.0,1,single_period,,False
2021-04,昌平区,27.78,27.78,27.78,27.78,0.0,1,single_period,,False
2021-04,大兴区,17.62,17.62,17.62,17.62,0.0,1,single_period,,False
2021-04,怀柔区,16.34,16.34,16.34,16.34,0.0,1,single_period,,False
2021-04,平谷区,37.12,37.12,37.12,37.12,0.0,1,single_period,,False
2021-04,密云区,26.29,26.29,26.29,26.29,0.0,1,single_period,,False
2021-04,延庆区,8.71,8.71,8.71,8.71,0.0,1,single_period,,False
2021-05,东城区,25.05,25.05,25.05,25.05,0.0,1,single_period,,False
2021-05,西城区,21.86,21.86,21.86,21.86,0.0,1,single_period,,False
2021-05,朝阳区,30.45,30.45,30.45,30.45,0.0,1,single_period,,False
2021-05,海淀区,26.84,26.84,26.84,26.84,0.0,1,single_period,,False
2021-05,丰台区,18.91,18.91,18.91,18.91,0.0,1,single_period,,False
2021-05,石景山区,37.03,37.03,37.03,37.03,0.0,1,single_period,,True
2021-05,门头沟区,38.31,38.31,38.31,38.31,0.0,1,single_period,,False
2021-05,房山区,9.9,9.9,9.9,9.9,0.0,1,single_period,,False
2021-05,通州区,9.03,9.03,9.03,9.03,0.0,1,single_period,,False
2021-05,顺义区,30.25,30.25,30.25,30.25,0.0,1,single_period,,False
2021-05,昌平区,28.44,28.44,28.44,28.44,0.0,1,single_period,,False
2021-05,大兴区,18.45,18.45,18.45,18.45,0.0,1,single_period,,False
2021-05,怀柔区,15.45,15.45,15.45,15.45,0.0,1,single_period,,False
2021-05,平谷区,38.4,38.4,38.4,38.4,0.0,1,single_period,,False
2021-05,密云区,24.39,24.39,24.39,24.39,0.0,1,single_period,,False
2021-05,延庆区,8.66,8.66,8.66,8.66,0.0,1,single_period,,False
2021-06,东城区,24.85,24.85,24.85,24.85,0.0,1,single_period,,False
2021-06,西城区,21.86,21.86,21.86,21.86,0.0,1,single_period,,False
2021-06,朝阳区,29.62,29.62,29.62,29.62,0.0,1,single_period,,False
2021-06,海淀区,27.2,27.2,27.2,27.2,0.0,1,single_period,,False
2021-06,丰台区,18.9,18.9,18.9,18.9,0.0,1,single_period,,False
2021-06,石景山区,36.41,36.41,36.41,36.41,0.0,1,single_period,,True
2021-06,门头沟区,37.48,37.48,37.48,37.48,0.0,1,single_period,,False
2021-06,房山区,10.33,10.33,10.33,10.33,0.0,1,single_period,,False
2021-06,通州区,8.64,8.64,8.64,8.64,0.0,1,single_period,,False
2021-06,顺义区,29.15,29.15,29.15,29.15,0.0,1,single_period,,False
2021-06,昌平区,28.59,28.59,28.59,28.59,0.0,1,single_period,,False
2021-06,大兴区,18.45,18.45,18.45,18.45,0.0,1,single_period,,False
2021-06,怀柔区,14.47,14.47,14.47,14.47,0.0,1,single_period,,False
2021-06,平谷区,39.09,39.09,39.09,39.09,0.0,1,single_period,,False
2021-06,密云区,23.64,23.64,23.64,23.64,0.0,1,single_period,,False
2021-06,延庆区,8.8,8.8,8.8,8.8,0.0,1,single_period,,False
2021-07,东城区,24.6,24.6,24.6,24.6,0.0,1,single_period,,False
2021-07,西城区,21.14,21.14,21.14,21.14,0.0,1,single_period,,False
2021-07,朝阳区,29.58,29.58,29.58,29.58,0.0,1,single_period,,False
2021-07,海淀区,25.24,25.24,25.24,25.24,0.0,1,single_period,,False
2021-07,丰台区,18.3,18.3,18.3,18.3,0.0,1,single_period,,False
2021-07,石景山区,34.14,34.14,34.14,34.14,0.0,1,single_period,,True
2021-07,门头沟区,35.64,35.64,35.64,35.64,0.0,1,single_period,,False
2021-07,房山区,8.13,8.13,8.13,8.13,0.0,1,single_period,,False
2021-07,顺义区,27.0,27.0,27.0,27.0,0.0,1,single_period,,False
2021-07,昌平区,27.09,27.09,27.09,27.09,0.0,1,single_period,,False
2021-07,大兴区,16.85,16.85,16.85,16.85,0.0,1,single_period,,False
2021-07,怀柔区,13.42,13.42,13.42,13.42,0.0,1,single_period,,False
2021-07,平谷区,34.27,34.27,34.27,34.27,0.0,1,single_period,,False
2021-07,密云区,21.98,21.98,21.98,21.98,0.0,1,single_period,,False
2021-07,延庆区,7.89,7.89,7.89,7.89,0.0,1,single_period,,False
2021-08,东城区,24.34,24.34,24.22,24.46,0.1697056274847728,2,two_periods,,False
2021-08,西城区,21.24,21.24,21.06,21.42,0.2545584412271592,2,two_periods,,False
2021-08,朝阳区,29.365,29.365,29.33,29.4,0.0494974746830585,2,two_periods,,False
2021-08,海淀区,24.07,24.07,23.79,24.35,0.3959797974644682,2,two_periods,,False
2021-08,丰台区,17.615,17.615,17.49,17.74,0.1767766952966369,2,two_periods,,False
2021-08,石景山区,31.19,31.19,30.53,31.85,0.933380951166243,2,two_periods,,True
2021-08,门头沟区,32.775,32.775,32.07,33.48,0.9970205614730296,2,two_periods,,False
2021-08,房山区,7.76,7.76,7.53,7.99,0.3252691193458118,2,two_periods,,False
2021-08,通州区,7.125,7.125,7.07,7.18,0.0777817459305198,2,two_periods,,False
2021-08,顺义区,25.48,25.48,25.37,25.59,0.1555634918610396,2,two_periods,,False
2021-08,昌平区,26.385,26.385,26.09,26.68,0.4171930009000629,2,two_periods,,False
2021-08,大兴区,16.634999999999998,16.634999999999998,16.59,16.68,0.0636396103067891,2,two_periods,,False
2021-08,怀柔区,13.15,13.15,13.15,13.15,0.0,2,two_periods,,False
2021-08,平谷区,29.555,29.555,28.39,30.72,1.6475588001646544,2,two_periods,,False
2021-08,密云区,18.58,18.58,18.12,19.04,0.6505382386916224,2,two_periods,,False
2021-08,延庆区,8.2,8.2,7.86,8.54,0.4808326112068514,2,two_periods,,False
2021-09,东城区,23.86666666666667,23.87,23.81,23.92,0.0550757054728625,3,three_or_more_periods,,False
2021-09,西城区,21.55,21.87,20.82,21.96,0.6337980750996334,3,three_or_more_periods,,False
2021-09,朝阳区,28.933333333333334,28.93,28.79,29.08,0.1450287327853801,3,three_or_more_periods,,False
2021-09,海淀区,22.77,22.75,22.52,23.04,0.2605762844159074,3,three_or_more_periods,,False
2021-09,丰台区,17.18,17.19,17.08,17.27,0.0953939201416953,3,three_or_more_periods,,False
2021-09,石景山区,28.653333333333336,28.64,28.23,29.09,0.4301550108197428,3,three_or_more_periods,,True
2021-09,门头沟区,29.73333333333333,29.69,29.26,30.25,0.4964205206609942,3,three_or_more_periods,,False
2021-09,房山区,7.1000000000000005,7.08,6.93,7.29,0.1808314132002514,3,three_or_more_periods,,False
2021-09,通州区,6.523333333333333,6.5,6.34,6.73,0.1960442127004351,3,three_or_more_periods,,False
2021-09,顺义区,23.37333333333333,23.46,23.09,23.57,0.2514623895005642,3,three_or_more_periods,,False
2021-09,昌平区,25.266666666666666,25.28,25.03,25.49,0.230289672658877,3,three_or_more_periods,,False
2021-09,大兴区,16.066666666666666,16.08,15.87,16.25,0.1903505538035901,3,three_or_more_periods,,False
2021-09,怀柔区,13.25,13.26,13.22,13.27,0.0264575131106453,3,three_or_more_periods,,False
2021-09,平谷区,26.22666666666667,26.3,25.7,26.68,0.4940985056983411,3,three_or_more_periods,,False
2021-09,密云区,16.613333333333333,16.6,16.31,16.93,0.3102149792213999,3,three_or_more_periods,,False
2021-09,延庆区,7.213333333333334,7.21,7.1,7.33,0.1150362261782495,3,three_or_more_periods,,False
2021-10,东城区,23.40333333333333,23.36,23.31,23.54,0.1209683154108271,3,three_or_more_periods,,False
2021-10,西城区,21.590000000000003,21.57,21.42,21.78,0.180831413200251,3,three_or_more_periods,,False
2021-10,朝阳区,28.39333333333333,28.32,28.28,28.58,0.1628905563049401,3,three_or_more_periods,,False
2021-10,海淀区,21.72666666666667,21.67,21.47,22.04,0.2891942830232528,3,three_or_more_periods,,False
2021-10,丰台区,16.84,16.82,16.74,16.96,0.1113552872566015,3,three_or_more_periods,,False
2021-10,石景山区,26.933333333333334,26.74,26.41,27.65,0.6422097269065088,3,three_or_more_periods,,True
2021-10,门头沟区,27.896666666666665,27.72,27.36,28.61,0.6434542200757825,3,three_or_more_periods,,False
2021-10,房山区,6.723333333333334,6.73,6.68,6.76,0.0404145188432739,3,three_or_more_periods,,False
2021-10,通州区,6.236666666666667,6.25,6.15,6.31,0.0808290376865472,3,three_or_more_periods,,False
2021-10,顺义区,22.15,21.98,21.98,22.49,0.294448637286708,3,three_or_more_periods,,False
2021-10,昌平区,24.48333333333333,24.47,24.34,24.64,0.1504437879519571,3,three_or_more_periods,,False
2021-10,大兴区,15.656666666666666,15.62,15.6,15.75,0.081445278152471,3,three_or_more_periods,,False
2021-10,怀柔区,9.3,9.23,9.04,9.63,0.3011644069275127,3,three_or_more_periods,,False
2021-10,平谷区,23.96333333333333,23.54,23.31,25.04,0.9394856748952236,3,three_or_more_periods,,False
2021-10,密云区,15.556666666666668,15.47,15.26,15.94,0.3481857741685222,3,three_or_more_periods,,False
2021-10,延庆区,6.756666666666668,6.72,6.65,6.9,0.1289702808143541,3,three_or_more_periods,,False
2021-11,东城区,23.2425,23.245,23.19,23.29,0.0411298755975093,4,three_or_more_periods,,False
2021-11,西城区,21.385,21.4,21.29,21.45,0.0695221787153811,4,three_or_more_periods,,False
2021-11,朝阳区,28.2775,28.275,28.24,28.32,0.0350000000000003,4,three_or_more_periods,,False
2021-11,海淀区,20.9625,20.955,20.75,21.19,0.1802544497832628,4,three_or_more_periods,,False
2021-11,丰台区,16.580000000000002,16.604999999999997,16.42,16.69,0.1197218999737859,4,three_or_more_periods,,False
2021-11,石景山区,25.72,25.685,25.46,26.05,0.2588435821108959,4,three_or_more_periods,,True
2021-11,门头沟区,25.485,25.01,24.95,26.97,0.990942312481744,4,three_or_more_periods,,False
2021-11,房山区,6.9475,6.995,6.76,7.04,0.126852933220587,4,three_or_more_periods,,False
2021-11,通州区,6.33,6.335,6.24,6.41,0.0828653526310402,4,three_or_more_periods,,False
2021-11,顺义区,21.762500000000003,21.700000000000003,21.47,22.18,0.309663796183323,4,three_or_more_periods,,False
2021-11,昌平区,24.020000000000003,24.020000000000003,23.94,24.1,0.1131370849898477,2,two_periods,,False
2021-11,大兴区,15.4575,15.46,15.43,15.48,0.0206155281280886,4,three_or_more_periods,,False
2021-11,怀柔区,8.8025,8.809999999999999,8.67,8.92,0.1037223858833441,4,three_or_more_periods,,False
2021-11,平谷区,22.5225,22.630000000000003,21.79,23.04,0.5605577579518459,4,three_or_more_periods,,False
2021-11,密云区,14.9925,14.97,14.91,15.12,0.0928708781050332,4,three_or_more_periods,,False
2021-11,延庆区,6.43,6.42,6.32,6.56,0.1016530045465125,4,three_or_more_periods,,False
2021-12,东城区,22.9975,23.025,22.85,23.09,0.1030776406404408,4,three_or_more_periods,,False
2021-12,西城区,21.1575,21.17,21.04,21.25,0.0884590300647712,4,three_or_more_periods,,False
2021-12,朝阳区,28.2175,28.215,28.14,28.3,0.0655108133567785,4,three_or_more_periods,,False
2021-12,海淀区,20.21,20.21,20.05,20.37,0.2262741699796954,2,two_periods,,False
2021-12,丰台区,16.229999999999997,16.244999999999997,16.13,16.3,0.0716472842006828,4,three_or_more_periods,,False
2021-12,石景山区,25.2775,25.265,25.24,25.34,0.0450000000000003,4,three_or_more_periods,,True
2021-12,门头沟区,24.8525,24.85,24.82,24.89,0.0298607881119483,4,three_or_more_periods,,False
2021-12,房山区,6.615,6.62,6.58,6.64,0.0264575131106457,4,three_or_more_periods,,False
2021-12,通州区,6.3325000000000005,6.34,6.3,6.35,0.0236290781312629,4,three_or_more_periods,,False
2021-12,顺义区,20.96,20.985,20.63,21.24,0.2515286597321797,4,three_or_more_periods,,False
2021-12,昌平区,23.33,23.35,23.13,23.51,0.1907878402833904,3,three_or_more_periods,,False
2021-12,大兴区,15.2675,15.28,15.1,15.41,0.1297112177107287,4,three_or_more_periods,,False
2021-12,怀柔区,8.4625,8.455,8.15,8.79,0.2639917928017202,4,three_or_more_periods,,False
2021-12,平谷区,21.2675,21.225,21.01,21.61,0.249849954972979,4,three_or_more_periods,,False
2021-12,密云区,14.975,14.97,14.87,15.09,0.0932737905308884,4,three_or_more_periods,,False
2021-12,延庆区,6.404999999999999,6.45,6.17,6.55,0.1654287359157008,4,three_or_more_periods,,False
2022-01,东城区,22.56,22.54,22.44,22.72,0.1211060141638986,4,three_or_more_periods,,False
2022-01,西城区,20.6675,20.66,20.47,20.88,0.1725060385416504,4,three_or_more_periods,,False
2022-01,朝阳区,27.945,27.955,27.79,28.08,0.1223383286900165,4,three_or_more_periods,,False
2022-01,海淀区,19.6575,19.655,19.48,19.84,0.1537042614893936,4,three_or_more_periods,,False
2022-01,丰台区,15.920000000000002,15.9,15.81,16.07,0.109848380355227,4,three_or_more_periods,,False
2022-01,石景山区,25.4125,25.405,25.32,25.52,0.0899536917900906,4,three_or_more_periods,,True
2022-01,门头沟区,24.8975,24.89,24.85,24.96,0.0485626742811112,4,three_or_more_periods,,False
2022-01,房山区,6.8175,6.815,6.69,6.95,0.1314977819838292,4,three_or_more_periods,,False
2022-01,通州区,6.339999999999999,6.335,6.31,6.38,0.0316227766016837,4,three_or_more_periods,,False
2022-01,顺义区,20.125,20.105,19.89,20.4,0.2161018278497425,4,three_or_more_periods,,False
2022-01,昌平区,22.8075,22.785,22.61,23.05,0.1837344097694646,4,three_or_more_periods,,False
2022-01,大兴区,14.8725,14.86,14.8,14.97,0.0713559154286922,4,three_or_more_periods,,False
2022-01,怀柔区,7.9725,7.960000000000001,7.9,8.07,0.0727438428093172,4,three_or_more_periods,,False
2022-01,平谷区,20.725,20.71,20.61,20.87,0.1103026140518292,4,three_or_more_periods,,False
2022-01,密云区,15.2875,15.345,15.0,15.46,0.2012254125767091,4,three_or_more_periods,,False
2022-01,延庆区,6.3475,6.365,6.28,6.38,0.0457347424467073,4,three_or_more_periods,,False
2022-02,东城区,22.0525,22.05,21.86,22.25,0.1611159003119598,4,three_or_more_periods,,False
2022-02,西城区,20.1525,20.18,19.91,20.34,0.187327698610394,4,three_or_more_periods,,False
2022-02,朝阳区,27.8025,27.845,27.63,27.89,0.1203813385316293,4,three_or_more_periods,,False
2022-02,海淀区,19.1825,19.14,19.05,19.4,0.1588238017426854,4,three_or_more_periods,,False
2022-02,丰台区,15.88,15.885,15.81,15.94,0.0547722557505163,4,three_or_more_periods,,False
2022-02,石景山区,25.795,25.8,25.63,25.95,0.1396424004376896,4,three_or_more_periods,,True
2022-02,门头沟区,25.6075,25.61,25.51,25.7,0.0813941029804979,4,three_or_more_periods,,False
2022-02,房山区,7.180000000000001,7.18,7.15,7.21,0.025819888974716,4,three_or_more_periods,,False
2022-02,通州区,6.695,6.69,6.65,6.75,0.0420317340430615,4,three_or_more_periods,,False
2022-02,顺义区,19.9825,19.96,19.89,20.12,0.098784276751583,4,three_or_more_periods,,False
2022-02,昌平区,22.4975,22.47,22.44,22.61,0.0780491298264535,4,three_or_more_periods,,False
2022-02,大兴区,15.155,15.15,15.14,15.18,0.0173205080756884,4,three_or_more_periods,,False
2022-02,怀柔区,7.91,7.915,7.84,7.97,0.0571547606649408,4,three_or_more_periods,,False
2022-02,平谷区,20.4975,20.495,20.37,20.63,0.1099621146880438,4,three_or_more_periods,,False
2022-02,密云区,16.405,16.41,16.28,16.52,0.1063014581273461,4,three_or_more_periods,,False
2022-02,延庆区,6.48,6.48,6.45,6.51,0.0294392028877593,4,three_or_more_periods,,False
2022-03,东城区,21.840000000000003,21.83,21.8,21.9,0.045460605656619,4,three_or_more_periods,,False
2022-03,西城区,19.7475,19.745,19.72,19.78,0.0275378527364314,4,three_or_more_periods,,False
2022-03,朝阳区,27.74,27.725,27.68,27.83,0.0668331255192108,4,three_or_more_periods,,False
2022-03,海淀区,18.9975,18.99,18.97,19.04,0.0309569593683443,4,three_or_more_periods,,False
2022-03,丰台区,15.7525,15.765,15.67,15.81,0.0602079728939615,4,three_or_more_periods,,False
2022-03,石景山区,26.1625,26.16,26.04,26.29,0.1132475165290607,4,three_or_more_periods,,True
2022-03,门头沟区,25.8325,25.84,25.76,25.89,0.0561990510002906,4,three_or_more_periods,,False
2022-03,房山区,7.154999999999999,7.155,7.1,7.21,0.0580229839517641,4,three_or_more_periods,,False
2022-03,通州区,6.9525,6.93,6.86,7.09,0.0977667291737496,4,three_or_more_periods,,False
2022-03,顺义区,19.895,19.865,19.86,19.99,0.0635085296108581,4,three_or_more_periods,,False
2022-03,昌平区,22.547500000000003,22.520000000000003,22.5,22.65,0.0694622199472479,4,three_or_more_periods,,False
2022-03,大兴区,15.485,15.47,15.32,15.68,0.1515475722889238,4,three_or_more_periods,,False
2022-03,怀柔区,7.725,7.71,7.65,7.83,0.0793725393319377,4,three_or_more_periods,,False
2022-03,平谷区,20.3375,20.32,20.29,20.42,0.0590903263374536,4,three_or_more_periods,,False
2022-03,密云区,16.762500000000003,16.759999999999998,16.63,16.9,0.117579760163048,4,three_or_more_periods,,False
2022-03,延庆区,6.43,6.43,6.41,6.45,0.0163299316185545,4,three_or_more_periods,,False
2022-04,东城区,21.637500000000003,21.66,21.35,21.88,0.2723202771248089,4,three_or_more_periods,,False
2022-04,西城区,19.315,19.285,19.07,19.62,0.245831920899897,4,three_or_more_periods,,False
2022-04,朝阳区,27.9025,27.905,27.7,28.1,0.1883923211457064,4,three_or_more_periods,,False
2022-04,海淀区,19.2925,19.24,19.16,19.53,0.1660070279636785,4,three_or_more_periods,,False
2022-04,丰台区,15.5025,15.49,15.37,15.66,0.135984067694222,4,three_or_more_periods,,False
2022-04,石景山区,26.305,26.31,26.24,26.36,0.0550757054728612,4,three_or_more_periods,,True
2022-04,门头沟区,25.9975,26.0,25.94,26.05,0.0457347424467074,4,three_or_more_periods,,False
2022-04,房山区,7.7625,7.715,7.69,7.93,0.1129527924990492,4,three_or_more_periods,,False
2022-04,通州区,7.6475,7.640000000000001,7.4,7.91,0.2160825459556292,4,three_or_more_periods,,False
2022-04,顺义区,21.6325,21.415,20.99,22.71,0.7862304581567257,4,three_or_more_periods,,False
2022-04,昌平区,22.585,22.565,22.42,22.79,0.1528615931706404,4,three_or_more_periods,,False
2022-04,大兴区,16.5675,16.604999999999997,16.27,16.79,0.2361320252175321,4,three_or_more_periods,,False
2022-04,怀柔区,7.745,7.744999999999999,7.66,7.83,0.087368949480541,4,three_or_more_periods,,False
2022-04,平谷区,21.5325,21.505000000000003,21.0,22.12,0.4879463768352697,4,three_or_more_periods,,False
2022-04,密云区,17.1275,17.119999999999997,17.01,17.26,0.1075096894858012,4,three_or_more_periods,,False
2022-04,延庆区,7.2725,7.275,6.59,7.95,0.6263319141371185,4,three_or_more_periods,,False
2022-05,东城区,21.245,21.245,21.24,21.25,0.0057735026918971,4,three_or_more_periods,,False
2022-05,西城区,18.9725,18.985,18.93,18.99,0.0287228132326896,4,three_or_more_periods,,False
2022-05,朝阳区,28.0525,28.015,27.92,28.26,0.1459166428707387,4,three_or_more_periods,,False
2022-05,海淀区,19.5875,19.5,19.43,19.92,0.2277974246269415,4,three_or_more_periods,,False
2022-05,丰台区,15.045,15.04,14.94,15.16,0.095742710775634,4,three_or_more_periods,,False
2022-05,石景山区,25.5625,25.555,25.1,26.04,0.4041761167280086,4,three_or_more_periods,,True
2022-05,门头沟区,25.3225,25.315,24.89,25.77,0.364543093017364,4,three_or_more_periods,,False
2022-05,房山区,7.890000000000001,7.935,7.54,8.15,0.2583279569333009,4,three_or_more_periods,,False
2022-05,通州区,7.904999999999999,7.859999999999999,7.55,8.35,0.3343152205130161,4,three_or_more_periods,,False
2022-05,顺义区,22.860000000000003,22.81,22.34,23.48,0.4939635614091388,4,three_or_more_periods,,False
2022-05,昌平区,23.0925,23.035,22.89,23.41,0.2383799488212043,4,three_or_more_periods,,False
2022-05,大兴区,16.935,16.869999999999997,16.69,17.31,0.2685144316419502,4,three_or_more_periods,,False
2022-05,怀柔区,7.905,7.9,7.75,8.07,0.131782649338472,4,three_or_more_periods,,False
2022-05,平谷区,21.9625,21.89,21.84,22.23,0.1815443012967728,4,three_or_more_periods,,False
2022-05,密云区,17.2425,17.314999999999998,16.96,17.38,0.1918984106239541,4,three_or_more_periods,,False
2022-05,延庆区,7.56,7.55,7.35,7.79,0.1845715759987618,4,three_or_more_periods,,False
2022-06,东城区,21.1975,21.175,21.13,21.31,0.083016062702748,4,three_or_more_periods,,False
2022-06,西城区,18.98,18.99,18.86,19.08,0.1029563014098698,4,three_or_more_periods,,False
2022-06,朝阳区,28.32,28.295,27.94,28.75,0.4199206274206267,4,three_or_more_periods,,False
2022-06,海淀区,19.905,19.875,19.71,20.16,0.2212841310773696,4,three_or_more_periods,,False
2022-06,丰台区,14.575,14.55,14.49,14.71,0.09746794344809,4,three_or_more_periods,,False
2022-06,石景山区,24.595,24.55,24.51,24.77,0.1193035344544877,4,three_or_more_periods,,True
2022-06,门头沟区,24.2175,24.175,24.11,24.41,0.1422146265332791,4,three_or_more_periods,,False
2022-06,房山区,8.275,8.225000000000001,8.19,8.46,0.1244989959798877,4,three_or_more_periods,,False
2022-06,通州区,7.987500000000001,7.935,7.74,8.34,0.2787322490611135,4,three_or_more_periods,,False
2022-06,顺义区,22.5725,22.45,21.93,23.46,0.69168273073715,4,three_or_more_periods,,False
2022-06,昌平区,23.375,23.33,23.1,23.74,0.2786275889665857,4,three_or_more_periods,,False
2022-06,大兴区,17.442500000000003,17.36,17.11,17.94,0.3579920855735972,4,three_or_more_periods,,False
2022-06,怀柔区,7.835,7.835,7.78,7.89,0.0465474668125628,4,three_or_more_periods,,False
2022-06,平谷区,22.090000000000003,22.045,21.84,22.43,0.2636917392208814,4,three_or_more_periods,,False
2022-06,密云区,17.17,17.175,17.05,17.28,0.0948683298050516,4,three_or_more_periods,,False
2022-06,延庆区,7.98,7.88,7.76,8.4,0.2885596414377222,4,three_or_more_periods,,False
2022-07,东城区,21.005,21.01,20.9,21.1,0.0953939201416957,4,three_or_more_periods,,False
2022-07,西城区,18.715,18.72,18.64,18.78,0.0624499799839839,4,three_or_more_periods,,False
2022-07,朝阳区,27.8125,27.79,27.72,27.95,0.1027537509453222,4,three_or_more_periods,,False
2022-07,海淀区,19.14,19.125,19.08,19.23,0.0648074069840794,4,three_or_more_periods,,False
2022-07,丰台区,14.2525,14.25,14.16,14.35,0.0842120339777314,4,three_or_more_periods,,False
2022-07,石景山区,24.195,24.145000000000003,24.07,24.42,0.158429795177549,4,three_or_more_periods,,True
2022-07,门头沟区,23.98,23.96,23.93,24.07,0.0621825270205924,4,three_or_more_periods,,False
2022-07,房山区,7.2725,7.31,6.9,7.57,0.3392516273603806,4,three_or_more_periods,,False
2022-07,通州区,7.027500000000001,6.965,6.9,7.28,0.1768945071692919,4,three_or_more_periods,,False
2022-07,顺义区,21.87,21.9,21.6,22.08,0.2150968773986878,4,three_or_more_periods,,False
2022-07,昌平区,22.595,22.595,22.5,22.69,0.0896288643983253,4,three_or_more_periods,,False
2022-07,大兴区,16.145,16.1,16.05,16.33,0.126622799421483,4,three_or_more_periods,,False
2022-07,怀柔区,7.762499999999999,7.76,7.74,7.79,0.0221735578260833,4,three_or_more_periods,,False
2022-07,平谷区,21.42,21.415,21.33,21.52,0.0778888096369866,4,three_or_more_periods,,False
2022-07,密云区,17.325000000000003,17.32,17.2,17.46,0.1292284798332013,4,three_or_more_periods,,False
2022-07,延庆区,7.8625,7.83,7.5,8.29,0.4116936563352253,4,three_or_more_periods,,False
2022-08,东城区,20.65,20.685,20.36,20.87,0.2207562758639801,4,three_or_more_periods,,False
2022-08,西城区,18.4775,18.575000000000003,18.15,18.61,0.2199052826408082,4,three_or_more_periods,,False
2022-08,朝阳区,27.6,27.595,27.57,27.64,0.0294392028877596,4,three_or_more_periods,,False
2022-08,海淀区,18.56,18.630000000000003,18.26,18.72,0.2070426687102597,4,three_or_more_periods,,False
2022-08,丰台区,13.9875,13.995,13.9,14.06,0.0754431353183751,4,three_or_more_periods,,False
2022-08,石景山区,24.0025,24.005000000000003,23.99,24.01,0.0095742710775648,4,three_or_more_periods,,True
2022-08,门头沟区,22.975,23.11,22.43,23.25,0.3693688310257562,4,three_or_more_periods,,False
2022-08,房山区,6.92,6.925000000000001,6.57,7.26,0.2945052348148216,4,three_or_more_periods,,False
2022-08,通州区,6.6875,6.675000000000001,6.61,6.79,0.0873212459828648,4,three_or_more_periods,,False
2022-08,顺义区,20.995,21.05,20.54,21.34,0.3352113760997185,4,three_or_more_periods,,False
2022-08,昌平区,22.0725,22.07,21.86,22.29,0.1846392879824515,4,three_or_more_periods,,False
2022-08,大兴区,15.645,15.665,15.49,15.76,0.113284303119776,4,three_or_more_periods,,False
2022-08,怀柔区,7.505000000000001,7.5,7.49,7.53,0.0191485421551267,4,three_or_more_periods,,False
2022-08,平谷区,20.91,20.935,20.63,21.14,0.2302172886644274,4,three_or_more_periods,,False
2022-08,密云区,17.207500000000003,17.215,17.17,17.23,0.0262995563967649,4,three_or_more_periods,,False
2022-08,延庆区,8.002500000000001,7.99,7.75,8.28,0.2206618831304276,4,three_or_more_periods,,False
2022-09,东城区,20.41,20.43,20.34,20.44,0.047609522856953,4,three_or_more_periods,,False
2022-09,西城区,18.3025,18.395,18.02,18.4,0.1883923211457054,4,three_or_more_periods,,False
2022-09,朝阳区,27.6125,27.625,27.53,27.67,0.0655108133567785,4,three_or_more_periods,,False
2022-09,海淀区,18.3175,18.32,18.29,18.34,0.0221735578260835,4,three_or_more_periods,,False
2022-09,丰台区,13.93,13.935,13.9,13.95,0.0216024689946924,4,three_or_more_periods,,False
2022-09,石景山区,24.175,24.16,24.02,24.36,0.1482115605027709,4,three_or_more_periods,,True
2022-09,门头沟区,22.700000000000003,22.73,22.16,23.18,0.4486275366789987,4,three_or_more_periods,,False
2022-09,房山区,7.146666666666667,7.01,6.72,7.71,0.5089531740085068,3,three_or_more_periods,,False
2022-09,通州区,7.215,7.215,7.01,7.42,0.1686218649325565,4,three_or_more_periods,,False
2022-09,顺义区,20.8125,20.835,20.59,20.99,0.2082266393460092,4,three_or_more_periods,,False
2022-09,昌平区,22.025,21.93,21.86,22.38,0.240208242989286,4,three_or_more_periods,,False
2022-09,大兴区,16.087500000000002,16.1,15.98,16.17,0.0974251849711704,4,three_or_more_periods,,False
2022-09,怀柔区,7.539999999999999,7.539999999999999,7.45,7.63,0.0752772652709079,4,three_or_more_periods,,False
2022-09,平谷区,20.9625,20.995,20.66,21.2,0.2298368986912236,4,three_or_more_periods,,False
2022-09,密云区,17.36,17.36,17.25,17.47,0.0955684745788756,4,three_or_more_periods,,False
2022-09,延庆区,7.7075,7.74,7.58,7.77,0.0865544144839918,4,three_or_more_periods,,False
2022-10,东城区,20.1225,20.09,20.04,20.27,0.1062622541953003,4,three_or_more_periods,,False
2022-10,西城区,18.0,17.985,17.83,18.2,0.1547040184782976,4,three_or_more_periods,,False
2022-10,朝阳区,27.275,27.275,27.12,27.43,0.1271482074850703,4,three_or_more_periods,,False
2022-10,海淀区,18.045,18.055,17.97,18.1,0.0613731754650741,4,three_or_more_periods,,False
2022-10,丰台区,13.8275,13.83,13.73,13.92,0.0813941029804981,4,three_or_more_periods,,False
2022-10,石景山区,24.3375,24.34,24.33,24.34,0.0050000000000007,4,three_or_more_periods,,True
2022-10,门头沟区,23.5925,23.555,23.51,23.75,0.1071991915392396,4,three_or_more_periods,,False
2022-10,房山区,7.242500000000001,7.125,7.06,7.66,0.2807579028273293,4,three_or_more_periods,,False
2022-10,通州区,7.435,7.455,7.23,7.6,0.164620776331543,4,three_or_more_periods,,False
2022-10,顺义区,20.8475,20.795,20.59,21.21,0.3051092700438099,4,three_or_more_periods,,False
2022-10,昌平区,21.6825,21.685,21.63,21.73,0.0411298755975108,4,three_or_more_periods,,False
2022-10,大兴区,15.87,15.9,15.8,15.91,0.0608276253029819,3,three_or_more_periods,,False
2022-10,怀柔区,7.5725,7.575,7.54,7.6,0.0249999999999998,4,three_or_more_periods,,False
2022-10,平谷区,21.317500000000003,21.325,21.14,21.48,0.1725060385416502,4,three_or_more_periods,,False
2022-10,密云区,17.735,17.73,17.62,17.86,0.1034408043278851,4,three_or_more_periods,,False
2022-10,延庆区,7.415,7.43,7.27,7.53,0.1181806526749058,4,three_or_more_periods,,False
2022-11,东城区,20.03,20.055,19.9,20.11,0.0912870929175281,4,three_or_more_periods,,False
2022-11,西城区,17.7275,17.755,17.59,17.81,0.0994568583189041,4,three_or_more_periods,,False
2022-11,朝阳区,26.95,26.935,26.76,27.17,0.170684894859895,4,three_or_more_periods,,False
2022-11,海淀区,17.665,17.665,17.45,17.88,0.188767935130237,4,three_or_more_periods,,False
2022-11,丰台区,13.6425,13.64,13.6,13.69,0.0368555739791598,4,three_or_more_periods,,False
2022-11,石景山区,24.4175,24.425,24.36,24.46,0.0464578662158883,4,three_or_more_periods,,True
2022-11,门头沟区,23.707500000000003,23.71,23.56,23.85,0.1314977819838302,4,three_or_more_periods,,False
2022-11,房山区,7.107500000000001,6.98,6.94,7.53,0.2841801072090257,4,three_or_more_periods,,False
2022-11,通州区,7.425000000000001,7.395,7.3,7.61,0.1362595562397982,4,three_or_more_periods,,False
2022-11,顺义区,20.495,20.475,20.07,20.96,0.3854434675366372,4,three_or_more_periods,,False
2022-11,昌平区,21.445,21.445,21.3,21.59,0.1184623709594453,4,three_or_more_periods,,False
2022-11,大兴区,15.45,15.48,15.26,15.61,0.1769180601295412,3,three_or_more_periods,,False
2022-11,怀柔区,7.734999999999999,7.744999999999999,7.68,7.77,0.0435889894354066,4,three_or_more_periods,,False
2022-11,平谷区,21.4325,21.4,21.38,21.55,0.0788986691902984,4,three_or_more_periods,,False
2022-11,密云区,18.05,18.06,17.97,18.11,0.0588784057755193,4,three_or_more_periods,,False
2022-11,延庆区,7.04,7.04,6.95,7.13,0.0739369100427293,4,three_or_more_periods,,False
2022-12,东城区,19.875,19.880000000000003,19.81,19.93,0.0500000000000004,4,three_or_more_periods,,False
2022-12,西城区,17.409999999999997,17.41,17.4,17.42,0.0081649658092785,4,three_or_more_periods,,False
2022-12,朝阳区,26.766666666666666,26.75,26.72,26.83,0.0568624070307727,3,three_or_more_periods,,False
2022-12,海淀区,17.36,17.36,17.18,17.54,0.1471960144387972,4,three_or_more_periods,,False
2022-12,丰台区,13.2875,13.295,13.26,13.3,0.0189296944860012,4,three_or_more_periods,,False
2022-12,石景山区,24.81,24.775,24.63,25.06,0.1856520042085908,4,three_or_more_periods,,True
2022-12,门头沟区,23.94,23.81,23.75,24.39,0.3040833219146796,4,three_or_more_periods,,False
2022-12,房山区,7.11,7.105,7.07,7.16,0.0374165738677394,4,three_or_more_periods,,False
2022-12,通州区,6.845,6.83,6.8,6.92,0.0525991127935316,4,three_or_more_periods,,False
2022-12,顺义区,19.0025,18.975,18.81,19.25,0.1835528988239272,4,three_or_more_periods,,False
2022-12,昌平区,20.745,20.76,20.54,20.92,0.156311654502579,4,three_or_more_periods,,False
2022-12,大兴区,14.33,14.33,14.25,14.41,0.1131370849898477,2,two_periods,,False
2022-12,怀柔区,7.494999999999999,7.495,7.47,7.52,0.0208166599946612,4,three_or_more_periods,,False
2022-12,平谷区,21.2575,21.25,21.2,21.33,0.0543905629069354,4,three_or_more_periods,,False
2022-12,密云区,18.1925,18.27,17.64,18.59,0.4271904337256005,4,three_or_more_periods,,False
2022-12,延庆区,6.4975,6.494999999999999,6.43,6.57,0.0607590871118608,4,three_or_more_periods,,False
2023-01,东城区,19.3275,19.38,18.67,19.88,0.643706713755055,4,three_or_more_periods,,False
2023-01,西城区,16.88,16.84,16.47,17.37,0.4080849584747448,4,three_or_more_periods,,False
2023-01,朝阳区,26.545,26.535,26.39,26.72,0.1484362938547479,4,three_or_more_periods,,False
2023-01,海淀区,16.86,16.89,16.6,17.06,0.2046134567096364,4,three_or_more_periods,,False
2023-01,丰台区,13.2825,13.285,13.25,13.31,0.0250000000000001,4,three_or_more_periods,,False
2023-01,石景山区,25.6275,25.595,25.29,26.03,0.3162672920173703,4,three_or_more_periods,,True
2023-01,门头沟区,25.1075,25.1,24.61,25.62,0.4258618711898659,4,three_or_more_periods,,False
2023-01,房山区,6.97,6.97,6.95,6.99,0.02,3,three_or_more_periods,,False
2023-01,通州区,6.79,6.785,6.75,6.84,0.0374165738677393,4,three_or_more_periods,,False
2023-01,顺义区,18.4775,18.495,18.2,18.72,0.2197536499507267,4,three_or_more_periods,,False
2023-01,昌平区,20.16,20.185,19.87,20.4,0.226715680975092,4,three_or_more_periods,,False
2023-01,大兴区,14.0375,14.04,13.89,14.18,0.1252663828274233,4,three_or_more_periods,,False
2023-01,怀柔区,7.51,7.51,7.5,7.52,0.008164965809277,4,three_or_more_periods,,False
2023-01,平谷区,21.185,21.235,21.01,21.26,0.1178982612255154,4,three_or_more_periods,,False
2023-01,密云区,18.715,18.655,18.51,19.04,0.2301448819041308,4,three_or_more_periods,,False
2023-01,延庆区,6.3375,6.33,6.27,6.42,0.0623832242407097,4,three_or_more_periods,,False
2023-02,东城区,19.0225,19.04,18.72,19.29,0.2946608219631519,4,three_or_more_periods,,False
2023-02,西城区,16.55,16.61,16.37,16.61,0.1199999999999992,4,three_or_more_periods,,False
2023-02,朝阳区,26.3875,26.39,26.36,26.41,0.0206155281280886,4,three_or_more_periods,,False
2023-02,海淀区,16.54,16.555,16.47,16.58,0.0483045891539647,4,three_or_more_periods,,False
2023-02,丰台区,13.37,13.385,13.27,13.44,0.077028133388609,4,three_or_more_periods,,False
2023-02,石景山区,26.567499999999995,26.585,26.22,26.88,0.2753633962602873,4,three_or_more_periods,,True
2023-02,门头沟区,26.29,26.36,25.84,26.6,0.3352610922848048,4,three_or_more_periods,,False
2023-02,房山区,6.98,6.98,6.98,6.98,0.0,1,single_period,,False
2023-02,通州区,6.822500000000001,6.825,6.77,6.87,0.0411298755975104,4,three_or_more_periods,,False
2023-02,顺义区,18.2,18.2,18.17,18.23,0.0294392028877588,4,three_or_more_periods,,False
2023-02,昌平区,19.855,19.845,19.84,19.89,0.0238047614284764,4,three_or_more_periods,,False
2023-02,大兴区,13.9075,13.915,13.88,13.92,0.0189296944860005,4,three_or_more_periods,,False
2023-02,怀柔区,7.5775,7.574999999999999,7.51,7.65,0.0585234995535983,4,three_or_more_periods,,False
2023-02,平谷区,21.145,21.045,21.01,21.48,0.2242766149200579,4,three_or_more_periods,,False
2023-02,密云区,19.2875,19.3,19.12,19.43,0.1337597348482217,4,three_or_more_periods,,False
2023-02,延庆区,6.295,6.245,6.22,6.47,0.1178982612255158,4,three_or_more_periods,,False
2023-03,东城区,18.9275,19.06,18.4,19.19,0.3628934646238032,4,three_or_more_periods,,False
2023-03,西城区,16.5,16.5,16.45,16.55,0.0439696865275768,4,three_or_more_periods,,False
2023-03,朝阳区,26.5,26.52,26.38,26.58,0.0848528137423855,4,three_or_more_periods,,False
2023-03,海淀区,16.6925,16.695,16.5,16.88,0.1699754884289692,4,three_or_more_periods,,False
2023-03,丰台区,13.3125,13.31,13.2,13.43,0.1059481005020854,4,three_or_more_periods,,False
2023-03,石景山区,26.9975,27.0,26.95,27.04,0.0403112887414925,4,three_or_more_periods,,True
2023-03,门头沟区,26.87,26.89,26.7,27.0,0.1270170592217182,4,three_or_more_periods,,False
2023-03,房山区,7.335,7.335,7.18,7.49,0.2192031021678301,2,two_periods,,False
2023-03,通州区,7.245,7.24,6.91,7.59,0.2806539981305568,4,three_or_more_periods,,False
2023-03,顺义区,18.7975,18.715,18.1,19.66,0.6578943684209488,4,three_or_more_periods,,False
2023-03,昌平区,20.165,20.195,19.87,20.4,0.2275228926210859,4,three_or_more_periods,,False
2023-03,大兴区,14.35,14.335,13.91,14.82,0.3928528138289625,4,three_or_more_periods,,False
2023-03,怀柔区,7.66,7.65,7.64,7.7,0.0282842712474621,4,three_or_more_periods,,False
2023-03,平谷区,21.805,21.69,21.54,22.3,0.3437537878579189,4,three_or_more_periods,,False
2023-03,密云区,19.6075,19.6,19.5,19.73,0.0974251849711699,4,three_or_more_periods,,False
2023-03,延庆区,6.31,6.275,6.24,6.45,0.0955684745788764,4,three_or_more_periods,,False
2023-04,东城区,18.9875,18.99,18.89,19.08,0.0793200268952712,4,three_or_more_periods,,False
2023-04,西城区,16.47,16.46,16.43,16.53,0.0424264068711933,4,three_or_more_periods,,False
2023-04,朝阳区,26.445,26.48,26.29,26.53,0.1087811258138724,4,three_or_more_periods,,False
2023-04,海淀区,17.130000000000003,17.130000000000003,16.94,17.32,0.1553490693030801,4,three_or_more_periods,,False
2023-04,丰台区,13.015,12.985,12.95,13.14,0.0858292879305585,4,three_or_more_periods,,False
2023-04,石景山区,26.8575,26.86,26.78,26.93,0.0660176744011276,4,three_or_more_periods,,True
2023-04,门头沟区,26.945,26.945,26.86,27.03,0.0723417813807026,4,three_or_more_periods,,False
2023-04,房山区,7.720000000000001,7.720000000000001,7.57,7.87,0.2121320343559641,2,two_periods,,False
2023-04,通州区,7.875,7.939999999999999,7.45,8.17,0.3121431295629189,4,three_or_more_periods,,False
2023-04,顺义区,20.7325,20.74,19.94,21.51,0.6805573696120947,4,three_or_more_periods,,False
2023-04,昌平区,20.7125,20.7,20.52,20.93,0.1774589154330283,4,three_or_more_periods,,False
2023-04,大兴区,15.08,15.1,14.93,15.19,0.1227463509301465,4,three_or_more_periods,,False
2023-04,怀柔区,7.814999999999999,7.814999999999999,7.74,7.89,0.0624499799839837,4,three_or_more_periods,,False
2023-04,平谷区,23.3225,23.25,22.88,23.91,0.4315379473464648,4,three_or_more_periods,,False
2023-04,密云区,19.9025,19.9,19.82,19.99,0.0767571929311293,4,three_or_more_periods,,False
2023-04,延庆区,7.11,7.13,6.52,7.66,0.538268829984919,4,three_or_more_periods,,False
2023-05,东城区,18.9875,18.98,18.96,19.03,0.0298607881119484,4,three_or_more_periods,,False
2023-05,西城区,16.564999999999998,16.54,16.49,16.69,0.0881286937760163,4,three_or_more_periods,,False
2023-05,朝阳区,26.3975,26.380000000000003,26.29,26.54,0.1043631480296882,4,three_or_more_periods,,False
2023-05,海淀区,17.419999999999998,17.384999999999998,17.28,17.63,0.1498888477061133,4,three_or_more_periods,,False
2023-05,丰台区,12.8,12.8,12.77,12.83,0.0346410161513778,4,three_or_more_periods,,False
2023-05,石景山区,26.5475,26.54,26.42,26.69,0.1178629147215811,4,three_or_more_periods,,True
2023-05,门头沟区,26.53,26.545,26.33,26.7,0.1639105447085907,4,three_or_more_periods,,False
2023-05,房山区,8.13,8.07,8.03,8.29,0.1399999999999996,3,three_or_more_periods,,False
2023-05,通州区,8.07,8.030000000000001,7.6,8.62,0.4772839825512688,4,three_or_more_periods,,False
2023-05,顺义区,21.535,21.625,20.72,22.17,0.6981165136756666,4,three_or_more_periods,,False
2023-05,昌平区,21.0425,21.045,20.88,21.2,0.1443086968966186,4,three_or_more_periods,,False
2023-05,大兴区,15.6275,15.595,15.41,15.91,0.2277974246269405,4,three_or_more_periods,,False
2023-05,怀柔区,7.934999999999999,7.935,7.75,8.12,0.153731367434669,4,three_or_more_periods,,False
2023-05,平谷区,24.130000000000003,24.07,23.56,24.82,0.5810909280540072,4,three_or_more_periods,,False
2023-05,密云区,19.875,19.875,19.82,19.93,0.0532290647422375,4,three_or_more_periods,,False
2023-05,延庆区,7.6475,7.625,7.54,7.8,0.1152894907034749,4,three_or_more_periods,,False
2023-06,东城区,19.015,19.01,18.95,19.09,0.0580229839517642,4,three_or_more_periods,,False
2023-06,西城区,16.55,16.53,16.51,16.63,0.0547722557505158,4,three_or_more_periods,,False
2023-06,朝阳区,27.005,27.075,26.65,27.22,0.2608320021265287,4,three_or_more_periods,,False
2023-06,海淀区,18.1475,18.21,17.77,18.4,0.2905598045153528,4,three_or_more_periods,,False
2023-06,丰台区,12.815,12.81,12.75,12.89,0.0597215762238967,4,three_or_more_periods,,False
2023-06,石景山区,26.1725,26.175,26.16,26.18,0.009574271077563,4,three_or_more_periods,,True
2023-06,门头沟区,25.7925,25.725,25.68,26.04,0.1676056880498588,4,three_or_more_periods,,False
2023-06,房山区,9.2,9.2,8.99,9.41,0.2969848480983499,2,two_periods,,False
2023-06,通州区,8.6075,8.565000000000001,8.29,9.01,0.305982025615885,4,three_or_more_periods,,False
2023-06,顺义区,22.52,22.465,22.32,22.83,0.2284731931759166,4,three_or_more_periods,,False
2023-06,昌平区,22.0,22.085,21.44,22.39,0.4196029869610869,4,three_or_more_periods,,False
2023-06,大兴区,16.392500000000002,16.310000000000002,15.9,17.05,0.5116232337700602,4,three_or_more_periods,,False
2023-06,怀柔区,7.983333333333333,7.86,7.84,8.25,0.2311565126344774,3,three_or_more_periods,,False
2023-06,平谷区,26.1425,26.125,25.33,26.99,0.7092425537148767,4,three_or_more_periods,,False
2023-06,密云区,19.73,19.725,19.69,19.78,0.0391578004149022,4,three_or_more_periods,,False
2023-06,延庆区,8.7325,8.885,7.95,9.21,0.5851709152034134,4,three_or_more_periods,,False
2023-07,东城区,19.055,19.08,18.97,19.09,0.0568624070307733,4,three_or_more_periods,,False
2023-07,西城区,16.5,16.5,16.49,16.51,0.0115470053837943,4,three_or_more_periods,,False
2023-07,朝阳区,27.2925,27.23,27.11,27.6,0.2165448375433296,4,three_or_more_periods,,False
2023-07,海淀区,18.2575,18.245,18.12,18.42,0.141509716980849,4,three_or_more_periods,,False
2023-07,丰台区,12.97,12.975,12.93,13.0,0.0355902608401046,4,three_or_more_periods,,False
2023-07,石景山区,26.0975,26.125,25.94,26.2,0.1167261752992871,4,three_or_more_periods,,True
2023-07,门头沟区,25.43,25.45,25.14,25.68,0.2753179979587234,4,three_or_more_periods,,False
2023-07,房山区,8.74,8.77,8.33,9.09,0.3561834733205158,4,three_or_more_periods,,False
2023-07,通州区,8.709999999999999,8.46,8.27,9.4,0.6050619802962339,3,three_or_more_periods,,False
2023-07,顺义区,22.7975,22.905,21.86,23.52,0.764215283804243,4,three_or_more_periods,,False
2023-07,昌平区,22.4975,22.58,22.11,22.72,0.2697375267428195,4,three_or_more_periods,,False
2023-07,大兴区,16.040000000000003,15.94,15.47,16.81,0.582466021898845,4,three_or_more_periods,,False
2023-07,怀柔区,8.275,8.254999999999999,8.17,8.42,0.1066145706114631,4,three_or_more_periods,,False
2023-07,平谷区,27.06,27.105,26.54,27.49,0.472793118957259,4,three_or_more_periods,,False
2023-07,密云区,19.81,19.815,19.74,19.87,0.0535412613473644,4,three_or_more_periods,,False
2023-07,延庆区,8.729999999999999,8.78,8.11,9.25,0.5761944116355175,4,three_or_more_periods,,False
2023-08,东城区,17.981764705882348,17.98,17.76,18.7,0.2207440626075148,17,three_or_more_periods,,False
2023-08,西城区,16.065624999999997,16.07,15.93,16.26,0.0955662946161811,16,three_or_more_periods,,False
2023-08,朝阳区,26.32235294117648,26.37,26.16,26.44,0.099280499832841,17,three_or_more_periods,,False
2023-08,海淀区,16.26705882352941,16.26,15.85,17.53,0.4117457453617822,17,three_or_more_periods,,False
2023-08,丰台区,12.384705882352945,12.4,12.31,12.57,0.0632571781558053,17,three_or_more_periods,,False
2023-08,石景山区,23.21294117647059,23.02,22.6,25.12,0.6305728021596946,17,three_or_more_periods,,True
2023-08,门头沟区,22.093529411764703,21.71,21.22,24.38,0.855686428959746,17,three_or_more_periods,,False
2023-08,房山区,6.055454545454546,5.99,5.93,6.59,0.1867278038409725,11,three_or_more_periods,,False
2023-08,通州区,6.920000000000001,6.95,6.61,7.12,0.1513935269422043,11,three_or_more_periods,,False
2023-08,顺义区,19.973529411764705,20.0,19.66,20.69,0.2616042138534518,17,three_or_more_periods,,False
2023-08,昌平区,20.536470588235293,20.6,20.09,21.23,0.3135869332511837,17,three_or_more_periods,,False
2023-08,大兴区,14.363529411764704,14.37,14.18,14.51,0.0902732779170135,17,three_or_more_periods,,False
2023-08,怀柔区,7.377058823529413,7.39,7.22,7.48,0.0712183882401829,17,three_or_more_periods,,False
2023-08,平谷区,24.59294117647059,24.58,23.98,25.85,0.393204220251423,17,three_or_more_periods,,False
2023-08,密云区,19.25470588235294,19.23,19.06,19.71,0.1682675565527572,17,three_or_more_periods,,False
2023-08,延庆区,7.087647058823529,7.06,6.87,7.49,0.1564260772603431,17,three_or_more_periods,,False
2023-09,东城区,17.6925,17.72,17.5,17.83,0.1393735986476627,4,three_or_more_periods,,False
2023-09,西城区,15.7725,15.765,15.65,15.91,0.1102648327134872,4,three_or_more_periods,,False
2023-09,朝阳区,25.895,25.86,25.74,26.12,0.1636052158907745,4,three_or_more_periods,,False
2023-09,海淀区,15.39,15.315,15.17,15.76,0.2598717632474396,4,three_or_more_periods,,False
2023-09,丰台区,12.1225,12.095,12.04,12.26,0.0960468635614928,4,three_or_more_periods,,False
2023-09,石景山区,22.01,21.97,21.72,22.38,0.290402020194993,4,three_or_more_periods,,True
2023-09,门头沟区,20.5975,20.54,20.39,20.92,0.2466272491027706,4,three_or_more_periods,,False
2023-09,房山区,5.7225,5.68,5.55,5.98,0.1822772613355821,4,three_or_more_periods,,False
2023-09,通州区,6.605,6.595000000000001,6.52,6.71,0.0946924847422786,4,three_or_more_periods,,False
2023-09,顺义区,19.3825,19.32,19.15,19.74,0.2547384279347475,4,three_or_more_periods,,False
2023-09,昌平区,19.745,19.69,19.49,20.11,0.2690105326314693,4,three_or_more_periods,,False
2023-09,大兴区,14.0775,14.02,13.95,14.32,0.1650000000000004,4,three_or_more_periods,,False
2023-09,怀柔区,7.564999999999999,7.564999999999999,7.55,7.58,0.0129099444873582,4,three_or_more_periods,,False
2023-09,平谷区,23.7425,23.765,23.52,23.92,0.1826426383223081,4,three_or_more_periods,,False
2023-09,密云区,19.1425,19.145,18.91,19.37,0.1878607640425929,4,three_or_more_periods,,False
2023-09,延庆区,6.64,6.645,6.48,6.79,0.1733974240485326,4,three_or_more_periods,,False
2023-10,东城区,17.415,17.41,17.38,17.46,0.0331662479035547,4,three_or_more_periods,,False
2023-10,西城区,15.4875,15.485,15.41,15.57,0.0713559154286922,4,three_or_more_periods,,False
2023-10,朝阳区,25.57,25.58,25.49,25.63,0.0668331255192121,4,three_or_more_periods,,False
2023-10,海淀区,14.81,14.805,14.69,14.94,0.1191637528781298,4,three_or_more_periods,,False
2023-10,丰台区,12.017500000000002,12.025,11.98,12.04,0.0262995563967652,4,three_or_more_periods,,False
2023-10,石景山区,21.325,21.275,21.16,21.59,0.1869937610367435,4,three_or_more_periods,,True
2023-10,门头沟区,20.2425,20.295,19.94,20.44,0.2176196988632539,4,three_or_more_periods,,False
2023-10,房山区,5.8325,5.865,5.72,5.88,0.0763216876123688,4,three_or_more_periods,,False
2023-10,通州区,6.762499999999999,6.765,6.64,6.88,0.1046820583162814,4,three_or_more_periods,,False
2023-10,顺义区,19.3725,19.4,19.17,19.52,0.1761391495380843,4,three_or_more_periods,,False
2023-10,昌平区,19.185,19.2,19.02,19.32,0.1302561578838665,4,three_or_more_periods,,False
2023-10,大兴区,13.875000000000002,13.87,13.84,13.92,0.0369684550213648,4,three_or_more_periods,,False
2023-10,怀柔区,7.6175,7.630000000000001,7.55,7.66,0.0499165971062399,4,three_or_more_periods,,False
2023-10,平谷区,23.692499999999995,23.695,23.56,23.82,0.1123610252712217,4,three_or_more_periods,,False
2023-10,密云区,19.075,19.08,18.98,19.16,0.0754983443527076,4,three_or_more_periods,,False
2023-10,延庆区,6.317499999999999,6.275,6.25,6.47,0.1030776406404414,4,three_or_more_periods,,False
2023-11,东城区,17.435,17.439999999999998,17.38,17.48,0.0420317340430621,4,three_or_more_periods,,False
2023-11,西城区,15.3575,15.35,15.33,15.4,0.0309569593683446,4,three_or_more_periods,,False
2023-11,朝阳区,25.4375,25.43,25.4,25.49,0.0411298755975098,4,three_or_more_periods,,False
2023-11,海淀区,14.2925,14.345,13.99,14.49,0.2397741993348464,4,three_or_more_periods,,False
2023-11,丰台区,11.8775,11.865,11.84,11.94,0.0478713553878168,4,three_or_more_periods,,False
2023-11,石景山区,21.1875,21.17,21.12,21.29,0.0763216876123679,4,three_or_more_periods,,True
2023-11,门头沟区,20.105,20.09,20.04,20.2,0.0680685928555405,4,three_or_more_periods,,False
2023-11,房山区,5.97,6.03,5.83,6.05,0.1216552506059643,3,three_or_more_periods,,False
2023-11,通州区,6.945,6.91,6.6,7.36,0.3129962726082642,4,three_or_more_periods,,False
2023-11,顺义区,19.71,19.68,19.16,20.32,0.4754646849837186,4,three_or_more_periods,,False
2023-11,昌平区,18.88,18.895,18.81,18.92,0.0496655480858388,4,three_or_more_periods,,False
2023-11,大兴区,13.9975,13.975,13.85,14.19,0.1573478100684381,4,three_or_more_periods,,False
2023-11,怀柔区,7.74,7.715,7.67,7.86,0.0875595035770915,4,three_or_more_periods,,False
2023-11,平谷区,23.5575,23.55,23.35,23.78,0.1759498034478394,4,three_or_more_periods,,False
2023-11,密云区,19.4225,19.425,19.23,19.61,0.2109304782781917,4,three_or_more_periods,,False
2023-11,延庆区,6.137500000000001,6.105,5.92,6.42,0.2215663933602447,4,three_or_more_periods,,False
2023-12,东城区,17.342499999999998,17.345,17.3,17.38,0.0330403793359977,4,three_or_more_periods,,False
2023-12,西城区,15.295,15.295,15.27,15.32,0.0208166599946617,4,three_or_more_periods,,False
2023-12,朝阳区,25.2725,25.275,25.21,25.33,0.0505799696849771,4,three_or_more_periods,,False
2023-12,海淀区,13.4225,13.42,13.2,13.65,0.1853600100704935,4,three_or_more_periods,,False
2023-12,丰台区,11.81,11.815,11.78,11.83,0.0216024689946932,4,three_or_more_periods,,False
2023-12,石景山区,21.630000000000003,21.64,21.39,21.85,0.1991649232838623,4,three_or_more_periods,,True
2023-12,门头沟区,20.595,20.595,20.32,20.87,0.2327373340628162,4,three_or_more_periods,,False
2023-12,房山区,5.965,5.965,5.9,6.03,0.0602771377334171,4,three_or_more_periods,,False
2023-12,通州区,6.5775,6.57,6.5,6.67,0.0718215380880508,4,three_or_more_periods,,False
2023-12,顺义区,18.7325,18.7,18.45,19.08,0.2701080030901215,4,three_or_more_periods,,False
2023-12,昌平区,18.36,18.385,18.13,18.54,0.1737814719698278,4,three_or_more_periods,,False
2023-12,大兴区,13.34,13.36,13.11,13.53,0.1760681686165901,4,three_or_more_periods,,False
2023-12,怀柔区,7.753333333333334,7.76,7.7,7.8,0.0503322295684714,3,three_or_more_periods,,False
2023-12,平谷区,22.9375,22.94,22.83,23.04,0.0917877987534297,4,three_or_more_periods,,False
2023-12,密云区,19.4,19.415,19.22,19.55,0.1458309523615163,4,three_or_more_periods,,False
2023-12,延庆区,6.02,6.02,5.74,6.3,0.290746166498087,4,three_or_more_periods,,False
2024-01,东城区,17.284999999999997,17.310000000000002,17.18,17.34,0.0718795288428262,4,three_or_more_periods,,False
2024-01,西城区,15.3525,15.355,15.32,15.38,0.0250000000000001,4,three_or_more_periods,,False
2024-01,朝阳区,24.9525,24.955,24.85,25.05,0.082613558209291,4,three_or_more_periods,,False
2024-01,海淀区,12.875,12.875,12.68,13.07,0.1634013463836821,4,three_or_more_periods,,False
2024-01,丰台区,11.89,11.89,11.84,11.94,0.0439696865275764,4,three_or_more_periods,,False
2024-01,石景山区,22.3025,22.3,22.04,22.57,0.2447277398797835,4,three_or_more_periods,,True
2024-01,门头沟区,21.445000000000004,21.43,21.16,21.76,0.2708628189077768,4,three_or_more_periods,,False
2024-01,房山区,5.955,5.955,5.94,5.97,0.0129099444873577,4,three_or_more_periods,,False
2024-01,通州区,6.4975,6.495,6.48,6.52,0.0170782512765989,4,three_or_more_periods,,False
2024-01,顺义区,18.155,18.15,18.03,18.29,0.113871272350257,4,three_or_more_periods,,False
2024-01,昌平区,17.705000000000002,17.7,17.48,17.94,0.1963839776220729,4,three_or_more_periods,,False
2024-01,大兴区,13.0075,13.01,12.92,13.09,0.0699404508611909,4,three_or_more_periods,,False
2024-01,怀柔区,7.875,7.88,7.85,7.89,0.0173205080756888,4,three_or_more_periods,,False
2024-01,平谷区,22.7075,22.7,22.67,22.76,0.037749172176354,4,three_or_more_periods,,False
2024-01,密云区,19.095,19.09,19.08,19.12,0.0173205080756897,4,three_or_more_periods,,False
2024-01,延庆区,5.66,5.67,5.61,5.69,0.0355902608401042,4,three_or_more_periods,,False
2024-02,东城区,17.169999999999998,17.15,17.13,17.25,0.0565685424949242,4,three_or_more_periods,,False
2024-02,西城区,15.295000000000002,15.29,15.27,15.33,0.0300000000000003,4,three_or_more_periods,,False
2024-02,朝阳区,24.4975,24.465,24.38,24.68,0.1281600561797631,4,three_or_more_periods,,False
2024-02,海淀区,12.26,12.22,12.11,12.49,0.1637070554374493,4,three_or_more_periods,,False
2024-02,丰台区,11.864999999999998,11.87,11.85,11.87,0.0099999999999997,4,three_or_more_periods,,False
2024-02,石景山区,22.9275,22.935,22.75,23.09,0.1488567544095103,4,three_or_more_periods,,True
2024-02,门头沟区,22.3575,22.355,22.04,22.68,0.2868652413009752,4,three_or_more_periods,,False
2024-02,房山区,5.9475,5.945,5.93,5.97,0.0170782512765992,4,three_or_more_periods,,False
2024-02,通州区,6.4375,6.43,6.42,6.47,0.0221735578260834,4,three_or_more_periods,,False
2024-02,顺义区,17.7025,17.64,17.61,17.92,0.1459166428707398,4,three_or_more_periods,,False
2024-02,昌平区,17.005,16.96,16.83,17.27,0.1933045955653069,4,three_or_more_periods,,False
2024-02,大兴区,12.8175,12.815,12.79,12.85,0.0250000000000001,4,three_or_more_periods,,False
2024-02,怀柔区,7.915000000000001,7.915,7.9,7.93,0.0129099444873577,4,three_or_more_periods,,False
2024-02,平谷区,22.6725,22.68,22.63,22.7,0.0309569593683449,4,three_or_more_periods,,False
2024-02,密云区,19.1825,19.18,19.12,19.25,0.0585234995535981,4,three_or_more_periods,,False
2024-02,延庆区,5.535,5.529999999999999,5.51,5.57,0.0264575131106461,4,three_or_more_periods,,False
2024-03,东城区,16.98,16.99,16.85,17.09,0.1230176139149722,4,three_or_more_periods,,False
2024-03,西城区,15.2825,15.27,15.26,15.33,0.0330403793359984,4,three_or_more_periods,,False
2024-03,朝阳区,24.525,24.54,24.46,24.56,0.0443471156521659,4,three_or_more_periods,,False
2024-03,海淀区,12.1375,12.135,12.08,12.2,0.0665206734782499,4,three_or_more_periods,,False
2024-03,丰台区,12.0025,12.005,11.91,12.09,0.0763216876123685,4,three_or_more_periods,,False
2024-03,石景山区,23.0875,23.1,22.95,23.2,0.1059481005020853,4,three_or_more_periods,,True
2024-03,门头沟区,22.89,22.885,22.86,22.93,0.0316227766016834,4,three_or_more_periods,,False
2024-03,房山区,6.14,6.109999999999999,5.98,6.36,0.1689181261242656,4,three_or_more_periods,,False
2024-03,通州区,6.6725,6.58,6.41,7.12,0.3127698834606683,4,three_or_more_periods,,False
2024-03,顺义区,18.0825,17.955,17.68,18.74,0.4650716790632019,4,three_or_more_periods,,False
2024-03,昌平区,16.93,16.94,16.8,17.04,0.1140175425099134,4,three_or_more_periods,,False
2024-03,大兴区,13.0075,12.96,12.81,13.3,0.2229162772582271,4,three_or_more_periods,,False
2024-03,怀柔区,7.99,7.955,7.93,8.12,0.0875595035770909,4,three_or_more_periods,,False
2024-03,平谷区,22.94,22.895,22.69,23.28,0.2608958923913268,4,three_or_more_periods,,False
2024-03,密云区,19.3625,19.36,19.28,19.45,0.0713559154286913,4,three_or_more_periods,,False
2024-03,延庆区,5.525,5.5,5.48,5.62,0.0645497224367902,4,three_or_more_periods,,False
2024-04,东城区,16.925,16.93,16.9,16.94,0.0191485421551279,4,three_or_more_periods,,False
2024-04,西城区,15.5275,15.565,15.4,15.58,0.0853912563829965,4,three_or_more_periods,,False
2024-04,朝阳区,24.6175,24.625,24.56,24.66,0.0434932945023337,4,three_or_more_periods,,False
2024-04,海淀区,12.48,12.505,12.32,12.59,0.1293573860795482,4,three_or_more_periods,,False
2024-04,丰台区,12.1575,12.155,12.12,12.2,0.0349999999999998,4,three_or_more_periods,,False
2024-04,石景山区,22.51,22.5,22.18,22.86,0.2946183972531249,4,three_or_more_periods,,True
2024-04,门头沟区,22.3275,22.335,21.9,22.74,0.3685444342274073,4,three_or_more_periods,,False
2024-04,房山区,6.7925,6.795,6.64,6.94,0.1231191834497508,4,three_or_more_periods,,False
2024-04,通州区,7.529999999999999,7.475,7.31,7.86,0.2362202362203546,4,three_or_more_periods,,False
2024-04,顺义区,20.135,19.96,19.56,21.06,0.7086842268128539,4,three_or_more_periods,,False
2024-04,昌平区,17.355,17.345,17.23,17.5,0.1167618659209131,4,three_or_more_periods,,False
2024-04,大兴区,14.125,14.055,13.93,14.46,0.2313006701244081,4,three_or_more_periods,,False
2024-04,怀柔区,8.180000000000001,8.175,8.13,8.24,0.0535412613473632,4,three_or_more_periods,,False
2024-04,平谷区,24.19,24.12,23.86,24.66,0.3853137249912944,4,three_or_more_periods,,False
2024-04,密云区,19.315,19.315,19.27,19.36,0.0369684550213647,4,three_or_more_periods,,False
2024-04,延庆区,6.7925,6.855,6.33,7.13,0.3605897946420556,4,three_or_more_periods,,False
2024-05,东城区,16.927500000000002,16.915,16.8,17.08,0.1268529332205857,4,three_or_more_periods,,False
2024-05,西城区,15.437500000000002,15.42,15.38,15.53,0.0649999999999994,4,three_or_more_periods,,False
2024-05,朝阳区,24.7675,24.725,24.62,25.0,0.1668082731761225,4,three_or_more_periods,,False
2024-05,海淀区,12.8,12.81,12.56,13.02,0.1888562063228702,4,three_or_more_periods,,False
2024-05,丰台区,12.2125,12.215,12.18,12.24,0.0275378527364308,4,three_or_more_periods,,False
2024-05,石景山区,21.725,21.785,21.39,21.94,0.2561900336338894,4,three_or_more_periods,,True
2024-05,门头沟区,21.385000000000005,21.365,21.21,21.6,0.1650252505931544,4,three_or_more_periods,,False
2024-05,房山区,7.375,7.4,7.04,7.66,0.3025998457809696,4,three_or_more_periods,,False
2024-05,通州区,7.709999999999999,7.62,7.35,8.25,0.4219794623754415,4,three_or_more_periods,,False
2024-05,顺义区,20.8275,20.815,20.04,21.64,0.6705905357717685,4,three_or_more_periods,,False
2024-05,昌平区,17.675,17.700000000000003,17.4,17.9,0.2217355782608346,4,three_or_more_periods,,False
2024-05,大兴区,14.607500000000002,14.58,14.25,15.02,0.3997811901528136,4,three_or_more_periods,,False
2024-05,怀柔区,8.372499999999999,8.34,8.34,8.47,0.0650000000000003,4,three_or_more_periods,,False
2024-05,平谷区,24.91,24.925,24.47,25.32,0.3486163124888647,4,three_or_more_periods,,False
2024-05,密云区,19.1325,19.155,19.01,19.21,0.0865544144839916,4,three_or_more_periods,,False
2024-05,延庆区,6.9375,6.92,6.81,7.1,0.1499722196497295,4,three_or_more_periods,,False
2024-06,东城区,17.0675,17.08,17.0,17.11,0.0471699056602825,4,three_or_more_periods,,False
2024-06,西城区,15.2775,15.275,15.22,15.34,0.050579969684978,4,three_or_more_periods,,False
2024-06,朝阳区,25.085,25.09,24.84,25.32,0.2020725942163689,4,three_or_more_periods,,False
2024-06,海淀区,13.065,13.085,12.78,13.31,0.222186108176607,4,three_or_more_periods,,False
2024-06,丰台区,12.1375,12.135000000000002,12.12,12.16,0.0170782512765995,4,three_or_more_periods,,False
2024-06,石景山区,21.0025,20.975,20.83,21.23,0.1802544497832628,4,three_or_more_periods,,True
2024-06,门头沟区,20.78,20.805,20.52,20.99,0.2089657069154323,4,three_or_more_periods,,False
2024-06,房山区,7.505000000000001,7.515,7.23,7.76,0.2395133955891956,4,three_or_more_periods,,False
2024-06,通州区,7.4875,7.5,7.09,7.86,0.3231485726411306,4,three_or_more_periods,,False
2024-06,顺义区,20.817500000000003,20.61,20.23,21.82,0.6936557743818854,4,three_or_more_periods,,False
2024-06,昌平区,17.9575,17.94,17.65,18.3,0.2721978447134861,4,three_or_more_periods,,False
2024-06,大兴区,14.7,14.69,14.15,15.27,0.5113381138411907,4,three_or_more_periods,,False
2024-06,怀柔区,8.4,8.344999999999999,8.3,8.61,0.1416568624058381,4,three_or_more_periods,,False
2024-06,平谷区,25.5725,25.415,25.02,26.44,0.6506086893568728,4,three_or_more_periods,,False
2024-06,密云区,18.87,18.87,18.74,19.0,0.1169045194450019,4,three_or_more_periods,,False
2024-06,延庆区,7.817499999999999,7.835,7.27,8.33,0.5038104802403384,4,three_or_more_periods,,False
2024-07,东城区,17.0,17.0,16.95,17.05,0.0439696865275768,4,three_or_more_periods,,False
2024-07,西城区,15.115,15.13,15.04,15.16,0.0574456264653807,4,three_or_more_periods,,False
2024-07,朝阳区,24.885000000000005,24.91,24.71,25.01,0.1350308606701937,4,three_or_more_periods,,False
2024-07,海淀区,12.6475,12.635000000000002,12.47,12.85,0.1674066904278317,4,three_or_more_periods,,False
2024-07,丰台区,12.0125,12.015,11.96,12.06,0.0499165971062397,4,three_or_more_periods,,False
2024-07,石景山区,20.26,20.28,19.91,20.57,0.2968725877094977,4,three_or_more_periods,,True
2024-07,门头沟区,20.14,20.17,19.71,20.51,0.3704951641609733,4,three_or_more_periods,,False
2024-07,房山区,7.005000000000001,7.055,6.74,7.17,0.1852025917745212,4,three_or_more_periods,,False
2024-07,通州区,7.129999999999999,7.135,6.9,7.35,0.1874388789267936,4,three_or_more_periods,,False
2024-07,顺义区,20.0725,20.045,19.58,20.62,0.4465702632285329,4,three_or_more_periods,,False
2024-07,昌平区,17.725,17.72,17.4,18.06,0.2867635495200414,4,three_or_more_periods,,False
2024-07,大兴区,13.985,14.0,13.64,14.3,0.2901149197588205,4,three_or_more_periods,,False
2024-07,怀柔区,8.067499999999999,8.085,7.84,8.26,0.1831893373898528,4,three_or_more_periods,,False
2024-07,平谷区,25.345,25.315,25.01,25.74,0.3002776492958907,4,three_or_more_periods,,False
2024-07,密云区,18.535,18.54,18.42,18.64,0.095742710775633,4,three_or_more_periods,,False
2024-07,延庆区,7.6975,7.685,7.34,8.08,0.3380705054669317,4,three_or_more_periods,,False
2024-08,东城区,16.53333333333333,16.47,16.24,16.89,0.3295957119462176,3,three_or_more_periods,,False
2024-08,西城区,14.516666666666666,14.43,14.19,14.93,0.3775358702604739,3,three_or_more_periods,,False
2024-08,朝阳区,24.166666666666668,24.17,23.96,24.37,0.2050203241957571,3,three_or_more_periods,,False
2024-08,海淀区,11.766666666666666,11.73,11.46,12.11,0.3265475973473589,3,three_or_more_periods,,False
2024-08,丰台区,11.666666666666666,11.64,11.52,11.84,0.1616580753730953,3,three_or_more_periods,,False
2024-08,石景山区,18.97,18.79,18.69,19.43,0.4014971979976942,3,three_or_more_periods,,True
2024-08,门头沟区,18.896666666666665,18.86,18.65,19.18,0.2668957349478137,3,three_or_more_periods,,False
2024-08,房山区,6.196666666666666,6.13,5.93,6.53,0.3055050463303896,3,three_or_more_periods,,False
2024-08,通州区,5.780000000000001,5.44,5.42,6.48,0.6063002556489648,3,three_or_more_periods,,False
2024-08,顺义区,18.563333333333336,18.6,17.96,19.13,0.5858611894752308,3,three_or_more_periods,,False
2024-08,昌平区,16.593333333333334,16.56,16.21,17.01,0.4010403138505326,3,three_or_more_periods,,False
2024-08,大兴区,13.133333333333336,13.17,12.84,13.39,0.2768272626265945,3,three_or_more_periods,,False
2024-08,怀柔区,6.78,6.6,6.48,7.26,0.4199999999999998,3,three_or_more_periods,,False
2024-08,平谷区,20.55666666666667,20.51,18.68,22.48,1.900429775954201,3,three_or_more_periods,,False
2024-08,密云区,17.363333333333333,17.25,16.88,17.96,0.5488472768752108,3,three_or_more_periods,,False
2024-08,延庆区,7.083333333333333,7.07,7.06,7.12,0.0321455025366433,3,three_or_more_periods,,False
2024-09,东城区,15.72,15.675,15.6,15.93,0.1512172829628502,4,three_or_more_periods,,False
2024-09,西城区,13.5275,13.52,13.36,13.71,0.1541373846065046,4,three_or_more_periods,,False
2024-09,朝阳区,23.425000000000004,23.425,23.21,23.64,0.1811997056656916,4,three_or_more_periods,,False
2024-09,海淀区,10.6225,10.62,10.38,10.87,0.2104558544366642,4,three_or_more_periods,,False
2024-09,丰台区,11.1725,11.17,11.15,11.2,0.0206155281280878,4,three_or_more_periods,,False
2024-09,石景山区,17.81,17.770000000000003,17.63,18.07,0.1966384160500353,4,three_or_more_periods,,True
2024-09,门头沟区,16.7175,16.685000000000002,16.28,17.22,0.4112075712662227,4,three_or_more_periods,,False
2024-09,房山区,5.56,5.56,5.51,5.61,0.0522812904711939,4,three_or_more_periods,,False
2024-09,通州区,5.3325,5.335,5.32,5.34,0.0095742710775631,4,three_or_more_periods,,False
2024-09,顺义区,17.09,17.065,16.84,17.39,0.2281812145349979,4,three_or_more_periods,,False
2024-09,昌平区,15.515,15.5,15.29,15.77,0.2027313493271331,4,three_or_more_periods,,False
2024-09,大兴区,12.595,12.61,12.5,12.66,0.0675771164423776,4,three_or_more_periods,,False
2024-09,怀柔区,6.302499999999999,6.285,6.22,6.42,0.0850000000000001,4,three_or_more_periods,,False
2024-09,平谷区,15.6775,15.68,15.57,15.78,0.0857807282163847,4,three_or_more_periods,,False
2024-09,密云区,15.4425,15.495,15.09,15.69,0.2539520952200761,4,three_or_more_periods,,False
2024-09,延庆区,6.385000000000001,6.355,6.21,6.62,0.1767295485574876,4,three_or_more_periods,,False
2024-10,东城区,15.2675,15.245,15.22,15.36,0.0629152869605891,4,three_or_more_periods,,False
2024-10,西城区,13.1175,13.11,13.02,13.23,0.0895823643358449,4,three_or_more_periods,,False
2024-10,朝阳区,22.925,22.93,22.81,23.03,0.0957427107756345,4,three_or_more_periods,,False
2024-10,海淀区,10.0925,10.09,9.99,10.2,0.0987842767515828,4,three_or_more_periods,,False
2024-10,丰台区,11.1525,11.145,11.12,11.2,0.03403429642777,4,three_or_more_periods,,False
2024-10,石景山区,17.6425,17.625,17.58,17.74,0.0741057802513855,4,three_or_more_periods,,True
2024-10,门头沟区,16.2525,16.270000000000003,16.17,16.3,0.0573730482601946,4,three_or_more_periods,,False
2024-10,房山区,5.5675,5.545,5.52,5.66,0.0639661368746517,4,three_or_more_periods,,False
2024-10,通州区,5.4375,5.445,5.4,5.46,0.0287228132326899,4,three_or_more_periods,,False
2024-10,顺义区,16.4075,16.44,16.22,16.53,0.1320037878244419,4,three_or_more_periods,,False
2024-10,昌平区,14.9975,15.02,14.87,15.08,0.0953502316025858,4,three_or_more_periods,,False
2024-10,大兴区,12.294999999999998,12.31,12.16,12.4,0.1047218538160334,4,three_or_more_periods,,False
2024-10,怀柔区,6.2765,6.273,6.19,6.37,0.0917005997799357,4,three_or_more_periods,,False
2024-10,平谷区,15.93,15.84,15.66,16.38,0.324448249597168,4,three_or_more_periods,,False
2024-10,密云区,15.0825,15.08,15.06,15.11,0.0206155281280878,4,three_or_more_periods,,False
2024-10,延庆区,6.0075,5.99,5.9,6.15,0.115,4,three_or_more_periods,,False
2024-11,东城区,15.162499999999998,15.165,15.02,15.3,0.1297112177107289,4,three_or_more_periods,,False
2024-11,西城区,13.005,13.0,12.89,13.13,0.1034408043278858,4,three_or_more_periods,,False
2024-11,朝阳区,22.6,22.605,22.44,22.75,0.1267543556122097,4,three_or_more_periods,,False
2024-11,海淀区,9.8825,9.875,9.76,10.02,0.1126572974408078,4,three_or_more_periods,,False
2024-11,丰台区,11.3575,11.36,11.31,11.4,0.0492442890089804,4,three_or_more_periods,,False
2024-11,石景山区,17.9675,17.945,17.9,18.08,0.080570879768478,4,three_or_more_periods,,True
2024-11,门头沟区,16.4675,16.455,16.41,16.55,0.06238322424071,4,three_or_more_periods,,False
2024-11,房山区,5.735,5.735,5.67,5.8,0.0645497224367902,4,three_or_more_periods,,False
2024-11,通州区,5.695,5.654999999999999,5.57,5.9,0.1438749456993817,4,three_or_more_periods,,False
2024-11,顺义区,16.815,16.79,16.62,17.06,0.1821171783953021,4,three_or_more_periods,,False
2024-11,昌平区,14.67,14.685,14.47,14.84,0.1520964606206641,4,three_or_more_periods,,False
2024-11,大兴区,12.1275,12.135000000000002,12.09,12.15,0.0262995563967661,4,three_or_more_periods,,False
2024-11,怀柔区,6.53,6.529999999999999,6.46,6.6,0.0594418483337565,4,three_or_more_periods,,False
2024-11,平谷区,17.0575,17.049999999999997,16.82,17.31,0.2017217555611352,4,three_or_more_periods,,False
2024-11,密云区,15.1875,15.19,15.16,15.21,0.0262995563967662,4,three_or_more_periods,,False
2024-11,延庆区,5.79,5.795,5.71,5.86,0.0616441400296898,4,three_or_more_periods,,False
2024-12,东城区,15.1275,15.115,15.01,15.27,0.1161536338935059,4,three_or_more_periods,,False
2024-12,西城区,12.945,12.95,12.86,13.02,0.0660807586719968,4,three_or_more_periods,,False
2024-12,朝阳区,22.2875,22.285,22.16,22.42,0.1123610252712217,4,three_or_more_periods,,False
2024-12,海淀区,9.5875,9.59,9.47,9.7,0.0970824391947373,4,three_or_more_periods,,False
2024-12,丰台区,11.4975,11.51,11.45,11.52,0.0330403793359984,4,three_or_more_periods,,False
2024-12,石景山区,18.3325,18.325000000000003,18.23,18.45,0.0925112605758523,4,three_or_more_periods,,True
2024-12,门头沟区,16.68,16.68,16.66,16.7,0.0163299316185541,4,three_or_more_periods,,False
2024-12,房山区,5.7775,5.775,5.74,5.82,0.0386221007541882,4,three_or_more_periods,,False
2024-12,通州区,5.5325,5.51,5.5,5.61,0.0525198375219626,4,three_or_more_periods,,False
2024-12,顺义区,16.189999999999998,16.174999999999997,15.92,16.49,0.2458997085534394,4,three_or_more_periods,,False
2024-12,昌平区,14.2425,14.235,14.04,14.46,0.1796988221070659,4,three_or_more_periods,,False
2024-12,大兴区,11.7225,11.705,11.55,11.93,0.162762608318577,4,three_or_more_periods,,False
2024-12,怀柔区,6.66,6.67,6.62,6.68,0.027080128015453,4,three_or_more_periods,,False
2024-12,平谷区,16.9975,17.015,16.85,17.11,0.1081280105553898,4,three_or_more_periods,,False
2024-12,密云区,15.232500000000002,15.235,15.22,15.24,0.0095742710775631,4,three_or_more_periods,,False
2024-12,延庆区,5.597499999999999,5.6,5.52,5.67,0.0634428877022477,4,three_or_more_periods,,False
2025-01,东城区,14.9675,14.965,14.96,14.98,0.0095742710775631,4,three_or_more_periods,,False
2025-01,西城区,12.8875,12.885000000000002,12.87,12.91,0.0170782512765995,4,three_or_more_periods,,False
2025-01,朝阳区,21.88,21.9,21.72,22.0,0.1264911064067358,4,three_or_more_periods,,False
2025-01,海淀区,9.335,9.34,9.27,9.39,0.0550757054728611,4,three_or_more_periods,,False
2025-01,丰台区,11.635000000000002,11.635000000000002,11.6,11.67,0.0288675134594813,4,three_or_more_periods,,False
2025-01,石景山区,18.6775,18.68,18.56,18.79,0.0970824391947384,4,three_or_more_periods,,True
2025-01,门头沟区,16.9075,16.91,16.79,17.02,0.0970824391947384,4,three_or_more_periods,,False
2025-01,房山区,5.7725,5.775,5.74,5.8,0.0249999999999998,4,three_or_more_periods,,False
2025-01,通州区,5.515,5.515000000000001,5.49,5.54,0.0238047614284761,4,three_or_more_periods,,False
2025-01,顺义区,15.54,15.56,15.33,15.71,0.1620699437485764,4,three_or_more_periods,,False
2025-01,昌平区,13.715000000000002,13.745,13.49,13.88,0.1740689518552923,4,three_or_more_periods,,False
2025-01,大兴区,11.355,11.36,11.26,11.44,0.0806225774829854,4,three_or_more_periods,,False
2025-01,怀柔区,6.734999999999999,6.69,6.66,6.9,0.1112055154507487,4,three_or_more_periods,,False
2025-01,平谷区,17.3275,17.325000000000003,17.23,17.43,0.0842120339777316,4,three_or_more_periods,,False
2025-01,密云区,15.4675,15.475,15.27,15.65,0.1905037182489274,4,three_or_more_periods,,False
2025-01,延庆区,5.445,5.445,5.4,5.49,0.0420317340430615,4,three_or_more_periods,,False
2025-02,东城区,14.6775,14.685,14.35,14.99,0.3148941621137702,4,three_or_more_periods,,False
2025-02,西城区,12.7925,12.795,12.66,12.92,0.1187083260208255,4,three_or_more_periods,,False
2025-02,朝阳区,21.57,21.58,21.5,21.62,0.0559761854124889,4,three_or_more_periods,,False
2025-02,海淀区,9.17,9.175,9.13,9.2,0.0316227766016831,4,three_or_more_periods,,False
2025-02,丰台区,11.57,11.575,11.53,11.6,0.0316227766016838,4,three_or_more_periods,,False
2025-02,石景山区,19.055,19.065,18.94,19.15,0.1059874206372305,4,three_or_more_periods,,True
2025-02,门头沟区,17.275000000000002,17.26,17.19,17.39,0.0834665601703257,4,three_or_more_periods,,False
2025-02,房山区,5.930000000000001,5.915,5.84,6.05,0.0948683298050513,4,three_or_more_periods,,False
2025-02,通州区,5.595000000000001,5.595,5.53,5.66,0.0645497224367902,4,three_or_more_periods,,False
2025-02,顺义区,15.1825,15.175,15.09,15.29,0.0899536917900905,4,three_or_more_periods,,False
2025-02,昌平区,13.1175,13.125,12.99,13.23,0.0984462628374824,4,three_or_more_periods,,False
2025-02,大兴区,11.1975,11.18,11.15,11.28,0.0618465843842645,4,three_or_more_periods,,False
2025-02,怀柔区,6.69,6.705,6.64,6.71,0.033665016461207,4,three_or_more_periods,,False
2025-02,平谷区,17.6575,17.645,17.52,17.82,0.1376892636821525,4,three_or_more_periods,,False
2025-02,密云区,15.785,15.79,15.72,15.84,0.0591607978309959,4,three_or_more_periods,,False
2025-02,延庆区,5.327500000000001,5.345,5.26,5.36,0.0457347424467075,4,three_or_more_periods,,False
2025-03,东城区,14.28,14.28,14.12,14.44,0.1683250823060346,4,three_or_more_periods,,False
2025-03,西城区,12.71,12.715,12.66,12.75,0.0424264068711929,4,three_or_more_periods,,False
2025-03,朝阳区,21.735,21.73,21.64,21.84,0.0822597511950202,4,three_or_more_periods,,False
2025-03,海淀区,9.4775,9.435,9.29,9.75,0.1951708653120817,4,three_or_more_periods,,False
2025-03,丰台区,11.6225,11.62,11.6,11.65,0.0221735578260839,4,three_or_more_periods,,False
2025-03,石景山区,18.7875,18.79,18.6,18.97,0.1545692940614865,4,three_or_more_periods,,True
2025-03,门头沟区,16.7425,16.675,16.52,17.1,0.2532949532330513,4,three_or_more_periods,,False
2025-03,房山区,6.297499999999999,6.285,6.04,6.58,0.2315707235381882,4,three_or_more_periods,,False
2025-03,通州区,6.015000000000001,6.0,5.71,6.35,0.2663956956609219,4,three_or_more_periods,,False
2025-03,顺义区,16.002499999999998,15.725,15.38,17.18,0.8143044066359127,4,three_or_more_periods,,False
2025-03,昌平区,13.1225,13.06,12.99,13.38,0.1748094200360307,4,three_or_more_periods,,False
2025-03,大兴区,11.68,11.61,11.31,12.19,0.3790338595253284,4,three_or_more_periods,,False
2025-03,怀柔区,7.0175,7.005000000000001,6.89,7.17,0.117011395456454,4,three_or_more_periods,,False
2025-03,平谷区,18.4,18.31,17.92,19.06,0.4774934554525316,4,three_or_more_periods,,False
2025-03,密云区,15.9525,15.95,15.89,16.02,0.0531507290636728,4,three_or_more_periods,,False
2025-03,延庆区,5.3575,5.324999999999999,5.29,5.49,0.0906917857360854,4,three_or_more_periods,,False
2025-04,东城区,13.909999999999998,13.905,13.85,13.98,0.0605530070819502,4,three_or_more_periods,,False
2025-04,西城区,12.677500000000002,12.675,12.66,12.7,0.0170782512765989,4,three_or_more_periods,,False
2025-04,朝阳区,21.6825,21.68,21.62,21.75,0.0722841614740038,4,three_or_more_periods,,False
2025-04,海淀区,9.79,9.77,9.75,9.87,0.0547722557505163,4,three_or_more_periods,,False
2025-04,丰台区,11.580000000000002,11.585,11.56,11.59,0.0141421356237306,4,three_or_more_periods,,False
2025-04,石景山区,17.817500000000003,17.814999999999998,17.2,18.44,0.5385396921304879,4,three_or_more_periods,,True
2025-04,门头沟区,15.6,15.555,15.01,16.28,0.5847506591132103,4,three_or_more_periods,,False
2025-04,房山区,6.7275,6.67,6.46,7.11,0.2879091291825718,4,three_or_more_periods,,False
2025-04,通州区,6.275,6.285,6.05,6.48,0.2120534523809191,4,three_or_more_periods,,False
2025-04,顺义区,17.785,17.805,17.06,18.47,0.7329620272110509,4,three_or_more_periods,,False
2025-04,昌平区,13.52,13.515,13.43,13.62,0.0941629792788368,4,three_or_more_periods,,False
2025-04,大兴区,12.57,12.475,12.14,13.19,0.4433959855479069,4,three_or_more_periods,,False
2025-04,怀柔区,7.2775,7.305,7.05,7.45,0.1746186320719147,4,three_or_more_periods,,False
2025-04,平谷区,19.8125,19.765,19.43,20.29,0.4160428663811779,4,three_or_more_periods,,False
2025-04,密云区,16.045,16.035,16.03,16.08,0.0238047614284749,4,three_or_more_periods,,False
2025-04,延庆区,6.4425,6.41,6.06,6.89,0.3595715042473009,4,three_or_more_periods,,False
2025-05,东城区,13.945,13.95,13.88,14.0,0.0550757054728608,4,three_or_more_periods,,False
2025-05,西城区,12.7,12.695,12.66,12.75,0.0374165738677394,4,three_or_more_periods,,False
2025-05,朝阳区,21.620000000000005,21.645000000000003,21.51,21.68,0.0778888096369857,4,three_or_more_periods,,False
2025-05,海淀区,9.745,9.765,9.63,9.82,0.0818535277187241,4,three_or_more_periods,,False
2025-05,丰台区,11.5325,11.525,11.51,11.57,0.0262995563967661,4,three_or_more_periods,,False
2025-05,石景山区,16.195,16.14,15.79,16.71,0.4001249804748517,4,three_or_more_periods,,True
2025-05,门头沟区,14.03,14.01,13.66,14.44,0.319374388453426,4,three_or_more_periods,,False
2025-05,房山区,6.9025,6.875,6.72,7.14,0.1822772613355818,4,three_or_more_periods,,False
2025-05,通州区,6.35,6.395,6.05,6.56,0.2342363478768114,4,three_or_more_periods,,False
2025-05,顺义区,18.12,17.990000000000002,17.71,18.79,0.4759551799627067,4,three_or_more_periods,,False
2025-05,昌平区,13.5075,13.555,13.3,13.62,0.1463728116830438,4,three_or_more_periods,,False
2025-05,大兴区,12.852825,12.73065,12.47,13.48,0.4747475706450042,4,three_or_more_periods,,False
2025-05,怀柔区,7.335,7.335,7.31,7.36,0.0238047614284762,4,three_or_more_periods,,False
2025-05,平谷区,20.36,20.34,20.24,20.52,0.1235583532856714,4,three_or_more_periods,,False
2025-05,密云区,16.072499999999998,16.095,16.0,16.1,0.048562674281112,4,three_or_more_periods,,False
2025-05,延庆区,6.3725000000000005,6.390000000000001,6.18,6.53,0.1619413474070168,4,three_or_more_periods,,False
2025-06,东城区,14.1175,14.095,14.08,14.2,0.0556027577253739,4,three_or_more_periods,,False
2025-06,西城区,12.69,12.69,12.68,12.7,0.008164965809277,4,three_or_more_periods,,False
2025-06,朝阳区,21.8525,21.85,21.71,22.0,0.1314977819838289,4,three_or_more_periods,,False
2025-06,海淀区,10.0125,9.995,9.84,10.22,0.1590335394395368,4,three_or_more_periods,,False
2025-06,丰台区,11.5175,11.515,11.5,11.54,0.0206155281280878,4,three_or_more_periods,,False
2025-06,石景山区,15.3375,15.335,15.24,15.44,0.0818026079453865,4,three_or_more_periods,,True
2025-06,门头沟区,13.5025,13.485,13.38,13.66,0.1161536338935059,4,three_or_more_periods,,False
2025-06,房山区,7.13,7.145,6.86,7.37,0.2325224003546037,4,three_or_more_periods,,False
2025-06,通州区,6.7275,6.78,6.51,6.84,0.1477328670269417,4,three_or_more_periods,,False
2025-06,顺义区,18.185,18.23,17.86,18.42,0.2608320021265294,4,three_or_more_periods,,False
2025-06,昌平区,13.71,13.67,13.64,13.86,0.1039230484541321,4,three_or_more_periods,,False
2025-06,大兴区,12.8725,12.935,12.39,13.23,0.3725922704512265,4,three_or_more_periods,,False
2025-06,怀柔区,7.4675,7.45,7.38,7.59,0.0939414711402796,4,three_or_more_periods,,False
2025-06,平谷区,21.15,21.14,20.86,21.46,0.2457641145488907,4,three_or_more_periods,,False
2025-06,密云区,16.165,16.165,16.13,16.2,0.0288675134594814,4,three_or_more_periods,,False
2025-06,延庆区,6.585,6.645,6.37,6.68,0.144798710859823,4,three_or_more_periods,,False
2025-07,东城区,13.9525,13.935,13.89,14.05,0.0694622199472492,4,three_or_more_periods,,False
2025-07,西城区,12.6125,12.62,12.56,12.65,0.0377491721763535,4,three_or_more_periods,,False
2025-07,朝阳区,21.3125,21.275,21.07,21.63,0.2386594505426781,4,three_or_more_periods,,False
2025-07,海淀区,9.5475,9.555,9.35,9.73,0.156710986638887,4,three_or_more_periods,,False
2025-07,丰台区,11.3775,11.385000000000002,11.26,11.48,0.0903234926989284,4,three_or_more_periods,,False
2025-07,石景山区,15.0575,15.07,14.93,15.16,0.1068877916321601,4,three_or_more_periods,,True
2025-07,门头沟区,13.62,13.63,13.53,13.69,0.0824621125123531,4,three_or_more_periods,,False
2025-07,房山区,6.4075,6.415,5.95,6.85,0.3680919269240587,4,three_or_more_periods,,False
2025-07,通州区,6.535,6.62,6.26,6.64,0.1837570860311696,4,three_or_more_periods,,False
2025-07,顺义区,17.3825,17.465,16.96,17.64,0.2948869840012156,4,three_or_more_periods,,False
2025-07,昌平区,13.28,13.3,13.01,13.51,0.2080064101576359,4,three_or_more_periods,,False
2025-07,大兴区,12.045,12.07,11.67,12.37,0.287344160662204,4,three_or_more_periods,,False
2025-07,怀柔区,6.8950000000000005,6.970000000000001,6.53,7.11,0.253311402559511,4,three_or_more_periods,,False
2025-07,平谷区,21.2225,21.305,20.75,21.53,0.3501785258978631,4,three_or_more_periods,,False
2025-07,密云区,16.12,16.18,15.94,16.18,0.1200000000000001,4,three_or_more_periods,,False
2025-07,延庆区,6.795,6.76,6.31,7.35,0.4538355061767056,4,three_or_more_periods,,False
2025-08,东城区,13.6275,13.675,13.42,13.74,0.1431491064123931,4,three_or_more_periods,,False
2025-08,西城区,12.337500000000002,12.34,12.23,12.44,0.0917877987534287,4,three_or_more_periods,,False
2025-08,朝阳区,20.5725,20.59,20.3,20.81,0.2245551157288558,4,three_or_more_periods,,False
2025-08,海淀区,8.944999999999999,8.985,8.69,9.12,0.1852025917745212,4,three_or_more_periods,,False
2025-08,丰台区,10.8525,10.885000000000002,10.61,11.03,0.1887458608817688,4,three_or_more_periods,,False
2025-08,石景山区,14.402500000000002,14.425,14.13,14.63,0.2261820800446693,4,three_or_more_periods,,True
2025-08,门头沟区,13.2125,13.24,12.92,13.45,0.2282359889821642,4,three_or_more_periods,,False
2025-08,房山区,4.8225,4.885,4.36,5.16,0.3386615813266492,4,three_or_more_periods,,False
2025-08,通州区,5.807499999999999,5.93,5.31,6.06,0.3451931826287033,4,three_or_more_periods,,False
2025-08,顺义区,15.7575,15.75,15.32,16.21,0.3920352875273689,4,three_or_more_periods,,False
2025-08,昌平区,12.395,12.395,12.07,12.72,0.2788667543230401,4,three_or_more_periods,,False
2025-08,大兴区,10.9975,11.03,10.61,11.32,0.3138338201447811,4,three_or_more_periods,,False
2025-08,怀柔区,5.82,5.8100000000000005,5.58,6.08,0.2146314670934032,4,three_or_more_periods,,False
2025-08,平谷区,14.53,14.305,13.31,16.2,1.2287934461630776,4,three_or_more_periods,,False
2025-08,密云区,13.35,13.215,12.65,14.32,0.7370662566327852,4,three_or_more_periods,,False
2025-08,延庆区,5.9025,5.98,5.46,6.19,0.313833820144781,4,three_or_more_periods,,False
2025-09,东城区,13.21,13.225,13.1,13.29,0.0804155872120987,4,three_or_more_periods,,False
2025-09,西城区,12.037499999999998,12.04,11.95,12.12,0.0736545993132812,4,three_or_more_periods,,False
2025-09,朝阳区,20.025,20.025,19.89,20.16,0.1103026140518285,4,three_or_more_periods,,False
2025-09,海淀区,8.545000000000002,8.559999999999999,8.46,8.6,0.0645497224367898,4,three_or_more_periods,,False
2025-09,丰台区,10.3875,10.4,10.35,10.4,0.0250000000000003,4,three_or_more_periods,,False
2025-09,石景山区,13.03,13.0,12.74,13.38,0.2784480801394281,4,three_or_more_periods,,True
2025-09,门头沟区,12.26,12.23,12.15,12.43,0.1197218999737861,4,three_or_more_periods,,False
2025-09,房山区,4.785,4.805,4.59,4.94,0.1515475722889243,4,three_or_more_periods,,False
2025-09,通州区,5.2775,5.26,5.25,5.34,0.0419324854180304,4,three_or_more_periods,,False
2025-09,顺义区,15.35,15.3,15.21,15.59,0.1657307052620804,4,three_or_more_periods,,False
2025-09,昌平区,11.9,11.89,11.83,11.99,0.0707106781186549,4,three_or_more_periods,,False
2025-09,大兴区,10.3375,10.335,10.24,10.44,0.0932291084729799,4,three_or_more_periods,,False
2025-09,怀柔区,5.807499999999999,5.815,5.68,5.92,0.1081280105553907,4,three_or_more_periods,,False
2025-09,平谷区,13.045000000000002,13.010000000000002,12.85,13.31,0.19485036994234,4,three_or_more_periods,,False
2025-09,密云区,12.605,12.585,12.52,12.73,0.0994987437106625,4,three_or_more_periods,,False
2025-09,延庆区,5.1175,5.109999999999999,5.01,5.24,0.0946484724300047,4,three_or_more_periods,,False
2025-10,东城区,12.92,12.925,12.87,12.96,0.03741657386774,4,three_or_more_periods,,False
2025-10,西城区,11.84,11.835,11.76,11.93,0.0707106781186546,4,three_or_more_periods,,False
2025-10,朝阳区,19.495,19.485,19.27,19.74,0.1933045955653058,4,three_or_more_periods,,False
2025-10,海淀区,8.3475,8.329999999999998,8.22,8.51,0.1244655240083237,4,three_or_more_periods,,False
2025-10,丰台区,10.45,10.47,10.39,10.47,0.04,4,three_or_more_periods,,False
2025-10,石景山区,13.5125,13.47,13.15,13.96,0.4144373696149195,4,three_or_more_periods,,True
2025-10,门头沟区,12.5725,12.53,12.26,12.97,0.3154229964138106,4,three_or_more_periods,,False
2025-10,房山区,4.664499999999999,4.629,4.47,4.93,0.1973921646536829,4,three_or_more_periods,,False
2025-10,通州区,5.045,4.975,4.92,5.31,0.1823001188516708,4,three_or_more_periods,,False
2025-10,顺义区,14.7925,14.72,14.61,15.12,0.2249999999999998,4,three_or_more_periods,,False
2025-10,昌平区,11.465,11.435,11.27,11.72,0.1922671752189301,4,three_or_more_periods,,False
2025-10,大兴区,9.8275,9.81,9.6,10.09,0.2069420208657487,4,three_or_more_periods,,False
2025-10,怀柔区,6.0575,6.0600000000000005,6.02,6.09,0.0377491721763537,4,three_or_more_periods,,False
2025-10,平谷区,13.4125,13.365,13.3,13.62,0.1445394986384915,4,three_or_more_periods,,False
2025-10,密云区,12.925,12.92,12.86,13.0,0.0624499799839839,4,three_or_more_periods,,False
2025-10,延庆区,4.71,4.69,4.61,4.85,0.1058300524425833,4,three_or_more_periods,,False
2025-11,东城区,12.8875,12.89,12.82,12.95,0.0670198975429432,4,three_or_more_periods,,False
2025-11,西城区,11.677499999999998,11.675,11.63,11.73,0.0427200187265874,4,three_or_more_periods,,False
2025-11,朝阳区,19.2175,19.23,19.15,19.26,0.0499165971062408,4,three_or_more_periods,,False
2025-11,海淀区,8.25,8.254999999999999,8.21,8.28,0.0294392028877588,4,three_or_more_periods,,False
2025-11,丰台区,10.655,10.665,10.59,10.7,0.0544671154612268,4,three_or_more_periods,,False
2025-11,石景山区,15.0625,15.08,14.54,15.55,0.4306100323959029,4,three_or_more_periods,,True
2025-11,门头沟区,13.9225,13.915,13.49,14.37,0.3809965004213727,4,three_or_more_periods,,False
2025-11,房山区,4.765499999999999,4.752,4.684,4.874,0.0833206657038534,4,three_or_more_periods,,False
2025-11,通州区,5.1825,5.15,4.95,5.48,0.2555223408366999,4,three_or_more_periods,,False
2025-11,顺义区,15.1675,15.225,14.65,15.57,0.3927997793617845,4,three_or_more_periods,,False
2025-11,昌平区,11.05,11.045,10.98,11.13,0.0616441400296899,4,three_or_more_periods,,False
2025-11,大兴区,9.6,9.57,9.49,9.77,0.1197218999737861,4,three_or_more_periods,,False
2025-11,怀柔区,6.2275,6.225,6.15,6.31,0.0842120339777316,4,three_or_more_periods,,False
2025-11,平谷区,14.4375,14.465,13.92,14.9,0.4380544106234598,4,three_or_more_periods,,False
2025-11,密云区,13.215,13.21,13.1,13.34,0.103440804327886,4,three_or_more_periods,,False
2025-11,延庆区,4.475,4.475,4.42,4.53,0.0532290647422376,4,three_or_more_periods,,False
2025-12,东城区,12.945,12.925,12.9,13.03,0.0580229839517636,4,three_or_more_periods,,False
2025-12,西城区,11.735,11.725,11.69,11.8,0.0465474668125635,4,three_or_more_periods,,False
2025-12,朝阳区,19.1375,19.145,19.06,19.2,0.0579511288357125,4,three_or_more_periods,,False
2025-12,海淀区,8.192499999999999,8.195,8.18,8.2,0.0095742710775631,4,three_or_more_periods,,False
2025-12,丰台区,10.7925,10.785,10.75,10.85,0.0434932945023329,4,three_or_more_periods,,False
2025-12,石景山区,16.662499999999998,16.64,16.24,17.13,0.3843067351305034,4,three_or_more_periods,,True
2025-12,门头沟区,15.4575,15.420000000000002,14.89,16.1,0.5246824436425017,4,three_or_more_periods,,False
2025-12,房山区,4.916,4.925,4.87,4.944,0.0322076595444829,4,three_or_more_periods,,False
2025-12,通州区,5.1925,5.2,5.14,5.23,0.037749172176354,4,three_or_more_periods,,False
2025-12,顺义区,14.69,14.68,14.47,14.93,0.1897366596101024,4,three_or_more_periods,,False
2025-12,昌平区,10.745,10.735,10.59,10.92,0.1352774925846868,4,three_or_more_periods,,False
2025-12,大兴区,9.1775,9.175,9.01,9.35,0.1417450763401207,4,three_or_more_periods,,False
2025-12,怀柔区,6.485,6.49,6.39,6.57,0.0842614977317637,4,three_or_more_periods,,False
2025-12,平谷区,14.97,14.965,14.93,15.02,0.0469041575982343,4,three_or_more_periods,,False
2025-12,密云区,13.65,13.65,13.48,13.82,0.1501110699893027,4,three_or_more_periods,,False
2025-12,延庆区,4.305,4.36,4.09,4.41,0.1452583904633397,4,three_or_more_periods,,False
2026-01,东城区,13.0025,12.97,12.92,13.15,0.101447851956888,4,three_or_more_periods,,False
2026-01,西城区,11.7,11.7,11.68,11.72,0.0182574185835061,4,three_or_more_periods,,False
2026-01,朝阳区,19.0275,19.035,18.98,19.06,0.0359397644214126,4,three_or_more_periods,,False
2026-01,海淀区,8.184999999999999,8.19,8.16,8.2,0.0191485421551263,4,three_or_more_periods,,False
2026-01,丰台区,10.8625,10.86,10.83,10.9,0.0377491721763539,4,three_or_more_periods,,False
2026-01,石景山区,18.1425,18.155,17.62,18.64,0.4431986010808246,4,three_or_more_periods,,True
2026-01,门头沟区,17.445,17.465,16.76,18.09,0.5763390206004324,4,three_or_more_periods,,False
2026-01,房山区,5.0120000000000005,5.0120000000000005,4.964,5.06,0.0403980197534479,4,three_or_more_periods,,False
2026-01,通州区,5.275,5.275,5.26,5.29,0.0173205080756889,4,three_or_more_periods,,False
2026-01,顺义区,14.3175,14.305,14.27,14.39,0.0512347538297982,4,three_or_more_periods,,False
2026-01,昌平区,10.400000000000002,10.395,10.3,10.51,0.0867947771086098,4,three_or_more_periods,,False
2026-01,大兴区,8.917499999999999,8.915,8.87,8.97,0.0457347424467078,4,three_or_more_periods,,False
2026-01,怀柔区,6.7525,6.75,6.7,6.81,0.055602757725374,4,three_or_more_periods,,False
2026-01,平谷区,15.2825,15.275,15.18,15.4,0.09742518497117,4,three_or_more_periods,,False
2026-01,密云区,14.2025,14.2,14.02,14.39,0.1615291511358452,4,three_or_more_periods,,False
2026-01,延庆区,3.9675,3.965,3.95,3.99,0.0206155281280882,4,three_or_more_periods,,False
2026-02,东城区,12.825,12.84,12.62,13.0,0.1594783161854095,4,three_or_more_periods,,False
2026-02,西城区,11.5,11.489999999999998,11.4,11.62,0.0962635271879572,4,three_or_more_periods,,False
2026-02,朝阳区,18.7675,18.765,18.59,18.95,0.1592430008927651,4,three_or_more_periods,,False
2026-02,海淀区,8.145,8.15,8.07,8.21,0.0580229839517642,4,three_or_more_periods,,False
2026-02,丰台区,10.8325,10.835,10.77,10.89,0.0492442890089809,4,three_or_more_periods,,False
2026-02,石景山区,19.4575,19.495,19.02,19.82,0.3425760256254566,4,three_or_more_periods,,True
2026-02,门头沟区,19.0275,19.04,18.6,19.43,0.3578989615333722,4,three_or_more_periods,,False
2026-02,房山区,4.925,4.93,4.86,4.98,0.0519615242270663,4,three_or_more_periods,,False
2026-02,通州区,5.32,5.335,5.27,5.34,0.033665016461207,4,three_or_more_periods,,False
2026-02,顺义区,14.0575,14.06,13.89,14.22,0.1575595125658871,4,three_or_more_periods,,False
2026-02,昌平区,9.99,9.965,9.83,10.2,0.1845715759987614,4,three_or_more_periods,,False
2026-02,大兴区,8.75,8.75,8.63,8.87,0.0979795897113264,4,three_or_more_periods,,False
2026-02,怀柔区,6.83,6.835,6.78,6.87,0.0391578004149022,4,three_or_more_periods,,False
2026-02,平谷区,15.405,15.425,15.3,15.47,0.0785281265959316,4,three_or_more_periods,,False
2026-02,密云区,14.7775,14.76,14.59,15.0,0.1780215342779258,4,three_or_more_periods,,False
2026-02,延庆区,3.924,3.9315,3.89,3.943,0.0251263473933903,4,three_or_more_periods,,False
2026-03,东城区,12.7225,12.73,12.57,12.86,0.1440775254275739,4,three_or_more_periods,,False
2026-03,西城区,11.3325,11.329999999999998,11.25,11.42,0.0767571929311297,4,three_or_more_periods,,False
2026-03,朝阳区,18.875,18.865,18.72,19.05,0.1357694123627759,4,three_or_more_periods,,False
2026-03,海淀区,8.325,8.295,8.17,8.54,0.1575859553809705,4,three_or_more_periods,,False
2026-03,丰台区,10.8075,10.805,10.79,10.83,0.0206155281280888,4,three_or_more_periods,,False
2026-03,石景山区,20.215,20.235,20.01,20.38,0.159269164205336,4,three_or_more_periods,,True
2026-03,门头沟区,19.9525,19.97,19.67,20.2,0.2269177530883519,4,three_or_more_periods,,False
2026-03,房山区,5.172,5.109999999999999,4.974,5.494,0.2384505539240087,4,three_or_more_periods,,False
2026-03,通州区,5.657500000000001,5.66,5.42,5.89,0.2368367933127507,4,three_or_more_periods,,False
2026-03,顺义区,14.5,14.2,13.98,15.62,0.7591662092936781,4,three_or_more_periods,,False
2026-03,昌平区,9.9075,9.87,9.79,10.1,0.1359840676942217,4,three_or_more_periods,,False
2026-03,大兴区,9.2075,9.06,8.79,9.92,0.508813980415895,4,three_or_more_periods,,False
2026-03,怀柔区,6.98,6.970000000000001,6.91,7.07,0.0683130051063973,4,three_or_more_periods,,False
2026-03,平谷区,16.045,15.9,15.59,16.79,0.5269092268439917,4,three_or_more_periods,,False
2026-03,密云区,15.2625,15.25,15.12,15.43,0.1337597348482223,4,three_or_more_periods,,False
2026-03,延庆区,3.97,3.95,3.93,4.05,0.0547722557505164,4,three_or_more_periods,,False
2026-04,东城区,12.5525,12.555,12.49,12.61,0.0505799696849781,4,three_or_more_periods,,False
2026-04,西城区,11.1475,11.125,11.1,11.24,0.0639661368746519,4,three_or_more_periods,,False
2026-04,朝阳区,19.14,19.11,19.09,19.25,0.0739369100427296,4,three_or_more_periods,,False
2026-04,海淀区,8.717,8.725000000000001,8.6,8.818,0.0895693399923582,4,three_or_more_periods,,False
2026-04,丰台区,10.79,10.795,10.76,10.81,0.0216024689946932,4,three_or_more_periods,,False
2026-04,石景山区,20.4875,20.505000000000003,20.43,20.51,0.0386221007541889,4,three_or_more_periods,,True
2026-04,门头沟区,20.425,20.42,20.39,20.47,0.0412310562561757,4,three_or_more_periods,,False
2026-04,房山区,5.61975,5.5595,5.47,5.89,0.1903161842828927,4,three_or_more_periods,,False
2026-04,通州区,5.865,5.785,5.73,6.16,0.2004162335407655,4,three_or_more_periods,,False
2026-04,顺义区,16.425,16.259999999999998,15.9,17.28,0.6261788881781313,4,three_or_more_periods,,False
2026-04,昌平区,10.315,10.355,10.16,10.39,0.1053565375285273,4,three_or_more_periods,,False
2026-04,大兴区,9.955,10.0,9.69,10.13,0.1980740602232748,4,three_or_more_periods,,False
2026-04,怀柔区,7.28,7.255,7.24,7.37,0.0605530070819498,4,three_or_more_periods,,False
2026-04,平谷区,17.720000000000002,17.634999999999998,17.24,18.37,0.5091823510950355,4,three_or_more_periods,,False
2026-04,密云区,15.6275,15.625,15.51,15.75,0.1021028892833108,4,three_or_more_periods,,False
2026-04,延庆区,4.7375,4.795,4.46,4.9,0.1967019742317465,4,three_or_more_periods,,False
2026-05,东城区,12.6225,12.595,12.56,12.74,0.0809835374217089,4,three_or_more_periods,,False
2026-05,西城区,10.915,10.905,10.81,11.04,0.1014889156509217,4,three_or_more_periods,,False
2026-05,朝阳区,19.2475,19.25,19.1,19.39,0.120933866224478,4,three_or_more_periods,,False
2026-05,海淀区,8.84,8.82,8.62,9.1,0.2054263858417415,4,three_or_more_periods,,False
2026-05,丰台区,10.7475,10.745,10.69,10.81,0.0531507290636734,4,three_or_more_periods,,False
2026-05,石景山区,20.1425,20.15,19.93,20.34,0.1770828431365765,4,three_or_more_periods,,True
2026-05,门头沟区,20.09,20.105,19.87,20.28,0.1790716802475103,4,three_or_more_periods,,False
2026-05,房山区,5.86625,5.8775,5.535,6.175,0.3256371958688586,4,three_or_more_periods,,False
2026-05,通州区,5.99,6.050000000000001,5.53,6.33,0.3556215216584432,4,three_or_more_periods,,False
2026-05,顺义区,17.1575,17.03,16.58,17.99,0.6009090336038111,4,three_or_more_periods,,False
2026-05,昌平区,10.5825,10.565,10.38,10.82,0.1811767093199341,4,three_or_more_periods,,False
2026-05,大兴区,10.3425,10.345,9.68,11.0,0.5902753594721705,4,three_or_more_periods,,False
2026-05,怀柔区,7.38,7.405,7.22,7.49,0.1197218999737866,4,three_or_more_periods,,False
2026-05,平谷区,18.665000000000003,18.65,18.01,19.35,0.5475703912131602,4,three_or_more_periods,,False
2026-05,密云区,15.86,15.86,15.83,15.89,0.0346410161513778,4,three_or_more_periods,,False
2026-05,延庆区,4.8375,4.785,4.72,5.06,0.1519594244088422,4,three_or_more_periods,,False
2026-06,东城区,12.45,12.43,12.41,12.53,0.0547722557505163,4,three_or_more_periods,,False
2026-06,西城区,10.675,10.67,10.62,10.74,0.0500000000000003,4,three_or_more_periods,,False
2026-06,朝阳区,18.7825,18.775,18.76,18.82,0.0262995563967655,4,three_or_more_periods,,False
2026-06,海淀区,8.622,8.604,8.55,8.73,0.0881816307401941,4,three_or_more_periods,,False
2026-06,丰台区,10.64,10.645,10.6,10.67,0.0316227766016838,4,three_or_more_periods,,False
2026-06,石景山区,19.56,19.56,19.4,19.72,0.1395229969097092,4,three_or_more_periods,,True
2026-06,门头沟区,19.5375,19.53,19.38,19.71,0.1466003638012774,4,three_or_more_periods,,False
2026-06,房山区,5.688,5.651,5.59,5.86,0.1199666620357507,4,three_or_more_periods,,False
2026-06,通州区,5.65,5.6850000000000005,5.47,5.76,0.1256980508997654,4,three_or_more_periods,,False
2026-06,顺义区,15.97,15.9,15.78,16.3,0.2413848932030892,4,three_or_more_periods,,False
2026-06,昌平区,10.355,10.38,10.21,10.45,0.1034408043278854,4,three_or_more_periods,,False
2026-06,大兴区,9.4725,9.51,9.28,9.59,0.1454590434910577,4,three_or_more_periods,,False
2026-06,怀柔区,7.235,7.23,7.22,7.26,0.0173205080756886,4,three_or_more_periods,,False
2026-06,平谷区,17.3175,17.105,16.99,18.07,0.5105144464165536,4,three_or_more_periods,,False
2026-06,密云区,15.86,15.89,15.77,15.89,0.0600000000000005,4,three_or_more_periods,,False
2026-06,延庆区,4.9125,4.91,4.84,4.99,0.061846584384265,4,three_or_more_periods,,False
2026-07,东城区,12.3325,12.3,12.28,12.45,0.0793200268952718,4,three_or_more_periods,,False
2026-07,西城区,10.5175,10.51,10.48,10.57,0.0386221007541882,4,three_or_more_periods,,False
2026-07,朝阳区,18.6075,18.595,18.53,18.71,0.0758836829188816,4,three_or_more_periods,,False
2026-07,海淀区,8.41,8.4,8.34,8.5,0.0683130051063972,4,three_or_more_periods,,False
2026-07,丰台区,10.4675,10.435,10.4,10.6,0.090691785736085,4,three_or_more_periods,,False
2026-07,石景山区,19.075,19.055,18.95,19.24,0.1287115638420516,4,three_or_more_periods,,True
2026-07,门头沟区,19.1725,19.155,19.13,19.25,0.0567890834580032,4,three_or_more_periods,,False
2026-07,房山区,5.669999999999999,5.69,5.49,5.81,0.1516575088810309,4,three_or_more_periods,,False
2026-07,通州区,5.25,5.140000000000001,5.07,5.65,0.2731300056749533,4,three_or_more_periods,,False
2026-07,顺义区,15.1825,15.09,14.98,15.57,0.2714620906621525,4,three_or_more_periods,,False
2026-07,昌平区,10.1325,10.1,10.08,10.25,0.079320026895272,4,three_or_more_periods,,False
2026-07,大兴区,8.8575,8.8,8.76,9.07,0.1466003638012769,4,three_or_more_periods,,False
2026-07,怀柔区,7.0075,6.955,6.92,7.2,0.1299679447658794,4,three_or_more_periods,,False
2026-07,平谷区,13.57,12.895,11.77,16.72,2.2564721728101733,4,three_or_more_periods,,False
2026-07,密云区,15.517500000000002,15.510000000000002,15.34,15.71,0.1848197319912931,4,three_or_more_periods,,False
2026-07,延庆区,4.76,4.705,4.6,5.03,0.1940790217067954,4,three_or_more_periods,,False
2026-08,东城区,12.05,12.02,11.91,12.25,0.1439907404430344,4,three_or_more_periods,,False
2026-08,西城区,10.38,10.375,10.32,10.45,0.0547722557505163,4,three_or_more_periods,,False
2026-08,朝阳区,18.4225,18.43,18.21,18.62,0.1707581135212418,4,three_or_more_periods,,False
2026-08,海淀区,7.959999999999999,7.94,7.79,8.17,0.1602081978759721,4,three_or_more_periods,,False
2026-08,丰台区,10.2475,10.25,10.14,10.35,0.089209491273817,4,three_or_more_periods,,False
2026-08,石景山区,18.78,18.765,18.74,18.85,0.0522812904711951,4,three_or_more_periods,,True
2026-08,门头沟区,19.0925,19.075,19.0,19.22,0.0963932916061413,4,three_or_more_periods,,False
2026-08,房山区,5.285,5.275,5.23,5.36,0.0613731754650731,4,three_or_more_periods,,False
2026-08,通州区,5.369999999999999,5.385,5.24,5.47,0.0976387901058452,4,three_or_more_periods,,False
2026-08,顺义区,14.67,14.635000000000002,14.47,14.94,0.1961292091114081,4,three_or_more_periods,,False
2026-08,昌平区,9.795,9.78,9.62,10.0,0.1594783161854094,4,three_or_more_periods,,False
2026-08,大兴区,8.71,8.675,8.45,9.04,0.2562550812504341,4,three_or_more_periods,,False
2026-08,怀柔区,6.6225,6.705,6.2,6.88,0.3196221727811344,4,three_or_more_periods,,False
2026-08,平谷区,12.09,12.08,11.9,12.3,0.2199999999999999,4,three_or_more_periods,,False
2026-08,密云区,15.26,15.29,15.15,15.31,0.0743863786814046,4,three_or_more_periods,,False
2026-08,延庆区,4.782500000000001,4.78,4.69,4.88,0.0842120339777316,4,three_or_more_periods,,False
2026-09,东城区,11.74,11.74,11.74,11.74,0.0,1,single_period,,False
2026-09,西城区,10.24,10.24,10.24,10.24,0.0,1,single_period,,False
2026-09,朝阳区,18.15,18.15,18.15,18.15,0.0,1,single_period,,False
2026-09,海淀区,7.88,7.88,7.88,7.88,0.0,1,single_period,,False
2026-09,丰台区,10.04,10.04,10.04,10.04,0.0,1,single_period,,False
2026-09,石景山区,18.97,18.97,18.97,18.97,0.0,1,single_period,,True
2026-09,门头沟区,19.42,19.42,19.42,19.42,0.0,1,single_period,,False
2026-09,房山区,5.42,5.42,5.42,5.42,0.0,1,single_period,,False
2026-09,通州区,5.38,5.38,5.38,5.38,0.0,1,single_period,,False
2026-09,顺义区,14.8,14.8,14.8,14.8,0.0,1,single_period,,False
2026-09,昌平区,9.71,9.71,9.71,9.71,0.0,1,single_period,,False
2026-09,大兴区,8.66,8.66,8.66,8.66,0.0,1,single_period,,False
2026-09,怀柔区,6.32,6.32,6.32,6.32,0.0,1,single_period,,False
2026-09,平谷区,12.75,12.75,12.75,12.75,0.0,1,single_period,,False
2026-09,密云区,14.99,14.99,14.99,14.99,0.0,1,single_period,,False
2026-09,延庆区,4.92,4.92,4.92,4.92,0.0,1,single_period,,False
