district,year,depth_m,qc_flag,config_id,encounter_fraction,change_from_central_pp,stock_proxy_K,relative_temporal_index
大兴区,2000,11.7,no_screening_flag,shallow,0.009993,-7.7494,0.3091787439613526,0.0030896231884057963
大兴区,2001,12.6,no_screening_flag,shallow,0.009993,-7.7494,0.3690821256038647,0.00368823768115942
大兴区,2002,13.2,bulletin_marked_draft;cross_report_value_disagreement,shallow,0.009993,0.0,0.4289855072463768,0.0042868521739130435
大兴区,2003,13.9,low_resolution_photographed_chart;source_chart_city_control_disagreement,shallow,0.009993,0.0,0.4888888888888889,0.004885466666666667
大兴区,2004,15.0,low_resolution_photographed_chart;source_chart_city_control_disagreement,shallow,0.0,-0.9993,0.548792270531401,0.0
大兴区,2005,15.9,low_resolution_photographed_chart,shallow,0.0,-0.9993,0.6086956521739131,0.0
大兴区,2006,17.3,low_resolution_photographed_chart,shallow,0.0,0.0,0.6328502415458938,0.0
大兴区,2007,17.9,low_resolution_photographed_chart,shallow,0.0,0.0,0.6570048309178744,0.0
大兴区,2008,18.6,no_screening_flag,shallow,0.0,0.0,0.6811594202898551,0.0
大兴区,2009,19.3,no_screening_flag,shallow,0.0,0.0,0.7053140096618358,0.0
大兴区,2010,18.8,no_screening_flag,shallow,0.0,0.0,0.7294685990338164,0.0
大兴区,2011,18.9,no_screening_flag,shallow,0.0,0.0,0.7323671497584541,0.0
大兴区,2012,17.9,no_screening_flag,shallow,0.0,0.0,0.7352657004830918,0.0
大兴区,2013,17.8,no_screening_flag,shallow,0.0,0.0,0.7381642512077294,0.0
大兴区,2014,19.0,no_screening_flag,shallow,0.0,0.0,0.7410628019323672,0.0
大兴区,2015,18.7,no_screening_flag,shallow,0.0,0.0,0.7439613526570048,0.0
大兴区,2016,17.8,no_screening_flag,shallow,0.0,0.0,0.7951690821256039,0.0
大兴区,2017,17.9,no_screening_flag,shallow,0.0,0.0,0.8463768115942029,0.0
大兴区,2018,17.9,no_screening_flag,shallow,0.0,0.0,0.8975845410628019,0.0
大兴区,2019,17.8,no_screening_flag,shallow,0.0,0.0,0.9487922705314008,0.0
大兴区,2020,16.8,no_screening_flag,shallow,0.0,-0.9993,1.0,0.0
密云区,2000,19.3,no_screening_flag,shallow,0.0,0.0,0.53125,0.0
密云区,2001,22.0,bulletin_marked_draft;primary_figure_occluded_used_alternate_source,shallow,0.0,0.0,0.58125,0.0
密云区,2002,22.7,bulletin_marked_draft;cross_report_value_disagreement,shallow,0.0,0.0,0.63125,0.0
密云区,2003,24.2,cross_report_value_disagreement;low_resolution_photographed_chart;source_chart_city_control_disagreement,shallow,0.0,0.0,0.68125,0.0
密云区,2004,25.5,low_resolution_photographed_chart;source_chart_city_control_disagreement,shallow,0.0,0.0,0.73125,0.0
密云区,2005,25.4,low_resolution_photographed_chart,shallow,0.0,0.0,0.78125,0.0
密云区,2006,26.1,low_resolution_photographed_chart,shallow,0.0,0.0,0.78125,0.0
密云区,2007,28.0,low_resolution_photographed_chart,shallow,0.0,0.0,0.78125,0.0
密云区,2008,28.2,no_screening_flag,shallow,0.0,0.0,0.78125,0.0
密云区,2009,28.9,no_screening_flag,shallow,0.0,0.0,0.78125,0.0
密云区,2010,29.9,no_screening_flag,shallow,0.0,0.0,0.78125,0.0
密云区,2011,29.5,no_screening_flag,shallow,0.0,0.0,0.78125,0.0
密云区,2012,28.7,no_screening_flag,shallow,0.0,0.0,0.78125,0.0
密云区,2013,29.8,no_screening_flag,shallow,0.0,0.0,0.78125,0.0
密云区,2014,30.4,no_screening_flag,shallow,0.0,0.0,0.78125,0.0
密云区,2015,30.6,no_screening_flag,shallow,0.0,0.0,0.78125,0.0
密云区,2016,29.7,no_screening_flag,shallow,0.0,0.0,0.825,0.0
密云区,2017,31.3,no_screening_flag,shallow,0.0,0.0,0.86875,0.0
密云区,2018,24.9,large_year_to_year_change_gt5m,shallow,0.0,0.0,0.9125,0.0
密云区,2019,24.8,no_screening_flag,shallow,0.0,0.0,0.95625,0.0
密云区,2020,25.2,no_screening_flag,shallow,0.0,0.0,1.0,0.0
平谷区,2000,19.6,no_screening_flag,shallow,0.0,0.0,0.75,0.0
平谷区,2001,17.9,no_screening_flag,shallow,0.0,0.0,0.7833333333333333,0.0
平谷区,2002,20.7,bulletin_marked_draft;cross_report_value_disagreement,shallow,0.0,0.0,0.8166666666666667,0.0
平谷区,2003,20.6,cross_report_value_disagreement;low_resolution_photographed_chart;source_chart_city_control_disagreement,shallow,0.0,0.0,0.85,0.0
平谷区,2004,23.0,low_resolution_photographed_chart;source_chart_city_control_disagreement,shallow,0.0,0.0,0.8833333333333333,0.0
平谷区,2005,26.0,low_resolution_photographed_chart,shallow,0.0,0.0,0.9166666666666666,0.0
平谷区,2006,29.8,cross_report_value_disagreement;low_resolution_photographed_chart,shallow,0.0,0.0,0.9333333333333332,0.0
平谷区,2007,33.2,low_resolution_photographed_chart,shallow,0.0,0.0,0.95,0.0
平谷区,2008,34.6,no_screening_flag,shallow,0.0,0.0,0.9666666666666668,0.0
平谷区,2009,37.7,no_screening_flag,shallow,0.0,0.0,0.9833333333333332,0.0
平谷区,2010,39.4,no_screening_flag,shallow,0.0,0.0,1.0,0.0
平谷区,2011,39.4,no_screening_flag,shallow,0.0,0.0,1.0,0.0
平谷区,2012,37.3,no_screening_flag,shallow,0.0,0.0,1.0,0.0
平谷区,2013,36.9,no_screening_flag,shallow,0.0,0.0,1.0,0.0
平谷区,2014,40.5,no_screening_flag,shallow,0.0,0.0,1.0,0.0
平谷区,2015,41.8,no_screening_flag,shallow,0.0,0.0,1.0,0.0
平谷区,2016,42.4,no_screening_flag,shallow,0.0,0.0,1.0,0.0
平谷区,2017,42.0,no_screening_flag,shallow,0.0,0.0,1.0,0.0
平谷区,2018,32.8,large_year_to_year_change_gt5m,shallow,0.0,0.0,1.0,0.0
平谷区,2019,33.8,no_screening_flag,shallow,0.0,0.0,1.0,0.0
平谷区,2020,35.8,no_screening_flag,shallow,0.0,0.0,1.0,0.0
延庆区,2000,8.4,no_screening_flag,shallow,0.020419,-16.2319,0.6666666666666666,0.013612666666666665
延庆区,2001,8.2,no_screening_flag,shallow,0.020419,-16.2319,0.6888888888888889,0.014066422222222222
延庆区,2002,8.3,bulletin_marked_draft;cross_report_value_disagreement,shallow,0.020419,-16.2319,0.7111111111111111,0.014520177777777778
延庆区,2003,8.6,low_resolution_photographed_chart;source_chart_city_control_disagreement,shallow,0.020419,-16.2319,0.7333333333333333,0.014973933333333331
延庆区,2004,8.5,low_resolution_photographed_chart;source_chart_city_control_disagreement,shallow,0.020419,-16.2319,0.7555555555555555,0.015427688888888888
延庆区,2005,8.7,low_resolution_photographed_chart,shallow,0.020419,-16.2319,0.7777777777777778,0.015881444444444445
延庆区,2006,8.4,low_resolution_photographed_chart,shallow,0.020419,-16.2319,0.7777777777777778,0.015881444444444445
延庆区,2007,9.0,low_resolution_photographed_chart,shallow,0.020419,-16.2319,0.7777777777777778,0.015881444444444445
延庆区,2008,8.8,no_screening_flag,shallow,0.020419,-16.2319,0.7777777777777778,0.015881444444444445
延庆区,2009,9.2,no_screening_flag,shallow,0.020419,0.0,0.7777777777777778,0.015881444444444445
延庆区,2010,9.3,no_screening_flag,shallow,0.020419,0.0,0.7777777777777778,0.015881444444444445
延庆区,2011,9.3,no_screening_flag,shallow,0.020419,0.0,0.7777777777777778,0.015881444444444445
延庆区,2012,9.2,no_screening_flag,shallow,0.020419,0.0,0.7777777777777778,0.015881444444444445
延庆区,2013,9.3,no_screening_flag,shallow,0.020419,0.0,0.7777777777777778,0.015881444444444445
延庆区,2014,10.4,no_screening_flag,shallow,0.020419,0.0,0.7777777777777778,0.015881444444444445
延庆区,2015,10.4,no_screening_flag,shallow,0.020419,0.0,0.7777777777777778,0.015881444444444445
延庆区,2016,9.8,no_screening_flag,shallow,0.020419,0.0,0.8222222222222222,0.016788955555555554
延庆区,2017,10.0,no_screening_flag,shallow,0.020419,0.0,0.8666666666666667,0.017696466666666667
延庆区,2018,9.7,no_screening_flag,shallow,0.020419,0.0,0.9111111111111112,0.01860397777777778
延庆区,2019,9.8,no_screening_flag,shallow,0.020419,0.0,0.9555555555555556,0.01951148888888889
延庆区,2020,7.2,no_screening_flag,shallow,0.020419,-16.2319,1.0,0.020419
怀柔区,2000,6.9,no_screening_flag,shallow,0.387258,0.0,0.5714285714285714,0.2212902857142857
怀柔区,2001,7.7,no_screening_flag,shallow,0.031538,-35.571999999999996,0.638095238095238,0.020124247619047617
怀柔区,2002,10.4,bulletin_marked_draft;cross_report_value_disagreement,shallow,0.031538,0.0,0.7047619047619047,0.022226780952380946
怀柔区,2003,11.7,low_resolution_photographed_chart;source_chart_city_control_disagreement,shallow,0.0,-3.1537999999999995,0.7714285714285714,0.0
怀柔区,2004,14.1,low_resolution_photographed_chart;source_chart_city_control_disagreement,shallow,0.0,0.0,0.8380952380952381,0.0
怀柔区,2005,15.9,low_resolution_photographed_chart,shallow,0.0,0.0,0.9047619047619048,0.0
怀柔区,2006,16.7,low_resolution_photographed_chart,shallow,0.0,0.0,0.9142857142857144,0.0
怀柔区,2007,19.2,low_resolution_photographed_chart,shallow,0.0,0.0,0.9238095238095236,0.0
怀柔区,2008,19.7,no_screening_flag,shallow,0.0,0.0,0.9333333333333332,0.0
怀柔区,2009,20.1,no_screening_flag,shallow,0.0,0.0,0.9428571428571428,0.0
怀柔区,2010,21.3,no_screening_flag,shallow,0.0,0.0,0.9523809523809524,0.0
怀柔区,2011,22.3,no_screening_flag,shallow,0.0,0.0,0.9523809523809524,0.0
怀柔区,2012,21.2,no_screening_flag,shallow,0.0,0.0,0.9523809523809524,0.0
怀柔区,2013,21.5,no_screening_flag,shallow,0.0,0.0,0.9523809523809524,0.0
怀柔区,2014,22.6,no_screening_flag,shallow,0.0,0.0,0.9523809523809524,0.0
怀柔区,2015,22.3,no_screening_flag,shallow,0.0,0.0,0.9523809523809524,0.0
怀柔区,2016,21.6,no_screening_flag,shallow,0.0,0.0,0.9619047619047618,0.0
怀柔区,2017,21.2,no_screening_flag,shallow,0.0,0.0,0.9714285714285714,0.0
怀柔区,2018,17.3,no_screening_flag,shallow,0.0,0.0,0.9809523809523808,0.0
怀柔区,2019,15.8,no_screening_flag,shallow,0.0,0.0,0.9904761904761904,0.0
怀柔区,2020,16.3,no_screening_flag,shallow,0.0,0.0,1.0,0.0
房山区,2000,10.4,no_screening_flag,shallow,0.09858,0.0,0.6973684210526315,0.06874657894736842
房山区,2001,12.0,no_screening_flag,shallow,0.0,-9.858,0.7210526315789473,0.0
房山区,2002,11.7,bulletin_marked_draft;cross_report_value_disagreement,shallow,0.0,-9.858,0.7447368421052631,0.0
房山区,2003,11.1,low_resolution_photographed_chart;source_chart_city_control_disagreement,shallow,0.0,-9.858,0.7684210526315789,0.0
房山区,2004,11.4,low_resolution_photographed_chart;source_chart_city_control_disagreement,shallow,0.0,-9.858,0.7921052631578948,0.0
房山区,2005,20.0,large_year_to_year_change_gt5m;low_resolution_photographed_chart,shallow,0.0,0.0,0.8157894736842105,0.0
房山区,2006,11.8,large_year_to_year_change_gt5m;low_resolution_photographed_chart,shallow,0.0,-9.858,0.85,0.0
房山区,2007,11.6,low_resolution_photographed_chart,shallow,0.0,-9.858,0.8842105263157894,0.0
房山区,2008,11.1,no_screening_flag,shallow,0.0,-9.858,0.9184210526315788,0.0
房山区,2009,11.6,no_screening_flag,shallow,0.0,-9.858,0.9526315789473684,0.0
房山区,2010,12.6,no_screening_flag,shallow,0.0,-9.858,0.986842105263158,0.0
房山区,2011,10.7,no_screening_flag,shallow,0.0,-9.858,0.9894736842105264,0.0
房山区,2012,8.4,no_screening_flag,shallow,0.09858,-39.2446,0.9921052631578948,0.09780173684210527
房山区,2013,8.9,no_screening_flag,shallow,0.09858,-39.2446,0.9947368421052633,0.09806115789473685
房山区,2014,10.2,no_screening_flag,shallow,0.09858,0.0,0.9973684210526316,0.09832057894736843
房山区,2015,10.6,no_screening_flag,shallow,0.0,-9.858,1.0,0.0
房山区,2016,9.0,no_screening_flag,shallow,0.09858,-39.2446,1.0,0.09858
房山区,2017,9.3,no_screening_flag,shallow,0.09858,0.0,1.0,0.09858
房山区,2018,9.6,no_screening_flag,shallow,0.09858,0.0,1.0,0.09858
房山区,2019,10.5,no_screening_flag,shallow,0.09858,0.0,1.0,0.09858
房山区,2020,8.6,no_screening_flag,shallow,0.09858,-39.2446,1.0,0.09858
昌平区,2000,15.9,no_screening_flag,shallow,0.0,-0.1292,0.6014492753623188,0.0
昌平区,2001,17.4,no_screening_flag,shallow,0.0,0.0,0.6434782608695653,0.0
昌平区,2002,19.1,bulletin_marked_draft,shallow,0.0,0.0,0.6855072463768116,0.0
昌平区,2003,18.5,cross_report_value_disagreement;low_resolution_photographed_chart;source_chart_city_control_disagreement,shallow,0.0,0.0,0.727536231884058,0.0
昌平区,2004,21.1,low_resolution_photographed_chart;source_chart_city_control_disagreement,shallow,0.0,0.0,0.7695652173913043,0.0
昌平区,2005,22.7,low_resolution_photographed_chart,shallow,0.0,0.0,0.8115942028985508,0.0
昌平区,2006,23.1,low_resolution_photographed_chart,shallow,0.0,0.0,0.846376811594203,0.0
昌平区,2007,25.3,low_resolution_photographed_chart,shallow,0.0,0.0,0.8811594202898552,0.0
昌平区,2008,26.3,no_screening_flag,shallow,0.0,0.0,0.9159420289855073,0.0
昌平区,2009,27.5,no_screening_flag,shallow,0.0,0.0,0.9507246376811594,0.0
昌平区,2010,29.3,no_screening_flag,shallow,0.0,0.0,0.9855072463768116,0.0
昌平区,2011,29.9,no_screening_flag,shallow,0.0,0.0,0.9884057971014492,0.0
昌平区,2012,30.2,no_screening_flag,shallow,0.0,0.0,0.991304347826087,0.0
昌平区,2013,31.3,no_screening_flag,shallow,0.0,0.0,0.9942028985507246,0.0
昌平区,2014,32.3,no_screening_flag,shallow,0.0,0.0,0.9971014492753624,0.0
昌平区,2015,32.3,no_screening_flag,shallow,0.0,0.0,1.0,0.0
昌平区,2016,30.7,no_screening_flag,shallow,0.0,0.0,1.0,0.0
昌平区,2017,30.2,no_screening_flag,shallow,0.0,0.0,1.0,0.0
昌平区,2018,29.4,no_screening_flag,shallow,0.0,0.0,1.0,0.0
昌平区,2019,28.8,no_screening_flag,shallow,0.0,0.0,1.0,0.0
昌平区,2020,27.1,no_screening_flag,shallow,0.0,0.0,1.0,0.0
通州区,2000,5.7,no_screening_flag,shallow,0.437462,0.0,0.4421052631578947,0.19340425263157895
通州区,2001,6.4,no_screening_flag,shallow,0.437462,0.0,0.4694736842105263,0.20537689684210528
通州区,2002,6.4,bulletin_marked_draft;cross_report_value_disagreement,shallow,0.437462,0.0,0.4968421052631579,0.2173495410526316
通州区,2003,7.0,low_resolution_photographed_chart;source_chart_city_control_disagreement,shallow,0.437462,0.0,0.5242105263157895,0.2293221852631579
通州区,2004,7.5,low_resolution_photographed_chart;source_chart_city_control_disagreement,shallow,0.056312,-38.115,0.5515789473684211,0.031060513684210526
通州区,2005,8.1,low_resolution_photographed_chart,shallow,0.056312,-38.115,0.5789473684210527,0.03260168421052632
通州区,2006,7.6,low_resolution_photographed_chart,shallow,0.056312,-38.115,0.6063157894736843,0.03414285473684211
通州区,2007,7.5,low_resolution_photographed_chart,shallow,0.056312,-38.115,0.6336842105263158,0.0356840252631579
通州区,2008,7.6,no_screening_flag,shallow,0.056312,-38.115,0.6610526315789473,0.03722519578947368
通州区,2009,7.2,no_screening_flag,shallow,0.056312,-38.115,0.6884210526315789,0.038766366315789474
通州区,2010,7.4,no_screening_flag,shallow,0.056312,-38.115,0.7157894736842105,0.040307536842105265
通州区,2011,7.1,no_screening_flag,shallow,0.056312,-38.115,0.72,0.04054464
通州区,2012,6.6,no_screening_flag,shallow,0.437462,0.0,0.7242105263157894,0.31681458526315787
通州区,2013,6.8,no_screening_flag,shallow,0.437462,0.0,0.728421052631579,0.3186565305263158
通州区,2014,7.5,no_screening_flag,shallow,0.056312,-38.115,0.7326315789473684,0.04125594947368421
通州区,2015,8.1,no_screening_flag,shallow,0.056312,-38.115,0.7368421052631579,0.041493052631578944
通州区,2016,7.6,no_screening_flag,shallow,0.056312,-38.115,0.7894736842105263,0.04445684210526316
通州区,2017,7.8,no_screening_flag,shallow,0.056312,-38.115,0.8421052631578947,0.04742063157894737
通州区,2018,7.3,no_screening_flag,shallow,0.056312,-38.115,0.8947368421052632,0.05038442105263158
通州区,2019,8.2,no_screening_flag,shallow,0.056312,-38.115,0.9473684210526316,0.0533482105263158
通州区,2020,7.8,no_screening_flag,shallow,0.056312,-38.115,1.0,0.056312
门头沟区,2000,19.3,no_screening_flag,shallow,0.0,0.0,0.5294117647058824,0.0
门头沟区,2001,19.9,no_screening_flag,shallow,0.0,0.0,0.5941176470588235,0.0
门头沟区,2002,19.7,bulletin_marked_draft;cross_report_value_disagreement,shallow,0.0,0.0,0.6588235294117647,0.0
门头沟区,2003,19.9,low_resolution_photographed_chart;source_chart_city_control_disagreement,shallow,0.0,0.0,0.7235294117647059,0.0
门头沟区,2004,19.6,low_resolution_photographed_chart;source_chart_city_control_disagreement,shallow,0.0,0.0,0.788235294117647,0.0
门头沟区,2005,20.0,low_resolution_photographed_chart,shallow,0.0,0.0,0.8529411764705882,0.0
门头沟区,2006,19.0,low_resolution_photographed_chart,shallow,0.0,0.0,0.8588235294117647,0.0
门头沟区,2007,19.8,low_resolution_photographed_chart,shallow,0.0,0.0,0.8647058823529411,0.0
门头沟区,2008,20.1,no_screening_flag,shallow,0.0,0.0,0.8705882352941177,0.0
门头沟区,2009,20.5,no_screening_flag,shallow,0.0,0.0,0.8764705882352941,0.0
门头沟区,2010,20.7,no_screening_flag,shallow,0.0,0.0,0.8823529411764706,0.0
门头沟区,2011,20.0,no_screening_flag,shallow,0.0,0.0,0.9058823529411764,0.0
门头沟区,2012,19.4,no_screening_flag,shallow,0.0,0.0,0.9294117647058824,0.0
门头沟区,2013,21.5,no_screening_flag,shallow,0.0,0.0,0.9529411764705882,0.0
门头沟区,2014,23.3,no_screening_flag,shallow,0.0,0.0,0.976470588235294,0.0
门头沟区,2015,23.0,no_screening_flag,shallow,0.0,0.0,1.0,0.0
门头沟区,2016,20.0,no_screening_flag,shallow,0.0,0.0,1.0,0.0
门头沟区,2017,16.7,no_screening_flag,shallow,0.0,-2.2179,1.0,0.0
门头沟区,2018,17.0,cross_report_value_disagreement,shallow,0.0,-2.2179,1.0,0.0
门头沟区,2019,38.2,large_year_to_year_change_gt5m,shallow,0.0,0.0,1.0,0.0
门头沟区,2020,35.8,no_screening_flag,shallow,0.0,0.0,1.0,0.0
顺义区,2000,16.8,no_screening_flag,shallow,0.0,0.0,0.9285714285714286,0.0
顺义区,2001,17.5,no_screening_flag,shallow,0.0,0.0,0.9285714285714286,0.0
顺义区,2002,18.7,bulletin_marked_draft,shallow,0.0,0.0,0.9285714285714286,0.0
顺义区,2003,19.1,low_resolution_photographed_chart;source_chart_city_control_disagreement,shallow,0.0,0.0,0.9285714285714286,0.0
顺义区,2004,22.3,low_resolution_photographed_chart;source_chart_city_control_disagreement,shallow,0.0,0.0,0.9285714285714286,0.0
顺义区,2005,24.4,low_resolution_photographed_chart,shallow,0.0,0.0,0.9285714285714286,0.0
顺义区,2006,26.2,low_resolution_photographed_chart,shallow,0.0,0.0,0.9333333333333332,0.0
顺义区,2007,28.2,low_resolution_photographed_chart,shallow,0.0,0.0,0.938095238095238,0.0
顺义区,2008,29.0,no_screening_flag,shallow,0.0,0.0,0.9428571428571428,0.0
顺义区,2009,30.4,no_screening_flag,shallow,0.0,0.0,0.9476190476190476,0.0
顺义区,2010,31.6,no_screening_flag,shallow,0.0,0.0,0.9523809523809524,0.0
顺义区,2011,32.4,no_screening_flag,shallow,0.0,0.0,0.9619047619047618,0.0
顺义区,2012,32.4,no_screening_flag,shallow,0.0,0.0,0.9714285714285714,0.0
顺义区,2013,33.4,no_screening_flag,shallow,0.0,0.0,0.9809523809523808,0.0
顺义区,2014,34.4,no_screening_flag,shallow,0.0,0.0,0.9904761904761904,0.0
顺义区,2015,34.3,no_screening_flag,shallow,0.0,0.0,1.0,0.0
顺义区,2016,33.7,no_screening_flag,shallow,0.0,0.0,1.0,0.0
顺义区,2017,34.1,no_screening_flag,shallow,0.0,0.0,1.0,0.0
顺义区,2018,33.3,no_screening_flag,shallow,0.0,0.0,1.0,0.0
顺义区,2019,32.2,no_screening_flag,shallow,0.0,0.0,1.0,0.0
顺义区,2020,29.3,no_screening_flag,shallow,0.0,0.0,1.0,0.0
大兴区,2000,11.7,no_screening_flag,central,0.087487,0.0,0.3091787439613526,0.027049120772946852
大兴区,2001,12.6,no_screening_flag,central,0.087487,0.0,0.3690821256038647,0.03228988792270531
大兴区,2002,13.2,bulletin_marked_draft;cross_report_value_disagreement,central,0.009993,0.0,0.4289855072463768,0.0042868521739130435
大兴区,2003,13.9,low_resolution_photographed_chart;source_chart_city_control_disagreement,central,0.009993,0.0,0.4888888888888889,0.004885466666666667
大兴区,2004,15.0,low_resolution_photographed_chart;source_chart_city_control_disagreement,central,0.009993,0.0,0.548792270531401,0.00548408115942029
大兴区,2005,15.9,low_resolution_photographed_chart,central,0.009993,0.0,0.6086956521739131,0.006082695652173914
大兴区,2006,17.3,low_resolution_photographed_chart,central,0.0,0.0,0.6328502415458938,0.0
大兴区,2007,17.9,low_resolution_photographed_chart,central,0.0,0.0,0.6570048309178744,0.0
大兴区,2008,18.6,no_screening_flag,central,0.0,0.0,0.6811594202898551,0.0
大兴区,2009,19.3,no_screening_flag,central,0.0,0.0,0.7053140096618358,0.0
大兴区,2010,18.8,no_screening_flag,central,0.0,0.0,0.7294685990338164,0.0
大兴区,2011,18.9,no_screening_flag,central,0.0,0.0,0.7323671497584541,0.0
大兴区,2012,17.9,no_screening_flag,central,0.0,0.0,0.7352657004830918,0.0
大兴区,2013,17.8,no_screening_flag,central,0.0,0.0,0.7381642512077294,0.0
大兴区,2014,19.0,no_screening_flag,central,0.0,0.0,0.7410628019323672,0.0
大兴区,2015,18.7,no_screening_flag,central,0.0,0.0,0.7439613526570048,0.0
大兴区,2016,17.8,no_screening_flag,central,0.0,0.0,0.7951690821256039,0.0
大兴区,2017,17.9,no_screening_flag,central,0.0,0.0,0.8463768115942029,0.0
大兴区,2018,17.9,no_screening_flag,central,0.0,0.0,0.8975845410628019,0.0
大兴区,2019,17.8,no_screening_flag,central,0.0,0.0,0.9487922705314008,0.0
大兴区,2020,16.8,no_screening_flag,central,0.009993,0.0,1.0,0.009993
密云区,2000,19.3,no_screening_flag,central,0.0,0.0,0.53125,0.0
密云区,2001,22.0,bulletin_marked_draft;primary_figure_occluded_used_alternate_source,central,0.0,0.0,0.58125,0.0
密云区,2002,22.7,bulletin_marked_draft;cross_report_value_disagreement,central,0.0,0.0,0.63125,0.0
密云区,2003,24.2,cross_report_value_disagreement;low_resolution_photographed_chart;source_chart_city_control_disagreement,central,0.0,0.0,0.68125,0.0
密云区,2004,25.5,low_resolution_photographed_chart;source_chart_city_control_disagreement,central,0.0,0.0,0.73125,0.0
密云区,2005,25.4,low_resolution_photographed_chart,central,0.0,0.0,0.78125,0.0
密云区,2006,26.1,low_resolution_photographed_chart,central,0.0,0.0,0.78125,0.0
密云区,2007,28.0,low_resolution_photographed_chart,central,0.0,0.0,0.78125,0.0
密云区,2008,28.2,no_screening_flag,central,0.0,0.0,0.78125,0.0
密云区,2009,28.9,no_screening_flag,central,0.0,0.0,0.78125,0.0
密云区,2010,29.9,no_screening_flag,central,0.0,0.0,0.78125,0.0
密云区,2011,29.5,no_screening_flag,central,0.0,0.0,0.78125,0.0
密云区,2012,28.7,no_screening_flag,central,0.0,0.0,0.78125,0.0
密云区,2013,29.8,no_screening_flag,central,0.0,0.0,0.78125,0.0
密云区,2014,30.4,no_screening_flag,central,0.0,0.0,0.78125,0.0
密云区,2015,30.6,no_screening_flag,central,0.0,0.0,0.78125,0.0
密云区,2016,29.7,no_screening_flag,central,0.0,0.0,0.825,0.0
密云区,2017,31.3,no_screening_flag,central,0.0,0.0,0.86875,0.0
密云区,2018,24.9,large_year_to_year_change_gt5m,central,0.0,0.0,0.9125,0.0
密云区,2019,24.8,no_screening_flag,central,0.0,0.0,0.95625,0.0
密云区,2020,25.2,no_screening_flag,central,0.0,0.0,1.0,0.0
平谷区,2000,19.6,no_screening_flag,central,0.0,0.0,0.75,0.0
平谷区,2001,17.9,no_screening_flag,central,0.0,0.0,0.7833333333333333,0.0
平谷区,2002,20.7,bulletin_marked_draft;cross_report_value_disagreement,central,0.0,0.0,0.8166666666666667,0.0
平谷区,2003,20.6,cross_report_value_disagreement;low_resolution_photographed_chart;source_chart_city_control_disagreement,central,0.0,0.0,0.85,0.0
平谷区,2004,23.0,low_resolution_photographed_chart;source_chart_city_control_disagreement,central,0.0,0.0,0.8833333333333333,0.0
平谷区,2005,26.0,low_resolution_photographed_chart,central,0.0,0.0,0.9166666666666666,0.0
平谷区,2006,29.8,cross_report_value_disagreement;low_resolution_photographed_chart,central,0.0,0.0,0.9333333333333332,0.0
平谷区,2007,33.2,low_resolution_photographed_chart,central,0.0,0.0,0.95,0.0
平谷区,2008,34.6,no_screening_flag,central,0.0,0.0,0.9666666666666668,0.0
平谷区,2009,37.7,no_screening_flag,central,0.0,0.0,0.9833333333333332,0.0
平谷区,2010,39.4,no_screening_flag,central,0.0,0.0,1.0,0.0
平谷区,2011,39.4,no_screening_flag,central,0.0,0.0,1.0,0.0
平谷区,2012,37.3,no_screening_flag,central,0.0,0.0,1.0,0.0
平谷区,2013,36.9,no_screening_flag,central,0.0,0.0,1.0,0.0
平谷区,2014,40.5,no_screening_flag,central,0.0,0.0,1.0,0.0
平谷区,2015,41.8,no_screening_flag,central,0.0,0.0,1.0,0.0
平谷区,2016,42.4,no_screening_flag,central,0.0,0.0,1.0,0.0
平谷区,2017,42.0,no_screening_flag,central,0.0,0.0,1.0,0.0
平谷区,2018,32.8,large_year_to_year_change_gt5m,central,0.0,0.0,1.0,0.0
平谷区,2019,33.8,no_screening_flag,central,0.0,0.0,1.0,0.0
平谷区,2020,35.8,no_screening_flag,central,0.0,0.0,1.0,0.0
延庆区,2000,8.4,no_screening_flag,central,0.18273799999999998,0.0,0.6666666666666666,0.12182533333333331
延庆区,2001,8.2,no_screening_flag,central,0.18273799999999998,0.0,0.6888888888888889,0.12588617777777777
延庆区,2002,8.3,bulletin_marked_draft;cross_report_value_disagreement,central,0.18273799999999998,0.0,0.7111111111111111,0.1299470222222222
延庆区,2003,8.6,low_resolution_photographed_chart;source_chart_city_control_disagreement,central,0.18273799999999998,0.0,0.7333333333333333,0.13400786666666664
延庆区,2004,8.5,low_resolution_photographed_chart;source_chart_city_control_disagreement,central,0.18273799999999998,0.0,0.7555555555555555,0.1380687111111111
延庆区,2005,8.7,low_resolution_photographed_chart,central,0.18273799999999998,0.0,0.7777777777777778,0.14212955555555554
延庆区,2006,8.4,low_resolution_photographed_chart,central,0.18273799999999998,0.0,0.7777777777777778,0.14212955555555554
延庆区,2007,9.0,low_resolution_photographed_chart,central,0.18273799999999998,0.0,0.7777777777777778,0.14212955555555554
延庆区,2008,8.8,no_screening_flag,central,0.18273799999999998,0.0,0.7777777777777778,0.14212955555555554
延庆区,2009,9.2,no_screening_flag,central,0.020419,0.0,0.7777777777777778,0.015881444444444445
延庆区,2010,9.3,no_screening_flag,central,0.020419,0.0,0.7777777777777778,0.015881444444444445
延庆区,2011,9.3,no_screening_flag,central,0.020419,0.0,0.7777777777777778,0.015881444444444445
延庆区,2012,9.2,no_screening_flag,central,0.020419,0.0,0.7777777777777778,0.015881444444444445
延庆区,2013,9.3,no_screening_flag,central,0.020419,0.0,0.7777777777777778,0.015881444444444445
延庆区,2014,10.4,no_screening_flag,central,0.020419,0.0,0.7777777777777778,0.015881444444444445
延庆区,2015,10.4,no_screening_flag,central,0.020419,0.0,0.7777777777777778,0.015881444444444445
延庆区,2016,9.8,no_screening_flag,central,0.020419,0.0,0.8222222222222222,0.016788955555555554
延庆区,2017,10.0,no_screening_flag,central,0.020419,0.0,0.8666666666666667,0.017696466666666667
延庆区,2018,9.7,no_screening_flag,central,0.020419,0.0,0.9111111111111112,0.01860397777777778
延庆区,2019,9.8,no_screening_flag,central,0.020419,0.0,0.9555555555555556,0.01951148888888889
延庆区,2020,7.2,no_screening_flag,central,0.18273799999999998,0.0,1.0,0.18273799999999998
怀柔区,2000,6.9,no_screening_flag,central,0.387258,0.0,0.5714285714285714,0.2212902857142857
怀柔区,2001,7.7,no_screening_flag,central,0.387258,0.0,0.638095238095238,0.2471074857142857
怀柔区,2002,10.4,bulletin_marked_draft;cross_report_value_disagreement,central,0.031538,0.0,0.7047619047619047,0.022226780952380946
怀柔区,2003,11.7,low_resolution_photographed_chart;source_chart_city_control_disagreement,central,0.031538,0.0,0.7714285714285714,0.02432931428571428
怀柔区,2004,14.1,low_resolution_photographed_chart;source_chart_city_control_disagreement,central,0.0,0.0,0.8380952380952381,0.0
怀柔区,2005,15.9,low_resolution_photographed_chart,central,0.0,0.0,0.9047619047619048,0.0
怀柔区,2006,16.7,low_resolution_photographed_chart,central,0.0,0.0,0.9142857142857144,0.0
怀柔区,2007,19.2,low_resolution_photographed_chart,central,0.0,0.0,0.9238095238095236,0.0
怀柔区,2008,19.7,no_screening_flag,central,0.0,0.0,0.9333333333333332,0.0
怀柔区,2009,20.1,no_screening_flag,central,0.0,0.0,0.9428571428571428,0.0
怀柔区,2010,21.3,no_screening_flag,central,0.0,0.0,0.9523809523809524,0.0
怀柔区,2011,22.3,no_screening_flag,central,0.0,0.0,0.9523809523809524,0.0
怀柔区,2012,21.2,no_screening_flag,central,0.0,0.0,0.9523809523809524,0.0
怀柔区,2013,21.5,no_screening_flag,central,0.0,0.0,0.9523809523809524,0.0
怀柔区,2014,22.6,no_screening_flag,central,0.0,0.0,0.9523809523809524,0.0
怀柔区,2015,22.3,no_screening_flag,central,0.0,0.0,0.9523809523809524,0.0
怀柔区,2016,21.6,no_screening_flag,central,0.0,0.0,0.9619047619047618,0.0
怀柔区,2017,21.2,no_screening_flag,central,0.0,0.0,0.9714285714285714,0.0
怀柔区,2018,17.3,no_screening_flag,central,0.0,0.0,0.9809523809523808,0.0
怀柔区,2019,15.8,no_screening_flag,central,0.0,0.0,0.9904761904761904,0.0
怀柔区,2020,16.3,no_screening_flag,central,0.0,0.0,1.0,0.0
房山区,2000,10.4,no_screening_flag,central,0.09858,0.0,0.6973684210526315,0.06874657894736842
房山区,2001,12.0,no_screening_flag,central,0.09858,0.0,0.7210526315789473,0.07108136842105263
房山区,2002,11.7,bulletin_marked_draft;cross_report_value_disagreement,central,0.09858,0.0,0.7447368421052631,0.07341615789473684
房山区,2003,11.1,low_resolution_photographed_chart;source_chart_city_control_disagreement,central,0.09858,0.0,0.7684210526315789,0.07575094736842104
房山区,2004,11.4,low_resolution_photographed_chart;source_chart_city_control_disagreement,central,0.09858,0.0,0.7921052631578948,0.07808573684210526
房山区,2005,20.0,large_year_to_year_change_gt5m;low_resolution_photographed_chart,central,0.0,0.0,0.8157894736842105,0.0
房山区,2006,11.8,large_year_to_year_change_gt5m;low_resolution_photographed_chart,central,0.09858,0.0,0.85,0.08379299999999999
房山区,2007,11.6,low_resolution_photographed_chart,central,0.09858,0.0,0.8842105263157894,0.08716547368421053
房山区,2008,11.1,no_screening_flag,central,0.09858,0.0,0.9184210526315788,0.09053794736842104
房山区,2009,11.6,no_screening_flag,central,0.09858,0.0,0.9526315789473684,0.09391042105263157
房山区,2010,12.6,no_screening_flag,central,0.09858,0.0,0.986842105263158,0.09728289473684211
房山区,2011,10.7,no_screening_flag,central,0.09858,0.0,0.9894736842105264,0.0975423157894737
房山区,2012,8.4,no_screening_flag,central,0.491026,0.0,0.9921052631578948,0.4871494789473685
房山区,2013,8.9,no_screening_flag,central,0.491026,0.0,0.9947368421052633,0.488441652631579
房山区,2014,10.2,no_screening_flag,central,0.09858,0.0,0.9973684210526316,0.09832057894736843
房山区,2015,10.6,no_screening_flag,central,0.09858,0.0,1.0,0.09858
房山区,2016,9.0,no_screening_flag,central,0.491026,0.0,1.0,0.491026
房山区,2017,9.3,no_screening_flag,central,0.09858,0.0,1.0,0.09858
房山区,2018,9.6,no_screening_flag,central,0.09858,0.0,1.0,0.09858
房山区,2019,10.5,no_screening_flag,central,0.09858,0.0,1.0,0.09858
房山区,2020,8.6,no_screening_flag,central,0.491026,0.0,1.0,0.491026
昌平区,2000,15.9,no_screening_flag,central,0.001292,0.0,0.6014492753623188,0.0007770724637681159
昌平区,2001,17.4,no_screening_flag,central,0.0,0.0,0.6434782608695653,0.0
昌平区,2002,19.1,bulletin_marked_draft,central,0.0,0.0,0.6855072463768116,0.0
昌平区,2003,18.5,cross_report_value_disagreement;low_resolution_photographed_chart;source_chart_city_control_disagreement,central,0.0,0.0,0.727536231884058,0.0
昌平区,2004,21.1,low_resolution_photographed_chart;source_chart_city_control_disagreement,central,0.0,0.0,0.7695652173913043,0.0
昌平区,2005,22.7,low_resolution_photographed_chart,central,0.0,0.0,0.8115942028985508,0.0
昌平区,2006,23.1,low_resolution_photographed_chart,central,0.0,0.0,0.846376811594203,0.0
昌平区,2007,25.3,low_resolution_photographed_chart,central,0.0,0.0,0.8811594202898552,0.0
昌平区,2008,26.3,no_screening_flag,central,0.0,0.0,0.9159420289855073,0.0
昌平区,2009,27.5,no_screening_flag,central,0.0,0.0,0.9507246376811594,0.0
昌平区,2010,29.3,no_screening_flag,central,0.0,0.0,0.9855072463768116,0.0
昌平区,2011,29.9,no_screening_flag,central,0.0,0.0,0.9884057971014492,0.0
昌平区,2012,30.2,no_screening_flag,central,0.0,0.0,0.991304347826087,0.0
昌平区,2013,31.3,no_screening_flag,central,0.0,0.0,0.9942028985507246,0.0
昌平区,2014,32.3,no_screening_flag,central,0.0,0.0,0.9971014492753624,0.0
昌平区,2015,32.3,no_screening_flag,central,0.0,0.0,1.0,0.0
昌平区,2016,30.7,no_screening_flag,central,0.0,0.0,1.0,0.0
昌平区,2017,30.2,no_screening_flag,central,0.0,0.0,1.0,0.0
昌平区,2018,29.4,no_screening_flag,central,0.0,0.0,1.0,0.0
昌平区,2019,28.8,no_screening_flag,central,0.0,0.0,1.0,0.0
昌平区,2020,27.1,no_screening_flag,central,0.0,0.0,1.0,0.0
通州区,2000,5.7,no_screening_flag,central,0.437462,0.0,0.4421052631578947,0.19340425263157895
通州区,2001,6.4,no_screening_flag,central,0.437462,0.0,0.4694736842105263,0.20537689684210528
通州区,2002,6.4,bulletin_marked_draft;cross_report_value_disagreement,central,0.437462,0.0,0.4968421052631579,0.2173495410526316
通州区,2003,7.0,low_resolution_photographed_chart;source_chart_city_control_disagreement,central,0.437462,0.0,0.5242105263157895,0.2293221852631579
通州区,2004,7.5,low_resolution_photographed_chart;source_chart_city_control_disagreement,central,0.437462,0.0,0.5515789473684211,0.24129482947368422
通州区,2005,8.1,low_resolution_photographed_chart,central,0.437462,0.0,0.5789473684210527,0.25326747368421054
通州区,2006,7.6,low_resolution_photographed_chart,central,0.437462,0.0,0.6063157894736843,0.2652401178947369
通州区,2007,7.5,low_resolution_photographed_chart,central,0.437462,0.0,0.6336842105263158,0.2772127621052632
通州区,2008,7.6,no_screening_flag,central,0.437462,0.0,0.6610526315789473,0.2891854063157895
通州区,2009,7.2,no_screening_flag,central,0.437462,0.0,0.6884210526315789,0.3011580505263158
通州区,2010,7.4,no_screening_flag,central,0.437462,0.0,0.7157894736842105,0.31313069473684213
通州区,2011,7.1,no_screening_flag,central,0.437462,0.0,0.72,0.31497264
通州区,2012,6.6,no_screening_flag,central,0.437462,0.0,0.7242105263157894,0.31681458526315787
通州区,2013,6.8,no_screening_flag,central,0.437462,0.0,0.728421052631579,0.3186565305263158
通州区,2014,7.5,no_screening_flag,central,0.437462,0.0,0.7326315789473684,0.3204984757894737
通州区,2015,8.1,no_screening_flag,central,0.437462,0.0,0.7368421052631579,0.32234042105263155
通州区,2016,7.6,no_screening_flag,central,0.437462,0.0,0.7894736842105263,0.3453647368421053
通州区,2017,7.8,no_screening_flag,central,0.437462,0.0,0.8421052631578947,0.36838905263157895
通州区,2018,7.3,no_screening_flag,central,0.437462,0.0,0.8947368421052632,0.3914133684210527
通州区,2019,8.2,no_screening_flag,central,0.437462,0.0,0.9473684210526316,0.41443768421052635
通州区,2020,7.8,no_screening_flag,central,0.437462,0.0,1.0,0.437462
门头沟区,2000,19.3,no_screening_flag,central,0.0,0.0,0.5294117647058824,0.0
门头沟区,2001,19.9,no_screening_flag,central,0.0,0.0,0.5941176470588235,0.0
门头沟区,2002,19.7,bulletin_marked_draft;cross_report_value_disagreement,central,0.0,0.0,0.6588235294117647,0.0
门头沟区,2003,19.9,low_resolution_photographed_chart;source_chart_city_control_disagreement,central,0.0,0.0,0.7235294117647059,0.0
门头沟区,2004,19.6,low_resolution_photographed_chart;source_chart_city_control_disagreement,central,0.0,0.0,0.788235294117647,0.0
门头沟区,2005,20.0,low_resolution_photographed_chart,central,0.0,0.0,0.8529411764705882,0.0
门头沟区,2006,19.0,low_resolution_photographed_chart,central,0.0,0.0,0.8588235294117647,0.0
门头沟区,2007,19.8,low_resolution_photographed_chart,central,0.0,0.0,0.8647058823529411,0.0
门头沟区,2008,20.1,no_screening_flag,central,0.0,0.0,0.8705882352941177,0.0
门头沟区,2009,20.5,no_screening_flag,central,0.0,0.0,0.8764705882352941,0.0
门头沟区,2010,20.7,no_screening_flag,central,0.0,0.0,0.8823529411764706,0.0
门头沟区,2011,20.0,no_screening_flag,central,0.0,0.0,0.9058823529411764,0.0
门头沟区,2012,19.4,no_screening_flag,central,0.0,0.0,0.9294117647058824,0.0
门头沟区,2013,21.5,no_screening_flag,central,0.0,0.0,0.9529411764705882,0.0
门头沟区,2014,23.3,no_screening_flag,central,0.0,0.0,0.976470588235294,0.0
门头沟区,2015,23.0,no_screening_flag,central,0.0,0.0,1.0,0.0
门头沟区,2016,20.0,no_screening_flag,central,0.0,0.0,1.0,0.0
门头沟区,2017,16.7,no_screening_flag,central,0.022179,0.0,1.0,0.022179
门头沟区,2018,17.0,cross_report_value_disagreement,central,0.022179,0.0,1.0,0.022179
门头沟区,2019,38.2,large_year_to_year_change_gt5m,central,0.0,0.0,1.0,0.0
门头沟区,2020,35.8,no_screening_flag,central,0.0,0.0,1.0,0.0
顺义区,2000,16.8,no_screening_flag,central,0.0,0.0,0.9285714285714286,0.0
顺义区,2001,17.5,no_screening_flag,central,0.0,0.0,0.9285714285714286,0.0
顺义区,2002,18.7,bulletin_marked_draft,central,0.0,0.0,0.9285714285714286,0.0
顺义区,2003,19.1,low_resolution_photographed_chart;source_chart_city_control_disagreement,central,0.0,0.0,0.9285714285714286,0.0
顺义区,2004,22.3,low_resolution_photographed_chart;source_chart_city_control_disagreement,central,0.0,0.0,0.9285714285714286,0.0
顺义区,2005,24.4,low_resolution_photographed_chart,central,0.0,0.0,0.9285714285714286,0.0
顺义区,2006,26.2,low_resolution_photographed_chart,central,0.0,0.0,0.9333333333333332,0.0
顺义区,2007,28.2,low_resolution_photographed_chart,central,0.0,0.0,0.938095238095238,0.0
顺义区,2008,29.0,no_screening_flag,central,0.0,0.0,0.9428571428571428,0.0
顺义区,2009,30.4,no_screening_flag,central,0.0,0.0,0.9476190476190476,0.0
顺义区,2010,31.6,no_screening_flag,central,0.0,0.0,0.9523809523809524,0.0
顺义区,2011,32.4,no_screening_flag,central,0.0,0.0,0.9619047619047618,0.0
顺义区,2012,32.4,no_screening_flag,central,0.0,0.0,0.9714285714285714,0.0
顺义区,2013,33.4,no_screening_flag,central,0.0,0.0,0.9809523809523808,0.0
顺义区,2014,34.4,no_screening_flag,central,0.0,0.0,0.9904761904761904,0.0
顺义区,2015,34.3,no_screening_flag,central,0.0,0.0,1.0,0.0
顺义区,2016,33.7,no_screening_flag,central,0.0,0.0,1.0,0.0
顺义区,2017,34.1,no_screening_flag,central,0.0,0.0,1.0,0.0
顺义区,2018,33.3,no_screening_flag,central,0.0,0.0,1.0,0.0
顺义区,2019,32.2,no_screening_flag,central,0.0,0.0,1.0,0.0
顺义区,2020,29.3,no_screening_flag,central,0.0,0.0,1.0,0.0
大兴区,2000,11.7,no_screening_flag,deep,0.087487,0.0,0.3091787439613526,0.027049120772946852
大兴区,2001,12.6,no_screening_flag,deep,0.087487,0.0,0.3690821256038647,0.03228988792270531
大兴区,2002,13.2,bulletin_marked_draft;cross_report_value_disagreement,deep,0.087487,7.7494,0.4289855072463768,0.03753065507246377
大兴区,2003,13.9,low_resolution_photographed_chart;source_chart_city_control_disagreement,deep,0.087487,7.7494,0.4888888888888889,0.042771422222222216
大兴区,2004,15.0,low_resolution_photographed_chart;source_chart_city_control_disagreement,deep,0.087487,7.7494,0.548792270531401,0.04801218937198068
大兴区,2005,15.9,low_resolution_photographed_chart,deep,0.087487,7.7494,0.6086956521739131,0.05325295652173913
大兴区,2006,17.3,low_resolution_photographed_chart,deep,0.009993,0.9993,0.6328502415458938,0.006324072463768116
大兴区,2007,17.9,low_resolution_photographed_chart,deep,0.009993,0.9993,0.6570048309178744,0.006565449275362319
大兴区,2008,18.6,no_screening_flag,deep,0.009993,0.9993,0.6811594202898551,0.006806826086956522
大兴区,2009,19.3,no_screening_flag,deep,0.009993,0.9993,0.7053140096618358,0.007048202898550725
大兴区,2010,18.8,no_screening_flag,deep,0.009993,0.9993,0.7294685990338164,0.007289579710144928
大兴区,2011,18.9,no_screening_flag,deep,0.009993,0.9993,0.7323671497584541,0.007318544927536232
大兴区,2012,17.9,no_screening_flag,deep,0.009993,0.9993,0.7352657004830918,0.007347510144927537
大兴区,2013,17.8,no_screening_flag,deep,0.009993,0.9993,0.7381642512077294,0.00737647536231884
大兴区,2014,19.0,no_screening_flag,deep,0.009993,0.9993,0.7410628019323672,0.0074054405797101455
大兴区,2015,18.7,no_screening_flag,deep,0.009993,0.9993,0.7439613526570048,0.007434405797101449
大兴区,2016,17.8,no_screening_flag,deep,0.009993,0.9993,0.7951690821256039,0.00794612463768116
大兴区,2017,17.9,no_screening_flag,deep,0.009993,0.9993,0.8463768115942029,0.00845784347826087
大兴区,2018,17.9,no_screening_flag,deep,0.009993,0.9993,0.8975845410628019,0.00896956231884058
大兴区,2019,17.8,no_screening_flag,deep,0.009993,0.9993,0.9487922705314008,0.009481281159420289
大兴区,2020,16.8,no_screening_flag,deep,0.009993,0.0,1.0,0.009993
密云区,2000,19.3,no_screening_flag,deep,0.0,0.0,0.53125,0.0
密云区,2001,22.0,bulletin_marked_draft;primary_figure_occluded_used_alternate_source,deep,0.0,0.0,0.58125,0.0
密云区,2002,22.7,bulletin_marked_draft;cross_report_value_disagreement,deep,0.0,0.0,0.63125,0.0
密云区,2003,24.2,cross_report_value_disagreement;low_resolution_photographed_chart;source_chart_city_control_disagreement,deep,0.0,0.0,0.68125,0.0
密云区,2004,25.5,low_resolution_photographed_chart;source_chart_city_control_disagreement,deep,0.0,0.0,0.73125,0.0
密云区,2005,25.4,low_resolution_photographed_chart,deep,0.0,0.0,0.78125,0.0
密云区,2006,26.1,low_resolution_photographed_chart,deep,0.0,0.0,0.78125,0.0
密云区,2007,28.0,low_resolution_photographed_chart,deep,0.0,0.0,0.78125,0.0
密云区,2008,28.2,no_screening_flag,deep,0.0,0.0,0.78125,0.0
密云区,2009,28.9,no_screening_flag,deep,0.0,0.0,0.78125,0.0
密云区,2010,29.9,no_screening_flag,deep,0.0,0.0,0.78125,0.0
密云区,2011,29.5,no_screening_flag,deep,0.0,0.0,0.78125,0.0
密云区,2012,28.7,no_screening_flag,deep,0.0,0.0,0.78125,0.0
密云区,2013,29.8,no_screening_flag,deep,0.0,0.0,0.78125,0.0
密云区,2014,30.4,no_screening_flag,deep,0.0,0.0,0.78125,0.0
密云区,2015,30.6,no_screening_flag,deep,0.0,0.0,0.78125,0.0
密云区,2016,29.7,no_screening_flag,deep,0.0,0.0,0.825,0.0
密云区,2017,31.3,no_screening_flag,deep,0.0,0.0,0.86875,0.0
密云区,2018,24.9,large_year_to_year_change_gt5m,deep,0.0,0.0,0.9125,0.0
密云区,2019,24.8,no_screening_flag,deep,0.0,0.0,0.95625,0.0
密云区,2020,25.2,no_screening_flag,deep,0.0,0.0,1.0,0.0
平谷区,2000,19.6,no_screening_flag,deep,0.0,0.0,0.75,0.0
平谷区,2001,17.9,no_screening_flag,deep,0.0,0.0,0.7833333333333333,0.0
平谷区,2002,20.7,bulletin_marked_draft;cross_report_value_disagreement,deep,0.0,0.0,0.8166666666666667,0.0
平谷区,2003,20.6,cross_report_value_disagreement;low_resolution_photographed_chart;source_chart_city_control_disagreement,deep,0.0,0.0,0.85,0.0
平谷区,2004,23.0,low_resolution_photographed_chart;source_chart_city_control_disagreement,deep,0.0,0.0,0.8833333333333333,0.0
平谷区,2005,26.0,low_resolution_photographed_chart,deep,0.0,0.0,0.9166666666666666,0.0
平谷区,2006,29.8,cross_report_value_disagreement;low_resolution_photographed_chart,deep,0.0,0.0,0.9333333333333332,0.0
平谷区,2007,33.2,low_resolution_photographed_chart,deep,0.0,0.0,0.95,0.0
平谷区,2008,34.6,no_screening_flag,deep,0.0,0.0,0.9666666666666668,0.0
平谷区,2009,37.7,no_screening_flag,deep,0.0,0.0,0.9833333333333332,0.0
平谷区,2010,39.4,no_screening_flag,deep,0.0,0.0,1.0,0.0
平谷区,2011,39.4,no_screening_flag,deep,0.0,0.0,1.0,0.0
平谷区,2012,37.3,no_screening_flag,deep,0.0,0.0,1.0,0.0
平谷区,2013,36.9,no_screening_flag,deep,0.0,0.0,1.0,0.0
平谷区,2014,40.5,no_screening_flag,deep,0.0,0.0,1.0,0.0
平谷区,2015,41.8,no_screening_flag,deep,0.0,0.0,1.0,0.0
平谷区,2016,42.4,no_screening_flag,deep,0.0,0.0,1.0,0.0
平谷区,2017,42.0,no_screening_flag,deep,0.0,0.0,1.0,0.0
平谷区,2018,32.8,large_year_to_year_change_gt5m,deep,0.0,0.0,1.0,0.0
平谷区,2019,33.8,no_screening_flag,deep,0.0,0.0,1.0,0.0
平谷区,2020,35.8,no_screening_flag,deep,0.0,0.0,1.0,0.0
延庆区,2000,8.4,no_screening_flag,deep,0.18273799999999998,0.0,0.6666666666666666,0.12182533333333331
延庆区,2001,8.2,no_screening_flag,deep,0.18273799999999998,0.0,0.6888888888888889,0.12588617777777777
延庆区,2002,8.3,bulletin_marked_draft;cross_report_value_disagreement,deep,0.18273799999999998,0.0,0.7111111111111111,0.1299470222222222
延庆区,2003,8.6,low_resolution_photographed_chart;source_chart_city_control_disagreement,deep,0.18273799999999998,0.0,0.7333333333333333,0.13400786666666664
延庆区,2004,8.5,low_resolution_photographed_chart;source_chart_city_control_disagreement,deep,0.18273799999999998,0.0,0.7555555555555555,0.1380687111111111
延庆区,2005,8.7,low_resolution_photographed_chart,deep,0.18273799999999998,0.0,0.7777777777777778,0.14212955555555554
延庆区,2006,8.4,low_resolution_photographed_chart,deep,0.18273799999999998,0.0,0.7777777777777778,0.14212955555555554
延庆区,2007,9.0,low_resolution_photographed_chart,deep,0.18273799999999998,0.0,0.7777777777777778,0.14212955555555554
延庆区,2008,8.8,no_screening_flag,deep,0.18273799999999998,0.0,0.7777777777777778,0.14212955555555554
延庆区,2009,9.2,no_screening_flag,deep,0.18273799999999998,16.2319,0.7777777777777778,0.14212955555555554
延庆区,2010,9.3,no_screening_flag,deep,0.18273799999999998,16.2319,0.7777777777777778,0.14212955555555554
延庆区,2011,9.3,no_screening_flag,deep,0.18273799999999998,16.2319,0.7777777777777778,0.14212955555555554
延庆区,2012,9.2,no_screening_flag,deep,0.18273799999999998,16.2319,0.7777777777777778,0.14212955555555554
延庆区,2013,9.3,no_screening_flag,deep,0.18273799999999998,16.2319,0.7777777777777778,0.14212955555555554
延庆区,2014,10.4,no_screening_flag,deep,0.18273799999999998,16.2319,0.7777777777777778,0.14212955555555554
延庆区,2015,10.4,no_screening_flag,deep,0.18273799999999998,16.2319,0.7777777777777778,0.14212955555555554
延庆区,2016,9.8,no_screening_flag,deep,0.18273799999999998,16.2319,0.8222222222222222,0.15025124444444443
延庆区,2017,10.0,no_screening_flag,deep,0.18273799999999998,16.2319,0.8666666666666667,0.15837293333333333
延庆区,2018,9.7,no_screening_flag,deep,0.18273799999999998,16.2319,0.9111111111111112,0.16649462222222222
延庆区,2019,9.8,no_screening_flag,deep,0.18273799999999998,16.2319,0.9555555555555556,0.17461631111111112
延庆区,2020,7.2,no_screening_flag,deep,0.18273799999999998,0.0,1.0,0.18273799999999998
怀柔区,2000,6.9,no_screening_flag,deep,0.387258,0.0,0.5714285714285714,0.2212902857142857
怀柔区,2001,7.7,no_screening_flag,deep,0.387258,0.0,0.638095238095238,0.2471074857142857
怀柔区,2002,10.4,bulletin_marked_draft;cross_report_value_disagreement,deep,0.387258,35.571999999999996,0.7047619047619047,0.2729246857142857
怀柔区,2003,11.7,low_resolution_photographed_chart;source_chart_city_control_disagreement,deep,0.031538,0.0,0.7714285714285714,0.02432931428571428
怀柔区,2004,14.1,low_resolution_photographed_chart;source_chart_city_control_disagreement,deep,0.031538,3.1537999999999995,0.8380952380952381,0.026431847619047617
怀柔区,2005,15.9,low_resolution_photographed_chart,deep,0.031538,3.1537999999999995,0.9047619047619048,0.02853438095238095
怀柔区,2006,16.7,low_resolution_photographed_chart,deep,0.0,0.0,0.9142857142857144,0.0
怀柔区,2007,19.2,low_resolution_photographed_chart,deep,0.0,0.0,0.9238095238095236,0.0
怀柔区,2008,19.7,no_screening_flag,deep,0.0,0.0,0.9333333333333332,0.0
怀柔区,2009,20.1,no_screening_flag,deep,0.0,0.0,0.9428571428571428,0.0
怀柔区,2010,21.3,no_screening_flag,deep,0.0,0.0,0.9523809523809524,0.0
怀柔区,2011,22.3,no_screening_flag,deep,0.0,0.0,0.9523809523809524,0.0
怀柔区,2012,21.2,no_screening_flag,deep,0.0,0.0,0.9523809523809524,0.0
怀柔区,2013,21.5,no_screening_flag,deep,0.0,0.0,0.9523809523809524,0.0
怀柔区,2014,22.6,no_screening_flag,deep,0.0,0.0,0.9523809523809524,0.0
怀柔区,2015,22.3,no_screening_flag,deep,0.0,0.0,0.9523809523809524,0.0
怀柔区,2016,21.6,no_screening_flag,deep,0.0,0.0,0.9619047619047618,0.0
怀柔区,2017,21.2,no_screening_flag,deep,0.0,0.0,0.9714285714285714,0.0
怀柔区,2018,17.3,no_screening_flag,deep,0.0,0.0,0.9809523809523808,0.0
怀柔区,2019,15.8,no_screening_flag,deep,0.031538,3.1537999999999995,0.9904761904761904,0.03123763809523809
怀柔区,2020,16.3,no_screening_flag,deep,0.031538,3.1537999999999995,1.0,0.031538
房山区,2000,10.4,no_screening_flag,deep,0.491026,39.2446,0.6973684210526315,0.34242602631578944
房山区,2001,12.0,no_screening_flag,deep,0.09858,0.0,0.7210526315789473,0.07108136842105263
房山区,2002,11.7,bulletin_marked_draft;cross_report_value_disagreement,deep,0.09858,0.0,0.7447368421052631,0.07341615789473684
房山区,2003,11.1,low_resolution_photographed_chart;source_chart_city_control_disagreement,deep,0.09858,0.0,0.7684210526315789,0.07575094736842104
房山区,2004,11.4,low_resolution_photographed_chart;source_chart_city_control_disagreement,deep,0.09858,0.0,0.7921052631578948,0.07808573684210526
房山区,2005,20.0,large_year_to_year_change_gt5m;low_resolution_photographed_chart,deep,0.0,0.0,0.8157894736842105,0.0
房山区,2006,11.8,large_year_to_year_change_gt5m;low_resolution_photographed_chart,deep,0.09858,0.0,0.85,0.08379299999999999
房山区,2007,11.6,low_resolution_photographed_chart,deep,0.09858,0.0,0.8842105263157894,0.08716547368421053
房山区,2008,11.1,no_screening_flag,deep,0.09858,0.0,0.9184210526315788,0.09053794736842104
房山区,2009,11.6,no_screening_flag,deep,0.09858,0.0,0.9526315789473684,0.09391042105263157
房山区,2010,12.6,no_screening_flag,deep,0.09858,0.0,0.986842105263158,0.09728289473684211
房山区,2011,10.7,no_screening_flag,deep,0.491026,39.2446,0.9894736842105264,0.48585730526315796
房山区,2012,8.4,no_screening_flag,deep,0.491026,0.0,0.9921052631578948,0.4871494789473685
房山区,2013,8.9,no_screening_flag,deep,0.491026,0.0,0.9947368421052633,0.488441652631579
房山区,2014,10.2,no_screening_flag,deep,0.491026,39.2446,0.9973684210526316,0.4897338263157895
房山区,2015,10.6,no_screening_flag,deep,0.491026,39.2446,1.0,0.491026
房山区,2016,9.0,no_screening_flag,deep,0.491026,0.0,1.0,0.491026
房山区,2017,9.3,no_screening_flag,deep,0.491026,39.2446,1.0,0.491026
房山区,2018,9.6,no_screening_flag,deep,0.491026,39.2446,1.0,0.491026
房山区,2019,10.5,no_screening_flag,deep,0.491026,39.2446,1.0,0.491026
房山区,2020,8.6,no_screening_flag,deep,0.491026,0.0,1.0,0.491026
昌平区,2000,15.9,no_screening_flag,deep,0.043421,4.2129,0.6014492753623188,0.026115528985507248
昌平区,2001,17.4,no_screening_flag,deep,0.001292,0.1292,0.6434782608695653,0.0008313739130434783
昌平区,2002,19.1,bulletin_marked_draft,deep,0.001292,0.1292,0.6855072463768116,0.0008856753623188406
昌平区,2003,18.5,cross_report_value_disagreement;low_resolution_photographed_chart;source_chart_city_control_disagreement,deep,0.001292,0.1292,0.727536231884058,0.0009399768115942029
昌平区,2004,21.1,low_resolution_photographed_chart;source_chart_city_control_disagreement,deep,0.001292,0.1292,0.7695652173913043,0.0009942782608695652
昌平区,2005,22.7,low_resolution_photographed_chart,deep,0.0,0.0,0.8115942028985508,0.0
昌平区,2006,23.1,low_resolution_photographed_chart,deep,0.0,0.0,0.846376811594203,0.0
昌平区,2007,25.3,low_resolution_photographed_chart,deep,0.0,0.0,0.8811594202898552,0.0
昌平区,2008,26.3,no_screening_flag,deep,0.0,0.0,0.9159420289855073,0.0
昌平区,2009,27.5,no_screening_flag,deep,0.0,0.0,0.9507246376811594,0.0
昌平区,2010,29.3,no_screening_flag,deep,0.0,0.0,0.9855072463768116,0.0
昌平区,2011,29.9,no_screening_flag,deep,0.0,0.0,0.9884057971014492,0.0
昌平区,2012,30.2,no_screening_flag,deep,0.0,0.0,0.991304347826087,0.0
昌平区,2013,31.3,no_screening_flag,deep,0.0,0.0,0.9942028985507246,0.0
昌平区,2014,32.3,no_screening_flag,deep,0.0,0.0,0.9971014492753624,0.0
昌平区,2015,32.3,no_screening_flag,deep,0.0,0.0,1.0,0.0
昌平区,2016,30.7,no_screening_flag,deep,0.0,0.0,1.0,0.0
昌平区,2017,30.2,no_screening_flag,deep,0.0,0.0,1.0,0.0
昌平区,2018,29.4,no_screening_flag,deep,0.0,0.0,1.0,0.0
昌平区,2019,28.8,no_screening_flag,deep,0.0,0.0,1.0,0.0
昌平区,2020,27.1,no_screening_flag,deep,0.0,0.0,1.0,0.0
通州区,2000,5.7,no_screening_flag,deep,0.437462,0.0,0.4421052631578947,0.19340425263157895
通州区,2001,6.4,no_screening_flag,deep,0.437462,0.0,0.4694736842105263,0.20537689684210528
通州区,2002,6.4,bulletin_marked_draft;cross_report_value_disagreement,deep,0.437462,0.0,0.4968421052631579,0.2173495410526316
通州区,2003,7.0,low_resolution_photographed_chart;source_chart_city_control_disagreement,deep,0.437462,0.0,0.5242105263157895,0.2293221852631579
通州区,2004,7.5,low_resolution_photographed_chart;source_chart_city_control_disagreement,deep,0.437462,0.0,0.5515789473684211,0.24129482947368422
通州区,2005,8.1,low_resolution_photographed_chart,deep,0.437462,0.0,0.5789473684210527,0.25326747368421054
通州区,2006,7.6,low_resolution_photographed_chart,deep,0.437462,0.0,0.6063157894736843,0.2652401178947369
通州区,2007,7.5,low_resolution_photographed_chart,deep,0.437462,0.0,0.6336842105263158,0.2772127621052632
通州区,2008,7.6,no_screening_flag,deep,0.437462,0.0,0.6610526315789473,0.2891854063157895
通州区,2009,7.2,no_screening_flag,deep,0.437462,0.0,0.6884210526315789,0.3011580505263158
通州区,2010,7.4,no_screening_flag,deep,0.437462,0.0,0.7157894736842105,0.31313069473684213
通州区,2011,7.1,no_screening_flag,deep,0.437462,0.0,0.72,0.31497264
通州区,2012,6.6,no_screening_flag,deep,0.437462,0.0,0.7242105263157894,0.31681458526315787
通州区,2013,6.8,no_screening_flag,deep,0.437462,0.0,0.728421052631579,0.3186565305263158
通州区,2014,7.5,no_screening_flag,deep,0.437462,0.0,0.7326315789473684,0.3204984757894737
通州区,2015,8.1,no_screening_flag,deep,0.437462,0.0,0.7368421052631579,0.32234042105263155
通州区,2016,7.6,no_screening_flag,deep,0.437462,0.0,0.7894736842105263,0.3453647368421053
通州区,2017,7.8,no_screening_flag,deep,0.437462,0.0,0.8421052631578947,0.36838905263157895
通州区,2018,7.3,no_screening_flag,deep,0.437462,0.0,0.8947368421052632,0.3914133684210527
通州区,2019,8.2,no_screening_flag,deep,0.437462,0.0,0.9473684210526316,0.41443768421052635
通州区,2020,7.8,no_screening_flag,deep,0.437462,0.0,1.0,0.437462
门头沟区,2000,19.3,no_screening_flag,deep,0.022179,2.2179,0.5294117647058824,0.011741823529411765
门头沟区,2001,19.9,no_screening_flag,deep,0.022179,2.2179,0.5941176470588235,0.013176935294117648
门头沟区,2002,19.7,bulletin_marked_draft;cross_report_value_disagreement,deep,0.022179,2.2179,0.6588235294117647,0.014612047058823529
门头沟区,2003,19.9,low_resolution_photographed_chart;source_chart_city_control_disagreement,deep,0.022179,2.2179,0.7235294117647059,0.016047158823529414
门头沟区,2004,19.6,low_resolution_photographed_chart;source_chart_city_control_disagreement,deep,0.022179,2.2179,0.788235294117647,0.017482270588235295
门头沟区,2005,20.0,low_resolution_photographed_chart,deep,0.022179,2.2179,0.8529411764705882,0.018917382352941176
门头沟区,2006,19.0,low_resolution_photographed_chart,deep,0.022179,2.2179,0.8588235294117647,0.01904784705882353
门头沟区,2007,19.8,low_resolution_photographed_chart,deep,0.022179,2.2179,0.8647058823529411,0.019178311764705882
门头沟区,2008,20.1,no_screening_flag,deep,0.022179,2.2179,0.8705882352941177,0.019308776470588235
门头沟区,2009,20.5,no_screening_flag,deep,0.022179,2.2179,0.8764705882352941,0.019439241176470588
门头沟区,2010,20.7,no_screening_flag,deep,0.022179,2.2179,0.8823529411764706,0.01956970588235294
门头沟区,2011,20.0,no_screening_flag,deep,0.022179,2.2179,0.9058823529411764,0.020091564705882352
门头沟区,2012,19.4,no_screening_flag,deep,0.022179,2.2179,0.9294117647058824,0.020613423529411767
门头沟区,2013,21.5,no_screening_flag,deep,0.022179,2.2179,0.9529411764705882,0.021135282352941175
门头沟区,2014,23.3,no_screening_flag,deep,0.0,0.0,0.976470588235294,0.0
门头沟区,2015,23.0,no_screening_flag,deep,0.0,0.0,1.0,0.0
门头沟区,2016,20.0,no_screening_flag,deep,0.022179,2.2179,1.0,0.022179
门头沟区,2017,16.7,no_screening_flag,deep,0.022179,0.0,1.0,0.022179
门头沟区,2018,17.0,cross_report_value_disagreement,deep,0.022179,0.0,1.0,0.022179
门头沟区,2019,38.2,large_year_to_year_change_gt5m,deep,0.0,0.0,1.0,0.0
门头沟区,2020,35.8,no_screening_flag,deep,0.0,0.0,1.0,0.0
顺义区,2000,16.8,no_screening_flag,deep,0.0,0.0,0.9285714285714286,0.0
顺义区,2001,17.5,no_screening_flag,deep,0.0,0.0,0.9285714285714286,0.0
顺义区,2002,18.7,bulletin_marked_draft,deep,0.0,0.0,0.9285714285714286,0.0
顺义区,2003,19.1,low_resolution_photographed_chart;source_chart_city_control_disagreement,deep,0.0,0.0,0.9285714285714286,0.0
顺义区,2004,22.3,low_resolution_photographed_chart;source_chart_city_control_disagreement,deep,0.0,0.0,0.9285714285714286,0.0
顺义区,2005,24.4,low_resolution_photographed_chart,deep,0.0,0.0,0.9285714285714286,0.0
顺义区,2006,26.2,low_resolution_photographed_chart,deep,0.0,0.0,0.9333333333333332,0.0
顺义区,2007,28.2,low_resolution_photographed_chart,deep,0.0,0.0,0.938095238095238,0.0
顺义区,2008,29.0,no_screening_flag,deep,0.0,0.0,0.9428571428571428,0.0
顺义区,2009,30.4,no_screening_flag,deep,0.0,0.0,0.9476190476190476,0.0
顺义区,2010,31.6,no_screening_flag,deep,0.0,0.0,0.9523809523809524,0.0
顺义区,2011,32.4,no_screening_flag,deep,0.0,0.0,0.9619047619047618,0.0
顺义区,2012,32.4,no_screening_flag,deep,0.0,0.0,0.9714285714285714,0.0
顺义区,2013,33.4,no_screening_flag,deep,0.0,0.0,0.9809523809523808,0.0
顺义区,2014,34.4,no_screening_flag,deep,0.0,0.0,0.9904761904761904,0.0
顺义区,2015,34.3,no_screening_flag,deep,0.0,0.0,1.0,0.0
顺义区,2016,33.7,no_screening_flag,deep,0.0,0.0,1.0,0.0
顺义区,2017,34.1,no_screening_flag,deep,0.0,0.0,1.0,0.0
顺义区,2018,33.3,no_screening_flag,deep,0.0,0.0,1.0,0.0
顺义区,2019,32.2,no_screening_flag,deep,0.0,0.0,1.0,0.0
顺义区,2020,29.3,no_screening_flag,deep,0.0,0.0,1.0,0.0
大兴区,2000,11.7,no_screening_flag,E1_m03_extend,0.087487,0.0,0.3091787439613526,0.027049120772946852
大兴区,2001,12.6,no_screening_flag,E1_m03_extend,0.087487,0.0,0.3690821256038647,0.03228988792270531
大兴区,2002,13.2,bulletin_marked_draft;cross_report_value_disagreement,E1_m03_extend,0.087487,7.7494,0.4289855072463768,0.03753065507246377
大兴区,2003,13.9,low_resolution_photographed_chart;source_chart_city_control_disagreement,E1_m03_extend,0.087487,7.7494,0.4888888888888889,0.042771422222222216
大兴区,2004,15.0,low_resolution_photographed_chart;source_chart_city_control_disagreement,E1_m03_extend,0.009993,0.0,0.548792270531401,0.00548408115942029
大兴区,2005,15.9,low_resolution_photographed_chart,E1_m03_extend,0.009993,0.0,0.6086956521739131,0.006082695652173914
大兴区,2006,17.3,low_resolution_photographed_chart,E1_m03_extend,0.009993,0.9993,0.6328502415458938,0.006324072463768116
大兴区,2007,17.9,low_resolution_photographed_chart,E1_m03_extend,0.009993,0.9993,0.6570048309178744,0.006565449275362319
大兴区,2008,18.6,no_screening_flag,E1_m03_extend,0.0,0.0,0.6811594202898551,0.0
大兴区,2009,19.3,no_screening_flag,E1_m03_extend,0.0,0.0,0.7053140096618358,0.0
大兴区,2010,18.8,no_screening_flag,E1_m03_extend,0.0,0.0,0.7294685990338164,0.0
大兴区,2011,18.9,no_screening_flag,E1_m03_extend,0.0,0.0,0.7323671497584541,0.0
大兴区,2012,17.9,no_screening_flag,E1_m03_extend,0.009993,0.9993,0.7352657004830918,0.007347510144927537
大兴区,2013,17.8,no_screening_flag,E1_m03_extend,0.009993,0.9993,0.7381642512077294,0.00737647536231884
大兴区,2014,19.0,no_screening_flag,E1_m03_extend,0.0,0.0,0.7410628019323672,0.0
大兴区,2015,18.7,no_screening_flag,E1_m03_extend,0.0,0.0,0.7439613526570048,0.0
大兴区,2016,17.8,no_screening_flag,E1_m03_extend,0.009993,0.9993,0.7951690821256039,0.00794612463768116
大兴区,2017,17.9,no_screening_flag,E1_m03_extend,0.009993,0.9993,0.8463768115942029,0.00845784347826087
大兴区,2018,17.9,no_screening_flag,E1_m03_extend,0.009993,0.9993,0.8975845410628019,0.00896956231884058
大兴区,2019,17.8,no_screening_flag,E1_m03_extend,0.009993,0.9993,0.9487922705314008,0.009481281159420289
大兴区,2020,16.8,no_screening_flag,E1_m03_extend,0.009993,0.0,1.0,0.009993
密云区,2000,19.3,no_screening_flag,E1_m03_extend,0.0,0.0,0.53125,0.0
密云区,2001,22.0,bulletin_marked_draft;primary_figure_occluded_used_alternate_source,E1_m03_extend,0.0,0.0,0.58125,0.0
密云区,2002,22.7,bulletin_marked_draft;cross_report_value_disagreement,E1_m03_extend,0.0,0.0,0.63125,0.0
密云区,2003,24.2,cross_report_value_disagreement;low_resolution_photographed_chart;source_chart_city_control_disagreement,E1_m03_extend,0.0,0.0,0.68125,0.0
密云区,2004,25.5,low_resolution_photographed_chart;source_chart_city_control_disagreement,E1_m03_extend,0.0,0.0,0.73125,0.0
密云区,2005,25.4,low_resolution_photographed_chart,E1_m03_extend,0.0,0.0,0.78125,0.0
密云区,2006,26.1,low_resolution_photographed_chart,E1_m03_extend,0.0,0.0,0.78125,0.0
密云区,2007,28.0,low_resolution_photographed_chart,E1_m03_extend,0.0,0.0,0.78125,0.0
密云区,2008,28.2,no_screening_flag,E1_m03_extend,0.0,0.0,0.78125,0.0
密云区,2009,28.9,no_screening_flag,E1_m03_extend,0.0,0.0,0.78125,0.0
密云区,2010,29.9,no_screening_flag,E1_m03_extend,0.0,0.0,0.78125,0.0
密云区,2011,29.5,no_screening_flag,E1_m03_extend,0.0,0.0,0.78125,0.0
密云区,2012,28.7,no_screening_flag,E1_m03_extend,0.0,0.0,0.78125,0.0
密云区,2013,29.8,no_screening_flag,E1_m03_extend,0.0,0.0,0.78125,0.0
密云区,2014,30.4,no_screening_flag,E1_m03_extend,0.0,0.0,0.78125,0.0
密云区,2015,30.6,no_screening_flag,E1_m03_extend,0.0,0.0,0.78125,0.0
密云区,2016,29.7,no_screening_flag,E1_m03_extend,0.0,0.0,0.825,0.0
密云区,2017,31.3,no_screening_flag,E1_m03_extend,0.0,0.0,0.86875,0.0
密云区,2018,24.9,large_year_to_year_change_gt5m,E1_m03_extend,0.0,0.0,0.9125,0.0
密云区,2019,24.8,no_screening_flag,E1_m03_extend,0.0,0.0,0.95625,0.0
密云区,2020,25.2,no_screening_flag,E1_m03_extend,0.0,0.0,1.0,0.0
平谷区,2000,19.6,no_screening_flag,E1_m03_extend,0.0,0.0,0.75,0.0
平谷区,2001,17.9,no_screening_flag,E1_m03_extend,0.0,0.0,0.7833333333333333,0.0
平谷区,2002,20.7,bulletin_marked_draft;cross_report_value_disagreement,E1_m03_extend,0.0,0.0,0.8166666666666667,0.0
平谷区,2003,20.6,cross_report_value_disagreement;low_resolution_photographed_chart;source_chart_city_control_disagreement,E1_m03_extend,0.0,0.0,0.85,0.0
平谷区,2004,23.0,low_resolution_photographed_chart;source_chart_city_control_disagreement,E1_m03_extend,0.0,0.0,0.8833333333333333,0.0
平谷区,2005,26.0,low_resolution_photographed_chart,E1_m03_extend,0.0,0.0,0.9166666666666666,0.0
平谷区,2006,29.8,cross_report_value_disagreement;low_resolution_photographed_chart,E1_m03_extend,0.0,0.0,0.9333333333333332,0.0
平谷区,2007,33.2,low_resolution_photographed_chart,E1_m03_extend,0.0,0.0,0.95,0.0
平谷区,2008,34.6,no_screening_flag,E1_m03_extend,0.0,0.0,0.9666666666666668,0.0
平谷区,2009,37.7,no_screening_flag,E1_m03_extend,0.0,0.0,0.9833333333333332,0.0
平谷区,2010,39.4,no_screening_flag,E1_m03_extend,0.0,0.0,1.0,0.0
平谷区,2011,39.4,no_screening_flag,E1_m03_extend,0.0,0.0,1.0,0.0
平谷区,2012,37.3,no_screening_flag,E1_m03_extend,0.0,0.0,1.0,0.0
平谷区,2013,36.9,no_screening_flag,E1_m03_extend,0.0,0.0,1.0,0.0
平谷区,2014,40.5,no_screening_flag,E1_m03_extend,0.0,0.0,1.0,0.0
平谷区,2015,41.8,no_screening_flag,E1_m03_extend,0.0,0.0,1.0,0.0
平谷区,2016,42.4,no_screening_flag,E1_m03_extend,0.0,0.0,1.0,0.0
平谷区,2017,42.0,no_screening_flag,E1_m03_extend,0.0,0.0,1.0,0.0
平谷区,2018,32.8,large_year_to_year_change_gt5m,E1_m03_extend,0.0,0.0,1.0,0.0
平谷区,2019,33.8,no_screening_flag,E1_m03_extend,0.0,0.0,1.0,0.0
平谷区,2020,35.8,no_screening_flag,E1_m03_extend,0.0,0.0,1.0,0.0
延庆区,2000,8.4,no_screening_flag,E1_m03_extend,0.18273799999999998,0.0,0.6666666666666666,0.12182533333333331
延庆区,2001,8.2,no_screening_flag,E1_m03_extend,0.18273799999999998,0.0,0.6888888888888889,0.12588617777777777
延庆区,2002,8.3,bulletin_marked_draft;cross_report_value_disagreement,E1_m03_extend,0.18273799999999998,0.0,0.7111111111111111,0.1299470222222222
延庆区,2003,8.6,low_resolution_photographed_chart;source_chart_city_control_disagreement,E1_m03_extend,0.18273799999999998,0.0,0.7333333333333333,0.13400786666666664
延庆区,2004,8.5,low_resolution_photographed_chart;source_chart_city_control_disagreement,E1_m03_extend,0.18273799999999998,0.0,0.7555555555555555,0.1380687111111111
延庆区,2005,8.7,low_resolution_photographed_chart,E1_m03_extend,0.18273799999999998,0.0,0.7777777777777778,0.14212955555555554
延庆区,2006,8.4,low_resolution_photographed_chart,E1_m03_extend,0.18273799999999998,0.0,0.7777777777777778,0.14212955555555554
延庆区,2007,9.0,low_resolution_photographed_chart,E1_m03_extend,0.18273799999999998,0.0,0.7777777777777778,0.14212955555555554
延庆区,2008,8.8,no_screening_flag,E1_m03_extend,0.18273799999999998,0.0,0.7777777777777778,0.14212955555555554
延庆区,2009,9.2,no_screening_flag,E1_m03_extend,0.18273799999999998,16.2319,0.7777777777777778,0.14212955555555554
延庆区,2010,9.3,no_screening_flag,E1_m03_extend,0.18273799999999998,16.2319,0.7777777777777778,0.14212955555555554
延庆区,2011,9.3,no_screening_flag,E1_m03_extend,0.18273799999999998,16.2319,0.7777777777777778,0.14212955555555554
延庆区,2012,9.2,no_screening_flag,E1_m03_extend,0.18273799999999998,16.2319,0.7777777777777778,0.14212955555555554
延庆区,2013,9.3,no_screening_flag,E1_m03_extend,0.18273799999999998,16.2319,0.7777777777777778,0.14212955555555554
延庆区,2014,10.4,no_screening_flag,E1_m03_extend,0.020419,0.0,0.7777777777777778,0.015881444444444445
延庆区,2015,10.4,no_screening_flag,E1_m03_extend,0.020419,0.0,0.7777777777777778,0.015881444444444445
延庆区,2016,9.8,no_screening_flag,E1_m03_extend,0.18273799999999998,16.2319,0.8222222222222222,0.15025124444444443
延庆区,2017,10.0,no_screening_flag,E1_m03_extend,0.18273799999999998,16.2319,0.8666666666666667,0.15837293333333333
延庆区,2018,9.7,no_screening_flag,E1_m03_extend,0.18273799999999998,16.2319,0.9111111111111112,0.16649462222222222
延庆区,2019,9.8,no_screening_flag,E1_m03_extend,0.18273799999999998,16.2319,0.9555555555555556,0.17461631111111112
延庆区,2020,7.2,no_screening_flag,E1_m03_extend,0.18273799999999998,0.0,1.0,0.18273799999999998
怀柔区,2000,6.9,no_screening_flag,E1_m03_extend,0.387258,0.0,0.5714285714285714,0.2212902857142857
怀柔区,2001,7.7,no_screening_flag,E1_m03_extend,0.387258,0.0,0.638095238095238,0.2471074857142857
怀柔区,2002,10.4,bulletin_marked_draft;cross_report_value_disagreement,E1_m03_extend,0.031538,0.0,0.7047619047619047,0.022226780952380946
怀柔区,2003,11.7,low_resolution_photographed_chart;source_chart_city_control_disagreement,E1_m03_extend,0.031538,0.0,0.7714285714285714,0.02432931428571428
怀柔区,2004,14.1,low_resolution_photographed_chart;source_chart_city_control_disagreement,E1_m03_extend,0.0,0.0,0.8380952380952381,0.0
怀柔区,2005,15.9,low_resolution_photographed_chart,E1_m03_extend,0.0,0.0,0.9047619047619048,0.0
怀柔区,2006,16.7,low_resolution_photographed_chart,E1_m03_extend,0.0,0.0,0.9142857142857144,0.0
怀柔区,2007,19.2,low_resolution_photographed_chart,E1_m03_extend,0.0,0.0,0.9238095238095236,0.0
怀柔区,2008,19.7,no_screening_flag,E1_m03_extend,0.0,0.0,0.9333333333333332,0.0
怀柔区,2009,20.1,no_screening_flag,E1_m03_extend,0.0,0.0,0.9428571428571428,0.0
怀柔区,2010,21.3,no_screening_flag,E1_m03_extend,0.0,0.0,0.9523809523809524,0.0
怀柔区,2011,22.3,no_screening_flag,E1_m03_extend,0.0,0.0,0.9523809523809524,0.0
怀柔区,2012,21.2,no_screening_flag,E1_m03_extend,0.0,0.0,0.9523809523809524,0.0
怀柔区,2013,21.5,no_screening_flag,E1_m03_extend,0.0,0.0,0.9523809523809524,0.0
怀柔区,2014,22.6,no_screening_flag,E1_m03_extend,0.0,0.0,0.9523809523809524,0.0
怀柔区,2015,22.3,no_screening_flag,E1_m03_extend,0.0,0.0,0.9523809523809524,0.0
怀柔区,2016,21.6,no_screening_flag,E1_m03_extend,0.0,0.0,0.9619047619047618,0.0
怀柔区,2017,21.2,no_screening_flag,E1_m03_extend,0.0,0.0,0.9714285714285714,0.0
怀柔区,2018,17.3,no_screening_flag,E1_m03_extend,0.0,0.0,0.9809523809523808,0.0
怀柔区,2019,15.8,no_screening_flag,E1_m03_extend,0.0,0.0,0.9904761904761904,0.0
怀柔区,2020,16.3,no_screening_flag,E1_m03_extend,0.0,0.0,1.0,0.0
房山区,2000,10.4,no_screening_flag,E1_m03_extend,0.09858,0.0,0.6973684210526315,0.06874657894736842
房山区,2001,12.0,no_screening_flag,E1_m03_extend,0.09858,0.0,0.7210526315789473,0.07108136842105263
房山区,2002,11.7,bulletin_marked_draft;cross_report_value_disagreement,E1_m03_extend,0.09858,0.0,0.7447368421052631,0.07341615789473684
房山区,2003,11.1,low_resolution_photographed_chart;source_chart_city_control_disagreement,E1_m03_extend,0.09858,0.0,0.7684210526315789,0.07575094736842104
房山区,2004,11.4,low_resolution_photographed_chart;source_chart_city_control_disagreement,E1_m03_extend,0.09858,0.0,0.7921052631578948,0.07808573684210526
房山区,2005,20.0,large_year_to_year_change_gt5m;low_resolution_photographed_chart,E1_m03_extend,0.0,0.0,0.8157894736842105,0.0
房山区,2006,11.8,large_year_to_year_change_gt5m;low_resolution_photographed_chart,E1_m03_extend,0.09858,0.0,0.85,0.08379299999999999
房山区,2007,11.6,low_resolution_photographed_chart,E1_m03_extend,0.09858,0.0,0.8842105263157894,0.08716547368421053
房山区,2008,11.1,no_screening_flag,E1_m03_extend,0.09858,0.0,0.9184210526315788,0.09053794736842104
房山区,2009,11.6,no_screening_flag,E1_m03_extend,0.09858,0.0,0.9526315789473684,0.09391042105263157
房山区,2010,12.6,no_screening_flag,E1_m03_extend,0.09858,0.0,0.986842105263158,0.09728289473684211
房山区,2011,10.7,no_screening_flag,E1_m03_extend,0.09858,0.0,0.9894736842105264,0.0975423157894737
房山区,2012,8.4,no_screening_flag,E1_m03_extend,0.491026,0.0,0.9921052631578948,0.4871494789473685
房山区,2013,8.9,no_screening_flag,E1_m03_extend,0.491026,0.0,0.9947368421052633,0.488441652631579
房山区,2014,10.2,no_screening_flag,E1_m03_extend,0.09858,0.0,0.9973684210526316,0.09832057894736843
房山区,2015,10.6,no_screening_flag,E1_m03_extend,0.09858,0.0,1.0,0.09858
房山区,2016,9.0,no_screening_flag,E1_m03_extend,0.491026,0.0,1.0,0.491026
房山区,2017,9.3,no_screening_flag,E1_m03_extend,0.491026,39.2446,1.0,0.491026
房山区,2018,9.6,no_screening_flag,E1_m03_extend,0.491026,39.2446,1.0,0.491026
房山区,2019,10.5,no_screening_flag,E1_m03_extend,0.09858,0.0,1.0,0.09858
房山区,2020,8.6,no_screening_flag,E1_m03_extend,0.491026,0.0,1.0,0.491026
昌平区,2000,15.9,no_screening_flag,E1_m03_extend,0.001292,0.0,0.6014492753623188,0.0007770724637681159
昌平区,2001,17.4,no_screening_flag,E1_m03_extend,0.001292,0.1292,0.6434782608695653,0.0008313739130434783
昌平区,2002,19.1,bulletin_marked_draft,E1_m03_extend,0.0,0.0,0.6855072463768116,0.0
昌平区,2003,18.5,cross_report_value_disagreement;low_resolution_photographed_chart;source_chart_city_control_disagreement,E1_m03_extend,0.0,0.0,0.727536231884058,0.0
昌平区,2004,21.1,low_resolution_photographed_chart;source_chart_city_control_disagreement,E1_m03_extend,0.0,0.0,0.7695652173913043,0.0
昌平区,2005,22.7,low_resolution_photographed_chart,E1_m03_extend,0.0,0.0,0.8115942028985508,0.0
昌平区,2006,23.1,low_resolution_photographed_chart,E1_m03_extend,0.0,0.0,0.846376811594203,0.0
昌平区,2007,25.3,low_resolution_photographed_chart,E1_m03_extend,0.0,0.0,0.8811594202898552,0.0
昌平区,2008,26.3,no_screening_flag,E1_m03_extend,0.0,0.0,0.9159420289855073,0.0
昌平区,2009,27.5,no_screening_flag,E1_m03_extend,0.0,0.0,0.9507246376811594,0.0
昌平区,2010,29.3,no_screening_flag,E1_m03_extend,0.0,0.0,0.9855072463768116,0.0
昌平区,2011,29.9,no_screening_flag,E1_m03_extend,0.0,0.0,0.9884057971014492,0.0
昌平区,2012,30.2,no_screening_flag,E1_m03_extend,0.0,0.0,0.991304347826087,0.0
昌平区,2013,31.3,no_screening_flag,E1_m03_extend,0.0,0.0,0.9942028985507246,0.0
昌平区,2014,32.3,no_screening_flag,E1_m03_extend,0.0,0.0,0.9971014492753624,0.0
昌平区,2015,32.3,no_screening_flag,E1_m03_extend,0.0,0.0,1.0,0.0
昌平区,2016,30.7,no_screening_flag,E1_m03_extend,0.0,0.0,1.0,0.0
昌平区,2017,30.2,no_screening_flag,E1_m03_extend,0.0,0.0,1.0,0.0
昌平区,2018,29.4,no_screening_flag,E1_m03_extend,0.0,0.0,1.0,0.0
昌平区,2019,28.8,no_screening_flag,E1_m03_extend,0.0,0.0,1.0,0.0
昌平区,2020,27.1,no_screening_flag,E1_m03_extend,0.0,0.0,1.0,0.0
通州区,2000,5.7,no_screening_flag,E1_m03_extend,1.0,56.2538,0.4421052631578947,0.4421052631578947
通州区,2001,6.4,no_screening_flag,E1_m03_extend,0.437462,0.0,0.4694736842105263,0.20537689684210528
通州区,2002,6.4,bulletin_marked_draft;cross_report_value_disagreement,E1_m03_extend,0.437462,0.0,0.4968421052631579,0.2173495410526316
通州区,2003,7.0,low_resolution_photographed_chart;source_chart_city_control_disagreement,E1_m03_extend,0.437462,0.0,0.5242105263157895,0.2293221852631579
通州区,2004,7.5,low_resolution_photographed_chart;source_chart_city_control_disagreement,E1_m03_extend,0.437462,0.0,0.5515789473684211,0.24129482947368422
通州区,2005,8.1,low_resolution_photographed_chart,E1_m03_extend,0.437462,0.0,0.5789473684210527,0.25326747368421054
通州区,2006,7.6,low_resolution_photographed_chart,E1_m03_extend,0.437462,0.0,0.6063157894736843,0.2652401178947369
通州区,2007,7.5,low_resolution_photographed_chart,E1_m03_extend,0.437462,0.0,0.6336842105263158,0.2772127621052632
通州区,2008,7.6,no_screening_flag,E1_m03_extend,0.437462,0.0,0.6610526315789473,0.2891854063157895
通州区,2009,7.2,no_screening_flag,E1_m03_extend,0.437462,0.0,0.6884210526315789,0.3011580505263158
通州区,2010,7.4,no_screening_flag,E1_m03_extend,0.437462,0.0,0.7157894736842105,0.31313069473684213
通州区,2011,7.1,no_screening_flag,E1_m03_extend,0.437462,0.0,0.72,0.31497264
通州区,2012,6.6,no_screening_flag,E1_m03_extend,0.437462,0.0,0.7242105263157894,0.31681458526315787
通州区,2013,6.8,no_screening_flag,E1_m03_extend,0.437462,0.0,0.728421052631579,0.3186565305263158
通州区,2014,7.5,no_screening_flag,E1_m03_extend,0.437462,0.0,0.7326315789473684,0.3204984757894737
通州区,2015,8.1,no_screening_flag,E1_m03_extend,0.437462,0.0,0.7368421052631579,0.32234042105263155
通州区,2016,7.6,no_screening_flag,E1_m03_extend,0.437462,0.0,0.7894736842105263,0.3453647368421053
通州区,2017,7.8,no_screening_flag,E1_m03_extend,0.437462,0.0,0.8421052631578947,0.36838905263157895
通州区,2018,7.3,no_screening_flag,E1_m03_extend,0.437462,0.0,0.8947368421052632,0.3914133684210527
通州区,2019,8.2,no_screening_flag,E1_m03_extend,0.437462,0.0,0.9473684210526316,0.41443768421052635
通州区,2020,7.8,no_screening_flag,E1_m03_extend,0.437462,0.0,1.0,0.437462
门头沟区,2000,19.3,no_screening_flag,E1_m03_extend,0.0,0.0,0.5294117647058824,0.0
门头沟区,2001,19.9,no_screening_flag,E1_m03_extend,0.0,0.0,0.5941176470588235,0.0
门头沟区,2002,19.7,bulletin_marked_draft;cross_report_value_disagreement,E1_m03_extend,0.0,0.0,0.6588235294117647,0.0
门头沟区,2003,19.9,low_resolution_photographed_chart;source_chart_city_control_disagreement,E1_m03_extend,0.0,0.0,0.7235294117647059,0.0
门头沟区,2004,19.6,low_resolution_photographed_chart;source_chart_city_control_disagreement,E1_m03_extend,0.0,0.0,0.788235294117647,0.0
门头沟区,2005,20.0,low_resolution_photographed_chart,E1_m03_extend,0.0,0.0,0.8529411764705882,0.0
门头沟区,2006,19.0,low_resolution_photographed_chart,E1_m03_extend,0.0,0.0,0.8588235294117647,0.0
门头沟区,2007,19.8,low_resolution_photographed_chart,E1_m03_extend,0.0,0.0,0.8647058823529411,0.0
门头沟区,2008,20.1,no_screening_flag,E1_m03_extend,0.0,0.0,0.8705882352941177,0.0
门头沟区,2009,20.5,no_screening_flag,E1_m03_extend,0.0,0.0,0.8764705882352941,0.0
门头沟区,2010,20.7,no_screening_flag,E1_m03_extend,0.0,0.0,0.8823529411764706,0.0
门头沟区,2011,20.0,no_screening_flag,E1_m03_extend,0.0,0.0,0.9058823529411764,0.0
门头沟区,2012,19.4,no_screening_flag,E1_m03_extend,0.0,0.0,0.9294117647058824,0.0
门头沟区,2013,21.5,no_screening_flag,E1_m03_extend,0.0,0.0,0.9529411764705882,0.0
门头沟区,2014,23.3,no_screening_flag,E1_m03_extend,0.0,0.0,0.976470588235294,0.0
门头沟区,2015,23.0,no_screening_flag,E1_m03_extend,0.0,0.0,1.0,0.0
门头沟区,2016,20.0,no_screening_flag,E1_m03_extend,0.0,0.0,1.0,0.0
门头沟区,2017,16.7,no_screening_flag,E1_m03_extend,0.022179,0.0,1.0,0.022179
门头沟区,2018,17.0,cross_report_value_disagreement,E1_m03_extend,0.022179,0.0,1.0,0.022179
门头沟区,2019,38.2,large_year_to_year_change_gt5m,E1_m03_extend,0.0,0.0,1.0,0.0
门头沟区,2020,35.8,no_screening_flag,E1_m03_extend,0.0,0.0,1.0,0.0
顺义区,2000,16.8,no_screening_flag,E1_m03_extend,0.0,0.0,0.9285714285714286,0.0
顺义区,2001,17.5,no_screening_flag,E1_m03_extend,0.0,0.0,0.9285714285714286,0.0
顺义区,2002,18.7,bulletin_marked_draft,E1_m03_extend,0.0,0.0,0.9285714285714286,0.0
顺义区,2003,19.1,low_resolution_photographed_chart;source_chart_city_control_disagreement,E1_m03_extend,0.0,0.0,0.9285714285714286,0.0
顺义区,2004,22.3,low_resolution_photographed_chart;source_chart_city_control_disagreement,E1_m03_extend,0.0,0.0,0.9285714285714286,0.0
顺义区,2005,24.4,low_resolution_photographed_chart,E1_m03_extend,0.0,0.0,0.9285714285714286,0.0
顺义区,2006,26.2,low_resolution_photographed_chart,E1_m03_extend,0.0,0.0,0.9333333333333332,0.0
顺义区,2007,28.2,low_resolution_photographed_chart,E1_m03_extend,0.0,0.0,0.938095238095238,0.0
顺义区,2008,29.0,no_screening_flag,E1_m03_extend,0.0,0.0,0.9428571428571428,0.0
顺义区,2009,30.4,no_screening_flag,E1_m03_extend,0.0,0.0,0.9476190476190476,0.0
顺义区,2010,31.6,no_screening_flag,E1_m03_extend,0.0,0.0,0.9523809523809524,0.0
顺义区,2011,32.4,no_screening_flag,E1_m03_extend,0.0,0.0,0.9619047619047618,0.0
顺义区,2012,32.4,no_screening_flag,E1_m03_extend,0.0,0.0,0.9714285714285714,0.0
顺义区,2013,33.4,no_screening_flag,E1_m03_extend,0.0,0.0,0.9809523809523808,0.0
顺义区,2014,34.4,no_screening_flag,E1_m03_extend,0.0,0.0,0.9904761904761904,0.0
顺义区,2015,34.3,no_screening_flag,E1_m03_extend,0.0,0.0,1.0,0.0
顺义区,2016,33.7,no_screening_flag,E1_m03_extend,0.0,0.0,1.0,0.0
顺义区,2017,34.1,no_screening_flag,E1_m03_extend,0.0,0.0,1.0,0.0
顺义区,2018,33.3,no_screening_flag,E1_m03_extend,0.0,0.0,1.0,0.0
顺义区,2019,32.2,no_screening_flag,E1_m03_extend,0.0,0.0,1.0,0.0
顺义区,2020,29.3,no_screening_flag,E1_m03_extend,0.0,0.0,1.0,0.0
大兴区,2000,11.7,no_screening_flag,E1_m03_central_tail,0.087487,0.0,0.3091787439613526,0.027049120772946852
大兴区,2001,12.6,no_screening_flag,E1_m03_central_tail,0.087487,0.0,0.3690821256038647,0.03228988792270531
大兴区,2002,13.2,bulletin_marked_draft;cross_report_value_disagreement,E1_m03_central_tail,0.087487,7.7494,0.4289855072463768,0.03753065507246377
大兴区,2003,13.9,low_resolution_photographed_chart;source_chart_city_control_disagreement,E1_m03_central_tail,0.087487,7.7494,0.4888888888888889,0.042771422222222216
大兴区,2004,15.0,low_resolution_photographed_chart;source_chart_city_control_disagreement,E1_m03_central_tail,0.009993,0.0,0.548792270531401,0.00548408115942029
大兴区,2005,15.9,low_resolution_photographed_chart,E1_m03_central_tail,0.009993,0.0,0.6086956521739131,0.006082695652173914
大兴区,2006,17.3,low_resolution_photographed_chart,E1_m03_central_tail,0.0,0.0,0.6328502415458938,0.0
大兴区,2007,17.9,low_resolution_photographed_chart,E1_m03_central_tail,0.0,0.0,0.6570048309178744,0.0
大兴区,2008,18.6,no_screening_flag,E1_m03_central_tail,0.0,0.0,0.6811594202898551,0.0
大兴区,2009,19.3,no_screening_flag,E1_m03_central_tail,0.0,0.0,0.7053140096618358,0.0
大兴区,2010,18.8,no_screening_flag,E1_m03_central_tail,0.0,0.0,0.7294685990338164,0.0
大兴区,2011,18.9,no_screening_flag,E1_m03_central_tail,0.0,0.0,0.7323671497584541,0.0
大兴区,2012,17.9,no_screening_flag,E1_m03_central_tail,0.0,0.0,0.7352657004830918,0.0
大兴区,2013,17.8,no_screening_flag,E1_m03_central_tail,0.0,0.0,0.7381642512077294,0.0
大兴区,2014,19.0,no_screening_flag,E1_m03_central_tail,0.0,0.0,0.7410628019323672,0.0
大兴区,2015,18.7,no_screening_flag,E1_m03_central_tail,0.0,0.0,0.7439613526570048,0.0
大兴区,2016,17.8,no_screening_flag,E1_m03_central_tail,0.0,0.0,0.7951690821256039,0.0
大兴区,2017,17.9,no_screening_flag,E1_m03_central_tail,0.0,0.0,0.8463768115942029,0.0
大兴区,2018,17.9,no_screening_flag,E1_m03_central_tail,0.0,0.0,0.8975845410628019,0.0
大兴区,2019,17.8,no_screening_flag,E1_m03_central_tail,0.0,0.0,0.9487922705314008,0.0
大兴区,2020,16.8,no_screening_flag,E1_m03_central_tail,0.009993,0.0,1.0,0.009993
密云区,2000,19.3,no_screening_flag,E1_m03_central_tail,0.0,0.0,0.53125,0.0
密云区,2001,22.0,bulletin_marked_draft;primary_figure_occluded_used_alternate_source,E1_m03_central_tail,0.0,0.0,0.58125,0.0
密云区,2002,22.7,bulletin_marked_draft;cross_report_value_disagreement,E1_m03_central_tail,0.0,0.0,0.63125,0.0
密云区,2003,24.2,cross_report_value_disagreement;low_resolution_photographed_chart;source_chart_city_control_disagreement,E1_m03_central_tail,0.0,0.0,0.68125,0.0
密云区,2004,25.5,low_resolution_photographed_chart;source_chart_city_control_disagreement,E1_m03_central_tail,0.0,0.0,0.73125,0.0
密云区,2005,25.4,low_resolution_photographed_chart,E1_m03_central_tail,0.0,0.0,0.78125,0.0
密云区,2006,26.1,low_resolution_photographed_chart,E1_m03_central_tail,0.0,0.0,0.78125,0.0
密云区,2007,28.0,low_resolution_photographed_chart,E1_m03_central_tail,0.0,0.0,0.78125,0.0
密云区,2008,28.2,no_screening_flag,E1_m03_central_tail,0.0,0.0,0.78125,0.0
密云区,2009,28.9,no_screening_flag,E1_m03_central_tail,0.0,0.0,0.78125,0.0
密云区,2010,29.9,no_screening_flag,E1_m03_central_tail,0.0,0.0,0.78125,0.0
密云区,2011,29.5,no_screening_flag,E1_m03_central_tail,0.0,0.0,0.78125,0.0
密云区,2012,28.7,no_screening_flag,E1_m03_central_tail,0.0,0.0,0.78125,0.0
密云区,2013,29.8,no_screening_flag,E1_m03_central_tail,0.0,0.0,0.78125,0.0
密云区,2014,30.4,no_screening_flag,E1_m03_central_tail,0.0,0.0,0.78125,0.0
密云区,2015,30.6,no_screening_flag,E1_m03_central_tail,0.0,0.0,0.78125,0.0
密云区,2016,29.7,no_screening_flag,E1_m03_central_tail,0.0,0.0,0.825,0.0
密云区,2017,31.3,no_screening_flag,E1_m03_central_tail,0.0,0.0,0.86875,0.0
密云区,2018,24.9,large_year_to_year_change_gt5m,E1_m03_central_tail,0.0,0.0,0.9125,0.0
密云区,2019,24.8,no_screening_flag,E1_m03_central_tail,0.0,0.0,0.95625,0.0
密云区,2020,25.2,no_screening_flag,E1_m03_central_tail,0.0,0.0,1.0,0.0
平谷区,2000,19.6,no_screening_flag,E1_m03_central_tail,0.0,0.0,0.75,0.0
平谷区,2001,17.9,no_screening_flag,E1_m03_central_tail,0.0,0.0,0.7833333333333333,0.0
平谷区,2002,20.7,bulletin_marked_draft;cross_report_value_disagreement,E1_m03_central_tail,0.0,0.0,0.8166666666666667,0.0
平谷区,2003,20.6,cross_report_value_disagreement;low_resolution_photographed_chart;source_chart_city_control_disagreement,E1_m03_central_tail,0.0,0.0,0.85,0.0
平谷区,2004,23.0,low_resolution_photographed_chart;source_chart_city_control_disagreement,E1_m03_central_tail,0.0,0.0,0.8833333333333333,0.0
平谷区,2005,26.0,low_resolution_photographed_chart,E1_m03_central_tail,0.0,0.0,0.9166666666666666,0.0
平谷区,2006,29.8,cross_report_value_disagreement;low_resolution_photographed_chart,E1_m03_central_tail,0.0,0.0,0.9333333333333332,0.0
平谷区,2007,33.2,low_resolution_photographed_chart,E1_m03_central_tail,0.0,0.0,0.95,0.0
平谷区,2008,34.6,no_screening_flag,E1_m03_central_tail,0.0,0.0,0.9666666666666668,0.0
平谷区,2009,37.7,no_screening_flag,E1_m03_central_tail,0.0,0.0,0.9833333333333332,0.0
平谷区,2010,39.4,no_screening_flag,E1_m03_central_tail,0.0,0.0,1.0,0.0
平谷区,2011,39.4,no_screening_flag,E1_m03_central_tail,0.0,0.0,1.0,0.0
平谷区,2012,37.3,no_screening_flag,E1_m03_central_tail,0.0,0.0,1.0,0.0
平谷区,2013,36.9,no_screening_flag,E1_m03_central_tail,0.0,0.0,1.0,0.0
平谷区,2014,40.5,no_screening_flag,E1_m03_central_tail,0.0,0.0,1.0,0.0
平谷区,2015,41.8,no_screening_flag,E1_m03_central_tail,0.0,0.0,1.0,0.0
平谷区,2016,42.4,no_screening_flag,E1_m03_central_tail,0.0,0.0,1.0,0.0
平谷区,2017,42.0,no_screening_flag,E1_m03_central_tail,0.0,0.0,1.0,0.0
平谷区,2018,32.8,large_year_to_year_change_gt5m,E1_m03_central_tail,0.0,0.0,1.0,0.0
平谷区,2019,33.8,no_screening_flag,E1_m03_central_tail,0.0,0.0,1.0,0.0
平谷区,2020,35.8,no_screening_flag,E1_m03_central_tail,0.0,0.0,1.0,0.0
延庆区,2000,8.4,no_screening_flag,E1_m03_central_tail,0.18273799999999998,0.0,0.6666666666666666,0.12182533333333331
延庆区,2001,8.2,no_screening_flag,E1_m03_central_tail,0.18273799999999998,0.0,0.6888888888888889,0.12588617777777777
延庆区,2002,8.3,bulletin_marked_draft;cross_report_value_disagreement,E1_m03_central_tail,0.18273799999999998,0.0,0.7111111111111111,0.1299470222222222
延庆区,2003,8.6,low_resolution_photographed_chart;source_chart_city_control_disagreement,E1_m03_central_tail,0.18273799999999998,0.0,0.7333333333333333,0.13400786666666664
延庆区,2004,8.5,low_resolution_photographed_chart;source_chart_city_control_disagreement,E1_m03_central_tail,0.18273799999999998,0.0,0.7555555555555555,0.1380687111111111
延庆区,2005,8.7,low_resolution_photographed_chart,E1_m03_central_tail,0.18273799999999998,0.0,0.7777777777777778,0.14212955555555554
延庆区,2006,8.4,low_resolution_photographed_chart,E1_m03_central_tail,0.18273799999999998,0.0,0.7777777777777778,0.14212955555555554
延庆区,2007,9.0,low_resolution_photographed_chart,E1_m03_central_tail,0.18273799999999998,0.0,0.7777777777777778,0.14212955555555554
延庆区,2008,8.8,no_screening_flag,E1_m03_central_tail,0.18273799999999998,0.0,0.7777777777777778,0.14212955555555554
延庆区,2009,9.2,no_screening_flag,E1_m03_central_tail,0.18273799999999998,16.2319,0.7777777777777778,0.14212955555555554
延庆区,2010,9.3,no_screening_flag,E1_m03_central_tail,0.18273799999999998,16.2319,0.7777777777777778,0.14212955555555554
延庆区,2011,9.3,no_screening_flag,E1_m03_central_tail,0.18273799999999998,16.2319,0.7777777777777778,0.14212955555555554
延庆区,2012,9.2,no_screening_flag,E1_m03_central_tail,0.18273799999999998,16.2319,0.7777777777777778,0.14212955555555554
延庆区,2013,9.3,no_screening_flag,E1_m03_central_tail,0.18273799999999998,16.2319,0.7777777777777778,0.14212955555555554
延庆区,2014,10.4,no_screening_flag,E1_m03_central_tail,0.020419,0.0,0.7777777777777778,0.015881444444444445
延庆区,2015,10.4,no_screening_flag,E1_m03_central_tail,0.020419,0.0,0.7777777777777778,0.015881444444444445
延庆区,2016,9.8,no_screening_flag,E1_m03_central_tail,0.18273799999999998,16.2319,0.8222222222222222,0.15025124444444443
延庆区,2017,10.0,no_screening_flag,E1_m03_central_tail,0.18273799999999998,16.2319,0.8666666666666667,0.15837293333333333
延庆区,2018,9.7,no_screening_flag,E1_m03_central_tail,0.18273799999999998,16.2319,0.9111111111111112,0.16649462222222222
延庆区,2019,9.8,no_screening_flag,E1_m03_central_tail,0.18273799999999998,16.2319,0.9555555555555556,0.17461631111111112
延庆区,2020,7.2,no_screening_flag,E1_m03_central_tail,0.18273799999999998,0.0,1.0,0.18273799999999998
怀柔区,2000,6.9,no_screening_flag,E1_m03_central_tail,0.387258,0.0,0.5714285714285714,0.2212902857142857
怀柔区,2001,7.7,no_screening_flag,E1_m03_central_tail,0.387258,0.0,0.638095238095238,0.2471074857142857
怀柔区,2002,10.4,bulletin_marked_draft;cross_report_value_disagreement,E1_m03_central_tail,0.031538,0.0,0.7047619047619047,0.022226780952380946
怀柔区,2003,11.7,low_resolution_photographed_chart;source_chart_city_control_disagreement,E1_m03_central_tail,0.031538,0.0,0.7714285714285714,0.02432931428571428
怀柔区,2004,14.1,low_resolution_photographed_chart;source_chart_city_control_disagreement,E1_m03_central_tail,0.0,0.0,0.8380952380952381,0.0
怀柔区,2005,15.9,low_resolution_photographed_chart,E1_m03_central_tail,0.0,0.0,0.9047619047619048,0.0
怀柔区,2006,16.7,low_resolution_photographed_chart,E1_m03_central_tail,0.0,0.0,0.9142857142857144,0.0
怀柔区,2007,19.2,low_resolution_photographed_chart,E1_m03_central_tail,0.0,0.0,0.9238095238095236,0.0
怀柔区,2008,19.7,no_screening_flag,E1_m03_central_tail,0.0,0.0,0.9333333333333332,0.0
怀柔区,2009,20.1,no_screening_flag,E1_m03_central_tail,0.0,0.0,0.9428571428571428,0.0
怀柔区,2010,21.3,no_screening_flag,E1_m03_central_tail,0.0,0.0,0.9523809523809524,0.0
怀柔区,2011,22.3,no_screening_flag,E1_m03_central_tail,0.0,0.0,0.9523809523809524,0.0
怀柔区,2012,21.2,no_screening_flag,E1_m03_central_tail,0.0,0.0,0.9523809523809524,0.0
怀柔区,2013,21.5,no_screening_flag,E1_m03_central_tail,0.0,0.0,0.9523809523809524,0.0
怀柔区,2014,22.6,no_screening_flag,E1_m03_central_tail,0.0,0.0,0.9523809523809524,0.0
怀柔区,2015,22.3,no_screening_flag,E1_m03_central_tail,0.0,0.0,0.9523809523809524,0.0
怀柔区,2016,21.6,no_screening_flag,E1_m03_central_tail,0.0,0.0,0.9619047619047618,0.0
怀柔区,2017,21.2,no_screening_flag,E1_m03_central_tail,0.0,0.0,0.9714285714285714,0.0
怀柔区,2018,17.3,no_screening_flag,E1_m03_central_tail,0.0,0.0,0.9809523809523808,0.0
怀柔区,2019,15.8,no_screening_flag,E1_m03_central_tail,0.0,0.0,0.9904761904761904,0.0
怀柔区,2020,16.3,no_screening_flag,E1_m03_central_tail,0.0,0.0,1.0,0.0
房山区,2000,10.4,no_screening_flag,E1_m03_central_tail,0.09858,0.0,0.6973684210526315,0.06874657894736842
房山区,2001,12.0,no_screening_flag,E1_m03_central_tail,0.09858,0.0,0.7210526315789473,0.07108136842105263
房山区,2002,11.7,bulletin_marked_draft;cross_report_value_disagreement,E1_m03_central_tail,0.09858,0.0,0.7447368421052631,0.07341615789473684
房山区,2003,11.1,low_resolution_photographed_chart;source_chart_city_control_disagreement,E1_m03_central_tail,0.09858,0.0,0.7684210526315789,0.07575094736842104
房山区,2004,11.4,low_resolution_photographed_chart;source_chart_city_control_disagreement,E1_m03_central_tail,0.09858,0.0,0.7921052631578948,0.07808573684210526
房山区,2005,20.0,large_year_to_year_change_gt5m;low_resolution_photographed_chart,E1_m03_central_tail,0.0,0.0,0.8157894736842105,0.0
房山区,2006,11.8,large_year_to_year_change_gt5m;low_resolution_photographed_chart,E1_m03_central_tail,0.09858,0.0,0.85,0.08379299999999999
房山区,2007,11.6,low_resolution_photographed_chart,E1_m03_central_tail,0.09858,0.0,0.8842105263157894,0.08716547368421053
房山区,2008,11.1,no_screening_flag,E1_m03_central_tail,0.09858,0.0,0.9184210526315788,0.09053794736842104
房山区,2009,11.6,no_screening_flag,E1_m03_central_tail,0.09858,0.0,0.9526315789473684,0.09391042105263157
房山区,2010,12.6,no_screening_flag,E1_m03_central_tail,0.09858,0.0,0.986842105263158,0.09728289473684211
房山区,2011,10.7,no_screening_flag,E1_m03_central_tail,0.09858,0.0,0.9894736842105264,0.0975423157894737
房山区,2012,8.4,no_screening_flag,E1_m03_central_tail,0.491026,0.0,0.9921052631578948,0.4871494789473685
房山区,2013,8.9,no_screening_flag,E1_m03_central_tail,0.491026,0.0,0.9947368421052633,0.488441652631579
房山区,2014,10.2,no_screening_flag,E1_m03_central_tail,0.09858,0.0,0.9973684210526316,0.09832057894736843
房山区,2015,10.6,no_screening_flag,E1_m03_central_tail,0.09858,0.0,1.0,0.09858
房山区,2016,9.0,no_screening_flag,E1_m03_central_tail,0.491026,0.0,1.0,0.491026
房山区,2017,9.3,no_screening_flag,E1_m03_central_tail,0.491026,39.2446,1.0,0.491026
房山区,2018,9.6,no_screening_flag,E1_m03_central_tail,0.491026,39.2446,1.0,0.491026
房山区,2019,10.5,no_screening_flag,E1_m03_central_tail,0.09858,0.0,1.0,0.09858
房山区,2020,8.6,no_screening_flag,E1_m03_central_tail,0.491026,0.0,1.0,0.491026
昌平区,2000,15.9,no_screening_flag,E1_m03_central_tail,0.001292,0.0,0.6014492753623188,0.0007770724637681159
昌平区,2001,17.4,no_screening_flag,E1_m03_central_tail,0.0,0.0,0.6434782608695653,0.0
昌平区,2002,19.1,bulletin_marked_draft,E1_m03_central_tail,0.0,0.0,0.6855072463768116,0.0
昌平区,2003,18.5,cross_report_value_disagreement;low_resolution_photographed_chart;source_chart_city_control_disagreement,E1_m03_central_tail,0.0,0.0,0.727536231884058,0.0
昌平区,2004,21.1,low_resolution_photographed_chart;source_chart_city_control_disagreement,E1_m03_central_tail,0.0,0.0,0.7695652173913043,0.0
昌平区,2005,22.7,low_resolution_photographed_chart,E1_m03_central_tail,0.0,0.0,0.8115942028985508,0.0
昌平区,2006,23.1,low_resolution_photographed_chart,E1_m03_central_tail,0.0,0.0,0.846376811594203,0.0
昌平区,2007,25.3,low_resolution_photographed_chart,E1_m03_central_tail,0.0,0.0,0.8811594202898552,0.0
昌平区,2008,26.3,no_screening_flag,E1_m03_central_tail,0.0,0.0,0.9159420289855073,0.0
昌平区,2009,27.5,no_screening_flag,E1_m03_central_tail,0.0,0.0,0.9507246376811594,0.0
昌平区,2010,29.3,no_screening_flag,E1_m03_central_tail,0.0,0.0,0.9855072463768116,0.0
昌平区,2011,29.9,no_screening_flag,E1_m03_central_tail,0.0,0.0,0.9884057971014492,0.0
昌平区,2012,30.2,no_screening_flag,E1_m03_central_tail,0.0,0.0,0.991304347826087,0.0
昌平区,2013,31.3,no_screening_flag,E1_m03_central_tail,0.0,0.0,0.9942028985507246,0.0
昌平区,2014,32.3,no_screening_flag,E1_m03_central_tail,0.0,0.0,0.9971014492753624,0.0
昌平区,2015,32.3,no_screening_flag,E1_m03_central_tail,0.0,0.0,1.0,0.0
昌平区,2016,30.7,no_screening_flag,E1_m03_central_tail,0.0,0.0,1.0,0.0
昌平区,2017,30.2,no_screening_flag,E1_m03_central_tail,0.0,0.0,1.0,0.0
昌平区,2018,29.4,no_screening_flag,E1_m03_central_tail,0.0,0.0,1.0,0.0
昌平区,2019,28.8,no_screening_flag,E1_m03_central_tail,0.0,0.0,1.0,0.0
昌平区,2020,27.1,no_screening_flag,E1_m03_central_tail,0.0,0.0,1.0,0.0
通州区,2000,5.7,no_screening_flag,E1_m03_central_tail,1.0,56.2538,0.4421052631578947,0.4421052631578947
通州区,2001,6.4,no_screening_flag,E1_m03_central_tail,0.437462,0.0,0.4694736842105263,0.20537689684210528
通州区,2002,6.4,bulletin_marked_draft;cross_report_value_disagreement,E1_m03_central_tail,0.437462,0.0,0.4968421052631579,0.2173495410526316
通州区,2003,7.0,low_resolution_photographed_chart;source_chart_city_control_disagreement,E1_m03_central_tail,0.437462,0.0,0.5242105263157895,0.2293221852631579
通州区,2004,7.5,low_resolution_photographed_chart;source_chart_city_control_disagreement,E1_m03_central_tail,0.437462,0.0,0.5515789473684211,0.24129482947368422
通州区,2005,8.1,low_resolution_photographed_chart,E1_m03_central_tail,0.437462,0.0,0.5789473684210527,0.25326747368421054
通州区,2006,7.6,low_resolution_photographed_chart,E1_m03_central_tail,0.437462,0.0,0.6063157894736843,0.2652401178947369
通州区,2007,7.5,low_resolution_photographed_chart,E1_m03_central_tail,0.437462,0.0,0.6336842105263158,0.2772127621052632
通州区,2008,7.6,no_screening_flag,E1_m03_central_tail,0.437462,0.0,0.6610526315789473,0.2891854063157895
通州区,2009,7.2,no_screening_flag,E1_m03_central_tail,0.437462,0.0,0.6884210526315789,0.3011580505263158
通州区,2010,7.4,no_screening_flag,E1_m03_central_tail,0.437462,0.0,0.7157894736842105,0.31313069473684213
通州区,2011,7.1,no_screening_flag,E1_m03_central_tail,0.437462,0.0,0.72,0.31497264
通州区,2012,6.6,no_screening_flag,E1_m03_central_tail,0.437462,0.0,0.7242105263157894,0.31681458526315787
通州区,2013,6.8,no_screening_flag,E1_m03_central_tail,0.437462,0.0,0.728421052631579,0.3186565305263158
通州区,2014,7.5,no_screening_flag,E1_m03_central_tail,0.437462,0.0,0.7326315789473684,0.3204984757894737
通州区,2015,8.1,no_screening_flag,E1_m03_central_tail,0.437462,0.0,0.7368421052631579,0.32234042105263155
通州区,2016,7.6,no_screening_flag,E1_m03_central_tail,0.437462,0.0,0.7894736842105263,0.3453647368421053
通州区,2017,7.8,no_screening_flag,E1_m03_central_tail,0.437462,0.0,0.8421052631578947,0.36838905263157895
通州区,2018,7.3,no_screening_flag,E1_m03_central_tail,0.437462,0.0,0.8947368421052632,0.3914133684210527
通州区,2019,8.2,no_screening_flag,E1_m03_central_tail,0.437462,0.0,0.9473684210526316,0.41443768421052635
通州区,2020,7.8,no_screening_flag,E1_m03_central_tail,0.437462,0.0,1.0,0.437462
门头沟区,2000,19.3,no_screening_flag,E1_m03_central_tail,0.0,0.0,0.5294117647058824,0.0
门头沟区,2001,19.9,no_screening_flag,E1_m03_central_tail,0.0,0.0,0.5941176470588235,0.0
门头沟区,2002,19.7,bulletin_marked_draft;cross_report_value_disagreement,E1_m03_central_tail,0.0,0.0,0.6588235294117647,0.0
门头沟区,2003,19.9,low_resolution_photographed_chart;source_chart_city_control_disagreement,E1_m03_central_tail,0.0,0.0,0.7235294117647059,0.0
门头沟区,2004,19.6,low_resolution_photographed_chart;source_chart_city_control_disagreement,E1_m03_central_tail,0.0,0.0,0.788235294117647,0.0
门头沟区,2005,20.0,low_resolution_photographed_chart,E1_m03_central_tail,0.0,0.0,0.8529411764705882,0.0
门头沟区,2006,19.0,low_resolution_photographed_chart,E1_m03_central_tail,0.0,0.0,0.8588235294117647,0.0
门头沟区,2007,19.8,low_resolution_photographed_chart,E1_m03_central_tail,0.0,0.0,0.8647058823529411,0.0
门头沟区,2008,20.1,no_screening_flag,E1_m03_central_tail,0.0,0.0,0.8705882352941177,0.0
门头沟区,2009,20.5,no_screening_flag,E1_m03_central_tail,0.0,0.0,0.8764705882352941,0.0
门头沟区,2010,20.7,no_screening_flag,E1_m03_central_tail,0.0,0.0,0.8823529411764706,0.0
门头沟区,2011,20.0,no_screening_flag,E1_m03_central_tail,0.0,0.0,0.9058823529411764,0.0
门头沟区,2012,19.4,no_screening_flag,E1_m03_central_tail,0.0,0.0,0.9294117647058824,0.0
门头沟区,2013,21.5,no_screening_flag,E1_m03_central_tail,0.0,0.0,0.9529411764705882,0.0
门头沟区,2014,23.3,no_screening_flag,E1_m03_central_tail,0.0,0.0,0.976470588235294,0.0
门头沟区,2015,23.0,no_screening_flag,E1_m03_central_tail,0.0,0.0,1.0,0.0
门头沟区,2016,20.0,no_screening_flag,E1_m03_central_tail,0.0,0.0,1.0,0.0
门头沟区,2017,16.7,no_screening_flag,E1_m03_central_tail,0.022179,0.0,1.0,0.022179
门头沟区,2018,17.0,cross_report_value_disagreement,E1_m03_central_tail,0.022179,0.0,1.0,0.022179
门头沟区,2019,38.2,large_year_to_year_change_gt5m,E1_m03_central_tail,0.0,0.0,1.0,0.0
门头沟区,2020,35.8,no_screening_flag,E1_m03_central_tail,0.0,0.0,1.0,0.0
顺义区,2000,16.8,no_screening_flag,E1_m03_central_tail,0.0,0.0,0.9285714285714286,0.0
顺义区,2001,17.5,no_screening_flag,E1_m03_central_tail,0.0,0.0,0.9285714285714286,0.0
顺义区,2002,18.7,bulletin_marked_draft,E1_m03_central_tail,0.0,0.0,0.9285714285714286,0.0
顺义区,2003,19.1,low_resolution_photographed_chart;source_chart_city_control_disagreement,E1_m03_central_tail,0.0,0.0,0.9285714285714286,0.0
顺义区,2004,22.3,low_resolution_photographed_chart;source_chart_city_control_disagreement,E1_m03_central_tail,0.0,0.0,0.9285714285714286,0.0
顺义区,2005,24.4,low_resolution_photographed_chart,E1_m03_central_tail,0.0,0.0,0.9285714285714286,0.0
顺义区,2006,26.2,low_resolution_photographed_chart,E1_m03_central_tail,0.0,0.0,0.9333333333333332,0.0
顺义区,2007,28.2,low_resolution_photographed_chart,E1_m03_central_tail,0.0,0.0,0.938095238095238,0.0
顺义区,2008,29.0,no_screening_flag,E1_m03_central_tail,0.0,0.0,0.9428571428571428,0.0
顺义区,2009,30.4,no_screening_flag,E1_m03_central_tail,0.0,0.0,0.9476190476190476,0.0
顺义区,2010,31.6,no_screening_flag,E1_m03_central_tail,0.0,0.0,0.9523809523809524,0.0
顺义区,2011,32.4,no_screening_flag,E1_m03_central_tail,0.0,0.0,0.9619047619047618,0.0
顺义区,2012,32.4,no_screening_flag,E1_m03_central_tail,0.0,0.0,0.9714285714285714,0.0
顺义区,2013,33.4,no_screening_flag,E1_m03_central_tail,0.0,0.0,0.9809523809523808,0.0
顺义区,2014,34.4,no_screening_flag,E1_m03_central_tail,0.0,0.0,0.9904761904761904,0.0
顺义区,2015,34.3,no_screening_flag,E1_m03_central_tail,0.0,0.0,1.0,0.0
顺义区,2016,33.7,no_screening_flag,E1_m03_central_tail,0.0,0.0,1.0,0.0
顺义区,2017,34.1,no_screening_flag,E1_m03_central_tail,0.0,0.0,1.0,0.0
顺义区,2018,33.3,no_screening_flag,E1_m03_central_tail,0.0,0.0,1.0,0.0
顺义区,2019,32.2,no_screening_flag,E1_m03_central_tail,0.0,0.0,1.0,0.0
顺义区,2020,29.3,no_screening_flag,E1_m03_central_tail,0.0,0.0,1.0,0.0
大兴区,2000,11.7,no_screening_flag,E1_zero_extend,0.087487,0.0,0.3091787439613526,0.027049120772946852
大兴区,2001,12.6,no_screening_flag,E1_zero_extend,0.087487,0.0,0.3690821256038647,0.03228988792270531
大兴区,2002,13.2,bulletin_marked_draft;cross_report_value_disagreement,E1_zero_extend,0.087487,7.7494,0.4289855072463768,0.03753065507246377
大兴区,2003,13.9,low_resolution_photographed_chart;source_chart_city_control_disagreement,E1_zero_extend,0.009993,0.0,0.4888888888888889,0.004885466666666667
大兴区,2004,15.0,low_resolution_photographed_chart;source_chart_city_control_disagreement,E1_zero_extend,0.009993,0.0,0.548792270531401,0.00548408115942029
大兴区,2005,15.9,low_resolution_photographed_chart,E1_zero_extend,0.009993,0.0,0.6086956521739131,0.006082695652173914
大兴区,2006,17.3,low_resolution_photographed_chart,E1_zero_extend,0.009993,0.9993,0.6328502415458938,0.006324072463768116
大兴区,2007,17.9,low_resolution_photographed_chart,E1_zero_extend,0.0,0.0,0.6570048309178744,0.0
大兴区,2008,18.6,no_screening_flag,E1_zero_extend,0.0,0.0,0.6811594202898551,0.0
大兴区,2009,19.3,no_screening_flag,E1_zero_extend,0.0,0.0,0.7053140096618358,0.0
大兴区,2010,18.8,no_screening_flag,E1_zero_extend,0.0,0.0,0.7294685990338164,0.0
大兴区,2011,18.9,no_screening_flag,E1_zero_extend,0.0,0.0,0.7323671497584541,0.0
大兴区,2012,17.9,no_screening_flag,E1_zero_extend,0.0,0.0,0.7352657004830918,0.0
大兴区,2013,17.8,no_screening_flag,E1_zero_extend,0.0,0.0,0.7381642512077294,0.0
大兴区,2014,19.0,no_screening_flag,E1_zero_extend,0.0,0.0,0.7410628019323672,0.0
大兴区,2015,18.7,no_screening_flag,E1_zero_extend,0.0,0.0,0.7439613526570048,0.0
大兴区,2016,17.8,no_screening_flag,E1_zero_extend,0.0,0.0,0.7951690821256039,0.0
大兴区,2017,17.9,no_screening_flag,E1_zero_extend,0.0,0.0,0.8463768115942029,0.0
大兴区,2018,17.9,no_screening_flag,E1_zero_extend,0.0,0.0,0.8975845410628019,0.0
大兴区,2019,17.8,no_screening_flag,E1_zero_extend,0.0,0.0,0.9487922705314008,0.0
大兴区,2020,16.8,no_screening_flag,E1_zero_extend,0.009993,0.0,1.0,0.009993
密云区,2000,19.3,no_screening_flag,E1_zero_extend,0.0,0.0,0.53125,0.0
密云区,2001,22.0,bulletin_marked_draft;primary_figure_occluded_used_alternate_source,E1_zero_extend,0.0,0.0,0.58125,0.0
密云区,2002,22.7,bulletin_marked_draft;cross_report_value_disagreement,E1_zero_extend,0.0,0.0,0.63125,0.0
密云区,2003,24.2,cross_report_value_disagreement;low_resolution_photographed_chart;source_chart_city_control_disagreement,E1_zero_extend,0.0,0.0,0.68125,0.0
密云区,2004,25.5,low_resolution_photographed_chart;source_chart_city_control_disagreement,E1_zero_extend,0.0,0.0,0.73125,0.0
密云区,2005,25.4,low_resolution_photographed_chart,E1_zero_extend,0.0,0.0,0.78125,0.0
密云区,2006,26.1,low_resolution_photographed_chart,E1_zero_extend,0.0,0.0,0.78125,0.0
密云区,2007,28.0,low_resolution_photographed_chart,E1_zero_extend,0.0,0.0,0.78125,0.0
密云区,2008,28.2,no_screening_flag,E1_zero_extend,0.0,0.0,0.78125,0.0
密云区,2009,28.9,no_screening_flag,E1_zero_extend,0.0,0.0,0.78125,0.0
密云区,2010,29.9,no_screening_flag,E1_zero_extend,0.0,0.0,0.78125,0.0
密云区,2011,29.5,no_screening_flag,E1_zero_extend,0.0,0.0,0.78125,0.0
密云区,2012,28.7,no_screening_flag,E1_zero_extend,0.0,0.0,0.78125,0.0
密云区,2013,29.8,no_screening_flag,E1_zero_extend,0.0,0.0,0.78125,0.0
密云区,2014,30.4,no_screening_flag,E1_zero_extend,0.0,0.0,0.78125,0.0
密云区,2015,30.6,no_screening_flag,E1_zero_extend,0.0,0.0,0.78125,0.0
密云区,2016,29.7,no_screening_flag,E1_zero_extend,0.0,0.0,0.825,0.0
密云区,2017,31.3,no_screening_flag,E1_zero_extend,0.0,0.0,0.86875,0.0
密云区,2018,24.9,large_year_to_year_change_gt5m,E1_zero_extend,0.0,0.0,0.9125,0.0
密云区,2019,24.8,no_screening_flag,E1_zero_extend,0.0,0.0,0.95625,0.0
密云区,2020,25.2,no_screening_flag,E1_zero_extend,0.0,0.0,1.0,0.0
平谷区,2000,19.6,no_screening_flag,E1_zero_extend,0.0,0.0,0.75,0.0
平谷区,2001,17.9,no_screening_flag,E1_zero_extend,0.0,0.0,0.7833333333333333,0.0
平谷区,2002,20.7,bulletin_marked_draft;cross_report_value_disagreement,E1_zero_extend,0.0,0.0,0.8166666666666667,0.0
平谷区,2003,20.6,cross_report_value_disagreement;low_resolution_photographed_chart;source_chart_city_control_disagreement,E1_zero_extend,0.0,0.0,0.85,0.0
平谷区,2004,23.0,low_resolution_photographed_chart;source_chart_city_control_disagreement,E1_zero_extend,0.0,0.0,0.8833333333333333,0.0
平谷区,2005,26.0,low_resolution_photographed_chart,E1_zero_extend,0.0,0.0,0.9166666666666666,0.0
平谷区,2006,29.8,cross_report_value_disagreement;low_resolution_photographed_chart,E1_zero_extend,0.0,0.0,0.9333333333333332,0.0
平谷区,2007,33.2,low_resolution_photographed_chart,E1_zero_extend,0.0,0.0,0.95,0.0
平谷区,2008,34.6,no_screening_flag,E1_zero_extend,0.0,0.0,0.9666666666666668,0.0
平谷区,2009,37.7,no_screening_flag,E1_zero_extend,0.0,0.0,0.9833333333333332,0.0
平谷区,2010,39.4,no_screening_flag,E1_zero_extend,0.0,0.0,1.0,0.0
平谷区,2011,39.4,no_screening_flag,E1_zero_extend,0.0,0.0,1.0,0.0
平谷区,2012,37.3,no_screening_flag,E1_zero_extend,0.0,0.0,1.0,0.0
平谷区,2013,36.9,no_screening_flag,E1_zero_extend,0.0,0.0,1.0,0.0
平谷区,2014,40.5,no_screening_flag,E1_zero_extend,0.0,0.0,1.0,0.0
平谷区,2015,41.8,no_screening_flag,E1_zero_extend,0.0,0.0,1.0,0.0
平谷区,2016,42.4,no_screening_flag,E1_zero_extend,0.0,0.0,1.0,0.0
平谷区,2017,42.0,no_screening_flag,E1_zero_extend,0.0,0.0,1.0,0.0
平谷区,2018,32.8,large_year_to_year_change_gt5m,E1_zero_extend,0.0,0.0,1.0,0.0
平谷区,2019,33.8,no_screening_flag,E1_zero_extend,0.0,0.0,1.0,0.0
平谷区,2020,35.8,no_screening_flag,E1_zero_extend,0.0,0.0,1.0,0.0
延庆区,2000,8.4,no_screening_flag,E1_zero_extend,0.18273799999999998,0.0,0.6666666666666666,0.12182533333333331
延庆区,2001,8.2,no_screening_flag,E1_zero_extend,0.18273799999999998,0.0,0.6888888888888889,0.12588617777777777
延庆区,2002,8.3,bulletin_marked_draft;cross_report_value_disagreement,E1_zero_extend,0.18273799999999998,0.0,0.7111111111111111,0.1299470222222222
延庆区,2003,8.6,low_resolution_photographed_chart;source_chart_city_control_disagreement,E1_zero_extend,0.18273799999999998,0.0,0.7333333333333333,0.13400786666666664
延庆区,2004,8.5,low_resolution_photographed_chart;source_chart_city_control_disagreement,E1_zero_extend,0.18273799999999998,0.0,0.7555555555555555,0.1380687111111111
延庆区,2005,8.7,low_resolution_photographed_chart,E1_zero_extend,0.18273799999999998,0.0,0.7777777777777778,0.14212955555555554
延庆区,2006,8.4,low_resolution_photographed_chart,E1_zero_extend,0.18273799999999998,0.0,0.7777777777777778,0.14212955555555554
延庆区,2007,9.0,low_resolution_photographed_chart,E1_zero_extend,0.18273799999999998,0.0,0.7777777777777778,0.14212955555555554
延庆区,2008,8.8,no_screening_flag,E1_zero_extend,0.18273799999999998,0.0,0.7777777777777778,0.14212955555555554
延庆区,2009,9.2,no_screening_flag,E1_zero_extend,0.18273799999999998,16.2319,0.7777777777777778,0.14212955555555554
延庆区,2010,9.3,no_screening_flag,E1_zero_extend,0.18273799999999998,16.2319,0.7777777777777778,0.14212955555555554
延庆区,2011,9.3,no_screening_flag,E1_zero_extend,0.18273799999999998,16.2319,0.7777777777777778,0.14212955555555554
延庆区,2012,9.2,no_screening_flag,E1_zero_extend,0.18273799999999998,16.2319,0.7777777777777778,0.14212955555555554
延庆区,2013,9.3,no_screening_flag,E1_zero_extend,0.18273799999999998,16.2319,0.7777777777777778,0.14212955555555554
延庆区,2014,10.4,no_screening_flag,E1_zero_extend,0.020419,0.0,0.7777777777777778,0.015881444444444445
延庆区,2015,10.4,no_screening_flag,E1_zero_extend,0.020419,0.0,0.7777777777777778,0.015881444444444445
延庆区,2016,9.8,no_screening_flag,E1_zero_extend,0.020419,0.0,0.8222222222222222,0.016788955555555554
延庆区,2017,10.0,no_screening_flag,E1_zero_extend,0.020419,0.0,0.8666666666666667,0.017696466666666667
延庆区,2018,9.7,no_screening_flag,E1_zero_extend,0.18273799999999998,16.2319,0.9111111111111112,0.16649462222222222
延庆区,2019,9.8,no_screening_flag,E1_zero_extend,0.020419,0.0,0.9555555555555556,0.01951148888888889
延庆区,2020,7.2,no_screening_flag,E1_zero_extend,0.18273799999999998,0.0,1.0,0.18273799999999998
怀柔区,2000,6.9,no_screening_flag,E1_zero_extend,0.387258,0.0,0.5714285714285714,0.2212902857142857
怀柔区,2001,7.7,no_screening_flag,E1_zero_extend,0.387258,0.0,0.638095238095238,0.2471074857142857
怀柔区,2002,10.4,bulletin_marked_draft;cross_report_value_disagreement,E1_zero_extend,0.031538,0.0,0.7047619047619047,0.022226780952380946
怀柔区,2003,11.7,low_resolution_photographed_chart;source_chart_city_control_disagreement,E1_zero_extend,0.031538,0.0,0.7714285714285714,0.02432931428571428
怀柔区,2004,14.1,low_resolution_photographed_chart;source_chart_city_control_disagreement,E1_zero_extend,0.0,0.0,0.8380952380952381,0.0
怀柔区,2005,15.9,low_resolution_photographed_chart,E1_zero_extend,0.0,0.0,0.9047619047619048,0.0
怀柔区,2006,16.7,low_resolution_photographed_chart,E1_zero_extend,0.0,0.0,0.9142857142857144,0.0
怀柔区,2007,19.2,low_resolution_photographed_chart,E1_zero_extend,0.0,0.0,0.9238095238095236,0.0
怀柔区,2008,19.7,no_screening_flag,E1_zero_extend,0.0,0.0,0.9333333333333332,0.0
怀柔区,2009,20.1,no_screening_flag,E1_zero_extend,0.0,0.0,0.9428571428571428,0.0
怀柔区,2010,21.3,no_screening_flag,E1_zero_extend,0.0,0.0,0.9523809523809524,0.0
怀柔区,2011,22.3,no_screening_flag,E1_zero_extend,0.0,0.0,0.9523809523809524,0.0
怀柔区,2012,21.2,no_screening_flag,E1_zero_extend,0.0,0.0,0.9523809523809524,0.0
怀柔区,2013,21.5,no_screening_flag,E1_zero_extend,0.0,0.0,0.9523809523809524,0.0
怀柔区,2014,22.6,no_screening_flag,E1_zero_extend,0.0,0.0,0.9523809523809524,0.0
怀柔区,2015,22.3,no_screening_flag,E1_zero_extend,0.0,0.0,0.9523809523809524,0.0
怀柔区,2016,21.6,no_screening_flag,E1_zero_extend,0.0,0.0,0.9619047619047618,0.0
怀柔区,2017,21.2,no_screening_flag,E1_zero_extend,0.0,0.0,0.9714285714285714,0.0
怀柔区,2018,17.3,no_screening_flag,E1_zero_extend,0.0,0.0,0.9809523809523808,0.0
怀柔区,2019,15.8,no_screening_flag,E1_zero_extend,0.0,0.0,0.9904761904761904,0.0
怀柔区,2020,16.3,no_screening_flag,E1_zero_extend,0.0,0.0,1.0,0.0
房山区,2000,10.4,no_screening_flag,E1_zero_extend,0.09858,0.0,0.6973684210526315,0.06874657894736842
房山区,2001,12.0,no_screening_flag,E1_zero_extend,0.09858,0.0,0.7210526315789473,0.07108136842105263
房山区,2002,11.7,bulletin_marked_draft;cross_report_value_disagreement,E1_zero_extend,0.09858,0.0,0.7447368421052631,0.07341615789473684
房山区,2003,11.1,low_resolution_photographed_chart;source_chart_city_control_disagreement,E1_zero_extend,0.09858,0.0,0.7684210526315789,0.07575094736842104
房山区,2004,11.4,low_resolution_photographed_chart;source_chart_city_control_disagreement,E1_zero_extend,0.09858,0.0,0.7921052631578948,0.07808573684210526
房山区,2005,20.0,large_year_to_year_change_gt5m;low_resolution_photographed_chart,E1_zero_extend,0.0,0.0,0.8157894736842105,0.0
房山区,2006,11.8,large_year_to_year_change_gt5m;low_resolution_photographed_chart,E1_zero_extend,0.09858,0.0,0.85,0.08379299999999999
房山区,2007,11.6,low_resolution_photographed_chart,E1_zero_extend,0.09858,0.0,0.8842105263157894,0.08716547368421053
房山区,2008,11.1,no_screening_flag,E1_zero_extend,0.09858,0.0,0.9184210526315788,0.09053794736842104
房山区,2009,11.6,no_screening_flag,E1_zero_extend,0.09858,0.0,0.9526315789473684,0.09391042105263157
房山区,2010,12.6,no_screening_flag,E1_zero_extend,0.09858,0.0,0.986842105263158,0.09728289473684211
房山区,2011,10.7,no_screening_flag,E1_zero_extend,0.09858,0.0,0.9894736842105264,0.0975423157894737
房山区,2012,8.4,no_screening_flag,E1_zero_extend,0.491026,0.0,0.9921052631578948,0.4871494789473685
房山区,2013,8.9,no_screening_flag,E1_zero_extend,0.491026,0.0,0.9947368421052633,0.488441652631579
房山区,2014,10.2,no_screening_flag,E1_zero_extend,0.09858,0.0,0.9973684210526316,0.09832057894736843
房山区,2015,10.6,no_screening_flag,E1_zero_extend,0.09858,0.0,1.0,0.09858
房山区,2016,9.0,no_screening_flag,E1_zero_extend,0.491026,0.0,1.0,0.491026
房山区,2017,9.3,no_screening_flag,E1_zero_extend,0.491026,39.2446,1.0,0.491026
房山区,2018,9.6,no_screening_flag,E1_zero_extend,0.491026,39.2446,1.0,0.491026
房山区,2019,10.5,no_screening_flag,E1_zero_extend,0.09858,0.0,1.0,0.09858
房山区,2020,8.6,no_screening_flag,E1_zero_extend,0.491026,0.0,1.0,0.491026
昌平区,2000,15.9,no_screening_flag,E1_zero_extend,0.001292,0.0,0.6014492753623188,0.0007770724637681159
昌平区,2001,17.4,no_screening_flag,E1_zero_extend,0.001292,0.1292,0.6434782608695653,0.0008313739130434783
昌平区,2002,19.1,bulletin_marked_draft,E1_zero_extend,0.0,0.0,0.6855072463768116,0.0
昌平区,2003,18.5,cross_report_value_disagreement;low_resolution_photographed_chart;source_chart_city_control_disagreement,E1_zero_extend,0.0,0.0,0.727536231884058,0.0
昌平区,2004,21.1,low_resolution_photographed_chart;source_chart_city_control_disagreement,E1_zero_extend,0.0,0.0,0.7695652173913043,0.0
昌平区,2005,22.7,low_resolution_photographed_chart,E1_zero_extend,0.0,0.0,0.8115942028985508,0.0
昌平区,2006,23.1,low_resolution_photographed_chart,E1_zero_extend,0.0,0.0,0.846376811594203,0.0
昌平区,2007,25.3,low_resolution_photographed_chart,E1_zero_extend,0.0,0.0,0.8811594202898552,0.0
昌平区,2008,26.3,no_screening_flag,E1_zero_extend,0.0,0.0,0.9159420289855073,0.0
昌平区,2009,27.5,no_screening_flag,E1_zero_extend,0.0,0.0,0.9507246376811594,0.0
昌平区,2010,29.3,no_screening_flag,E1_zero_extend,0.0,0.0,0.9855072463768116,0.0
昌平区,2011,29.9,no_screening_flag,E1_zero_extend,0.0,0.0,0.9884057971014492,0.0
昌平区,2012,30.2,no_screening_flag,E1_zero_extend,0.0,0.0,0.991304347826087,0.0
昌平区,2013,31.3,no_screening_flag,E1_zero_extend,0.0,0.0,0.9942028985507246,0.0
昌平区,2014,32.3,no_screening_flag,E1_zero_extend,0.0,0.0,0.9971014492753624,0.0
昌平区,2015,32.3,no_screening_flag,E1_zero_extend,0.0,0.0,1.0,0.0
昌平区,2016,30.7,no_screening_flag,E1_zero_extend,0.0,0.0,1.0,0.0
昌平区,2017,30.2,no_screening_flag,E1_zero_extend,0.0,0.0,1.0,0.0
昌平区,2018,29.4,no_screening_flag,E1_zero_extend,0.0,0.0,1.0,0.0
昌平区,2019,28.8,no_screening_flag,E1_zero_extend,0.0,0.0,1.0,0.0
昌平区,2020,27.1,no_screening_flag,E1_zero_extend,0.0,0.0,1.0,0.0
通州区,2000,5.7,no_screening_flag,E1_zero_extend,1.0,56.2538,0.4421052631578947,0.4421052631578947
通州区,2001,6.4,no_screening_flag,E1_zero_extend,0.437462,0.0,0.4694736842105263,0.20537689684210528
通州区,2002,6.4,bulletin_marked_draft;cross_report_value_disagreement,E1_zero_extend,0.437462,0.0,0.4968421052631579,0.2173495410526316
通州区,2003,7.0,low_resolution_photographed_chart;source_chart_city_control_disagreement,E1_zero_extend,0.437462,0.0,0.5242105263157895,0.2293221852631579
通州区,2004,7.5,low_resolution_photographed_chart;source_chart_city_control_disagreement,E1_zero_extend,0.437462,0.0,0.5515789473684211,0.24129482947368422
通州区,2005,8.1,low_resolution_photographed_chart,E1_zero_extend,0.437462,0.0,0.5789473684210527,0.25326747368421054
通州区,2006,7.6,low_resolution_photographed_chart,E1_zero_extend,0.437462,0.0,0.6063157894736843,0.2652401178947369
通州区,2007,7.5,low_resolution_photographed_chart,E1_zero_extend,0.437462,0.0,0.6336842105263158,0.2772127621052632
通州区,2008,7.6,no_screening_flag,E1_zero_extend,0.437462,0.0,0.6610526315789473,0.2891854063157895
通州区,2009,7.2,no_screening_flag,E1_zero_extend,0.437462,0.0,0.6884210526315789,0.3011580505263158
通州区,2010,7.4,no_screening_flag,E1_zero_extend,0.437462,0.0,0.7157894736842105,0.31313069473684213
通州区,2011,7.1,no_screening_flag,E1_zero_extend,0.437462,0.0,0.72,0.31497264
通州区,2012,6.6,no_screening_flag,E1_zero_extend,0.437462,0.0,0.7242105263157894,0.31681458526315787
通州区,2013,6.8,no_screening_flag,E1_zero_extend,0.437462,0.0,0.728421052631579,0.3186565305263158
通州区,2014,7.5,no_screening_flag,E1_zero_extend,0.437462,0.0,0.7326315789473684,0.3204984757894737
通州区,2015,8.1,no_screening_flag,E1_zero_extend,0.437462,0.0,0.7368421052631579,0.32234042105263155
通州区,2016,7.6,no_screening_flag,E1_zero_extend,0.437462,0.0,0.7894736842105263,0.3453647368421053
通州区,2017,7.8,no_screening_flag,E1_zero_extend,0.437462,0.0,0.8421052631578947,0.36838905263157895
通州区,2018,7.3,no_screening_flag,E1_zero_extend,0.437462,0.0,0.8947368421052632,0.3914133684210527
通州区,2019,8.2,no_screening_flag,E1_zero_extend,0.437462,0.0,0.9473684210526316,0.41443768421052635
通州区,2020,7.8,no_screening_flag,E1_zero_extend,0.437462,0.0,1.0,0.437462
门头沟区,2000,19.3,no_screening_flag,E1_zero_extend,0.0,0.0,0.5294117647058824,0.0
门头沟区,2001,19.9,no_screening_flag,E1_zero_extend,0.0,0.0,0.5941176470588235,0.0
门头沟区,2002,19.7,bulletin_marked_draft;cross_report_value_disagreement,E1_zero_extend,0.0,0.0,0.6588235294117647,0.0
门头沟区,2003,19.9,low_resolution_photographed_chart;source_chart_city_control_disagreement,E1_zero_extend,0.0,0.0,0.7235294117647059,0.0
门头沟区,2004,19.6,low_resolution_photographed_chart;source_chart_city_control_disagreement,E1_zero_extend,0.0,0.0,0.788235294117647,0.0
门头沟区,2005,20.0,low_resolution_photographed_chart,E1_zero_extend,0.0,0.0,0.8529411764705882,0.0
门头沟区,2006,19.0,low_resolution_photographed_chart,E1_zero_extend,0.0,0.0,0.8588235294117647,0.0
门头沟区,2007,19.8,low_resolution_photographed_chart,E1_zero_extend,0.0,0.0,0.8647058823529411,0.0
门头沟区,2008,20.1,no_screening_flag,E1_zero_extend,0.0,0.0,0.8705882352941177,0.0
门头沟区,2009,20.5,no_screening_flag,E1_zero_extend,0.0,0.0,0.8764705882352941,0.0
门头沟区,2010,20.7,no_screening_flag,E1_zero_extend,0.0,0.0,0.8823529411764706,0.0
门头沟区,2011,20.0,no_screening_flag,E1_zero_extend,0.0,0.0,0.9058823529411764,0.0
门头沟区,2012,19.4,no_screening_flag,E1_zero_extend,0.0,0.0,0.9294117647058824,0.0
门头沟区,2013,21.5,no_screening_flag,E1_zero_extend,0.0,0.0,0.9529411764705882,0.0
门头沟区,2014,23.3,no_screening_flag,E1_zero_extend,0.0,0.0,0.976470588235294,0.0
门头沟区,2015,23.0,no_screening_flag,E1_zero_extend,0.0,0.0,1.0,0.0
门头沟区,2016,20.0,no_screening_flag,E1_zero_extend,0.0,0.0,1.0,0.0
门头沟区,2017,16.7,no_screening_flag,E1_zero_extend,0.022179,0.0,1.0,0.022179
门头沟区,2018,17.0,cross_report_value_disagreement,E1_zero_extend,0.022179,0.0,1.0,0.022179
门头沟区,2019,38.2,large_year_to_year_change_gt5m,E1_zero_extend,0.0,0.0,1.0,0.0
门头沟区,2020,35.8,no_screening_flag,E1_zero_extend,0.0,0.0,1.0,0.0
顺义区,2000,16.8,no_screening_flag,E1_zero_extend,0.0,0.0,0.9285714285714286,0.0
顺义区,2001,17.5,no_screening_flag,E1_zero_extend,0.0,0.0,0.9285714285714286,0.0
顺义区,2002,18.7,bulletin_marked_draft,E1_zero_extend,0.0,0.0,0.9285714285714286,0.0
顺义区,2003,19.1,low_resolution_photographed_chart;source_chart_city_control_disagreement,E1_zero_extend,0.0,0.0,0.9285714285714286,0.0
顺义区,2004,22.3,low_resolution_photographed_chart;source_chart_city_control_disagreement,E1_zero_extend,0.0,0.0,0.9285714285714286,0.0
顺义区,2005,24.4,low_resolution_photographed_chart,E1_zero_extend,0.0,0.0,0.9285714285714286,0.0
顺义区,2006,26.2,low_resolution_photographed_chart,E1_zero_extend,0.0,0.0,0.9333333333333332,0.0
顺义区,2007,28.2,low_resolution_photographed_chart,E1_zero_extend,0.0,0.0,0.938095238095238,0.0
顺义区,2008,29.0,no_screening_flag,E1_zero_extend,0.0,0.0,0.9428571428571428,0.0
顺义区,2009,30.4,no_screening_flag,E1_zero_extend,0.0,0.0,0.9476190476190476,0.0
顺义区,2010,31.6,no_screening_flag,E1_zero_extend,0.0,0.0,0.9523809523809524,0.0
顺义区,2011,32.4,no_screening_flag,E1_zero_extend,0.0,0.0,0.9619047619047618,0.0
顺义区,2012,32.4,no_screening_flag,E1_zero_extend,0.0,0.0,0.9714285714285714,0.0
顺义区,2013,33.4,no_screening_flag,E1_zero_extend,0.0,0.0,0.9809523809523808,0.0
顺义区,2014,34.4,no_screening_flag,E1_zero_extend,0.0,0.0,0.9904761904761904,0.0
顺义区,2015,34.3,no_screening_flag,E1_zero_extend,0.0,0.0,1.0,0.0
顺义区,2016,33.7,no_screening_flag,E1_zero_extend,0.0,0.0,1.0,0.0
顺义区,2017,34.1,no_screening_flag,E1_zero_extend,0.0,0.0,1.0,0.0
顺义区,2018,33.3,no_screening_flag,E1_zero_extend,0.0,0.0,1.0,0.0
顺义区,2019,32.2,no_screening_flag,E1_zero_extend,0.0,0.0,1.0,0.0
顺义区,2020,29.3,no_screening_flag,E1_zero_extend,0.0,0.0,1.0,0.0
大兴区,2000,11.7,no_screening_flag,E1_zero_central_tail,0.087487,0.0,0.3091787439613526,0.027049120772946852
大兴区,2001,12.6,no_screening_flag,E1_zero_central_tail,0.087487,0.0,0.3690821256038647,0.03228988792270531
大兴区,2002,13.2,bulletin_marked_draft;cross_report_value_disagreement,E1_zero_central_tail,0.087487,7.7494,0.4289855072463768,0.03753065507246377
大兴区,2003,13.9,low_resolution_photographed_chart;source_chart_city_control_disagreement,E1_zero_central_tail,0.009993,0.0,0.4888888888888889,0.004885466666666667
大兴区,2004,15.0,low_resolution_photographed_chart;source_chart_city_control_disagreement,E1_zero_central_tail,0.009993,0.0,0.548792270531401,0.00548408115942029
大兴区,2005,15.9,low_resolution_photographed_chart,E1_zero_central_tail,0.009993,0.0,0.6086956521739131,0.006082695652173914
大兴区,2006,17.3,low_resolution_photographed_chart,E1_zero_central_tail,0.0,0.0,0.6328502415458938,0.0
大兴区,2007,17.9,low_resolution_photographed_chart,E1_zero_central_tail,0.0,0.0,0.6570048309178744,0.0
大兴区,2008,18.6,no_screening_flag,E1_zero_central_tail,0.0,0.0,0.6811594202898551,0.0
大兴区,2009,19.3,no_screening_flag,E1_zero_central_tail,0.0,0.0,0.7053140096618358,0.0
大兴区,2010,18.8,no_screening_flag,E1_zero_central_tail,0.0,0.0,0.7294685990338164,0.0
大兴区,2011,18.9,no_screening_flag,E1_zero_central_tail,0.0,0.0,0.7323671497584541,0.0
大兴区,2012,17.9,no_screening_flag,E1_zero_central_tail,0.0,0.0,0.7352657004830918,0.0
大兴区,2013,17.8,no_screening_flag,E1_zero_central_tail,0.0,0.0,0.7381642512077294,0.0
大兴区,2014,19.0,no_screening_flag,E1_zero_central_tail,0.0,0.0,0.7410628019323672,0.0
大兴区,2015,18.7,no_screening_flag,E1_zero_central_tail,0.0,0.0,0.7439613526570048,0.0
大兴区,2016,17.8,no_screening_flag,E1_zero_central_tail,0.0,0.0,0.7951690821256039,0.0
大兴区,2017,17.9,no_screening_flag,E1_zero_central_tail,0.0,0.0,0.8463768115942029,0.0
大兴区,2018,17.9,no_screening_flag,E1_zero_central_tail,0.0,0.0,0.8975845410628019,0.0
大兴区,2019,17.8,no_screening_flag,E1_zero_central_tail,0.0,0.0,0.9487922705314008,0.0
大兴区,2020,16.8,no_screening_flag,E1_zero_central_tail,0.009993,0.0,1.0,0.009993
密云区,2000,19.3,no_screening_flag,E1_zero_central_tail,0.0,0.0,0.53125,0.0
密云区,2001,22.0,bulletin_marked_draft;primary_figure_occluded_used_alternate_source,E1_zero_central_tail,0.0,0.0,0.58125,0.0
密云区,2002,22.7,bulletin_marked_draft;cross_report_value_disagreement,E1_zero_central_tail,0.0,0.0,0.63125,0.0
密云区,2003,24.2,cross_report_value_disagreement;low_resolution_photographed_chart;source_chart_city_control_disagreement,E1_zero_central_tail,0.0,0.0,0.68125,0.0
密云区,2004,25.5,low_resolution_photographed_chart;source_chart_city_control_disagreement,E1_zero_central_tail,0.0,0.0,0.73125,0.0
密云区,2005,25.4,low_resolution_photographed_chart,E1_zero_central_tail,0.0,0.0,0.78125,0.0
密云区,2006,26.1,low_resolution_photographed_chart,E1_zero_central_tail,0.0,0.0,0.78125,0.0
密云区,2007,28.0,low_resolution_photographed_chart,E1_zero_central_tail,0.0,0.0,0.78125,0.0
密云区,2008,28.2,no_screening_flag,E1_zero_central_tail,0.0,0.0,0.78125,0.0
密云区,2009,28.9,no_screening_flag,E1_zero_central_tail,0.0,0.0,0.78125,0.0
密云区,2010,29.9,no_screening_flag,E1_zero_central_tail,0.0,0.0,0.78125,0.0
密云区,2011,29.5,no_screening_flag,E1_zero_central_tail,0.0,0.0,0.78125,0.0
密云区,2012,28.7,no_screening_flag,E1_zero_central_tail,0.0,0.0,0.78125,0.0
密云区,2013,29.8,no_screening_flag,E1_zero_central_tail,0.0,0.0,0.78125,0.0
密云区,2014,30.4,no_screening_flag,E1_zero_central_tail,0.0,0.0,0.78125,0.0
密云区,2015,30.6,no_screening_flag,E1_zero_central_tail,0.0,0.0,0.78125,0.0
密云区,2016,29.7,no_screening_flag,E1_zero_central_tail,0.0,0.0,0.825,0.0
密云区,2017,31.3,no_screening_flag,E1_zero_central_tail,0.0,0.0,0.86875,0.0
密云区,2018,24.9,large_year_to_year_change_gt5m,E1_zero_central_tail,0.0,0.0,0.9125,0.0
密云区,2019,24.8,no_screening_flag,E1_zero_central_tail,0.0,0.0,0.95625,0.0
密云区,2020,25.2,no_screening_flag,E1_zero_central_tail,0.0,0.0,1.0,0.0
平谷区,2000,19.6,no_screening_flag,E1_zero_central_tail,0.0,0.0,0.75,0.0
平谷区,2001,17.9,no_screening_flag,E1_zero_central_tail,0.0,0.0,0.7833333333333333,0.0
平谷区,2002,20.7,bulletin_marked_draft;cross_report_value_disagreement,E1_zero_central_tail,0.0,0.0,0.8166666666666667,0.0
平谷区,2003,20.6,cross_report_value_disagreement;low_resolution_photographed_chart;source_chart_city_control_disagreement,E1_zero_central_tail,0.0,0.0,0.85,0.0
平谷区,2004,23.0,low_resolution_photographed_chart;source_chart_city_control_disagreement,E1_zero_central_tail,0.0,0.0,0.8833333333333333,0.0
平谷区,2005,26.0,low_resolution_photographed_chart,E1_zero_central_tail,0.0,0.0,0.9166666666666666,0.0
平谷区,2006,29.8,cross_report_value_disagreement;low_resolution_photographed_chart,E1_zero_central_tail,0.0,0.0,0.9333333333333332,0.0
平谷区,2007,33.2,low_resolution_photographed_chart,E1_zero_central_tail,0.0,0.0,0.95,0.0
平谷区,2008,34.6,no_screening_flag,E1_zero_central_tail,0.0,0.0,0.9666666666666668,0.0
平谷区,2009,37.7,no_screening_flag,E1_zero_central_tail,0.0,0.0,0.9833333333333332,0.0
平谷区,2010,39.4,no_screening_flag,E1_zero_central_tail,0.0,0.0,1.0,0.0
平谷区,2011,39.4,no_screening_flag,E1_zero_central_tail,0.0,0.0,1.0,0.0
平谷区,2012,37.3,no_screening_flag,E1_zero_central_tail,0.0,0.0,1.0,0.0
平谷区,2013,36.9,no_screening_flag,E1_zero_central_tail,0.0,0.0,1.0,0.0
平谷区,2014,40.5,no_screening_flag,E1_zero_central_tail,0.0,0.0,1.0,0.0
平谷区,2015,41.8,no_screening_flag,E1_zero_central_tail,0.0,0.0,1.0,0.0
平谷区,2016,42.4,no_screening_flag,E1_zero_central_tail,0.0,0.0,1.0,0.0
平谷区,2017,42.0,no_screening_flag,E1_zero_central_tail,0.0,0.0,1.0,0.0
平谷区,2018,32.8,large_year_to_year_change_gt5m,E1_zero_central_tail,0.0,0.0,1.0,0.0
平谷区,2019,33.8,no_screening_flag,E1_zero_central_tail,0.0,0.0,1.0,0.0
平谷区,2020,35.8,no_screening_flag,E1_zero_central_tail,0.0,0.0,1.0,0.0
延庆区,2000,8.4,no_screening_flag,E1_zero_central_tail,0.18273799999999998,0.0,0.6666666666666666,0.12182533333333331
延庆区,2001,8.2,no_screening_flag,E1_zero_central_tail,0.18273799999999998,0.0,0.6888888888888889,0.12588617777777777
延庆区,2002,8.3,bulletin_marked_draft;cross_report_value_disagreement,E1_zero_central_tail,0.18273799999999998,0.0,0.7111111111111111,0.1299470222222222
延庆区,2003,8.6,low_resolution_photographed_chart;source_chart_city_control_disagreement,E1_zero_central_tail,0.18273799999999998,0.0,0.7333333333333333,0.13400786666666664
延庆区,2004,8.5,low_resolution_photographed_chart;source_chart_city_control_disagreement,E1_zero_central_tail,0.18273799999999998,0.0,0.7555555555555555,0.1380687111111111
延庆区,2005,8.7,low_resolution_photographed_chart,E1_zero_central_tail,0.18273799999999998,0.0,0.7777777777777778,0.14212955555555554
延庆区,2006,8.4,low_resolution_photographed_chart,E1_zero_central_tail,0.18273799999999998,0.0,0.7777777777777778,0.14212955555555554
延庆区,2007,9.0,low_resolution_photographed_chart,E1_zero_central_tail,0.18273799999999998,0.0,0.7777777777777778,0.14212955555555554
延庆区,2008,8.8,no_screening_flag,E1_zero_central_tail,0.18273799999999998,0.0,0.7777777777777778,0.14212955555555554
延庆区,2009,9.2,no_screening_flag,E1_zero_central_tail,0.18273799999999998,16.2319,0.7777777777777778,0.14212955555555554
延庆区,2010,9.3,no_screening_flag,E1_zero_central_tail,0.18273799999999998,16.2319,0.7777777777777778,0.14212955555555554
延庆区,2011,9.3,no_screening_flag,E1_zero_central_tail,0.18273799999999998,16.2319,0.7777777777777778,0.14212955555555554
延庆区,2012,9.2,no_screening_flag,E1_zero_central_tail,0.18273799999999998,16.2319,0.7777777777777778,0.14212955555555554
延庆区,2013,9.3,no_screening_flag,E1_zero_central_tail,0.18273799999999998,16.2319,0.7777777777777778,0.14212955555555554
延庆区,2014,10.4,no_screening_flag,E1_zero_central_tail,0.020419,0.0,0.7777777777777778,0.015881444444444445
延庆区,2015,10.4,no_screening_flag,E1_zero_central_tail,0.020419,0.0,0.7777777777777778,0.015881444444444445
延庆区,2016,9.8,no_screening_flag,E1_zero_central_tail,0.020419,0.0,0.8222222222222222,0.016788955555555554
延庆区,2017,10.0,no_screening_flag,E1_zero_central_tail,0.020419,0.0,0.8666666666666667,0.017696466666666667
延庆区,2018,9.7,no_screening_flag,E1_zero_central_tail,0.18273799999999998,16.2319,0.9111111111111112,0.16649462222222222
延庆区,2019,9.8,no_screening_flag,E1_zero_central_tail,0.020419,0.0,0.9555555555555556,0.01951148888888889
延庆区,2020,7.2,no_screening_flag,E1_zero_central_tail,0.18273799999999998,0.0,1.0,0.18273799999999998
怀柔区,2000,6.9,no_screening_flag,E1_zero_central_tail,0.387258,0.0,0.5714285714285714,0.2212902857142857
怀柔区,2001,7.7,no_screening_flag,E1_zero_central_tail,0.387258,0.0,0.638095238095238,0.2471074857142857
怀柔区,2002,10.4,bulletin_marked_draft;cross_report_value_disagreement,E1_zero_central_tail,0.031538,0.0,0.7047619047619047,0.022226780952380946
怀柔区,2003,11.7,low_resolution_photographed_chart;source_chart_city_control_disagreement,E1_zero_central_tail,0.031538,0.0,0.7714285714285714,0.02432931428571428
怀柔区,2004,14.1,low_resolution_photographed_chart;source_chart_city_control_disagreement,E1_zero_central_tail,0.0,0.0,0.8380952380952381,0.0
怀柔区,2005,15.9,low_resolution_photographed_chart,E1_zero_central_tail,0.0,0.0,0.9047619047619048,0.0
怀柔区,2006,16.7,low_resolution_photographed_chart,E1_zero_central_tail,0.0,0.0,0.9142857142857144,0.0
怀柔区,2007,19.2,low_resolution_photographed_chart,E1_zero_central_tail,0.0,0.0,0.9238095238095236,0.0
怀柔区,2008,19.7,no_screening_flag,E1_zero_central_tail,0.0,0.0,0.9333333333333332,0.0
怀柔区,2009,20.1,no_screening_flag,E1_zero_central_tail,0.0,0.0,0.9428571428571428,0.0
怀柔区,2010,21.3,no_screening_flag,E1_zero_central_tail,0.0,0.0,0.9523809523809524,0.0
怀柔区,2011,22.3,no_screening_flag,E1_zero_central_tail,0.0,0.0,0.9523809523809524,0.0
怀柔区,2012,21.2,no_screening_flag,E1_zero_central_tail,0.0,0.0,0.9523809523809524,0.0
怀柔区,2013,21.5,no_screening_flag,E1_zero_central_tail,0.0,0.0,0.9523809523809524,0.0
怀柔区,2014,22.6,no_screening_flag,E1_zero_central_tail,0.0,0.0,0.9523809523809524,0.0
怀柔区,2015,22.3,no_screening_flag,E1_zero_central_tail,0.0,0.0,0.9523809523809524,0.0
怀柔区,2016,21.6,no_screening_flag,E1_zero_central_tail,0.0,0.0,0.9619047619047618,0.0
怀柔区,2017,21.2,no_screening_flag,E1_zero_central_tail,0.0,0.0,0.9714285714285714,0.0
怀柔区,2018,17.3,no_screening_flag,E1_zero_central_tail,0.0,0.0,0.9809523809523808,0.0
怀柔区,2019,15.8,no_screening_flag,E1_zero_central_tail,0.0,0.0,0.9904761904761904,0.0
怀柔区,2020,16.3,no_screening_flag,E1_zero_central_tail,0.0,0.0,1.0,0.0
房山区,2000,10.4,no_screening_flag,E1_zero_central_tail,0.09858,0.0,0.6973684210526315,0.06874657894736842
房山区,2001,12.0,no_screening_flag,E1_zero_central_tail,0.09858,0.0,0.7210526315789473,0.07108136842105263
房山区,2002,11.7,bulletin_marked_draft;cross_report_value_disagreement,E1_zero_central_tail,0.09858,0.0,0.7447368421052631,0.07341615789473684
房山区,2003,11.1,low_resolution_photographed_chart;source_chart_city_control_disagreement,E1_zero_central_tail,0.09858,0.0,0.7684210526315789,0.07575094736842104
房山区,2004,11.4,low_resolution_photographed_chart;source_chart_city_control_disagreement,E1_zero_central_tail,0.09858,0.0,0.7921052631578948,0.07808573684210526
房山区,2005,20.0,large_year_to_year_change_gt5m;low_resolution_photographed_chart,E1_zero_central_tail,0.0,0.0,0.8157894736842105,0.0
房山区,2006,11.8,large_year_to_year_change_gt5m;low_resolution_photographed_chart,E1_zero_central_tail,0.09858,0.0,0.85,0.08379299999999999
房山区,2007,11.6,low_resolution_photographed_chart,E1_zero_central_tail,0.09858,0.0,0.8842105263157894,0.08716547368421053
房山区,2008,11.1,no_screening_flag,E1_zero_central_tail,0.09858,0.0,0.9184210526315788,0.09053794736842104
房山区,2009,11.6,no_screening_flag,E1_zero_central_tail,0.09858,0.0,0.9526315789473684,0.09391042105263157
房山区,2010,12.6,no_screening_flag,E1_zero_central_tail,0.09858,0.0,0.986842105263158,0.09728289473684211
房山区,2011,10.7,no_screening_flag,E1_zero_central_tail,0.09858,0.0,0.9894736842105264,0.0975423157894737
房山区,2012,8.4,no_screening_flag,E1_zero_central_tail,0.491026,0.0,0.9921052631578948,0.4871494789473685
房山区,2013,8.9,no_screening_flag,E1_zero_central_tail,0.491026,0.0,0.9947368421052633,0.488441652631579
房山区,2014,10.2,no_screening_flag,E1_zero_central_tail,0.09858,0.0,0.9973684210526316,0.09832057894736843
房山区,2015,10.6,no_screening_flag,E1_zero_central_tail,0.09858,0.0,1.0,0.09858
房山区,2016,9.0,no_screening_flag,E1_zero_central_tail,0.491026,0.0,1.0,0.491026
房山区,2017,9.3,no_screening_flag,E1_zero_central_tail,0.491026,39.2446,1.0,0.491026
房山区,2018,9.6,no_screening_flag,E1_zero_central_tail,0.491026,39.2446,1.0,0.491026
房山区,2019,10.5,no_screening_flag,E1_zero_central_tail,0.09858,0.0,1.0,0.09858
房山区,2020,8.6,no_screening_flag,E1_zero_central_tail,0.491026,0.0,1.0,0.491026
昌平区,2000,15.9,no_screening_flag,E1_zero_central_tail,0.001292,0.0,0.6014492753623188,0.0007770724637681159
昌平区,2001,17.4,no_screening_flag,E1_zero_central_tail,0.0,0.0,0.6434782608695653,0.0
昌平区,2002,19.1,bulletin_marked_draft,E1_zero_central_tail,0.0,0.0,0.6855072463768116,0.0
昌平区,2003,18.5,cross_report_value_disagreement;low_resolution_photographed_chart;source_chart_city_control_disagreement,E1_zero_central_tail,0.0,0.0,0.727536231884058,0.0
昌平区,2004,21.1,low_resolution_photographed_chart;source_chart_city_control_disagreement,E1_zero_central_tail,0.0,0.0,0.7695652173913043,0.0
昌平区,2005,22.7,low_resolution_photographed_chart,E1_zero_central_tail,0.0,0.0,0.8115942028985508,0.0
昌平区,2006,23.1,low_resolution_photographed_chart,E1_zero_central_tail,0.0,0.0,0.846376811594203,0.0
昌平区,2007,25.3,low_resolution_photographed_chart,E1_zero_central_tail,0.0,0.0,0.8811594202898552,0.0
昌平区,2008,26.3,no_screening_flag,E1_zero_central_tail,0.0,0.0,0.9159420289855073,0.0
昌平区,2009,27.5,no_screening_flag,E1_zero_central_tail,0.0,0.0,0.9507246376811594,0.0
昌平区,2010,29.3,no_screening_flag,E1_zero_central_tail,0.0,0.0,0.9855072463768116,0.0
昌平区,2011,29.9,no_screening_flag,E1_zero_central_tail,0.0,0.0,0.9884057971014492,0.0
昌平区,2012,30.2,no_screening_flag,E1_zero_central_tail,0.0,0.0,0.991304347826087,0.0
昌平区,2013,31.3,no_screening_flag,E1_zero_central_tail,0.0,0.0,0.9942028985507246,0.0
昌平区,2014,32.3,no_screening_flag,E1_zero_central_tail,0.0,0.0,0.9971014492753624,0.0
昌平区,2015,32.3,no_screening_flag,E1_zero_central_tail,0.0,0.0,1.0,0.0
昌平区,2016,30.7,no_screening_flag,E1_zero_central_tail,0.0,0.0,1.0,0.0
昌平区,2017,30.2,no_screening_flag,E1_zero_central_tail,0.0,0.0,1.0,0.0
昌平区,2018,29.4,no_screening_flag,E1_zero_central_tail,0.0,0.0,1.0,0.0
昌平区,2019,28.8,no_screening_flag,E1_zero_central_tail,0.0,0.0,1.0,0.0
昌平区,2020,27.1,no_screening_flag,E1_zero_central_tail,0.0,0.0,1.0,0.0
通州区,2000,5.7,no_screening_flag,E1_zero_central_tail,1.0,56.2538,0.4421052631578947,0.4421052631578947
通州区,2001,6.4,no_screening_flag,E1_zero_central_tail,0.437462,0.0,0.4694736842105263,0.20537689684210528
通州区,2002,6.4,bulletin_marked_draft;cross_report_value_disagreement,E1_zero_central_tail,0.437462,0.0,0.4968421052631579,0.2173495410526316
通州区,2003,7.0,low_resolution_photographed_chart;source_chart_city_control_disagreement,E1_zero_central_tail,0.437462,0.0,0.5242105263157895,0.2293221852631579
通州区,2004,7.5,low_resolution_photographed_chart;source_chart_city_control_disagreement,E1_zero_central_tail,0.437462,0.0,0.5515789473684211,0.24129482947368422
通州区,2005,8.1,low_resolution_photographed_chart,E1_zero_central_tail,0.437462,0.0,0.5789473684210527,0.25326747368421054
通州区,2006,7.6,low_resolution_photographed_chart,E1_zero_central_tail,0.437462,0.0,0.6063157894736843,0.2652401178947369
通州区,2007,7.5,low_resolution_photographed_chart,E1_zero_central_tail,0.437462,0.0,0.6336842105263158,0.2772127621052632
通州区,2008,7.6,no_screening_flag,E1_zero_central_tail,0.437462,0.0,0.6610526315789473,0.2891854063157895
通州区,2009,7.2,no_screening_flag,E1_zero_central_tail,0.437462,0.0,0.6884210526315789,0.3011580505263158
通州区,2010,7.4,no_screening_flag,E1_zero_central_tail,0.437462,0.0,0.7157894736842105,0.31313069473684213
通州区,2011,7.1,no_screening_flag,E1_zero_central_tail,0.437462,0.0,0.72,0.31497264
通州区,2012,6.6,no_screening_flag,E1_zero_central_tail,0.437462,0.0,0.7242105263157894,0.31681458526315787
通州区,2013,6.8,no_screening_flag,E1_zero_central_tail,0.437462,0.0,0.728421052631579,0.3186565305263158
通州区,2014,7.5,no_screening_flag,E1_zero_central_tail,0.437462,0.0,0.7326315789473684,0.3204984757894737
通州区,2015,8.1,no_screening_flag,E1_zero_central_tail,0.437462,0.0,0.7368421052631579,0.32234042105263155
通州区,2016,7.6,no_screening_flag,E1_zero_central_tail,0.437462,0.0,0.7894736842105263,0.3453647368421053
通州区,2017,7.8,no_screening_flag,E1_zero_central_tail,0.437462,0.0,0.8421052631578947,0.36838905263157895
通州区,2018,7.3,no_screening_flag,E1_zero_central_tail,0.437462,0.0,0.8947368421052632,0.3914133684210527
通州区,2019,8.2,no_screening_flag,E1_zero_central_tail,0.437462,0.0,0.9473684210526316,0.41443768421052635
通州区,2020,7.8,no_screening_flag,E1_zero_central_tail,0.437462,0.0,1.0,0.437462
门头沟区,2000,19.3,no_screening_flag,E1_zero_central_tail,0.0,0.0,0.5294117647058824,0.0
门头沟区,2001,19.9,no_screening_flag,E1_zero_central_tail,0.0,0.0,0.5941176470588235,0.0
门头沟区,2002,19.7,bulletin_marked_draft;cross_report_value_disagreement,E1_zero_central_tail,0.0,0.0,0.6588235294117647,0.0
门头沟区,2003,19.9,low_resolution_photographed_chart;source_chart_city_control_disagreement,E1_zero_central_tail,0.0,0.0,0.7235294117647059,0.0
门头沟区,2004,19.6,low_resolution_photographed_chart;source_chart_city_control_disagreement,E1_zero_central_tail,0.0,0.0,0.788235294117647,0.0
门头沟区,2005,20.0,low_resolution_photographed_chart,E1_zero_central_tail,0.0,0.0,0.8529411764705882,0.0
门头沟区,2006,19.0,low_resolution_photographed_chart,E1_zero_central_tail,0.0,0.0,0.8588235294117647,0.0
门头沟区,2007,19.8,low_resolution_photographed_chart,E1_zero_central_tail,0.0,0.0,0.8647058823529411,0.0
门头沟区,2008,20.1,no_screening_flag,E1_zero_central_tail,0.0,0.0,0.8705882352941177,0.0
门头沟区,2009,20.5,no_screening_flag,E1_zero_central_tail,0.0,0.0,0.8764705882352941,0.0
门头沟区,2010,20.7,no_screening_flag,E1_zero_central_tail,0.0,0.0,0.8823529411764706,0.0
门头沟区,2011,20.0,no_screening_flag,E1_zero_central_tail,0.0,0.0,0.9058823529411764,0.0
门头沟区,2012,19.4,no_screening_flag,E1_zero_central_tail,0.0,0.0,0.9294117647058824,0.0
门头沟区,2013,21.5,no_screening_flag,E1_zero_central_tail,0.0,0.0,0.9529411764705882,0.0
门头沟区,2014,23.3,no_screening_flag,E1_zero_central_tail,0.0,0.0,0.976470588235294,0.0
门头沟区,2015,23.0,no_screening_flag,E1_zero_central_tail,0.0,0.0,1.0,0.0
门头沟区,2016,20.0,no_screening_flag,E1_zero_central_tail,0.0,0.0,1.0,0.0
门头沟区,2017,16.7,no_screening_flag,E1_zero_central_tail,0.022179,0.0,1.0,0.022179
门头沟区,2018,17.0,cross_report_value_disagreement,E1_zero_central_tail,0.022179,0.0,1.0,0.022179
门头沟区,2019,38.2,large_year_to_year_change_gt5m,E1_zero_central_tail,0.0,0.0,1.0,0.0
门头沟区,2020,35.8,no_screening_flag,E1_zero_central_tail,0.0,0.0,1.0,0.0
顺义区,2000,16.8,no_screening_flag,E1_zero_central_tail,0.0,0.0,0.9285714285714286,0.0
顺义区,2001,17.5,no_screening_flag,E1_zero_central_tail,0.0,0.0,0.9285714285714286,0.0
顺义区,2002,18.7,bulletin_marked_draft,E1_zero_central_tail,0.0,0.0,0.9285714285714286,0.0
顺义区,2003,19.1,low_resolution_photographed_chart;source_chart_city_control_disagreement,E1_zero_central_tail,0.0,0.0,0.9285714285714286,0.0
顺义区,2004,22.3,low_resolution_photographed_chart;source_chart_city_control_disagreement,E1_zero_central_tail,0.0,0.0,0.9285714285714286,0.0
顺义区,2005,24.4,low_resolution_photographed_chart,E1_zero_central_tail,0.0,0.0,0.9285714285714286,0.0
顺义区,2006,26.2,low_resolution_photographed_chart,E1_zero_central_tail,0.0,0.0,0.9333333333333332,0.0
顺义区,2007,28.2,low_resolution_photographed_chart,E1_zero_central_tail,0.0,0.0,0.938095238095238,0.0
顺义区,2008,29.0,no_screening_flag,E1_zero_central_tail,0.0,0.0,0.9428571428571428,0.0
顺义区,2009,30.4,no_screening_flag,E1_zero_central_tail,0.0,0.0,0.9476190476190476,0.0
顺义区,2010,31.6,no_screening_flag,E1_zero_central_tail,0.0,0.0,0.9523809523809524,0.0
顺义区,2011,32.4,no_screening_flag,E1_zero_central_tail,0.0,0.0,0.9619047619047618,0.0
顺义区,2012,32.4,no_screening_flag,E1_zero_central_tail,0.0,0.0,0.9714285714285714,0.0
顺义区,2013,33.4,no_screening_flag,E1_zero_central_tail,0.0,0.0,0.9809523809523808,0.0
顺义区,2014,34.4,no_screening_flag,E1_zero_central_tail,0.0,0.0,0.9904761904761904,0.0
顺义区,2015,34.3,no_screening_flag,E1_zero_central_tail,0.0,0.0,1.0,0.0
顺义区,2016,33.7,no_screening_flag,E1_zero_central_tail,0.0,0.0,1.0,0.0
顺义区,2017,34.1,no_screening_flag,E1_zero_central_tail,0.0,0.0,1.0,0.0
顺义区,2018,33.3,no_screening_flag,E1_zero_central_tail,0.0,0.0,1.0,0.0
顺义区,2019,32.2,no_screening_flag,E1_zero_central_tail,0.0,0.0,1.0,0.0
顺义区,2020,29.3,no_screening_flag,E1_zero_central_tail,0.0,0.0,1.0,0.0
大兴区,2000,11.7,no_screening_flag,E1_p03_extend,0.087487,0.0,0.3091787439613526,0.027049120772946852
大兴区,2001,12.6,no_screening_flag,E1_p03_extend,0.087487,0.0,0.3690821256038647,0.03228988792270531
大兴区,2002,13.2,bulletin_marked_draft;cross_report_value_disagreement,E1_p03_extend,0.087487,7.7494,0.4289855072463768,0.03753065507246377
大兴区,2003,13.9,low_resolution_photographed_chart;source_chart_city_control_disagreement,E1_p03_extend,0.009993,0.0,0.4888888888888889,0.004885466666666667
大兴区,2004,15.0,low_resolution_photographed_chart;source_chart_city_control_disagreement,E1_p03_extend,0.009993,0.0,0.548792270531401,0.00548408115942029
大兴区,2005,15.9,low_resolution_photographed_chart,E1_p03_extend,0.009993,0.0,0.6086956521739131,0.006082695652173914
大兴区,2006,17.3,low_resolution_photographed_chart,E1_p03_extend,0.009993,0.9993,0.6328502415458938,0.006324072463768116
大兴区,2007,17.9,low_resolution_photographed_chart,E1_p03_extend,0.0,0.0,0.6570048309178744,0.0
大兴区,2008,18.6,no_screening_flag,E1_p03_extend,0.0,0.0,0.6811594202898551,0.0
大兴区,2009,19.3,no_screening_flag,E1_p03_extend,0.0,0.0,0.7053140096618358,0.0
大兴区,2010,18.8,no_screening_flag,E1_p03_extend,0.0,0.0,0.7294685990338164,0.0
大兴区,2011,18.9,no_screening_flag,E1_p03_extend,0.0,0.0,0.7323671497584541,0.0
大兴区,2012,17.9,no_screening_flag,E1_p03_extend,0.0,0.0,0.7352657004830918,0.0
大兴区,2013,17.8,no_screening_flag,E1_p03_extend,0.0,0.0,0.7381642512077294,0.0
大兴区,2014,19.0,no_screening_flag,E1_p03_extend,0.0,0.0,0.7410628019323672,0.0
大兴区,2015,18.7,no_screening_flag,E1_p03_extend,0.0,0.0,0.7439613526570048,0.0
大兴区,2016,17.8,no_screening_flag,E1_p03_extend,0.0,0.0,0.7951690821256039,0.0
大兴区,2017,17.9,no_screening_flag,E1_p03_extend,0.0,0.0,0.8463768115942029,0.0
大兴区,2018,17.9,no_screening_flag,E1_p03_extend,0.0,0.0,0.8975845410628019,0.0
大兴区,2019,17.8,no_screening_flag,E1_p03_extend,0.0,0.0,0.9487922705314008,0.0
大兴区,2020,16.8,no_screening_flag,E1_p03_extend,0.009993,0.0,1.0,0.009993
密云区,2000,19.3,no_screening_flag,E1_p03_extend,0.0,0.0,0.53125,0.0
密云区,2001,22.0,bulletin_marked_draft;primary_figure_occluded_used_alternate_source,E1_p03_extend,0.0,0.0,0.58125,0.0
密云区,2002,22.7,bulletin_marked_draft;cross_report_value_disagreement,E1_p03_extend,0.0,0.0,0.63125,0.0
密云区,2003,24.2,cross_report_value_disagreement;low_resolution_photographed_chart;source_chart_city_control_disagreement,E1_p03_extend,0.0,0.0,0.68125,0.0
密云区,2004,25.5,low_resolution_photographed_chart;source_chart_city_control_disagreement,E1_p03_extend,0.0,0.0,0.73125,0.0
密云区,2005,25.4,low_resolution_photographed_chart,E1_p03_extend,0.0,0.0,0.78125,0.0
密云区,2006,26.1,low_resolution_photographed_chart,E1_p03_extend,0.0,0.0,0.78125,0.0
密云区,2007,28.0,low_resolution_photographed_chart,E1_p03_extend,0.0,0.0,0.78125,0.0
密云区,2008,28.2,no_screening_flag,E1_p03_extend,0.0,0.0,0.78125,0.0
密云区,2009,28.9,no_screening_flag,E1_p03_extend,0.0,0.0,0.78125,0.0
密云区,2010,29.9,no_screening_flag,E1_p03_extend,0.0,0.0,0.78125,0.0
密云区,2011,29.5,no_screening_flag,E1_p03_extend,0.0,0.0,0.78125,0.0
密云区,2012,28.7,no_screening_flag,E1_p03_extend,0.0,0.0,0.78125,0.0
密云区,2013,29.8,no_screening_flag,E1_p03_extend,0.0,0.0,0.78125,0.0
密云区,2014,30.4,no_screening_flag,E1_p03_extend,0.0,0.0,0.78125,0.0
密云区,2015,30.6,no_screening_flag,E1_p03_extend,0.0,0.0,0.78125,0.0
密云区,2016,29.7,no_screening_flag,E1_p03_extend,0.0,0.0,0.825,0.0
密云区,2017,31.3,no_screening_flag,E1_p03_extend,0.0,0.0,0.86875,0.0
密云区,2018,24.9,large_year_to_year_change_gt5m,E1_p03_extend,0.0,0.0,0.9125,0.0
密云区,2019,24.8,no_screening_flag,E1_p03_extend,0.0,0.0,0.95625,0.0
密云区,2020,25.2,no_screening_flag,E1_p03_extend,0.0,0.0,1.0,0.0
平谷区,2000,19.6,no_screening_flag,E1_p03_extend,0.0,0.0,0.75,0.0
平谷区,2001,17.9,no_screening_flag,E1_p03_extend,0.0,0.0,0.7833333333333333,0.0
平谷区,2002,20.7,bulletin_marked_draft;cross_report_value_disagreement,E1_p03_extend,0.0,0.0,0.8166666666666667,0.0
平谷区,2003,20.6,cross_report_value_disagreement;low_resolution_photographed_chart;source_chart_city_control_disagreement,E1_p03_extend,0.0,0.0,0.85,0.0
平谷区,2004,23.0,low_resolution_photographed_chart;source_chart_city_control_disagreement,E1_p03_extend,0.0,0.0,0.8833333333333333,0.0
平谷区,2005,26.0,low_resolution_photographed_chart,E1_p03_extend,0.0,0.0,0.9166666666666666,0.0
平谷区,2006,29.8,cross_report_value_disagreement;low_resolution_photographed_chart,E1_p03_extend,0.0,0.0,0.9333333333333332,0.0
平谷区,2007,33.2,low_resolution_photographed_chart,E1_p03_extend,0.0,0.0,0.95,0.0
平谷区,2008,34.6,no_screening_flag,E1_p03_extend,0.0,0.0,0.9666666666666668,0.0
平谷区,2009,37.7,no_screening_flag,E1_p03_extend,0.0,0.0,0.9833333333333332,0.0
平谷区,2010,39.4,no_screening_flag,E1_p03_extend,0.0,0.0,1.0,0.0
平谷区,2011,39.4,no_screening_flag,E1_p03_extend,0.0,0.0,1.0,0.0
平谷区,2012,37.3,no_screening_flag,E1_p03_extend,0.0,0.0,1.0,0.0
平谷区,2013,36.9,no_screening_flag,E1_p03_extend,0.0,0.0,1.0,0.0
平谷区,2014,40.5,no_screening_flag,E1_p03_extend,0.0,0.0,1.0,0.0
平谷区,2015,41.8,no_screening_flag,E1_p03_extend,0.0,0.0,1.0,0.0
平谷区,2016,42.4,no_screening_flag,E1_p03_extend,0.0,0.0,1.0,0.0
平谷区,2017,42.0,no_screening_flag,E1_p03_extend,0.0,0.0,1.0,0.0
平谷区,2018,32.8,large_year_to_year_change_gt5m,E1_p03_extend,0.0,0.0,1.0,0.0
平谷区,2019,33.8,no_screening_flag,E1_p03_extend,0.0,0.0,1.0,0.0
平谷区,2020,35.8,no_screening_flag,E1_p03_extend,0.0,0.0,1.0,0.0
延庆区,2000,8.4,no_screening_flag,E1_p03_extend,0.18273799999999998,0.0,0.6666666666666666,0.12182533333333331
延庆区,2001,8.2,no_screening_flag,E1_p03_extend,0.18273799999999998,0.0,0.6888888888888889,0.12588617777777777
延庆区,2002,8.3,bulletin_marked_draft;cross_report_value_disagreement,E1_p03_extend,0.18273799999999998,0.0,0.7111111111111111,0.1299470222222222
延庆区,2003,8.6,low_resolution_photographed_chart;source_chart_city_control_disagreement,E1_p03_extend,0.18273799999999998,0.0,0.7333333333333333,0.13400786666666664
延庆区,2004,8.5,low_resolution_photographed_chart;source_chart_city_control_disagreement,E1_p03_extend,0.18273799999999998,0.0,0.7555555555555555,0.1380687111111111
延庆区,2005,8.7,low_resolution_photographed_chart,E1_p03_extend,0.18273799999999998,0.0,0.7777777777777778,0.14212955555555554
延庆区,2006,8.4,low_resolution_photographed_chart,E1_p03_extend,0.18273799999999998,0.0,0.7777777777777778,0.14212955555555554
延庆区,2007,9.0,low_resolution_photographed_chart,E1_p03_extend,0.18273799999999998,0.0,0.7777777777777778,0.14212955555555554
延庆区,2008,8.8,no_screening_flag,E1_p03_extend,0.18273799999999998,0.0,0.7777777777777778,0.14212955555555554
延庆区,2009,9.2,no_screening_flag,E1_p03_extend,0.18273799999999998,16.2319,0.7777777777777778,0.14212955555555554
延庆区,2010,9.3,no_screening_flag,E1_p03_extend,0.18273799999999998,16.2319,0.7777777777777778,0.14212955555555554
延庆区,2011,9.3,no_screening_flag,E1_p03_extend,0.18273799999999998,16.2319,0.7777777777777778,0.14212955555555554
延庆区,2012,9.2,no_screening_flag,E1_p03_extend,0.18273799999999998,16.2319,0.7777777777777778,0.14212955555555554
延庆区,2013,9.3,no_screening_flag,E1_p03_extend,0.18273799999999998,16.2319,0.7777777777777778,0.14212955555555554
延庆区,2014,10.4,no_screening_flag,E1_p03_extend,0.020419,0.0,0.7777777777777778,0.015881444444444445
延庆区,2015,10.4,no_screening_flag,E1_p03_extend,0.020419,0.0,0.7777777777777778,0.015881444444444445
延庆区,2016,9.8,no_screening_flag,E1_p03_extend,0.020419,0.0,0.8222222222222222,0.016788955555555554
延庆区,2017,10.0,no_screening_flag,E1_p03_extend,0.020419,0.0,0.8666666666666667,0.017696466666666667
延庆区,2018,9.7,no_screening_flag,E1_p03_extend,0.020419,0.0,0.9111111111111112,0.01860397777777778
延庆区,2019,9.8,no_screening_flag,E1_p03_extend,0.020419,0.0,0.9555555555555556,0.01951148888888889
延庆区,2020,7.2,no_screening_flag,E1_p03_extend,0.18273799999999998,0.0,1.0,0.18273799999999998
怀柔区,2000,6.9,no_screening_flag,E1_p03_extend,0.387258,0.0,0.5714285714285714,0.2212902857142857
怀柔区,2001,7.7,no_screening_flag,E1_p03_extend,0.387258,0.0,0.638095238095238,0.2471074857142857
怀柔区,2002,10.4,bulletin_marked_draft;cross_report_value_disagreement,E1_p03_extend,0.031538,0.0,0.7047619047619047,0.022226780952380946
怀柔区,2003,11.7,low_resolution_photographed_chart;source_chart_city_control_disagreement,E1_p03_extend,0.031538,0.0,0.7714285714285714,0.02432931428571428
怀柔区,2004,14.1,low_resolution_photographed_chart;source_chart_city_control_disagreement,E1_p03_extend,0.0,0.0,0.8380952380952381,0.0
怀柔区,2005,15.9,low_resolution_photographed_chart,E1_p03_extend,0.0,0.0,0.9047619047619048,0.0
怀柔区,2006,16.7,low_resolution_photographed_chart,E1_p03_extend,0.0,0.0,0.9142857142857144,0.0
怀柔区,2007,19.2,low_resolution_photographed_chart,E1_p03_extend,0.0,0.0,0.9238095238095236,0.0
怀柔区,2008,19.7,no_screening_flag,E1_p03_extend,0.0,0.0,0.9333333333333332,0.0
怀柔区,2009,20.1,no_screening_flag,E1_p03_extend,0.0,0.0,0.9428571428571428,0.0
怀柔区,2010,21.3,no_screening_flag,E1_p03_extend,0.0,0.0,0.9523809523809524,0.0
怀柔区,2011,22.3,no_screening_flag,E1_p03_extend,0.0,0.0,0.9523809523809524,0.0
怀柔区,2012,21.2,no_screening_flag,E1_p03_extend,0.0,0.0,0.9523809523809524,0.0
怀柔区,2013,21.5,no_screening_flag,E1_p03_extend,0.0,0.0,0.9523809523809524,0.0
怀柔区,2014,22.6,no_screening_flag,E1_p03_extend,0.0,0.0,0.9523809523809524,0.0
怀柔区,2015,22.3,no_screening_flag,E1_p03_extend,0.0,0.0,0.9523809523809524,0.0
怀柔区,2016,21.6,no_screening_flag,E1_p03_extend,0.0,0.0,0.9619047619047618,0.0
怀柔区,2017,21.2,no_screening_flag,E1_p03_extend,0.0,0.0,0.9714285714285714,0.0
怀柔区,2018,17.3,no_screening_flag,E1_p03_extend,0.0,0.0,0.9809523809523808,0.0
怀柔区,2019,15.8,no_screening_flag,E1_p03_extend,0.0,0.0,0.9904761904761904,0.0
怀柔区,2020,16.3,no_screening_flag,E1_p03_extend,0.0,0.0,1.0,0.0
房山区,2000,10.4,no_screening_flag,E1_p03_extend,0.09858,0.0,0.6973684210526315,0.06874657894736842
房山区,2001,12.0,no_screening_flag,E1_p03_extend,0.09858,0.0,0.7210526315789473,0.07108136842105263
房山区,2002,11.7,bulletin_marked_draft;cross_report_value_disagreement,E1_p03_extend,0.09858,0.0,0.7447368421052631,0.07341615789473684
房山区,2003,11.1,low_resolution_photographed_chart;source_chart_city_control_disagreement,E1_p03_extend,0.09858,0.0,0.7684210526315789,0.07575094736842104
房山区,2004,11.4,low_resolution_photographed_chart;source_chart_city_control_disagreement,E1_p03_extend,0.09858,0.0,0.7921052631578948,0.07808573684210526
房山区,2005,20.0,large_year_to_year_change_gt5m;low_resolution_photographed_chart,E1_p03_extend,0.0,0.0,0.8157894736842105,0.0
房山区,2006,11.8,large_year_to_year_change_gt5m;low_resolution_photographed_chart,E1_p03_extend,0.09858,0.0,0.85,0.08379299999999999
房山区,2007,11.6,low_resolution_photographed_chart,E1_p03_extend,0.09858,0.0,0.8842105263157894,0.08716547368421053
房山区,2008,11.1,no_screening_flag,E1_p03_extend,0.09858,0.0,0.9184210526315788,0.09053794736842104
房山区,2009,11.6,no_screening_flag,E1_p03_extend,0.09858,0.0,0.9526315789473684,0.09391042105263157
房山区,2010,12.6,no_screening_flag,E1_p03_extend,0.09858,0.0,0.986842105263158,0.09728289473684211
房山区,2011,10.7,no_screening_flag,E1_p03_extend,0.09858,0.0,0.9894736842105264,0.0975423157894737
房山区,2012,8.4,no_screening_flag,E1_p03_extend,0.491026,0.0,0.9921052631578948,0.4871494789473685
房山区,2013,8.9,no_screening_flag,E1_p03_extend,0.491026,0.0,0.9947368421052633,0.488441652631579
房山区,2014,10.2,no_screening_flag,E1_p03_extend,0.09858,0.0,0.9973684210526316,0.09832057894736843
房山区,2015,10.6,no_screening_flag,E1_p03_extend,0.09858,0.0,1.0,0.09858
房山区,2016,9.0,no_screening_flag,E1_p03_extend,0.491026,0.0,1.0,0.491026
房山区,2017,9.3,no_screening_flag,E1_p03_extend,0.491026,39.2446,1.0,0.491026
房山区,2018,9.6,no_screening_flag,E1_p03_extend,0.09858,0.0,1.0,0.09858
房山区,2019,10.5,no_screening_flag,E1_p03_extend,0.09858,0.0,1.0,0.09858
房山区,2020,8.6,no_screening_flag,E1_p03_extend,0.491026,0.0,1.0,0.491026
昌平区,2000,15.9,no_screening_flag,E1_p03_extend,0.001292,0.0,0.6014492753623188,0.0007770724637681159
昌平区,2001,17.4,no_screening_flag,E1_p03_extend,0.001292,0.1292,0.6434782608695653,0.0008313739130434783
昌平区,2002,19.1,bulletin_marked_draft,E1_p03_extend,0.0,0.0,0.6855072463768116,0.0
昌平区,2003,18.5,cross_report_value_disagreement;low_resolution_photographed_chart;source_chart_city_control_disagreement,E1_p03_extend,0.0,0.0,0.727536231884058,0.0
昌平区,2004,21.1,low_resolution_photographed_chart;source_chart_city_control_disagreement,E1_p03_extend,0.0,0.0,0.7695652173913043,0.0
昌平区,2005,22.7,low_resolution_photographed_chart,E1_p03_extend,0.0,0.0,0.8115942028985508,0.0
昌平区,2006,23.1,low_resolution_photographed_chart,E1_p03_extend,0.0,0.0,0.846376811594203,0.0
昌平区,2007,25.3,low_resolution_photographed_chart,E1_p03_extend,0.0,0.0,0.8811594202898552,0.0
昌平区,2008,26.3,no_screening_flag,E1_p03_extend,0.0,0.0,0.9159420289855073,0.0
昌平区,2009,27.5,no_screening_flag,E1_p03_extend,0.0,0.0,0.9507246376811594,0.0
昌平区,2010,29.3,no_screening_flag,E1_p03_extend,0.0,0.0,0.9855072463768116,0.0
昌平区,2011,29.9,no_screening_flag,E1_p03_extend,0.0,0.0,0.9884057971014492,0.0
昌平区,2012,30.2,no_screening_flag,E1_p03_extend,0.0,0.0,0.991304347826087,0.0
昌平区,2013,31.3,no_screening_flag,E1_p03_extend,0.0,0.0,0.9942028985507246,0.0
昌平区,2014,32.3,no_screening_flag,E1_p03_extend,0.0,0.0,0.9971014492753624,0.0
昌平区,2015,32.3,no_screening_flag,E1_p03_extend,0.0,0.0,1.0,0.0
昌平区,2016,30.7,no_screening_flag,E1_p03_extend,0.0,0.0,1.0,0.0
昌平区,2017,30.2,no_screening_flag,E1_p03_extend,0.0,0.0,1.0,0.0
昌平区,2018,29.4,no_screening_flag,E1_p03_extend,0.0,0.0,1.0,0.0
昌平区,2019,28.8,no_screening_flag,E1_p03_extend,0.0,0.0,1.0,0.0
昌平区,2020,27.1,no_screening_flag,E1_p03_extend,0.0,0.0,1.0,0.0
通州区,2000,5.7,no_screening_flag,E1_p03_extend,0.437462,0.0,0.4421052631578947,0.19340425263157895
通州区,2001,6.4,no_screening_flag,E1_p03_extend,0.437462,0.0,0.4694736842105263,0.20537689684210528
通州区,2002,6.4,bulletin_marked_draft;cross_report_value_disagreement,E1_p03_extend,0.437462,0.0,0.4968421052631579,0.2173495410526316
通州区,2003,7.0,low_resolution_photographed_chart;source_chart_city_control_disagreement,E1_p03_extend,0.437462,0.0,0.5242105263157895,0.2293221852631579
通州区,2004,7.5,low_resolution_photographed_chart;source_chart_city_control_disagreement,E1_p03_extend,0.437462,0.0,0.5515789473684211,0.24129482947368422
通州区,2005,8.1,low_resolution_photographed_chart,E1_p03_extend,0.437462,0.0,0.5789473684210527,0.25326747368421054
通州区,2006,7.6,low_resolution_photographed_chart,E1_p03_extend,0.437462,0.0,0.6063157894736843,0.2652401178947369
通州区,2007,7.5,low_resolution_photographed_chart,E1_p03_extend,0.437462,0.0,0.6336842105263158,0.2772127621052632
通州区,2008,7.6,no_screening_flag,E1_p03_extend,0.437462,0.0,0.6610526315789473,0.2891854063157895
通州区,2009,7.2,no_screening_flag,E1_p03_extend,0.437462,0.0,0.6884210526315789,0.3011580505263158
通州区,2010,7.4,no_screening_flag,E1_p03_extend,0.437462,0.0,0.7157894736842105,0.31313069473684213
通州区,2011,7.1,no_screening_flag,E1_p03_extend,0.437462,0.0,0.72,0.31497264
通州区,2012,6.6,no_screening_flag,E1_p03_extend,0.437462,0.0,0.7242105263157894,0.31681458526315787
通州区,2013,6.8,no_screening_flag,E1_p03_extend,0.437462,0.0,0.728421052631579,0.3186565305263158
通州区,2014,7.5,no_screening_flag,E1_p03_extend,0.437462,0.0,0.7326315789473684,0.3204984757894737
通州区,2015,8.1,no_screening_flag,E1_p03_extend,0.437462,0.0,0.7368421052631579,0.32234042105263155
通州区,2016,7.6,no_screening_flag,E1_p03_extend,0.437462,0.0,0.7894736842105263,0.3453647368421053
通州区,2017,7.8,no_screening_flag,E1_p03_extend,0.437462,0.0,0.8421052631578947,0.36838905263157895
通州区,2018,7.3,no_screening_flag,E1_p03_extend,0.437462,0.0,0.8947368421052632,0.3914133684210527
通州区,2019,8.2,no_screening_flag,E1_p03_extend,0.437462,0.0,0.9473684210526316,0.41443768421052635
通州区,2020,7.8,no_screening_flag,E1_p03_extend,0.437462,0.0,1.0,0.437462
门头沟区,2000,19.3,no_screening_flag,E1_p03_extend,0.0,0.0,0.5294117647058824,0.0
门头沟区,2001,19.9,no_screening_flag,E1_p03_extend,0.0,0.0,0.5941176470588235,0.0
门头沟区,2002,19.7,bulletin_marked_draft;cross_report_value_disagreement,E1_p03_extend,0.0,0.0,0.6588235294117647,0.0
门头沟区,2003,19.9,low_resolution_photographed_chart;source_chart_city_control_disagreement,E1_p03_extend,0.0,0.0,0.7235294117647059,0.0
门头沟区,2004,19.6,low_resolution_photographed_chart;source_chart_city_control_disagreement,E1_p03_extend,0.0,0.0,0.788235294117647,0.0
门头沟区,2005,20.0,low_resolution_photographed_chart,E1_p03_extend,0.0,0.0,0.8529411764705882,0.0
门头沟区,2006,19.0,low_resolution_photographed_chart,E1_p03_extend,0.0,0.0,0.8588235294117647,0.0
门头沟区,2007,19.8,low_resolution_photographed_chart,E1_p03_extend,0.0,0.0,0.8647058823529411,0.0
门头沟区,2008,20.1,no_screening_flag,E1_p03_extend,0.0,0.0,0.8705882352941177,0.0
门头沟区,2009,20.5,no_screening_flag,E1_p03_extend,0.0,0.0,0.8764705882352941,0.0
门头沟区,2010,20.7,no_screening_flag,E1_p03_extend,0.0,0.0,0.8823529411764706,0.0
门头沟区,2011,20.0,no_screening_flag,E1_p03_extend,0.0,0.0,0.9058823529411764,0.0
门头沟区,2012,19.4,no_screening_flag,E1_p03_extend,0.0,0.0,0.9294117647058824,0.0
门头沟区,2013,21.5,no_screening_flag,E1_p03_extend,0.0,0.0,0.9529411764705882,0.0
门头沟区,2014,23.3,no_screening_flag,E1_p03_extend,0.0,0.0,0.976470588235294,0.0
门头沟区,2015,23.0,no_screening_flag,E1_p03_extend,0.0,0.0,1.0,0.0
门头沟区,2016,20.0,no_screening_flag,E1_p03_extend,0.0,0.0,1.0,0.0
门头沟区,2017,16.7,no_screening_flag,E1_p03_extend,0.022179,0.0,1.0,0.022179
门头沟区,2018,17.0,cross_report_value_disagreement,E1_p03_extend,0.022179,0.0,1.0,0.022179
门头沟区,2019,38.2,large_year_to_year_change_gt5m,E1_p03_extend,0.0,0.0,1.0,0.0
门头沟区,2020,35.8,no_screening_flag,E1_p03_extend,0.0,0.0,1.0,0.0
顺义区,2000,16.8,no_screening_flag,E1_p03_extend,0.0,0.0,0.9285714285714286,0.0
顺义区,2001,17.5,no_screening_flag,E1_p03_extend,0.0,0.0,0.9285714285714286,0.0
顺义区,2002,18.7,bulletin_marked_draft,E1_p03_extend,0.0,0.0,0.9285714285714286,0.0
顺义区,2003,19.1,low_resolution_photographed_chart;source_chart_city_control_disagreement,E1_p03_extend,0.0,0.0,0.9285714285714286,0.0
顺义区,2004,22.3,low_resolution_photographed_chart;source_chart_city_control_disagreement,E1_p03_extend,0.0,0.0,0.9285714285714286,0.0
顺义区,2005,24.4,low_resolution_photographed_chart,E1_p03_extend,0.0,0.0,0.9285714285714286,0.0
顺义区,2006,26.2,low_resolution_photographed_chart,E1_p03_extend,0.0,0.0,0.9333333333333332,0.0
顺义区,2007,28.2,low_resolution_photographed_chart,E1_p03_extend,0.0,0.0,0.938095238095238,0.0
顺义区,2008,29.0,no_screening_flag,E1_p03_extend,0.0,0.0,0.9428571428571428,0.0
顺义区,2009,30.4,no_screening_flag,E1_p03_extend,0.0,0.0,0.9476190476190476,0.0
顺义区,2010,31.6,no_screening_flag,E1_p03_extend,0.0,0.0,0.9523809523809524,0.0
顺义区,2011,32.4,no_screening_flag,E1_p03_extend,0.0,0.0,0.9619047619047618,0.0
顺义区,2012,32.4,no_screening_flag,E1_p03_extend,0.0,0.0,0.9714285714285714,0.0
顺义区,2013,33.4,no_screening_flag,E1_p03_extend,0.0,0.0,0.9809523809523808,0.0
顺义区,2014,34.4,no_screening_flag,E1_p03_extend,0.0,0.0,0.9904761904761904,0.0
顺义区,2015,34.3,no_screening_flag,E1_p03_extend,0.0,0.0,1.0,0.0
顺义区,2016,33.7,no_screening_flag,E1_p03_extend,0.0,0.0,1.0,0.0
顺义区,2017,34.1,no_screening_flag,E1_p03_extend,0.0,0.0,1.0,0.0
顺义区,2018,33.3,no_screening_flag,E1_p03_extend,0.0,0.0,1.0,0.0
顺义区,2019,32.2,no_screening_flag,E1_p03_extend,0.0,0.0,1.0,0.0
顺义区,2020,29.3,no_screening_flag,E1_p03_extend,0.0,0.0,1.0,0.0
大兴区,2000,11.7,no_screening_flag,E1_p03_central_tail,0.087487,0.0,0.3091787439613526,0.027049120772946852
大兴区,2001,12.6,no_screening_flag,E1_p03_central_tail,0.087487,0.0,0.3690821256038647,0.03228988792270531
大兴区,2002,13.2,bulletin_marked_draft;cross_report_value_disagreement,E1_p03_central_tail,0.087487,7.7494,0.4289855072463768,0.03753065507246377
大兴区,2003,13.9,low_resolution_photographed_chart;source_chart_city_control_disagreement,E1_p03_central_tail,0.009993,0.0,0.4888888888888889,0.004885466666666667
大兴区,2004,15.0,low_resolution_photographed_chart;source_chart_city_control_disagreement,E1_p03_central_tail,0.009993,0.0,0.548792270531401,0.00548408115942029
大兴区,2005,15.9,low_resolution_photographed_chart,E1_p03_central_tail,0.009993,0.0,0.6086956521739131,0.006082695652173914
大兴区,2006,17.3,low_resolution_photographed_chart,E1_p03_central_tail,0.0,0.0,0.6328502415458938,0.0
大兴区,2007,17.9,low_resolution_photographed_chart,E1_p03_central_tail,0.0,0.0,0.6570048309178744,0.0
大兴区,2008,18.6,no_screening_flag,E1_p03_central_tail,0.0,0.0,0.6811594202898551,0.0
大兴区,2009,19.3,no_screening_flag,E1_p03_central_tail,0.0,0.0,0.7053140096618358,0.0
大兴区,2010,18.8,no_screening_flag,E1_p03_central_tail,0.0,0.0,0.7294685990338164,0.0
大兴区,2011,18.9,no_screening_flag,E1_p03_central_tail,0.0,0.0,0.7323671497584541,0.0
大兴区,2012,17.9,no_screening_flag,E1_p03_central_tail,0.0,0.0,0.7352657004830918,0.0
大兴区,2013,17.8,no_screening_flag,E1_p03_central_tail,0.0,0.0,0.7381642512077294,0.0
大兴区,2014,19.0,no_screening_flag,E1_p03_central_tail,0.0,0.0,0.7410628019323672,0.0
大兴区,2015,18.7,no_screening_flag,E1_p03_central_tail,0.0,0.0,0.7439613526570048,0.0
大兴区,2016,17.8,no_screening_flag,E1_p03_central_tail,0.0,0.0,0.7951690821256039,0.0
大兴区,2017,17.9,no_screening_flag,E1_p03_central_tail,0.0,0.0,0.8463768115942029,0.0
大兴区,2018,17.9,no_screening_flag,E1_p03_central_tail,0.0,0.0,0.8975845410628019,0.0
大兴区,2019,17.8,no_screening_flag,E1_p03_central_tail,0.0,0.0,0.9487922705314008,0.0
大兴区,2020,16.8,no_screening_flag,E1_p03_central_tail,0.009993,0.0,1.0,0.009993
密云区,2000,19.3,no_screening_flag,E1_p03_central_tail,0.0,0.0,0.53125,0.0
密云区,2001,22.0,bulletin_marked_draft;primary_figure_occluded_used_alternate_source,E1_p03_central_tail,0.0,0.0,0.58125,0.0
密云区,2002,22.7,bulletin_marked_draft;cross_report_value_disagreement,E1_p03_central_tail,0.0,0.0,0.63125,0.0
密云区,2003,24.2,cross_report_value_disagreement;low_resolution_photographed_chart;source_chart_city_control_disagreement,E1_p03_central_tail,0.0,0.0,0.68125,0.0
密云区,2004,25.5,low_resolution_photographed_chart;source_chart_city_control_disagreement,E1_p03_central_tail,0.0,0.0,0.73125,0.0
密云区,2005,25.4,low_resolution_photographed_chart,E1_p03_central_tail,0.0,0.0,0.78125,0.0
密云区,2006,26.1,low_resolution_photographed_chart,E1_p03_central_tail,0.0,0.0,0.78125,0.0
密云区,2007,28.0,low_resolution_photographed_chart,E1_p03_central_tail,0.0,0.0,0.78125,0.0
密云区,2008,28.2,no_screening_flag,E1_p03_central_tail,0.0,0.0,0.78125,0.0
密云区,2009,28.9,no_screening_flag,E1_p03_central_tail,0.0,0.0,0.78125,0.0
密云区,2010,29.9,no_screening_flag,E1_p03_central_tail,0.0,0.0,0.78125,0.0
密云区,2011,29.5,no_screening_flag,E1_p03_central_tail,0.0,0.0,0.78125,0.0
密云区,2012,28.7,no_screening_flag,E1_p03_central_tail,0.0,0.0,0.78125,0.0
密云区,2013,29.8,no_screening_flag,E1_p03_central_tail,0.0,0.0,0.78125,0.0
密云区,2014,30.4,no_screening_flag,E1_p03_central_tail,0.0,0.0,0.78125,0.0
密云区,2015,30.6,no_screening_flag,E1_p03_central_tail,0.0,0.0,0.78125,0.0
密云区,2016,29.7,no_screening_flag,E1_p03_central_tail,0.0,0.0,0.825,0.0
密云区,2017,31.3,no_screening_flag,E1_p03_central_tail,0.0,0.0,0.86875,0.0
密云区,2018,24.9,large_year_to_year_change_gt5m,E1_p03_central_tail,0.0,0.0,0.9125,0.0
密云区,2019,24.8,no_screening_flag,E1_p03_central_tail,0.0,0.0,0.95625,0.0
密云区,2020,25.2,no_screening_flag,E1_p03_central_tail,0.0,0.0,1.0,0.0
平谷区,2000,19.6,no_screening_flag,E1_p03_central_tail,0.0,0.0,0.75,0.0
平谷区,2001,17.9,no_screening_flag,E1_p03_central_tail,0.0,0.0,0.7833333333333333,0.0
平谷区,2002,20.7,bulletin_marked_draft;cross_report_value_disagreement,E1_p03_central_tail,0.0,0.0,0.8166666666666667,0.0
平谷区,2003,20.6,cross_report_value_disagreement;low_resolution_photographed_chart;source_chart_city_control_disagreement,E1_p03_central_tail,0.0,0.0,0.85,0.0
平谷区,2004,23.0,low_resolution_photographed_chart;source_chart_city_control_disagreement,E1_p03_central_tail,0.0,0.0,0.8833333333333333,0.0
平谷区,2005,26.0,low_resolution_photographed_chart,E1_p03_central_tail,0.0,0.0,0.9166666666666666,0.0
平谷区,2006,29.8,cross_report_value_disagreement;low_resolution_photographed_chart,E1_p03_central_tail,0.0,0.0,0.9333333333333332,0.0
平谷区,2007,33.2,low_resolution_photographed_chart,E1_p03_central_tail,0.0,0.0,0.95,0.0
平谷区,2008,34.6,no_screening_flag,E1_p03_central_tail,0.0,0.0,0.9666666666666668,0.0
平谷区,2009,37.7,no_screening_flag,E1_p03_central_tail,0.0,0.0,0.9833333333333332,0.0
平谷区,2010,39.4,no_screening_flag,E1_p03_central_tail,0.0,0.0,1.0,0.0
平谷区,2011,39.4,no_screening_flag,E1_p03_central_tail,0.0,0.0,1.0,0.0
平谷区,2012,37.3,no_screening_flag,E1_p03_central_tail,0.0,0.0,1.0,0.0
平谷区,2013,36.9,no_screening_flag,E1_p03_central_tail,0.0,0.0,1.0,0.0
平谷区,2014,40.5,no_screening_flag,E1_p03_central_tail,0.0,0.0,1.0,0.0
平谷区,2015,41.8,no_screening_flag,E1_p03_central_tail,0.0,0.0,1.0,0.0
平谷区,2016,42.4,no_screening_flag,E1_p03_central_tail,0.0,0.0,1.0,0.0
平谷区,2017,42.0,no_screening_flag,E1_p03_central_tail,0.0,0.0,1.0,0.0
平谷区,2018,32.8,large_year_to_year_change_gt5m,E1_p03_central_tail,0.0,0.0,1.0,0.0
平谷区,2019,33.8,no_screening_flag,E1_p03_central_tail,0.0,0.0,1.0,0.0
平谷区,2020,35.8,no_screening_flag,E1_p03_central_tail,0.0,0.0,1.0,0.0
延庆区,2000,8.4,no_screening_flag,E1_p03_central_tail,0.18273799999999998,0.0,0.6666666666666666,0.12182533333333331
延庆区,2001,8.2,no_screening_flag,E1_p03_central_tail,0.18273799999999998,0.0,0.6888888888888889,0.12588617777777777
延庆区,2002,8.3,bulletin_marked_draft;cross_report_value_disagreement,E1_p03_central_tail,0.18273799999999998,0.0,0.7111111111111111,0.1299470222222222
延庆区,2003,8.6,low_resolution_photographed_chart;source_chart_city_control_disagreement,E1_p03_central_tail,0.18273799999999998,0.0,0.7333333333333333,0.13400786666666664
延庆区,2004,8.5,low_resolution_photographed_chart;source_chart_city_control_disagreement,E1_p03_central_tail,0.18273799999999998,0.0,0.7555555555555555,0.1380687111111111
延庆区,2005,8.7,low_resolution_photographed_chart,E1_p03_central_tail,0.18273799999999998,0.0,0.7777777777777778,0.14212955555555554
延庆区,2006,8.4,low_resolution_photographed_chart,E1_p03_central_tail,0.18273799999999998,0.0,0.7777777777777778,0.14212955555555554
延庆区,2007,9.0,low_resolution_photographed_chart,E1_p03_central_tail,0.18273799999999998,0.0,0.7777777777777778,0.14212955555555554
延庆区,2008,8.8,no_screening_flag,E1_p03_central_tail,0.18273799999999998,0.0,0.7777777777777778,0.14212955555555554
延庆区,2009,9.2,no_screening_flag,E1_p03_central_tail,0.18273799999999998,16.2319,0.7777777777777778,0.14212955555555554
延庆区,2010,9.3,no_screening_flag,E1_p03_central_tail,0.18273799999999998,16.2319,0.7777777777777778,0.14212955555555554
延庆区,2011,9.3,no_screening_flag,E1_p03_central_tail,0.18273799999999998,16.2319,0.7777777777777778,0.14212955555555554
延庆区,2012,9.2,no_screening_flag,E1_p03_central_tail,0.18273799999999998,16.2319,0.7777777777777778,0.14212955555555554
延庆区,2013,9.3,no_screening_flag,E1_p03_central_tail,0.18273799999999998,16.2319,0.7777777777777778,0.14212955555555554
延庆区,2014,10.4,no_screening_flag,E1_p03_central_tail,0.020419,0.0,0.7777777777777778,0.015881444444444445
延庆区,2015,10.4,no_screening_flag,E1_p03_central_tail,0.020419,0.0,0.7777777777777778,0.015881444444444445
延庆区,2016,9.8,no_screening_flag,E1_p03_central_tail,0.020419,0.0,0.8222222222222222,0.016788955555555554
延庆区,2017,10.0,no_screening_flag,E1_p03_central_tail,0.020419,0.0,0.8666666666666667,0.017696466666666667
延庆区,2018,9.7,no_screening_flag,E1_p03_central_tail,0.020419,0.0,0.9111111111111112,0.01860397777777778
延庆区,2019,9.8,no_screening_flag,E1_p03_central_tail,0.020419,0.0,0.9555555555555556,0.01951148888888889
延庆区,2020,7.2,no_screening_flag,E1_p03_central_tail,0.18273799999999998,0.0,1.0,0.18273799999999998
怀柔区,2000,6.9,no_screening_flag,E1_p03_central_tail,0.387258,0.0,0.5714285714285714,0.2212902857142857
怀柔区,2001,7.7,no_screening_flag,E1_p03_central_tail,0.387258,0.0,0.638095238095238,0.2471074857142857
怀柔区,2002,10.4,bulletin_marked_draft;cross_report_value_disagreement,E1_p03_central_tail,0.031538,0.0,0.7047619047619047,0.022226780952380946
怀柔区,2003,11.7,low_resolution_photographed_chart;source_chart_city_control_disagreement,E1_p03_central_tail,0.031538,0.0,0.7714285714285714,0.02432931428571428
怀柔区,2004,14.1,low_resolution_photographed_chart;source_chart_city_control_disagreement,E1_p03_central_tail,0.0,0.0,0.8380952380952381,0.0
怀柔区,2005,15.9,low_resolution_photographed_chart,E1_p03_central_tail,0.0,0.0,0.9047619047619048,0.0
怀柔区,2006,16.7,low_resolution_photographed_chart,E1_p03_central_tail,0.0,0.0,0.9142857142857144,0.0
怀柔区,2007,19.2,low_resolution_photographed_chart,E1_p03_central_tail,0.0,0.0,0.9238095238095236,0.0
怀柔区,2008,19.7,no_screening_flag,E1_p03_central_tail,0.0,0.0,0.9333333333333332,0.0
怀柔区,2009,20.1,no_screening_flag,E1_p03_central_tail,0.0,0.0,0.9428571428571428,0.0
怀柔区,2010,21.3,no_screening_flag,E1_p03_central_tail,0.0,0.0,0.9523809523809524,0.0
怀柔区,2011,22.3,no_screening_flag,E1_p03_central_tail,0.0,0.0,0.9523809523809524,0.0
怀柔区,2012,21.2,no_screening_flag,E1_p03_central_tail,0.0,0.0,0.9523809523809524,0.0
怀柔区,2013,21.5,no_screening_flag,E1_p03_central_tail,0.0,0.0,0.9523809523809524,0.0
怀柔区,2014,22.6,no_screening_flag,E1_p03_central_tail,0.0,0.0,0.9523809523809524,0.0
怀柔区,2015,22.3,no_screening_flag,E1_p03_central_tail,0.0,0.0,0.9523809523809524,0.0
怀柔区,2016,21.6,no_screening_flag,E1_p03_central_tail,0.0,0.0,0.9619047619047618,0.0
怀柔区,2017,21.2,no_screening_flag,E1_p03_central_tail,0.0,0.0,0.9714285714285714,0.0
怀柔区,2018,17.3,no_screening_flag,E1_p03_central_tail,0.0,0.0,0.9809523809523808,0.0
怀柔区,2019,15.8,no_screening_flag,E1_p03_central_tail,0.0,0.0,0.9904761904761904,0.0
怀柔区,2020,16.3,no_screening_flag,E1_p03_central_tail,0.0,0.0,1.0,0.0
房山区,2000,10.4,no_screening_flag,E1_p03_central_tail,0.09858,0.0,0.6973684210526315,0.06874657894736842
房山区,2001,12.0,no_screening_flag,E1_p03_central_tail,0.09858,0.0,0.7210526315789473,0.07108136842105263
房山区,2002,11.7,bulletin_marked_draft;cross_report_value_disagreement,E1_p03_central_tail,0.09858,0.0,0.7447368421052631,0.07341615789473684
房山区,2003,11.1,low_resolution_photographed_chart;source_chart_city_control_disagreement,E1_p03_central_tail,0.09858,0.0,0.7684210526315789,0.07575094736842104
房山区,2004,11.4,low_resolution_photographed_chart;source_chart_city_control_disagreement,E1_p03_central_tail,0.09858,0.0,0.7921052631578948,0.07808573684210526
房山区,2005,20.0,large_year_to_year_change_gt5m;low_resolution_photographed_chart,E1_p03_central_tail,0.0,0.0,0.8157894736842105,0.0
房山区,2006,11.8,large_year_to_year_change_gt5m;low_resolution_photographed_chart,E1_p03_central_tail,0.09858,0.0,0.85,0.08379299999999999
房山区,2007,11.6,low_resolution_photographed_chart,E1_p03_central_tail,0.09858,0.0,0.8842105263157894,0.08716547368421053
房山区,2008,11.1,no_screening_flag,E1_p03_central_tail,0.09858,0.0,0.9184210526315788,0.09053794736842104
房山区,2009,11.6,no_screening_flag,E1_p03_central_tail,0.09858,0.0,0.9526315789473684,0.09391042105263157
房山区,2010,12.6,no_screening_flag,E1_p03_central_tail,0.09858,0.0,0.986842105263158,0.09728289473684211
房山区,2011,10.7,no_screening_flag,E1_p03_central_tail,0.09858,0.0,0.9894736842105264,0.0975423157894737
房山区,2012,8.4,no_screening_flag,E1_p03_central_tail,0.491026,0.0,0.9921052631578948,0.4871494789473685
房山区,2013,8.9,no_screening_flag,E1_p03_central_tail,0.491026,0.0,0.9947368421052633,0.488441652631579
房山区,2014,10.2,no_screening_flag,E1_p03_central_tail,0.09858,0.0,0.9973684210526316,0.09832057894736843
房山区,2015,10.6,no_screening_flag,E1_p03_central_tail,0.09858,0.0,1.0,0.09858
房山区,2016,9.0,no_screening_flag,E1_p03_central_tail,0.491026,0.0,1.0,0.491026
房山区,2017,9.3,no_screening_flag,E1_p03_central_tail,0.491026,39.2446,1.0,0.491026
房山区,2018,9.6,no_screening_flag,E1_p03_central_tail,0.09858,0.0,1.0,0.09858
房山区,2019,10.5,no_screening_flag,E1_p03_central_tail,0.09858,0.0,1.0,0.09858
房山区,2020,8.6,no_screening_flag,E1_p03_central_tail,0.491026,0.0,1.0,0.491026
昌平区,2000,15.9,no_screening_flag,E1_p03_central_tail,0.001292,0.0,0.6014492753623188,0.0007770724637681159
昌平区,2001,17.4,no_screening_flag,E1_p03_central_tail,0.0,0.0,0.6434782608695653,0.0
昌平区,2002,19.1,bulletin_marked_draft,E1_p03_central_tail,0.0,0.0,0.6855072463768116,0.0
昌平区,2003,18.5,cross_report_value_disagreement;low_resolution_photographed_chart;source_chart_city_control_disagreement,E1_p03_central_tail,0.0,0.0,0.727536231884058,0.0
昌平区,2004,21.1,low_resolution_photographed_chart;source_chart_city_control_disagreement,E1_p03_central_tail,0.0,0.0,0.7695652173913043,0.0
昌平区,2005,22.7,low_resolution_photographed_chart,E1_p03_central_tail,0.0,0.0,0.8115942028985508,0.0
昌平区,2006,23.1,low_resolution_photographed_chart,E1_p03_central_tail,0.0,0.0,0.846376811594203,0.0
昌平区,2007,25.3,low_resolution_photographed_chart,E1_p03_central_tail,0.0,0.0,0.8811594202898552,0.0
昌平区,2008,26.3,no_screening_flag,E1_p03_central_tail,0.0,0.0,0.9159420289855073,0.0
昌平区,2009,27.5,no_screening_flag,E1_p03_central_tail,0.0,0.0,0.9507246376811594,0.0
昌平区,2010,29.3,no_screening_flag,E1_p03_central_tail,0.0,0.0,0.9855072463768116,0.0
昌平区,2011,29.9,no_screening_flag,E1_p03_central_tail,0.0,0.0,0.9884057971014492,0.0
昌平区,2012,30.2,no_screening_flag,E1_p03_central_tail,0.0,0.0,0.991304347826087,0.0
昌平区,2013,31.3,no_screening_flag,E1_p03_central_tail,0.0,0.0,0.9942028985507246,0.0
昌平区,2014,32.3,no_screening_flag,E1_p03_central_tail,0.0,0.0,0.9971014492753624,0.0
昌平区,2015,32.3,no_screening_flag,E1_p03_central_tail,0.0,0.0,1.0,0.0
昌平区,2016,30.7,no_screening_flag,E1_p03_central_tail,0.0,0.0,1.0,0.0
昌平区,2017,30.2,no_screening_flag,E1_p03_central_tail,0.0,0.0,1.0,0.0
昌平区,2018,29.4,no_screening_flag,E1_p03_central_tail,0.0,0.0,1.0,0.0
昌平区,2019,28.8,no_screening_flag,E1_p03_central_tail,0.0,0.0,1.0,0.0
昌平区,2020,27.1,no_screening_flag,E1_p03_central_tail,0.0,0.0,1.0,0.0
通州区,2000,5.7,no_screening_flag,E1_p03_central_tail,0.437462,0.0,0.4421052631578947,0.19340425263157895
通州区,2001,6.4,no_screening_flag,E1_p03_central_tail,0.437462,0.0,0.4694736842105263,0.20537689684210528
通州区,2002,6.4,bulletin_marked_draft;cross_report_value_disagreement,E1_p03_central_tail,0.437462,0.0,0.4968421052631579,0.2173495410526316
通州区,2003,7.0,low_resolution_photographed_chart;source_chart_city_control_disagreement,E1_p03_central_tail,0.437462,0.0,0.5242105263157895,0.2293221852631579
通州区,2004,7.5,low_resolution_photographed_chart;source_chart_city_control_disagreement,E1_p03_central_tail,0.437462,0.0,0.5515789473684211,0.24129482947368422
通州区,2005,8.1,low_resolution_photographed_chart,E1_p03_central_tail,0.437462,0.0,0.5789473684210527,0.25326747368421054
通州区,2006,7.6,low_resolution_photographed_chart,E1_p03_central_tail,0.437462,0.0,0.6063157894736843,0.2652401178947369
通州区,2007,7.5,low_resolution_photographed_chart,E1_p03_central_tail,0.437462,0.0,0.6336842105263158,0.2772127621052632
通州区,2008,7.6,no_screening_flag,E1_p03_central_tail,0.437462,0.0,0.6610526315789473,0.2891854063157895
通州区,2009,7.2,no_screening_flag,E1_p03_central_tail,0.437462,0.0,0.6884210526315789,0.3011580505263158
通州区,2010,7.4,no_screening_flag,E1_p03_central_tail,0.437462,0.0,0.7157894736842105,0.31313069473684213
通州区,2011,7.1,no_screening_flag,E1_p03_central_tail,0.437462,0.0,0.72,0.31497264
通州区,2012,6.6,no_screening_flag,E1_p03_central_tail,0.437462,0.0,0.7242105263157894,0.31681458526315787
通州区,2013,6.8,no_screening_flag,E1_p03_central_tail,0.437462,0.0,0.728421052631579,0.3186565305263158
通州区,2014,7.5,no_screening_flag,E1_p03_central_tail,0.437462,0.0,0.7326315789473684,0.3204984757894737
通州区,2015,8.1,no_screening_flag,E1_p03_central_tail,0.437462,0.0,0.7368421052631579,0.32234042105263155
通州区,2016,7.6,no_screening_flag,E1_p03_central_tail,0.437462,0.0,0.7894736842105263,0.3453647368421053
通州区,2017,7.8,no_screening_flag,E1_p03_central_tail,0.437462,0.0,0.8421052631578947,0.36838905263157895
通州区,2018,7.3,no_screening_flag,E1_p03_central_tail,0.437462,0.0,0.8947368421052632,0.3914133684210527
通州区,2019,8.2,no_screening_flag,E1_p03_central_tail,0.437462,0.0,0.9473684210526316,0.41443768421052635
通州区,2020,7.8,no_screening_flag,E1_p03_central_tail,0.437462,0.0,1.0,0.437462
门头沟区,2000,19.3,no_screening_flag,E1_p03_central_tail,0.0,0.0,0.5294117647058824,0.0
门头沟区,2001,19.9,no_screening_flag,E1_p03_central_tail,0.0,0.0,0.5941176470588235,0.0
门头沟区,2002,19.7,bulletin_marked_draft;cross_report_value_disagreement,E1_p03_central_tail,0.0,0.0,0.6588235294117647,0.0
门头沟区,2003,19.9,low_resolution_photographed_chart;source_chart_city_control_disagreement,E1_p03_central_tail,0.0,0.0,0.7235294117647059,0.0
门头沟区,2004,19.6,low_resolution_photographed_chart;source_chart_city_control_disagreement,E1_p03_central_tail,0.0,0.0,0.788235294117647,0.0
门头沟区,2005,20.0,low_resolution_photographed_chart,E1_p03_central_tail,0.0,0.0,0.8529411764705882,0.0
门头沟区,2006,19.0,low_resolution_photographed_chart,E1_p03_central_tail,0.0,0.0,0.8588235294117647,0.0
门头沟区,2007,19.8,low_resolution_photographed_chart,E1_p03_central_tail,0.0,0.0,0.8647058823529411,0.0
门头沟区,2008,20.1,no_screening_flag,E1_p03_central_tail,0.0,0.0,0.8705882352941177,0.0
门头沟区,2009,20.5,no_screening_flag,E1_p03_central_tail,0.0,0.0,0.8764705882352941,0.0
门头沟区,2010,20.7,no_screening_flag,E1_p03_central_tail,0.0,0.0,0.8823529411764706,0.0
门头沟区,2011,20.0,no_screening_flag,E1_p03_central_tail,0.0,0.0,0.9058823529411764,0.0
门头沟区,2012,19.4,no_screening_flag,E1_p03_central_tail,0.0,0.0,0.9294117647058824,0.0
门头沟区,2013,21.5,no_screening_flag,E1_p03_central_tail,0.0,0.0,0.9529411764705882,0.0
门头沟区,2014,23.3,no_screening_flag,E1_p03_central_tail,0.0,0.0,0.976470588235294,0.0
门头沟区,2015,23.0,no_screening_flag,E1_p03_central_tail,0.0,0.0,1.0,0.0
门头沟区,2016,20.0,no_screening_flag,E1_p03_central_tail,0.0,0.0,1.0,0.0
门头沟区,2017,16.7,no_screening_flag,E1_p03_central_tail,0.022179,0.0,1.0,0.022179
门头沟区,2018,17.0,cross_report_value_disagreement,E1_p03_central_tail,0.022179,0.0,1.0,0.022179
门头沟区,2019,38.2,large_year_to_year_change_gt5m,E1_p03_central_tail,0.0,0.0,1.0,0.0
门头沟区,2020,35.8,no_screening_flag,E1_p03_central_tail,0.0,0.0,1.0,0.0
顺义区,2000,16.8,no_screening_flag,E1_p03_central_tail,0.0,0.0,0.9285714285714286,0.0
顺义区,2001,17.5,no_screening_flag,E1_p03_central_tail,0.0,0.0,0.9285714285714286,0.0
顺义区,2002,18.7,bulletin_marked_draft,E1_p03_central_tail,0.0,0.0,0.9285714285714286,0.0
顺义区,2003,19.1,low_resolution_photographed_chart;source_chart_city_control_disagreement,E1_p03_central_tail,0.0,0.0,0.9285714285714286,0.0
顺义区,2004,22.3,low_resolution_photographed_chart;source_chart_city_control_disagreement,E1_p03_central_tail,0.0,0.0,0.9285714285714286,0.0
顺义区,2005,24.4,low_resolution_photographed_chart,E1_p03_central_tail,0.0,0.0,0.9285714285714286,0.0
顺义区,2006,26.2,low_resolution_photographed_chart,E1_p03_central_tail,0.0,0.0,0.9333333333333332,0.0
顺义区,2007,28.2,low_resolution_photographed_chart,E1_p03_central_tail,0.0,0.0,0.938095238095238,0.0
顺义区,2008,29.0,no_screening_flag,E1_p03_central_tail,0.0,0.0,0.9428571428571428,0.0
顺义区,2009,30.4,no_screening_flag,E1_p03_central_tail,0.0,0.0,0.9476190476190476,0.0
顺义区,2010,31.6,no_screening_flag,E1_p03_central_tail,0.0,0.0,0.9523809523809524,0.0
顺义区,2011,32.4,no_screening_flag,E1_p03_central_tail,0.0,0.0,0.9619047619047618,0.0
顺义区,2012,32.4,no_screening_flag,E1_p03_central_tail,0.0,0.0,0.9714285714285714,0.0
顺义区,2013,33.4,no_screening_flag,E1_p03_central_tail,0.0,0.0,0.9809523809523808,0.0
顺义区,2014,34.4,no_screening_flag,E1_p03_central_tail,0.0,0.0,0.9904761904761904,0.0
顺义区,2015,34.3,no_screening_flag,E1_p03_central_tail,0.0,0.0,1.0,0.0
顺义区,2016,33.7,no_screening_flag,E1_p03_central_tail,0.0,0.0,1.0,0.0
顺义区,2017,34.1,no_screening_flag,E1_p03_central_tail,0.0,0.0,1.0,0.0
顺义区,2018,33.3,no_screening_flag,E1_p03_central_tail,0.0,0.0,1.0,0.0
顺义区,2019,32.2,no_screening_flag,E1_p03_central_tail,0.0,0.0,1.0,0.0
顺义区,2020,29.3,no_screening_flag,E1_p03_central_tail,0.0,0.0,1.0,0.0
大兴区,2000,11.7,no_screening_flag,E2_m03_extend,0.087487,0.0,0.3091787439613526,0.027049120772946852
大兴区,2001,12.6,no_screening_flag,E2_m03_extend,0.087487,0.0,0.3690821256038647,0.03228988792270531
大兴区,2002,13.2,bulletin_marked_draft;cross_report_value_disagreement,E2_m03_extend,0.009993,0.0,0.4289855072463768,0.0042868521739130435
大兴区,2003,13.9,low_resolution_photographed_chart;source_chart_city_control_disagreement,E2_m03_extend,0.009993,0.0,0.4888888888888889,0.004885466666666667
大兴区,2004,15.0,low_resolution_photographed_chart;source_chart_city_control_disagreement,E2_m03_extend,0.009993,0.0,0.548792270531401,0.00548408115942029
大兴区,2005,15.9,low_resolution_photographed_chart,E2_m03_extend,0.009993,0.0,0.6086956521739131,0.006082695652173914
大兴区,2006,17.3,low_resolution_photographed_chart,E2_m03_extend,0.0,0.0,0.6328502415458938,0.0
大兴区,2007,17.9,low_resolution_photographed_chart,E2_m03_extend,0.0,0.0,0.6570048309178744,0.0
大兴区,2008,18.6,no_screening_flag,E2_m03_extend,0.0,0.0,0.6811594202898551,0.0
大兴区,2009,19.3,no_screening_flag,E2_m03_extend,0.0,0.0,0.7053140096618358,0.0
大兴区,2010,18.8,no_screening_flag,E2_m03_extend,0.0,0.0,0.7294685990338164,0.0
大兴区,2011,18.9,no_screening_flag,E2_m03_extend,0.0,0.0,0.7323671497584541,0.0
大兴区,2012,17.9,no_screening_flag,E2_m03_extend,0.0,0.0,0.7352657004830918,0.0
大兴区,2013,17.8,no_screening_flag,E2_m03_extend,0.0,0.0,0.7381642512077294,0.0
大兴区,2014,19.0,no_screening_flag,E2_m03_extend,0.0,0.0,0.7410628019323672,0.0
大兴区,2015,18.7,no_screening_flag,E2_m03_extend,0.0,0.0,0.7439613526570048,0.0
大兴区,2016,17.8,no_screening_flag,E2_m03_extend,0.0,0.0,0.7951690821256039,0.0
大兴区,2017,17.9,no_screening_flag,E2_m03_extend,0.0,0.0,0.8463768115942029,0.0
大兴区,2018,17.9,no_screening_flag,E2_m03_extend,0.0,0.0,0.8975845410628019,0.0
大兴区,2019,17.8,no_screening_flag,E2_m03_extend,0.0,0.0,0.9487922705314008,0.0
大兴区,2020,16.8,no_screening_flag,E2_m03_extend,0.0,-0.9993,1.0,0.0
密云区,2000,19.3,no_screening_flag,E2_m03_extend,0.0,0.0,0.53125,0.0
密云区,2001,22.0,bulletin_marked_draft;primary_figure_occluded_used_alternate_source,E2_m03_extend,0.0,0.0,0.58125,0.0
密云区,2002,22.7,bulletin_marked_draft;cross_report_value_disagreement,E2_m03_extend,0.0,0.0,0.63125,0.0
密云区,2003,24.2,cross_report_value_disagreement;low_resolution_photographed_chart;source_chart_city_control_disagreement,E2_m03_extend,0.0,0.0,0.68125,0.0
密云区,2004,25.5,low_resolution_photographed_chart;source_chart_city_control_disagreement,E2_m03_extend,0.0,0.0,0.73125,0.0
密云区,2005,25.4,low_resolution_photographed_chart,E2_m03_extend,0.0,0.0,0.78125,0.0
密云区,2006,26.1,low_resolution_photographed_chart,E2_m03_extend,0.0,0.0,0.78125,0.0
密云区,2007,28.0,low_resolution_photographed_chart,E2_m03_extend,0.0,0.0,0.78125,0.0
密云区,2008,28.2,no_screening_flag,E2_m03_extend,0.0,0.0,0.78125,0.0
密云区,2009,28.9,no_screening_flag,E2_m03_extend,0.0,0.0,0.78125,0.0
密云区,2010,29.9,no_screening_flag,E2_m03_extend,0.0,0.0,0.78125,0.0
密云区,2011,29.5,no_screening_flag,E2_m03_extend,0.0,0.0,0.78125,0.0
密云区,2012,28.7,no_screening_flag,E2_m03_extend,0.0,0.0,0.78125,0.0
密云区,2013,29.8,no_screening_flag,E2_m03_extend,0.0,0.0,0.78125,0.0
密云区,2014,30.4,no_screening_flag,E2_m03_extend,0.0,0.0,0.78125,0.0
密云区,2015,30.6,no_screening_flag,E2_m03_extend,0.0,0.0,0.78125,0.0
密云区,2016,29.7,no_screening_flag,E2_m03_extend,0.0,0.0,0.825,0.0
密云区,2017,31.3,no_screening_flag,E2_m03_extend,0.0,0.0,0.86875,0.0
密云区,2018,24.9,large_year_to_year_change_gt5m,E2_m03_extend,0.0,0.0,0.9125,0.0
密云区,2019,24.8,no_screening_flag,E2_m03_extend,0.0,0.0,0.95625,0.0
密云区,2020,25.2,no_screening_flag,E2_m03_extend,0.0,0.0,1.0,0.0
平谷区,2000,19.6,no_screening_flag,E2_m03_extend,0.0,0.0,0.75,0.0
平谷区,2001,17.9,no_screening_flag,E2_m03_extend,0.0,0.0,0.7833333333333333,0.0
平谷区,2002,20.7,bulletin_marked_draft;cross_report_value_disagreement,E2_m03_extend,0.0,0.0,0.8166666666666667,0.0
平谷区,2003,20.6,cross_report_value_disagreement;low_resolution_photographed_chart;source_chart_city_control_disagreement,E2_m03_extend,0.0,0.0,0.85,0.0
平谷区,2004,23.0,low_resolution_photographed_chart;source_chart_city_control_disagreement,E2_m03_extend,0.0,0.0,0.8833333333333333,0.0
平谷区,2005,26.0,low_resolution_photographed_chart,E2_m03_extend,0.0,0.0,0.9166666666666666,0.0
平谷区,2006,29.8,cross_report_value_disagreement;low_resolution_photographed_chart,E2_m03_extend,0.0,0.0,0.9333333333333332,0.0
平谷区,2007,33.2,low_resolution_photographed_chart,E2_m03_extend,0.0,0.0,0.95,0.0
平谷区,2008,34.6,no_screening_flag,E2_m03_extend,0.0,0.0,0.9666666666666668,0.0
平谷区,2009,37.7,no_screening_flag,E2_m03_extend,0.0,0.0,0.9833333333333332,0.0
平谷区,2010,39.4,no_screening_flag,E2_m03_extend,0.0,0.0,1.0,0.0
平谷区,2011,39.4,no_screening_flag,E2_m03_extend,0.0,0.0,1.0,0.0
平谷区,2012,37.3,no_screening_flag,E2_m03_extend,0.0,0.0,1.0,0.0
平谷区,2013,36.9,no_screening_flag,E2_m03_extend,0.0,0.0,1.0,0.0
平谷区,2014,40.5,no_screening_flag,E2_m03_extend,0.0,0.0,1.0,0.0
平谷区,2015,41.8,no_screening_flag,E2_m03_extend,0.0,0.0,1.0,0.0
平谷区,2016,42.4,no_screening_flag,E2_m03_extend,0.0,0.0,1.0,0.0
平谷区,2017,42.0,no_screening_flag,E2_m03_extend,0.0,0.0,1.0,0.0
平谷区,2018,32.8,large_year_to_year_change_gt5m,E2_m03_extend,0.0,0.0,1.0,0.0
平谷区,2019,33.8,no_screening_flag,E2_m03_extend,0.0,0.0,1.0,0.0
平谷区,2020,35.8,no_screening_flag,E2_m03_extend,0.0,0.0,1.0,0.0
延庆区,2000,8.4,no_screening_flag,E2_m03_extend,0.18273799999999998,0.0,0.6666666666666666,0.12182533333333331
延庆区,2001,8.2,no_screening_flag,E2_m03_extend,0.18273799999999998,0.0,0.6888888888888889,0.12588617777777777
延庆区,2002,8.3,bulletin_marked_draft;cross_report_value_disagreement,E2_m03_extend,0.18273799999999998,0.0,0.7111111111111111,0.1299470222222222
延庆区,2003,8.6,low_resolution_photographed_chart;source_chart_city_control_disagreement,E2_m03_extend,0.18273799999999998,0.0,0.7333333333333333,0.13400786666666664
延庆区,2004,8.5,low_resolution_photographed_chart;source_chart_city_control_disagreement,E2_m03_extend,0.18273799999999998,0.0,0.7555555555555555,0.1380687111111111
延庆区,2005,8.7,low_resolution_photographed_chart,E2_m03_extend,0.18273799999999998,0.0,0.7777777777777778,0.14212955555555554
延庆区,2006,8.4,low_resolution_photographed_chart,E2_m03_extend,0.18273799999999998,0.0,0.7777777777777778,0.14212955555555554
延庆区,2007,9.0,low_resolution_photographed_chart,E2_m03_extend,0.18273799999999998,0.0,0.7777777777777778,0.14212955555555554
延庆区,2008,8.8,no_screening_flag,E2_m03_extend,0.18273799999999998,0.0,0.7777777777777778,0.14212955555555554
延庆区,2009,9.2,no_screening_flag,E2_m03_extend,0.18273799999999998,16.2319,0.7777777777777778,0.14212955555555554
延庆区,2010,9.3,no_screening_flag,E2_m03_extend,0.18273799999999998,16.2319,0.7777777777777778,0.14212955555555554
延庆区,2011,9.3,no_screening_flag,E2_m03_extend,0.18273799999999998,16.2319,0.7777777777777778,0.14212955555555554
延庆区,2012,9.2,no_screening_flag,E2_m03_extend,0.18273799999999998,16.2319,0.7777777777777778,0.14212955555555554
延庆区,2013,9.3,no_screening_flag,E2_m03_extend,0.18273799999999998,16.2319,0.7777777777777778,0.14212955555555554
延庆区,2014,10.4,no_screening_flag,E2_m03_extend,0.020419,0.0,0.7777777777777778,0.015881444444444445
延庆区,2015,10.4,no_screening_flag,E2_m03_extend,0.020419,0.0,0.7777777777777778,0.015881444444444445
延庆区,2016,9.8,no_screening_flag,E2_m03_extend,0.020419,0.0,0.8222222222222222,0.016788955555555554
延庆区,2017,10.0,no_screening_flag,E2_m03_extend,0.020419,0.0,0.8666666666666667,0.017696466666666667
延庆区,2018,9.7,no_screening_flag,E2_m03_extend,0.020419,0.0,0.9111111111111112,0.01860397777777778
延庆区,2019,9.8,no_screening_flag,E2_m03_extend,0.020419,0.0,0.9555555555555556,0.01951148888888889
延庆区,2020,7.2,no_screening_flag,E2_m03_extend,0.18273799999999998,0.0,1.0,0.18273799999999998
怀柔区,2000,6.9,no_screening_flag,E2_m03_extend,0.387258,0.0,0.5714285714285714,0.2212902857142857
怀柔区,2001,7.7,no_screening_flag,E2_m03_extend,0.387258,0.0,0.638095238095238,0.2471074857142857
怀柔区,2002,10.4,bulletin_marked_draft;cross_report_value_disagreement,E2_m03_extend,0.031538,0.0,0.7047619047619047,0.022226780952380946
怀柔区,2003,11.7,low_resolution_photographed_chart;source_chart_city_control_disagreement,E2_m03_extend,0.031538,0.0,0.7714285714285714,0.02432931428571428
怀柔区,2004,14.1,low_resolution_photographed_chart;source_chart_city_control_disagreement,E2_m03_extend,0.0,0.0,0.8380952380952381,0.0
怀柔区,2005,15.9,low_resolution_photographed_chart,E2_m03_extend,0.0,0.0,0.9047619047619048,0.0
怀柔区,2006,16.7,low_resolution_photographed_chart,E2_m03_extend,0.0,0.0,0.9142857142857144,0.0
怀柔区,2007,19.2,low_resolution_photographed_chart,E2_m03_extend,0.0,0.0,0.9238095238095236,0.0
怀柔区,2008,19.7,no_screening_flag,E2_m03_extend,0.0,0.0,0.9333333333333332,0.0
怀柔区,2009,20.1,no_screening_flag,E2_m03_extend,0.0,0.0,0.9428571428571428,0.0
怀柔区,2010,21.3,no_screening_flag,E2_m03_extend,0.0,0.0,0.9523809523809524,0.0
怀柔区,2011,22.3,no_screening_flag,E2_m03_extend,0.0,0.0,0.9523809523809524,0.0
怀柔区,2012,21.2,no_screening_flag,E2_m03_extend,0.0,0.0,0.9523809523809524,0.0
怀柔区,2013,21.5,no_screening_flag,E2_m03_extend,0.0,0.0,0.9523809523809524,0.0
怀柔区,2014,22.6,no_screening_flag,E2_m03_extend,0.0,0.0,0.9523809523809524,0.0
怀柔区,2015,22.3,no_screening_flag,E2_m03_extend,0.0,0.0,0.9523809523809524,0.0
怀柔区,2016,21.6,no_screening_flag,E2_m03_extend,0.0,0.0,0.9619047619047618,0.0
怀柔区,2017,21.2,no_screening_flag,E2_m03_extend,0.0,0.0,0.9714285714285714,0.0
怀柔区,2018,17.3,no_screening_flag,E2_m03_extend,0.0,0.0,0.9809523809523808,0.0
怀柔区,2019,15.8,no_screening_flag,E2_m03_extend,0.0,0.0,0.9904761904761904,0.0
怀柔区,2020,16.3,no_screening_flag,E2_m03_extend,0.0,0.0,1.0,0.0
房山区,2000,10.4,no_screening_flag,E2_m03_extend,0.09858,0.0,0.6973684210526315,0.06874657894736842
房山区,2001,12.0,no_screening_flag,E2_m03_extend,0.09858,0.0,0.7210526315789473,0.07108136842105263
房山区,2002,11.7,bulletin_marked_draft;cross_report_value_disagreement,E2_m03_extend,0.09858,0.0,0.7447368421052631,0.07341615789473684
房山区,2003,11.1,low_resolution_photographed_chart;source_chart_city_control_disagreement,E2_m03_extend,0.09858,0.0,0.7684210526315789,0.07575094736842104
房山区,2004,11.4,low_resolution_photographed_chart;source_chart_city_control_disagreement,E2_m03_extend,0.09858,0.0,0.7921052631578948,0.07808573684210526
房山区,2005,20.0,large_year_to_year_change_gt5m;low_resolution_photographed_chart,E2_m03_extend,0.0,0.0,0.8157894736842105,0.0
房山区,2006,11.8,large_year_to_year_change_gt5m;low_resolution_photographed_chart,E2_m03_extend,0.09858,0.0,0.85,0.08379299999999999
房山区,2007,11.6,low_resolution_photographed_chart,E2_m03_extend,0.09858,0.0,0.8842105263157894,0.08716547368421053
房山区,2008,11.1,no_screening_flag,E2_m03_extend,0.09858,0.0,0.9184210526315788,0.09053794736842104
房山区,2009,11.6,no_screening_flag,E2_m03_extend,0.09858,0.0,0.9526315789473684,0.09391042105263157
房山区,2010,12.6,no_screening_flag,E2_m03_extend,0.09858,0.0,0.986842105263158,0.09728289473684211
房山区,2011,10.7,no_screening_flag,E2_m03_extend,0.09858,0.0,0.9894736842105264,0.0975423157894737
房山区,2012,8.4,no_screening_flag,E2_m03_extend,0.491026,0.0,0.9921052631578948,0.4871494789473685
房山区,2013,8.9,no_screening_flag,E2_m03_extend,0.491026,0.0,0.9947368421052633,0.488441652631579
房山区,2014,10.2,no_screening_flag,E2_m03_extend,0.09858,0.0,0.9973684210526316,0.09832057894736843
房山区,2015,10.6,no_screening_flag,E2_m03_extend,0.09858,0.0,1.0,0.09858
房山区,2016,9.0,no_screening_flag,E2_m03_extend,0.491026,0.0,1.0,0.491026
房山区,2017,9.3,no_screening_flag,E2_m03_extend,0.491026,39.2446,1.0,0.491026
房山区,2018,9.6,no_screening_flag,E2_m03_extend,0.09858,0.0,1.0,0.09858
房山区,2019,10.5,no_screening_flag,E2_m03_extend,0.09858,0.0,1.0,0.09858
房山区,2020,8.6,no_screening_flag,E2_m03_extend,0.491026,0.0,1.0,0.491026
昌平区,2000,15.9,no_screening_flag,E2_m03_extend,0.001292,0.0,0.6014492753623188,0.0007770724637681159
昌平区,2001,17.4,no_screening_flag,E2_m03_extend,0.0,0.0,0.6434782608695653,0.0
昌平区,2002,19.1,bulletin_marked_draft,E2_m03_extend,0.0,0.0,0.6855072463768116,0.0
昌平区,2003,18.5,cross_report_value_disagreement;low_resolution_photographed_chart;source_chart_city_control_disagreement,E2_m03_extend,0.0,0.0,0.727536231884058,0.0
昌平区,2004,21.1,low_resolution_photographed_chart;source_chart_city_control_disagreement,E2_m03_extend,0.0,0.0,0.7695652173913043,0.0
昌平区,2005,22.7,low_resolution_photographed_chart,E2_m03_extend,0.0,0.0,0.8115942028985508,0.0
昌平区,2006,23.1,low_resolution_photographed_chart,E2_m03_extend,0.0,0.0,0.846376811594203,0.0
昌平区,2007,25.3,low_resolution_photographed_chart,E2_m03_extend,0.0,0.0,0.8811594202898552,0.0
昌平区,2008,26.3,no_screening_flag,E2_m03_extend,0.0,0.0,0.9159420289855073,0.0
昌平区,2009,27.5,no_screening_flag,E2_m03_extend,0.0,0.0,0.9507246376811594,0.0
昌平区,2010,29.3,no_screening_flag,E2_m03_extend,0.0,0.0,0.9855072463768116,0.0
昌平区,2011,29.9,no_screening_flag,E2_m03_extend,0.0,0.0,0.9884057971014492,0.0
昌平区,2012,30.2,no_screening_flag,E2_m03_extend,0.0,0.0,0.991304347826087,0.0
昌平区,2013,31.3,no_screening_flag,E2_m03_extend,0.0,0.0,0.9942028985507246,0.0
昌平区,2014,32.3,no_screening_flag,E2_m03_extend,0.0,0.0,0.9971014492753624,0.0
昌平区,2015,32.3,no_screening_flag,E2_m03_extend,0.0,0.0,1.0,0.0
昌平区,2016,30.7,no_screening_flag,E2_m03_extend,0.0,0.0,1.0,0.0
昌平区,2017,30.2,no_screening_flag,E2_m03_extend,0.0,0.0,1.0,0.0
昌平区,2018,29.4,no_screening_flag,E2_m03_extend,0.0,0.0,1.0,0.0
昌平区,2019,28.8,no_screening_flag,E2_m03_extend,0.0,0.0,1.0,0.0
昌平区,2020,27.1,no_screening_flag,E2_m03_extend,0.0,0.0,1.0,0.0
通州区,2000,5.7,no_screening_flag,E2_m03_extend,1.0,56.2538,0.4421052631578947,0.4421052631578947
通州区,2001,6.4,no_screening_flag,E2_m03_extend,0.437462,0.0,0.4694736842105263,0.20537689684210528
通州区,2002,6.4,bulletin_marked_draft;cross_report_value_disagreement,E2_m03_extend,0.437462,0.0,0.4968421052631579,0.2173495410526316
通州区,2003,7.0,low_resolution_photographed_chart;source_chart_city_control_disagreement,E2_m03_extend,0.437462,0.0,0.5242105263157895,0.2293221852631579
通州区,2004,7.5,low_resolution_photographed_chart;source_chart_city_control_disagreement,E2_m03_extend,0.437462,0.0,0.5515789473684211,0.24129482947368422
通州区,2005,8.1,low_resolution_photographed_chart,E2_m03_extend,0.437462,0.0,0.5789473684210527,0.25326747368421054
通州区,2006,7.6,low_resolution_photographed_chart,E2_m03_extend,0.437462,0.0,0.6063157894736843,0.2652401178947369
通州区,2007,7.5,low_resolution_photographed_chart,E2_m03_extend,0.437462,0.0,0.6336842105263158,0.2772127621052632
通州区,2008,7.6,no_screening_flag,E2_m03_extend,0.437462,0.0,0.6610526315789473,0.2891854063157895
通州区,2009,7.2,no_screening_flag,E2_m03_extend,0.437462,0.0,0.6884210526315789,0.3011580505263158
通州区,2010,7.4,no_screening_flag,E2_m03_extend,0.437462,0.0,0.7157894736842105,0.31313069473684213
通州区,2011,7.1,no_screening_flag,E2_m03_extend,0.437462,0.0,0.72,0.31497264
通州区,2012,6.6,no_screening_flag,E2_m03_extend,0.437462,0.0,0.7242105263157894,0.31681458526315787
通州区,2013,6.8,no_screening_flag,E2_m03_extend,0.437462,0.0,0.728421052631579,0.3186565305263158
通州区,2014,7.5,no_screening_flag,E2_m03_extend,0.437462,0.0,0.7326315789473684,0.3204984757894737
通州区,2015,8.1,no_screening_flag,E2_m03_extend,0.437462,0.0,0.7368421052631579,0.32234042105263155
通州区,2016,7.6,no_screening_flag,E2_m03_extend,0.437462,0.0,0.7894736842105263,0.3453647368421053
通州区,2017,7.8,no_screening_flag,E2_m03_extend,0.437462,0.0,0.8421052631578947,0.36838905263157895
通州区,2018,7.3,no_screening_flag,E2_m03_extend,0.437462,0.0,0.8947368421052632,0.3914133684210527
通州区,2019,8.2,no_screening_flag,E2_m03_extend,0.437462,0.0,0.9473684210526316,0.41443768421052635
通州区,2020,7.8,no_screening_flag,E2_m03_extend,0.437462,0.0,1.0,0.437462
门头沟区,2000,19.3,no_screening_flag,E2_m03_extend,0.0,0.0,0.5294117647058824,0.0
门头沟区,2001,19.9,no_screening_flag,E2_m03_extend,0.0,0.0,0.5941176470588235,0.0
门头沟区,2002,19.7,bulletin_marked_draft;cross_report_value_disagreement,E2_m03_extend,0.0,0.0,0.6588235294117647,0.0
门头沟区,2003,19.9,low_resolution_photographed_chart;source_chart_city_control_disagreement,E2_m03_extend,0.0,0.0,0.7235294117647059,0.0
门头沟区,2004,19.6,low_resolution_photographed_chart;source_chart_city_control_disagreement,E2_m03_extend,0.0,0.0,0.788235294117647,0.0
门头沟区,2005,20.0,low_resolution_photographed_chart,E2_m03_extend,0.0,0.0,0.8529411764705882,0.0
门头沟区,2006,19.0,low_resolution_photographed_chart,E2_m03_extend,0.0,0.0,0.8588235294117647,0.0
门头沟区,2007,19.8,low_resolution_photographed_chart,E2_m03_extend,0.0,0.0,0.8647058823529411,0.0
门头沟区,2008,20.1,no_screening_flag,E2_m03_extend,0.0,0.0,0.8705882352941177,0.0
门头沟区,2009,20.5,no_screening_flag,E2_m03_extend,0.0,0.0,0.8764705882352941,0.0
门头沟区,2010,20.7,no_screening_flag,E2_m03_extend,0.0,0.0,0.8823529411764706,0.0
门头沟区,2011,20.0,no_screening_flag,E2_m03_extend,0.0,0.0,0.9058823529411764,0.0
门头沟区,2012,19.4,no_screening_flag,E2_m03_extend,0.0,0.0,0.9294117647058824,0.0
门头沟区,2013,21.5,no_screening_flag,E2_m03_extend,0.0,0.0,0.9529411764705882,0.0
门头沟区,2014,23.3,no_screening_flag,E2_m03_extend,0.0,0.0,0.976470588235294,0.0
门头沟区,2015,23.0,no_screening_flag,E2_m03_extend,0.0,0.0,1.0,0.0
门头沟区,2016,20.0,no_screening_flag,E2_m03_extend,0.0,0.0,1.0,0.0
门头沟区,2017,16.7,no_screening_flag,E2_m03_extend,0.0,-2.2179,1.0,0.0
门头沟区,2018,17.0,cross_report_value_disagreement,E2_m03_extend,0.0,-2.2179,1.0,0.0
门头沟区,2019,38.2,large_year_to_year_change_gt5m,E2_m03_extend,0.0,0.0,1.0,0.0
门头沟区,2020,35.8,no_screening_flag,E2_m03_extend,0.0,0.0,1.0,0.0
顺义区,2000,16.8,no_screening_flag,E2_m03_extend,0.0,0.0,0.9285714285714286,0.0
顺义区,2001,17.5,no_screening_flag,E2_m03_extend,0.0,0.0,0.9285714285714286,0.0
顺义区,2002,18.7,bulletin_marked_draft,E2_m03_extend,0.0,0.0,0.9285714285714286,0.0
顺义区,2003,19.1,low_resolution_photographed_chart;source_chart_city_control_disagreement,E2_m03_extend,0.0,0.0,0.9285714285714286,0.0
顺义区,2004,22.3,low_resolution_photographed_chart;source_chart_city_control_disagreement,E2_m03_extend,0.0,0.0,0.9285714285714286,0.0
顺义区,2005,24.4,low_resolution_photographed_chart,E2_m03_extend,0.0,0.0,0.9285714285714286,0.0
顺义区,2006,26.2,low_resolution_photographed_chart,E2_m03_extend,0.0,0.0,0.9333333333333332,0.0
顺义区,2007,28.2,low_resolution_photographed_chart,E2_m03_extend,0.0,0.0,0.938095238095238,0.0
顺义区,2008,29.0,no_screening_flag,E2_m03_extend,0.0,0.0,0.9428571428571428,0.0
顺义区,2009,30.4,no_screening_flag,E2_m03_extend,0.0,0.0,0.9476190476190476,0.0
顺义区,2010,31.6,no_screening_flag,E2_m03_extend,0.0,0.0,0.9523809523809524,0.0
顺义区,2011,32.4,no_screening_flag,E2_m03_extend,0.0,0.0,0.9619047619047618,0.0
顺义区,2012,32.4,no_screening_flag,E2_m03_extend,0.0,0.0,0.9714285714285714,0.0
顺义区,2013,33.4,no_screening_flag,E2_m03_extend,0.0,0.0,0.9809523809523808,0.0
顺义区,2014,34.4,no_screening_flag,E2_m03_extend,0.0,0.0,0.9904761904761904,0.0
顺义区,2015,34.3,no_screening_flag,E2_m03_extend,0.0,0.0,1.0,0.0
顺义区,2016,33.7,no_screening_flag,E2_m03_extend,0.0,0.0,1.0,0.0
顺义区,2017,34.1,no_screening_flag,E2_m03_extend,0.0,0.0,1.0,0.0
顺义区,2018,33.3,no_screening_flag,E2_m03_extend,0.0,0.0,1.0,0.0
顺义区,2019,32.2,no_screening_flag,E2_m03_extend,0.0,0.0,1.0,0.0
顺义区,2020,29.3,no_screening_flag,E2_m03_extend,0.0,0.0,1.0,0.0
大兴区,2000,11.7,no_screening_flag,E2_m03_central_tail,0.087487,0.0,0.3091787439613526,0.027049120772946852
大兴区,2001,12.6,no_screening_flag,E2_m03_central_tail,0.087487,0.0,0.3690821256038647,0.03228988792270531
大兴区,2002,13.2,bulletin_marked_draft;cross_report_value_disagreement,E2_m03_central_tail,0.009993,0.0,0.4289855072463768,0.0042868521739130435
大兴区,2003,13.9,low_resolution_photographed_chart;source_chart_city_control_disagreement,E2_m03_central_tail,0.009993,0.0,0.4888888888888889,0.004885466666666667
大兴区,2004,15.0,low_resolution_photographed_chart;source_chart_city_control_disagreement,E2_m03_central_tail,0.009993,0.0,0.548792270531401,0.00548408115942029
大兴区,2005,15.9,low_resolution_photographed_chart,E2_m03_central_tail,0.009993,0.0,0.6086956521739131,0.006082695652173914
大兴区,2006,17.3,low_resolution_photographed_chart,E2_m03_central_tail,0.0,0.0,0.6328502415458938,0.0
大兴区,2007,17.9,low_resolution_photographed_chart,E2_m03_central_tail,0.0,0.0,0.6570048309178744,0.0
大兴区,2008,18.6,no_screening_flag,E2_m03_central_tail,0.0,0.0,0.6811594202898551,0.0
大兴区,2009,19.3,no_screening_flag,E2_m03_central_tail,0.0,0.0,0.7053140096618358,0.0
大兴区,2010,18.8,no_screening_flag,E2_m03_central_tail,0.0,0.0,0.7294685990338164,0.0
大兴区,2011,18.9,no_screening_flag,E2_m03_central_tail,0.0,0.0,0.7323671497584541,0.0
大兴区,2012,17.9,no_screening_flag,E2_m03_central_tail,0.0,0.0,0.7352657004830918,0.0
大兴区,2013,17.8,no_screening_flag,E2_m03_central_tail,0.0,0.0,0.7381642512077294,0.0
大兴区,2014,19.0,no_screening_flag,E2_m03_central_tail,0.0,0.0,0.7410628019323672,0.0
大兴区,2015,18.7,no_screening_flag,E2_m03_central_tail,0.0,0.0,0.7439613526570048,0.0
大兴区,2016,17.8,no_screening_flag,E2_m03_central_tail,0.0,0.0,0.7951690821256039,0.0
大兴区,2017,17.9,no_screening_flag,E2_m03_central_tail,0.0,0.0,0.8463768115942029,0.0
大兴区,2018,17.9,no_screening_flag,E2_m03_central_tail,0.0,0.0,0.8975845410628019,0.0
大兴区,2019,17.8,no_screening_flag,E2_m03_central_tail,0.0,0.0,0.9487922705314008,0.0
大兴区,2020,16.8,no_screening_flag,E2_m03_central_tail,0.009993,0.0,1.0,0.009993
密云区,2000,19.3,no_screening_flag,E2_m03_central_tail,0.0,0.0,0.53125,0.0
密云区,2001,22.0,bulletin_marked_draft;primary_figure_occluded_used_alternate_source,E2_m03_central_tail,0.0,0.0,0.58125,0.0
密云区,2002,22.7,bulletin_marked_draft;cross_report_value_disagreement,E2_m03_central_tail,0.0,0.0,0.63125,0.0
密云区,2003,24.2,cross_report_value_disagreement;low_resolution_photographed_chart;source_chart_city_control_disagreement,E2_m03_central_tail,0.0,0.0,0.68125,0.0
密云区,2004,25.5,low_resolution_photographed_chart;source_chart_city_control_disagreement,E2_m03_central_tail,0.0,0.0,0.73125,0.0
密云区,2005,25.4,low_resolution_photographed_chart,E2_m03_central_tail,0.0,0.0,0.78125,0.0
密云区,2006,26.1,low_resolution_photographed_chart,E2_m03_central_tail,0.0,0.0,0.78125,0.0
密云区,2007,28.0,low_resolution_photographed_chart,E2_m03_central_tail,0.0,0.0,0.78125,0.0
密云区,2008,28.2,no_screening_flag,E2_m03_central_tail,0.0,0.0,0.78125,0.0
密云区,2009,28.9,no_screening_flag,E2_m03_central_tail,0.0,0.0,0.78125,0.0
密云区,2010,29.9,no_screening_flag,E2_m03_central_tail,0.0,0.0,0.78125,0.0
密云区,2011,29.5,no_screening_flag,E2_m03_central_tail,0.0,0.0,0.78125,0.0
密云区,2012,28.7,no_screening_flag,E2_m03_central_tail,0.0,0.0,0.78125,0.0
密云区,2013,29.8,no_screening_flag,E2_m03_central_tail,0.0,0.0,0.78125,0.0
密云区,2014,30.4,no_screening_flag,E2_m03_central_tail,0.0,0.0,0.78125,0.0
密云区,2015,30.6,no_screening_flag,E2_m03_central_tail,0.0,0.0,0.78125,0.0
密云区,2016,29.7,no_screening_flag,E2_m03_central_tail,0.0,0.0,0.825,0.0
密云区,2017,31.3,no_screening_flag,E2_m03_central_tail,0.0,0.0,0.86875,0.0
密云区,2018,24.9,large_year_to_year_change_gt5m,E2_m03_central_tail,0.0,0.0,0.9125,0.0
密云区,2019,24.8,no_screening_flag,E2_m03_central_tail,0.0,0.0,0.95625,0.0
密云区,2020,25.2,no_screening_flag,E2_m03_central_tail,0.0,0.0,1.0,0.0
平谷区,2000,19.6,no_screening_flag,E2_m03_central_tail,0.0,0.0,0.75,0.0
平谷区,2001,17.9,no_screening_flag,E2_m03_central_tail,0.0,0.0,0.7833333333333333,0.0
平谷区,2002,20.7,bulletin_marked_draft;cross_report_value_disagreement,E2_m03_central_tail,0.0,0.0,0.8166666666666667,0.0
平谷区,2003,20.6,cross_report_value_disagreement;low_resolution_photographed_chart;source_chart_city_control_disagreement,E2_m03_central_tail,0.0,0.0,0.85,0.0
平谷区,2004,23.0,low_resolution_photographed_chart;source_chart_city_control_disagreement,E2_m03_central_tail,0.0,0.0,0.8833333333333333,0.0
平谷区,2005,26.0,low_resolution_photographed_chart,E2_m03_central_tail,0.0,0.0,0.9166666666666666,0.0
平谷区,2006,29.8,cross_report_value_disagreement;low_resolution_photographed_chart,E2_m03_central_tail,0.0,0.0,0.9333333333333332,0.0
平谷区,2007,33.2,low_resolution_photographed_chart,E2_m03_central_tail,0.0,0.0,0.95,0.0
平谷区,2008,34.6,no_screening_flag,E2_m03_central_tail,0.0,0.0,0.9666666666666668,0.0
平谷区,2009,37.7,no_screening_flag,E2_m03_central_tail,0.0,0.0,0.9833333333333332,0.0
平谷区,2010,39.4,no_screening_flag,E2_m03_central_tail,0.0,0.0,1.0,0.0
平谷区,2011,39.4,no_screening_flag,E2_m03_central_tail,0.0,0.0,1.0,0.0
平谷区,2012,37.3,no_screening_flag,E2_m03_central_tail,0.0,0.0,1.0,0.0
平谷区,2013,36.9,no_screening_flag,E2_m03_central_tail,0.0,0.0,1.0,0.0
平谷区,2014,40.5,no_screening_flag,E2_m03_central_tail,0.0,0.0,1.0,0.0
平谷区,2015,41.8,no_screening_flag,E2_m03_central_tail,0.0,0.0,1.0,0.0
平谷区,2016,42.4,no_screening_flag,E2_m03_central_tail,0.0,0.0,1.0,0.0
平谷区,2017,42.0,no_screening_flag,E2_m03_central_tail,0.0,0.0,1.0,0.0
平谷区,2018,32.8,large_year_to_year_change_gt5m,E2_m03_central_tail,0.0,0.0,1.0,0.0
平谷区,2019,33.8,no_screening_flag,E2_m03_central_tail,0.0,0.0,1.0,0.0
平谷区,2020,35.8,no_screening_flag,E2_m03_central_tail,0.0,0.0,1.0,0.0
延庆区,2000,8.4,no_screening_flag,E2_m03_central_tail,0.18273799999999998,0.0,0.6666666666666666,0.12182533333333331
延庆区,2001,8.2,no_screening_flag,E2_m03_central_tail,0.18273799999999998,0.0,0.6888888888888889,0.12588617777777777
延庆区,2002,8.3,bulletin_marked_draft;cross_report_value_disagreement,E2_m03_central_tail,0.18273799999999998,0.0,0.7111111111111111,0.1299470222222222
延庆区,2003,8.6,low_resolution_photographed_chart;source_chart_city_control_disagreement,E2_m03_central_tail,0.18273799999999998,0.0,0.7333333333333333,0.13400786666666664
延庆区,2004,8.5,low_resolution_photographed_chart;source_chart_city_control_disagreement,E2_m03_central_tail,0.18273799999999998,0.0,0.7555555555555555,0.1380687111111111
延庆区,2005,8.7,low_resolution_photographed_chart,E2_m03_central_tail,0.18273799999999998,0.0,0.7777777777777778,0.14212955555555554
延庆区,2006,8.4,low_resolution_photographed_chart,E2_m03_central_tail,0.18273799999999998,0.0,0.7777777777777778,0.14212955555555554
延庆区,2007,9.0,low_resolution_photographed_chart,E2_m03_central_tail,0.18273799999999998,0.0,0.7777777777777778,0.14212955555555554
延庆区,2008,8.8,no_screening_flag,E2_m03_central_tail,0.18273799999999998,0.0,0.7777777777777778,0.14212955555555554
延庆区,2009,9.2,no_screening_flag,E2_m03_central_tail,0.18273799999999998,16.2319,0.7777777777777778,0.14212955555555554
延庆区,2010,9.3,no_screening_flag,E2_m03_central_tail,0.18273799999999998,16.2319,0.7777777777777778,0.14212955555555554
延庆区,2011,9.3,no_screening_flag,E2_m03_central_tail,0.18273799999999998,16.2319,0.7777777777777778,0.14212955555555554
延庆区,2012,9.2,no_screening_flag,E2_m03_central_tail,0.18273799999999998,16.2319,0.7777777777777778,0.14212955555555554
延庆区,2013,9.3,no_screening_flag,E2_m03_central_tail,0.18273799999999998,16.2319,0.7777777777777778,0.14212955555555554
延庆区,2014,10.4,no_screening_flag,E2_m03_central_tail,0.020419,0.0,0.7777777777777778,0.015881444444444445
延庆区,2015,10.4,no_screening_flag,E2_m03_central_tail,0.020419,0.0,0.7777777777777778,0.015881444444444445
延庆区,2016,9.8,no_screening_flag,E2_m03_central_tail,0.020419,0.0,0.8222222222222222,0.016788955555555554
延庆区,2017,10.0,no_screening_flag,E2_m03_central_tail,0.020419,0.0,0.8666666666666667,0.017696466666666667
延庆区,2018,9.7,no_screening_flag,E2_m03_central_tail,0.020419,0.0,0.9111111111111112,0.01860397777777778
延庆区,2019,9.8,no_screening_flag,E2_m03_central_tail,0.020419,0.0,0.9555555555555556,0.01951148888888889
延庆区,2020,7.2,no_screening_flag,E2_m03_central_tail,0.18273799999999998,0.0,1.0,0.18273799999999998
怀柔区,2000,6.9,no_screening_flag,E2_m03_central_tail,0.387258,0.0,0.5714285714285714,0.2212902857142857
怀柔区,2001,7.7,no_screening_flag,E2_m03_central_tail,0.387258,0.0,0.638095238095238,0.2471074857142857
怀柔区,2002,10.4,bulletin_marked_draft;cross_report_value_disagreement,E2_m03_central_tail,0.031538,0.0,0.7047619047619047,0.022226780952380946
怀柔区,2003,11.7,low_resolution_photographed_chart;source_chart_city_control_disagreement,E2_m03_central_tail,0.031538,0.0,0.7714285714285714,0.02432931428571428
怀柔区,2004,14.1,low_resolution_photographed_chart;source_chart_city_control_disagreement,E2_m03_central_tail,0.0,0.0,0.8380952380952381,0.0
怀柔区,2005,15.9,low_resolution_photographed_chart,E2_m03_central_tail,0.0,0.0,0.9047619047619048,0.0
怀柔区,2006,16.7,low_resolution_photographed_chart,E2_m03_central_tail,0.0,0.0,0.9142857142857144,0.0
怀柔区,2007,19.2,low_resolution_photographed_chart,E2_m03_central_tail,0.0,0.0,0.9238095238095236,0.0
怀柔区,2008,19.7,no_screening_flag,E2_m03_central_tail,0.0,0.0,0.9333333333333332,0.0
怀柔区,2009,20.1,no_screening_flag,E2_m03_central_tail,0.0,0.0,0.9428571428571428,0.0
怀柔区,2010,21.3,no_screening_flag,E2_m03_central_tail,0.0,0.0,0.9523809523809524,0.0
怀柔区,2011,22.3,no_screening_flag,E2_m03_central_tail,0.0,0.0,0.9523809523809524,0.0
怀柔区,2012,21.2,no_screening_flag,E2_m03_central_tail,0.0,0.0,0.9523809523809524,0.0
怀柔区,2013,21.5,no_screening_flag,E2_m03_central_tail,0.0,0.0,0.9523809523809524,0.0
怀柔区,2014,22.6,no_screening_flag,E2_m03_central_tail,0.0,0.0,0.9523809523809524,0.0
怀柔区,2015,22.3,no_screening_flag,E2_m03_central_tail,0.0,0.0,0.9523809523809524,0.0
怀柔区,2016,21.6,no_screening_flag,E2_m03_central_tail,0.0,0.0,0.9619047619047618,0.0
怀柔区,2017,21.2,no_screening_flag,E2_m03_central_tail,0.0,0.0,0.9714285714285714,0.0
怀柔区,2018,17.3,no_screening_flag,E2_m03_central_tail,0.0,0.0,0.9809523809523808,0.0
怀柔区,2019,15.8,no_screening_flag,E2_m03_central_tail,0.0,0.0,0.9904761904761904,0.0
怀柔区,2020,16.3,no_screening_flag,E2_m03_central_tail,0.0,0.0,1.0,0.0
房山区,2000,10.4,no_screening_flag,E2_m03_central_tail,0.09858,0.0,0.6973684210526315,0.06874657894736842
房山区,2001,12.0,no_screening_flag,E2_m03_central_tail,0.09858,0.0,0.7210526315789473,0.07108136842105263
房山区,2002,11.7,bulletin_marked_draft;cross_report_value_disagreement,E2_m03_central_tail,0.09858,0.0,0.7447368421052631,0.07341615789473684
房山区,2003,11.1,low_resolution_photographed_chart;source_chart_city_control_disagreement,E2_m03_central_tail,0.09858,0.0,0.7684210526315789,0.07575094736842104
房山区,2004,11.4,low_resolution_photographed_chart;source_chart_city_control_disagreement,E2_m03_central_tail,0.09858,0.0,0.7921052631578948,0.07808573684210526
房山区,2005,20.0,large_year_to_year_change_gt5m;low_resolution_photographed_chart,E2_m03_central_tail,0.0,0.0,0.8157894736842105,0.0
房山区,2006,11.8,large_year_to_year_change_gt5m;low_resolution_photographed_chart,E2_m03_central_tail,0.09858,0.0,0.85,0.08379299999999999
房山区,2007,11.6,low_resolution_photographed_chart,E2_m03_central_tail,0.09858,0.0,0.8842105263157894,0.08716547368421053
房山区,2008,11.1,no_screening_flag,E2_m03_central_tail,0.09858,0.0,0.9184210526315788,0.09053794736842104
房山区,2009,11.6,no_screening_flag,E2_m03_central_tail,0.09858,0.0,0.9526315789473684,0.09391042105263157
房山区,2010,12.6,no_screening_flag,E2_m03_central_tail,0.09858,0.0,0.986842105263158,0.09728289473684211
房山区,2011,10.7,no_screening_flag,E2_m03_central_tail,0.09858,0.0,0.9894736842105264,0.0975423157894737
房山区,2012,8.4,no_screening_flag,E2_m03_central_tail,0.491026,0.0,0.9921052631578948,0.4871494789473685
房山区,2013,8.9,no_screening_flag,E2_m03_central_tail,0.491026,0.0,0.9947368421052633,0.488441652631579
房山区,2014,10.2,no_screening_flag,E2_m03_central_tail,0.09858,0.0,0.9973684210526316,0.09832057894736843
房山区,2015,10.6,no_screening_flag,E2_m03_central_tail,0.09858,0.0,1.0,0.09858
房山区,2016,9.0,no_screening_flag,E2_m03_central_tail,0.491026,0.0,1.0,0.491026
房山区,2017,9.3,no_screening_flag,E2_m03_central_tail,0.491026,39.2446,1.0,0.491026
房山区,2018,9.6,no_screening_flag,E2_m03_central_tail,0.09858,0.0,1.0,0.09858
房山区,2019,10.5,no_screening_flag,E2_m03_central_tail,0.09858,0.0,1.0,0.09858
房山区,2020,8.6,no_screening_flag,E2_m03_central_tail,0.491026,0.0,1.0,0.491026
昌平区,2000,15.9,no_screening_flag,E2_m03_central_tail,0.001292,0.0,0.6014492753623188,0.0007770724637681159
昌平区,2001,17.4,no_screening_flag,E2_m03_central_tail,0.0,0.0,0.6434782608695653,0.0
昌平区,2002,19.1,bulletin_marked_draft,E2_m03_central_tail,0.0,0.0,0.6855072463768116,0.0
昌平区,2003,18.5,cross_report_value_disagreement;low_resolution_photographed_chart;source_chart_city_control_disagreement,E2_m03_central_tail,0.0,0.0,0.727536231884058,0.0
昌平区,2004,21.1,low_resolution_photographed_chart;source_chart_city_control_disagreement,E2_m03_central_tail,0.0,0.0,0.7695652173913043,0.0
昌平区,2005,22.7,low_resolution_photographed_chart,E2_m03_central_tail,0.0,0.0,0.8115942028985508,0.0
昌平区,2006,23.1,low_resolution_photographed_chart,E2_m03_central_tail,0.0,0.0,0.846376811594203,0.0
昌平区,2007,25.3,low_resolution_photographed_chart,E2_m03_central_tail,0.0,0.0,0.8811594202898552,0.0
昌平区,2008,26.3,no_screening_flag,E2_m03_central_tail,0.0,0.0,0.9159420289855073,0.0
昌平区,2009,27.5,no_screening_flag,E2_m03_central_tail,0.0,0.0,0.9507246376811594,0.0
昌平区,2010,29.3,no_screening_flag,E2_m03_central_tail,0.0,0.0,0.9855072463768116,0.0
昌平区,2011,29.9,no_screening_flag,E2_m03_central_tail,0.0,0.0,0.9884057971014492,0.0
昌平区,2012,30.2,no_screening_flag,E2_m03_central_tail,0.0,0.0,0.991304347826087,0.0
昌平区,2013,31.3,no_screening_flag,E2_m03_central_tail,0.0,0.0,0.9942028985507246,0.0
昌平区,2014,32.3,no_screening_flag,E2_m03_central_tail,0.0,0.0,0.9971014492753624,0.0
昌平区,2015,32.3,no_screening_flag,E2_m03_central_tail,0.0,0.0,1.0,0.0
昌平区,2016,30.7,no_screening_flag,E2_m03_central_tail,0.0,0.0,1.0,0.0
昌平区,2017,30.2,no_screening_flag,E2_m03_central_tail,0.0,0.0,1.0,0.0
昌平区,2018,29.4,no_screening_flag,E2_m03_central_tail,0.0,0.0,1.0,0.0
昌平区,2019,28.8,no_screening_flag,E2_m03_central_tail,0.0,0.0,1.0,0.0
昌平区,2020,27.1,no_screening_flag,E2_m03_central_tail,0.0,0.0,1.0,0.0
通州区,2000,5.7,no_screening_flag,E2_m03_central_tail,1.0,56.2538,0.4421052631578947,0.4421052631578947
通州区,2001,6.4,no_screening_flag,E2_m03_central_tail,0.437462,0.0,0.4694736842105263,0.20537689684210528
通州区,2002,6.4,bulletin_marked_draft;cross_report_value_disagreement,E2_m03_central_tail,0.437462,0.0,0.4968421052631579,0.2173495410526316
通州区,2003,7.0,low_resolution_photographed_chart;source_chart_city_control_disagreement,E2_m03_central_tail,0.437462,0.0,0.5242105263157895,0.2293221852631579
通州区,2004,7.5,low_resolution_photographed_chart;source_chart_city_control_disagreement,E2_m03_central_tail,0.437462,0.0,0.5515789473684211,0.24129482947368422
通州区,2005,8.1,low_resolution_photographed_chart,E2_m03_central_tail,0.437462,0.0,0.5789473684210527,0.25326747368421054
通州区,2006,7.6,low_resolution_photographed_chart,E2_m03_central_tail,0.437462,0.0,0.6063157894736843,0.2652401178947369
通州区,2007,7.5,low_resolution_photographed_chart,E2_m03_central_tail,0.437462,0.0,0.6336842105263158,0.2772127621052632
通州区,2008,7.6,no_screening_flag,E2_m03_central_tail,0.437462,0.0,0.6610526315789473,0.2891854063157895
通州区,2009,7.2,no_screening_flag,E2_m03_central_tail,0.437462,0.0,0.6884210526315789,0.3011580505263158
通州区,2010,7.4,no_screening_flag,E2_m03_central_tail,0.437462,0.0,0.7157894736842105,0.31313069473684213
通州区,2011,7.1,no_screening_flag,E2_m03_central_tail,0.437462,0.0,0.72,0.31497264
通州区,2012,6.6,no_screening_flag,E2_m03_central_tail,0.437462,0.0,0.7242105263157894,0.31681458526315787
通州区,2013,6.8,no_screening_flag,E2_m03_central_tail,0.437462,0.0,0.728421052631579,0.3186565305263158
通州区,2014,7.5,no_screening_flag,E2_m03_central_tail,0.437462,0.0,0.7326315789473684,0.3204984757894737
通州区,2015,8.1,no_screening_flag,E2_m03_central_tail,0.437462,0.0,0.7368421052631579,0.32234042105263155
通州区,2016,7.6,no_screening_flag,E2_m03_central_tail,0.437462,0.0,0.7894736842105263,0.3453647368421053
通州区,2017,7.8,no_screening_flag,E2_m03_central_tail,0.437462,0.0,0.8421052631578947,0.36838905263157895
通州区,2018,7.3,no_screening_flag,E2_m03_central_tail,0.437462,0.0,0.8947368421052632,0.3914133684210527
通州区,2019,8.2,no_screening_flag,E2_m03_central_tail,0.437462,0.0,0.9473684210526316,0.41443768421052635
通州区,2020,7.8,no_screening_flag,E2_m03_central_tail,0.437462,0.0,1.0,0.437462
门头沟区,2000,19.3,no_screening_flag,E2_m03_central_tail,0.0,0.0,0.5294117647058824,0.0
门头沟区,2001,19.9,no_screening_flag,E2_m03_central_tail,0.0,0.0,0.5941176470588235,0.0
门头沟区,2002,19.7,bulletin_marked_draft;cross_report_value_disagreement,E2_m03_central_tail,0.0,0.0,0.6588235294117647,0.0
门头沟区,2003,19.9,low_resolution_photographed_chart;source_chart_city_control_disagreement,E2_m03_central_tail,0.0,0.0,0.7235294117647059,0.0
门头沟区,2004,19.6,low_resolution_photographed_chart;source_chart_city_control_disagreement,E2_m03_central_tail,0.0,0.0,0.788235294117647,0.0
门头沟区,2005,20.0,low_resolution_photographed_chart,E2_m03_central_tail,0.0,0.0,0.8529411764705882,0.0
门头沟区,2006,19.0,low_resolution_photographed_chart,E2_m03_central_tail,0.0,0.0,0.8588235294117647,0.0
门头沟区,2007,19.8,low_resolution_photographed_chart,E2_m03_central_tail,0.0,0.0,0.8647058823529411,0.0
门头沟区,2008,20.1,no_screening_flag,E2_m03_central_tail,0.0,0.0,0.8705882352941177,0.0
门头沟区,2009,20.5,no_screening_flag,E2_m03_central_tail,0.0,0.0,0.8764705882352941,0.0
门头沟区,2010,20.7,no_screening_flag,E2_m03_central_tail,0.0,0.0,0.8823529411764706,0.0
门头沟区,2011,20.0,no_screening_flag,E2_m03_central_tail,0.0,0.0,0.9058823529411764,0.0
门头沟区,2012,19.4,no_screening_flag,E2_m03_central_tail,0.0,0.0,0.9294117647058824,0.0
门头沟区,2013,21.5,no_screening_flag,E2_m03_central_tail,0.0,0.0,0.9529411764705882,0.0
门头沟区,2014,23.3,no_screening_flag,E2_m03_central_tail,0.0,0.0,0.976470588235294,0.0
门头沟区,2015,23.0,no_screening_flag,E2_m03_central_tail,0.0,0.0,1.0,0.0
门头沟区,2016,20.0,no_screening_flag,E2_m03_central_tail,0.0,0.0,1.0,0.0
门头沟区,2017,16.7,no_screening_flag,E2_m03_central_tail,0.022179,0.0,1.0,0.022179
门头沟区,2018,17.0,cross_report_value_disagreement,E2_m03_central_tail,0.022179,0.0,1.0,0.022179
门头沟区,2019,38.2,large_year_to_year_change_gt5m,E2_m03_central_tail,0.0,0.0,1.0,0.0
门头沟区,2020,35.8,no_screening_flag,E2_m03_central_tail,0.0,0.0,1.0,0.0
顺义区,2000,16.8,no_screening_flag,E2_m03_central_tail,0.0,0.0,0.9285714285714286,0.0
顺义区,2001,17.5,no_screening_flag,E2_m03_central_tail,0.0,0.0,0.9285714285714286,0.0
顺义区,2002,18.7,bulletin_marked_draft,E2_m03_central_tail,0.0,0.0,0.9285714285714286,0.0
顺义区,2003,19.1,low_resolution_photographed_chart;source_chart_city_control_disagreement,E2_m03_central_tail,0.0,0.0,0.9285714285714286,0.0
顺义区,2004,22.3,low_resolution_photographed_chart;source_chart_city_control_disagreement,E2_m03_central_tail,0.0,0.0,0.9285714285714286,0.0
顺义区,2005,24.4,low_resolution_photographed_chart,E2_m03_central_tail,0.0,0.0,0.9285714285714286,0.0
顺义区,2006,26.2,low_resolution_photographed_chart,E2_m03_central_tail,0.0,0.0,0.9333333333333332,0.0
顺义区,2007,28.2,low_resolution_photographed_chart,E2_m03_central_tail,0.0,0.0,0.938095238095238,0.0
顺义区,2008,29.0,no_screening_flag,E2_m03_central_tail,0.0,0.0,0.9428571428571428,0.0
顺义区,2009,30.4,no_screening_flag,E2_m03_central_tail,0.0,0.0,0.9476190476190476,0.0
顺义区,2010,31.6,no_screening_flag,E2_m03_central_tail,0.0,0.0,0.9523809523809524,0.0
顺义区,2011,32.4,no_screening_flag,E2_m03_central_tail,0.0,0.0,0.9619047619047618,0.0
顺义区,2012,32.4,no_screening_flag,E2_m03_central_tail,0.0,0.0,0.9714285714285714,0.0
顺义区,2013,33.4,no_screening_flag,E2_m03_central_tail,0.0,0.0,0.9809523809523808,0.0
顺义区,2014,34.4,no_screening_flag,E2_m03_central_tail,0.0,0.0,0.9904761904761904,0.0
顺义区,2015,34.3,no_screening_flag,E2_m03_central_tail,0.0,0.0,1.0,0.0
顺义区,2016,33.7,no_screening_flag,E2_m03_central_tail,0.0,0.0,1.0,0.0
顺义区,2017,34.1,no_screening_flag,E2_m03_central_tail,0.0,0.0,1.0,0.0
顺义区,2018,33.3,no_screening_flag,E2_m03_central_tail,0.0,0.0,1.0,0.0
顺义区,2019,32.2,no_screening_flag,E2_m03_central_tail,0.0,0.0,1.0,0.0
顺义区,2020,29.3,no_screening_flag,E2_m03_central_tail,0.0,0.0,1.0,0.0
大兴区,2000,11.7,no_screening_flag,E2_zero_extend,0.087487,0.0,0.3091787439613526,0.027049120772946852
大兴区,2001,12.6,no_screening_flag,E2_zero_extend,0.009993,-7.7494,0.3690821256038647,0.00368823768115942
大兴区,2002,13.2,bulletin_marked_draft;cross_report_value_disagreement,E2_zero_extend,0.009993,0.0,0.4289855072463768,0.0042868521739130435
大兴区,2003,13.9,low_resolution_photographed_chart;source_chart_city_control_disagreement,E2_zero_extend,0.009993,0.0,0.4888888888888889,0.004885466666666667
大兴区,2004,15.0,low_resolution_photographed_chart;source_chart_city_control_disagreement,E2_zero_extend,0.009993,0.0,0.548792270531401,0.00548408115942029
大兴区,2005,15.9,low_resolution_photographed_chart,E2_zero_extend,0.0,-0.9993,0.6086956521739131,0.0
大兴区,2006,17.3,low_resolution_photographed_chart,E2_zero_extend,0.0,0.0,0.6328502415458938,0.0
大兴区,2007,17.9,low_resolution_photographed_chart,E2_zero_extend,0.0,0.0,0.6570048309178744,0.0
大兴区,2008,18.6,no_screening_flag,E2_zero_extend,0.0,0.0,0.6811594202898551,0.0
大兴区,2009,19.3,no_screening_flag,E2_zero_extend,0.0,0.0,0.7053140096618358,0.0
大兴区,2010,18.8,no_screening_flag,E2_zero_extend,0.0,0.0,0.7294685990338164,0.0
大兴区,2011,18.9,no_screening_flag,E2_zero_extend,0.0,0.0,0.7323671497584541,0.0
大兴区,2012,17.9,no_screening_flag,E2_zero_extend,0.0,0.0,0.7352657004830918,0.0
大兴区,2013,17.8,no_screening_flag,E2_zero_extend,0.0,0.0,0.7381642512077294,0.0
大兴区,2014,19.0,no_screening_flag,E2_zero_extend,0.0,0.0,0.7410628019323672,0.0
大兴区,2015,18.7,no_screening_flag,E2_zero_extend,0.0,0.0,0.7439613526570048,0.0
大兴区,2016,17.8,no_screening_flag,E2_zero_extend,0.0,0.0,0.7951690821256039,0.0
大兴区,2017,17.9,no_screening_flag,E2_zero_extend,0.0,0.0,0.8463768115942029,0.0
大兴区,2018,17.9,no_screening_flag,E2_zero_extend,0.0,0.0,0.8975845410628019,0.0
大兴区,2019,17.8,no_screening_flag,E2_zero_extend,0.0,0.0,0.9487922705314008,0.0
大兴区,2020,16.8,no_screening_flag,E2_zero_extend,0.0,-0.9993,1.0,0.0
密云区,2000,19.3,no_screening_flag,E2_zero_extend,0.0,0.0,0.53125,0.0
密云区,2001,22.0,bulletin_marked_draft;primary_figure_occluded_used_alternate_source,E2_zero_extend,0.0,0.0,0.58125,0.0
密云区,2002,22.7,bulletin_marked_draft;cross_report_value_disagreement,E2_zero_extend,0.0,0.0,0.63125,0.0
密云区,2003,24.2,cross_report_value_disagreement;low_resolution_photographed_chart;source_chart_city_control_disagreement,E2_zero_extend,0.0,0.0,0.68125,0.0
密云区,2004,25.5,low_resolution_photographed_chart;source_chart_city_control_disagreement,E2_zero_extend,0.0,0.0,0.73125,0.0
密云区,2005,25.4,low_resolution_photographed_chart,E2_zero_extend,0.0,0.0,0.78125,0.0
密云区,2006,26.1,low_resolution_photographed_chart,E2_zero_extend,0.0,0.0,0.78125,0.0
密云区,2007,28.0,low_resolution_photographed_chart,E2_zero_extend,0.0,0.0,0.78125,0.0
密云区,2008,28.2,no_screening_flag,E2_zero_extend,0.0,0.0,0.78125,0.0
密云区,2009,28.9,no_screening_flag,E2_zero_extend,0.0,0.0,0.78125,0.0
密云区,2010,29.9,no_screening_flag,E2_zero_extend,0.0,0.0,0.78125,0.0
密云区,2011,29.5,no_screening_flag,E2_zero_extend,0.0,0.0,0.78125,0.0
密云区,2012,28.7,no_screening_flag,E2_zero_extend,0.0,0.0,0.78125,0.0
密云区,2013,29.8,no_screening_flag,E2_zero_extend,0.0,0.0,0.78125,0.0
密云区,2014,30.4,no_screening_flag,E2_zero_extend,0.0,0.0,0.78125,0.0
密云区,2015,30.6,no_screening_flag,E2_zero_extend,0.0,0.0,0.78125,0.0
密云区,2016,29.7,no_screening_flag,E2_zero_extend,0.0,0.0,0.825,0.0
密云区,2017,31.3,no_screening_flag,E2_zero_extend,0.0,0.0,0.86875,0.0
密云区,2018,24.9,large_year_to_year_change_gt5m,E2_zero_extend,0.0,0.0,0.9125,0.0
密云区,2019,24.8,no_screening_flag,E2_zero_extend,0.0,0.0,0.95625,0.0
密云区,2020,25.2,no_screening_flag,E2_zero_extend,0.0,0.0,1.0,0.0
平谷区,2000,19.6,no_screening_flag,E2_zero_extend,0.0,0.0,0.75,0.0
平谷区,2001,17.9,no_screening_flag,E2_zero_extend,0.0,0.0,0.7833333333333333,0.0
平谷区,2002,20.7,bulletin_marked_draft;cross_report_value_disagreement,E2_zero_extend,0.0,0.0,0.8166666666666667,0.0
平谷区,2003,20.6,cross_report_value_disagreement;low_resolution_photographed_chart;source_chart_city_control_disagreement,E2_zero_extend,0.0,0.0,0.85,0.0
平谷区,2004,23.0,low_resolution_photographed_chart;source_chart_city_control_disagreement,E2_zero_extend,0.0,0.0,0.8833333333333333,0.0
平谷区,2005,26.0,low_resolution_photographed_chart,E2_zero_extend,0.0,0.0,0.9166666666666666,0.0
平谷区,2006,29.8,cross_report_value_disagreement;low_resolution_photographed_chart,E2_zero_extend,0.0,0.0,0.9333333333333332,0.0
平谷区,2007,33.2,low_resolution_photographed_chart,E2_zero_extend,0.0,0.0,0.95,0.0
平谷区,2008,34.6,no_screening_flag,E2_zero_extend,0.0,0.0,0.9666666666666668,0.0
平谷区,2009,37.7,no_screening_flag,E2_zero_extend,0.0,0.0,0.9833333333333332,0.0
平谷区,2010,39.4,no_screening_flag,E2_zero_extend,0.0,0.0,1.0,0.0
平谷区,2011,39.4,no_screening_flag,E2_zero_extend,0.0,0.0,1.0,0.0
平谷区,2012,37.3,no_screening_flag,E2_zero_extend,0.0,0.0,1.0,0.0
平谷区,2013,36.9,no_screening_flag,E2_zero_extend,0.0,0.0,1.0,0.0
平谷区,2014,40.5,no_screening_flag,E2_zero_extend,0.0,0.0,1.0,0.0
平谷区,2015,41.8,no_screening_flag,E2_zero_extend,0.0,0.0,1.0,0.0
平谷区,2016,42.4,no_screening_flag,E2_zero_extend,0.0,0.0,1.0,0.0
平谷区,2017,42.0,no_screening_flag,E2_zero_extend,0.0,0.0,1.0,0.0
平谷区,2018,32.8,large_year_to_year_change_gt5m,E2_zero_extend,0.0,0.0,1.0,0.0
平谷区,2019,33.8,no_screening_flag,E2_zero_extend,0.0,0.0,1.0,0.0
平谷区,2020,35.8,no_screening_flag,E2_zero_extend,0.0,0.0,1.0,0.0
延庆区,2000,8.4,no_screening_flag,E2_zero_extend,0.18273799999999998,0.0,0.6666666666666666,0.12182533333333331
延庆区,2001,8.2,no_screening_flag,E2_zero_extend,0.18273799999999998,0.0,0.6888888888888889,0.12588617777777777
延庆区,2002,8.3,bulletin_marked_draft;cross_report_value_disagreement,E2_zero_extend,0.18273799999999998,0.0,0.7111111111111111,0.1299470222222222
延庆区,2003,8.6,low_resolution_photographed_chart;source_chart_city_control_disagreement,E2_zero_extend,0.18273799999999998,0.0,0.7333333333333333,0.13400786666666664
延庆区,2004,8.5,low_resolution_photographed_chart;source_chart_city_control_disagreement,E2_zero_extend,0.18273799999999998,0.0,0.7555555555555555,0.1380687111111111
延庆区,2005,8.7,low_resolution_photographed_chart,E2_zero_extend,0.18273799999999998,0.0,0.7777777777777778,0.14212955555555554
延庆区,2006,8.4,low_resolution_photographed_chart,E2_zero_extend,0.18273799999999998,0.0,0.7777777777777778,0.14212955555555554
延庆区,2007,9.0,low_resolution_photographed_chart,E2_zero_extend,0.18273799999999998,0.0,0.7777777777777778,0.14212955555555554
延庆区,2008,8.8,no_screening_flag,E2_zero_extend,0.18273799999999998,0.0,0.7777777777777778,0.14212955555555554
延庆区,2009,9.2,no_screening_flag,E2_zero_extend,0.020419,0.0,0.7777777777777778,0.015881444444444445
延庆区,2010,9.3,no_screening_flag,E2_zero_extend,0.020419,0.0,0.7777777777777778,0.015881444444444445
延庆区,2011,9.3,no_screening_flag,E2_zero_extend,0.020419,0.0,0.7777777777777778,0.015881444444444445
延庆区,2012,9.2,no_screening_flag,E2_zero_extend,0.020419,0.0,0.7777777777777778,0.015881444444444445
延庆区,2013,9.3,no_screening_flag,E2_zero_extend,0.020419,0.0,0.7777777777777778,0.015881444444444445
延庆区,2014,10.4,no_screening_flag,E2_zero_extend,0.020419,0.0,0.7777777777777778,0.015881444444444445
延庆区,2015,10.4,no_screening_flag,E2_zero_extend,0.020419,0.0,0.7777777777777778,0.015881444444444445
延庆区,2016,9.8,no_screening_flag,E2_zero_extend,0.020419,0.0,0.8222222222222222,0.016788955555555554
延庆区,2017,10.0,no_screening_flag,E2_zero_extend,0.020419,0.0,0.8666666666666667,0.017696466666666667
延庆区,2018,9.7,no_screening_flag,E2_zero_extend,0.020419,0.0,0.9111111111111112,0.01860397777777778
延庆区,2019,9.8,no_screening_flag,E2_zero_extend,0.020419,0.0,0.9555555555555556,0.01951148888888889
延庆区,2020,7.2,no_screening_flag,E2_zero_extend,0.18273799999999998,0.0,1.0,0.18273799999999998
怀柔区,2000,6.9,no_screening_flag,E2_zero_extend,0.387258,0.0,0.5714285714285714,0.2212902857142857
怀柔区,2001,7.7,no_screening_flag,E2_zero_extend,0.387258,0.0,0.638095238095238,0.2471074857142857
怀柔区,2002,10.4,bulletin_marked_draft;cross_report_value_disagreement,E2_zero_extend,0.031538,0.0,0.7047619047619047,0.022226780952380946
怀柔区,2003,11.7,low_resolution_photographed_chart;source_chart_city_control_disagreement,E2_zero_extend,0.031538,0.0,0.7714285714285714,0.02432931428571428
怀柔区,2004,14.1,low_resolution_photographed_chart;source_chart_city_control_disagreement,E2_zero_extend,0.0,0.0,0.8380952380952381,0.0
怀柔区,2005,15.9,low_resolution_photographed_chart,E2_zero_extend,0.0,0.0,0.9047619047619048,0.0
怀柔区,2006,16.7,low_resolution_photographed_chart,E2_zero_extend,0.0,0.0,0.9142857142857144,0.0
怀柔区,2007,19.2,low_resolution_photographed_chart,E2_zero_extend,0.0,0.0,0.9238095238095236,0.0
怀柔区,2008,19.7,no_screening_flag,E2_zero_extend,0.0,0.0,0.9333333333333332,0.0
怀柔区,2009,20.1,no_screening_flag,E2_zero_extend,0.0,0.0,0.9428571428571428,0.0
怀柔区,2010,21.3,no_screening_flag,E2_zero_extend,0.0,0.0,0.9523809523809524,0.0
怀柔区,2011,22.3,no_screening_flag,E2_zero_extend,0.0,0.0,0.9523809523809524,0.0
怀柔区,2012,21.2,no_screening_flag,E2_zero_extend,0.0,0.0,0.9523809523809524,0.0
怀柔区,2013,21.5,no_screening_flag,E2_zero_extend,0.0,0.0,0.9523809523809524,0.0
怀柔区,2014,22.6,no_screening_flag,E2_zero_extend,0.0,0.0,0.9523809523809524,0.0
怀柔区,2015,22.3,no_screening_flag,E2_zero_extend,0.0,0.0,0.9523809523809524,0.0
怀柔区,2016,21.6,no_screening_flag,E2_zero_extend,0.0,0.0,0.9619047619047618,0.0
怀柔区,2017,21.2,no_screening_flag,E2_zero_extend,0.0,0.0,0.9714285714285714,0.0
怀柔区,2018,17.3,no_screening_flag,E2_zero_extend,0.0,0.0,0.9809523809523808,0.0
怀柔区,2019,15.8,no_screening_flag,E2_zero_extend,0.0,0.0,0.9904761904761904,0.0
怀柔区,2020,16.3,no_screening_flag,E2_zero_extend,0.0,0.0,1.0,0.0
房山区,2000,10.4,no_screening_flag,E2_zero_extend,0.09858,0.0,0.6973684210526315,0.06874657894736842
房山区,2001,12.0,no_screening_flag,E2_zero_extend,0.09858,0.0,0.7210526315789473,0.07108136842105263
房山区,2002,11.7,bulletin_marked_draft;cross_report_value_disagreement,E2_zero_extend,0.09858,0.0,0.7447368421052631,0.07341615789473684
房山区,2003,11.1,low_resolution_photographed_chart;source_chart_city_control_disagreement,E2_zero_extend,0.09858,0.0,0.7684210526315789,0.07575094736842104
房山区,2004,11.4,low_resolution_photographed_chart;source_chart_city_control_disagreement,E2_zero_extend,0.09858,0.0,0.7921052631578948,0.07808573684210526
房山区,2005,20.0,large_year_to_year_change_gt5m;low_resolution_photographed_chart,E2_zero_extend,0.0,0.0,0.8157894736842105,0.0
房山区,2006,11.8,large_year_to_year_change_gt5m;low_resolution_photographed_chart,E2_zero_extend,0.09858,0.0,0.85,0.08379299999999999
房山区,2007,11.6,low_resolution_photographed_chart,E2_zero_extend,0.09858,0.0,0.8842105263157894,0.08716547368421053
房山区,2008,11.1,no_screening_flag,E2_zero_extend,0.09858,0.0,0.9184210526315788,0.09053794736842104
房山区,2009,11.6,no_screening_flag,E2_zero_extend,0.09858,0.0,0.9526315789473684,0.09391042105263157
房山区,2010,12.6,no_screening_flag,E2_zero_extend,0.0,-9.858,0.986842105263158,0.0
房山区,2011,10.7,no_screening_flag,E2_zero_extend,0.09858,0.0,0.9894736842105264,0.0975423157894737
房山区,2012,8.4,no_screening_flag,E2_zero_extend,0.491026,0.0,0.9921052631578948,0.4871494789473685
房山区,2013,8.9,no_screening_flag,E2_zero_extend,0.491026,0.0,0.9947368421052633,0.488441652631579
房山区,2014,10.2,no_screening_flag,E2_zero_extend,0.09858,0.0,0.9973684210526316,0.09832057894736843
房山区,2015,10.6,no_screening_flag,E2_zero_extend,0.09858,0.0,1.0,0.09858
房山区,2016,9.0,no_screening_flag,E2_zero_extend,0.491026,0.0,1.0,0.491026
房山区,2017,9.3,no_screening_flag,E2_zero_extend,0.09858,0.0,1.0,0.09858
房山区,2018,9.6,no_screening_flag,E2_zero_extend,0.09858,0.0,1.0,0.09858
房山区,2019,10.5,no_screening_flag,E2_zero_extend,0.09858,0.0,1.0,0.09858
房山区,2020,8.6,no_screening_flag,E2_zero_extend,0.491026,0.0,1.0,0.491026
昌平区,2000,15.9,no_screening_flag,E2_zero_extend,0.0,-0.1292,0.6014492753623188,0.0
昌平区,2001,17.4,no_screening_flag,E2_zero_extend,0.0,0.0,0.6434782608695653,0.0
昌平区,2002,19.1,bulletin_marked_draft,E2_zero_extend,0.0,0.0,0.6855072463768116,0.0
昌平区,2003,18.5,cross_report_value_disagreement;low_resolution_photographed_chart;source_chart_city_control_disagreement,E2_zero_extend,0.0,0.0,0.727536231884058,0.0
昌平区,2004,21.1,low_resolution_photographed_chart;source_chart_city_control_disagreement,E2_zero_extend,0.0,0.0,0.7695652173913043,0.0
昌平区,2005,22.7,low_resolution_photographed_chart,E2_zero_extend,0.0,0.0,0.8115942028985508,0.0
昌平区,2006,23.1,low_resolution_photographed_chart,E2_zero_extend,0.0,0.0,0.846376811594203,0.0
昌平区,2007,25.3,low_resolution_photographed_chart,E2_zero_extend,0.0,0.0,0.8811594202898552,0.0
昌平区,2008,26.3,no_screening_flag,E2_zero_extend,0.0,0.0,0.9159420289855073,0.0
昌平区,2009,27.5,no_screening_flag,E2_zero_extend,0.0,0.0,0.9507246376811594,0.0
昌平区,2010,29.3,no_screening_flag,E2_zero_extend,0.0,0.0,0.9855072463768116,0.0
昌平区,2011,29.9,no_screening_flag,E2_zero_extend,0.0,0.0,0.9884057971014492,0.0
昌平区,2012,30.2,no_screening_flag,E2_zero_extend,0.0,0.0,0.991304347826087,0.0
昌平区,2013,31.3,no_screening_flag,E2_zero_extend,0.0,0.0,0.9942028985507246,0.0
昌平区,2014,32.3,no_screening_flag,E2_zero_extend,0.0,0.0,0.9971014492753624,0.0
昌平区,2015,32.3,no_screening_flag,E2_zero_extend,0.0,0.0,1.0,0.0
昌平区,2016,30.7,no_screening_flag,E2_zero_extend,0.0,0.0,1.0,0.0
昌平区,2017,30.2,no_screening_flag,E2_zero_extend,0.0,0.0,1.0,0.0
昌平区,2018,29.4,no_screening_flag,E2_zero_extend,0.0,0.0,1.0,0.0
昌平区,2019,28.8,no_screening_flag,E2_zero_extend,0.0,0.0,1.0,0.0
昌平区,2020,27.1,no_screening_flag,E2_zero_extend,0.0,0.0,1.0,0.0
通州区,2000,5.7,no_screening_flag,E2_zero_extend,1.0,56.2538,0.4421052631578947,0.4421052631578947
通州区,2001,6.4,no_screening_flag,E2_zero_extend,0.437462,0.0,0.4694736842105263,0.20537689684210528
通州区,2002,6.4,bulletin_marked_draft;cross_report_value_disagreement,E2_zero_extend,0.437462,0.0,0.4968421052631579,0.2173495410526316
通州区,2003,7.0,low_resolution_photographed_chart;source_chart_city_control_disagreement,E2_zero_extend,0.437462,0.0,0.5242105263157895,0.2293221852631579
通州区,2004,7.5,low_resolution_photographed_chart;source_chart_city_control_disagreement,E2_zero_extend,0.437462,0.0,0.5515789473684211,0.24129482947368422
通州区,2005,8.1,low_resolution_photographed_chart,E2_zero_extend,0.437462,0.0,0.5789473684210527,0.25326747368421054
通州区,2006,7.6,low_resolution_photographed_chart,E2_zero_extend,0.437462,0.0,0.6063157894736843,0.2652401178947369
通州区,2007,7.5,low_resolution_photographed_chart,E2_zero_extend,0.437462,0.0,0.6336842105263158,0.2772127621052632
通州区,2008,7.6,no_screening_flag,E2_zero_extend,0.437462,0.0,0.6610526315789473,0.2891854063157895
通州区,2009,7.2,no_screening_flag,E2_zero_extend,0.437462,0.0,0.6884210526315789,0.3011580505263158
通州区,2010,7.4,no_screening_flag,E2_zero_extend,0.437462,0.0,0.7157894736842105,0.31313069473684213
通州区,2011,7.1,no_screening_flag,E2_zero_extend,0.437462,0.0,0.72,0.31497264
通州区,2012,6.6,no_screening_flag,E2_zero_extend,0.437462,0.0,0.7242105263157894,0.31681458526315787
通州区,2013,6.8,no_screening_flag,E2_zero_extend,0.437462,0.0,0.728421052631579,0.3186565305263158
通州区,2014,7.5,no_screening_flag,E2_zero_extend,0.437462,0.0,0.7326315789473684,0.3204984757894737
通州区,2015,8.1,no_screening_flag,E2_zero_extend,0.437462,0.0,0.7368421052631579,0.32234042105263155
通州区,2016,7.6,no_screening_flag,E2_zero_extend,0.437462,0.0,0.7894736842105263,0.3453647368421053
通州区,2017,7.8,no_screening_flag,E2_zero_extend,0.437462,0.0,0.8421052631578947,0.36838905263157895
通州区,2018,7.3,no_screening_flag,E2_zero_extend,0.437462,0.0,0.8947368421052632,0.3914133684210527
通州区,2019,8.2,no_screening_flag,E2_zero_extend,0.437462,0.0,0.9473684210526316,0.41443768421052635
通州区,2020,7.8,no_screening_flag,E2_zero_extend,0.437462,0.0,1.0,0.437462
门头沟区,2000,19.3,no_screening_flag,E2_zero_extend,0.0,0.0,0.5294117647058824,0.0
门头沟区,2001,19.9,no_screening_flag,E2_zero_extend,0.0,0.0,0.5941176470588235,0.0
门头沟区,2002,19.7,bulletin_marked_draft;cross_report_value_disagreement,E2_zero_extend,0.0,0.0,0.6588235294117647,0.0
门头沟区,2003,19.9,low_resolution_photographed_chart;source_chart_city_control_disagreement,E2_zero_extend,0.0,0.0,0.7235294117647059,0.0
门头沟区,2004,19.6,low_resolution_photographed_chart;source_chart_city_control_disagreement,E2_zero_extend,0.0,0.0,0.788235294117647,0.0
门头沟区,2005,20.0,low_resolution_photographed_chart,E2_zero_extend,0.0,0.0,0.8529411764705882,0.0
门头沟区,2006,19.0,low_resolution_photographed_chart,E2_zero_extend,0.0,0.0,0.8588235294117647,0.0
门头沟区,2007,19.8,low_resolution_photographed_chart,E2_zero_extend,0.0,0.0,0.8647058823529411,0.0
门头沟区,2008,20.1,no_screening_flag,E2_zero_extend,0.0,0.0,0.8705882352941177,0.0
门头沟区,2009,20.5,no_screening_flag,E2_zero_extend,0.0,0.0,0.8764705882352941,0.0
门头沟区,2010,20.7,no_screening_flag,E2_zero_extend,0.0,0.0,0.8823529411764706,0.0
门头沟区,2011,20.0,no_screening_flag,E2_zero_extend,0.0,0.0,0.9058823529411764,0.0
门头沟区,2012,19.4,no_screening_flag,E2_zero_extend,0.0,0.0,0.9294117647058824,0.0
门头沟区,2013,21.5,no_screening_flag,E2_zero_extend,0.0,0.0,0.9529411764705882,0.0
门头沟区,2014,23.3,no_screening_flag,E2_zero_extend,0.0,0.0,0.976470588235294,0.0
门头沟区,2015,23.0,no_screening_flag,E2_zero_extend,0.0,0.0,1.0,0.0
门头沟区,2016,20.0,no_screening_flag,E2_zero_extend,0.0,0.0,1.0,0.0
门头沟区,2017,16.7,no_screening_flag,E2_zero_extend,0.0,-2.2179,1.0,0.0
门头沟区,2018,17.0,cross_report_value_disagreement,E2_zero_extend,0.0,-2.2179,1.0,0.0
门头沟区,2019,38.2,large_year_to_year_change_gt5m,E2_zero_extend,0.0,0.0,1.0,0.0
门头沟区,2020,35.8,no_screening_flag,E2_zero_extend,0.0,0.0,1.0,0.0
顺义区,2000,16.8,no_screening_flag,E2_zero_extend,0.0,0.0,0.9285714285714286,0.0
顺义区,2001,17.5,no_screening_flag,E2_zero_extend,0.0,0.0,0.9285714285714286,0.0
顺义区,2002,18.7,bulletin_marked_draft,E2_zero_extend,0.0,0.0,0.9285714285714286,0.0
顺义区,2003,19.1,low_resolution_photographed_chart;source_chart_city_control_disagreement,E2_zero_extend,0.0,0.0,0.9285714285714286,0.0
顺义区,2004,22.3,low_resolution_photographed_chart;source_chart_city_control_disagreement,E2_zero_extend,0.0,0.0,0.9285714285714286,0.0
顺义区,2005,24.4,low_resolution_photographed_chart,E2_zero_extend,0.0,0.0,0.9285714285714286,0.0
顺义区,2006,26.2,low_resolution_photographed_chart,E2_zero_extend,0.0,0.0,0.9333333333333332,0.0
顺义区,2007,28.2,low_resolution_photographed_chart,E2_zero_extend,0.0,0.0,0.938095238095238,0.0
顺义区,2008,29.0,no_screening_flag,E2_zero_extend,0.0,0.0,0.9428571428571428,0.0
顺义区,2009,30.4,no_screening_flag,E2_zero_extend,0.0,0.0,0.9476190476190476,0.0
顺义区,2010,31.6,no_screening_flag,E2_zero_extend,0.0,0.0,0.9523809523809524,0.0
顺义区,2011,32.4,no_screening_flag,E2_zero_extend,0.0,0.0,0.9619047619047618,0.0
顺义区,2012,32.4,no_screening_flag,E2_zero_extend,0.0,0.0,0.9714285714285714,0.0
顺义区,2013,33.4,no_screening_flag,E2_zero_extend,0.0,0.0,0.9809523809523808,0.0
顺义区,2014,34.4,no_screening_flag,E2_zero_extend,0.0,0.0,0.9904761904761904,0.0
顺义区,2015,34.3,no_screening_flag,E2_zero_extend,0.0,0.0,1.0,0.0
顺义区,2016,33.7,no_screening_flag,E2_zero_extend,0.0,0.0,1.0,0.0
顺义区,2017,34.1,no_screening_flag,E2_zero_extend,0.0,0.0,1.0,0.0
顺义区,2018,33.3,no_screening_flag,E2_zero_extend,0.0,0.0,1.0,0.0
顺义区,2019,32.2,no_screening_flag,E2_zero_extend,0.0,0.0,1.0,0.0
顺义区,2020,29.3,no_screening_flag,E2_zero_extend,0.0,0.0,1.0,0.0
大兴区,2000,11.7,no_screening_flag,E2_zero_central_tail,0.087487,0.0,0.3091787439613526,0.027049120772946852
大兴区,2001,12.6,no_screening_flag,E2_zero_central_tail,0.009993,-7.7494,0.3690821256038647,0.00368823768115942
大兴区,2002,13.2,bulletin_marked_draft;cross_report_value_disagreement,E2_zero_central_tail,0.009993,0.0,0.4289855072463768,0.0042868521739130435
大兴区,2003,13.9,low_resolution_photographed_chart;source_chart_city_control_disagreement,E2_zero_central_tail,0.009993,0.0,0.4888888888888889,0.004885466666666667
大兴区,2004,15.0,low_resolution_photographed_chart;source_chart_city_control_disagreement,E2_zero_central_tail,0.009993,0.0,0.548792270531401,0.00548408115942029
大兴区,2005,15.9,low_resolution_photographed_chart,E2_zero_central_tail,0.009993,0.0,0.6086956521739131,0.006082695652173914
大兴区,2006,17.3,low_resolution_photographed_chart,E2_zero_central_tail,0.0,0.0,0.6328502415458938,0.0
大兴区,2007,17.9,low_resolution_photographed_chart,E2_zero_central_tail,0.0,0.0,0.6570048309178744,0.0
大兴区,2008,18.6,no_screening_flag,E2_zero_central_tail,0.0,0.0,0.6811594202898551,0.0
大兴区,2009,19.3,no_screening_flag,E2_zero_central_tail,0.0,0.0,0.7053140096618358,0.0
大兴区,2010,18.8,no_screening_flag,E2_zero_central_tail,0.0,0.0,0.7294685990338164,0.0
大兴区,2011,18.9,no_screening_flag,E2_zero_central_tail,0.0,0.0,0.7323671497584541,0.0
大兴区,2012,17.9,no_screening_flag,E2_zero_central_tail,0.0,0.0,0.7352657004830918,0.0
大兴区,2013,17.8,no_screening_flag,E2_zero_central_tail,0.0,0.0,0.7381642512077294,0.0
大兴区,2014,19.0,no_screening_flag,E2_zero_central_tail,0.0,0.0,0.7410628019323672,0.0
大兴区,2015,18.7,no_screening_flag,E2_zero_central_tail,0.0,0.0,0.7439613526570048,0.0
大兴区,2016,17.8,no_screening_flag,E2_zero_central_tail,0.0,0.0,0.7951690821256039,0.0
大兴区,2017,17.9,no_screening_flag,E2_zero_central_tail,0.0,0.0,0.8463768115942029,0.0
大兴区,2018,17.9,no_screening_flag,E2_zero_central_tail,0.0,0.0,0.8975845410628019,0.0
大兴区,2019,17.8,no_screening_flag,E2_zero_central_tail,0.0,0.0,0.9487922705314008,0.0
大兴区,2020,16.8,no_screening_flag,E2_zero_central_tail,0.009993,0.0,1.0,0.009993
密云区,2000,19.3,no_screening_flag,E2_zero_central_tail,0.0,0.0,0.53125,0.0
密云区,2001,22.0,bulletin_marked_draft;primary_figure_occluded_used_alternate_source,E2_zero_central_tail,0.0,0.0,0.58125,0.0
密云区,2002,22.7,bulletin_marked_draft;cross_report_value_disagreement,E2_zero_central_tail,0.0,0.0,0.63125,0.0
密云区,2003,24.2,cross_report_value_disagreement;low_resolution_photographed_chart;source_chart_city_control_disagreement,E2_zero_central_tail,0.0,0.0,0.68125,0.0
密云区,2004,25.5,low_resolution_photographed_chart;source_chart_city_control_disagreement,E2_zero_central_tail,0.0,0.0,0.73125,0.0
密云区,2005,25.4,low_resolution_photographed_chart,E2_zero_central_tail,0.0,0.0,0.78125,0.0
密云区,2006,26.1,low_resolution_photographed_chart,E2_zero_central_tail,0.0,0.0,0.78125,0.0
密云区,2007,28.0,low_resolution_photographed_chart,E2_zero_central_tail,0.0,0.0,0.78125,0.0
密云区,2008,28.2,no_screening_flag,E2_zero_central_tail,0.0,0.0,0.78125,0.0
密云区,2009,28.9,no_screening_flag,E2_zero_central_tail,0.0,0.0,0.78125,0.0
密云区,2010,29.9,no_screening_flag,E2_zero_central_tail,0.0,0.0,0.78125,0.0
密云区,2011,29.5,no_screening_flag,E2_zero_central_tail,0.0,0.0,0.78125,0.0
密云区,2012,28.7,no_screening_flag,E2_zero_central_tail,0.0,0.0,0.78125,0.0
密云区,2013,29.8,no_screening_flag,E2_zero_central_tail,0.0,0.0,0.78125,0.0
密云区,2014,30.4,no_screening_flag,E2_zero_central_tail,0.0,0.0,0.78125,0.0
密云区,2015,30.6,no_screening_flag,E2_zero_central_tail,0.0,0.0,0.78125,0.0
密云区,2016,29.7,no_screening_flag,E2_zero_central_tail,0.0,0.0,0.825,0.0
密云区,2017,31.3,no_screening_flag,E2_zero_central_tail,0.0,0.0,0.86875,0.0
密云区,2018,24.9,large_year_to_year_change_gt5m,E2_zero_central_tail,0.0,0.0,0.9125,0.0
密云区,2019,24.8,no_screening_flag,E2_zero_central_tail,0.0,0.0,0.95625,0.0
密云区,2020,25.2,no_screening_flag,E2_zero_central_tail,0.0,0.0,1.0,0.0
平谷区,2000,19.6,no_screening_flag,E2_zero_central_tail,0.0,0.0,0.75,0.0
平谷区,2001,17.9,no_screening_flag,E2_zero_central_tail,0.0,0.0,0.7833333333333333,0.0
平谷区,2002,20.7,bulletin_marked_draft;cross_report_value_disagreement,E2_zero_central_tail,0.0,0.0,0.8166666666666667,0.0
平谷区,2003,20.6,cross_report_value_disagreement;low_resolution_photographed_chart;source_chart_city_control_disagreement,E2_zero_central_tail,0.0,0.0,0.85,0.0
平谷区,2004,23.0,low_resolution_photographed_chart;source_chart_city_control_disagreement,E2_zero_central_tail,0.0,0.0,0.8833333333333333,0.0
平谷区,2005,26.0,low_resolution_photographed_chart,E2_zero_central_tail,0.0,0.0,0.9166666666666666,0.0
平谷区,2006,29.8,cross_report_value_disagreement;low_resolution_photographed_chart,E2_zero_central_tail,0.0,0.0,0.9333333333333332,0.0
平谷区,2007,33.2,low_resolution_photographed_chart,E2_zero_central_tail,0.0,0.0,0.95,0.0
平谷区,2008,34.6,no_screening_flag,E2_zero_central_tail,0.0,0.0,0.9666666666666668,0.0
平谷区,2009,37.7,no_screening_flag,E2_zero_central_tail,0.0,0.0,0.9833333333333332,0.0
平谷区,2010,39.4,no_screening_flag,E2_zero_central_tail,0.0,0.0,1.0,0.0
平谷区,2011,39.4,no_screening_flag,E2_zero_central_tail,0.0,0.0,1.0,0.0
平谷区,2012,37.3,no_screening_flag,E2_zero_central_tail,0.0,0.0,1.0,0.0
平谷区,2013,36.9,no_screening_flag,E2_zero_central_tail,0.0,0.0,1.0,0.0
平谷区,2014,40.5,no_screening_flag,E2_zero_central_tail,0.0,0.0,1.0,0.0
平谷区,2015,41.8,no_screening_flag,E2_zero_central_tail,0.0,0.0,1.0,0.0
平谷区,2016,42.4,no_screening_flag,E2_zero_central_tail,0.0,0.0,1.0,0.0
平谷区,2017,42.0,no_screening_flag,E2_zero_central_tail,0.0,0.0,1.0,0.0
平谷区,2018,32.8,large_year_to_year_change_gt5m,E2_zero_central_tail,0.0,0.0,1.0,0.0
平谷区,2019,33.8,no_screening_flag,E2_zero_central_tail,0.0,0.0,1.0,0.0
平谷区,2020,35.8,no_screening_flag,E2_zero_central_tail,0.0,0.0,1.0,0.0
延庆区,2000,8.4,no_screening_flag,E2_zero_central_tail,0.18273799999999998,0.0,0.6666666666666666,0.12182533333333331
延庆区,2001,8.2,no_screening_flag,E2_zero_central_tail,0.18273799999999998,0.0,0.6888888888888889,0.12588617777777777
延庆区,2002,8.3,bulletin_marked_draft;cross_report_value_disagreement,E2_zero_central_tail,0.18273799999999998,0.0,0.7111111111111111,0.1299470222222222
延庆区,2003,8.6,low_resolution_photographed_chart;source_chart_city_control_disagreement,E2_zero_central_tail,0.18273799999999998,0.0,0.7333333333333333,0.13400786666666664
延庆区,2004,8.5,low_resolution_photographed_chart;source_chart_city_control_disagreement,E2_zero_central_tail,0.18273799999999998,0.0,0.7555555555555555,0.1380687111111111
延庆区,2005,8.7,low_resolution_photographed_chart,E2_zero_central_tail,0.18273799999999998,0.0,0.7777777777777778,0.14212955555555554
延庆区,2006,8.4,low_resolution_photographed_chart,E2_zero_central_tail,0.18273799999999998,0.0,0.7777777777777778,0.14212955555555554
延庆区,2007,9.0,low_resolution_photographed_chart,E2_zero_central_tail,0.18273799999999998,0.0,0.7777777777777778,0.14212955555555554
延庆区,2008,8.8,no_screening_flag,E2_zero_central_tail,0.18273799999999998,0.0,0.7777777777777778,0.14212955555555554
延庆区,2009,9.2,no_screening_flag,E2_zero_central_tail,0.020419,0.0,0.7777777777777778,0.015881444444444445
延庆区,2010,9.3,no_screening_flag,E2_zero_central_tail,0.020419,0.0,0.7777777777777778,0.015881444444444445
延庆区,2011,9.3,no_screening_flag,E2_zero_central_tail,0.020419,0.0,0.7777777777777778,0.015881444444444445
延庆区,2012,9.2,no_screening_flag,E2_zero_central_tail,0.020419,0.0,0.7777777777777778,0.015881444444444445
延庆区,2013,9.3,no_screening_flag,E2_zero_central_tail,0.020419,0.0,0.7777777777777778,0.015881444444444445
延庆区,2014,10.4,no_screening_flag,E2_zero_central_tail,0.020419,0.0,0.7777777777777778,0.015881444444444445
延庆区,2015,10.4,no_screening_flag,E2_zero_central_tail,0.020419,0.0,0.7777777777777778,0.015881444444444445
延庆区,2016,9.8,no_screening_flag,E2_zero_central_tail,0.020419,0.0,0.8222222222222222,0.016788955555555554
延庆区,2017,10.0,no_screening_flag,E2_zero_central_tail,0.020419,0.0,0.8666666666666667,0.017696466666666667
延庆区,2018,9.7,no_screening_flag,E2_zero_central_tail,0.020419,0.0,0.9111111111111112,0.01860397777777778
延庆区,2019,9.8,no_screening_flag,E2_zero_central_tail,0.020419,0.0,0.9555555555555556,0.01951148888888889
延庆区,2020,7.2,no_screening_flag,E2_zero_central_tail,0.18273799999999998,0.0,1.0,0.18273799999999998
怀柔区,2000,6.9,no_screening_flag,E2_zero_central_tail,0.387258,0.0,0.5714285714285714,0.2212902857142857
怀柔区,2001,7.7,no_screening_flag,E2_zero_central_tail,0.387258,0.0,0.638095238095238,0.2471074857142857
怀柔区,2002,10.4,bulletin_marked_draft;cross_report_value_disagreement,E2_zero_central_tail,0.031538,0.0,0.7047619047619047,0.022226780952380946
怀柔区,2003,11.7,low_resolution_photographed_chart;source_chart_city_control_disagreement,E2_zero_central_tail,0.031538,0.0,0.7714285714285714,0.02432931428571428
怀柔区,2004,14.1,low_resolution_photographed_chart;source_chart_city_control_disagreement,E2_zero_central_tail,0.0,0.0,0.8380952380952381,0.0
怀柔区,2005,15.9,low_resolution_photographed_chart,E2_zero_central_tail,0.0,0.0,0.9047619047619048,0.0
怀柔区,2006,16.7,low_resolution_photographed_chart,E2_zero_central_tail,0.0,0.0,0.9142857142857144,0.0
怀柔区,2007,19.2,low_resolution_photographed_chart,E2_zero_central_tail,0.0,0.0,0.9238095238095236,0.0
怀柔区,2008,19.7,no_screening_flag,E2_zero_central_tail,0.0,0.0,0.9333333333333332,0.0
怀柔区,2009,20.1,no_screening_flag,E2_zero_central_tail,0.0,0.0,0.9428571428571428,0.0
怀柔区,2010,21.3,no_screening_flag,E2_zero_central_tail,0.0,0.0,0.9523809523809524,0.0
怀柔区,2011,22.3,no_screening_flag,E2_zero_central_tail,0.0,0.0,0.9523809523809524,0.0
怀柔区,2012,21.2,no_screening_flag,E2_zero_central_tail,0.0,0.0,0.9523809523809524,0.0
怀柔区,2013,21.5,no_screening_flag,E2_zero_central_tail,0.0,0.0,0.9523809523809524,0.0
怀柔区,2014,22.6,no_screening_flag,E2_zero_central_tail,0.0,0.0,0.9523809523809524,0.0
怀柔区,2015,22.3,no_screening_flag,E2_zero_central_tail,0.0,0.0,0.9523809523809524,0.0
怀柔区,2016,21.6,no_screening_flag,E2_zero_central_tail,0.0,0.0,0.9619047619047618,0.0
怀柔区,2017,21.2,no_screening_flag,E2_zero_central_tail,0.0,0.0,0.9714285714285714,0.0
怀柔区,2018,17.3,no_screening_flag,E2_zero_central_tail,0.0,0.0,0.9809523809523808,0.0
怀柔区,2019,15.8,no_screening_flag,E2_zero_central_tail,0.0,0.0,0.9904761904761904,0.0
怀柔区,2020,16.3,no_screening_flag,E2_zero_central_tail,0.0,0.0,1.0,0.0
房山区,2000,10.4,no_screening_flag,E2_zero_central_tail,0.09858,0.0,0.6973684210526315,0.06874657894736842
房山区,2001,12.0,no_screening_flag,E2_zero_central_tail,0.09858,0.0,0.7210526315789473,0.07108136842105263
房山区,2002,11.7,bulletin_marked_draft;cross_report_value_disagreement,E2_zero_central_tail,0.09858,0.0,0.7447368421052631,0.07341615789473684
房山区,2003,11.1,low_resolution_photographed_chart;source_chart_city_control_disagreement,E2_zero_central_tail,0.09858,0.0,0.7684210526315789,0.07575094736842104
房山区,2004,11.4,low_resolution_photographed_chart;source_chart_city_control_disagreement,E2_zero_central_tail,0.09858,0.0,0.7921052631578948,0.07808573684210526
房山区,2005,20.0,large_year_to_year_change_gt5m;low_resolution_photographed_chart,E2_zero_central_tail,0.0,0.0,0.8157894736842105,0.0
房山区,2006,11.8,large_year_to_year_change_gt5m;low_resolution_photographed_chart,E2_zero_central_tail,0.09858,0.0,0.85,0.08379299999999999
房山区,2007,11.6,low_resolution_photographed_chart,E2_zero_central_tail,0.09858,0.0,0.8842105263157894,0.08716547368421053
房山区,2008,11.1,no_screening_flag,E2_zero_central_tail,0.09858,0.0,0.9184210526315788,0.09053794736842104
房山区,2009,11.6,no_screening_flag,E2_zero_central_tail,0.09858,0.0,0.9526315789473684,0.09391042105263157
房山区,2010,12.6,no_screening_flag,E2_zero_central_tail,0.0,-9.858,0.986842105263158,0.0
房山区,2011,10.7,no_screening_flag,E2_zero_central_tail,0.09858,0.0,0.9894736842105264,0.0975423157894737
房山区,2012,8.4,no_screening_flag,E2_zero_central_tail,0.491026,0.0,0.9921052631578948,0.4871494789473685
房山区,2013,8.9,no_screening_flag,E2_zero_central_tail,0.491026,0.0,0.9947368421052633,0.488441652631579
房山区,2014,10.2,no_screening_flag,E2_zero_central_tail,0.09858,0.0,0.9973684210526316,0.09832057894736843
房山区,2015,10.6,no_screening_flag,E2_zero_central_tail,0.09858,0.0,1.0,0.09858
房山区,2016,9.0,no_screening_flag,E2_zero_central_tail,0.491026,0.0,1.0,0.491026
房山区,2017,9.3,no_screening_flag,E2_zero_central_tail,0.09858,0.0,1.0,0.09858
房山区,2018,9.6,no_screening_flag,E2_zero_central_tail,0.09858,0.0,1.0,0.09858
房山区,2019,10.5,no_screening_flag,E2_zero_central_tail,0.09858,0.0,1.0,0.09858
房山区,2020,8.6,no_screening_flag,E2_zero_central_tail,0.491026,0.0,1.0,0.491026
昌平区,2000,15.9,no_screening_flag,E2_zero_central_tail,0.001292,0.0,0.6014492753623188,0.0007770724637681159
昌平区,2001,17.4,no_screening_flag,E2_zero_central_tail,0.0,0.0,0.6434782608695653,0.0
昌平区,2002,19.1,bulletin_marked_draft,E2_zero_central_tail,0.0,0.0,0.6855072463768116,0.0
昌平区,2003,18.5,cross_report_value_disagreement;low_resolution_photographed_chart;source_chart_city_control_disagreement,E2_zero_central_tail,0.0,0.0,0.727536231884058,0.0
昌平区,2004,21.1,low_resolution_photographed_chart;source_chart_city_control_disagreement,E2_zero_central_tail,0.0,0.0,0.7695652173913043,0.0
昌平区,2005,22.7,low_resolution_photographed_chart,E2_zero_central_tail,0.0,0.0,0.8115942028985508,0.0
昌平区,2006,23.1,low_resolution_photographed_chart,E2_zero_central_tail,0.0,0.0,0.846376811594203,0.0
昌平区,2007,25.3,low_resolution_photographed_chart,E2_zero_central_tail,0.0,0.0,0.8811594202898552,0.0
昌平区,2008,26.3,no_screening_flag,E2_zero_central_tail,0.0,0.0,0.9159420289855073,0.0
昌平区,2009,27.5,no_screening_flag,E2_zero_central_tail,0.0,0.0,0.9507246376811594,0.0
昌平区,2010,29.3,no_screening_flag,E2_zero_central_tail,0.0,0.0,0.9855072463768116,0.0
昌平区,2011,29.9,no_screening_flag,E2_zero_central_tail,0.0,0.0,0.9884057971014492,0.0
昌平区,2012,30.2,no_screening_flag,E2_zero_central_tail,0.0,0.0,0.991304347826087,0.0
昌平区,2013,31.3,no_screening_flag,E2_zero_central_tail,0.0,0.0,0.9942028985507246,0.0
昌平区,2014,32.3,no_screening_flag,E2_zero_central_tail,0.0,0.0,0.9971014492753624,0.0
昌平区,2015,32.3,no_screening_flag,E2_zero_central_tail,0.0,0.0,1.0,0.0
昌平区,2016,30.7,no_screening_flag,E2_zero_central_tail,0.0,0.0,1.0,0.0
昌平区,2017,30.2,no_screening_flag,E2_zero_central_tail,0.0,0.0,1.0,0.0
昌平区,2018,29.4,no_screening_flag,E2_zero_central_tail,0.0,0.0,1.0,0.0
昌平区,2019,28.8,no_screening_flag,E2_zero_central_tail,0.0,0.0,1.0,0.0
昌平区,2020,27.1,no_screening_flag,E2_zero_central_tail,0.0,0.0,1.0,0.0
通州区,2000,5.7,no_screening_flag,E2_zero_central_tail,1.0,56.2538,0.4421052631578947,0.4421052631578947
通州区,2001,6.4,no_screening_flag,E2_zero_central_tail,0.437462,0.0,0.4694736842105263,0.20537689684210528
通州区,2002,6.4,bulletin_marked_draft;cross_report_value_disagreement,E2_zero_central_tail,0.437462,0.0,0.4968421052631579,0.2173495410526316
通州区,2003,7.0,low_resolution_photographed_chart;source_chart_city_control_disagreement,E2_zero_central_tail,0.437462,0.0,0.5242105263157895,0.2293221852631579
通州区,2004,7.5,low_resolution_photographed_chart;source_chart_city_control_disagreement,E2_zero_central_tail,0.437462,0.0,0.5515789473684211,0.24129482947368422
通州区,2005,8.1,low_resolution_photographed_chart,E2_zero_central_tail,0.437462,0.0,0.5789473684210527,0.25326747368421054
通州区,2006,7.6,low_resolution_photographed_chart,E2_zero_central_tail,0.437462,0.0,0.6063157894736843,0.2652401178947369
通州区,2007,7.5,low_resolution_photographed_chart,E2_zero_central_tail,0.437462,0.0,0.6336842105263158,0.2772127621052632
通州区,2008,7.6,no_screening_flag,E2_zero_central_tail,0.437462,0.0,0.6610526315789473,0.2891854063157895
通州区,2009,7.2,no_screening_flag,E2_zero_central_tail,0.437462,0.0,0.6884210526315789,0.3011580505263158
通州区,2010,7.4,no_screening_flag,E2_zero_central_tail,0.437462,0.0,0.7157894736842105,0.31313069473684213
通州区,2011,7.1,no_screening_flag,E2_zero_central_tail,0.437462,0.0,0.72,0.31497264
通州区,2012,6.6,no_screening_flag,E2_zero_central_tail,0.437462,0.0,0.7242105263157894,0.31681458526315787
通州区,2013,6.8,no_screening_flag,E2_zero_central_tail,0.437462,0.0,0.728421052631579,0.3186565305263158
通州区,2014,7.5,no_screening_flag,E2_zero_central_tail,0.437462,0.0,0.7326315789473684,0.3204984757894737
通州区,2015,8.1,no_screening_flag,E2_zero_central_tail,0.437462,0.0,0.7368421052631579,0.32234042105263155
通州区,2016,7.6,no_screening_flag,E2_zero_central_tail,0.437462,0.0,0.7894736842105263,0.3453647368421053
通州区,2017,7.8,no_screening_flag,E2_zero_central_tail,0.437462,0.0,0.8421052631578947,0.36838905263157895
通州区,2018,7.3,no_screening_flag,E2_zero_central_tail,0.437462,0.0,0.8947368421052632,0.3914133684210527
通州区,2019,8.2,no_screening_flag,E2_zero_central_tail,0.437462,0.0,0.9473684210526316,0.41443768421052635
通州区,2020,7.8,no_screening_flag,E2_zero_central_tail,0.437462,0.0,1.0,0.437462
门头沟区,2000,19.3,no_screening_flag,E2_zero_central_tail,0.0,0.0,0.5294117647058824,0.0
门头沟区,2001,19.9,no_screening_flag,E2_zero_central_tail,0.0,0.0,0.5941176470588235,0.0
门头沟区,2002,19.7,bulletin_marked_draft;cross_report_value_disagreement,E2_zero_central_tail,0.0,0.0,0.6588235294117647,0.0
门头沟区,2003,19.9,low_resolution_photographed_chart;source_chart_city_control_disagreement,E2_zero_central_tail,0.0,0.0,0.7235294117647059,0.0
门头沟区,2004,19.6,low_resolution_photographed_chart;source_chart_city_control_disagreement,E2_zero_central_tail,0.0,0.0,0.788235294117647,0.0
门头沟区,2005,20.0,low_resolution_photographed_chart,E2_zero_central_tail,0.0,0.0,0.8529411764705882,0.0
门头沟区,2006,19.0,low_resolution_photographed_chart,E2_zero_central_tail,0.0,0.0,0.8588235294117647,0.0
门头沟区,2007,19.8,low_resolution_photographed_chart,E2_zero_central_tail,0.0,0.0,0.8647058823529411,0.0
门头沟区,2008,20.1,no_screening_flag,E2_zero_central_tail,0.0,0.0,0.8705882352941177,0.0
门头沟区,2009,20.5,no_screening_flag,E2_zero_central_tail,0.0,0.0,0.8764705882352941,0.0
门头沟区,2010,20.7,no_screening_flag,E2_zero_central_tail,0.0,0.0,0.8823529411764706,0.0
门头沟区,2011,20.0,no_screening_flag,E2_zero_central_tail,0.0,0.0,0.9058823529411764,0.0
门头沟区,2012,19.4,no_screening_flag,E2_zero_central_tail,0.0,0.0,0.9294117647058824,0.0
门头沟区,2013,21.5,no_screening_flag,E2_zero_central_tail,0.0,0.0,0.9529411764705882,0.0
门头沟区,2014,23.3,no_screening_flag,E2_zero_central_tail,0.0,0.0,0.976470588235294,0.0
门头沟区,2015,23.0,no_screening_flag,E2_zero_central_tail,0.0,0.0,1.0,0.0
门头沟区,2016,20.0,no_screening_flag,E2_zero_central_tail,0.0,0.0,1.0,0.0
门头沟区,2017,16.7,no_screening_flag,E2_zero_central_tail,0.022179,0.0,1.0,0.022179
门头沟区,2018,17.0,cross_report_value_disagreement,E2_zero_central_tail,0.022179,0.0,1.0,0.022179
门头沟区,2019,38.2,large_year_to_year_change_gt5m,E2_zero_central_tail,0.0,0.0,1.0,0.0
门头沟区,2020,35.8,no_screening_flag,E2_zero_central_tail,0.0,0.0,1.0,0.0
顺义区,2000,16.8,no_screening_flag,E2_zero_central_tail,0.0,0.0,0.9285714285714286,0.0
顺义区,2001,17.5,no_screening_flag,E2_zero_central_tail,0.0,0.0,0.9285714285714286,0.0
顺义区,2002,18.7,bulletin_marked_draft,E2_zero_central_tail,0.0,0.0,0.9285714285714286,0.0
顺义区,2003,19.1,low_resolution_photographed_chart;source_chart_city_control_disagreement,E2_zero_central_tail,0.0,0.0,0.9285714285714286,0.0
顺义区,2004,22.3,low_resolution_photographed_chart;source_chart_city_control_disagreement,E2_zero_central_tail,0.0,0.0,0.9285714285714286,0.0
顺义区,2005,24.4,low_resolution_photographed_chart,E2_zero_central_tail,0.0,0.0,0.9285714285714286,0.0
顺义区,2006,26.2,low_resolution_photographed_chart,E2_zero_central_tail,0.0,0.0,0.9333333333333332,0.0
顺义区,2007,28.2,low_resolution_photographed_chart,E2_zero_central_tail,0.0,0.0,0.938095238095238,0.0
顺义区,2008,29.0,no_screening_flag,E2_zero_central_tail,0.0,0.0,0.9428571428571428,0.0
顺义区,2009,30.4,no_screening_flag,E2_zero_central_tail,0.0,0.0,0.9476190476190476,0.0
顺义区,2010,31.6,no_screening_flag,E2_zero_central_tail,0.0,0.0,0.9523809523809524,0.0
顺义区,2011,32.4,no_screening_flag,E2_zero_central_tail,0.0,0.0,0.9619047619047618,0.0
顺义区,2012,32.4,no_screening_flag,E2_zero_central_tail,0.0,0.0,0.9714285714285714,0.0
顺义区,2013,33.4,no_screening_flag,E2_zero_central_tail,0.0,0.0,0.9809523809523808,0.0
顺义区,2014,34.4,no_screening_flag,E2_zero_central_tail,0.0,0.0,0.9904761904761904,0.0
顺义区,2015,34.3,no_screening_flag,E2_zero_central_tail,0.0,0.0,1.0,0.0
顺义区,2016,33.7,no_screening_flag,E2_zero_central_tail,0.0,0.0,1.0,0.0
顺义区,2017,34.1,no_screening_flag,E2_zero_central_tail,0.0,0.0,1.0,0.0
顺义区,2018,33.3,no_screening_flag,E2_zero_central_tail,0.0,0.0,1.0,0.0
顺义区,2019,32.2,no_screening_flag,E2_zero_central_tail,0.0,0.0,1.0,0.0
顺义区,2020,29.3,no_screening_flag,E2_zero_central_tail,0.0,0.0,1.0,0.0
大兴区,2000,11.7,no_screening_flag,E2_p03_extend,0.087487,0.0,0.3091787439613526,0.027049120772946852
大兴区,2001,12.6,no_screening_flag,E2_p03_extend,0.009993,-7.7494,0.3690821256038647,0.00368823768115942
大兴区,2002,13.2,bulletin_marked_draft;cross_report_value_disagreement,E2_p03_extend,0.009993,0.0,0.4289855072463768,0.0042868521739130435
大兴区,2003,13.9,low_resolution_photographed_chart;source_chart_city_control_disagreement,E2_p03_extend,0.009993,0.0,0.4888888888888889,0.004885466666666667
大兴区,2004,15.0,low_resolution_photographed_chart;source_chart_city_control_disagreement,E2_p03_extend,0.009993,0.0,0.548792270531401,0.00548408115942029
大兴区,2005,15.9,low_resolution_photographed_chart,E2_p03_extend,0.0,-0.9993,0.6086956521739131,0.0
大兴区,2006,17.3,low_resolution_photographed_chart,E2_p03_extend,0.0,0.0,0.6328502415458938,0.0
大兴区,2007,17.9,low_resolution_photographed_chart,E2_p03_extend,0.0,0.0,0.6570048309178744,0.0
大兴区,2008,18.6,no_screening_flag,E2_p03_extend,0.0,0.0,0.6811594202898551,0.0
大兴区,2009,19.3,no_screening_flag,E2_p03_extend,0.0,0.0,0.7053140096618358,0.0
大兴区,2010,18.8,no_screening_flag,E2_p03_extend,0.0,0.0,0.7294685990338164,0.0
大兴区,2011,18.9,no_screening_flag,E2_p03_extend,0.0,0.0,0.7323671497584541,0.0
大兴区,2012,17.9,no_screening_flag,E2_p03_extend,0.0,0.0,0.7352657004830918,0.0
大兴区,2013,17.8,no_screening_flag,E2_p03_extend,0.0,0.0,0.7381642512077294,0.0
大兴区,2014,19.0,no_screening_flag,E2_p03_extend,0.0,0.0,0.7410628019323672,0.0
大兴区,2015,18.7,no_screening_flag,E2_p03_extend,0.0,0.0,0.7439613526570048,0.0
大兴区,2016,17.8,no_screening_flag,E2_p03_extend,0.0,0.0,0.7951690821256039,0.0
大兴区,2017,17.9,no_screening_flag,E2_p03_extend,0.0,0.0,0.8463768115942029,0.0
大兴区,2018,17.9,no_screening_flag,E2_p03_extend,0.0,0.0,0.8975845410628019,0.0
大兴区,2019,17.8,no_screening_flag,E2_p03_extend,0.0,0.0,0.9487922705314008,0.0
大兴区,2020,16.8,no_screening_flag,E2_p03_extend,0.0,-0.9993,1.0,0.0
密云区,2000,19.3,no_screening_flag,E2_p03_extend,0.0,0.0,0.53125,0.0
密云区,2001,22.0,bulletin_marked_draft;primary_figure_occluded_used_alternate_source,E2_p03_extend,0.0,0.0,0.58125,0.0
密云区,2002,22.7,bulletin_marked_draft;cross_report_value_disagreement,E2_p03_extend,0.0,0.0,0.63125,0.0
密云区,2003,24.2,cross_report_value_disagreement;low_resolution_photographed_chart;source_chart_city_control_disagreement,E2_p03_extend,0.0,0.0,0.68125,0.0
密云区,2004,25.5,low_resolution_photographed_chart;source_chart_city_control_disagreement,E2_p03_extend,0.0,0.0,0.73125,0.0
密云区,2005,25.4,low_resolution_photographed_chart,E2_p03_extend,0.0,0.0,0.78125,0.0
密云区,2006,26.1,low_resolution_photographed_chart,E2_p03_extend,0.0,0.0,0.78125,0.0
密云区,2007,28.0,low_resolution_photographed_chart,E2_p03_extend,0.0,0.0,0.78125,0.0
密云区,2008,28.2,no_screening_flag,E2_p03_extend,0.0,0.0,0.78125,0.0
密云区,2009,28.9,no_screening_flag,E2_p03_extend,0.0,0.0,0.78125,0.0
密云区,2010,29.9,no_screening_flag,E2_p03_extend,0.0,0.0,0.78125,0.0
密云区,2011,29.5,no_screening_flag,E2_p03_extend,0.0,0.0,0.78125,0.0
密云区,2012,28.7,no_screening_flag,E2_p03_extend,0.0,0.0,0.78125,0.0
密云区,2013,29.8,no_screening_flag,E2_p03_extend,0.0,0.0,0.78125,0.0
密云区,2014,30.4,no_screening_flag,E2_p03_extend,0.0,0.0,0.78125,0.0
密云区,2015,30.6,no_screening_flag,E2_p03_extend,0.0,0.0,0.78125,0.0
密云区,2016,29.7,no_screening_flag,E2_p03_extend,0.0,0.0,0.825,0.0
密云区,2017,31.3,no_screening_flag,E2_p03_extend,0.0,0.0,0.86875,0.0
密云区,2018,24.9,large_year_to_year_change_gt5m,E2_p03_extend,0.0,0.0,0.9125,0.0
密云区,2019,24.8,no_screening_flag,E2_p03_extend,0.0,0.0,0.95625,0.0
密云区,2020,25.2,no_screening_flag,E2_p03_extend,0.0,0.0,1.0,0.0
平谷区,2000,19.6,no_screening_flag,E2_p03_extend,0.0,0.0,0.75,0.0
平谷区,2001,17.9,no_screening_flag,E2_p03_extend,0.0,0.0,0.7833333333333333,0.0
平谷区,2002,20.7,bulletin_marked_draft;cross_report_value_disagreement,E2_p03_extend,0.0,0.0,0.8166666666666667,0.0
平谷区,2003,20.6,cross_report_value_disagreement;low_resolution_photographed_chart;source_chart_city_control_disagreement,E2_p03_extend,0.0,0.0,0.85,0.0
平谷区,2004,23.0,low_resolution_photographed_chart;source_chart_city_control_disagreement,E2_p03_extend,0.0,0.0,0.8833333333333333,0.0
平谷区,2005,26.0,low_resolution_photographed_chart,E2_p03_extend,0.0,0.0,0.9166666666666666,0.0
平谷区,2006,29.8,cross_report_value_disagreement;low_resolution_photographed_chart,E2_p03_extend,0.0,0.0,0.9333333333333332,0.0
平谷区,2007,33.2,low_resolution_photographed_chart,E2_p03_extend,0.0,0.0,0.95,0.0
平谷区,2008,34.6,no_screening_flag,E2_p03_extend,0.0,0.0,0.9666666666666668,0.0
平谷区,2009,37.7,no_screening_flag,E2_p03_extend,0.0,0.0,0.9833333333333332,0.0
平谷区,2010,39.4,no_screening_flag,E2_p03_extend,0.0,0.0,1.0,0.0
平谷区,2011,39.4,no_screening_flag,E2_p03_extend,0.0,0.0,1.0,0.0
平谷区,2012,37.3,no_screening_flag,E2_p03_extend,0.0,0.0,1.0,0.0
平谷区,2013,36.9,no_screening_flag,E2_p03_extend,0.0,0.0,1.0,0.0
平谷区,2014,40.5,no_screening_flag,E2_p03_extend,0.0,0.0,1.0,0.0
平谷区,2015,41.8,no_screening_flag,E2_p03_extend,0.0,0.0,1.0,0.0
平谷区,2016,42.4,no_screening_flag,E2_p03_extend,0.0,0.0,1.0,0.0
平谷区,2017,42.0,no_screening_flag,E2_p03_extend,0.0,0.0,1.0,0.0
平谷区,2018,32.8,large_year_to_year_change_gt5m,E2_p03_extend,0.0,0.0,1.0,0.0
平谷区,2019,33.8,no_screening_flag,E2_p03_extend,0.0,0.0,1.0,0.0
平谷区,2020,35.8,no_screening_flag,E2_p03_extend,0.0,0.0,1.0,0.0
延庆区,2000,8.4,no_screening_flag,E2_p03_extend,0.18273799999999998,0.0,0.6666666666666666,0.12182533333333331
延庆区,2001,8.2,no_screening_flag,E2_p03_extend,0.18273799999999998,0.0,0.6888888888888889,0.12588617777777777
延庆区,2002,8.3,bulletin_marked_draft;cross_report_value_disagreement,E2_p03_extend,0.18273799999999998,0.0,0.7111111111111111,0.1299470222222222
延庆区,2003,8.6,low_resolution_photographed_chart;source_chart_city_control_disagreement,E2_p03_extend,0.18273799999999998,0.0,0.7333333333333333,0.13400786666666664
延庆区,2004,8.5,low_resolution_photographed_chart;source_chart_city_control_disagreement,E2_p03_extend,0.18273799999999998,0.0,0.7555555555555555,0.1380687111111111
延庆区,2005,8.7,low_resolution_photographed_chart,E2_p03_extend,0.18273799999999998,0.0,0.7777777777777778,0.14212955555555554
延庆区,2006,8.4,low_resolution_photographed_chart,E2_p03_extend,0.18273799999999998,0.0,0.7777777777777778,0.14212955555555554
延庆区,2007,9.0,low_resolution_photographed_chart,E2_p03_extend,0.020419,-16.2319,0.7777777777777778,0.015881444444444445
延庆区,2008,8.8,no_screening_flag,E2_p03_extend,0.020419,-16.2319,0.7777777777777778,0.015881444444444445
延庆区,2009,9.2,no_screening_flag,E2_p03_extend,0.020419,0.0,0.7777777777777778,0.015881444444444445
延庆区,2010,9.3,no_screening_flag,E2_p03_extend,0.020419,0.0,0.7777777777777778,0.015881444444444445
延庆区,2011,9.3,no_screening_flag,E2_p03_extend,0.020419,0.0,0.7777777777777778,0.015881444444444445
延庆区,2012,9.2,no_screening_flag,E2_p03_extend,0.020419,0.0,0.7777777777777778,0.015881444444444445
延庆区,2013,9.3,no_screening_flag,E2_p03_extend,0.020419,0.0,0.7777777777777778,0.015881444444444445
延庆区,2014,10.4,no_screening_flag,E2_p03_extend,0.020419,0.0,0.7777777777777778,0.015881444444444445
延庆区,2015,10.4,no_screening_flag,E2_p03_extend,0.020419,0.0,0.7777777777777778,0.015881444444444445
延庆区,2016,9.8,no_screening_flag,E2_p03_extend,0.020419,0.0,0.8222222222222222,0.016788955555555554
延庆区,2017,10.0,no_screening_flag,E2_p03_extend,0.020419,0.0,0.8666666666666667,0.017696466666666667
延庆区,2018,9.7,no_screening_flag,E2_p03_extend,0.020419,0.0,0.9111111111111112,0.01860397777777778
延庆区,2019,9.8,no_screening_flag,E2_p03_extend,0.020419,0.0,0.9555555555555556,0.01951148888888889
延庆区,2020,7.2,no_screening_flag,E2_p03_extend,0.18273799999999998,0.0,1.0,0.18273799999999998
怀柔区,2000,6.9,no_screening_flag,E2_p03_extend,0.387258,0.0,0.5714285714285714,0.2212902857142857
怀柔区,2001,7.7,no_screening_flag,E2_p03_extend,0.387258,0.0,0.638095238095238,0.2471074857142857
怀柔区,2002,10.4,bulletin_marked_draft;cross_report_value_disagreement,E2_p03_extend,0.031538,0.0,0.7047619047619047,0.022226780952380946
怀柔区,2003,11.7,low_resolution_photographed_chart;source_chart_city_control_disagreement,E2_p03_extend,0.031538,0.0,0.7714285714285714,0.02432931428571428
怀柔区,2004,14.1,low_resolution_photographed_chart;source_chart_city_control_disagreement,E2_p03_extend,0.0,0.0,0.8380952380952381,0.0
怀柔区,2005,15.9,low_resolution_photographed_chart,E2_p03_extend,0.0,0.0,0.9047619047619048,0.0
怀柔区,2006,16.7,low_resolution_photographed_chart,E2_p03_extend,0.0,0.0,0.9142857142857144,0.0
怀柔区,2007,19.2,low_resolution_photographed_chart,E2_p03_extend,0.0,0.0,0.9238095238095236,0.0
怀柔区,2008,19.7,no_screening_flag,E2_p03_extend,0.0,0.0,0.9333333333333332,0.0
怀柔区,2009,20.1,no_screening_flag,E2_p03_extend,0.0,0.0,0.9428571428571428,0.0
怀柔区,2010,21.3,no_screening_flag,E2_p03_extend,0.0,0.0,0.9523809523809524,0.0
怀柔区,2011,22.3,no_screening_flag,E2_p03_extend,0.0,0.0,0.9523809523809524,0.0
怀柔区,2012,21.2,no_screening_flag,E2_p03_extend,0.0,0.0,0.9523809523809524,0.0
怀柔区,2013,21.5,no_screening_flag,E2_p03_extend,0.0,0.0,0.9523809523809524,0.0
怀柔区,2014,22.6,no_screening_flag,E2_p03_extend,0.0,0.0,0.9523809523809524,0.0
怀柔区,2015,22.3,no_screening_flag,E2_p03_extend,0.0,0.0,0.9523809523809524,0.0
怀柔区,2016,21.6,no_screening_flag,E2_p03_extend,0.0,0.0,0.9619047619047618,0.0
怀柔区,2017,21.2,no_screening_flag,E2_p03_extend,0.0,0.0,0.9714285714285714,0.0
怀柔区,2018,17.3,no_screening_flag,E2_p03_extend,0.0,0.0,0.9809523809523808,0.0
怀柔区,2019,15.8,no_screening_flag,E2_p03_extend,0.0,0.0,0.9904761904761904,0.0
怀柔区,2020,16.3,no_screening_flag,E2_p03_extend,0.0,0.0,1.0,0.0
房山区,2000,10.4,no_screening_flag,E2_p03_extend,0.09858,0.0,0.6973684210526315,0.06874657894736842
房山区,2001,12.0,no_screening_flag,E2_p03_extend,0.09858,0.0,0.7210526315789473,0.07108136842105263
房山区,2002,11.7,bulletin_marked_draft;cross_report_value_disagreement,E2_p03_extend,0.09858,0.0,0.7447368421052631,0.07341615789473684
房山区,2003,11.1,low_resolution_photographed_chart;source_chart_city_control_disagreement,E2_p03_extend,0.09858,0.0,0.7684210526315789,0.07575094736842104
房山区,2004,11.4,low_resolution_photographed_chart;source_chart_city_control_disagreement,E2_p03_extend,0.09858,0.0,0.7921052631578948,0.07808573684210526
房山区,2005,20.0,large_year_to_year_change_gt5m;low_resolution_photographed_chart,E2_p03_extend,0.0,0.0,0.8157894736842105,0.0
房山区,2006,11.8,large_year_to_year_change_gt5m;low_resolution_photographed_chart,E2_p03_extend,0.09858,0.0,0.85,0.08379299999999999
房山区,2007,11.6,low_resolution_photographed_chart,E2_p03_extend,0.09858,0.0,0.8842105263157894,0.08716547368421053
房山区,2008,11.1,no_screening_flag,E2_p03_extend,0.09858,0.0,0.9184210526315788,0.09053794736842104
房山区,2009,11.6,no_screening_flag,E2_p03_extend,0.09858,0.0,0.9526315789473684,0.09391042105263157
房山区,2010,12.6,no_screening_flag,E2_p03_extend,0.0,-9.858,0.986842105263158,0.0
房山区,2011,10.7,no_screening_flag,E2_p03_extend,0.09858,0.0,0.9894736842105264,0.0975423157894737
房山区,2012,8.4,no_screening_flag,E2_p03_extend,0.491026,0.0,0.9921052631578948,0.4871494789473685
房山区,2013,8.9,no_screening_flag,E2_p03_extend,0.09858,-39.2446,0.9947368421052633,0.09806115789473685
房山区,2014,10.2,no_screening_flag,E2_p03_extend,0.09858,0.0,0.9973684210526316,0.09832057894736843
房山区,2015,10.6,no_screening_flag,E2_p03_extend,0.09858,0.0,1.0,0.09858
房山区,2016,9.0,no_screening_flag,E2_p03_extend,0.09858,-39.2446,1.0,0.09858
房山区,2017,9.3,no_screening_flag,E2_p03_extend,0.09858,0.0,1.0,0.09858
房山区,2018,9.6,no_screening_flag,E2_p03_extend,0.09858,0.0,1.0,0.09858
房山区,2019,10.5,no_screening_flag,E2_p03_extend,0.09858,0.0,1.0,0.09858
房山区,2020,8.6,no_screening_flag,E2_p03_extend,0.491026,0.0,1.0,0.491026
昌平区,2000,15.9,no_screening_flag,E2_p03_extend,0.0,-0.1292,0.6014492753623188,0.0
昌平区,2001,17.4,no_screening_flag,E2_p03_extend,0.0,0.0,0.6434782608695653,0.0
昌平区,2002,19.1,bulletin_marked_draft,E2_p03_extend,0.0,0.0,0.6855072463768116,0.0
昌平区,2003,18.5,cross_report_value_disagreement;low_resolution_photographed_chart;source_chart_city_control_disagreement,E2_p03_extend,0.0,0.0,0.727536231884058,0.0
昌平区,2004,21.1,low_resolution_photographed_chart;source_chart_city_control_disagreement,E2_p03_extend,0.0,0.0,0.7695652173913043,0.0
昌平区,2005,22.7,low_resolution_photographed_chart,E2_p03_extend,0.0,0.0,0.8115942028985508,0.0
昌平区,2006,23.1,low_resolution_photographed_chart,E2_p03_extend,0.0,0.0,0.846376811594203,0.0
昌平区,2007,25.3,low_resolution_photographed_chart,E2_p03_extend,0.0,0.0,0.8811594202898552,0.0
昌平区,2008,26.3,no_screening_flag,E2_p03_extend,0.0,0.0,0.9159420289855073,0.0
昌平区,2009,27.5,no_screening_flag,E2_p03_extend,0.0,0.0,0.9507246376811594,0.0
昌平区,2010,29.3,no_screening_flag,E2_p03_extend,0.0,0.0,0.9855072463768116,0.0
昌平区,2011,29.9,no_screening_flag,E2_p03_extend,0.0,0.0,0.9884057971014492,0.0
昌平区,2012,30.2,no_screening_flag,E2_p03_extend,0.0,0.0,0.991304347826087,0.0
昌平区,2013,31.3,no_screening_flag,E2_p03_extend,0.0,0.0,0.9942028985507246,0.0
昌平区,2014,32.3,no_screening_flag,E2_p03_extend,0.0,0.0,0.9971014492753624,0.0
昌平区,2015,32.3,no_screening_flag,E2_p03_extend,0.0,0.0,1.0,0.0
昌平区,2016,30.7,no_screening_flag,E2_p03_extend,0.0,0.0,1.0,0.0
昌平区,2017,30.2,no_screening_flag,E2_p03_extend,0.0,0.0,1.0,0.0
昌平区,2018,29.4,no_screening_flag,E2_p03_extend,0.0,0.0,1.0,0.0
昌平区,2019,28.8,no_screening_flag,E2_p03_extend,0.0,0.0,1.0,0.0
昌平区,2020,27.1,no_screening_flag,E2_p03_extend,0.0,0.0,1.0,0.0
通州区,2000,5.7,no_screening_flag,E2_p03_extend,0.437462,0.0,0.4421052631578947,0.19340425263157895
通州区,2001,6.4,no_screening_flag,E2_p03_extend,0.437462,0.0,0.4694736842105263,0.20537689684210528
通州区,2002,6.4,bulletin_marked_draft;cross_report_value_disagreement,E2_p03_extend,0.437462,0.0,0.4968421052631579,0.2173495410526316
通州区,2003,7.0,low_resolution_photographed_chart;source_chart_city_control_disagreement,E2_p03_extend,0.437462,0.0,0.5242105263157895,0.2293221852631579
通州区,2004,7.5,low_resolution_photographed_chart;source_chart_city_control_disagreement,E2_p03_extend,0.437462,0.0,0.5515789473684211,0.24129482947368422
通州区,2005,8.1,low_resolution_photographed_chart,E2_p03_extend,0.437462,0.0,0.5789473684210527,0.25326747368421054
通州区,2006,7.6,low_resolution_photographed_chart,E2_p03_extend,0.437462,0.0,0.6063157894736843,0.2652401178947369
通州区,2007,7.5,low_resolution_photographed_chart,E2_p03_extend,0.437462,0.0,0.6336842105263158,0.2772127621052632
通州区,2008,7.6,no_screening_flag,E2_p03_extend,0.437462,0.0,0.6610526315789473,0.2891854063157895
通州区,2009,7.2,no_screening_flag,E2_p03_extend,0.437462,0.0,0.6884210526315789,0.3011580505263158
通州区,2010,7.4,no_screening_flag,E2_p03_extend,0.437462,0.0,0.7157894736842105,0.31313069473684213
通州区,2011,7.1,no_screening_flag,E2_p03_extend,0.437462,0.0,0.72,0.31497264
通州区,2012,6.6,no_screening_flag,E2_p03_extend,0.437462,0.0,0.7242105263157894,0.31681458526315787
通州区,2013,6.8,no_screening_flag,E2_p03_extend,0.437462,0.0,0.728421052631579,0.3186565305263158
通州区,2014,7.5,no_screening_flag,E2_p03_extend,0.437462,0.0,0.7326315789473684,0.3204984757894737
通州区,2015,8.1,no_screening_flag,E2_p03_extend,0.437462,0.0,0.7368421052631579,0.32234042105263155
通州区,2016,7.6,no_screening_flag,E2_p03_extend,0.437462,0.0,0.7894736842105263,0.3453647368421053
通州区,2017,7.8,no_screening_flag,E2_p03_extend,0.437462,0.0,0.8421052631578947,0.36838905263157895
通州区,2018,7.3,no_screening_flag,E2_p03_extend,0.437462,0.0,0.8947368421052632,0.3914133684210527
通州区,2019,8.2,no_screening_flag,E2_p03_extend,0.437462,0.0,0.9473684210526316,0.41443768421052635
通州区,2020,7.8,no_screening_flag,E2_p03_extend,0.437462,0.0,1.0,0.437462
门头沟区,2000,19.3,no_screening_flag,E2_p03_extend,0.0,0.0,0.5294117647058824,0.0
门头沟区,2001,19.9,no_screening_flag,E2_p03_extend,0.0,0.0,0.5941176470588235,0.0
门头沟区,2002,19.7,bulletin_marked_draft;cross_report_value_disagreement,E2_p03_extend,0.0,0.0,0.6588235294117647,0.0
门头沟区,2003,19.9,low_resolution_photographed_chart;source_chart_city_control_disagreement,E2_p03_extend,0.0,0.0,0.7235294117647059,0.0
门头沟区,2004,19.6,low_resolution_photographed_chart;source_chart_city_control_disagreement,E2_p03_extend,0.0,0.0,0.788235294117647,0.0
门头沟区,2005,20.0,low_resolution_photographed_chart,E2_p03_extend,0.0,0.0,0.8529411764705882,0.0
门头沟区,2006,19.0,low_resolution_photographed_chart,E2_p03_extend,0.0,0.0,0.8588235294117647,0.0
门头沟区,2007,19.8,low_resolution_photographed_chart,E2_p03_extend,0.0,0.0,0.8647058823529411,0.0
门头沟区,2008,20.1,no_screening_flag,E2_p03_extend,0.0,0.0,0.8705882352941177,0.0
门头沟区,2009,20.5,no_screening_flag,E2_p03_extend,0.0,0.0,0.8764705882352941,0.0
门头沟区,2010,20.7,no_screening_flag,E2_p03_extend,0.0,0.0,0.8823529411764706,0.0
门头沟区,2011,20.0,no_screening_flag,E2_p03_extend,0.0,0.0,0.9058823529411764,0.0
门头沟区,2012,19.4,no_screening_flag,E2_p03_extend,0.0,0.0,0.9294117647058824,0.0
门头沟区,2013,21.5,no_screening_flag,E2_p03_extend,0.0,0.0,0.9529411764705882,0.0
门头沟区,2014,23.3,no_screening_flag,E2_p03_extend,0.0,0.0,0.976470588235294,0.0
门头沟区,2015,23.0,no_screening_flag,E2_p03_extend,0.0,0.0,1.0,0.0
门头沟区,2016,20.0,no_screening_flag,E2_p03_extend,0.0,0.0,1.0,0.0
门头沟区,2017,16.7,no_screening_flag,E2_p03_extend,0.0,-2.2179,1.0,0.0
门头沟区,2018,17.0,cross_report_value_disagreement,E2_p03_extend,0.0,-2.2179,1.0,0.0
门头沟区,2019,38.2,large_year_to_year_change_gt5m,E2_p03_extend,0.0,0.0,1.0,0.0
门头沟区,2020,35.8,no_screening_flag,E2_p03_extend,0.0,0.0,1.0,0.0
顺义区,2000,16.8,no_screening_flag,E2_p03_extend,0.0,0.0,0.9285714285714286,0.0
顺义区,2001,17.5,no_screening_flag,E2_p03_extend,0.0,0.0,0.9285714285714286,0.0
顺义区,2002,18.7,bulletin_marked_draft,E2_p03_extend,0.0,0.0,0.9285714285714286,0.0
顺义区,2003,19.1,low_resolution_photographed_chart;source_chart_city_control_disagreement,E2_p03_extend,0.0,0.0,0.9285714285714286,0.0
顺义区,2004,22.3,low_resolution_photographed_chart;source_chart_city_control_disagreement,E2_p03_extend,0.0,0.0,0.9285714285714286,0.0
顺义区,2005,24.4,low_resolution_photographed_chart,E2_p03_extend,0.0,0.0,0.9285714285714286,0.0
顺义区,2006,26.2,low_resolution_photographed_chart,E2_p03_extend,0.0,0.0,0.9333333333333332,0.0
顺义区,2007,28.2,low_resolution_photographed_chart,E2_p03_extend,0.0,0.0,0.938095238095238,0.0
顺义区,2008,29.0,no_screening_flag,E2_p03_extend,0.0,0.0,0.9428571428571428,0.0
顺义区,2009,30.4,no_screening_flag,E2_p03_extend,0.0,0.0,0.9476190476190476,0.0
顺义区,2010,31.6,no_screening_flag,E2_p03_extend,0.0,0.0,0.9523809523809524,0.0
顺义区,2011,32.4,no_screening_flag,E2_p03_extend,0.0,0.0,0.9619047619047618,0.0
顺义区,2012,32.4,no_screening_flag,E2_p03_extend,0.0,0.0,0.9714285714285714,0.0
顺义区,2013,33.4,no_screening_flag,E2_p03_extend,0.0,0.0,0.9809523809523808,0.0
顺义区,2014,34.4,no_screening_flag,E2_p03_extend,0.0,0.0,0.9904761904761904,0.0
顺义区,2015,34.3,no_screening_flag,E2_p03_extend,0.0,0.0,1.0,0.0
顺义区,2016,33.7,no_screening_flag,E2_p03_extend,0.0,0.0,1.0,0.0
顺义区,2017,34.1,no_screening_flag,E2_p03_extend,0.0,0.0,1.0,0.0
顺义区,2018,33.3,no_screening_flag,E2_p03_extend,0.0,0.0,1.0,0.0
顺义区,2019,32.2,no_screening_flag,E2_p03_extend,0.0,0.0,1.0,0.0
顺义区,2020,29.3,no_screening_flag,E2_p03_extend,0.0,0.0,1.0,0.0
大兴区,2000,11.7,no_screening_flag,E2_p03_central_tail,0.087487,0.0,0.3091787439613526,0.027049120772946852
大兴区,2001,12.6,no_screening_flag,E2_p03_central_tail,0.009993,-7.7494,0.3690821256038647,0.00368823768115942
大兴区,2002,13.2,bulletin_marked_draft;cross_report_value_disagreement,E2_p03_central_tail,0.009993,0.0,0.4289855072463768,0.0042868521739130435
大兴区,2003,13.9,low_resolution_photographed_chart;source_chart_city_control_disagreement,E2_p03_central_tail,0.009993,0.0,0.4888888888888889,0.004885466666666667
大兴区,2004,15.0,low_resolution_photographed_chart;source_chart_city_control_disagreement,E2_p03_central_tail,0.009993,0.0,0.548792270531401,0.00548408115942029
大兴区,2005,15.9,low_resolution_photographed_chart,E2_p03_central_tail,0.009993,0.0,0.6086956521739131,0.006082695652173914
大兴区,2006,17.3,low_resolution_photographed_chart,E2_p03_central_tail,0.0,0.0,0.6328502415458938,0.0
大兴区,2007,17.9,low_resolution_photographed_chart,E2_p03_central_tail,0.0,0.0,0.6570048309178744,0.0
大兴区,2008,18.6,no_screening_flag,E2_p03_central_tail,0.0,0.0,0.6811594202898551,0.0
大兴区,2009,19.3,no_screening_flag,E2_p03_central_tail,0.0,0.0,0.7053140096618358,0.0
大兴区,2010,18.8,no_screening_flag,E2_p03_central_tail,0.0,0.0,0.7294685990338164,0.0
大兴区,2011,18.9,no_screening_flag,E2_p03_central_tail,0.0,0.0,0.7323671497584541,0.0
大兴区,2012,17.9,no_screening_flag,E2_p03_central_tail,0.0,0.0,0.7352657004830918,0.0
大兴区,2013,17.8,no_screening_flag,E2_p03_central_tail,0.0,0.0,0.7381642512077294,0.0
大兴区,2014,19.0,no_screening_flag,E2_p03_central_tail,0.0,0.0,0.7410628019323672,0.0
大兴区,2015,18.7,no_screening_flag,E2_p03_central_tail,0.0,0.0,0.7439613526570048,0.0
大兴区,2016,17.8,no_screening_flag,E2_p03_central_tail,0.0,0.0,0.7951690821256039,0.0
大兴区,2017,17.9,no_screening_flag,E2_p03_central_tail,0.0,0.0,0.8463768115942029,0.0
大兴区,2018,17.9,no_screening_flag,E2_p03_central_tail,0.0,0.0,0.8975845410628019,0.0
大兴区,2019,17.8,no_screening_flag,E2_p03_central_tail,0.0,0.0,0.9487922705314008,0.0
大兴区,2020,16.8,no_screening_flag,E2_p03_central_tail,0.009993,0.0,1.0,0.009993
密云区,2000,19.3,no_screening_flag,E2_p03_central_tail,0.0,0.0,0.53125,0.0
密云区,2001,22.0,bulletin_marked_draft;primary_figure_occluded_used_alternate_source,E2_p03_central_tail,0.0,0.0,0.58125,0.0
密云区,2002,22.7,bulletin_marked_draft;cross_report_value_disagreement,E2_p03_central_tail,0.0,0.0,0.63125,0.0
密云区,2003,24.2,cross_report_value_disagreement;low_resolution_photographed_chart;source_chart_city_control_disagreement,E2_p03_central_tail,0.0,0.0,0.68125,0.0
密云区,2004,25.5,low_resolution_photographed_chart;source_chart_city_control_disagreement,E2_p03_central_tail,0.0,0.0,0.73125,0.0
密云区,2005,25.4,low_resolution_photographed_chart,E2_p03_central_tail,0.0,0.0,0.78125,0.0
密云区,2006,26.1,low_resolution_photographed_chart,E2_p03_central_tail,0.0,0.0,0.78125,0.0
密云区,2007,28.0,low_resolution_photographed_chart,E2_p03_central_tail,0.0,0.0,0.78125,0.0
密云区,2008,28.2,no_screening_flag,E2_p03_central_tail,0.0,0.0,0.78125,0.0
密云区,2009,28.9,no_screening_flag,E2_p03_central_tail,0.0,0.0,0.78125,0.0
密云区,2010,29.9,no_screening_flag,E2_p03_central_tail,0.0,0.0,0.78125,0.0
密云区,2011,29.5,no_screening_flag,E2_p03_central_tail,0.0,0.0,0.78125,0.0
密云区,2012,28.7,no_screening_flag,E2_p03_central_tail,0.0,0.0,0.78125,0.0
密云区,2013,29.8,no_screening_flag,E2_p03_central_tail,0.0,0.0,0.78125,0.0
密云区,2014,30.4,no_screening_flag,E2_p03_central_tail,0.0,0.0,0.78125,0.0
密云区,2015,30.6,no_screening_flag,E2_p03_central_tail,0.0,0.0,0.78125,0.0
密云区,2016,29.7,no_screening_flag,E2_p03_central_tail,0.0,0.0,0.825,0.0
密云区,2017,31.3,no_screening_flag,E2_p03_central_tail,0.0,0.0,0.86875,0.0
密云区,2018,24.9,large_year_to_year_change_gt5m,E2_p03_central_tail,0.0,0.0,0.9125,0.0
密云区,2019,24.8,no_screening_flag,E2_p03_central_tail,0.0,0.0,0.95625,0.0
密云区,2020,25.2,no_screening_flag,E2_p03_central_tail,0.0,0.0,1.0,0.0
平谷区,2000,19.6,no_screening_flag,E2_p03_central_tail,0.0,0.0,0.75,0.0
平谷区,2001,17.9,no_screening_flag,E2_p03_central_tail,0.0,0.0,0.7833333333333333,0.0
平谷区,2002,20.7,bulletin_marked_draft;cross_report_value_disagreement,E2_p03_central_tail,0.0,0.0,0.8166666666666667,0.0
平谷区,2003,20.6,cross_report_value_disagreement;low_resolution_photographed_chart;source_chart_city_control_disagreement,E2_p03_central_tail,0.0,0.0,0.85,0.0
平谷区,2004,23.0,low_resolution_photographed_chart;source_chart_city_control_disagreement,E2_p03_central_tail,0.0,0.0,0.8833333333333333,0.0
平谷区,2005,26.0,low_resolution_photographed_chart,E2_p03_central_tail,0.0,0.0,0.9166666666666666,0.0
平谷区,2006,29.8,cross_report_value_disagreement;low_resolution_photographed_chart,E2_p03_central_tail,0.0,0.0,0.9333333333333332,0.0
平谷区,2007,33.2,low_resolution_photographed_chart,E2_p03_central_tail,0.0,0.0,0.95,0.0
平谷区,2008,34.6,no_screening_flag,E2_p03_central_tail,0.0,0.0,0.9666666666666668,0.0
平谷区,2009,37.7,no_screening_flag,E2_p03_central_tail,0.0,0.0,0.9833333333333332,0.0
平谷区,2010,39.4,no_screening_flag,E2_p03_central_tail,0.0,0.0,1.0,0.0
平谷区,2011,39.4,no_screening_flag,E2_p03_central_tail,0.0,0.0,1.0,0.0
平谷区,2012,37.3,no_screening_flag,E2_p03_central_tail,0.0,0.0,1.0,0.0
平谷区,2013,36.9,no_screening_flag,E2_p03_central_tail,0.0,0.0,1.0,0.0
平谷区,2014,40.5,no_screening_flag,E2_p03_central_tail,0.0,0.0,1.0,0.0
平谷区,2015,41.8,no_screening_flag,E2_p03_central_tail,0.0,0.0,1.0,0.0
平谷区,2016,42.4,no_screening_flag,E2_p03_central_tail,0.0,0.0,1.0,0.0
平谷区,2017,42.0,no_screening_flag,E2_p03_central_tail,0.0,0.0,1.0,0.0
平谷区,2018,32.8,large_year_to_year_change_gt5m,E2_p03_central_tail,0.0,0.0,1.0,0.0
平谷区,2019,33.8,no_screening_flag,E2_p03_central_tail,0.0,0.0,1.0,0.0
平谷区,2020,35.8,no_screening_flag,E2_p03_central_tail,0.0,0.0,1.0,0.0
延庆区,2000,8.4,no_screening_flag,E2_p03_central_tail,0.18273799999999998,0.0,0.6666666666666666,0.12182533333333331
延庆区,2001,8.2,no_screening_flag,E2_p03_central_tail,0.18273799999999998,0.0,0.6888888888888889,0.12588617777777777
延庆区,2002,8.3,bulletin_marked_draft;cross_report_value_disagreement,E2_p03_central_tail,0.18273799999999998,0.0,0.7111111111111111,0.1299470222222222
延庆区,2003,8.6,low_resolution_photographed_chart;source_chart_city_control_disagreement,E2_p03_central_tail,0.18273799999999998,0.0,0.7333333333333333,0.13400786666666664
延庆区,2004,8.5,low_resolution_photographed_chart;source_chart_city_control_disagreement,E2_p03_central_tail,0.18273799999999998,0.0,0.7555555555555555,0.1380687111111111
延庆区,2005,8.7,low_resolution_photographed_chart,E2_p03_central_tail,0.18273799999999998,0.0,0.7777777777777778,0.14212955555555554
延庆区,2006,8.4,low_resolution_photographed_chart,E2_p03_central_tail,0.18273799999999998,0.0,0.7777777777777778,0.14212955555555554
延庆区,2007,9.0,low_resolution_photographed_chart,E2_p03_central_tail,0.020419,-16.2319,0.7777777777777778,0.015881444444444445
延庆区,2008,8.8,no_screening_flag,E2_p03_central_tail,0.020419,-16.2319,0.7777777777777778,0.015881444444444445
延庆区,2009,9.2,no_screening_flag,E2_p03_central_tail,0.020419,0.0,0.7777777777777778,0.015881444444444445
延庆区,2010,9.3,no_screening_flag,E2_p03_central_tail,0.020419,0.0,0.7777777777777778,0.015881444444444445
延庆区,2011,9.3,no_screening_flag,E2_p03_central_tail,0.020419,0.0,0.7777777777777778,0.015881444444444445
延庆区,2012,9.2,no_screening_flag,E2_p03_central_tail,0.020419,0.0,0.7777777777777778,0.015881444444444445
延庆区,2013,9.3,no_screening_flag,E2_p03_central_tail,0.020419,0.0,0.7777777777777778,0.015881444444444445
延庆区,2014,10.4,no_screening_flag,E2_p03_central_tail,0.020419,0.0,0.7777777777777778,0.015881444444444445
延庆区,2015,10.4,no_screening_flag,E2_p03_central_tail,0.020419,0.0,0.7777777777777778,0.015881444444444445
延庆区,2016,9.8,no_screening_flag,E2_p03_central_tail,0.020419,0.0,0.8222222222222222,0.016788955555555554
延庆区,2017,10.0,no_screening_flag,E2_p03_central_tail,0.020419,0.0,0.8666666666666667,0.017696466666666667
延庆区,2018,9.7,no_screening_flag,E2_p03_central_tail,0.020419,0.0,0.9111111111111112,0.01860397777777778
延庆区,2019,9.8,no_screening_flag,E2_p03_central_tail,0.020419,0.0,0.9555555555555556,0.01951148888888889
延庆区,2020,7.2,no_screening_flag,E2_p03_central_tail,0.18273799999999998,0.0,1.0,0.18273799999999998
怀柔区,2000,6.9,no_screening_flag,E2_p03_central_tail,0.387258,0.0,0.5714285714285714,0.2212902857142857
怀柔区,2001,7.7,no_screening_flag,E2_p03_central_tail,0.387258,0.0,0.638095238095238,0.2471074857142857
怀柔区,2002,10.4,bulletin_marked_draft;cross_report_value_disagreement,E2_p03_central_tail,0.031538,0.0,0.7047619047619047,0.022226780952380946
怀柔区,2003,11.7,low_resolution_photographed_chart;source_chart_city_control_disagreement,E2_p03_central_tail,0.031538,0.0,0.7714285714285714,0.02432931428571428
怀柔区,2004,14.1,low_resolution_photographed_chart;source_chart_city_control_disagreement,E2_p03_central_tail,0.0,0.0,0.8380952380952381,0.0
怀柔区,2005,15.9,low_resolution_photographed_chart,E2_p03_central_tail,0.0,0.0,0.9047619047619048,0.0
怀柔区,2006,16.7,low_resolution_photographed_chart,E2_p03_central_tail,0.0,0.0,0.9142857142857144,0.0
怀柔区,2007,19.2,low_resolution_photographed_chart,E2_p03_central_tail,0.0,0.0,0.9238095238095236,0.0
怀柔区,2008,19.7,no_screening_flag,E2_p03_central_tail,0.0,0.0,0.9333333333333332,0.0
怀柔区,2009,20.1,no_screening_flag,E2_p03_central_tail,0.0,0.0,0.9428571428571428,0.0
怀柔区,2010,21.3,no_screening_flag,E2_p03_central_tail,0.0,0.0,0.9523809523809524,0.0
怀柔区,2011,22.3,no_screening_flag,E2_p03_central_tail,0.0,0.0,0.9523809523809524,0.0
怀柔区,2012,21.2,no_screening_flag,E2_p03_central_tail,0.0,0.0,0.9523809523809524,0.0
怀柔区,2013,21.5,no_screening_flag,E2_p03_central_tail,0.0,0.0,0.9523809523809524,0.0
怀柔区,2014,22.6,no_screening_flag,E2_p03_central_tail,0.0,0.0,0.9523809523809524,0.0
怀柔区,2015,22.3,no_screening_flag,E2_p03_central_tail,0.0,0.0,0.9523809523809524,0.0
怀柔区,2016,21.6,no_screening_flag,E2_p03_central_tail,0.0,0.0,0.9619047619047618,0.0
怀柔区,2017,21.2,no_screening_flag,E2_p03_central_tail,0.0,0.0,0.9714285714285714,0.0
怀柔区,2018,17.3,no_screening_flag,E2_p03_central_tail,0.0,0.0,0.9809523809523808,0.0
怀柔区,2019,15.8,no_screening_flag,E2_p03_central_tail,0.0,0.0,0.9904761904761904,0.0
怀柔区,2020,16.3,no_screening_flag,E2_p03_central_tail,0.0,0.0,1.0,0.0
房山区,2000,10.4,no_screening_flag,E2_p03_central_tail,0.09858,0.0,0.6973684210526315,0.06874657894736842
房山区,2001,12.0,no_screening_flag,E2_p03_central_tail,0.09858,0.0,0.7210526315789473,0.07108136842105263
房山区,2002,11.7,bulletin_marked_draft;cross_report_value_disagreement,E2_p03_central_tail,0.09858,0.0,0.7447368421052631,0.07341615789473684
房山区,2003,11.1,low_resolution_photographed_chart;source_chart_city_control_disagreement,E2_p03_central_tail,0.09858,0.0,0.7684210526315789,0.07575094736842104
房山区,2004,11.4,low_resolution_photographed_chart;source_chart_city_control_disagreement,E2_p03_central_tail,0.09858,0.0,0.7921052631578948,0.07808573684210526
房山区,2005,20.0,large_year_to_year_change_gt5m;low_resolution_photographed_chart,E2_p03_central_tail,0.0,0.0,0.8157894736842105,0.0
房山区,2006,11.8,large_year_to_year_change_gt5m;low_resolution_photographed_chart,E2_p03_central_tail,0.09858,0.0,0.85,0.08379299999999999
房山区,2007,11.6,low_resolution_photographed_chart,E2_p03_central_tail,0.09858,0.0,0.8842105263157894,0.08716547368421053
房山区,2008,11.1,no_screening_flag,E2_p03_central_tail,0.09858,0.0,0.9184210526315788,0.09053794736842104
房山区,2009,11.6,no_screening_flag,E2_p03_central_tail,0.09858,0.0,0.9526315789473684,0.09391042105263157
房山区,2010,12.6,no_screening_flag,E2_p03_central_tail,0.0,-9.858,0.986842105263158,0.0
房山区,2011,10.7,no_screening_flag,E2_p03_central_tail,0.09858,0.0,0.9894736842105264,0.0975423157894737
房山区,2012,8.4,no_screening_flag,E2_p03_central_tail,0.491026,0.0,0.9921052631578948,0.4871494789473685
房山区,2013,8.9,no_screening_flag,E2_p03_central_tail,0.09858,-39.2446,0.9947368421052633,0.09806115789473685
房山区,2014,10.2,no_screening_flag,E2_p03_central_tail,0.09858,0.0,0.9973684210526316,0.09832057894736843
房山区,2015,10.6,no_screening_flag,E2_p03_central_tail,0.09858,0.0,1.0,0.09858
房山区,2016,9.0,no_screening_flag,E2_p03_central_tail,0.09858,-39.2446,1.0,0.09858
房山区,2017,9.3,no_screening_flag,E2_p03_central_tail,0.09858,0.0,1.0,0.09858
房山区,2018,9.6,no_screening_flag,E2_p03_central_tail,0.09858,0.0,1.0,0.09858
房山区,2019,10.5,no_screening_flag,E2_p03_central_tail,0.09858,0.0,1.0,0.09858
房山区,2020,8.6,no_screening_flag,E2_p03_central_tail,0.491026,0.0,1.0,0.491026
昌平区,2000,15.9,no_screening_flag,E2_p03_central_tail,0.001292,0.0,0.6014492753623188,0.0007770724637681159
昌平区,2001,17.4,no_screening_flag,E2_p03_central_tail,0.0,0.0,0.6434782608695653,0.0
昌平区,2002,19.1,bulletin_marked_draft,E2_p03_central_tail,0.0,0.0,0.6855072463768116,0.0
昌平区,2003,18.5,cross_report_value_disagreement;low_resolution_photographed_chart;source_chart_city_control_disagreement,E2_p03_central_tail,0.0,0.0,0.727536231884058,0.0
昌平区,2004,21.1,low_resolution_photographed_chart;source_chart_city_control_disagreement,E2_p03_central_tail,0.0,0.0,0.7695652173913043,0.0
昌平区,2005,22.7,low_resolution_photographed_chart,E2_p03_central_tail,0.0,0.0,0.8115942028985508,0.0
昌平区,2006,23.1,low_resolution_photographed_chart,E2_p03_central_tail,0.0,0.0,0.846376811594203,0.0
昌平区,2007,25.3,low_resolution_photographed_chart,E2_p03_central_tail,0.0,0.0,0.8811594202898552,0.0
昌平区,2008,26.3,no_screening_flag,E2_p03_central_tail,0.0,0.0,0.9159420289855073,0.0
昌平区,2009,27.5,no_screening_flag,E2_p03_central_tail,0.0,0.0,0.9507246376811594,0.0
昌平区,2010,29.3,no_screening_flag,E2_p03_central_tail,0.0,0.0,0.9855072463768116,0.0
昌平区,2011,29.9,no_screening_flag,E2_p03_central_tail,0.0,0.0,0.9884057971014492,0.0
昌平区,2012,30.2,no_screening_flag,E2_p03_central_tail,0.0,0.0,0.991304347826087,0.0
昌平区,2013,31.3,no_screening_flag,E2_p03_central_tail,0.0,0.0,0.9942028985507246,0.0
昌平区,2014,32.3,no_screening_flag,E2_p03_central_tail,0.0,0.0,0.9971014492753624,0.0
昌平区,2015,32.3,no_screening_flag,E2_p03_central_tail,0.0,0.0,1.0,0.0
昌平区,2016,30.7,no_screening_flag,E2_p03_central_tail,0.0,0.0,1.0,0.0
昌平区,2017,30.2,no_screening_flag,E2_p03_central_tail,0.0,0.0,1.0,0.0
昌平区,2018,29.4,no_screening_flag,E2_p03_central_tail,0.0,0.0,1.0,0.0
昌平区,2019,28.8,no_screening_flag,E2_p03_central_tail,0.0,0.0,1.0,0.0
昌平区,2020,27.1,no_screening_flag,E2_p03_central_tail,0.0,0.0,1.0,0.0
通州区,2000,5.7,no_screening_flag,E2_p03_central_tail,0.437462,0.0,0.4421052631578947,0.19340425263157895
通州区,2001,6.4,no_screening_flag,E2_p03_central_tail,0.437462,0.0,0.4694736842105263,0.20537689684210528
通州区,2002,6.4,bulletin_marked_draft;cross_report_value_disagreement,E2_p03_central_tail,0.437462,0.0,0.4968421052631579,0.2173495410526316
通州区,2003,7.0,low_resolution_photographed_chart;source_chart_city_control_disagreement,E2_p03_central_tail,0.437462,0.0,0.5242105263157895,0.2293221852631579
通州区,2004,7.5,low_resolution_photographed_chart;source_chart_city_control_disagreement,E2_p03_central_tail,0.437462,0.0,0.5515789473684211,0.24129482947368422
通州区,2005,8.1,low_resolution_photographed_chart,E2_p03_central_tail,0.437462,0.0,0.5789473684210527,0.25326747368421054
通州区,2006,7.6,low_resolution_photographed_chart,E2_p03_central_tail,0.437462,0.0,0.6063157894736843,0.2652401178947369
通州区,2007,7.5,low_resolution_photographed_chart,E2_p03_central_tail,0.437462,0.0,0.6336842105263158,0.2772127621052632
通州区,2008,7.6,no_screening_flag,E2_p03_central_tail,0.437462,0.0,0.6610526315789473,0.2891854063157895
通州区,2009,7.2,no_screening_flag,E2_p03_central_tail,0.437462,0.0,0.6884210526315789,0.3011580505263158
通州区,2010,7.4,no_screening_flag,E2_p03_central_tail,0.437462,0.0,0.7157894736842105,0.31313069473684213
通州区,2011,7.1,no_screening_flag,E2_p03_central_tail,0.437462,0.0,0.72,0.31497264
通州区,2012,6.6,no_screening_flag,E2_p03_central_tail,0.437462,0.0,0.7242105263157894,0.31681458526315787
通州区,2013,6.8,no_screening_flag,E2_p03_central_tail,0.437462,0.0,0.728421052631579,0.3186565305263158
通州区,2014,7.5,no_screening_flag,E2_p03_central_tail,0.437462,0.0,0.7326315789473684,0.3204984757894737
通州区,2015,8.1,no_screening_flag,E2_p03_central_tail,0.437462,0.0,0.7368421052631579,0.32234042105263155
通州区,2016,7.6,no_screening_flag,E2_p03_central_tail,0.437462,0.0,0.7894736842105263,0.3453647368421053
通州区,2017,7.8,no_screening_flag,E2_p03_central_tail,0.437462,0.0,0.8421052631578947,0.36838905263157895
通州区,2018,7.3,no_screening_flag,E2_p03_central_tail,0.437462,0.0,0.8947368421052632,0.3914133684210527
通州区,2019,8.2,no_screening_flag,E2_p03_central_tail,0.437462,0.0,0.9473684210526316,0.41443768421052635
通州区,2020,7.8,no_screening_flag,E2_p03_central_tail,0.437462,0.0,1.0,0.437462
门头沟区,2000,19.3,no_screening_flag,E2_p03_central_tail,0.0,0.0,0.5294117647058824,0.0
门头沟区,2001,19.9,no_screening_flag,E2_p03_central_tail,0.0,0.0,0.5941176470588235,0.0
门头沟区,2002,19.7,bulletin_marked_draft;cross_report_value_disagreement,E2_p03_central_tail,0.0,0.0,0.6588235294117647,0.0
门头沟区,2003,19.9,low_resolution_photographed_chart;source_chart_city_control_disagreement,E2_p03_central_tail,0.0,0.0,0.7235294117647059,0.0
门头沟区,2004,19.6,low_resolution_photographed_chart;source_chart_city_control_disagreement,E2_p03_central_tail,0.0,0.0,0.788235294117647,0.0
门头沟区,2005,20.0,low_resolution_photographed_chart,E2_p03_central_tail,0.0,0.0,0.8529411764705882,0.0
门头沟区,2006,19.0,low_resolution_photographed_chart,E2_p03_central_tail,0.0,0.0,0.8588235294117647,0.0
门头沟区,2007,19.8,low_resolution_photographed_chart,E2_p03_central_tail,0.0,0.0,0.8647058823529411,0.0
门头沟区,2008,20.1,no_screening_flag,E2_p03_central_tail,0.0,0.0,0.8705882352941177,0.0
门头沟区,2009,20.5,no_screening_flag,E2_p03_central_tail,0.0,0.0,0.8764705882352941,0.0
门头沟区,2010,20.7,no_screening_flag,E2_p03_central_tail,0.0,0.0,0.8823529411764706,0.0
门头沟区,2011,20.0,no_screening_flag,E2_p03_central_tail,0.0,0.0,0.9058823529411764,0.0
门头沟区,2012,19.4,no_screening_flag,E2_p03_central_tail,0.0,0.0,0.9294117647058824,0.0
门头沟区,2013,21.5,no_screening_flag,E2_p03_central_tail,0.0,0.0,0.9529411764705882,0.0
门头沟区,2014,23.3,no_screening_flag,E2_p03_central_tail,0.0,0.0,0.976470588235294,0.0
门头沟区,2015,23.0,no_screening_flag,E2_p03_central_tail,0.0,0.0,1.0,0.0
门头沟区,2016,20.0,no_screening_flag,E2_p03_central_tail,0.0,0.0,1.0,0.0
门头沟区,2017,16.7,no_screening_flag,E2_p03_central_tail,0.022179,0.0,1.0,0.022179
门头沟区,2018,17.0,cross_report_value_disagreement,E2_p03_central_tail,0.022179,0.0,1.0,0.022179
门头沟区,2019,38.2,large_year_to_year_change_gt5m,E2_p03_central_tail,0.0,0.0,1.0,0.0
门头沟区,2020,35.8,no_screening_flag,E2_p03_central_tail,0.0,0.0,1.0,0.0
顺义区,2000,16.8,no_screening_flag,E2_p03_central_tail,0.0,0.0,0.9285714285714286,0.0
顺义区,2001,17.5,no_screening_flag,E2_p03_central_tail,0.0,0.0,0.9285714285714286,0.0
顺义区,2002,18.7,bulletin_marked_draft,E2_p03_central_tail,0.0,0.0,0.9285714285714286,0.0
顺义区,2003,19.1,low_resolution_photographed_chart;source_chart_city_control_disagreement,E2_p03_central_tail,0.0,0.0,0.9285714285714286,0.0
顺义区,2004,22.3,low_resolution_photographed_chart;source_chart_city_control_disagreement,E2_p03_central_tail,0.0,0.0,0.9285714285714286,0.0
顺义区,2005,24.4,low_resolution_photographed_chart,E2_p03_central_tail,0.0,0.0,0.9285714285714286,0.0
顺义区,2006,26.2,low_resolution_photographed_chart,E2_p03_central_tail,0.0,0.0,0.9333333333333332,0.0
顺义区,2007,28.2,low_resolution_photographed_chart,E2_p03_central_tail,0.0,0.0,0.938095238095238,0.0
顺义区,2008,29.0,no_screening_flag,E2_p03_central_tail,0.0,0.0,0.9428571428571428,0.0
顺义区,2009,30.4,no_screening_flag,E2_p03_central_tail,0.0,0.0,0.9476190476190476,0.0
顺义区,2010,31.6,no_screening_flag,E2_p03_central_tail,0.0,0.0,0.9523809523809524,0.0
顺义区,2011,32.4,no_screening_flag,E2_p03_central_tail,0.0,0.0,0.9619047619047618,0.0
顺义区,2012,32.4,no_screening_flag,E2_p03_central_tail,0.0,0.0,0.9714285714285714,0.0
顺义区,2013,33.4,no_screening_flag,E2_p03_central_tail,0.0,0.0,0.9809523809523808,0.0
顺义区,2014,34.4,no_screening_flag,E2_p03_central_tail,0.0,0.0,0.9904761904761904,0.0
顺义区,2015,34.3,no_screening_flag,E2_p03_central_tail,0.0,0.0,1.0,0.0
顺义区,2016,33.7,no_screening_flag,E2_p03_central_tail,0.0,0.0,1.0,0.0
顺义区,2017,34.1,no_screening_flag,E2_p03_central_tail,0.0,0.0,1.0,0.0
顺义区,2018,33.3,no_screening_flag,E2_p03_central_tail,0.0,0.0,1.0,0.0
顺义区,2019,32.2,no_screening_flag,E2_p03_central_tail,0.0,0.0,1.0,0.0
顺义区,2020,29.3,no_screening_flag,E2_p03_central_tail,0.0,0.0,1.0,0.0
大兴区,2000,11.7,no_screening_flag,E3_m03_extend,0.087487,0.0,0.3091787439613526,0.027049120772946852
大兴区,2001,12.6,no_screening_flag,E3_m03_extend,0.009993,-7.7494,0.3690821256038647,0.00368823768115942
大兴区,2002,13.2,bulletin_marked_draft;cross_report_value_disagreement,E3_m03_extend,0.009993,0.0,0.4289855072463768,0.0042868521739130435
大兴区,2003,13.9,low_resolution_photographed_chart;source_chart_city_control_disagreement,E3_m03_extend,0.009993,0.0,0.4888888888888889,0.004885466666666667
大兴区,2004,15.0,low_resolution_photographed_chart;source_chart_city_control_disagreement,E3_m03_extend,0.009993,0.0,0.548792270531401,0.00548408115942029
大兴区,2005,15.9,low_resolution_photographed_chart,E3_m03_extend,0.009993,0.0,0.6086956521739131,0.006082695652173914
大兴区,2006,17.3,low_resolution_photographed_chart,E3_m03_extend,0.0,0.0,0.6328502415458938,0.0
大兴区,2007,17.9,low_resolution_photographed_chart,E3_m03_extend,0.0,0.0,0.6570048309178744,0.0
大兴区,2008,18.6,no_screening_flag,E3_m03_extend,0.0,0.0,0.6811594202898551,0.0
大兴区,2009,19.3,no_screening_flag,E3_m03_extend,0.0,0.0,0.7053140096618358,0.0
大兴区,2010,18.8,no_screening_flag,E3_m03_extend,0.0,0.0,0.7294685990338164,0.0
大兴区,2011,18.9,no_screening_flag,E3_m03_extend,0.0,0.0,0.7323671497584541,0.0
大兴区,2012,17.9,no_screening_flag,E3_m03_extend,0.0,0.0,0.7352657004830918,0.0
大兴区,2013,17.8,no_screening_flag,E3_m03_extend,0.0,0.0,0.7381642512077294,0.0
大兴区,2014,19.0,no_screening_flag,E3_m03_extend,0.0,0.0,0.7410628019323672,0.0
大兴区,2015,18.7,no_screening_flag,E3_m03_extend,0.0,0.0,0.7439613526570048,0.0
大兴区,2016,17.8,no_screening_flag,E3_m03_extend,0.0,0.0,0.7951690821256039,0.0
大兴区,2017,17.9,no_screening_flag,E3_m03_extend,0.0,0.0,0.8463768115942029,0.0
大兴区,2018,17.9,no_screening_flag,E3_m03_extend,0.0,0.0,0.8975845410628019,0.0
大兴区,2019,17.8,no_screening_flag,E3_m03_extend,0.0,0.0,0.9487922705314008,0.0
大兴区,2020,16.8,no_screening_flag,E3_m03_extend,0.0,-0.9993,1.0,0.0
密云区,2000,19.3,no_screening_flag,E3_m03_extend,0.0,0.0,0.53125,0.0
密云区,2001,22.0,bulletin_marked_draft;primary_figure_occluded_used_alternate_source,E3_m03_extend,0.0,0.0,0.58125,0.0
密云区,2002,22.7,bulletin_marked_draft;cross_report_value_disagreement,E3_m03_extend,0.0,0.0,0.63125,0.0
密云区,2003,24.2,cross_report_value_disagreement;low_resolution_photographed_chart;source_chart_city_control_disagreement,E3_m03_extend,0.0,0.0,0.68125,0.0
密云区,2004,25.5,low_resolution_photographed_chart;source_chart_city_control_disagreement,E3_m03_extend,0.0,0.0,0.73125,0.0
密云区,2005,25.4,low_resolution_photographed_chart,E3_m03_extend,0.0,0.0,0.78125,0.0
密云区,2006,26.1,low_resolution_photographed_chart,E3_m03_extend,0.0,0.0,0.78125,0.0
密云区,2007,28.0,low_resolution_photographed_chart,E3_m03_extend,0.0,0.0,0.78125,0.0
密云区,2008,28.2,no_screening_flag,E3_m03_extend,0.0,0.0,0.78125,0.0
密云区,2009,28.9,no_screening_flag,E3_m03_extend,0.0,0.0,0.78125,0.0
密云区,2010,29.9,no_screening_flag,E3_m03_extend,0.0,0.0,0.78125,0.0
密云区,2011,29.5,no_screening_flag,E3_m03_extend,0.0,0.0,0.78125,0.0
密云区,2012,28.7,no_screening_flag,E3_m03_extend,0.0,0.0,0.78125,0.0
密云区,2013,29.8,no_screening_flag,E3_m03_extend,0.0,0.0,0.78125,0.0
密云区,2014,30.4,no_screening_flag,E3_m03_extend,0.0,0.0,0.78125,0.0
密云区,2015,30.6,no_screening_flag,E3_m03_extend,0.0,0.0,0.78125,0.0
密云区,2016,29.7,no_screening_flag,E3_m03_extend,0.0,0.0,0.825,0.0
密云区,2017,31.3,no_screening_flag,E3_m03_extend,0.0,0.0,0.86875,0.0
密云区,2018,24.9,large_year_to_year_change_gt5m,E3_m03_extend,0.0,0.0,0.9125,0.0
密云区,2019,24.8,no_screening_flag,E3_m03_extend,0.0,0.0,0.95625,0.0
密云区,2020,25.2,no_screening_flag,E3_m03_extend,0.0,0.0,1.0,0.0
平谷区,2000,19.6,no_screening_flag,E3_m03_extend,0.0,0.0,0.75,0.0
平谷区,2001,17.9,no_screening_flag,E3_m03_extend,0.0,0.0,0.7833333333333333,0.0
平谷区,2002,20.7,bulletin_marked_draft;cross_report_value_disagreement,E3_m03_extend,0.0,0.0,0.8166666666666667,0.0
平谷区,2003,20.6,cross_report_value_disagreement;low_resolution_photographed_chart;source_chart_city_control_disagreement,E3_m03_extend,0.0,0.0,0.85,0.0
平谷区,2004,23.0,low_resolution_photographed_chart;source_chart_city_control_disagreement,E3_m03_extend,0.0,0.0,0.8833333333333333,0.0
平谷区,2005,26.0,low_resolution_photographed_chart,E3_m03_extend,0.0,0.0,0.9166666666666666,0.0
平谷区,2006,29.8,cross_report_value_disagreement;low_resolution_photographed_chart,E3_m03_extend,0.0,0.0,0.9333333333333332,0.0
平谷区,2007,33.2,low_resolution_photographed_chart,E3_m03_extend,0.0,0.0,0.95,0.0
平谷区,2008,34.6,no_screening_flag,E3_m03_extend,0.0,0.0,0.9666666666666668,0.0
平谷区,2009,37.7,no_screening_flag,E3_m03_extend,0.0,0.0,0.9833333333333332,0.0
平谷区,2010,39.4,no_screening_flag,E3_m03_extend,0.0,0.0,1.0,0.0
平谷区,2011,39.4,no_screening_flag,E3_m03_extend,0.0,0.0,1.0,0.0
平谷区,2012,37.3,no_screening_flag,E3_m03_extend,0.0,0.0,1.0,0.0
平谷区,2013,36.9,no_screening_flag,E3_m03_extend,0.0,0.0,1.0,0.0
平谷区,2014,40.5,no_screening_flag,E3_m03_extend,0.0,0.0,1.0,0.0
平谷区,2015,41.8,no_screening_flag,E3_m03_extend,0.0,0.0,1.0,0.0
平谷区,2016,42.4,no_screening_flag,E3_m03_extend,0.0,0.0,1.0,0.0
平谷区,2017,42.0,no_screening_flag,E3_m03_extend,0.0,0.0,1.0,0.0
平谷区,2018,32.8,large_year_to_year_change_gt5m,E3_m03_extend,0.0,0.0,1.0,0.0
平谷区,2019,33.8,no_screening_flag,E3_m03_extend,0.0,0.0,1.0,0.0
平谷区,2020,35.8,no_screening_flag,E3_m03_extend,0.0,0.0,1.0,0.0
延庆区,2000,8.4,no_screening_flag,E3_m03_extend,0.020419,-16.2319,0.6666666666666666,0.013612666666666665
延庆区,2001,8.2,no_screening_flag,E3_m03_extend,0.020419,-16.2319,0.6888888888888889,0.014066422222222222
延庆区,2002,8.3,bulletin_marked_draft;cross_report_value_disagreement,E3_m03_extend,0.020419,-16.2319,0.7111111111111111,0.014520177777777778
延庆区,2003,8.6,low_resolution_photographed_chart;source_chart_city_control_disagreement,E3_m03_extend,0.020419,-16.2319,0.7333333333333333,0.014973933333333331
延庆区,2004,8.5,low_resolution_photographed_chart;source_chart_city_control_disagreement,E3_m03_extend,0.020419,-16.2319,0.7555555555555555,0.015427688888888888
延庆区,2005,8.7,low_resolution_photographed_chart,E3_m03_extend,0.020419,-16.2319,0.7777777777777778,0.015881444444444445
延庆区,2006,8.4,low_resolution_photographed_chart,E3_m03_extend,0.020419,-16.2319,0.7777777777777778,0.015881444444444445
延庆区,2007,9.0,low_resolution_photographed_chart,E3_m03_extend,0.020419,-16.2319,0.7777777777777778,0.015881444444444445
延庆区,2008,8.8,no_screening_flag,E3_m03_extend,0.020419,-16.2319,0.7777777777777778,0.015881444444444445
延庆区,2009,9.2,no_screening_flag,E3_m03_extend,0.020419,0.0,0.7777777777777778,0.015881444444444445
延庆区,2010,9.3,no_screening_flag,E3_m03_extend,0.020419,0.0,0.7777777777777778,0.015881444444444445
延庆区,2011,9.3,no_screening_flag,E3_m03_extend,0.020419,0.0,0.7777777777777778,0.015881444444444445
延庆区,2012,9.2,no_screening_flag,E3_m03_extend,0.020419,0.0,0.7777777777777778,0.015881444444444445
延庆区,2013,9.3,no_screening_flag,E3_m03_extend,0.020419,0.0,0.7777777777777778,0.015881444444444445
延庆区,2014,10.4,no_screening_flag,E3_m03_extend,0.020419,0.0,0.7777777777777778,0.015881444444444445
延庆区,2015,10.4,no_screening_flag,E3_m03_extend,0.020419,0.0,0.7777777777777778,0.015881444444444445
延庆区,2016,9.8,no_screening_flag,E3_m03_extend,0.020419,0.0,0.8222222222222222,0.016788955555555554
延庆区,2017,10.0,no_screening_flag,E3_m03_extend,0.020419,0.0,0.8666666666666667,0.017696466666666667
延庆区,2018,9.7,no_screening_flag,E3_m03_extend,0.020419,0.0,0.9111111111111112,0.01860397777777778
延庆区,2019,9.8,no_screening_flag,E3_m03_extend,0.020419,0.0,0.9555555555555556,0.01951148888888889
延庆区,2020,7.2,no_screening_flag,E3_m03_extend,0.18273799999999998,0.0,1.0,0.18273799999999998
怀柔区,2000,6.9,no_screening_flag,E3_m03_extend,0.387258,0.0,0.5714285714285714,0.2212902857142857
怀柔区,2001,7.7,no_screening_flag,E3_m03_extend,0.387258,0.0,0.638095238095238,0.2471074857142857
怀柔区,2002,10.4,bulletin_marked_draft;cross_report_value_disagreement,E3_m03_extend,0.031538,0.0,0.7047619047619047,0.022226780952380946
怀柔区,2003,11.7,low_resolution_photographed_chart;source_chart_city_control_disagreement,E3_m03_extend,0.031538,0.0,0.7714285714285714,0.02432931428571428
怀柔区,2004,14.1,low_resolution_photographed_chart;source_chart_city_control_disagreement,E3_m03_extend,0.0,0.0,0.8380952380952381,0.0
怀柔区,2005,15.9,low_resolution_photographed_chart,E3_m03_extend,0.0,0.0,0.9047619047619048,0.0
怀柔区,2006,16.7,low_resolution_photographed_chart,E3_m03_extend,0.0,0.0,0.9142857142857144,0.0
怀柔区,2007,19.2,low_resolution_photographed_chart,E3_m03_extend,0.0,0.0,0.9238095238095236,0.0
怀柔区,2008,19.7,no_screening_flag,E3_m03_extend,0.0,0.0,0.9333333333333332,0.0
怀柔区,2009,20.1,no_screening_flag,E3_m03_extend,0.0,0.0,0.9428571428571428,0.0
怀柔区,2010,21.3,no_screening_flag,E3_m03_extend,0.0,0.0,0.9523809523809524,0.0
怀柔区,2011,22.3,no_screening_flag,E3_m03_extend,0.0,0.0,0.9523809523809524,0.0
怀柔区,2012,21.2,no_screening_flag,E3_m03_extend,0.0,0.0,0.9523809523809524,0.0
怀柔区,2013,21.5,no_screening_flag,E3_m03_extend,0.0,0.0,0.9523809523809524,0.0
怀柔区,2014,22.6,no_screening_flag,E3_m03_extend,0.0,0.0,0.9523809523809524,0.0
怀柔区,2015,22.3,no_screening_flag,E3_m03_extend,0.0,0.0,0.9523809523809524,0.0
怀柔区,2016,21.6,no_screening_flag,E3_m03_extend,0.0,0.0,0.9619047619047618,0.0
怀柔区,2017,21.2,no_screening_flag,E3_m03_extend,0.0,0.0,0.9714285714285714,0.0
怀柔区,2018,17.3,no_screening_flag,E3_m03_extend,0.0,0.0,0.9809523809523808,0.0
怀柔区,2019,15.8,no_screening_flag,E3_m03_extend,0.0,0.0,0.9904761904761904,0.0
怀柔区,2020,16.3,no_screening_flag,E3_m03_extend,0.0,0.0,1.0,0.0
房山区,2000,10.4,no_screening_flag,E3_m03_extend,0.09858,0.0,0.6973684210526315,0.06874657894736842
房山区,2001,12.0,no_screening_flag,E3_m03_extend,0.09858,0.0,0.7210526315789473,0.07108136842105263
房山区,2002,11.7,bulletin_marked_draft;cross_report_value_disagreement,E3_m03_extend,0.09858,0.0,0.7447368421052631,0.07341615789473684
房山区,2003,11.1,low_resolution_photographed_chart;source_chart_city_control_disagreement,E3_m03_extend,0.09858,0.0,0.7684210526315789,0.07575094736842104
房山区,2004,11.4,low_resolution_photographed_chart;source_chart_city_control_disagreement,E3_m03_extend,0.09858,0.0,0.7921052631578948,0.07808573684210526
房山区,2005,20.0,large_year_to_year_change_gt5m;low_resolution_photographed_chart,E3_m03_extend,0.0,0.0,0.8157894736842105,0.0
房山区,2006,11.8,large_year_to_year_change_gt5m;low_resolution_photographed_chart,E3_m03_extend,0.09858,0.0,0.85,0.08379299999999999
房山区,2007,11.6,low_resolution_photographed_chart,E3_m03_extend,0.09858,0.0,0.8842105263157894,0.08716547368421053
房山区,2008,11.1,no_screening_flag,E3_m03_extend,0.09858,0.0,0.9184210526315788,0.09053794736842104
房山区,2009,11.6,no_screening_flag,E3_m03_extend,0.09858,0.0,0.9526315789473684,0.09391042105263157
房山区,2010,12.6,no_screening_flag,E3_m03_extend,0.0,-9.858,0.986842105263158,0.0
房山区,2011,10.7,no_screening_flag,E3_m03_extend,0.09858,0.0,0.9894736842105264,0.0975423157894737
房山区,2012,8.4,no_screening_flag,E3_m03_extend,0.09858,-39.2446,0.9921052631578948,0.09780173684210527
房山区,2013,8.9,no_screening_flag,E3_m03_extend,0.09858,-39.2446,0.9947368421052633,0.09806115789473685
房山区,2014,10.2,no_screening_flag,E3_m03_extend,0.09858,0.0,0.9973684210526316,0.09832057894736843
房山区,2015,10.6,no_screening_flag,E3_m03_extend,0.09858,0.0,1.0,0.09858
房山区,2016,9.0,no_screening_flag,E3_m03_extend,0.09858,-39.2446,1.0,0.09858
房山区,2017,9.3,no_screening_flag,E3_m03_extend,0.09858,0.0,1.0,0.09858
房山区,2018,9.6,no_screening_flag,E3_m03_extend,0.09858,0.0,1.0,0.09858
房山区,2019,10.5,no_screening_flag,E3_m03_extend,0.09858,0.0,1.0,0.09858
房山区,2020,8.6,no_screening_flag,E3_m03_extend,0.09858,-39.2446,1.0,0.09858
昌平区,2000,15.9,no_screening_flag,E3_m03_extend,0.001292,0.0,0.6014492753623188,0.0007770724637681159
昌平区,2001,17.4,no_screening_flag,E3_m03_extend,0.0,0.0,0.6434782608695653,0.0
昌平区,2002,19.1,bulletin_marked_draft,E3_m03_extend,0.0,0.0,0.6855072463768116,0.0
昌平区,2003,18.5,cross_report_value_disagreement;low_resolution_photographed_chart;source_chart_city_control_disagreement,E3_m03_extend,0.0,0.0,0.727536231884058,0.0
昌平区,2004,21.1,low_resolution_photographed_chart;source_chart_city_control_disagreement,E3_m03_extend,0.0,0.0,0.7695652173913043,0.0
昌平区,2005,22.7,low_resolution_photographed_chart,E3_m03_extend,0.0,0.0,0.8115942028985508,0.0
昌平区,2006,23.1,low_resolution_photographed_chart,E3_m03_extend,0.0,0.0,0.846376811594203,0.0
昌平区,2007,25.3,low_resolution_photographed_chart,E3_m03_extend,0.0,0.0,0.8811594202898552,0.0
昌平区,2008,26.3,no_screening_flag,E3_m03_extend,0.0,0.0,0.9159420289855073,0.0
昌平区,2009,27.5,no_screening_flag,E3_m03_extend,0.0,0.0,0.9507246376811594,0.0
昌平区,2010,29.3,no_screening_flag,E3_m03_extend,0.0,0.0,0.9855072463768116,0.0
昌平区,2011,29.9,no_screening_flag,E3_m03_extend,0.0,0.0,0.9884057971014492,0.0
昌平区,2012,30.2,no_screening_flag,E3_m03_extend,0.0,0.0,0.991304347826087,0.0
昌平区,2013,31.3,no_screening_flag,E3_m03_extend,0.0,0.0,0.9942028985507246,0.0
昌平区,2014,32.3,no_screening_flag,E3_m03_extend,0.0,0.0,0.9971014492753624,0.0
昌平区,2015,32.3,no_screening_flag,E3_m03_extend,0.0,0.0,1.0,0.0
昌平区,2016,30.7,no_screening_flag,E3_m03_extend,0.0,0.0,1.0,0.0
昌平区,2017,30.2,no_screening_flag,E3_m03_extend,0.0,0.0,1.0,0.0
昌平区,2018,29.4,no_screening_flag,E3_m03_extend,0.0,0.0,1.0,0.0
昌平区,2019,28.8,no_screening_flag,E3_m03_extend,0.0,0.0,1.0,0.0
昌平区,2020,27.1,no_screening_flag,E3_m03_extend,0.0,0.0,1.0,0.0
通州区,2000,5.7,no_screening_flag,E3_m03_extend,0.437462,0.0,0.4421052631578947,0.19340425263157895
通州区,2001,6.4,no_screening_flag,E3_m03_extend,0.437462,0.0,0.4694736842105263,0.20537689684210528
通州区,2002,6.4,bulletin_marked_draft;cross_report_value_disagreement,E3_m03_extend,0.437462,0.0,0.4968421052631579,0.2173495410526316
通州区,2003,7.0,low_resolution_photographed_chart;source_chart_city_control_disagreement,E3_m03_extend,0.437462,0.0,0.5242105263157895,0.2293221852631579
通州区,2004,7.5,low_resolution_photographed_chart;source_chart_city_control_disagreement,E3_m03_extend,0.437462,0.0,0.5515789473684211,0.24129482947368422
通州区,2005,8.1,low_resolution_photographed_chart,E3_m03_extend,0.056312,-38.115,0.5789473684210527,0.03260168421052632
通州区,2006,7.6,low_resolution_photographed_chart,E3_m03_extend,0.437462,0.0,0.6063157894736843,0.2652401178947369
通州区,2007,7.5,low_resolution_photographed_chart,E3_m03_extend,0.437462,0.0,0.6336842105263158,0.2772127621052632
通州区,2008,7.6,no_screening_flag,E3_m03_extend,0.437462,0.0,0.6610526315789473,0.2891854063157895
通州区,2009,7.2,no_screening_flag,E3_m03_extend,0.437462,0.0,0.6884210526315789,0.3011580505263158
通州区,2010,7.4,no_screening_flag,E3_m03_extend,0.437462,0.0,0.7157894736842105,0.31313069473684213
通州区,2011,7.1,no_screening_flag,E3_m03_extend,0.437462,0.0,0.72,0.31497264
通州区,2012,6.6,no_screening_flag,E3_m03_extend,0.437462,0.0,0.7242105263157894,0.31681458526315787
通州区,2013,6.8,no_screening_flag,E3_m03_extend,0.437462,0.0,0.728421052631579,0.3186565305263158
通州区,2014,7.5,no_screening_flag,E3_m03_extend,0.437462,0.0,0.7326315789473684,0.3204984757894737
通州区,2015,8.1,no_screening_flag,E3_m03_extend,0.056312,-38.115,0.7368421052631579,0.041493052631578944
通州区,2016,7.6,no_screening_flag,E3_m03_extend,0.437462,0.0,0.7894736842105263,0.3453647368421053
通州区,2017,7.8,no_screening_flag,E3_m03_extend,0.437462,0.0,0.8421052631578947,0.36838905263157895
通州区,2018,7.3,no_screening_flag,E3_m03_extend,0.437462,0.0,0.8947368421052632,0.3914133684210527
通州区,2019,8.2,no_screening_flag,E3_m03_extend,0.056312,-38.115,0.9473684210526316,0.0533482105263158
通州区,2020,7.8,no_screening_flag,E3_m03_extend,0.437462,0.0,1.0,0.437462
门头沟区,2000,19.3,no_screening_flag,E3_m03_extend,0.0,0.0,0.5294117647058824,0.0
门头沟区,2001,19.9,no_screening_flag,E3_m03_extend,0.0,0.0,0.5941176470588235,0.0
门头沟区,2002,19.7,bulletin_marked_draft;cross_report_value_disagreement,E3_m03_extend,0.0,0.0,0.6588235294117647,0.0
门头沟区,2003,19.9,low_resolution_photographed_chart;source_chart_city_control_disagreement,E3_m03_extend,0.0,0.0,0.7235294117647059,0.0
门头沟区,2004,19.6,low_resolution_photographed_chart;source_chart_city_control_disagreement,E3_m03_extend,0.0,0.0,0.788235294117647,0.0
门头沟区,2005,20.0,low_resolution_photographed_chart,E3_m03_extend,0.0,0.0,0.8529411764705882,0.0
门头沟区,2006,19.0,low_resolution_photographed_chart,E3_m03_extend,0.0,0.0,0.8588235294117647,0.0
门头沟区,2007,19.8,low_resolution_photographed_chart,E3_m03_extend,0.0,0.0,0.8647058823529411,0.0
门头沟区,2008,20.1,no_screening_flag,E3_m03_extend,0.0,0.0,0.8705882352941177,0.0
门头沟区,2009,20.5,no_screening_flag,E3_m03_extend,0.0,0.0,0.8764705882352941,0.0
门头沟区,2010,20.7,no_screening_flag,E3_m03_extend,0.0,0.0,0.8823529411764706,0.0
门头沟区,2011,20.0,no_screening_flag,E3_m03_extend,0.0,0.0,0.9058823529411764,0.0
门头沟区,2012,19.4,no_screening_flag,E3_m03_extend,0.0,0.0,0.9294117647058824,0.0
门头沟区,2013,21.5,no_screening_flag,E3_m03_extend,0.0,0.0,0.9529411764705882,0.0
门头沟区,2014,23.3,no_screening_flag,E3_m03_extend,0.0,0.0,0.976470588235294,0.0
门头沟区,2015,23.0,no_screening_flag,E3_m03_extend,0.0,0.0,1.0,0.0
门头沟区,2016,20.0,no_screening_flag,E3_m03_extend,0.0,0.0,1.0,0.0
门头沟区,2017,16.7,no_screening_flag,E3_m03_extend,0.0,-2.2179,1.0,0.0
门头沟区,2018,17.0,cross_report_value_disagreement,E3_m03_extend,0.0,-2.2179,1.0,0.0
门头沟区,2019,38.2,large_year_to_year_change_gt5m,E3_m03_extend,0.0,0.0,1.0,0.0
门头沟区,2020,35.8,no_screening_flag,E3_m03_extend,0.0,0.0,1.0,0.0
顺义区,2000,16.8,no_screening_flag,E3_m03_extend,0.0,0.0,0.9285714285714286,0.0
顺义区,2001,17.5,no_screening_flag,E3_m03_extend,0.0,0.0,0.9285714285714286,0.0
顺义区,2002,18.7,bulletin_marked_draft,E3_m03_extend,0.0,0.0,0.9285714285714286,0.0
顺义区,2003,19.1,low_resolution_photographed_chart;source_chart_city_control_disagreement,E3_m03_extend,0.0,0.0,0.9285714285714286,0.0
顺义区,2004,22.3,low_resolution_photographed_chart;source_chart_city_control_disagreement,E3_m03_extend,0.0,0.0,0.9285714285714286,0.0
顺义区,2005,24.4,low_resolution_photographed_chart,E3_m03_extend,0.0,0.0,0.9285714285714286,0.0
顺义区,2006,26.2,low_resolution_photographed_chart,E3_m03_extend,0.0,0.0,0.9333333333333332,0.0
顺义区,2007,28.2,low_resolution_photographed_chart,E3_m03_extend,0.0,0.0,0.938095238095238,0.0
顺义区,2008,29.0,no_screening_flag,E3_m03_extend,0.0,0.0,0.9428571428571428,0.0
顺义区,2009,30.4,no_screening_flag,E3_m03_extend,0.0,0.0,0.9476190476190476,0.0
顺义区,2010,31.6,no_screening_flag,E3_m03_extend,0.0,0.0,0.9523809523809524,0.0
顺义区,2011,32.4,no_screening_flag,E3_m03_extend,0.0,0.0,0.9619047619047618,0.0
顺义区,2012,32.4,no_screening_flag,E3_m03_extend,0.0,0.0,0.9714285714285714,0.0
顺义区,2013,33.4,no_screening_flag,E3_m03_extend,0.0,0.0,0.9809523809523808,0.0
顺义区,2014,34.4,no_screening_flag,E3_m03_extend,0.0,0.0,0.9904761904761904,0.0
顺义区,2015,34.3,no_screening_flag,E3_m03_extend,0.0,0.0,1.0,0.0
顺义区,2016,33.7,no_screening_flag,E3_m03_extend,0.0,0.0,1.0,0.0
顺义区,2017,34.1,no_screening_flag,E3_m03_extend,0.0,0.0,1.0,0.0
顺义区,2018,33.3,no_screening_flag,E3_m03_extend,0.0,0.0,1.0,0.0
顺义区,2019,32.2,no_screening_flag,E3_m03_extend,0.0,0.0,1.0,0.0
顺义区,2020,29.3,no_screening_flag,E3_m03_extend,0.0,0.0,1.0,0.0
大兴区,2000,11.7,no_screening_flag,E3_m03_central_tail,0.087487,0.0,0.3091787439613526,0.027049120772946852
大兴区,2001,12.6,no_screening_flag,E3_m03_central_tail,0.087487,0.0,0.3690821256038647,0.03228988792270531
大兴区,2002,13.2,bulletin_marked_draft;cross_report_value_disagreement,E3_m03_central_tail,0.009993,0.0,0.4289855072463768,0.0042868521739130435
大兴区,2003,13.9,low_resolution_photographed_chart;source_chart_city_control_disagreement,E3_m03_central_tail,0.009993,0.0,0.4888888888888889,0.004885466666666667
大兴区,2004,15.0,low_resolution_photographed_chart;source_chart_city_control_disagreement,E3_m03_central_tail,0.009993,0.0,0.548792270531401,0.00548408115942029
大兴区,2005,15.9,low_resolution_photographed_chart,E3_m03_central_tail,0.009993,0.0,0.6086956521739131,0.006082695652173914
大兴区,2006,17.3,low_resolution_photographed_chart,E3_m03_central_tail,0.0,0.0,0.6328502415458938,0.0
大兴区,2007,17.9,low_resolution_photographed_chart,E3_m03_central_tail,0.0,0.0,0.6570048309178744,0.0
大兴区,2008,18.6,no_screening_flag,E3_m03_central_tail,0.0,0.0,0.6811594202898551,0.0
大兴区,2009,19.3,no_screening_flag,E3_m03_central_tail,0.0,0.0,0.7053140096618358,0.0
大兴区,2010,18.8,no_screening_flag,E3_m03_central_tail,0.0,0.0,0.7294685990338164,0.0
大兴区,2011,18.9,no_screening_flag,E3_m03_central_tail,0.0,0.0,0.7323671497584541,0.0
大兴区,2012,17.9,no_screening_flag,E3_m03_central_tail,0.0,0.0,0.7352657004830918,0.0
大兴区,2013,17.8,no_screening_flag,E3_m03_central_tail,0.0,0.0,0.7381642512077294,0.0
大兴区,2014,19.0,no_screening_flag,E3_m03_central_tail,0.0,0.0,0.7410628019323672,0.0
大兴区,2015,18.7,no_screening_flag,E3_m03_central_tail,0.0,0.0,0.7439613526570048,0.0
大兴区,2016,17.8,no_screening_flag,E3_m03_central_tail,0.0,0.0,0.7951690821256039,0.0
大兴区,2017,17.9,no_screening_flag,E3_m03_central_tail,0.0,0.0,0.8463768115942029,0.0
大兴区,2018,17.9,no_screening_flag,E3_m03_central_tail,0.0,0.0,0.8975845410628019,0.0
大兴区,2019,17.8,no_screening_flag,E3_m03_central_tail,0.0,0.0,0.9487922705314008,0.0
大兴区,2020,16.8,no_screening_flag,E3_m03_central_tail,0.009993,0.0,1.0,0.009993
密云区,2000,19.3,no_screening_flag,E3_m03_central_tail,0.0,0.0,0.53125,0.0
密云区,2001,22.0,bulletin_marked_draft;primary_figure_occluded_used_alternate_source,E3_m03_central_tail,0.0,0.0,0.58125,0.0
密云区,2002,22.7,bulletin_marked_draft;cross_report_value_disagreement,E3_m03_central_tail,0.0,0.0,0.63125,0.0
密云区,2003,24.2,cross_report_value_disagreement;low_resolution_photographed_chart;source_chart_city_control_disagreement,E3_m03_central_tail,0.0,0.0,0.68125,0.0
密云区,2004,25.5,low_resolution_photographed_chart;source_chart_city_control_disagreement,E3_m03_central_tail,0.0,0.0,0.73125,0.0
密云区,2005,25.4,low_resolution_photographed_chart,E3_m03_central_tail,0.0,0.0,0.78125,0.0
密云区,2006,26.1,low_resolution_photographed_chart,E3_m03_central_tail,0.0,0.0,0.78125,0.0
密云区,2007,28.0,low_resolution_photographed_chart,E3_m03_central_tail,0.0,0.0,0.78125,0.0
密云区,2008,28.2,no_screening_flag,E3_m03_central_tail,0.0,0.0,0.78125,0.0
密云区,2009,28.9,no_screening_flag,E3_m03_central_tail,0.0,0.0,0.78125,0.0
密云区,2010,29.9,no_screening_flag,E3_m03_central_tail,0.0,0.0,0.78125,0.0
密云区,2011,29.5,no_screening_flag,E3_m03_central_tail,0.0,0.0,0.78125,0.0
密云区,2012,28.7,no_screening_flag,E3_m03_central_tail,0.0,0.0,0.78125,0.0
密云区,2013,29.8,no_screening_flag,E3_m03_central_tail,0.0,0.0,0.78125,0.0
密云区,2014,30.4,no_screening_flag,E3_m03_central_tail,0.0,0.0,0.78125,0.0
密云区,2015,30.6,no_screening_flag,E3_m03_central_tail,0.0,0.0,0.78125,0.0
密云区,2016,29.7,no_screening_flag,E3_m03_central_tail,0.0,0.0,0.825,0.0
密云区,2017,31.3,no_screening_flag,E3_m03_central_tail,0.0,0.0,0.86875,0.0
密云区,2018,24.9,large_year_to_year_change_gt5m,E3_m03_central_tail,0.0,0.0,0.9125,0.0
密云区,2019,24.8,no_screening_flag,E3_m03_central_tail,0.0,0.0,0.95625,0.0
密云区,2020,25.2,no_screening_flag,E3_m03_central_tail,0.0,0.0,1.0,0.0
平谷区,2000,19.6,no_screening_flag,E3_m03_central_tail,0.0,0.0,0.75,0.0
平谷区,2001,17.9,no_screening_flag,E3_m03_central_tail,0.0,0.0,0.7833333333333333,0.0
平谷区,2002,20.7,bulletin_marked_draft;cross_report_value_disagreement,E3_m03_central_tail,0.0,0.0,0.8166666666666667,0.0
平谷区,2003,20.6,cross_report_value_disagreement;low_resolution_photographed_chart;source_chart_city_control_disagreement,E3_m03_central_tail,0.0,0.0,0.85,0.0
平谷区,2004,23.0,low_resolution_photographed_chart;source_chart_city_control_disagreement,E3_m03_central_tail,0.0,0.0,0.8833333333333333,0.0
平谷区,2005,26.0,low_resolution_photographed_chart,E3_m03_central_tail,0.0,0.0,0.9166666666666666,0.0
平谷区,2006,29.8,cross_report_value_disagreement;low_resolution_photographed_chart,E3_m03_central_tail,0.0,0.0,0.9333333333333332,0.0
平谷区,2007,33.2,low_resolution_photographed_chart,E3_m03_central_tail,0.0,0.0,0.95,0.0
平谷区,2008,34.6,no_screening_flag,E3_m03_central_tail,0.0,0.0,0.9666666666666668,0.0
平谷区,2009,37.7,no_screening_flag,E3_m03_central_tail,0.0,0.0,0.9833333333333332,0.0
平谷区,2010,39.4,no_screening_flag,E3_m03_central_tail,0.0,0.0,1.0,0.0
平谷区,2011,39.4,no_screening_flag,E3_m03_central_tail,0.0,0.0,1.0,0.0
平谷区,2012,37.3,no_screening_flag,E3_m03_central_tail,0.0,0.0,1.0,0.0
平谷区,2013,36.9,no_screening_flag,E3_m03_central_tail,0.0,0.0,1.0,0.0
平谷区,2014,40.5,no_screening_flag,E3_m03_central_tail,0.0,0.0,1.0,0.0
平谷区,2015,41.8,no_screening_flag,E3_m03_central_tail,0.0,0.0,1.0,0.0
平谷区,2016,42.4,no_screening_flag,E3_m03_central_tail,0.0,0.0,1.0,0.0
平谷区,2017,42.0,no_screening_flag,E3_m03_central_tail,0.0,0.0,1.0,0.0
平谷区,2018,32.8,large_year_to_year_change_gt5m,E3_m03_central_tail,0.0,0.0,1.0,0.0
平谷区,2019,33.8,no_screening_flag,E3_m03_central_tail,0.0,0.0,1.0,0.0
平谷区,2020,35.8,no_screening_flag,E3_m03_central_tail,0.0,0.0,1.0,0.0
延庆区,2000,8.4,no_screening_flag,E3_m03_central_tail,0.020419,-16.2319,0.6666666666666666,0.013612666666666665
延庆区,2001,8.2,no_screening_flag,E3_m03_central_tail,0.020419,-16.2319,0.6888888888888889,0.014066422222222222
延庆区,2002,8.3,bulletin_marked_draft;cross_report_value_disagreement,E3_m03_central_tail,0.020419,-16.2319,0.7111111111111111,0.014520177777777778
延庆区,2003,8.6,low_resolution_photographed_chart;source_chart_city_control_disagreement,E3_m03_central_tail,0.020419,-16.2319,0.7333333333333333,0.014973933333333331
延庆区,2004,8.5,low_resolution_photographed_chart;source_chart_city_control_disagreement,E3_m03_central_tail,0.020419,-16.2319,0.7555555555555555,0.015427688888888888
延庆区,2005,8.7,low_resolution_photographed_chart,E3_m03_central_tail,0.020419,-16.2319,0.7777777777777778,0.015881444444444445
延庆区,2006,8.4,low_resolution_photographed_chart,E3_m03_central_tail,0.020419,-16.2319,0.7777777777777778,0.015881444444444445
延庆区,2007,9.0,low_resolution_photographed_chart,E3_m03_central_tail,0.020419,-16.2319,0.7777777777777778,0.015881444444444445
延庆区,2008,8.8,no_screening_flag,E3_m03_central_tail,0.020419,-16.2319,0.7777777777777778,0.015881444444444445
延庆区,2009,9.2,no_screening_flag,E3_m03_central_tail,0.020419,0.0,0.7777777777777778,0.015881444444444445
延庆区,2010,9.3,no_screening_flag,E3_m03_central_tail,0.020419,0.0,0.7777777777777778,0.015881444444444445
延庆区,2011,9.3,no_screening_flag,E3_m03_central_tail,0.020419,0.0,0.7777777777777778,0.015881444444444445
延庆区,2012,9.2,no_screening_flag,E3_m03_central_tail,0.020419,0.0,0.7777777777777778,0.015881444444444445
延庆区,2013,9.3,no_screening_flag,E3_m03_central_tail,0.020419,0.0,0.7777777777777778,0.015881444444444445
延庆区,2014,10.4,no_screening_flag,E3_m03_central_tail,0.020419,0.0,0.7777777777777778,0.015881444444444445
延庆区,2015,10.4,no_screening_flag,E3_m03_central_tail,0.020419,0.0,0.7777777777777778,0.015881444444444445
延庆区,2016,9.8,no_screening_flag,E3_m03_central_tail,0.020419,0.0,0.8222222222222222,0.016788955555555554
延庆区,2017,10.0,no_screening_flag,E3_m03_central_tail,0.020419,0.0,0.8666666666666667,0.017696466666666667
延庆区,2018,9.7,no_screening_flag,E3_m03_central_tail,0.020419,0.0,0.9111111111111112,0.01860397777777778
延庆区,2019,9.8,no_screening_flag,E3_m03_central_tail,0.020419,0.0,0.9555555555555556,0.01951148888888889
延庆区,2020,7.2,no_screening_flag,E3_m03_central_tail,0.18273799999999998,0.0,1.0,0.18273799999999998
怀柔区,2000,6.9,no_screening_flag,E3_m03_central_tail,0.387258,0.0,0.5714285714285714,0.2212902857142857
怀柔区,2001,7.7,no_screening_flag,E3_m03_central_tail,0.387258,0.0,0.638095238095238,0.2471074857142857
怀柔区,2002,10.4,bulletin_marked_draft;cross_report_value_disagreement,E3_m03_central_tail,0.031538,0.0,0.7047619047619047,0.022226780952380946
怀柔区,2003,11.7,low_resolution_photographed_chart;source_chart_city_control_disagreement,E3_m03_central_tail,0.031538,0.0,0.7714285714285714,0.02432931428571428
怀柔区,2004,14.1,low_resolution_photographed_chart;source_chart_city_control_disagreement,E3_m03_central_tail,0.0,0.0,0.8380952380952381,0.0
怀柔区,2005,15.9,low_resolution_photographed_chart,E3_m03_central_tail,0.0,0.0,0.9047619047619048,0.0
怀柔区,2006,16.7,low_resolution_photographed_chart,E3_m03_central_tail,0.0,0.0,0.9142857142857144,0.0
怀柔区,2007,19.2,low_resolution_photographed_chart,E3_m03_central_tail,0.0,0.0,0.9238095238095236,0.0
怀柔区,2008,19.7,no_screening_flag,E3_m03_central_tail,0.0,0.0,0.9333333333333332,0.0
怀柔区,2009,20.1,no_screening_flag,E3_m03_central_tail,0.0,0.0,0.9428571428571428,0.0
怀柔区,2010,21.3,no_screening_flag,E3_m03_central_tail,0.0,0.0,0.9523809523809524,0.0
怀柔区,2011,22.3,no_screening_flag,E3_m03_central_tail,0.0,0.0,0.9523809523809524,0.0
怀柔区,2012,21.2,no_screening_flag,E3_m03_central_tail,0.0,0.0,0.9523809523809524,0.0
怀柔区,2013,21.5,no_screening_flag,E3_m03_central_tail,0.0,0.0,0.9523809523809524,0.0
怀柔区,2014,22.6,no_screening_flag,E3_m03_central_tail,0.0,0.0,0.9523809523809524,0.0
怀柔区,2015,22.3,no_screening_flag,E3_m03_central_tail,0.0,0.0,0.9523809523809524,0.0
怀柔区,2016,21.6,no_screening_flag,E3_m03_central_tail,0.0,0.0,0.9619047619047618,0.0
怀柔区,2017,21.2,no_screening_flag,E3_m03_central_tail,0.0,0.0,0.9714285714285714,0.0
怀柔区,2018,17.3,no_screening_flag,E3_m03_central_tail,0.0,0.0,0.9809523809523808,0.0
怀柔区,2019,15.8,no_screening_flag,E3_m03_central_tail,0.0,0.0,0.9904761904761904,0.0
怀柔区,2020,16.3,no_screening_flag,E3_m03_central_tail,0.0,0.0,1.0,0.0
房山区,2000,10.4,no_screening_flag,E3_m03_central_tail,0.09858,0.0,0.6973684210526315,0.06874657894736842
房山区,2001,12.0,no_screening_flag,E3_m03_central_tail,0.09858,0.0,0.7210526315789473,0.07108136842105263
房山区,2002,11.7,bulletin_marked_draft;cross_report_value_disagreement,E3_m03_central_tail,0.09858,0.0,0.7447368421052631,0.07341615789473684
房山区,2003,11.1,low_resolution_photographed_chart;source_chart_city_control_disagreement,E3_m03_central_tail,0.09858,0.0,0.7684210526315789,0.07575094736842104
房山区,2004,11.4,low_resolution_photographed_chart;source_chart_city_control_disagreement,E3_m03_central_tail,0.09858,0.0,0.7921052631578948,0.07808573684210526
房山区,2005,20.0,large_year_to_year_change_gt5m;low_resolution_photographed_chart,E3_m03_central_tail,0.0,0.0,0.8157894736842105,0.0
房山区,2006,11.8,large_year_to_year_change_gt5m;low_resolution_photographed_chart,E3_m03_central_tail,0.09858,0.0,0.85,0.08379299999999999
房山区,2007,11.6,low_resolution_photographed_chart,E3_m03_central_tail,0.09858,0.0,0.8842105263157894,0.08716547368421053
房山区,2008,11.1,no_screening_flag,E3_m03_central_tail,0.09858,0.0,0.9184210526315788,0.09053794736842104
房山区,2009,11.6,no_screening_flag,E3_m03_central_tail,0.09858,0.0,0.9526315789473684,0.09391042105263157
房山区,2010,12.6,no_screening_flag,E3_m03_central_tail,0.09858,0.0,0.986842105263158,0.09728289473684211
房山区,2011,10.7,no_screening_flag,E3_m03_central_tail,0.09858,0.0,0.9894736842105264,0.0975423157894737
房山区,2012,8.4,no_screening_flag,E3_m03_central_tail,0.09858,-39.2446,0.9921052631578948,0.09780173684210527
房山区,2013,8.9,no_screening_flag,E3_m03_central_tail,0.09858,-39.2446,0.9947368421052633,0.09806115789473685
房山区,2014,10.2,no_screening_flag,E3_m03_central_tail,0.09858,0.0,0.9973684210526316,0.09832057894736843
房山区,2015,10.6,no_screening_flag,E3_m03_central_tail,0.09858,0.0,1.0,0.09858
房山区,2016,9.0,no_screening_flag,E3_m03_central_tail,0.09858,-39.2446,1.0,0.09858
房山区,2017,9.3,no_screening_flag,E3_m03_central_tail,0.09858,0.0,1.0,0.09858
房山区,2018,9.6,no_screening_flag,E3_m03_central_tail,0.09858,0.0,1.0,0.09858
房山区,2019,10.5,no_screening_flag,E3_m03_central_tail,0.09858,0.0,1.0,0.09858
房山区,2020,8.6,no_screening_flag,E3_m03_central_tail,0.09858,-39.2446,1.0,0.09858
昌平区,2000,15.9,no_screening_flag,E3_m03_central_tail,0.001292,0.0,0.6014492753623188,0.0007770724637681159
昌平区,2001,17.4,no_screening_flag,E3_m03_central_tail,0.0,0.0,0.6434782608695653,0.0
昌平区,2002,19.1,bulletin_marked_draft,E3_m03_central_tail,0.0,0.0,0.6855072463768116,0.0
昌平区,2003,18.5,cross_report_value_disagreement;low_resolution_photographed_chart;source_chart_city_control_disagreement,E3_m03_central_tail,0.0,0.0,0.727536231884058,0.0
昌平区,2004,21.1,low_resolution_photographed_chart;source_chart_city_control_disagreement,E3_m03_central_tail,0.0,0.0,0.7695652173913043,0.0
昌平区,2005,22.7,low_resolution_photographed_chart,E3_m03_central_tail,0.0,0.0,0.8115942028985508,0.0
昌平区,2006,23.1,low_resolution_photographed_chart,E3_m03_central_tail,0.0,0.0,0.846376811594203,0.0
昌平区,2007,25.3,low_resolution_photographed_chart,E3_m03_central_tail,0.0,0.0,0.8811594202898552,0.0
昌平区,2008,26.3,no_screening_flag,E3_m03_central_tail,0.0,0.0,0.9159420289855073,0.0
昌平区,2009,27.5,no_screening_flag,E3_m03_central_tail,0.0,0.0,0.9507246376811594,0.0
昌平区,2010,29.3,no_screening_flag,E3_m03_central_tail,0.0,0.0,0.9855072463768116,0.0
昌平区,2011,29.9,no_screening_flag,E3_m03_central_tail,0.0,0.0,0.9884057971014492,0.0
昌平区,2012,30.2,no_screening_flag,E3_m03_central_tail,0.0,0.0,0.991304347826087,0.0
昌平区,2013,31.3,no_screening_flag,E3_m03_central_tail,0.0,0.0,0.9942028985507246,0.0
昌平区,2014,32.3,no_screening_flag,E3_m03_central_tail,0.0,0.0,0.9971014492753624,0.0
昌平区,2015,32.3,no_screening_flag,E3_m03_central_tail,0.0,0.0,1.0,0.0
昌平区,2016,30.7,no_screening_flag,E3_m03_central_tail,0.0,0.0,1.0,0.0
昌平区,2017,30.2,no_screening_flag,E3_m03_central_tail,0.0,0.0,1.0,0.0
昌平区,2018,29.4,no_screening_flag,E3_m03_central_tail,0.0,0.0,1.0,0.0
昌平区,2019,28.8,no_screening_flag,E3_m03_central_tail,0.0,0.0,1.0,0.0
昌平区,2020,27.1,no_screening_flag,E3_m03_central_tail,0.0,0.0,1.0,0.0
通州区,2000,5.7,no_screening_flag,E3_m03_central_tail,0.437462,0.0,0.4421052631578947,0.19340425263157895
通州区,2001,6.4,no_screening_flag,E3_m03_central_tail,0.437462,0.0,0.4694736842105263,0.20537689684210528
通州区,2002,6.4,bulletin_marked_draft;cross_report_value_disagreement,E3_m03_central_tail,0.437462,0.0,0.4968421052631579,0.2173495410526316
通州区,2003,7.0,low_resolution_photographed_chart;source_chart_city_control_disagreement,E3_m03_central_tail,0.437462,0.0,0.5242105263157895,0.2293221852631579
通州区,2004,7.5,low_resolution_photographed_chart;source_chart_city_control_disagreement,E3_m03_central_tail,0.437462,0.0,0.5515789473684211,0.24129482947368422
通州区,2005,8.1,low_resolution_photographed_chart,E3_m03_central_tail,0.056312,-38.115,0.5789473684210527,0.03260168421052632
通州区,2006,7.6,low_resolution_photographed_chart,E3_m03_central_tail,0.437462,0.0,0.6063157894736843,0.2652401178947369
通州区,2007,7.5,low_resolution_photographed_chart,E3_m03_central_tail,0.437462,0.0,0.6336842105263158,0.2772127621052632
通州区,2008,7.6,no_screening_flag,E3_m03_central_tail,0.437462,0.0,0.6610526315789473,0.2891854063157895
通州区,2009,7.2,no_screening_flag,E3_m03_central_tail,0.437462,0.0,0.6884210526315789,0.3011580505263158
通州区,2010,7.4,no_screening_flag,E3_m03_central_tail,0.437462,0.0,0.7157894736842105,0.31313069473684213
通州区,2011,7.1,no_screening_flag,E3_m03_central_tail,0.437462,0.0,0.72,0.31497264
通州区,2012,6.6,no_screening_flag,E3_m03_central_tail,0.437462,0.0,0.7242105263157894,0.31681458526315787
通州区,2013,6.8,no_screening_flag,E3_m03_central_tail,0.437462,0.0,0.728421052631579,0.3186565305263158
通州区,2014,7.5,no_screening_flag,E3_m03_central_tail,0.437462,0.0,0.7326315789473684,0.3204984757894737
通州区,2015,8.1,no_screening_flag,E3_m03_central_tail,0.056312,-38.115,0.7368421052631579,0.041493052631578944
通州区,2016,7.6,no_screening_flag,E3_m03_central_tail,0.437462,0.0,0.7894736842105263,0.3453647368421053
通州区,2017,7.8,no_screening_flag,E3_m03_central_tail,0.437462,0.0,0.8421052631578947,0.36838905263157895
通州区,2018,7.3,no_screening_flag,E3_m03_central_tail,0.437462,0.0,0.8947368421052632,0.3914133684210527
通州区,2019,8.2,no_screening_flag,E3_m03_central_tail,0.056312,-38.115,0.9473684210526316,0.0533482105263158
通州区,2020,7.8,no_screening_flag,E3_m03_central_tail,0.437462,0.0,1.0,0.437462
门头沟区,2000,19.3,no_screening_flag,E3_m03_central_tail,0.0,0.0,0.5294117647058824,0.0
门头沟区,2001,19.9,no_screening_flag,E3_m03_central_tail,0.0,0.0,0.5941176470588235,0.0
门头沟区,2002,19.7,bulletin_marked_draft;cross_report_value_disagreement,E3_m03_central_tail,0.0,0.0,0.6588235294117647,0.0
门头沟区,2003,19.9,low_resolution_photographed_chart;source_chart_city_control_disagreement,E3_m03_central_tail,0.0,0.0,0.7235294117647059,0.0
门头沟区,2004,19.6,low_resolution_photographed_chart;source_chart_city_control_disagreement,E3_m03_central_tail,0.0,0.0,0.788235294117647,0.0
门头沟区,2005,20.0,low_resolution_photographed_chart,E3_m03_central_tail,0.0,0.0,0.8529411764705882,0.0
门头沟区,2006,19.0,low_resolution_photographed_chart,E3_m03_central_tail,0.0,0.0,0.8588235294117647,0.0
门头沟区,2007,19.8,low_resolution_photographed_chart,E3_m03_central_tail,0.0,0.0,0.8647058823529411,0.0
门头沟区,2008,20.1,no_screening_flag,E3_m03_central_tail,0.0,0.0,0.8705882352941177,0.0
门头沟区,2009,20.5,no_screening_flag,E3_m03_central_tail,0.0,0.0,0.8764705882352941,0.0
门头沟区,2010,20.7,no_screening_flag,E3_m03_central_tail,0.0,0.0,0.8823529411764706,0.0
门头沟区,2011,20.0,no_screening_flag,E3_m03_central_tail,0.0,0.0,0.9058823529411764,0.0
门头沟区,2012,19.4,no_screening_flag,E3_m03_central_tail,0.0,0.0,0.9294117647058824,0.0
门头沟区,2013,21.5,no_screening_flag,E3_m03_central_tail,0.0,0.0,0.9529411764705882,0.0
门头沟区,2014,23.3,no_screening_flag,E3_m03_central_tail,0.0,0.0,0.976470588235294,0.0
门头沟区,2015,23.0,no_screening_flag,E3_m03_central_tail,0.0,0.0,1.0,0.0
门头沟区,2016,20.0,no_screening_flag,E3_m03_central_tail,0.0,0.0,1.0,0.0
门头沟区,2017,16.7,no_screening_flag,E3_m03_central_tail,0.022179,0.0,1.0,0.022179
门头沟区,2018,17.0,cross_report_value_disagreement,E3_m03_central_tail,0.022179,0.0,1.0,0.022179
门头沟区,2019,38.2,large_year_to_year_change_gt5m,E3_m03_central_tail,0.0,0.0,1.0,0.0
门头沟区,2020,35.8,no_screening_flag,E3_m03_central_tail,0.0,0.0,1.0,0.0
顺义区,2000,16.8,no_screening_flag,E3_m03_central_tail,0.0,0.0,0.9285714285714286,0.0
顺义区,2001,17.5,no_screening_flag,E3_m03_central_tail,0.0,0.0,0.9285714285714286,0.0
顺义区,2002,18.7,bulletin_marked_draft,E3_m03_central_tail,0.0,0.0,0.9285714285714286,0.0
顺义区,2003,19.1,low_resolution_photographed_chart;source_chart_city_control_disagreement,E3_m03_central_tail,0.0,0.0,0.9285714285714286,0.0
顺义区,2004,22.3,low_resolution_photographed_chart;source_chart_city_control_disagreement,E3_m03_central_tail,0.0,0.0,0.9285714285714286,0.0
顺义区,2005,24.4,low_resolution_photographed_chart,E3_m03_central_tail,0.0,0.0,0.9285714285714286,0.0
顺义区,2006,26.2,low_resolution_photographed_chart,E3_m03_central_tail,0.0,0.0,0.9333333333333332,0.0
顺义区,2007,28.2,low_resolution_photographed_chart,E3_m03_central_tail,0.0,0.0,0.938095238095238,0.0
顺义区,2008,29.0,no_screening_flag,E3_m03_central_tail,0.0,0.0,0.9428571428571428,0.0
顺义区,2009,30.4,no_screening_flag,E3_m03_central_tail,0.0,0.0,0.9476190476190476,0.0
顺义区,2010,31.6,no_screening_flag,E3_m03_central_tail,0.0,0.0,0.9523809523809524,0.0
顺义区,2011,32.4,no_screening_flag,E3_m03_central_tail,0.0,0.0,0.9619047619047618,0.0
顺义区,2012,32.4,no_screening_flag,E3_m03_central_tail,0.0,0.0,0.9714285714285714,0.0
顺义区,2013,33.4,no_screening_flag,E3_m03_central_tail,0.0,0.0,0.9809523809523808,0.0
顺义区,2014,34.4,no_screening_flag,E3_m03_central_tail,0.0,0.0,0.9904761904761904,0.0
顺义区,2015,34.3,no_screening_flag,E3_m03_central_tail,0.0,0.0,1.0,0.0
顺义区,2016,33.7,no_screening_flag,E3_m03_central_tail,0.0,0.0,1.0,0.0
顺义区,2017,34.1,no_screening_flag,E3_m03_central_tail,0.0,0.0,1.0,0.0
顺义区,2018,33.3,no_screening_flag,E3_m03_central_tail,0.0,0.0,1.0,0.0
顺义区,2019,32.2,no_screening_flag,E3_m03_central_tail,0.0,0.0,1.0,0.0
顺义区,2020,29.3,no_screening_flag,E3_m03_central_tail,0.0,0.0,1.0,0.0
大兴区,2000,11.7,no_screening_flag,E3_zero_extend,0.087487,0.0,0.3091787439613526,0.027049120772946852
大兴区,2001,12.6,no_screening_flag,E3_zero_extend,0.009993,-7.7494,0.3690821256038647,0.00368823768115942
大兴区,2002,13.2,bulletin_marked_draft;cross_report_value_disagreement,E3_zero_extend,0.009993,0.0,0.4289855072463768,0.0042868521739130435
大兴区,2003,13.9,low_resolution_photographed_chart;source_chart_city_control_disagreement,E3_zero_extend,0.009993,0.0,0.4888888888888889,0.004885466666666667
大兴区,2004,15.0,low_resolution_photographed_chart;source_chart_city_control_disagreement,E3_zero_extend,0.009993,0.0,0.548792270531401,0.00548408115942029
大兴区,2005,15.9,low_resolution_photographed_chart,E3_zero_extend,0.009993,0.0,0.6086956521739131,0.006082695652173914
大兴区,2006,17.3,low_resolution_photographed_chart,E3_zero_extend,0.0,0.0,0.6328502415458938,0.0
大兴区,2007,17.9,low_resolution_photographed_chart,E3_zero_extend,0.0,0.0,0.6570048309178744,0.0
大兴区,2008,18.6,no_screening_flag,E3_zero_extend,0.0,0.0,0.6811594202898551,0.0
大兴区,2009,19.3,no_screening_flag,E3_zero_extend,0.0,0.0,0.7053140096618358,0.0
大兴区,2010,18.8,no_screening_flag,E3_zero_extend,0.0,0.0,0.7294685990338164,0.0
大兴区,2011,18.9,no_screening_flag,E3_zero_extend,0.0,0.0,0.7323671497584541,0.0
大兴区,2012,17.9,no_screening_flag,E3_zero_extend,0.0,0.0,0.7352657004830918,0.0
大兴区,2013,17.8,no_screening_flag,E3_zero_extend,0.0,0.0,0.7381642512077294,0.0
大兴区,2014,19.0,no_screening_flag,E3_zero_extend,0.0,0.0,0.7410628019323672,0.0
大兴区,2015,18.7,no_screening_flag,E3_zero_extend,0.0,0.0,0.7439613526570048,0.0
大兴区,2016,17.8,no_screening_flag,E3_zero_extend,0.0,0.0,0.7951690821256039,0.0
大兴区,2017,17.9,no_screening_flag,E3_zero_extend,0.0,0.0,0.8463768115942029,0.0
大兴区,2018,17.9,no_screening_flag,E3_zero_extend,0.0,0.0,0.8975845410628019,0.0
大兴区,2019,17.8,no_screening_flag,E3_zero_extend,0.0,0.0,0.9487922705314008,0.0
大兴区,2020,16.8,no_screening_flag,E3_zero_extend,0.0,-0.9993,1.0,0.0
密云区,2000,19.3,no_screening_flag,E3_zero_extend,0.0,0.0,0.53125,0.0
密云区,2001,22.0,bulletin_marked_draft;primary_figure_occluded_used_alternate_source,E3_zero_extend,0.0,0.0,0.58125,0.0
密云区,2002,22.7,bulletin_marked_draft;cross_report_value_disagreement,E3_zero_extend,0.0,0.0,0.63125,0.0
密云区,2003,24.2,cross_report_value_disagreement;low_resolution_photographed_chart;source_chart_city_control_disagreement,E3_zero_extend,0.0,0.0,0.68125,0.0
密云区,2004,25.5,low_resolution_photographed_chart;source_chart_city_control_disagreement,E3_zero_extend,0.0,0.0,0.73125,0.0
密云区,2005,25.4,low_resolution_photographed_chart,E3_zero_extend,0.0,0.0,0.78125,0.0
密云区,2006,26.1,low_resolution_photographed_chart,E3_zero_extend,0.0,0.0,0.78125,0.0
密云区,2007,28.0,low_resolution_photographed_chart,E3_zero_extend,0.0,0.0,0.78125,0.0
密云区,2008,28.2,no_screening_flag,E3_zero_extend,0.0,0.0,0.78125,0.0
密云区,2009,28.9,no_screening_flag,E3_zero_extend,0.0,0.0,0.78125,0.0
密云区,2010,29.9,no_screening_flag,E3_zero_extend,0.0,0.0,0.78125,0.0
密云区,2011,29.5,no_screening_flag,E3_zero_extend,0.0,0.0,0.78125,0.0
密云区,2012,28.7,no_screening_flag,E3_zero_extend,0.0,0.0,0.78125,0.0
密云区,2013,29.8,no_screening_flag,E3_zero_extend,0.0,0.0,0.78125,0.0
密云区,2014,30.4,no_screening_flag,E3_zero_extend,0.0,0.0,0.78125,0.0
密云区,2015,30.6,no_screening_flag,E3_zero_extend,0.0,0.0,0.78125,0.0
密云区,2016,29.7,no_screening_flag,E3_zero_extend,0.0,0.0,0.825,0.0
密云区,2017,31.3,no_screening_flag,E3_zero_extend,0.0,0.0,0.86875,0.0
密云区,2018,24.9,large_year_to_year_change_gt5m,E3_zero_extend,0.0,0.0,0.9125,0.0
密云区,2019,24.8,no_screening_flag,E3_zero_extend,0.0,0.0,0.95625,0.0
密云区,2020,25.2,no_screening_flag,E3_zero_extend,0.0,0.0,1.0,0.0
平谷区,2000,19.6,no_screening_flag,E3_zero_extend,0.0,0.0,0.75,0.0
平谷区,2001,17.9,no_screening_flag,E3_zero_extend,0.0,0.0,0.7833333333333333,0.0
平谷区,2002,20.7,bulletin_marked_draft;cross_report_value_disagreement,E3_zero_extend,0.0,0.0,0.8166666666666667,0.0
平谷区,2003,20.6,cross_report_value_disagreement;low_resolution_photographed_chart;source_chart_city_control_disagreement,E3_zero_extend,0.0,0.0,0.85,0.0
平谷区,2004,23.0,low_resolution_photographed_chart;source_chart_city_control_disagreement,E3_zero_extend,0.0,0.0,0.8833333333333333,0.0
平谷区,2005,26.0,low_resolution_photographed_chart,E3_zero_extend,0.0,0.0,0.9166666666666666,0.0
平谷区,2006,29.8,cross_report_value_disagreement;low_resolution_photographed_chart,E3_zero_extend,0.0,0.0,0.9333333333333332,0.0
平谷区,2007,33.2,low_resolution_photographed_chart,E3_zero_extend,0.0,0.0,0.95,0.0
平谷区,2008,34.6,no_screening_flag,E3_zero_extend,0.0,0.0,0.9666666666666668,0.0
平谷区,2009,37.7,no_screening_flag,E3_zero_extend,0.0,0.0,0.9833333333333332,0.0
平谷区,2010,39.4,no_screening_flag,E3_zero_extend,0.0,0.0,1.0,0.0
平谷区,2011,39.4,no_screening_flag,E3_zero_extend,0.0,0.0,1.0,0.0
平谷区,2012,37.3,no_screening_flag,E3_zero_extend,0.0,0.0,1.0,0.0
平谷区,2013,36.9,no_screening_flag,E3_zero_extend,0.0,0.0,1.0,0.0
平谷区,2014,40.5,no_screening_flag,E3_zero_extend,0.0,0.0,1.0,0.0
平谷区,2015,41.8,no_screening_flag,E3_zero_extend,0.0,0.0,1.0,0.0
平谷区,2016,42.4,no_screening_flag,E3_zero_extend,0.0,0.0,1.0,0.0
平谷区,2017,42.0,no_screening_flag,E3_zero_extend,0.0,0.0,1.0,0.0
平谷区,2018,32.8,large_year_to_year_change_gt5m,E3_zero_extend,0.0,0.0,1.0,0.0
平谷区,2019,33.8,no_screening_flag,E3_zero_extend,0.0,0.0,1.0,0.0
平谷区,2020,35.8,no_screening_flag,E3_zero_extend,0.0,0.0,1.0,0.0
延庆区,2000,8.4,no_screening_flag,E3_zero_extend,0.020419,-16.2319,0.6666666666666666,0.013612666666666665
延庆区,2001,8.2,no_screening_flag,E3_zero_extend,0.020419,-16.2319,0.6888888888888889,0.014066422222222222
延庆区,2002,8.3,bulletin_marked_draft;cross_report_value_disagreement,E3_zero_extend,0.020419,-16.2319,0.7111111111111111,0.014520177777777778
延庆区,2003,8.6,low_resolution_photographed_chart;source_chart_city_control_disagreement,E3_zero_extend,0.020419,-16.2319,0.7333333333333333,0.014973933333333331
延庆区,2004,8.5,low_resolution_photographed_chart;source_chart_city_control_disagreement,E3_zero_extend,0.020419,-16.2319,0.7555555555555555,0.015427688888888888
延庆区,2005,8.7,low_resolution_photographed_chart,E3_zero_extend,0.020419,-16.2319,0.7777777777777778,0.015881444444444445
延庆区,2006,8.4,low_resolution_photographed_chart,E3_zero_extend,0.020419,-16.2319,0.7777777777777778,0.015881444444444445
延庆区,2007,9.0,low_resolution_photographed_chart,E3_zero_extend,0.020419,-16.2319,0.7777777777777778,0.015881444444444445
延庆区,2008,8.8,no_screening_flag,E3_zero_extend,0.020419,-16.2319,0.7777777777777778,0.015881444444444445
延庆区,2009,9.2,no_screening_flag,E3_zero_extend,0.020419,0.0,0.7777777777777778,0.015881444444444445
延庆区,2010,9.3,no_screening_flag,E3_zero_extend,0.020419,0.0,0.7777777777777778,0.015881444444444445
延庆区,2011,9.3,no_screening_flag,E3_zero_extend,0.020419,0.0,0.7777777777777778,0.015881444444444445
延庆区,2012,9.2,no_screening_flag,E3_zero_extend,0.020419,0.0,0.7777777777777778,0.015881444444444445
延庆区,2013,9.3,no_screening_flag,E3_zero_extend,0.020419,0.0,0.7777777777777778,0.015881444444444445
延庆区,2014,10.4,no_screening_flag,E3_zero_extend,0.020419,0.0,0.7777777777777778,0.015881444444444445
延庆区,2015,10.4,no_screening_flag,E3_zero_extend,0.020419,0.0,0.7777777777777778,0.015881444444444445
延庆区,2016,9.8,no_screening_flag,E3_zero_extend,0.020419,0.0,0.8222222222222222,0.016788955555555554
延庆区,2017,10.0,no_screening_flag,E3_zero_extend,0.020419,0.0,0.8666666666666667,0.017696466666666667
延庆区,2018,9.7,no_screening_flag,E3_zero_extend,0.020419,0.0,0.9111111111111112,0.01860397777777778
延庆区,2019,9.8,no_screening_flag,E3_zero_extend,0.020419,0.0,0.9555555555555556,0.01951148888888889
延庆区,2020,7.2,no_screening_flag,E3_zero_extend,0.18273799999999998,0.0,1.0,0.18273799999999998
怀柔区,2000,6.9,no_screening_flag,E3_zero_extend,0.387258,0.0,0.5714285714285714,0.2212902857142857
怀柔区,2001,7.7,no_screening_flag,E3_zero_extend,0.031538,-35.571999999999996,0.638095238095238,0.020124247619047617
怀柔区,2002,10.4,bulletin_marked_draft;cross_report_value_disagreement,E3_zero_extend,0.031538,0.0,0.7047619047619047,0.022226780952380946
怀柔区,2003,11.7,low_resolution_photographed_chart;source_chart_city_control_disagreement,E3_zero_extend,0.031538,0.0,0.7714285714285714,0.02432931428571428
怀柔区,2004,14.1,low_resolution_photographed_chart;source_chart_city_control_disagreement,E3_zero_extend,0.0,0.0,0.8380952380952381,0.0
怀柔区,2005,15.9,low_resolution_photographed_chart,E3_zero_extend,0.0,0.0,0.9047619047619048,0.0
怀柔区,2006,16.7,low_resolution_photographed_chart,E3_zero_extend,0.0,0.0,0.9142857142857144,0.0
怀柔区,2007,19.2,low_resolution_photographed_chart,E3_zero_extend,0.0,0.0,0.9238095238095236,0.0
怀柔区,2008,19.7,no_screening_flag,E3_zero_extend,0.0,0.0,0.9333333333333332,0.0
怀柔区,2009,20.1,no_screening_flag,E3_zero_extend,0.0,0.0,0.9428571428571428,0.0
怀柔区,2010,21.3,no_screening_flag,E3_zero_extend,0.0,0.0,0.9523809523809524,0.0
怀柔区,2011,22.3,no_screening_flag,E3_zero_extend,0.0,0.0,0.9523809523809524,0.0
怀柔区,2012,21.2,no_screening_flag,E3_zero_extend,0.0,0.0,0.9523809523809524,0.0
怀柔区,2013,21.5,no_screening_flag,E3_zero_extend,0.0,0.0,0.9523809523809524,0.0
怀柔区,2014,22.6,no_screening_flag,E3_zero_extend,0.0,0.0,0.9523809523809524,0.0
怀柔区,2015,22.3,no_screening_flag,E3_zero_extend,0.0,0.0,0.9523809523809524,0.0
怀柔区,2016,21.6,no_screening_flag,E3_zero_extend,0.0,0.0,0.9619047619047618,0.0
怀柔区,2017,21.2,no_screening_flag,E3_zero_extend,0.0,0.0,0.9714285714285714,0.0
怀柔区,2018,17.3,no_screening_flag,E3_zero_extend,0.0,0.0,0.9809523809523808,0.0
怀柔区,2019,15.8,no_screening_flag,E3_zero_extend,0.0,0.0,0.9904761904761904,0.0
怀柔区,2020,16.3,no_screening_flag,E3_zero_extend,0.0,0.0,1.0,0.0
房山区,2000,10.4,no_screening_flag,E3_zero_extend,0.09858,0.0,0.6973684210526315,0.06874657894736842
房山区,2001,12.0,no_screening_flag,E3_zero_extend,0.0,-9.858,0.7210526315789473,0.0
房山区,2002,11.7,bulletin_marked_draft;cross_report_value_disagreement,E3_zero_extend,0.09858,0.0,0.7447368421052631,0.07341615789473684
房山区,2003,11.1,low_resolution_photographed_chart;source_chart_city_control_disagreement,E3_zero_extend,0.09858,0.0,0.7684210526315789,0.07575094736842104
房山区,2004,11.4,low_resolution_photographed_chart;source_chart_city_control_disagreement,E3_zero_extend,0.09858,0.0,0.7921052631578948,0.07808573684210526
房山区,2005,20.0,large_year_to_year_change_gt5m;low_resolution_photographed_chart,E3_zero_extend,0.0,0.0,0.8157894736842105,0.0
房山区,2006,11.8,large_year_to_year_change_gt5m;low_resolution_photographed_chart,E3_zero_extend,0.0,-9.858,0.85,0.0
房山区,2007,11.6,low_resolution_photographed_chart,E3_zero_extend,0.09858,0.0,0.8842105263157894,0.08716547368421053
房山区,2008,11.1,no_screening_flag,E3_zero_extend,0.09858,0.0,0.9184210526315788,0.09053794736842104
房山区,2009,11.6,no_screening_flag,E3_zero_extend,0.09858,0.0,0.9526315789473684,0.09391042105263157
房山区,2010,12.6,no_screening_flag,E3_zero_extend,0.0,-9.858,0.986842105263158,0.0
房山区,2011,10.7,no_screening_flag,E3_zero_extend,0.09858,0.0,0.9894736842105264,0.0975423157894737
房山区,2012,8.4,no_screening_flag,E3_zero_extend,0.09858,-39.2446,0.9921052631578948,0.09780173684210527
房山区,2013,8.9,no_screening_flag,E3_zero_extend,0.09858,-39.2446,0.9947368421052633,0.09806115789473685
房山区,2014,10.2,no_screening_flag,E3_zero_extend,0.09858,0.0,0.9973684210526316,0.09832057894736843
房山区,2015,10.6,no_screening_flag,E3_zero_extend,0.09858,0.0,1.0,0.09858
房山区,2016,9.0,no_screening_flag,E3_zero_extend,0.09858,-39.2446,1.0,0.09858
房山区,2017,9.3,no_screening_flag,E3_zero_extend,0.09858,0.0,1.0,0.09858
房山区,2018,9.6,no_screening_flag,E3_zero_extend,0.09858,0.0,1.0,0.09858
房山区,2019,10.5,no_screening_flag,E3_zero_extend,0.09858,0.0,1.0,0.09858
房山区,2020,8.6,no_screening_flag,E3_zero_extend,0.09858,-39.2446,1.0,0.09858
昌平区,2000,15.9,no_screening_flag,E3_zero_extend,0.001292,0.0,0.6014492753623188,0.0007770724637681159
昌平区,2001,17.4,no_screening_flag,E3_zero_extend,0.0,0.0,0.6434782608695653,0.0
昌平区,2002,19.1,bulletin_marked_draft,E3_zero_extend,0.0,0.0,0.6855072463768116,0.0
昌平区,2003,18.5,cross_report_value_disagreement;low_resolution_photographed_chart;source_chart_city_control_disagreement,E3_zero_extend,0.0,0.0,0.727536231884058,0.0
昌平区,2004,21.1,low_resolution_photographed_chart;source_chart_city_control_disagreement,E3_zero_extend,0.0,0.0,0.7695652173913043,0.0
昌平区,2005,22.7,low_resolution_photographed_chart,E3_zero_extend,0.0,0.0,0.8115942028985508,0.0
昌平区,2006,23.1,low_resolution_photographed_chart,E3_zero_extend,0.0,0.0,0.846376811594203,0.0
昌平区,2007,25.3,low_resolution_photographed_chart,E3_zero_extend,0.0,0.0,0.8811594202898552,0.0
昌平区,2008,26.3,no_screening_flag,E3_zero_extend,0.0,0.0,0.9159420289855073,0.0
昌平区,2009,27.5,no_screening_flag,E3_zero_extend,0.0,0.0,0.9507246376811594,0.0
昌平区,2010,29.3,no_screening_flag,E3_zero_extend,0.0,0.0,0.9855072463768116,0.0
昌平区,2011,29.9,no_screening_flag,E3_zero_extend,0.0,0.0,0.9884057971014492,0.0
昌平区,2012,30.2,no_screening_flag,E3_zero_extend,0.0,0.0,0.991304347826087,0.0
昌平区,2013,31.3,no_screening_flag,E3_zero_extend,0.0,0.0,0.9942028985507246,0.0
昌平区,2014,32.3,no_screening_flag,E3_zero_extend,0.0,0.0,0.9971014492753624,0.0
昌平区,2015,32.3,no_screening_flag,E3_zero_extend,0.0,0.0,1.0,0.0
昌平区,2016,30.7,no_screening_flag,E3_zero_extend,0.0,0.0,1.0,0.0
昌平区,2017,30.2,no_screening_flag,E3_zero_extend,0.0,0.0,1.0,0.0
昌平区,2018,29.4,no_screening_flag,E3_zero_extend,0.0,0.0,1.0,0.0
昌平区,2019,28.8,no_screening_flag,E3_zero_extend,0.0,0.0,1.0,0.0
昌平区,2020,27.1,no_screening_flag,E3_zero_extend,0.0,0.0,1.0,0.0
通州区,2000,5.7,no_screening_flag,E3_zero_extend,0.437462,0.0,0.4421052631578947,0.19340425263157895
通州区,2001,6.4,no_screening_flag,E3_zero_extend,0.437462,0.0,0.4694736842105263,0.20537689684210528
通州区,2002,6.4,bulletin_marked_draft;cross_report_value_disagreement,E3_zero_extend,0.437462,0.0,0.4968421052631579,0.2173495410526316
通州区,2003,7.0,low_resolution_photographed_chart;source_chart_city_control_disagreement,E3_zero_extend,0.437462,0.0,0.5242105263157895,0.2293221852631579
通州区,2004,7.5,low_resolution_photographed_chart;source_chart_city_control_disagreement,E3_zero_extend,0.437462,0.0,0.5515789473684211,0.24129482947368422
通州区,2005,8.1,low_resolution_photographed_chart,E3_zero_extend,0.056312,-38.115,0.5789473684210527,0.03260168421052632
通州区,2006,7.6,low_resolution_photographed_chart,E3_zero_extend,0.056312,-38.115,0.6063157894736843,0.03414285473684211
通州区,2007,7.5,low_resolution_photographed_chart,E3_zero_extend,0.437462,0.0,0.6336842105263158,0.2772127621052632
通州区,2008,7.6,no_screening_flag,E3_zero_extend,0.056312,-38.115,0.6610526315789473,0.03722519578947368
通州区,2009,7.2,no_screening_flag,E3_zero_extend,0.437462,0.0,0.6884210526315789,0.3011580505263158
通州区,2010,7.4,no_screening_flag,E3_zero_extend,0.437462,0.0,0.7157894736842105,0.31313069473684213
通州区,2011,7.1,no_screening_flag,E3_zero_extend,0.437462,0.0,0.72,0.31497264
通州区,2012,6.6,no_screening_flag,E3_zero_extend,0.437462,0.0,0.7242105263157894,0.31681458526315787
通州区,2013,6.8,no_screening_flag,E3_zero_extend,0.437462,0.0,0.728421052631579,0.3186565305263158
通州区,2014,7.5,no_screening_flag,E3_zero_extend,0.437462,0.0,0.7326315789473684,0.3204984757894737
通州区,2015,8.1,no_screening_flag,E3_zero_extend,0.056312,-38.115,0.7368421052631579,0.041493052631578944
通州区,2016,7.6,no_screening_flag,E3_zero_extend,0.056312,-38.115,0.7894736842105263,0.04445684210526316
通州区,2017,7.8,no_screening_flag,E3_zero_extend,0.056312,-38.115,0.8421052631578947,0.04742063157894737
通州区,2018,7.3,no_screening_flag,E3_zero_extend,0.437462,0.0,0.8947368421052632,0.3914133684210527
通州区,2019,8.2,no_screening_flag,E3_zero_extend,0.056312,-38.115,0.9473684210526316,0.0533482105263158
通州区,2020,7.8,no_screening_flag,E3_zero_extend,0.056312,-38.115,1.0,0.056312
门头沟区,2000,19.3,no_screening_flag,E3_zero_extend,0.0,0.0,0.5294117647058824,0.0
门头沟区,2001,19.9,no_screening_flag,E3_zero_extend,0.0,0.0,0.5941176470588235,0.0
门头沟区,2002,19.7,bulletin_marked_draft;cross_report_value_disagreement,E3_zero_extend,0.0,0.0,0.6588235294117647,0.0
门头沟区,2003,19.9,low_resolution_photographed_chart;source_chart_city_control_disagreement,E3_zero_extend,0.0,0.0,0.7235294117647059,0.0
门头沟区,2004,19.6,low_resolution_photographed_chart;source_chart_city_control_disagreement,E3_zero_extend,0.0,0.0,0.788235294117647,0.0
门头沟区,2005,20.0,low_resolution_photographed_chart,E3_zero_extend,0.0,0.0,0.8529411764705882,0.0
门头沟区,2006,19.0,low_resolution_photographed_chart,E3_zero_extend,0.0,0.0,0.8588235294117647,0.0
门头沟区,2007,19.8,low_resolution_photographed_chart,E3_zero_extend,0.0,0.0,0.8647058823529411,0.0
门头沟区,2008,20.1,no_screening_flag,E3_zero_extend,0.0,0.0,0.8705882352941177,0.0
门头沟区,2009,20.5,no_screening_flag,E3_zero_extend,0.0,0.0,0.8764705882352941,0.0
门头沟区,2010,20.7,no_screening_flag,E3_zero_extend,0.0,0.0,0.8823529411764706,0.0
门头沟区,2011,20.0,no_screening_flag,E3_zero_extend,0.0,0.0,0.9058823529411764,0.0
门头沟区,2012,19.4,no_screening_flag,E3_zero_extend,0.0,0.0,0.9294117647058824,0.0
门头沟区,2013,21.5,no_screening_flag,E3_zero_extend,0.0,0.0,0.9529411764705882,0.0
门头沟区,2014,23.3,no_screening_flag,E3_zero_extend,0.0,0.0,0.976470588235294,0.0
门头沟区,2015,23.0,no_screening_flag,E3_zero_extend,0.0,0.0,1.0,0.0
门头沟区,2016,20.0,no_screening_flag,E3_zero_extend,0.0,0.0,1.0,0.0
门头沟区,2017,16.7,no_screening_flag,E3_zero_extend,0.0,-2.2179,1.0,0.0
门头沟区,2018,17.0,cross_report_value_disagreement,E3_zero_extend,0.0,-2.2179,1.0,0.0
门头沟区,2019,38.2,large_year_to_year_change_gt5m,E3_zero_extend,0.0,0.0,1.0,0.0
门头沟区,2020,35.8,no_screening_flag,E3_zero_extend,0.0,0.0,1.0,0.0
顺义区,2000,16.8,no_screening_flag,E3_zero_extend,0.0,0.0,0.9285714285714286,0.0
顺义区,2001,17.5,no_screening_flag,E3_zero_extend,0.0,0.0,0.9285714285714286,0.0
顺义区,2002,18.7,bulletin_marked_draft,E3_zero_extend,0.0,0.0,0.9285714285714286,0.0
顺义区,2003,19.1,low_resolution_photographed_chart;source_chart_city_control_disagreement,E3_zero_extend,0.0,0.0,0.9285714285714286,0.0
顺义区,2004,22.3,low_resolution_photographed_chart;source_chart_city_control_disagreement,E3_zero_extend,0.0,0.0,0.9285714285714286,0.0
顺义区,2005,24.4,low_resolution_photographed_chart,E3_zero_extend,0.0,0.0,0.9285714285714286,0.0
顺义区,2006,26.2,low_resolution_photographed_chart,E3_zero_extend,0.0,0.0,0.9333333333333332,0.0
顺义区,2007,28.2,low_resolution_photographed_chart,E3_zero_extend,0.0,0.0,0.938095238095238,0.0
顺义区,2008,29.0,no_screening_flag,E3_zero_extend,0.0,0.0,0.9428571428571428,0.0
顺义区,2009,30.4,no_screening_flag,E3_zero_extend,0.0,0.0,0.9476190476190476,0.0
顺义区,2010,31.6,no_screening_flag,E3_zero_extend,0.0,0.0,0.9523809523809524,0.0
顺义区,2011,32.4,no_screening_flag,E3_zero_extend,0.0,0.0,0.9619047619047618,0.0
顺义区,2012,32.4,no_screening_flag,E3_zero_extend,0.0,0.0,0.9714285714285714,0.0
顺义区,2013,33.4,no_screening_flag,E3_zero_extend,0.0,0.0,0.9809523809523808,0.0
顺义区,2014,34.4,no_screening_flag,E3_zero_extend,0.0,0.0,0.9904761904761904,0.0
顺义区,2015,34.3,no_screening_flag,E3_zero_extend,0.0,0.0,1.0,0.0
顺义区,2016,33.7,no_screening_flag,E3_zero_extend,0.0,0.0,1.0,0.0
顺义区,2017,34.1,no_screening_flag,E3_zero_extend,0.0,0.0,1.0,0.0
顺义区,2018,33.3,no_screening_flag,E3_zero_extend,0.0,0.0,1.0,0.0
顺义区,2019,32.2,no_screening_flag,E3_zero_extend,0.0,0.0,1.0,0.0
顺义区,2020,29.3,no_screening_flag,E3_zero_extend,0.0,0.0,1.0,0.0
大兴区,2000,11.7,no_screening_flag,E3_zero_central_tail,0.087487,0.0,0.3091787439613526,0.027049120772946852
大兴区,2001,12.6,no_screening_flag,E3_zero_central_tail,0.087487,0.0,0.3690821256038647,0.03228988792270531
大兴区,2002,13.2,bulletin_marked_draft;cross_report_value_disagreement,E3_zero_central_tail,0.009993,0.0,0.4289855072463768,0.0042868521739130435
大兴区,2003,13.9,low_resolution_photographed_chart;source_chart_city_control_disagreement,E3_zero_central_tail,0.009993,0.0,0.4888888888888889,0.004885466666666667
大兴区,2004,15.0,low_resolution_photographed_chart;source_chart_city_control_disagreement,E3_zero_central_tail,0.009993,0.0,0.548792270531401,0.00548408115942029
大兴区,2005,15.9,low_resolution_photographed_chart,E3_zero_central_tail,0.009993,0.0,0.6086956521739131,0.006082695652173914
大兴区,2006,17.3,low_resolution_photographed_chart,E3_zero_central_tail,0.0,0.0,0.6328502415458938,0.0
大兴区,2007,17.9,low_resolution_photographed_chart,E3_zero_central_tail,0.0,0.0,0.6570048309178744,0.0
大兴区,2008,18.6,no_screening_flag,E3_zero_central_tail,0.0,0.0,0.6811594202898551,0.0
大兴区,2009,19.3,no_screening_flag,E3_zero_central_tail,0.0,0.0,0.7053140096618358,0.0
大兴区,2010,18.8,no_screening_flag,E3_zero_central_tail,0.0,0.0,0.7294685990338164,0.0
大兴区,2011,18.9,no_screening_flag,E3_zero_central_tail,0.0,0.0,0.7323671497584541,0.0
大兴区,2012,17.9,no_screening_flag,E3_zero_central_tail,0.0,0.0,0.7352657004830918,0.0
大兴区,2013,17.8,no_screening_flag,E3_zero_central_tail,0.0,0.0,0.7381642512077294,0.0
大兴区,2014,19.0,no_screening_flag,E3_zero_central_tail,0.0,0.0,0.7410628019323672,0.0
大兴区,2015,18.7,no_screening_flag,E3_zero_central_tail,0.0,0.0,0.7439613526570048,0.0
大兴区,2016,17.8,no_screening_flag,E3_zero_central_tail,0.0,0.0,0.7951690821256039,0.0
大兴区,2017,17.9,no_screening_flag,E3_zero_central_tail,0.0,0.0,0.8463768115942029,0.0
大兴区,2018,17.9,no_screening_flag,E3_zero_central_tail,0.0,0.0,0.8975845410628019,0.0
大兴区,2019,17.8,no_screening_flag,E3_zero_central_tail,0.0,0.0,0.9487922705314008,0.0
大兴区,2020,16.8,no_screening_flag,E3_zero_central_tail,0.009993,0.0,1.0,0.009993
密云区,2000,19.3,no_screening_flag,E3_zero_central_tail,0.0,0.0,0.53125,0.0
密云区,2001,22.0,bulletin_marked_draft;primary_figure_occluded_used_alternate_source,E3_zero_central_tail,0.0,0.0,0.58125,0.0
密云区,2002,22.7,bulletin_marked_draft;cross_report_value_disagreement,E3_zero_central_tail,0.0,0.0,0.63125,0.0
密云区,2003,24.2,cross_report_value_disagreement;low_resolution_photographed_chart;source_chart_city_control_disagreement,E3_zero_central_tail,0.0,0.0,0.68125,0.0
密云区,2004,25.5,low_resolution_photographed_chart;source_chart_city_control_disagreement,E3_zero_central_tail,0.0,0.0,0.73125,0.0
密云区,2005,25.4,low_resolution_photographed_chart,E3_zero_central_tail,0.0,0.0,0.78125,0.0
密云区,2006,26.1,low_resolution_photographed_chart,E3_zero_central_tail,0.0,0.0,0.78125,0.0
密云区,2007,28.0,low_resolution_photographed_chart,E3_zero_central_tail,0.0,0.0,0.78125,0.0
密云区,2008,28.2,no_screening_flag,E3_zero_central_tail,0.0,0.0,0.78125,0.0
密云区,2009,28.9,no_screening_flag,E3_zero_central_tail,0.0,0.0,0.78125,0.0
密云区,2010,29.9,no_screening_flag,E3_zero_central_tail,0.0,0.0,0.78125,0.0
密云区,2011,29.5,no_screening_flag,E3_zero_central_tail,0.0,0.0,0.78125,0.0
密云区,2012,28.7,no_screening_flag,E3_zero_central_tail,0.0,0.0,0.78125,0.0
密云区,2013,29.8,no_screening_flag,E3_zero_central_tail,0.0,0.0,0.78125,0.0
密云区,2014,30.4,no_screening_flag,E3_zero_central_tail,0.0,0.0,0.78125,0.0
密云区,2015,30.6,no_screening_flag,E3_zero_central_tail,0.0,0.0,0.78125,0.0
密云区,2016,29.7,no_screening_flag,E3_zero_central_tail,0.0,0.0,0.825,0.0
密云区,2017,31.3,no_screening_flag,E3_zero_central_tail,0.0,0.0,0.86875,0.0
密云区,2018,24.9,large_year_to_year_change_gt5m,E3_zero_central_tail,0.0,0.0,0.9125,0.0
密云区,2019,24.8,no_screening_flag,E3_zero_central_tail,0.0,0.0,0.95625,0.0
密云区,2020,25.2,no_screening_flag,E3_zero_central_tail,0.0,0.0,1.0,0.0
平谷区,2000,19.6,no_screening_flag,E3_zero_central_tail,0.0,0.0,0.75,0.0
平谷区,2001,17.9,no_screening_flag,E3_zero_central_tail,0.0,0.0,0.7833333333333333,0.0
平谷区,2002,20.7,bulletin_marked_draft;cross_report_value_disagreement,E3_zero_central_tail,0.0,0.0,0.8166666666666667,0.0
平谷区,2003,20.6,cross_report_value_disagreement;low_resolution_photographed_chart;source_chart_city_control_disagreement,E3_zero_central_tail,0.0,0.0,0.85,0.0
平谷区,2004,23.0,low_resolution_photographed_chart;source_chart_city_control_disagreement,E3_zero_central_tail,0.0,0.0,0.8833333333333333,0.0
平谷区,2005,26.0,low_resolution_photographed_chart,E3_zero_central_tail,0.0,0.0,0.9166666666666666,0.0
平谷区,2006,29.8,cross_report_value_disagreement;low_resolution_photographed_chart,E3_zero_central_tail,0.0,0.0,0.9333333333333332,0.0
平谷区,2007,33.2,low_resolution_photographed_chart,E3_zero_central_tail,0.0,0.0,0.95,0.0
平谷区,2008,34.6,no_screening_flag,E3_zero_central_tail,0.0,0.0,0.9666666666666668,0.0
平谷区,2009,37.7,no_screening_flag,E3_zero_central_tail,0.0,0.0,0.9833333333333332,0.0
平谷区,2010,39.4,no_screening_flag,E3_zero_central_tail,0.0,0.0,1.0,0.0
平谷区,2011,39.4,no_screening_flag,E3_zero_central_tail,0.0,0.0,1.0,0.0
平谷区,2012,37.3,no_screening_flag,E3_zero_central_tail,0.0,0.0,1.0,0.0
平谷区,2013,36.9,no_screening_flag,E3_zero_central_tail,0.0,0.0,1.0,0.0
平谷区,2014,40.5,no_screening_flag,E3_zero_central_tail,0.0,0.0,1.0,0.0
平谷区,2015,41.8,no_screening_flag,E3_zero_central_tail,0.0,0.0,1.0,0.0
平谷区,2016,42.4,no_screening_flag,E3_zero_central_tail,0.0,0.0,1.0,0.0
平谷区,2017,42.0,no_screening_flag,E3_zero_central_tail,0.0,0.0,1.0,0.0
平谷区,2018,32.8,large_year_to_year_change_gt5m,E3_zero_central_tail,0.0,0.0,1.0,0.0
平谷区,2019,33.8,no_screening_flag,E3_zero_central_tail,0.0,0.0,1.0,0.0
平谷区,2020,35.8,no_screening_flag,E3_zero_central_tail,0.0,0.0,1.0,0.0
延庆区,2000,8.4,no_screening_flag,E3_zero_central_tail,0.020419,-16.2319,0.6666666666666666,0.013612666666666665
延庆区,2001,8.2,no_screening_flag,E3_zero_central_tail,0.020419,-16.2319,0.6888888888888889,0.014066422222222222
延庆区,2002,8.3,bulletin_marked_draft;cross_report_value_disagreement,E3_zero_central_tail,0.020419,-16.2319,0.7111111111111111,0.014520177777777778
延庆区,2003,8.6,low_resolution_photographed_chart;source_chart_city_control_disagreement,E3_zero_central_tail,0.020419,-16.2319,0.7333333333333333,0.014973933333333331
延庆区,2004,8.5,low_resolution_photographed_chart;source_chart_city_control_disagreement,E3_zero_central_tail,0.020419,-16.2319,0.7555555555555555,0.015427688888888888
延庆区,2005,8.7,low_resolution_photographed_chart,E3_zero_central_tail,0.020419,-16.2319,0.7777777777777778,0.015881444444444445
延庆区,2006,8.4,low_resolution_photographed_chart,E3_zero_central_tail,0.020419,-16.2319,0.7777777777777778,0.015881444444444445
延庆区,2007,9.0,low_resolution_photographed_chart,E3_zero_central_tail,0.020419,-16.2319,0.7777777777777778,0.015881444444444445
延庆区,2008,8.8,no_screening_flag,E3_zero_central_tail,0.020419,-16.2319,0.7777777777777778,0.015881444444444445
延庆区,2009,9.2,no_screening_flag,E3_zero_central_tail,0.020419,0.0,0.7777777777777778,0.015881444444444445
延庆区,2010,9.3,no_screening_flag,E3_zero_central_tail,0.020419,0.0,0.7777777777777778,0.015881444444444445
延庆区,2011,9.3,no_screening_flag,E3_zero_central_tail,0.020419,0.0,0.7777777777777778,0.015881444444444445
延庆区,2012,9.2,no_screening_flag,E3_zero_central_tail,0.020419,0.0,0.7777777777777778,0.015881444444444445
延庆区,2013,9.3,no_screening_flag,E3_zero_central_tail,0.020419,0.0,0.7777777777777778,0.015881444444444445
延庆区,2014,10.4,no_screening_flag,E3_zero_central_tail,0.020419,0.0,0.7777777777777778,0.015881444444444445
延庆区,2015,10.4,no_screening_flag,E3_zero_central_tail,0.020419,0.0,0.7777777777777778,0.015881444444444445
延庆区,2016,9.8,no_screening_flag,E3_zero_central_tail,0.020419,0.0,0.8222222222222222,0.016788955555555554
延庆区,2017,10.0,no_screening_flag,E3_zero_central_tail,0.020419,0.0,0.8666666666666667,0.017696466666666667
延庆区,2018,9.7,no_screening_flag,E3_zero_central_tail,0.020419,0.0,0.9111111111111112,0.01860397777777778
延庆区,2019,9.8,no_screening_flag,E3_zero_central_tail,0.020419,0.0,0.9555555555555556,0.01951148888888889
延庆区,2020,7.2,no_screening_flag,E3_zero_central_tail,0.18273799999999998,0.0,1.0,0.18273799999999998
怀柔区,2000,6.9,no_screening_flag,E3_zero_central_tail,0.387258,0.0,0.5714285714285714,0.2212902857142857
怀柔区,2001,7.7,no_screening_flag,E3_zero_central_tail,0.031538,-35.571999999999996,0.638095238095238,0.020124247619047617
怀柔区,2002,10.4,bulletin_marked_draft;cross_report_value_disagreement,E3_zero_central_tail,0.031538,0.0,0.7047619047619047,0.022226780952380946
怀柔区,2003,11.7,low_resolution_photographed_chart;source_chart_city_control_disagreement,E3_zero_central_tail,0.031538,0.0,0.7714285714285714,0.02432931428571428
怀柔区,2004,14.1,low_resolution_photographed_chart;source_chart_city_control_disagreement,E3_zero_central_tail,0.0,0.0,0.8380952380952381,0.0
怀柔区,2005,15.9,low_resolution_photographed_chart,E3_zero_central_tail,0.0,0.0,0.9047619047619048,0.0
怀柔区,2006,16.7,low_resolution_photographed_chart,E3_zero_central_tail,0.0,0.0,0.9142857142857144,0.0
怀柔区,2007,19.2,low_resolution_photographed_chart,E3_zero_central_tail,0.0,0.0,0.9238095238095236,0.0
怀柔区,2008,19.7,no_screening_flag,E3_zero_central_tail,0.0,0.0,0.9333333333333332,0.0
怀柔区,2009,20.1,no_screening_flag,E3_zero_central_tail,0.0,0.0,0.9428571428571428,0.0
怀柔区,2010,21.3,no_screening_flag,E3_zero_central_tail,0.0,0.0,0.9523809523809524,0.0
怀柔区,2011,22.3,no_screening_flag,E3_zero_central_tail,0.0,0.0,0.9523809523809524,0.0
怀柔区,2012,21.2,no_screening_flag,E3_zero_central_tail,0.0,0.0,0.9523809523809524,0.0
怀柔区,2013,21.5,no_screening_flag,E3_zero_central_tail,0.0,0.0,0.9523809523809524,0.0
怀柔区,2014,22.6,no_screening_flag,E3_zero_central_tail,0.0,0.0,0.9523809523809524,0.0
怀柔区,2015,22.3,no_screening_flag,E3_zero_central_tail,0.0,0.0,0.9523809523809524,0.0
怀柔区,2016,21.6,no_screening_flag,E3_zero_central_tail,0.0,0.0,0.9619047619047618,0.0
怀柔区,2017,21.2,no_screening_flag,E3_zero_central_tail,0.0,0.0,0.9714285714285714,0.0
怀柔区,2018,17.3,no_screening_flag,E3_zero_central_tail,0.0,0.0,0.9809523809523808,0.0
怀柔区,2019,15.8,no_screening_flag,E3_zero_central_tail,0.0,0.0,0.9904761904761904,0.0
怀柔区,2020,16.3,no_screening_flag,E3_zero_central_tail,0.0,0.0,1.0,0.0
房山区,2000,10.4,no_screening_flag,E3_zero_central_tail,0.09858,0.0,0.6973684210526315,0.06874657894736842
房山区,2001,12.0,no_screening_flag,E3_zero_central_tail,0.09858,0.0,0.7210526315789473,0.07108136842105263
房山区,2002,11.7,bulletin_marked_draft;cross_report_value_disagreement,E3_zero_central_tail,0.09858,0.0,0.7447368421052631,0.07341615789473684
房山区,2003,11.1,low_resolution_photographed_chart;source_chart_city_control_disagreement,E3_zero_central_tail,0.09858,0.0,0.7684210526315789,0.07575094736842104
房山区,2004,11.4,low_resolution_photographed_chart;source_chart_city_control_disagreement,E3_zero_central_tail,0.09858,0.0,0.7921052631578948,0.07808573684210526
房山区,2005,20.0,large_year_to_year_change_gt5m;low_resolution_photographed_chart,E3_zero_central_tail,0.0,0.0,0.8157894736842105,0.0
房山区,2006,11.8,large_year_to_year_change_gt5m;low_resolution_photographed_chart,E3_zero_central_tail,0.09858,0.0,0.85,0.08379299999999999
房山区,2007,11.6,low_resolution_photographed_chart,E3_zero_central_tail,0.09858,0.0,0.8842105263157894,0.08716547368421053
房山区,2008,11.1,no_screening_flag,E3_zero_central_tail,0.09858,0.0,0.9184210526315788,0.09053794736842104
房山区,2009,11.6,no_screening_flag,E3_zero_central_tail,0.09858,0.0,0.9526315789473684,0.09391042105263157
房山区,2010,12.6,no_screening_flag,E3_zero_central_tail,0.09858,0.0,0.986842105263158,0.09728289473684211
房山区,2011,10.7,no_screening_flag,E3_zero_central_tail,0.09858,0.0,0.9894736842105264,0.0975423157894737
房山区,2012,8.4,no_screening_flag,E3_zero_central_tail,0.09858,-39.2446,0.9921052631578948,0.09780173684210527
房山区,2013,8.9,no_screening_flag,E3_zero_central_tail,0.09858,-39.2446,0.9947368421052633,0.09806115789473685
房山区,2014,10.2,no_screening_flag,E3_zero_central_tail,0.09858,0.0,0.9973684210526316,0.09832057894736843
房山区,2015,10.6,no_screening_flag,E3_zero_central_tail,0.09858,0.0,1.0,0.09858
房山区,2016,9.0,no_screening_flag,E3_zero_central_tail,0.09858,-39.2446,1.0,0.09858
房山区,2017,9.3,no_screening_flag,E3_zero_central_tail,0.09858,0.0,1.0,0.09858
房山区,2018,9.6,no_screening_flag,E3_zero_central_tail,0.09858,0.0,1.0,0.09858
房山区,2019,10.5,no_screening_flag,E3_zero_central_tail,0.09858,0.0,1.0,0.09858
房山区,2020,8.6,no_screening_flag,E3_zero_central_tail,0.09858,-39.2446,1.0,0.09858
昌平区,2000,15.9,no_screening_flag,E3_zero_central_tail,0.001292,0.0,0.6014492753623188,0.0007770724637681159
昌平区,2001,17.4,no_screening_flag,E3_zero_central_tail,0.0,0.0,0.6434782608695653,0.0
昌平区,2002,19.1,bulletin_marked_draft,E3_zero_central_tail,0.0,0.0,0.6855072463768116,0.0
昌平区,2003,18.5,cross_report_value_disagreement;low_resolution_photographed_chart;source_chart_city_control_disagreement,E3_zero_central_tail,0.0,0.0,0.727536231884058,0.0
昌平区,2004,21.1,low_resolution_photographed_chart;source_chart_city_control_disagreement,E3_zero_central_tail,0.0,0.0,0.7695652173913043,0.0
昌平区,2005,22.7,low_resolution_photographed_chart,E3_zero_central_tail,0.0,0.0,0.8115942028985508,0.0
昌平区,2006,23.1,low_resolution_photographed_chart,E3_zero_central_tail,0.0,0.0,0.846376811594203,0.0
昌平区,2007,25.3,low_resolution_photographed_chart,E3_zero_central_tail,0.0,0.0,0.8811594202898552,0.0
昌平区,2008,26.3,no_screening_flag,E3_zero_central_tail,0.0,0.0,0.9159420289855073,0.0
昌平区,2009,27.5,no_screening_flag,E3_zero_central_tail,0.0,0.0,0.9507246376811594,0.0
昌平区,2010,29.3,no_screening_flag,E3_zero_central_tail,0.0,0.0,0.9855072463768116,0.0
昌平区,2011,29.9,no_screening_flag,E3_zero_central_tail,0.0,0.0,0.9884057971014492,0.0
昌平区,2012,30.2,no_screening_flag,E3_zero_central_tail,0.0,0.0,0.991304347826087,0.0
昌平区,2013,31.3,no_screening_flag,E3_zero_central_tail,0.0,0.0,0.9942028985507246,0.0
昌平区,2014,32.3,no_screening_flag,E3_zero_central_tail,0.0,0.0,0.9971014492753624,0.0
昌平区,2015,32.3,no_screening_flag,E3_zero_central_tail,0.0,0.0,1.0,0.0
昌平区,2016,30.7,no_screening_flag,E3_zero_central_tail,0.0,0.0,1.0,0.0
昌平区,2017,30.2,no_screening_flag,E3_zero_central_tail,0.0,0.0,1.0,0.0
昌平区,2018,29.4,no_screening_flag,E3_zero_central_tail,0.0,0.0,1.0,0.0
昌平区,2019,28.8,no_screening_flag,E3_zero_central_tail,0.0,0.0,1.0,0.0
昌平区,2020,27.1,no_screening_flag,E3_zero_central_tail,0.0,0.0,1.0,0.0
通州区,2000,5.7,no_screening_flag,E3_zero_central_tail,0.437462,0.0,0.4421052631578947,0.19340425263157895
通州区,2001,6.4,no_screening_flag,E3_zero_central_tail,0.437462,0.0,0.4694736842105263,0.20537689684210528
通州区,2002,6.4,bulletin_marked_draft;cross_report_value_disagreement,E3_zero_central_tail,0.437462,0.0,0.4968421052631579,0.2173495410526316
通州区,2003,7.0,low_resolution_photographed_chart;source_chart_city_control_disagreement,E3_zero_central_tail,0.437462,0.0,0.5242105263157895,0.2293221852631579
通州区,2004,7.5,low_resolution_photographed_chart;source_chart_city_control_disagreement,E3_zero_central_tail,0.437462,0.0,0.5515789473684211,0.24129482947368422
通州区,2005,8.1,low_resolution_photographed_chart,E3_zero_central_tail,0.056312,-38.115,0.5789473684210527,0.03260168421052632
通州区,2006,7.6,low_resolution_photographed_chart,E3_zero_central_tail,0.056312,-38.115,0.6063157894736843,0.03414285473684211
通州区,2007,7.5,low_resolution_photographed_chart,E3_zero_central_tail,0.437462,0.0,0.6336842105263158,0.2772127621052632
通州区,2008,7.6,no_screening_flag,E3_zero_central_tail,0.056312,-38.115,0.6610526315789473,0.03722519578947368
通州区,2009,7.2,no_screening_flag,E3_zero_central_tail,0.437462,0.0,0.6884210526315789,0.3011580505263158
通州区,2010,7.4,no_screening_flag,E3_zero_central_tail,0.437462,0.0,0.7157894736842105,0.31313069473684213
通州区,2011,7.1,no_screening_flag,E3_zero_central_tail,0.437462,0.0,0.72,0.31497264
通州区,2012,6.6,no_screening_flag,E3_zero_central_tail,0.437462,0.0,0.7242105263157894,0.31681458526315787
通州区,2013,6.8,no_screening_flag,E3_zero_central_tail,0.437462,0.0,0.728421052631579,0.3186565305263158
通州区,2014,7.5,no_screening_flag,E3_zero_central_tail,0.437462,0.0,0.7326315789473684,0.3204984757894737
通州区,2015,8.1,no_screening_flag,E3_zero_central_tail,0.056312,-38.115,0.7368421052631579,0.041493052631578944
通州区,2016,7.6,no_screening_flag,E3_zero_central_tail,0.056312,-38.115,0.7894736842105263,0.04445684210526316
通州区,2017,7.8,no_screening_flag,E3_zero_central_tail,0.056312,-38.115,0.8421052631578947,0.04742063157894737
通州区,2018,7.3,no_screening_flag,E3_zero_central_tail,0.437462,0.0,0.8947368421052632,0.3914133684210527
通州区,2019,8.2,no_screening_flag,E3_zero_central_tail,0.056312,-38.115,0.9473684210526316,0.0533482105263158
通州区,2020,7.8,no_screening_flag,E3_zero_central_tail,0.056312,-38.115,1.0,0.056312
门头沟区,2000,19.3,no_screening_flag,E3_zero_central_tail,0.0,0.0,0.5294117647058824,0.0
门头沟区,2001,19.9,no_screening_flag,E3_zero_central_tail,0.0,0.0,0.5941176470588235,0.0
门头沟区,2002,19.7,bulletin_marked_draft;cross_report_value_disagreement,E3_zero_central_tail,0.0,0.0,0.6588235294117647,0.0
门头沟区,2003,19.9,low_resolution_photographed_chart;source_chart_city_control_disagreement,E3_zero_central_tail,0.0,0.0,0.7235294117647059,0.0
门头沟区,2004,19.6,low_resolution_photographed_chart;source_chart_city_control_disagreement,E3_zero_central_tail,0.0,0.0,0.788235294117647,0.0
门头沟区,2005,20.0,low_resolution_photographed_chart,E3_zero_central_tail,0.0,0.0,0.8529411764705882,0.0
门头沟区,2006,19.0,low_resolution_photographed_chart,E3_zero_central_tail,0.0,0.0,0.8588235294117647,0.0
门头沟区,2007,19.8,low_resolution_photographed_chart,E3_zero_central_tail,0.0,0.0,0.8647058823529411,0.0
门头沟区,2008,20.1,no_screening_flag,E3_zero_central_tail,0.0,0.0,0.8705882352941177,0.0
门头沟区,2009,20.5,no_screening_flag,E3_zero_central_tail,0.0,0.0,0.8764705882352941,0.0
门头沟区,2010,20.7,no_screening_flag,E3_zero_central_tail,0.0,0.0,0.8823529411764706,0.0
门头沟区,2011,20.0,no_screening_flag,E3_zero_central_tail,0.0,0.0,0.9058823529411764,0.0
门头沟区,2012,19.4,no_screening_flag,E3_zero_central_tail,0.0,0.0,0.9294117647058824,0.0
门头沟区,2013,21.5,no_screening_flag,E3_zero_central_tail,0.0,0.0,0.9529411764705882,0.0
门头沟区,2014,23.3,no_screening_flag,E3_zero_central_tail,0.0,0.0,0.976470588235294,0.0
门头沟区,2015,23.0,no_screening_flag,E3_zero_central_tail,0.0,0.0,1.0,0.0
门头沟区,2016,20.0,no_screening_flag,E3_zero_central_tail,0.0,0.0,1.0,0.0
门头沟区,2017,16.7,no_screening_flag,E3_zero_central_tail,0.022179,0.0,1.0,0.022179
门头沟区,2018,17.0,cross_report_value_disagreement,E3_zero_central_tail,0.022179,0.0,1.0,0.022179
门头沟区,2019,38.2,large_year_to_year_change_gt5m,E3_zero_central_tail,0.0,0.0,1.0,0.0
门头沟区,2020,35.8,no_screening_flag,E3_zero_central_tail,0.0,0.0,1.0,0.0
顺义区,2000,16.8,no_screening_flag,E3_zero_central_tail,0.0,0.0,0.9285714285714286,0.0
顺义区,2001,17.5,no_screening_flag,E3_zero_central_tail,0.0,0.0,0.9285714285714286,0.0
顺义区,2002,18.7,bulletin_marked_draft,E3_zero_central_tail,0.0,0.0,0.9285714285714286,0.0
顺义区,2003,19.1,low_resolution_photographed_chart;source_chart_city_control_disagreement,E3_zero_central_tail,0.0,0.0,0.9285714285714286,0.0
顺义区,2004,22.3,low_resolution_photographed_chart;source_chart_city_control_disagreement,E3_zero_central_tail,0.0,0.0,0.9285714285714286,0.0
顺义区,2005,24.4,low_resolution_photographed_chart,E3_zero_central_tail,0.0,0.0,0.9285714285714286,0.0
顺义区,2006,26.2,low_resolution_photographed_chart,E3_zero_central_tail,0.0,0.0,0.9333333333333332,0.0
顺义区,2007,28.2,low_resolution_photographed_chart,E3_zero_central_tail,0.0,0.0,0.938095238095238,0.0
顺义区,2008,29.0,no_screening_flag,E3_zero_central_tail,0.0,0.0,0.9428571428571428,0.0
顺义区,2009,30.4,no_screening_flag,E3_zero_central_tail,0.0,0.0,0.9476190476190476,0.0
顺义区,2010,31.6,no_screening_flag,E3_zero_central_tail,0.0,0.0,0.9523809523809524,0.0
顺义区,2011,32.4,no_screening_flag,E3_zero_central_tail,0.0,0.0,0.9619047619047618,0.0
顺义区,2012,32.4,no_screening_flag,E3_zero_central_tail,0.0,0.0,0.9714285714285714,0.0
顺义区,2013,33.4,no_screening_flag,E3_zero_central_tail,0.0,0.0,0.9809523809523808,0.0
顺义区,2014,34.4,no_screening_flag,E3_zero_central_tail,0.0,0.0,0.9904761904761904,0.0
顺义区,2015,34.3,no_screening_flag,E3_zero_central_tail,0.0,0.0,1.0,0.0
顺义区,2016,33.7,no_screening_flag,E3_zero_central_tail,0.0,0.0,1.0,0.0
顺义区,2017,34.1,no_screening_flag,E3_zero_central_tail,0.0,0.0,1.0,0.0
顺义区,2018,33.3,no_screening_flag,E3_zero_central_tail,0.0,0.0,1.0,0.0
顺义区,2019,32.2,no_screening_flag,E3_zero_central_tail,0.0,0.0,1.0,0.0
顺义区,2020,29.3,no_screening_flag,E3_zero_central_tail,0.0,0.0,1.0,0.0
大兴区,2000,11.7,no_screening_flag,E3_p03_extend,0.009993,-7.7494,0.3091787439613526,0.0030896231884057963
大兴区,2001,12.6,no_screening_flag,E3_p03_extend,0.009993,-7.7494,0.3690821256038647,0.00368823768115942
大兴区,2002,13.2,bulletin_marked_draft;cross_report_value_disagreement,E3_p03_extend,0.009993,0.0,0.4289855072463768,0.0042868521739130435
大兴区,2003,13.9,low_resolution_photographed_chart;source_chart_city_control_disagreement,E3_p03_extend,0.009993,0.0,0.4888888888888889,0.004885466666666667
大兴区,2004,15.0,low_resolution_photographed_chart;source_chart_city_control_disagreement,E3_p03_extend,0.009993,0.0,0.548792270531401,0.00548408115942029
大兴区,2005,15.9,low_resolution_photographed_chart,E3_p03_extend,0.0,-0.9993,0.6086956521739131,0.0
大兴区,2006,17.3,low_resolution_photographed_chart,E3_p03_extend,0.0,0.0,0.6328502415458938,0.0
大兴区,2007,17.9,low_resolution_photographed_chart,E3_p03_extend,0.0,0.0,0.6570048309178744,0.0
大兴区,2008,18.6,no_screening_flag,E3_p03_extend,0.0,0.0,0.6811594202898551,0.0
大兴区,2009,19.3,no_screening_flag,E3_p03_extend,0.0,0.0,0.7053140096618358,0.0
大兴区,2010,18.8,no_screening_flag,E3_p03_extend,0.0,0.0,0.7294685990338164,0.0
大兴区,2011,18.9,no_screening_flag,E3_p03_extend,0.0,0.0,0.7323671497584541,0.0
大兴区,2012,17.9,no_screening_flag,E3_p03_extend,0.0,0.0,0.7352657004830918,0.0
大兴区,2013,17.8,no_screening_flag,E3_p03_extend,0.0,0.0,0.7381642512077294,0.0
大兴区,2014,19.0,no_screening_flag,E3_p03_extend,0.0,0.0,0.7410628019323672,0.0
大兴区,2015,18.7,no_screening_flag,E3_p03_extend,0.0,0.0,0.7439613526570048,0.0
大兴区,2016,17.8,no_screening_flag,E3_p03_extend,0.0,0.0,0.7951690821256039,0.0
大兴区,2017,17.9,no_screening_flag,E3_p03_extend,0.0,0.0,0.8463768115942029,0.0
大兴区,2018,17.9,no_screening_flag,E3_p03_extend,0.0,0.0,0.8975845410628019,0.0
大兴区,2019,17.8,no_screening_flag,E3_p03_extend,0.0,0.0,0.9487922705314008,0.0
大兴区,2020,16.8,no_screening_flag,E3_p03_extend,0.0,-0.9993,1.0,0.0
密云区,2000,19.3,no_screening_flag,E3_p03_extend,0.0,0.0,0.53125,0.0
密云区,2001,22.0,bulletin_marked_draft;primary_figure_occluded_used_alternate_source,E3_p03_extend,0.0,0.0,0.58125,0.0
密云区,2002,22.7,bulletin_marked_draft;cross_report_value_disagreement,E3_p03_extend,0.0,0.0,0.63125,0.0
密云区,2003,24.2,cross_report_value_disagreement;low_resolution_photographed_chart;source_chart_city_control_disagreement,E3_p03_extend,0.0,0.0,0.68125,0.0
密云区,2004,25.5,low_resolution_photographed_chart;source_chart_city_control_disagreement,E3_p03_extend,0.0,0.0,0.73125,0.0
密云区,2005,25.4,low_resolution_photographed_chart,E3_p03_extend,0.0,0.0,0.78125,0.0
密云区,2006,26.1,low_resolution_photographed_chart,E3_p03_extend,0.0,0.0,0.78125,0.0
密云区,2007,28.0,low_resolution_photographed_chart,E3_p03_extend,0.0,0.0,0.78125,0.0
密云区,2008,28.2,no_screening_flag,E3_p03_extend,0.0,0.0,0.78125,0.0
密云区,2009,28.9,no_screening_flag,E3_p03_extend,0.0,0.0,0.78125,0.0
密云区,2010,29.9,no_screening_flag,E3_p03_extend,0.0,0.0,0.78125,0.0
密云区,2011,29.5,no_screening_flag,E3_p03_extend,0.0,0.0,0.78125,0.0
密云区,2012,28.7,no_screening_flag,E3_p03_extend,0.0,0.0,0.78125,0.0
密云区,2013,29.8,no_screening_flag,E3_p03_extend,0.0,0.0,0.78125,0.0
密云区,2014,30.4,no_screening_flag,E3_p03_extend,0.0,0.0,0.78125,0.0
密云区,2015,30.6,no_screening_flag,E3_p03_extend,0.0,0.0,0.78125,0.0
密云区,2016,29.7,no_screening_flag,E3_p03_extend,0.0,0.0,0.825,0.0
密云区,2017,31.3,no_screening_flag,E3_p03_extend,0.0,0.0,0.86875,0.0
密云区,2018,24.9,large_year_to_year_change_gt5m,E3_p03_extend,0.0,0.0,0.9125,0.0
密云区,2019,24.8,no_screening_flag,E3_p03_extend,0.0,0.0,0.95625,0.0
密云区,2020,25.2,no_screening_flag,E3_p03_extend,0.0,0.0,1.0,0.0
平谷区,2000,19.6,no_screening_flag,E3_p03_extend,0.0,0.0,0.75,0.0
平谷区,2001,17.9,no_screening_flag,E3_p03_extend,0.0,0.0,0.7833333333333333,0.0
平谷区,2002,20.7,bulletin_marked_draft;cross_report_value_disagreement,E3_p03_extend,0.0,0.0,0.8166666666666667,0.0
平谷区,2003,20.6,cross_report_value_disagreement;low_resolution_photographed_chart;source_chart_city_control_disagreement,E3_p03_extend,0.0,0.0,0.85,0.0
平谷区,2004,23.0,low_resolution_photographed_chart;source_chart_city_control_disagreement,E3_p03_extend,0.0,0.0,0.8833333333333333,0.0
平谷区,2005,26.0,low_resolution_photographed_chart,E3_p03_extend,0.0,0.0,0.9166666666666666,0.0
平谷区,2006,29.8,cross_report_value_disagreement;low_resolution_photographed_chart,E3_p03_extend,0.0,0.0,0.9333333333333332,0.0
平谷区,2007,33.2,low_resolution_photographed_chart,E3_p03_extend,0.0,0.0,0.95,0.0
平谷区,2008,34.6,no_screening_flag,E3_p03_extend,0.0,0.0,0.9666666666666668,0.0
平谷区,2009,37.7,no_screening_flag,E3_p03_extend,0.0,0.0,0.9833333333333332,0.0
平谷区,2010,39.4,no_screening_flag,E3_p03_extend,0.0,0.0,1.0,0.0
平谷区,2011,39.4,no_screening_flag,E3_p03_extend,0.0,0.0,1.0,0.0
平谷区,2012,37.3,no_screening_flag,E3_p03_extend,0.0,0.0,1.0,0.0
平谷区,2013,36.9,no_screening_flag,E3_p03_extend,0.0,0.0,1.0,0.0
平谷区,2014,40.5,no_screening_flag,E3_p03_extend,0.0,0.0,1.0,0.0
平谷区,2015,41.8,no_screening_flag,E3_p03_extend,0.0,0.0,1.0,0.0
平谷区,2016,42.4,no_screening_flag,E3_p03_extend,0.0,0.0,1.0,0.0
平谷区,2017,42.0,no_screening_flag,E3_p03_extend,0.0,0.0,1.0,0.0
平谷区,2018,32.8,large_year_to_year_change_gt5m,E3_p03_extend,0.0,0.0,1.0,0.0
平谷区,2019,33.8,no_screening_flag,E3_p03_extend,0.0,0.0,1.0,0.0
平谷区,2020,35.8,no_screening_flag,E3_p03_extend,0.0,0.0,1.0,0.0
延庆区,2000,8.4,no_screening_flag,E3_p03_extend,0.020419,-16.2319,0.6666666666666666,0.013612666666666665
延庆区,2001,8.2,no_screening_flag,E3_p03_extend,0.020419,-16.2319,0.6888888888888889,0.014066422222222222
延庆区,2002,8.3,bulletin_marked_draft;cross_report_value_disagreement,E3_p03_extend,0.020419,-16.2319,0.7111111111111111,0.014520177777777778
延庆区,2003,8.6,low_resolution_photographed_chart;source_chart_city_control_disagreement,E3_p03_extend,0.020419,-16.2319,0.7333333333333333,0.014973933333333331
延庆区,2004,8.5,low_resolution_photographed_chart;source_chart_city_control_disagreement,E3_p03_extend,0.020419,-16.2319,0.7555555555555555,0.015427688888888888
延庆区,2005,8.7,low_resolution_photographed_chart,E3_p03_extend,0.020419,-16.2319,0.7777777777777778,0.015881444444444445
延庆区,2006,8.4,low_resolution_photographed_chart,E3_p03_extend,0.020419,-16.2319,0.7777777777777778,0.015881444444444445
延庆区,2007,9.0,low_resolution_photographed_chart,E3_p03_extend,0.020419,-16.2319,0.7777777777777778,0.015881444444444445
延庆区,2008,8.8,no_screening_flag,E3_p03_extend,0.020419,-16.2319,0.7777777777777778,0.015881444444444445
延庆区,2009,9.2,no_screening_flag,E3_p03_extend,0.020419,0.0,0.7777777777777778,0.015881444444444445
延庆区,2010,9.3,no_screening_flag,E3_p03_extend,0.020419,0.0,0.7777777777777778,0.015881444444444445
延庆区,2011,9.3,no_screening_flag,E3_p03_extend,0.020419,0.0,0.7777777777777778,0.015881444444444445
延庆区,2012,9.2,no_screening_flag,E3_p03_extend,0.020419,0.0,0.7777777777777778,0.015881444444444445
延庆区,2013,9.3,no_screening_flag,E3_p03_extend,0.020419,0.0,0.7777777777777778,0.015881444444444445
延庆区,2014,10.4,no_screening_flag,E3_p03_extend,0.020419,0.0,0.7777777777777778,0.015881444444444445
延庆区,2015,10.4,no_screening_flag,E3_p03_extend,0.020419,0.0,0.7777777777777778,0.015881444444444445
延庆区,2016,9.8,no_screening_flag,E3_p03_extend,0.020419,0.0,0.8222222222222222,0.016788955555555554
延庆区,2017,10.0,no_screening_flag,E3_p03_extend,0.020419,0.0,0.8666666666666667,0.017696466666666667
延庆区,2018,9.7,no_screening_flag,E3_p03_extend,0.020419,0.0,0.9111111111111112,0.01860397777777778
延庆区,2019,9.8,no_screening_flag,E3_p03_extend,0.020419,0.0,0.9555555555555556,0.01951148888888889
延庆区,2020,7.2,no_screening_flag,E3_p03_extend,0.18273799999999998,0.0,1.0,0.18273799999999998
怀柔区,2000,6.9,no_screening_flag,E3_p03_extend,0.387258,0.0,0.5714285714285714,0.2212902857142857
怀柔区,2001,7.7,no_screening_flag,E3_p03_extend,0.031538,-35.571999999999996,0.638095238095238,0.020124247619047617
怀柔区,2002,10.4,bulletin_marked_draft;cross_report_value_disagreement,E3_p03_extend,0.031538,0.0,0.7047619047619047,0.022226780952380946
怀柔区,2003,11.7,low_resolution_photographed_chart;source_chart_city_control_disagreement,E3_p03_extend,0.0,-3.1537999999999995,0.7714285714285714,0.0
怀柔区,2004,14.1,low_resolution_photographed_chart;source_chart_city_control_disagreement,E3_p03_extend,0.0,0.0,0.8380952380952381,0.0
怀柔区,2005,15.9,low_resolution_photographed_chart,E3_p03_extend,0.0,0.0,0.9047619047619048,0.0
怀柔区,2006,16.7,low_resolution_photographed_chart,E3_p03_extend,0.0,0.0,0.9142857142857144,0.0
怀柔区,2007,19.2,low_resolution_photographed_chart,E3_p03_extend,0.0,0.0,0.9238095238095236,0.0
怀柔区,2008,19.7,no_screening_flag,E3_p03_extend,0.0,0.0,0.9333333333333332,0.0
怀柔区,2009,20.1,no_screening_flag,E3_p03_extend,0.0,0.0,0.9428571428571428,0.0
怀柔区,2010,21.3,no_screening_flag,E3_p03_extend,0.0,0.0,0.9523809523809524,0.0
怀柔区,2011,22.3,no_screening_flag,E3_p03_extend,0.0,0.0,0.9523809523809524,0.0
怀柔区,2012,21.2,no_screening_flag,E3_p03_extend,0.0,0.0,0.9523809523809524,0.0
怀柔区,2013,21.5,no_screening_flag,E3_p03_extend,0.0,0.0,0.9523809523809524,0.0
怀柔区,2014,22.6,no_screening_flag,E3_p03_extend,0.0,0.0,0.9523809523809524,0.0
怀柔区,2015,22.3,no_screening_flag,E3_p03_extend,0.0,0.0,0.9523809523809524,0.0
怀柔区,2016,21.6,no_screening_flag,E3_p03_extend,0.0,0.0,0.9619047619047618,0.0
怀柔区,2017,21.2,no_screening_flag,E3_p03_extend,0.0,0.0,0.9714285714285714,0.0
怀柔区,2018,17.3,no_screening_flag,E3_p03_extend,0.0,0.0,0.9809523809523808,0.0
怀柔区,2019,15.8,no_screening_flag,E3_p03_extend,0.0,0.0,0.9904761904761904,0.0
怀柔区,2020,16.3,no_screening_flag,E3_p03_extend,0.0,0.0,1.0,0.0
房山区,2000,10.4,no_screening_flag,E3_p03_extend,0.09858,0.0,0.6973684210526315,0.06874657894736842
房山区,2001,12.0,no_screening_flag,E3_p03_extend,0.0,-9.858,0.7210526315789473,0.0
房山区,2002,11.7,bulletin_marked_draft;cross_report_value_disagreement,E3_p03_extend,0.0,-9.858,0.7447368421052631,0.0
房山区,2003,11.1,low_resolution_photographed_chart;source_chart_city_control_disagreement,E3_p03_extend,0.09858,0.0,0.7684210526315789,0.07575094736842104
房山区,2004,11.4,low_resolution_photographed_chart;source_chart_city_control_disagreement,E3_p03_extend,0.09858,0.0,0.7921052631578948,0.07808573684210526
房山区,2005,20.0,large_year_to_year_change_gt5m;low_resolution_photographed_chart,E3_p03_extend,0.0,0.0,0.8157894736842105,0.0
房山区,2006,11.8,large_year_to_year_change_gt5m;low_resolution_photographed_chart,E3_p03_extend,0.0,-9.858,0.85,0.0
房山区,2007,11.6,low_resolution_photographed_chart,E3_p03_extend,0.0,-9.858,0.8842105263157894,0.0
房山区,2008,11.1,no_screening_flag,E3_p03_extend,0.09858,0.0,0.9184210526315788,0.09053794736842104
房山区,2009,11.6,no_screening_flag,E3_p03_extend,0.0,-9.858,0.9526315789473684,0.0
房山区,2010,12.6,no_screening_flag,E3_p03_extend,0.0,-9.858,0.986842105263158,0.0
房山区,2011,10.7,no_screening_flag,E3_p03_extend,0.09858,0.0,0.9894736842105264,0.0975423157894737
房山区,2012,8.4,no_screening_flag,E3_p03_extend,0.09858,-39.2446,0.9921052631578948,0.09780173684210527
房山区,2013,8.9,no_screening_flag,E3_p03_extend,0.09858,-39.2446,0.9947368421052633,0.09806115789473685
房山区,2014,10.2,no_screening_flag,E3_p03_extend,0.09858,0.0,0.9973684210526316,0.09832057894736843
房山区,2015,10.6,no_screening_flag,E3_p03_extend,0.09858,0.0,1.0,0.09858
房山区,2016,9.0,no_screening_flag,E3_p03_extend,0.09858,-39.2446,1.0,0.09858
房山区,2017,9.3,no_screening_flag,E3_p03_extend,0.09858,0.0,1.0,0.09858
房山区,2018,9.6,no_screening_flag,E3_p03_extend,0.09858,0.0,1.0,0.09858
房山区,2019,10.5,no_screening_flag,E3_p03_extend,0.09858,0.0,1.0,0.09858
房山区,2020,8.6,no_screening_flag,E3_p03_extend,0.09858,-39.2446,1.0,0.09858
昌平区,2000,15.9,no_screening_flag,E3_p03_extend,0.0,-0.1292,0.6014492753623188,0.0
昌平区,2001,17.4,no_screening_flag,E3_p03_extend,0.0,0.0,0.6434782608695653,0.0
昌平区,2002,19.1,bulletin_marked_draft,E3_p03_extend,0.0,0.0,0.6855072463768116,0.0
昌平区,2003,18.5,cross_report_value_disagreement;low_resolution_photographed_chart;source_chart_city_control_disagreement,E3_p03_extend,0.0,0.0,0.727536231884058,0.0
昌平区,2004,21.1,low_resolution_photographed_chart;source_chart_city_control_disagreement,E3_p03_extend,0.0,0.0,0.7695652173913043,0.0
昌平区,2005,22.7,low_resolution_photographed_chart,E3_p03_extend,0.0,0.0,0.8115942028985508,0.0
昌平区,2006,23.1,low_resolution_photographed_chart,E3_p03_extend,0.0,0.0,0.846376811594203,0.0
昌平区,2007,25.3,low_resolution_photographed_chart,E3_p03_extend,0.0,0.0,0.8811594202898552,0.0
昌平区,2008,26.3,no_screening_flag,E3_p03_extend,0.0,0.0,0.9159420289855073,0.0
昌平区,2009,27.5,no_screening_flag,E3_p03_extend,0.0,0.0,0.9507246376811594,0.0
昌平区,2010,29.3,no_screening_flag,E3_p03_extend,0.0,0.0,0.9855072463768116,0.0
昌平区,2011,29.9,no_screening_flag,E3_p03_extend,0.0,0.0,0.9884057971014492,0.0
昌平区,2012,30.2,no_screening_flag,E3_p03_extend,0.0,0.0,0.991304347826087,0.0
昌平区,2013,31.3,no_screening_flag,E3_p03_extend,0.0,0.0,0.9942028985507246,0.0
昌平区,2014,32.3,no_screening_flag,E3_p03_extend,0.0,0.0,0.9971014492753624,0.0
昌平区,2015,32.3,no_screening_flag,E3_p03_extend,0.0,0.0,1.0,0.0
昌平区,2016,30.7,no_screening_flag,E3_p03_extend,0.0,0.0,1.0,0.0
昌平区,2017,30.2,no_screening_flag,E3_p03_extend,0.0,0.0,1.0,0.0
昌平区,2018,29.4,no_screening_flag,E3_p03_extend,0.0,0.0,1.0,0.0
昌平区,2019,28.8,no_screening_flag,E3_p03_extend,0.0,0.0,1.0,0.0
昌平区,2020,27.1,no_screening_flag,E3_p03_extend,0.0,0.0,1.0,0.0
通州区,2000,5.7,no_screening_flag,E3_p03_extend,0.437462,0.0,0.4421052631578947,0.19340425263157895
通州区,2001,6.4,no_screening_flag,E3_p03_extend,0.437462,0.0,0.4694736842105263,0.20537689684210528
通州区,2002,6.4,bulletin_marked_draft;cross_report_value_disagreement,E3_p03_extend,0.437462,0.0,0.4968421052631579,0.2173495410526316
通州区,2003,7.0,low_resolution_photographed_chart;source_chart_city_control_disagreement,E3_p03_extend,0.437462,0.0,0.5242105263157895,0.2293221852631579
通州区,2004,7.5,low_resolution_photographed_chart;source_chart_city_control_disagreement,E3_p03_extend,0.056312,-38.115,0.5515789473684211,0.031060513684210526
通州区,2005,8.1,low_resolution_photographed_chart,E3_p03_extend,0.056312,-38.115,0.5789473684210527,0.03260168421052632
通州区,2006,7.6,low_resolution_photographed_chart,E3_p03_extend,0.056312,-38.115,0.6063157894736843,0.03414285473684211
通州区,2007,7.5,low_resolution_photographed_chart,E3_p03_extend,0.056312,-38.115,0.6336842105263158,0.0356840252631579
通州区,2008,7.6,no_screening_flag,E3_p03_extend,0.056312,-38.115,0.6610526315789473,0.03722519578947368
通州区,2009,7.2,no_screening_flag,E3_p03_extend,0.437462,0.0,0.6884210526315789,0.3011580505263158
通州区,2010,7.4,no_screening_flag,E3_p03_extend,0.056312,-38.115,0.7157894736842105,0.040307536842105265
通州区,2011,7.1,no_screening_flag,E3_p03_extend,0.437462,0.0,0.72,0.31497264
通州区,2012,6.6,no_screening_flag,E3_p03_extend,0.437462,0.0,0.7242105263157894,0.31681458526315787
通州区,2013,6.8,no_screening_flag,E3_p03_extend,0.437462,0.0,0.728421052631579,0.3186565305263158
通州区,2014,7.5,no_screening_flag,E3_p03_extend,0.056312,-38.115,0.7326315789473684,0.04125594947368421
通州区,2015,8.1,no_screening_flag,E3_p03_extend,0.056312,-38.115,0.7368421052631579,0.041493052631578944
通州区,2016,7.6,no_screening_flag,E3_p03_extend,0.056312,-38.115,0.7894736842105263,0.04445684210526316
通州区,2017,7.8,no_screening_flag,E3_p03_extend,0.056312,-38.115,0.8421052631578947,0.04742063157894737
通州区,2018,7.3,no_screening_flag,E3_p03_extend,0.056312,-38.115,0.8947368421052632,0.05038442105263158
通州区,2019,8.2,no_screening_flag,E3_p03_extend,0.056312,-38.115,0.9473684210526316,0.0533482105263158
通州区,2020,7.8,no_screening_flag,E3_p03_extend,0.056312,-38.115,1.0,0.056312
门头沟区,2000,19.3,no_screening_flag,E3_p03_extend,0.0,0.0,0.5294117647058824,0.0
门头沟区,2001,19.9,no_screening_flag,E3_p03_extend,0.0,0.0,0.5941176470588235,0.0
门头沟区,2002,19.7,bulletin_marked_draft;cross_report_value_disagreement,E3_p03_extend,0.0,0.0,0.6588235294117647,0.0
门头沟区,2003,19.9,low_resolution_photographed_chart;source_chart_city_control_disagreement,E3_p03_extend,0.0,0.0,0.7235294117647059,0.0
门头沟区,2004,19.6,low_resolution_photographed_chart;source_chart_city_control_disagreement,E3_p03_extend,0.0,0.0,0.788235294117647,0.0
门头沟区,2005,20.0,low_resolution_photographed_chart,E3_p03_extend,0.0,0.0,0.8529411764705882,0.0
门头沟区,2006,19.0,low_resolution_photographed_chart,E3_p03_extend,0.0,0.0,0.8588235294117647,0.0
门头沟区,2007,19.8,low_resolution_photographed_chart,E3_p03_extend,0.0,0.0,0.8647058823529411,0.0
门头沟区,2008,20.1,no_screening_flag,E3_p03_extend,0.0,0.0,0.8705882352941177,0.0
门头沟区,2009,20.5,no_screening_flag,E3_p03_extend,0.0,0.0,0.8764705882352941,0.0
门头沟区,2010,20.7,no_screening_flag,E3_p03_extend,0.0,0.0,0.8823529411764706,0.0
门头沟区,2011,20.0,no_screening_flag,E3_p03_extend,0.0,0.0,0.9058823529411764,0.0
门头沟区,2012,19.4,no_screening_flag,E3_p03_extend,0.0,0.0,0.9294117647058824,0.0
门头沟区,2013,21.5,no_screening_flag,E3_p03_extend,0.0,0.0,0.9529411764705882,0.0
门头沟区,2014,23.3,no_screening_flag,E3_p03_extend,0.0,0.0,0.976470588235294,0.0
门头沟区,2015,23.0,no_screening_flag,E3_p03_extend,0.0,0.0,1.0,0.0
门头沟区,2016,20.0,no_screening_flag,E3_p03_extend,0.0,0.0,1.0,0.0
门头沟区,2017,16.7,no_screening_flag,E3_p03_extend,0.0,-2.2179,1.0,0.0
门头沟区,2018,17.0,cross_report_value_disagreement,E3_p03_extend,0.0,-2.2179,1.0,0.0
门头沟区,2019,38.2,large_year_to_year_change_gt5m,E3_p03_extend,0.0,0.0,1.0,0.0
门头沟区,2020,35.8,no_screening_flag,E3_p03_extend,0.0,0.0,1.0,0.0
顺义区,2000,16.8,no_screening_flag,E3_p03_extend,0.0,0.0,0.9285714285714286,0.0
顺义区,2001,17.5,no_screening_flag,E3_p03_extend,0.0,0.0,0.9285714285714286,0.0
顺义区,2002,18.7,bulletin_marked_draft,E3_p03_extend,0.0,0.0,0.9285714285714286,0.0
顺义区,2003,19.1,low_resolution_photographed_chart;source_chart_city_control_disagreement,E3_p03_extend,0.0,0.0,0.9285714285714286,0.0
顺义区,2004,22.3,low_resolution_photographed_chart;source_chart_city_control_disagreement,E3_p03_extend,0.0,0.0,0.9285714285714286,0.0
顺义区,2005,24.4,low_resolution_photographed_chart,E3_p03_extend,0.0,0.0,0.9285714285714286,0.0
顺义区,2006,26.2,low_resolution_photographed_chart,E3_p03_extend,0.0,0.0,0.9333333333333332,0.0
顺义区,2007,28.2,low_resolution_photographed_chart,E3_p03_extend,0.0,0.0,0.938095238095238,0.0
顺义区,2008,29.0,no_screening_flag,E3_p03_extend,0.0,0.0,0.9428571428571428,0.0
顺义区,2009,30.4,no_screening_flag,E3_p03_extend,0.0,0.0,0.9476190476190476,0.0
顺义区,2010,31.6,no_screening_flag,E3_p03_extend,0.0,0.0,0.9523809523809524,0.0
顺义区,2011,32.4,no_screening_flag,E3_p03_extend,0.0,0.0,0.9619047619047618,0.0
顺义区,2012,32.4,no_screening_flag,E3_p03_extend,0.0,0.0,0.9714285714285714,0.0
顺义区,2013,33.4,no_screening_flag,E3_p03_extend,0.0,0.0,0.9809523809523808,0.0
顺义区,2014,34.4,no_screening_flag,E3_p03_extend,0.0,0.0,0.9904761904761904,0.0
顺义区,2015,34.3,no_screening_flag,E3_p03_extend,0.0,0.0,1.0,0.0
顺义区,2016,33.7,no_screening_flag,E3_p03_extend,0.0,0.0,1.0,0.0
顺义区,2017,34.1,no_screening_flag,E3_p03_extend,0.0,0.0,1.0,0.0
顺义区,2018,33.3,no_screening_flag,E3_p03_extend,0.0,0.0,1.0,0.0
顺义区,2019,32.2,no_screening_flag,E3_p03_extend,0.0,0.0,1.0,0.0
顺义区,2020,29.3,no_screening_flag,E3_p03_extend,0.0,0.0,1.0,0.0
大兴区,2000,11.7,no_screening_flag,E3_p03_central_tail,0.087487,0.0,0.3091787439613526,0.027049120772946852
大兴区,2001,12.6,no_screening_flag,E3_p03_central_tail,0.087487,0.0,0.3690821256038647,0.03228988792270531
大兴区,2002,13.2,bulletin_marked_draft;cross_report_value_disagreement,E3_p03_central_tail,0.009993,0.0,0.4289855072463768,0.0042868521739130435
大兴区,2003,13.9,low_resolution_photographed_chart;source_chart_city_control_disagreement,E3_p03_central_tail,0.009993,0.0,0.4888888888888889,0.004885466666666667
大兴区,2004,15.0,low_resolution_photographed_chart;source_chart_city_control_disagreement,E3_p03_central_tail,0.009993,0.0,0.548792270531401,0.00548408115942029
大兴区,2005,15.9,low_resolution_photographed_chart,E3_p03_central_tail,0.009993,0.0,0.6086956521739131,0.006082695652173914
大兴区,2006,17.3,low_resolution_photographed_chart,E3_p03_central_tail,0.0,0.0,0.6328502415458938,0.0
大兴区,2007,17.9,low_resolution_photographed_chart,E3_p03_central_tail,0.0,0.0,0.6570048309178744,0.0
大兴区,2008,18.6,no_screening_flag,E3_p03_central_tail,0.0,0.0,0.6811594202898551,0.0
大兴区,2009,19.3,no_screening_flag,E3_p03_central_tail,0.0,0.0,0.7053140096618358,0.0
大兴区,2010,18.8,no_screening_flag,E3_p03_central_tail,0.0,0.0,0.7294685990338164,0.0
大兴区,2011,18.9,no_screening_flag,E3_p03_central_tail,0.0,0.0,0.7323671497584541,0.0
大兴区,2012,17.9,no_screening_flag,E3_p03_central_tail,0.0,0.0,0.7352657004830918,0.0
大兴区,2013,17.8,no_screening_flag,E3_p03_central_tail,0.0,0.0,0.7381642512077294,0.0
大兴区,2014,19.0,no_screening_flag,E3_p03_central_tail,0.0,0.0,0.7410628019323672,0.0
大兴区,2015,18.7,no_screening_flag,E3_p03_central_tail,0.0,0.0,0.7439613526570048,0.0
大兴区,2016,17.8,no_screening_flag,E3_p03_central_tail,0.0,0.0,0.7951690821256039,0.0
大兴区,2017,17.9,no_screening_flag,E3_p03_central_tail,0.0,0.0,0.8463768115942029,0.0
大兴区,2018,17.9,no_screening_flag,E3_p03_central_tail,0.0,0.0,0.8975845410628019,0.0
大兴区,2019,17.8,no_screening_flag,E3_p03_central_tail,0.0,0.0,0.9487922705314008,0.0
大兴区,2020,16.8,no_screening_flag,E3_p03_central_tail,0.009993,0.0,1.0,0.009993
密云区,2000,19.3,no_screening_flag,E3_p03_central_tail,0.0,0.0,0.53125,0.0
密云区,2001,22.0,bulletin_marked_draft;primary_figure_occluded_used_alternate_source,E3_p03_central_tail,0.0,0.0,0.58125,0.0
密云区,2002,22.7,bulletin_marked_draft;cross_report_value_disagreement,E3_p03_central_tail,0.0,0.0,0.63125,0.0
密云区,2003,24.2,cross_report_value_disagreement;low_resolution_photographed_chart;source_chart_city_control_disagreement,E3_p03_central_tail,0.0,0.0,0.68125,0.0
密云区,2004,25.5,low_resolution_photographed_chart;source_chart_city_control_disagreement,E3_p03_central_tail,0.0,0.0,0.73125,0.0
密云区,2005,25.4,low_resolution_photographed_chart,E3_p03_central_tail,0.0,0.0,0.78125,0.0
密云区,2006,26.1,low_resolution_photographed_chart,E3_p03_central_tail,0.0,0.0,0.78125,0.0
密云区,2007,28.0,low_resolution_photographed_chart,E3_p03_central_tail,0.0,0.0,0.78125,0.0
密云区,2008,28.2,no_screening_flag,E3_p03_central_tail,0.0,0.0,0.78125,0.0
密云区,2009,28.9,no_screening_flag,E3_p03_central_tail,0.0,0.0,0.78125,0.0
密云区,2010,29.9,no_screening_flag,E3_p03_central_tail,0.0,0.0,0.78125,0.0
密云区,2011,29.5,no_screening_flag,E3_p03_central_tail,0.0,0.0,0.78125,0.0
密云区,2012,28.7,no_screening_flag,E3_p03_central_tail,0.0,0.0,0.78125,0.0
密云区,2013,29.8,no_screening_flag,E3_p03_central_tail,0.0,0.0,0.78125,0.0
密云区,2014,30.4,no_screening_flag,E3_p03_central_tail,0.0,0.0,0.78125,0.0
密云区,2015,30.6,no_screening_flag,E3_p03_central_tail,0.0,0.0,0.78125,0.0
密云区,2016,29.7,no_screening_flag,E3_p03_central_tail,0.0,0.0,0.825,0.0
密云区,2017,31.3,no_screening_flag,E3_p03_central_tail,0.0,0.0,0.86875,0.0
密云区,2018,24.9,large_year_to_year_change_gt5m,E3_p03_central_tail,0.0,0.0,0.9125,0.0
密云区,2019,24.8,no_screening_flag,E3_p03_central_tail,0.0,0.0,0.95625,0.0
密云区,2020,25.2,no_screening_flag,E3_p03_central_tail,0.0,0.0,1.0,0.0
平谷区,2000,19.6,no_screening_flag,E3_p03_central_tail,0.0,0.0,0.75,0.0
平谷区,2001,17.9,no_screening_flag,E3_p03_central_tail,0.0,0.0,0.7833333333333333,0.0
平谷区,2002,20.7,bulletin_marked_draft;cross_report_value_disagreement,E3_p03_central_tail,0.0,0.0,0.8166666666666667,0.0
平谷区,2003,20.6,cross_report_value_disagreement;low_resolution_photographed_chart;source_chart_city_control_disagreement,E3_p03_central_tail,0.0,0.0,0.85,0.0
平谷区,2004,23.0,low_resolution_photographed_chart;source_chart_city_control_disagreement,E3_p03_central_tail,0.0,0.0,0.8833333333333333,0.0
平谷区,2005,26.0,low_resolution_photographed_chart,E3_p03_central_tail,0.0,0.0,0.9166666666666666,0.0
平谷区,2006,29.8,cross_report_value_disagreement;low_resolution_photographed_chart,E3_p03_central_tail,0.0,0.0,0.9333333333333332,0.0
平谷区,2007,33.2,low_resolution_photographed_chart,E3_p03_central_tail,0.0,0.0,0.95,0.0
平谷区,2008,34.6,no_screening_flag,E3_p03_central_tail,0.0,0.0,0.9666666666666668,0.0
平谷区,2009,37.7,no_screening_flag,E3_p03_central_tail,0.0,0.0,0.9833333333333332,0.0
平谷区,2010,39.4,no_screening_flag,E3_p03_central_tail,0.0,0.0,1.0,0.0
平谷区,2011,39.4,no_screening_flag,E3_p03_central_tail,0.0,0.0,1.0,0.0
平谷区,2012,37.3,no_screening_flag,E3_p03_central_tail,0.0,0.0,1.0,0.0
平谷区,2013,36.9,no_screening_flag,E3_p03_central_tail,0.0,0.0,1.0,0.0
平谷区,2014,40.5,no_screening_flag,E3_p03_central_tail,0.0,0.0,1.0,0.0
平谷区,2015,41.8,no_screening_flag,E3_p03_central_tail,0.0,0.0,1.0,0.0
平谷区,2016,42.4,no_screening_flag,E3_p03_central_tail,0.0,0.0,1.0,0.0
平谷区,2017,42.0,no_screening_flag,E3_p03_central_tail,0.0,0.0,1.0,0.0
平谷区,2018,32.8,large_year_to_year_change_gt5m,E3_p03_central_tail,0.0,0.0,1.0,0.0
平谷区,2019,33.8,no_screening_flag,E3_p03_central_tail,0.0,0.0,1.0,0.0
平谷区,2020,35.8,no_screening_flag,E3_p03_central_tail,0.0,0.0,1.0,0.0
延庆区,2000,8.4,no_screening_flag,E3_p03_central_tail,0.020419,-16.2319,0.6666666666666666,0.013612666666666665
延庆区,2001,8.2,no_screening_flag,E3_p03_central_tail,0.020419,-16.2319,0.6888888888888889,0.014066422222222222
延庆区,2002,8.3,bulletin_marked_draft;cross_report_value_disagreement,E3_p03_central_tail,0.020419,-16.2319,0.7111111111111111,0.014520177777777778
延庆区,2003,8.6,low_resolution_photographed_chart;source_chart_city_control_disagreement,E3_p03_central_tail,0.020419,-16.2319,0.7333333333333333,0.014973933333333331
延庆区,2004,8.5,low_resolution_photographed_chart;source_chart_city_control_disagreement,E3_p03_central_tail,0.020419,-16.2319,0.7555555555555555,0.015427688888888888
延庆区,2005,8.7,low_resolution_photographed_chart,E3_p03_central_tail,0.020419,-16.2319,0.7777777777777778,0.015881444444444445
延庆区,2006,8.4,low_resolution_photographed_chart,E3_p03_central_tail,0.020419,-16.2319,0.7777777777777778,0.015881444444444445
延庆区,2007,9.0,low_resolution_photographed_chart,E3_p03_central_tail,0.020419,-16.2319,0.7777777777777778,0.015881444444444445
延庆区,2008,8.8,no_screening_flag,E3_p03_central_tail,0.020419,-16.2319,0.7777777777777778,0.015881444444444445
延庆区,2009,9.2,no_screening_flag,E3_p03_central_tail,0.020419,0.0,0.7777777777777778,0.015881444444444445
延庆区,2010,9.3,no_screening_flag,E3_p03_central_tail,0.020419,0.0,0.7777777777777778,0.015881444444444445
延庆区,2011,9.3,no_screening_flag,E3_p03_central_tail,0.020419,0.0,0.7777777777777778,0.015881444444444445
延庆区,2012,9.2,no_screening_flag,E3_p03_central_tail,0.020419,0.0,0.7777777777777778,0.015881444444444445
延庆区,2013,9.3,no_screening_flag,E3_p03_central_tail,0.020419,0.0,0.7777777777777778,0.015881444444444445
延庆区,2014,10.4,no_screening_flag,E3_p03_central_tail,0.020419,0.0,0.7777777777777778,0.015881444444444445
延庆区,2015,10.4,no_screening_flag,E3_p03_central_tail,0.020419,0.0,0.7777777777777778,0.015881444444444445
延庆区,2016,9.8,no_screening_flag,E3_p03_central_tail,0.020419,0.0,0.8222222222222222,0.016788955555555554
延庆区,2017,10.0,no_screening_flag,E3_p03_central_tail,0.020419,0.0,0.8666666666666667,0.017696466666666667
延庆区,2018,9.7,no_screening_flag,E3_p03_central_tail,0.020419,0.0,0.9111111111111112,0.01860397777777778
延庆区,2019,9.8,no_screening_flag,E3_p03_central_tail,0.020419,0.0,0.9555555555555556,0.01951148888888889
延庆区,2020,7.2,no_screening_flag,E3_p03_central_tail,0.18273799999999998,0.0,1.0,0.18273799999999998
怀柔区,2000,6.9,no_screening_flag,E3_p03_central_tail,0.387258,0.0,0.5714285714285714,0.2212902857142857
怀柔区,2001,7.7,no_screening_flag,E3_p03_central_tail,0.031538,-35.571999999999996,0.638095238095238,0.020124247619047617
怀柔区,2002,10.4,bulletin_marked_draft;cross_report_value_disagreement,E3_p03_central_tail,0.031538,0.0,0.7047619047619047,0.022226780952380946
怀柔区,2003,11.7,low_resolution_photographed_chart;source_chart_city_control_disagreement,E3_p03_central_tail,0.031538,0.0,0.7714285714285714,0.02432931428571428
怀柔区,2004,14.1,low_resolution_photographed_chart;source_chart_city_control_disagreement,E3_p03_central_tail,0.0,0.0,0.8380952380952381,0.0
怀柔区,2005,15.9,low_resolution_photographed_chart,E3_p03_central_tail,0.0,0.0,0.9047619047619048,0.0
怀柔区,2006,16.7,low_resolution_photographed_chart,E3_p03_central_tail,0.0,0.0,0.9142857142857144,0.0
怀柔区,2007,19.2,low_resolution_photographed_chart,E3_p03_central_tail,0.0,0.0,0.9238095238095236,0.0
怀柔区,2008,19.7,no_screening_flag,E3_p03_central_tail,0.0,0.0,0.9333333333333332,0.0
怀柔区,2009,20.1,no_screening_flag,E3_p03_central_tail,0.0,0.0,0.9428571428571428,0.0
怀柔区,2010,21.3,no_screening_flag,E3_p03_central_tail,0.0,0.0,0.9523809523809524,0.0
怀柔区,2011,22.3,no_screening_flag,E3_p03_central_tail,0.0,0.0,0.9523809523809524,0.0
怀柔区,2012,21.2,no_screening_flag,E3_p03_central_tail,0.0,0.0,0.9523809523809524,0.0
怀柔区,2013,21.5,no_screening_flag,E3_p03_central_tail,0.0,0.0,0.9523809523809524,0.0
怀柔区,2014,22.6,no_screening_flag,E3_p03_central_tail,0.0,0.0,0.9523809523809524,0.0
怀柔区,2015,22.3,no_screening_flag,E3_p03_central_tail,0.0,0.0,0.9523809523809524,0.0
怀柔区,2016,21.6,no_screening_flag,E3_p03_central_tail,0.0,0.0,0.9619047619047618,0.0
怀柔区,2017,21.2,no_screening_flag,E3_p03_central_tail,0.0,0.0,0.9714285714285714,0.0
怀柔区,2018,17.3,no_screening_flag,E3_p03_central_tail,0.0,0.0,0.9809523809523808,0.0
怀柔区,2019,15.8,no_screening_flag,E3_p03_central_tail,0.0,0.0,0.9904761904761904,0.0
怀柔区,2020,16.3,no_screening_flag,E3_p03_central_tail,0.0,0.0,1.0,0.0
房山区,2000,10.4,no_screening_flag,E3_p03_central_tail,0.09858,0.0,0.6973684210526315,0.06874657894736842
房山区,2001,12.0,no_screening_flag,E3_p03_central_tail,0.09858,0.0,0.7210526315789473,0.07108136842105263
房山区,2002,11.7,bulletin_marked_draft;cross_report_value_disagreement,E3_p03_central_tail,0.09858,0.0,0.7447368421052631,0.07341615789473684
房山区,2003,11.1,low_resolution_photographed_chart;source_chart_city_control_disagreement,E3_p03_central_tail,0.09858,0.0,0.7684210526315789,0.07575094736842104
房山区,2004,11.4,low_resolution_photographed_chart;source_chart_city_control_disagreement,E3_p03_central_tail,0.09858,0.0,0.7921052631578948,0.07808573684210526
房山区,2005,20.0,large_year_to_year_change_gt5m;low_resolution_photographed_chart,E3_p03_central_tail,0.0,0.0,0.8157894736842105,0.0
房山区,2006,11.8,large_year_to_year_change_gt5m;low_resolution_photographed_chart,E3_p03_central_tail,0.09858,0.0,0.85,0.08379299999999999
房山区,2007,11.6,low_resolution_photographed_chart,E3_p03_central_tail,0.09858,0.0,0.8842105263157894,0.08716547368421053
房山区,2008,11.1,no_screening_flag,E3_p03_central_tail,0.09858,0.0,0.9184210526315788,0.09053794736842104
房山区,2009,11.6,no_screening_flag,E3_p03_central_tail,0.09858,0.0,0.9526315789473684,0.09391042105263157
房山区,2010,12.6,no_screening_flag,E3_p03_central_tail,0.09858,0.0,0.986842105263158,0.09728289473684211
房山区,2011,10.7,no_screening_flag,E3_p03_central_tail,0.09858,0.0,0.9894736842105264,0.0975423157894737
房山区,2012,8.4,no_screening_flag,E3_p03_central_tail,0.09858,-39.2446,0.9921052631578948,0.09780173684210527
房山区,2013,8.9,no_screening_flag,E3_p03_central_tail,0.09858,-39.2446,0.9947368421052633,0.09806115789473685
房山区,2014,10.2,no_screening_flag,E3_p03_central_tail,0.09858,0.0,0.9973684210526316,0.09832057894736843
房山区,2015,10.6,no_screening_flag,E3_p03_central_tail,0.09858,0.0,1.0,0.09858
房山区,2016,9.0,no_screening_flag,E3_p03_central_tail,0.09858,-39.2446,1.0,0.09858
房山区,2017,9.3,no_screening_flag,E3_p03_central_tail,0.09858,0.0,1.0,0.09858
房山区,2018,9.6,no_screening_flag,E3_p03_central_tail,0.09858,0.0,1.0,0.09858
房山区,2019,10.5,no_screening_flag,E3_p03_central_tail,0.09858,0.0,1.0,0.09858
房山区,2020,8.6,no_screening_flag,E3_p03_central_tail,0.09858,-39.2446,1.0,0.09858
昌平区,2000,15.9,no_screening_flag,E3_p03_central_tail,0.001292,0.0,0.6014492753623188,0.0007770724637681159
昌平区,2001,17.4,no_screening_flag,E3_p03_central_tail,0.0,0.0,0.6434782608695653,0.0
昌平区,2002,19.1,bulletin_marked_draft,E3_p03_central_tail,0.0,0.0,0.6855072463768116,0.0
昌平区,2003,18.5,cross_report_value_disagreement;low_resolution_photographed_chart;source_chart_city_control_disagreement,E3_p03_central_tail,0.0,0.0,0.727536231884058,0.0
昌平区,2004,21.1,low_resolution_photographed_chart;source_chart_city_control_disagreement,E3_p03_central_tail,0.0,0.0,0.7695652173913043,0.0
昌平区,2005,22.7,low_resolution_photographed_chart,E3_p03_central_tail,0.0,0.0,0.8115942028985508,0.0
昌平区,2006,23.1,low_resolution_photographed_chart,E3_p03_central_tail,0.0,0.0,0.846376811594203,0.0
昌平区,2007,25.3,low_resolution_photographed_chart,E3_p03_central_tail,0.0,0.0,0.8811594202898552,0.0
昌平区,2008,26.3,no_screening_flag,E3_p03_central_tail,0.0,0.0,0.9159420289855073,0.0
昌平区,2009,27.5,no_screening_flag,E3_p03_central_tail,0.0,0.0,0.9507246376811594,0.0
昌平区,2010,29.3,no_screening_flag,E3_p03_central_tail,0.0,0.0,0.9855072463768116,0.0
昌平区,2011,29.9,no_screening_flag,E3_p03_central_tail,0.0,0.0,0.9884057971014492,0.0
昌平区,2012,30.2,no_screening_flag,E3_p03_central_tail,0.0,0.0,0.991304347826087,0.0
昌平区,2013,31.3,no_screening_flag,E3_p03_central_tail,0.0,0.0,0.9942028985507246,0.0
昌平区,2014,32.3,no_screening_flag,E3_p03_central_tail,0.0,0.0,0.9971014492753624,0.0
昌平区,2015,32.3,no_screening_flag,E3_p03_central_tail,0.0,0.0,1.0,0.0
昌平区,2016,30.7,no_screening_flag,E3_p03_central_tail,0.0,0.0,1.0,0.0
昌平区,2017,30.2,no_screening_flag,E3_p03_central_tail,0.0,0.0,1.0,0.0
昌平区,2018,29.4,no_screening_flag,E3_p03_central_tail,0.0,0.0,1.0,0.0
昌平区,2019,28.8,no_screening_flag,E3_p03_central_tail,0.0,0.0,1.0,0.0
昌平区,2020,27.1,no_screening_flag,E3_p03_central_tail,0.0,0.0,1.0,0.0
通州区,2000,5.7,no_screening_flag,E3_p03_central_tail,0.437462,0.0,0.4421052631578947,0.19340425263157895
通州区,2001,6.4,no_screening_flag,E3_p03_central_tail,0.437462,0.0,0.4694736842105263,0.20537689684210528
通州区,2002,6.4,bulletin_marked_draft;cross_report_value_disagreement,E3_p03_central_tail,0.437462,0.0,0.4968421052631579,0.2173495410526316
通州区,2003,7.0,low_resolution_photographed_chart;source_chart_city_control_disagreement,E3_p03_central_tail,0.437462,0.0,0.5242105263157895,0.2293221852631579
通州区,2004,7.5,low_resolution_photographed_chart;source_chart_city_control_disagreement,E3_p03_central_tail,0.056312,-38.115,0.5515789473684211,0.031060513684210526
通州区,2005,8.1,low_resolution_photographed_chart,E3_p03_central_tail,0.056312,-38.115,0.5789473684210527,0.03260168421052632
通州区,2006,7.6,low_resolution_photographed_chart,E3_p03_central_tail,0.056312,-38.115,0.6063157894736843,0.03414285473684211
通州区,2007,7.5,low_resolution_photographed_chart,E3_p03_central_tail,0.056312,-38.115,0.6336842105263158,0.0356840252631579
通州区,2008,7.6,no_screening_flag,E3_p03_central_tail,0.056312,-38.115,0.6610526315789473,0.03722519578947368
通州区,2009,7.2,no_screening_flag,E3_p03_central_tail,0.437462,0.0,0.6884210526315789,0.3011580505263158
通州区,2010,7.4,no_screening_flag,E3_p03_central_tail,0.056312,-38.115,0.7157894736842105,0.040307536842105265
通州区,2011,7.1,no_screening_flag,E3_p03_central_tail,0.437462,0.0,0.72,0.31497264
通州区,2012,6.6,no_screening_flag,E3_p03_central_tail,0.437462,0.0,0.7242105263157894,0.31681458526315787
通州区,2013,6.8,no_screening_flag,E3_p03_central_tail,0.437462,0.0,0.728421052631579,0.3186565305263158
通州区,2014,7.5,no_screening_flag,E3_p03_central_tail,0.056312,-38.115,0.7326315789473684,0.04125594947368421
通州区,2015,8.1,no_screening_flag,E3_p03_central_tail,0.056312,-38.115,0.7368421052631579,0.041493052631578944
通州区,2016,7.6,no_screening_flag,E3_p03_central_tail,0.056312,-38.115,0.7894736842105263,0.04445684210526316
通州区,2017,7.8,no_screening_flag,E3_p03_central_tail,0.056312,-38.115,0.8421052631578947,0.04742063157894737
通州区,2018,7.3,no_screening_flag,E3_p03_central_tail,0.056312,-38.115,0.8947368421052632,0.05038442105263158
通州区,2019,8.2,no_screening_flag,E3_p03_central_tail,0.056312,-38.115,0.9473684210526316,0.0533482105263158
通州区,2020,7.8,no_screening_flag,E3_p03_central_tail,0.056312,-38.115,1.0,0.056312
门头沟区,2000,19.3,no_screening_flag,E3_p03_central_tail,0.0,0.0,0.5294117647058824,0.0
门头沟区,2001,19.9,no_screening_flag,E3_p03_central_tail,0.0,0.0,0.5941176470588235,0.0
门头沟区,2002,19.7,bulletin_marked_draft;cross_report_value_disagreement,E3_p03_central_tail,0.0,0.0,0.6588235294117647,0.0
门头沟区,2003,19.9,low_resolution_photographed_chart;source_chart_city_control_disagreement,E3_p03_central_tail,0.0,0.0,0.7235294117647059,0.0
门头沟区,2004,19.6,low_resolution_photographed_chart;source_chart_city_control_disagreement,E3_p03_central_tail,0.0,0.0,0.788235294117647,0.0
门头沟区,2005,20.0,low_resolution_photographed_chart,E3_p03_central_tail,0.0,0.0,0.8529411764705882,0.0
门头沟区,2006,19.0,low_resolution_photographed_chart,E3_p03_central_tail,0.0,0.0,0.8588235294117647,0.0
门头沟区,2007,19.8,low_resolution_photographed_chart,E3_p03_central_tail,0.0,0.0,0.8647058823529411,0.0
门头沟区,2008,20.1,no_screening_flag,E3_p03_central_tail,0.0,0.0,0.8705882352941177,0.0
门头沟区,2009,20.5,no_screening_flag,E3_p03_central_tail,0.0,0.0,0.8764705882352941,0.0
门头沟区,2010,20.7,no_screening_flag,E3_p03_central_tail,0.0,0.0,0.8823529411764706,0.0
门头沟区,2011,20.0,no_screening_flag,E3_p03_central_tail,0.0,0.0,0.9058823529411764,0.0
门头沟区,2012,19.4,no_screening_flag,E3_p03_central_tail,0.0,0.0,0.9294117647058824,0.0
门头沟区,2013,21.5,no_screening_flag,E3_p03_central_tail,0.0,0.0,0.9529411764705882,0.0
门头沟区,2014,23.3,no_screening_flag,E3_p03_central_tail,0.0,0.0,0.976470588235294,0.0
门头沟区,2015,23.0,no_screening_flag,E3_p03_central_tail,0.0,0.0,1.0,0.0
门头沟区,2016,20.0,no_screening_flag,E3_p03_central_tail,0.0,0.0,1.0,0.0
门头沟区,2017,16.7,no_screening_flag,E3_p03_central_tail,0.022179,0.0,1.0,0.022179
门头沟区,2018,17.0,cross_report_value_disagreement,E3_p03_central_tail,0.022179,0.0,1.0,0.022179
门头沟区,2019,38.2,large_year_to_year_change_gt5m,E3_p03_central_tail,0.0,0.0,1.0,0.0
门头沟区,2020,35.8,no_screening_flag,E3_p03_central_tail,0.0,0.0,1.0,0.0
顺义区,2000,16.8,no_screening_flag,E3_p03_central_tail,0.0,0.0,0.9285714285714286,0.0
顺义区,2001,17.5,no_screening_flag,E3_p03_central_tail,0.0,0.0,0.9285714285714286,0.0
顺义区,2002,18.7,bulletin_marked_draft,E3_p03_central_tail,0.0,0.0,0.9285714285714286,0.0
顺义区,2003,19.1,low_resolution_photographed_chart;source_chart_city_control_disagreement,E3_p03_central_tail,0.0,0.0,0.9285714285714286,0.0
顺义区,2004,22.3,low_resolution_photographed_chart;source_chart_city_control_disagreement,E3_p03_central_tail,0.0,0.0,0.9285714285714286,0.0
顺义区,2005,24.4,low_resolution_photographed_chart,E3_p03_central_tail,0.0,0.0,0.9285714285714286,0.0
顺义区,2006,26.2,low_resolution_photographed_chart,E3_p03_central_tail,0.0,0.0,0.9333333333333332,0.0
顺义区,2007,28.2,low_resolution_photographed_chart,E3_p03_central_tail,0.0,0.0,0.938095238095238,0.0
顺义区,2008,29.0,no_screening_flag,E3_p03_central_tail,0.0,0.0,0.9428571428571428,0.0
顺义区,2009,30.4,no_screening_flag,E3_p03_central_tail,0.0,0.0,0.9476190476190476,0.0
顺义区,2010,31.6,no_screening_flag,E3_p03_central_tail,0.0,0.0,0.9523809523809524,0.0
顺义区,2011,32.4,no_screening_flag,E3_p03_central_tail,0.0,0.0,0.9619047619047618,0.0
顺义区,2012,32.4,no_screening_flag,E3_p03_central_tail,0.0,0.0,0.9714285714285714,0.0
顺义区,2013,33.4,no_screening_flag,E3_p03_central_tail,0.0,0.0,0.9809523809523808,0.0
顺义区,2014,34.4,no_screening_flag,E3_p03_central_tail,0.0,0.0,0.9904761904761904,0.0
顺义区,2015,34.3,no_screening_flag,E3_p03_central_tail,0.0,0.0,1.0,0.0
顺义区,2016,33.7,no_screening_flag,E3_p03_central_tail,0.0,0.0,1.0,0.0
顺义区,2017,34.1,no_screening_flag,E3_p03_central_tail,0.0,0.0,1.0,0.0
顺义区,2018,33.3,no_screening_flag,E3_p03_central_tail,0.0,0.0,1.0,0.0
顺义区,2019,32.2,no_screening_flag,E3_p03_central_tail,0.0,0.0,1.0,0.0
顺义区,2020,29.3,no_screening_flag,E3_p03_central_tail,0.0,0.0,1.0,0.0
大兴区,2000,11.7,no_screening_flag,E4_m03_extend,0.087487,0.0,0.3091787439613526,0.027049120772946852
大兴区,2001,12.6,no_screening_flag,E4_m03_extend,0.087487,0.0,0.3690821256038647,0.03228988792270531
大兴区,2002,13.2,bulletin_marked_draft;cross_report_value_disagreement,E4_m03_extend,0.087487,7.7494,0.4289855072463768,0.03753065507246377
大兴区,2003,13.9,low_resolution_photographed_chart;source_chart_city_control_disagreement,E4_m03_extend,0.087487,7.7494,0.4888888888888889,0.042771422222222216
大兴区,2004,15.0,low_resolution_photographed_chart;source_chart_city_control_disagreement,E4_m03_extend,0.009993,0.0,0.548792270531401,0.00548408115942029
大兴区,2005,15.9,low_resolution_photographed_chart,E4_m03_extend,0.009993,0.0,0.6086956521739131,0.006082695652173914
大兴区,2006,17.3,low_resolution_photographed_chart,E4_m03_extend,0.009993,0.9993,0.6328502415458938,0.006324072463768116
大兴区,2007,17.9,low_resolution_photographed_chart,E4_m03_extend,0.009993,0.9993,0.6570048309178744,0.006565449275362319
大兴区,2008,18.6,no_screening_flag,E4_m03_extend,0.009993,0.9993,0.6811594202898551,0.006806826086956522
大兴区,2009,19.3,no_screening_flag,E4_m03_extend,0.009993,0.9993,0.7053140096618358,0.007048202898550725
大兴区,2010,18.8,no_screening_flag,E4_m03_extend,0.009993,0.9993,0.7294685990338164,0.007289579710144928
大兴区,2011,18.9,no_screening_flag,E4_m03_extend,0.009993,0.9993,0.7323671497584541,0.007318544927536232
大兴区,2012,17.9,no_screening_flag,E4_m03_extend,0.009993,0.9993,0.7352657004830918,0.007347510144927537
大兴区,2013,17.8,no_screening_flag,E4_m03_extend,0.009993,0.9993,0.7381642512077294,0.00737647536231884
大兴区,2014,19.0,no_screening_flag,E4_m03_extend,0.009993,0.9993,0.7410628019323672,0.0074054405797101455
大兴区,2015,18.7,no_screening_flag,E4_m03_extend,0.009993,0.9993,0.7439613526570048,0.007434405797101449
大兴区,2016,17.8,no_screening_flag,E4_m03_extend,0.009993,0.9993,0.7951690821256039,0.00794612463768116
大兴区,2017,17.9,no_screening_flag,E4_m03_extend,0.009993,0.9993,0.8463768115942029,0.00845784347826087
大兴区,2018,17.9,no_screening_flag,E4_m03_extend,0.009993,0.9993,0.8975845410628019,0.00896956231884058
大兴区,2019,17.8,no_screening_flag,E4_m03_extend,0.009993,0.9993,0.9487922705314008,0.009481281159420289
大兴区,2020,16.8,no_screening_flag,E4_m03_extend,0.009993,0.0,1.0,0.009993
密云区,2000,19.3,no_screening_flag,E4_m03_extend,0.0,0.0,0.53125,0.0
密云区,2001,22.0,bulletin_marked_draft;primary_figure_occluded_used_alternate_source,E4_m03_extend,0.0,0.0,0.58125,0.0
密云区,2002,22.7,bulletin_marked_draft;cross_report_value_disagreement,E4_m03_extend,0.0,0.0,0.63125,0.0
密云区,2003,24.2,cross_report_value_disagreement;low_resolution_photographed_chart;source_chart_city_control_disagreement,E4_m03_extend,0.0,0.0,0.68125,0.0
密云区,2004,25.5,low_resolution_photographed_chart;source_chart_city_control_disagreement,E4_m03_extend,0.0,0.0,0.73125,0.0
密云区,2005,25.4,low_resolution_photographed_chart,E4_m03_extend,0.0,0.0,0.78125,0.0
密云区,2006,26.1,low_resolution_photographed_chart,E4_m03_extend,0.0,0.0,0.78125,0.0
密云区,2007,28.0,low_resolution_photographed_chart,E4_m03_extend,0.0,0.0,0.78125,0.0
密云区,2008,28.2,no_screening_flag,E4_m03_extend,0.0,0.0,0.78125,0.0
密云区,2009,28.9,no_screening_flag,E4_m03_extend,0.0,0.0,0.78125,0.0
密云区,2010,29.9,no_screening_flag,E4_m03_extend,0.0,0.0,0.78125,0.0
密云区,2011,29.5,no_screening_flag,E4_m03_extend,0.0,0.0,0.78125,0.0
密云区,2012,28.7,no_screening_flag,E4_m03_extend,0.0,0.0,0.78125,0.0
密云区,2013,29.8,no_screening_flag,E4_m03_extend,0.0,0.0,0.78125,0.0
密云区,2014,30.4,no_screening_flag,E4_m03_extend,0.0,0.0,0.78125,0.0
密云区,2015,30.6,no_screening_flag,E4_m03_extend,0.0,0.0,0.78125,0.0
密云区,2016,29.7,no_screening_flag,E4_m03_extend,0.0,0.0,0.825,0.0
密云区,2017,31.3,no_screening_flag,E4_m03_extend,0.0,0.0,0.86875,0.0
密云区,2018,24.9,large_year_to_year_change_gt5m,E4_m03_extend,0.0,0.0,0.9125,0.0
密云区,2019,24.8,no_screening_flag,E4_m03_extend,0.0,0.0,0.95625,0.0
密云区,2020,25.2,no_screening_flag,E4_m03_extend,0.0,0.0,1.0,0.0
平谷区,2000,19.6,no_screening_flag,E4_m03_extend,0.0,0.0,0.75,0.0
平谷区,2001,17.9,no_screening_flag,E4_m03_extend,0.0,0.0,0.7833333333333333,0.0
平谷区,2002,20.7,bulletin_marked_draft;cross_report_value_disagreement,E4_m03_extend,0.0,0.0,0.8166666666666667,0.0
平谷区,2003,20.6,cross_report_value_disagreement;low_resolution_photographed_chart;source_chart_city_control_disagreement,E4_m03_extend,0.0,0.0,0.85,0.0
平谷区,2004,23.0,low_resolution_photographed_chart;source_chart_city_control_disagreement,E4_m03_extend,0.0,0.0,0.8833333333333333,0.0
平谷区,2005,26.0,low_resolution_photographed_chart,E4_m03_extend,0.0,0.0,0.9166666666666666,0.0
平谷区,2006,29.8,cross_report_value_disagreement;low_resolution_photographed_chart,E4_m03_extend,0.0,0.0,0.9333333333333332,0.0
平谷区,2007,33.2,low_resolution_photographed_chart,E4_m03_extend,0.0,0.0,0.95,0.0
平谷区,2008,34.6,no_screening_flag,E4_m03_extend,0.0,0.0,0.9666666666666668,0.0
平谷区,2009,37.7,no_screening_flag,E4_m03_extend,0.0,0.0,0.9833333333333332,0.0
平谷区,2010,39.4,no_screening_flag,E4_m03_extend,0.0,0.0,1.0,0.0
平谷区,2011,39.4,no_screening_flag,E4_m03_extend,0.0,0.0,1.0,0.0
平谷区,2012,37.3,no_screening_flag,E4_m03_extend,0.0,0.0,1.0,0.0
平谷区,2013,36.9,no_screening_flag,E4_m03_extend,0.0,0.0,1.0,0.0
平谷区,2014,40.5,no_screening_flag,E4_m03_extend,0.0,0.0,1.0,0.0
平谷区,2015,41.8,no_screening_flag,E4_m03_extend,0.0,0.0,1.0,0.0
平谷区,2016,42.4,no_screening_flag,E4_m03_extend,0.0,0.0,1.0,0.0
平谷区,2017,42.0,no_screening_flag,E4_m03_extend,0.0,0.0,1.0,0.0
平谷区,2018,32.8,large_year_to_year_change_gt5m,E4_m03_extend,0.0,0.0,1.0,0.0
平谷区,2019,33.8,no_screening_flag,E4_m03_extend,0.0,0.0,1.0,0.0
平谷区,2020,35.8,no_screening_flag,E4_m03_extend,0.0,0.0,1.0,0.0
延庆区,2000,8.4,no_screening_flag,E4_m03_extend,0.18273799999999998,0.0,0.6666666666666666,0.12182533333333331
延庆区,2001,8.2,no_screening_flag,E4_m03_extend,0.18273799999999998,0.0,0.6888888888888889,0.12588617777777777
延庆区,2002,8.3,bulletin_marked_draft;cross_report_value_disagreement,E4_m03_extend,0.18273799999999998,0.0,0.7111111111111111,0.1299470222222222
延庆区,2003,8.6,low_resolution_photographed_chart;source_chart_city_control_disagreement,E4_m03_extend,0.18273799999999998,0.0,0.7333333333333333,0.13400786666666664
延庆区,2004,8.5,low_resolution_photographed_chart;source_chart_city_control_disagreement,E4_m03_extend,0.18273799999999998,0.0,0.7555555555555555,0.1380687111111111
延庆区,2005,8.7,low_resolution_photographed_chart,E4_m03_extend,0.18273799999999998,0.0,0.7777777777777778,0.14212955555555554
延庆区,2006,8.4,low_resolution_photographed_chart,E4_m03_extend,0.18273799999999998,0.0,0.7777777777777778,0.14212955555555554
延庆区,2007,9.0,low_resolution_photographed_chart,E4_m03_extend,0.18273799999999998,0.0,0.7777777777777778,0.14212955555555554
延庆区,2008,8.8,no_screening_flag,E4_m03_extend,0.18273799999999998,0.0,0.7777777777777778,0.14212955555555554
延庆区,2009,9.2,no_screening_flag,E4_m03_extend,0.18273799999999998,16.2319,0.7777777777777778,0.14212955555555554
延庆区,2010,9.3,no_screening_flag,E4_m03_extend,0.18273799999999998,16.2319,0.7777777777777778,0.14212955555555554
延庆区,2011,9.3,no_screening_flag,E4_m03_extend,0.18273799999999998,16.2319,0.7777777777777778,0.14212955555555554
延庆区,2012,9.2,no_screening_flag,E4_m03_extend,0.18273799999999998,16.2319,0.7777777777777778,0.14212955555555554
延庆区,2013,9.3,no_screening_flag,E4_m03_extend,0.18273799999999998,16.2319,0.7777777777777778,0.14212955555555554
延庆区,2014,10.4,no_screening_flag,E4_m03_extend,0.020419,0.0,0.7777777777777778,0.015881444444444445
延庆区,2015,10.4,no_screening_flag,E4_m03_extend,0.020419,0.0,0.7777777777777778,0.015881444444444445
延庆区,2016,9.8,no_screening_flag,E4_m03_extend,0.020419,0.0,0.8222222222222222,0.016788955555555554
延庆区,2017,10.0,no_screening_flag,E4_m03_extend,0.020419,0.0,0.8666666666666667,0.017696466666666667
延庆区,2018,9.7,no_screening_flag,E4_m03_extend,0.020419,0.0,0.9111111111111112,0.01860397777777778
延庆区,2019,9.8,no_screening_flag,E4_m03_extend,0.020419,0.0,0.9555555555555556,0.01951148888888889
延庆区,2020,7.2,no_screening_flag,E4_m03_extend,0.18273799999999998,0.0,1.0,0.18273799999999998
怀柔区,2000,6.9,no_screening_flag,E4_m03_extend,0.387258,0.0,0.5714285714285714,0.2212902857142857
怀柔区,2001,7.7,no_screening_flag,E4_m03_extend,0.387258,0.0,0.638095238095238,0.2471074857142857
怀柔区,2002,10.4,bulletin_marked_draft;cross_report_value_disagreement,E4_m03_extend,0.031538,0.0,0.7047619047619047,0.022226780952380946
怀柔区,2003,11.7,low_resolution_photographed_chart;source_chart_city_control_disagreement,E4_m03_extend,0.031538,0.0,0.7714285714285714,0.02432931428571428
怀柔区,2004,14.1,low_resolution_photographed_chart;source_chart_city_control_disagreement,E4_m03_extend,0.031538,3.1537999999999995,0.8380952380952381,0.026431847619047617
怀柔区,2005,15.9,low_resolution_photographed_chart,E4_m03_extend,0.0,0.0,0.9047619047619048,0.0
怀柔区,2006,16.7,low_resolution_photographed_chart,E4_m03_extend,0.0,0.0,0.9142857142857144,0.0
怀柔区,2007,19.2,low_resolution_photographed_chart,E4_m03_extend,0.0,0.0,0.9238095238095236,0.0
怀柔区,2008,19.7,no_screening_flag,E4_m03_extend,0.0,0.0,0.9333333333333332,0.0
怀柔区,2009,20.1,no_screening_flag,E4_m03_extend,0.0,0.0,0.9428571428571428,0.0
怀柔区,2010,21.3,no_screening_flag,E4_m03_extend,0.0,0.0,0.9523809523809524,0.0
怀柔区,2011,22.3,no_screening_flag,E4_m03_extend,0.0,0.0,0.9523809523809524,0.0
怀柔区,2012,21.2,no_screening_flag,E4_m03_extend,0.0,0.0,0.9523809523809524,0.0
怀柔区,2013,21.5,no_screening_flag,E4_m03_extend,0.0,0.0,0.9523809523809524,0.0
怀柔区,2014,22.6,no_screening_flag,E4_m03_extend,0.0,0.0,0.9523809523809524,0.0
怀柔区,2015,22.3,no_screening_flag,E4_m03_extend,0.0,0.0,0.9523809523809524,0.0
怀柔区,2016,21.6,no_screening_flag,E4_m03_extend,0.0,0.0,0.9619047619047618,0.0
怀柔区,2017,21.2,no_screening_flag,E4_m03_extend,0.0,0.0,0.9714285714285714,0.0
怀柔区,2018,17.3,no_screening_flag,E4_m03_extend,0.0,0.0,0.9809523809523808,0.0
怀柔区,2019,15.8,no_screening_flag,E4_m03_extend,0.0,0.0,0.9904761904761904,0.0
怀柔区,2020,16.3,no_screening_flag,E4_m03_extend,0.0,0.0,1.0,0.0
房山区,2000,10.4,no_screening_flag,E4_m03_extend,0.09858,0.0,0.6973684210526315,0.06874657894736842
房山区,2001,12.0,no_screening_flag,E4_m03_extend,0.09858,0.0,0.7210526315789473,0.07108136842105263
房山区,2002,11.7,bulletin_marked_draft;cross_report_value_disagreement,E4_m03_extend,0.09858,0.0,0.7447368421052631,0.07341615789473684
房山区,2003,11.1,low_resolution_photographed_chart;source_chart_city_control_disagreement,E4_m03_extend,0.09858,0.0,0.7684210526315789,0.07575094736842104
房山区,2004,11.4,low_resolution_photographed_chart;source_chart_city_control_disagreement,E4_m03_extend,0.09858,0.0,0.7921052631578948,0.07808573684210526
房山区,2005,20.0,large_year_to_year_change_gt5m;low_resolution_photographed_chart,E4_m03_extend,0.0,0.0,0.8157894736842105,0.0
房山区,2006,11.8,large_year_to_year_change_gt5m;low_resolution_photographed_chart,E4_m03_extend,0.09858,0.0,0.85,0.08379299999999999
房山区,2007,11.6,low_resolution_photographed_chart,E4_m03_extend,0.09858,0.0,0.8842105263157894,0.08716547368421053
房山区,2008,11.1,no_screening_flag,E4_m03_extend,0.09858,0.0,0.9184210526315788,0.09053794736842104
房山区,2009,11.6,no_screening_flag,E4_m03_extend,0.09858,0.0,0.9526315789473684,0.09391042105263157
房山区,2010,12.6,no_screening_flag,E4_m03_extend,0.09858,0.0,0.986842105263158,0.09728289473684211
房山区,2011,10.7,no_screening_flag,E4_m03_extend,0.09858,0.0,0.9894736842105264,0.0975423157894737
房山区,2012,8.4,no_screening_flag,E4_m03_extend,0.491026,0.0,0.9921052631578948,0.4871494789473685
房山区,2013,8.9,no_screening_flag,E4_m03_extend,0.491026,0.0,0.9947368421052633,0.488441652631579
房山区,2014,10.2,no_screening_flag,E4_m03_extend,0.09858,0.0,0.9973684210526316,0.09832057894736843
房山区,2015,10.6,no_screening_flag,E4_m03_extend,0.09858,0.0,1.0,0.09858
房山区,2016,9.0,no_screening_flag,E4_m03_extend,0.491026,0.0,1.0,0.491026
房山区,2017,9.3,no_screening_flag,E4_m03_extend,0.491026,39.2446,1.0,0.491026
房山区,2018,9.6,no_screening_flag,E4_m03_extend,0.09858,0.0,1.0,0.09858
房山区,2019,10.5,no_screening_flag,E4_m03_extend,0.09858,0.0,1.0,0.09858
房山区,2020,8.6,no_screening_flag,E4_m03_extend,0.491026,0.0,1.0,0.491026
昌平区,2000,15.9,no_screening_flag,E4_m03_extend,0.001292,0.0,0.6014492753623188,0.0007770724637681159
昌平区,2001,17.4,no_screening_flag,E4_m03_extend,0.001292,0.1292,0.6434782608695653,0.0008313739130434783
昌平区,2002,19.1,bulletin_marked_draft,E4_m03_extend,0.001292,0.1292,0.6855072463768116,0.0008856753623188406
昌平区,2003,18.5,cross_report_value_disagreement;low_resolution_photographed_chart;source_chart_city_control_disagreement,E4_m03_extend,0.001292,0.1292,0.727536231884058,0.0009399768115942029
昌平区,2004,21.1,low_resolution_photographed_chart;source_chart_city_control_disagreement,E4_m03_extend,0.0,0.0,0.7695652173913043,0.0
昌平区,2005,22.7,low_resolution_photographed_chart,E4_m03_extend,0.0,0.0,0.8115942028985508,0.0
昌平区,2006,23.1,low_resolution_photographed_chart,E4_m03_extend,0.0,0.0,0.846376811594203,0.0
昌平区,2007,25.3,low_resolution_photographed_chart,E4_m03_extend,0.0,0.0,0.8811594202898552,0.0
昌平区,2008,26.3,no_screening_flag,E4_m03_extend,0.0,0.0,0.9159420289855073,0.0
昌平区,2009,27.5,no_screening_flag,E4_m03_extend,0.0,0.0,0.9507246376811594,0.0
昌平区,2010,29.3,no_screening_flag,E4_m03_extend,0.0,0.0,0.9855072463768116,0.0
昌平区,2011,29.9,no_screening_flag,E4_m03_extend,0.0,0.0,0.9884057971014492,0.0
昌平区,2012,30.2,no_screening_flag,E4_m03_extend,0.0,0.0,0.991304347826087,0.0
昌平区,2013,31.3,no_screening_flag,E4_m03_extend,0.0,0.0,0.9942028985507246,0.0
昌平区,2014,32.3,no_screening_flag,E4_m03_extend,0.0,0.0,0.9971014492753624,0.0
昌平区,2015,32.3,no_screening_flag,E4_m03_extend,0.0,0.0,1.0,0.0
昌平区,2016,30.7,no_screening_flag,E4_m03_extend,0.0,0.0,1.0,0.0
昌平区,2017,30.2,no_screening_flag,E4_m03_extend,0.0,0.0,1.0,0.0
昌平区,2018,29.4,no_screening_flag,E4_m03_extend,0.0,0.0,1.0,0.0
昌平区,2019,28.8,no_screening_flag,E4_m03_extend,0.0,0.0,1.0,0.0
昌平区,2020,27.1,no_screening_flag,E4_m03_extend,0.0,0.0,1.0,0.0
通州区,2000,5.7,no_screening_flag,E4_m03_extend,0.437462,0.0,0.4421052631578947,0.19340425263157895
通州区,2001,6.4,no_screening_flag,E4_m03_extend,0.437462,0.0,0.4694736842105263,0.20537689684210528
通州区,2002,6.4,bulletin_marked_draft;cross_report_value_disagreement,E4_m03_extend,0.437462,0.0,0.4968421052631579,0.2173495410526316
通州区,2003,7.0,low_resolution_photographed_chart;source_chart_city_control_disagreement,E4_m03_extend,0.437462,0.0,0.5242105263157895,0.2293221852631579
通州区,2004,7.5,low_resolution_photographed_chart;source_chart_city_control_disagreement,E4_m03_extend,0.437462,0.0,0.5515789473684211,0.24129482947368422
通州区,2005,8.1,low_resolution_photographed_chart,E4_m03_extend,0.437462,0.0,0.5789473684210527,0.25326747368421054
通州区,2006,7.6,low_resolution_photographed_chart,E4_m03_extend,0.437462,0.0,0.6063157894736843,0.2652401178947369
通州区,2007,7.5,low_resolution_photographed_chart,E4_m03_extend,0.437462,0.0,0.6336842105263158,0.2772127621052632
通州区,2008,7.6,no_screening_flag,E4_m03_extend,0.437462,0.0,0.6610526315789473,0.2891854063157895
通州区,2009,7.2,no_screening_flag,E4_m03_extend,0.437462,0.0,0.6884210526315789,0.3011580505263158
通州区,2010,7.4,no_screening_flag,E4_m03_extend,0.437462,0.0,0.7157894736842105,0.31313069473684213
通州区,2011,7.1,no_screening_flag,E4_m03_extend,0.437462,0.0,0.72,0.31497264
通州区,2012,6.6,no_screening_flag,E4_m03_extend,0.437462,0.0,0.7242105263157894,0.31681458526315787
通州区,2013,6.8,no_screening_flag,E4_m03_extend,0.437462,0.0,0.728421052631579,0.3186565305263158
通州区,2014,7.5,no_screening_flag,E4_m03_extend,0.437462,0.0,0.7326315789473684,0.3204984757894737
通州区,2015,8.1,no_screening_flag,E4_m03_extend,0.437462,0.0,0.7368421052631579,0.32234042105263155
通州区,2016,7.6,no_screening_flag,E4_m03_extend,0.437462,0.0,0.7894736842105263,0.3453647368421053
通州区,2017,7.8,no_screening_flag,E4_m03_extend,0.437462,0.0,0.8421052631578947,0.36838905263157895
通州区,2018,7.3,no_screening_flag,E4_m03_extend,0.437462,0.0,0.8947368421052632,0.3914133684210527
通州区,2019,8.2,no_screening_flag,E4_m03_extend,0.437462,0.0,0.9473684210526316,0.41443768421052635
通州区,2020,7.8,no_screening_flag,E4_m03_extend,0.437462,0.0,1.0,0.437462
门头沟区,2000,19.3,no_screening_flag,E4_m03_extend,0.022179,2.2179,0.5294117647058824,0.011741823529411765
门头沟区,2001,19.9,no_screening_flag,E4_m03_extend,0.0,0.0,0.5941176470588235,0.0
门头沟区,2002,19.7,bulletin_marked_draft;cross_report_value_disagreement,E4_m03_extend,0.0,0.0,0.6588235294117647,0.0
门头沟区,2003,19.9,low_resolution_photographed_chart;source_chart_city_control_disagreement,E4_m03_extend,0.0,0.0,0.7235294117647059,0.0
门头沟区,2004,19.6,low_resolution_photographed_chart;source_chart_city_control_disagreement,E4_m03_extend,0.022179,2.2179,0.788235294117647,0.017482270588235295
门头沟区,2005,20.0,low_resolution_photographed_chart,E4_m03_extend,0.0,0.0,0.8529411764705882,0.0
门头沟区,2006,19.0,low_resolution_photographed_chart,E4_m03_extend,0.022179,2.2179,0.8588235294117647,0.01904784705882353
门头沟区,2007,19.8,low_resolution_photographed_chart,E4_m03_extend,0.0,0.0,0.8647058823529411,0.0
门头沟区,2008,20.1,no_screening_flag,E4_m03_extend,0.0,0.0,0.8705882352941177,0.0
门头沟区,2009,20.5,no_screening_flag,E4_m03_extend,0.0,0.0,0.8764705882352941,0.0
门头沟区,2010,20.7,no_screening_flag,E4_m03_extend,0.0,0.0,0.8823529411764706,0.0
门头沟区,2011,20.0,no_screening_flag,E4_m03_extend,0.0,0.0,0.9058823529411764,0.0
门头沟区,2012,19.4,no_screening_flag,E4_m03_extend,0.022179,2.2179,0.9294117647058824,0.020613423529411767
门头沟区,2013,21.5,no_screening_flag,E4_m03_extend,0.0,0.0,0.9529411764705882,0.0
门头沟区,2014,23.3,no_screening_flag,E4_m03_extend,0.0,0.0,0.976470588235294,0.0
门头沟区,2015,23.0,no_screening_flag,E4_m03_extend,0.0,0.0,1.0,0.0
门头沟区,2016,20.0,no_screening_flag,E4_m03_extend,0.0,0.0,1.0,0.0
门头沟区,2017,16.7,no_screening_flag,E4_m03_extend,0.022179,0.0,1.0,0.022179
门头沟区,2018,17.0,cross_report_value_disagreement,E4_m03_extend,0.022179,0.0,1.0,0.022179
门头沟区,2019,38.2,large_year_to_year_change_gt5m,E4_m03_extend,0.0,0.0,1.0,0.0
门头沟区,2020,35.8,no_screening_flag,E4_m03_extend,0.0,0.0,1.0,0.0
顺义区,2000,16.8,no_screening_flag,E4_m03_extend,0.0,0.0,0.9285714285714286,0.0
顺义区,2001,17.5,no_screening_flag,E4_m03_extend,0.0,0.0,0.9285714285714286,0.0
顺义区,2002,18.7,bulletin_marked_draft,E4_m03_extend,0.0,0.0,0.9285714285714286,0.0
顺义区,2003,19.1,low_resolution_photographed_chart;source_chart_city_control_disagreement,E4_m03_extend,0.0,0.0,0.9285714285714286,0.0
顺义区,2004,22.3,low_resolution_photographed_chart;source_chart_city_control_disagreement,E4_m03_extend,0.0,0.0,0.9285714285714286,0.0
顺义区,2005,24.4,low_resolution_photographed_chart,E4_m03_extend,0.0,0.0,0.9285714285714286,0.0
顺义区,2006,26.2,low_resolution_photographed_chart,E4_m03_extend,0.0,0.0,0.9333333333333332,0.0
顺义区,2007,28.2,low_resolution_photographed_chart,E4_m03_extend,0.0,0.0,0.938095238095238,0.0
顺义区,2008,29.0,no_screening_flag,E4_m03_extend,0.0,0.0,0.9428571428571428,0.0
顺义区,2009,30.4,no_screening_flag,E4_m03_extend,0.0,0.0,0.9476190476190476,0.0
顺义区,2010,31.6,no_screening_flag,E4_m03_extend,0.0,0.0,0.9523809523809524,0.0
顺义区,2011,32.4,no_screening_flag,E4_m03_extend,0.0,0.0,0.9619047619047618,0.0
顺义区,2012,32.4,no_screening_flag,E4_m03_extend,0.0,0.0,0.9714285714285714,0.0
顺义区,2013,33.4,no_screening_flag,E4_m03_extend,0.0,0.0,0.9809523809523808,0.0
顺义区,2014,34.4,no_screening_flag,E4_m03_extend,0.0,0.0,0.9904761904761904,0.0
顺义区,2015,34.3,no_screening_flag,E4_m03_extend,0.0,0.0,1.0,0.0
顺义区,2016,33.7,no_screening_flag,E4_m03_extend,0.0,0.0,1.0,0.0
顺义区,2017,34.1,no_screening_flag,E4_m03_extend,0.0,0.0,1.0,0.0
顺义区,2018,33.3,no_screening_flag,E4_m03_extend,0.0,0.0,1.0,0.0
顺义区,2019,32.2,no_screening_flag,E4_m03_extend,0.0,0.0,1.0,0.0
顺义区,2020,29.3,no_screening_flag,E4_m03_extend,0.0,0.0,1.0,0.0
大兴区,2000,11.7,no_screening_flag,E4_m03_central_tail,0.087487,0.0,0.3091787439613526,0.027049120772946852
大兴区,2001,12.6,no_screening_flag,E4_m03_central_tail,0.087487,0.0,0.3690821256038647,0.03228988792270531
大兴区,2002,13.2,bulletin_marked_draft;cross_report_value_disagreement,E4_m03_central_tail,0.087487,7.7494,0.4289855072463768,0.03753065507246377
大兴区,2003,13.9,low_resolution_photographed_chart;source_chart_city_control_disagreement,E4_m03_central_tail,0.087487,7.7494,0.4888888888888889,0.042771422222222216
大兴区,2004,15.0,low_resolution_photographed_chart;source_chart_city_control_disagreement,E4_m03_central_tail,0.009993,0.0,0.548792270531401,0.00548408115942029
大兴区,2005,15.9,low_resolution_photographed_chart,E4_m03_central_tail,0.009993,0.0,0.6086956521739131,0.006082695652173914
大兴区,2006,17.3,low_resolution_photographed_chart,E4_m03_central_tail,0.0,0.0,0.6328502415458938,0.0
大兴区,2007,17.9,low_resolution_photographed_chart,E4_m03_central_tail,0.0,0.0,0.6570048309178744,0.0
大兴区,2008,18.6,no_screening_flag,E4_m03_central_tail,0.0,0.0,0.6811594202898551,0.0
大兴区,2009,19.3,no_screening_flag,E4_m03_central_tail,0.0,0.0,0.7053140096618358,0.0
大兴区,2010,18.8,no_screening_flag,E4_m03_central_tail,0.0,0.0,0.7294685990338164,0.0
大兴区,2011,18.9,no_screening_flag,E4_m03_central_tail,0.0,0.0,0.7323671497584541,0.0
大兴区,2012,17.9,no_screening_flag,E4_m03_central_tail,0.0,0.0,0.7352657004830918,0.0
大兴区,2013,17.8,no_screening_flag,E4_m03_central_tail,0.0,0.0,0.7381642512077294,0.0
大兴区,2014,19.0,no_screening_flag,E4_m03_central_tail,0.0,0.0,0.7410628019323672,0.0
大兴区,2015,18.7,no_screening_flag,E4_m03_central_tail,0.0,0.0,0.7439613526570048,0.0
大兴区,2016,17.8,no_screening_flag,E4_m03_central_tail,0.0,0.0,0.7951690821256039,0.0
大兴区,2017,17.9,no_screening_flag,E4_m03_central_tail,0.0,0.0,0.8463768115942029,0.0
大兴区,2018,17.9,no_screening_flag,E4_m03_central_tail,0.0,0.0,0.8975845410628019,0.0
大兴区,2019,17.8,no_screening_flag,E4_m03_central_tail,0.0,0.0,0.9487922705314008,0.0
大兴区,2020,16.8,no_screening_flag,E4_m03_central_tail,0.009993,0.0,1.0,0.009993
密云区,2000,19.3,no_screening_flag,E4_m03_central_tail,0.0,0.0,0.53125,0.0
密云区,2001,22.0,bulletin_marked_draft;primary_figure_occluded_used_alternate_source,E4_m03_central_tail,0.0,0.0,0.58125,0.0
密云区,2002,22.7,bulletin_marked_draft;cross_report_value_disagreement,E4_m03_central_tail,0.0,0.0,0.63125,0.0
密云区,2003,24.2,cross_report_value_disagreement;low_resolution_photographed_chart;source_chart_city_control_disagreement,E4_m03_central_tail,0.0,0.0,0.68125,0.0
密云区,2004,25.5,low_resolution_photographed_chart;source_chart_city_control_disagreement,E4_m03_central_tail,0.0,0.0,0.73125,0.0
密云区,2005,25.4,low_resolution_photographed_chart,E4_m03_central_tail,0.0,0.0,0.78125,0.0
密云区,2006,26.1,low_resolution_photographed_chart,E4_m03_central_tail,0.0,0.0,0.78125,0.0
密云区,2007,28.0,low_resolution_photographed_chart,E4_m03_central_tail,0.0,0.0,0.78125,0.0
密云区,2008,28.2,no_screening_flag,E4_m03_central_tail,0.0,0.0,0.78125,0.0
密云区,2009,28.9,no_screening_flag,E4_m03_central_tail,0.0,0.0,0.78125,0.0
密云区,2010,29.9,no_screening_flag,E4_m03_central_tail,0.0,0.0,0.78125,0.0
密云区,2011,29.5,no_screening_flag,E4_m03_central_tail,0.0,0.0,0.78125,0.0
密云区,2012,28.7,no_screening_flag,E4_m03_central_tail,0.0,0.0,0.78125,0.0
密云区,2013,29.8,no_screening_flag,E4_m03_central_tail,0.0,0.0,0.78125,0.0
密云区,2014,30.4,no_screening_flag,E4_m03_central_tail,0.0,0.0,0.78125,0.0
密云区,2015,30.6,no_screening_flag,E4_m03_central_tail,0.0,0.0,0.78125,0.0
密云区,2016,29.7,no_screening_flag,E4_m03_central_tail,0.0,0.0,0.825,0.0
密云区,2017,31.3,no_screening_flag,E4_m03_central_tail,0.0,0.0,0.86875,0.0
密云区,2018,24.9,large_year_to_year_change_gt5m,E4_m03_central_tail,0.0,0.0,0.9125,0.0
密云区,2019,24.8,no_screening_flag,E4_m03_central_tail,0.0,0.0,0.95625,0.0
密云区,2020,25.2,no_screening_flag,E4_m03_central_tail,0.0,0.0,1.0,0.0
平谷区,2000,19.6,no_screening_flag,E4_m03_central_tail,0.0,0.0,0.75,0.0
平谷区,2001,17.9,no_screening_flag,E4_m03_central_tail,0.0,0.0,0.7833333333333333,0.0
平谷区,2002,20.7,bulletin_marked_draft;cross_report_value_disagreement,E4_m03_central_tail,0.0,0.0,0.8166666666666667,0.0
平谷区,2003,20.6,cross_report_value_disagreement;low_resolution_photographed_chart;source_chart_city_control_disagreement,E4_m03_central_tail,0.0,0.0,0.85,0.0
平谷区,2004,23.0,low_resolution_photographed_chart;source_chart_city_control_disagreement,E4_m03_central_tail,0.0,0.0,0.8833333333333333,0.0
平谷区,2005,26.0,low_resolution_photographed_chart,E4_m03_central_tail,0.0,0.0,0.9166666666666666,0.0
平谷区,2006,29.8,cross_report_value_disagreement;low_resolution_photographed_chart,E4_m03_central_tail,0.0,0.0,0.9333333333333332,0.0
平谷区,2007,33.2,low_resolution_photographed_chart,E4_m03_central_tail,0.0,0.0,0.95,0.0
平谷区,2008,34.6,no_screening_flag,E4_m03_central_tail,0.0,0.0,0.9666666666666668,0.0
平谷区,2009,37.7,no_screening_flag,E4_m03_central_tail,0.0,0.0,0.9833333333333332,0.0
平谷区,2010,39.4,no_screening_flag,E4_m03_central_tail,0.0,0.0,1.0,0.0
平谷区,2011,39.4,no_screening_flag,E4_m03_central_tail,0.0,0.0,1.0,0.0
平谷区,2012,37.3,no_screening_flag,E4_m03_central_tail,0.0,0.0,1.0,0.0
平谷区,2013,36.9,no_screening_flag,E4_m03_central_tail,0.0,0.0,1.0,0.0
平谷区,2014,40.5,no_screening_flag,E4_m03_central_tail,0.0,0.0,1.0,0.0
平谷区,2015,41.8,no_screening_flag,E4_m03_central_tail,0.0,0.0,1.0,0.0
平谷区,2016,42.4,no_screening_flag,E4_m03_central_tail,0.0,0.0,1.0,0.0
平谷区,2017,42.0,no_screening_flag,E4_m03_central_tail,0.0,0.0,1.0,0.0
平谷区,2018,32.8,large_year_to_year_change_gt5m,E4_m03_central_tail,0.0,0.0,1.0,0.0
平谷区,2019,33.8,no_screening_flag,E4_m03_central_tail,0.0,0.0,1.0,0.0
平谷区,2020,35.8,no_screening_flag,E4_m03_central_tail,0.0,0.0,1.0,0.0
延庆区,2000,8.4,no_screening_flag,E4_m03_central_tail,0.18273799999999998,0.0,0.6666666666666666,0.12182533333333331
延庆区,2001,8.2,no_screening_flag,E4_m03_central_tail,0.18273799999999998,0.0,0.6888888888888889,0.12588617777777777
延庆区,2002,8.3,bulletin_marked_draft;cross_report_value_disagreement,E4_m03_central_tail,0.18273799999999998,0.0,0.7111111111111111,0.1299470222222222
延庆区,2003,8.6,low_resolution_photographed_chart;source_chart_city_control_disagreement,E4_m03_central_tail,0.18273799999999998,0.0,0.7333333333333333,0.13400786666666664
延庆区,2004,8.5,low_resolution_photographed_chart;source_chart_city_control_disagreement,E4_m03_central_tail,0.18273799999999998,0.0,0.7555555555555555,0.1380687111111111
延庆区,2005,8.7,low_resolution_photographed_chart,E4_m03_central_tail,0.18273799999999998,0.0,0.7777777777777778,0.14212955555555554
延庆区,2006,8.4,low_resolution_photographed_chart,E4_m03_central_tail,0.18273799999999998,0.0,0.7777777777777778,0.14212955555555554
延庆区,2007,9.0,low_resolution_photographed_chart,E4_m03_central_tail,0.18273799999999998,0.0,0.7777777777777778,0.14212955555555554
延庆区,2008,8.8,no_screening_flag,E4_m03_central_tail,0.18273799999999998,0.0,0.7777777777777778,0.14212955555555554
延庆区,2009,9.2,no_screening_flag,E4_m03_central_tail,0.18273799999999998,16.2319,0.7777777777777778,0.14212955555555554
延庆区,2010,9.3,no_screening_flag,E4_m03_central_tail,0.18273799999999998,16.2319,0.7777777777777778,0.14212955555555554
延庆区,2011,9.3,no_screening_flag,E4_m03_central_tail,0.18273799999999998,16.2319,0.7777777777777778,0.14212955555555554
延庆区,2012,9.2,no_screening_flag,E4_m03_central_tail,0.18273799999999998,16.2319,0.7777777777777778,0.14212955555555554
延庆区,2013,9.3,no_screening_flag,E4_m03_central_tail,0.18273799999999998,16.2319,0.7777777777777778,0.14212955555555554
延庆区,2014,10.4,no_screening_flag,E4_m03_central_tail,0.020419,0.0,0.7777777777777778,0.015881444444444445
延庆区,2015,10.4,no_screening_flag,E4_m03_central_tail,0.020419,0.0,0.7777777777777778,0.015881444444444445
延庆区,2016,9.8,no_screening_flag,E4_m03_central_tail,0.020419,0.0,0.8222222222222222,0.016788955555555554
延庆区,2017,10.0,no_screening_flag,E4_m03_central_tail,0.020419,0.0,0.8666666666666667,0.017696466666666667
延庆区,2018,9.7,no_screening_flag,E4_m03_central_tail,0.020419,0.0,0.9111111111111112,0.01860397777777778
延庆区,2019,9.8,no_screening_flag,E4_m03_central_tail,0.020419,0.0,0.9555555555555556,0.01951148888888889
延庆区,2020,7.2,no_screening_flag,E4_m03_central_tail,0.18273799999999998,0.0,1.0,0.18273799999999998
怀柔区,2000,6.9,no_screening_flag,E4_m03_central_tail,0.387258,0.0,0.5714285714285714,0.2212902857142857
怀柔区,2001,7.7,no_screening_flag,E4_m03_central_tail,0.387258,0.0,0.638095238095238,0.2471074857142857
怀柔区,2002,10.4,bulletin_marked_draft;cross_report_value_disagreement,E4_m03_central_tail,0.031538,0.0,0.7047619047619047,0.022226780952380946
怀柔区,2003,11.7,low_resolution_photographed_chart;source_chart_city_control_disagreement,E4_m03_central_tail,0.031538,0.0,0.7714285714285714,0.02432931428571428
怀柔区,2004,14.1,low_resolution_photographed_chart;source_chart_city_control_disagreement,E4_m03_central_tail,0.031538,3.1537999999999995,0.8380952380952381,0.026431847619047617
怀柔区,2005,15.9,low_resolution_photographed_chart,E4_m03_central_tail,0.0,0.0,0.9047619047619048,0.0
怀柔区,2006,16.7,low_resolution_photographed_chart,E4_m03_central_tail,0.0,0.0,0.9142857142857144,0.0
怀柔区,2007,19.2,low_resolution_photographed_chart,E4_m03_central_tail,0.0,0.0,0.9238095238095236,0.0
怀柔区,2008,19.7,no_screening_flag,E4_m03_central_tail,0.0,0.0,0.9333333333333332,0.0
怀柔区,2009,20.1,no_screening_flag,E4_m03_central_tail,0.0,0.0,0.9428571428571428,0.0
怀柔区,2010,21.3,no_screening_flag,E4_m03_central_tail,0.0,0.0,0.9523809523809524,0.0
怀柔区,2011,22.3,no_screening_flag,E4_m03_central_tail,0.0,0.0,0.9523809523809524,0.0
怀柔区,2012,21.2,no_screening_flag,E4_m03_central_tail,0.0,0.0,0.9523809523809524,0.0
怀柔区,2013,21.5,no_screening_flag,E4_m03_central_tail,0.0,0.0,0.9523809523809524,0.0
怀柔区,2014,22.6,no_screening_flag,E4_m03_central_tail,0.0,0.0,0.9523809523809524,0.0
怀柔区,2015,22.3,no_screening_flag,E4_m03_central_tail,0.0,0.0,0.9523809523809524,0.0
怀柔区,2016,21.6,no_screening_flag,E4_m03_central_tail,0.0,0.0,0.9619047619047618,0.0
怀柔区,2017,21.2,no_screening_flag,E4_m03_central_tail,0.0,0.0,0.9714285714285714,0.0
怀柔区,2018,17.3,no_screening_flag,E4_m03_central_tail,0.0,0.0,0.9809523809523808,0.0
怀柔区,2019,15.8,no_screening_flag,E4_m03_central_tail,0.0,0.0,0.9904761904761904,0.0
怀柔区,2020,16.3,no_screening_flag,E4_m03_central_tail,0.0,0.0,1.0,0.0
房山区,2000,10.4,no_screening_flag,E4_m03_central_tail,0.09858,0.0,0.6973684210526315,0.06874657894736842
房山区,2001,12.0,no_screening_flag,E4_m03_central_tail,0.09858,0.0,0.7210526315789473,0.07108136842105263
房山区,2002,11.7,bulletin_marked_draft;cross_report_value_disagreement,E4_m03_central_tail,0.09858,0.0,0.7447368421052631,0.07341615789473684
房山区,2003,11.1,low_resolution_photographed_chart;source_chart_city_control_disagreement,E4_m03_central_tail,0.09858,0.0,0.7684210526315789,0.07575094736842104
房山区,2004,11.4,low_resolution_photographed_chart;source_chart_city_control_disagreement,E4_m03_central_tail,0.09858,0.0,0.7921052631578948,0.07808573684210526
房山区,2005,20.0,large_year_to_year_change_gt5m;low_resolution_photographed_chart,E4_m03_central_tail,0.0,0.0,0.8157894736842105,0.0
房山区,2006,11.8,large_year_to_year_change_gt5m;low_resolution_photographed_chart,E4_m03_central_tail,0.09858,0.0,0.85,0.08379299999999999
房山区,2007,11.6,low_resolution_photographed_chart,E4_m03_central_tail,0.09858,0.0,0.8842105263157894,0.08716547368421053
房山区,2008,11.1,no_screening_flag,E4_m03_central_tail,0.09858,0.0,0.9184210526315788,0.09053794736842104
房山区,2009,11.6,no_screening_flag,E4_m03_central_tail,0.09858,0.0,0.9526315789473684,0.09391042105263157
房山区,2010,12.6,no_screening_flag,E4_m03_central_tail,0.09858,0.0,0.986842105263158,0.09728289473684211
房山区,2011,10.7,no_screening_flag,E4_m03_central_tail,0.09858,0.0,0.9894736842105264,0.0975423157894737
房山区,2012,8.4,no_screening_flag,E4_m03_central_tail,0.491026,0.0,0.9921052631578948,0.4871494789473685
房山区,2013,8.9,no_screening_flag,E4_m03_central_tail,0.491026,0.0,0.9947368421052633,0.488441652631579
房山区,2014,10.2,no_screening_flag,E4_m03_central_tail,0.09858,0.0,0.9973684210526316,0.09832057894736843
房山区,2015,10.6,no_screening_flag,E4_m03_central_tail,0.09858,0.0,1.0,0.09858
房山区,2016,9.0,no_screening_flag,E4_m03_central_tail,0.491026,0.0,1.0,0.491026
房山区,2017,9.3,no_screening_flag,E4_m03_central_tail,0.491026,39.2446,1.0,0.491026
房山区,2018,9.6,no_screening_flag,E4_m03_central_tail,0.09858,0.0,1.0,0.09858
房山区,2019,10.5,no_screening_flag,E4_m03_central_tail,0.09858,0.0,1.0,0.09858
房山区,2020,8.6,no_screening_flag,E4_m03_central_tail,0.491026,0.0,1.0,0.491026
昌平区,2000,15.9,no_screening_flag,E4_m03_central_tail,0.001292,0.0,0.6014492753623188,0.0007770724637681159
昌平区,2001,17.4,no_screening_flag,E4_m03_central_tail,0.0,0.0,0.6434782608695653,0.0
昌平区,2002,19.1,bulletin_marked_draft,E4_m03_central_tail,0.0,0.0,0.6855072463768116,0.0
昌平区,2003,18.5,cross_report_value_disagreement;low_resolution_photographed_chart;source_chart_city_control_disagreement,E4_m03_central_tail,0.0,0.0,0.727536231884058,0.0
昌平区,2004,21.1,low_resolution_photographed_chart;source_chart_city_control_disagreement,E4_m03_central_tail,0.0,0.0,0.7695652173913043,0.0
昌平区,2005,22.7,low_resolution_photographed_chart,E4_m03_central_tail,0.0,0.0,0.8115942028985508,0.0
昌平区,2006,23.1,low_resolution_photographed_chart,E4_m03_central_tail,0.0,0.0,0.846376811594203,0.0
昌平区,2007,25.3,low_resolution_photographed_chart,E4_m03_central_tail,0.0,0.0,0.8811594202898552,0.0
昌平区,2008,26.3,no_screening_flag,E4_m03_central_tail,0.0,0.0,0.9159420289855073,0.0
昌平区,2009,27.5,no_screening_flag,E4_m03_central_tail,0.0,0.0,0.9507246376811594,0.0
昌平区,2010,29.3,no_screening_flag,E4_m03_central_tail,0.0,0.0,0.9855072463768116,0.0
昌平区,2011,29.9,no_screening_flag,E4_m03_central_tail,0.0,0.0,0.9884057971014492,0.0
昌平区,2012,30.2,no_screening_flag,E4_m03_central_tail,0.0,0.0,0.991304347826087,0.0
昌平区,2013,31.3,no_screening_flag,E4_m03_central_tail,0.0,0.0,0.9942028985507246,0.0
昌平区,2014,32.3,no_screening_flag,E4_m03_central_tail,0.0,0.0,0.9971014492753624,0.0
昌平区,2015,32.3,no_screening_flag,E4_m03_central_tail,0.0,0.0,1.0,0.0
昌平区,2016,30.7,no_screening_flag,E4_m03_central_tail,0.0,0.0,1.0,0.0
昌平区,2017,30.2,no_screening_flag,E4_m03_central_tail,0.0,0.0,1.0,0.0
昌平区,2018,29.4,no_screening_flag,E4_m03_central_tail,0.0,0.0,1.0,0.0
昌平区,2019,28.8,no_screening_flag,E4_m03_central_tail,0.0,0.0,1.0,0.0
昌平区,2020,27.1,no_screening_flag,E4_m03_central_tail,0.0,0.0,1.0,0.0
通州区,2000,5.7,no_screening_flag,E4_m03_central_tail,0.437462,0.0,0.4421052631578947,0.19340425263157895
通州区,2001,6.4,no_screening_flag,E4_m03_central_tail,0.437462,0.0,0.4694736842105263,0.20537689684210528
通州区,2002,6.4,bulletin_marked_draft;cross_report_value_disagreement,E4_m03_central_tail,0.437462,0.0,0.4968421052631579,0.2173495410526316
通州区,2003,7.0,low_resolution_photographed_chart;source_chart_city_control_disagreement,E4_m03_central_tail,0.437462,0.0,0.5242105263157895,0.2293221852631579
通州区,2004,7.5,low_resolution_photographed_chart;source_chart_city_control_disagreement,E4_m03_central_tail,0.437462,0.0,0.5515789473684211,0.24129482947368422
通州区,2005,8.1,low_resolution_photographed_chart,E4_m03_central_tail,0.437462,0.0,0.5789473684210527,0.25326747368421054
通州区,2006,7.6,low_resolution_photographed_chart,E4_m03_central_tail,0.437462,0.0,0.6063157894736843,0.2652401178947369
通州区,2007,7.5,low_resolution_photographed_chart,E4_m03_central_tail,0.437462,0.0,0.6336842105263158,0.2772127621052632
通州区,2008,7.6,no_screening_flag,E4_m03_central_tail,0.437462,0.0,0.6610526315789473,0.2891854063157895
通州区,2009,7.2,no_screening_flag,E4_m03_central_tail,0.437462,0.0,0.6884210526315789,0.3011580505263158
通州区,2010,7.4,no_screening_flag,E4_m03_central_tail,0.437462,0.0,0.7157894736842105,0.31313069473684213
通州区,2011,7.1,no_screening_flag,E4_m03_central_tail,0.437462,0.0,0.72,0.31497264
通州区,2012,6.6,no_screening_flag,E4_m03_central_tail,0.437462,0.0,0.7242105263157894,0.31681458526315787
通州区,2013,6.8,no_screening_flag,E4_m03_central_tail,0.437462,0.0,0.728421052631579,0.3186565305263158
通州区,2014,7.5,no_screening_flag,E4_m03_central_tail,0.437462,0.0,0.7326315789473684,0.3204984757894737
通州区,2015,8.1,no_screening_flag,E4_m03_central_tail,0.437462,0.0,0.7368421052631579,0.32234042105263155
通州区,2016,7.6,no_screening_flag,E4_m03_central_tail,0.437462,0.0,0.7894736842105263,0.3453647368421053
通州区,2017,7.8,no_screening_flag,E4_m03_central_tail,0.437462,0.0,0.8421052631578947,0.36838905263157895
通州区,2018,7.3,no_screening_flag,E4_m03_central_tail,0.437462,0.0,0.8947368421052632,0.3914133684210527
通州区,2019,8.2,no_screening_flag,E4_m03_central_tail,0.437462,0.0,0.9473684210526316,0.41443768421052635
通州区,2020,7.8,no_screening_flag,E4_m03_central_tail,0.437462,0.0,1.0,0.437462
门头沟区,2000,19.3,no_screening_flag,E4_m03_central_tail,0.0,0.0,0.5294117647058824,0.0
门头沟区,2001,19.9,no_screening_flag,E4_m03_central_tail,0.0,0.0,0.5941176470588235,0.0
门头沟区,2002,19.7,bulletin_marked_draft;cross_report_value_disagreement,E4_m03_central_tail,0.0,0.0,0.6588235294117647,0.0
门头沟区,2003,19.9,low_resolution_photographed_chart;source_chart_city_control_disagreement,E4_m03_central_tail,0.0,0.0,0.7235294117647059,0.0
门头沟区,2004,19.6,low_resolution_photographed_chart;source_chart_city_control_disagreement,E4_m03_central_tail,0.0,0.0,0.788235294117647,0.0
门头沟区,2005,20.0,low_resolution_photographed_chart,E4_m03_central_tail,0.0,0.0,0.8529411764705882,0.0
门头沟区,2006,19.0,low_resolution_photographed_chart,E4_m03_central_tail,0.0,0.0,0.8588235294117647,0.0
门头沟区,2007,19.8,low_resolution_photographed_chart,E4_m03_central_tail,0.0,0.0,0.8647058823529411,0.0
门头沟区,2008,20.1,no_screening_flag,E4_m03_central_tail,0.0,0.0,0.8705882352941177,0.0
门头沟区,2009,20.5,no_screening_flag,E4_m03_central_tail,0.0,0.0,0.8764705882352941,0.0
门头沟区,2010,20.7,no_screening_flag,E4_m03_central_tail,0.0,0.0,0.8823529411764706,0.0
门头沟区,2011,20.0,no_screening_flag,E4_m03_central_tail,0.0,0.0,0.9058823529411764,0.0
门头沟区,2012,19.4,no_screening_flag,E4_m03_central_tail,0.0,0.0,0.9294117647058824,0.0
门头沟区,2013,21.5,no_screening_flag,E4_m03_central_tail,0.0,0.0,0.9529411764705882,0.0
门头沟区,2014,23.3,no_screening_flag,E4_m03_central_tail,0.0,0.0,0.976470588235294,0.0
门头沟区,2015,23.0,no_screening_flag,E4_m03_central_tail,0.0,0.0,1.0,0.0
门头沟区,2016,20.0,no_screening_flag,E4_m03_central_tail,0.0,0.0,1.0,0.0
门头沟区,2017,16.7,no_screening_flag,E4_m03_central_tail,0.022179,0.0,1.0,0.022179
门头沟区,2018,17.0,cross_report_value_disagreement,E4_m03_central_tail,0.022179,0.0,1.0,0.022179
门头沟区,2019,38.2,large_year_to_year_change_gt5m,E4_m03_central_tail,0.0,0.0,1.0,0.0
门头沟区,2020,35.8,no_screening_flag,E4_m03_central_tail,0.0,0.0,1.0,0.0
顺义区,2000,16.8,no_screening_flag,E4_m03_central_tail,0.0,0.0,0.9285714285714286,0.0
顺义区,2001,17.5,no_screening_flag,E4_m03_central_tail,0.0,0.0,0.9285714285714286,0.0
顺义区,2002,18.7,bulletin_marked_draft,E4_m03_central_tail,0.0,0.0,0.9285714285714286,0.0
顺义区,2003,19.1,low_resolution_photographed_chart;source_chart_city_control_disagreement,E4_m03_central_tail,0.0,0.0,0.9285714285714286,0.0
顺义区,2004,22.3,low_resolution_photographed_chart;source_chart_city_control_disagreement,E4_m03_central_tail,0.0,0.0,0.9285714285714286,0.0
顺义区,2005,24.4,low_resolution_photographed_chart,E4_m03_central_tail,0.0,0.0,0.9285714285714286,0.0
顺义区,2006,26.2,low_resolution_photographed_chart,E4_m03_central_tail,0.0,0.0,0.9333333333333332,0.0
顺义区,2007,28.2,low_resolution_photographed_chart,E4_m03_central_tail,0.0,0.0,0.938095238095238,0.0
顺义区,2008,29.0,no_screening_flag,E4_m03_central_tail,0.0,0.0,0.9428571428571428,0.0
顺义区,2009,30.4,no_screening_flag,E4_m03_central_tail,0.0,0.0,0.9476190476190476,0.0
顺义区,2010,31.6,no_screening_flag,E4_m03_central_tail,0.0,0.0,0.9523809523809524,0.0
顺义区,2011,32.4,no_screening_flag,E4_m03_central_tail,0.0,0.0,0.9619047619047618,0.0
顺义区,2012,32.4,no_screening_flag,E4_m03_central_tail,0.0,0.0,0.9714285714285714,0.0
顺义区,2013,33.4,no_screening_flag,E4_m03_central_tail,0.0,0.0,0.9809523809523808,0.0
顺义区,2014,34.4,no_screening_flag,E4_m03_central_tail,0.0,0.0,0.9904761904761904,0.0
顺义区,2015,34.3,no_screening_flag,E4_m03_central_tail,0.0,0.0,1.0,0.0
顺义区,2016,33.7,no_screening_flag,E4_m03_central_tail,0.0,0.0,1.0,0.0
顺义区,2017,34.1,no_screening_flag,E4_m03_central_tail,0.0,0.0,1.0,0.0
顺义区,2018,33.3,no_screening_flag,E4_m03_central_tail,0.0,0.0,1.0,0.0
顺义区,2019,32.2,no_screening_flag,E4_m03_central_tail,0.0,0.0,1.0,0.0
顺义区,2020,29.3,no_screening_flag,E4_m03_central_tail,0.0,0.0,1.0,0.0
大兴区,2000,11.7,no_screening_flag,E4_zero_extend,0.087487,0.0,0.3091787439613526,0.027049120772946852
大兴区,2001,12.6,no_screening_flag,E4_zero_extend,0.087487,0.0,0.3690821256038647,0.03228988792270531
大兴区,2002,13.2,bulletin_marked_draft;cross_report_value_disagreement,E4_zero_extend,0.087487,7.7494,0.4289855072463768,0.03753065507246377
大兴区,2003,13.9,low_resolution_photographed_chart;source_chart_city_control_disagreement,E4_zero_extend,0.087487,7.7494,0.4888888888888889,0.042771422222222216
大兴区,2004,15.0,low_resolution_photographed_chart;source_chart_city_control_disagreement,E4_zero_extend,0.009993,0.0,0.548792270531401,0.00548408115942029
大兴区,2005,15.9,low_resolution_photographed_chart,E4_zero_extend,0.009993,0.0,0.6086956521739131,0.006082695652173914
大兴区,2006,17.3,low_resolution_photographed_chart,E4_zero_extend,0.009993,0.9993,0.6328502415458938,0.006324072463768116
大兴区,2007,17.9,low_resolution_photographed_chart,E4_zero_extend,0.009993,0.9993,0.6570048309178744,0.006565449275362319
大兴区,2008,18.6,no_screening_flag,E4_zero_extend,0.009993,0.9993,0.6811594202898551,0.006806826086956522
大兴区,2009,19.3,no_screening_flag,E4_zero_extend,0.0,0.0,0.7053140096618358,0.0
大兴区,2010,18.8,no_screening_flag,E4_zero_extend,0.009993,0.9993,0.7294685990338164,0.007289579710144928
大兴区,2011,18.9,no_screening_flag,E4_zero_extend,0.009993,0.9993,0.7323671497584541,0.007318544927536232
大兴区,2012,17.9,no_screening_flag,E4_zero_extend,0.009993,0.9993,0.7352657004830918,0.007347510144927537
大兴区,2013,17.8,no_screening_flag,E4_zero_extend,0.009993,0.9993,0.7381642512077294,0.00737647536231884
大兴区,2014,19.0,no_screening_flag,E4_zero_extend,0.009993,0.9993,0.7410628019323672,0.0074054405797101455
大兴区,2015,18.7,no_screening_flag,E4_zero_extend,0.009993,0.9993,0.7439613526570048,0.007434405797101449
大兴区,2016,17.8,no_screening_flag,E4_zero_extend,0.009993,0.9993,0.7951690821256039,0.00794612463768116
大兴区,2017,17.9,no_screening_flag,E4_zero_extend,0.009993,0.9993,0.8463768115942029,0.00845784347826087
大兴区,2018,17.9,no_screening_flag,E4_zero_extend,0.009993,0.9993,0.8975845410628019,0.00896956231884058
大兴区,2019,17.8,no_screening_flag,E4_zero_extend,0.009993,0.9993,0.9487922705314008,0.009481281159420289
大兴区,2020,16.8,no_screening_flag,E4_zero_extend,0.009993,0.0,1.0,0.009993
密云区,2000,19.3,no_screening_flag,E4_zero_extend,0.0,0.0,0.53125,0.0
密云区,2001,22.0,bulletin_marked_draft;primary_figure_occluded_used_alternate_source,E4_zero_extend,0.0,0.0,0.58125,0.0
密云区,2002,22.7,bulletin_marked_draft;cross_report_value_disagreement,E4_zero_extend,0.0,0.0,0.63125,0.0
密云区,2003,24.2,cross_report_value_disagreement;low_resolution_photographed_chart;source_chart_city_control_disagreement,E4_zero_extend,0.0,0.0,0.68125,0.0
密云区,2004,25.5,low_resolution_photographed_chart;source_chart_city_control_disagreement,E4_zero_extend,0.0,0.0,0.73125,0.0
密云区,2005,25.4,low_resolution_photographed_chart,E4_zero_extend,0.0,0.0,0.78125,0.0
密云区,2006,26.1,low_resolution_photographed_chart,E4_zero_extend,0.0,0.0,0.78125,0.0
密云区,2007,28.0,low_resolution_photographed_chart,E4_zero_extend,0.0,0.0,0.78125,0.0
密云区,2008,28.2,no_screening_flag,E4_zero_extend,0.0,0.0,0.78125,0.0
密云区,2009,28.9,no_screening_flag,E4_zero_extend,0.0,0.0,0.78125,0.0
密云区,2010,29.9,no_screening_flag,E4_zero_extend,0.0,0.0,0.78125,0.0
密云区,2011,29.5,no_screening_flag,E4_zero_extend,0.0,0.0,0.78125,0.0
密云区,2012,28.7,no_screening_flag,E4_zero_extend,0.0,0.0,0.78125,0.0
密云区,2013,29.8,no_screening_flag,E4_zero_extend,0.0,0.0,0.78125,0.0
密云区,2014,30.4,no_screening_flag,E4_zero_extend,0.0,0.0,0.78125,0.0
密云区,2015,30.6,no_screening_flag,E4_zero_extend,0.0,0.0,0.78125,0.0
密云区,2016,29.7,no_screening_flag,E4_zero_extend,0.0,0.0,0.825,0.0
密云区,2017,31.3,no_screening_flag,E4_zero_extend,0.0,0.0,0.86875,0.0
密云区,2018,24.9,large_year_to_year_change_gt5m,E4_zero_extend,0.0,0.0,0.9125,0.0
密云区,2019,24.8,no_screening_flag,E4_zero_extend,0.0,0.0,0.95625,0.0
密云区,2020,25.2,no_screening_flag,E4_zero_extend,0.0,0.0,1.0,0.0
平谷区,2000,19.6,no_screening_flag,E4_zero_extend,0.0,0.0,0.75,0.0
平谷区,2001,17.9,no_screening_flag,E4_zero_extend,0.0,0.0,0.7833333333333333,0.0
平谷区,2002,20.7,bulletin_marked_draft;cross_report_value_disagreement,E4_zero_extend,0.0,0.0,0.8166666666666667,0.0
平谷区,2003,20.6,cross_report_value_disagreement;low_resolution_photographed_chart;source_chart_city_control_disagreement,E4_zero_extend,0.0,0.0,0.85,0.0
平谷区,2004,23.0,low_resolution_photographed_chart;source_chart_city_control_disagreement,E4_zero_extend,0.0,0.0,0.8833333333333333,0.0
平谷区,2005,26.0,low_resolution_photographed_chart,E4_zero_extend,0.0,0.0,0.9166666666666666,0.0
平谷区,2006,29.8,cross_report_value_disagreement;low_resolution_photographed_chart,E4_zero_extend,0.0,0.0,0.9333333333333332,0.0
平谷区,2007,33.2,low_resolution_photographed_chart,E4_zero_extend,0.0,0.0,0.95,0.0
平谷区,2008,34.6,no_screening_flag,E4_zero_extend,0.0,0.0,0.9666666666666668,0.0
平谷区,2009,37.7,no_screening_flag,E4_zero_extend,0.0,0.0,0.9833333333333332,0.0
平谷区,2010,39.4,no_screening_flag,E4_zero_extend,0.0,0.0,1.0,0.0
平谷区,2011,39.4,no_screening_flag,E4_zero_extend,0.0,0.0,1.0,0.0
平谷区,2012,37.3,no_screening_flag,E4_zero_extend,0.0,0.0,1.0,0.0
平谷区,2013,36.9,no_screening_flag,E4_zero_extend,0.0,0.0,1.0,0.0
平谷区,2014,40.5,no_screening_flag,E4_zero_extend,0.0,0.0,1.0,0.0
平谷区,2015,41.8,no_screening_flag,E4_zero_extend,0.0,0.0,1.0,0.0
平谷区,2016,42.4,no_screening_flag,E4_zero_extend,0.0,0.0,1.0,0.0
平谷区,2017,42.0,no_screening_flag,E4_zero_extend,0.0,0.0,1.0,0.0
平谷区,2018,32.8,large_year_to_year_change_gt5m,E4_zero_extend,0.0,0.0,1.0,0.0
平谷区,2019,33.8,no_screening_flag,E4_zero_extend,0.0,0.0,1.0,0.0
平谷区,2020,35.8,no_screening_flag,E4_zero_extend,0.0,0.0,1.0,0.0
延庆区,2000,8.4,no_screening_flag,E4_zero_extend,0.18273799999999998,0.0,0.6666666666666666,0.12182533333333331
延庆区,2001,8.2,no_screening_flag,E4_zero_extend,0.18273799999999998,0.0,0.6888888888888889,0.12588617777777777
延庆区,2002,8.3,bulletin_marked_draft;cross_report_value_disagreement,E4_zero_extend,0.18273799999999998,0.0,0.7111111111111111,0.1299470222222222
延庆区,2003,8.6,low_resolution_photographed_chart;source_chart_city_control_disagreement,E4_zero_extend,0.18273799999999998,0.0,0.7333333333333333,0.13400786666666664
延庆区,2004,8.5,low_resolution_photographed_chart;source_chart_city_control_disagreement,E4_zero_extend,0.18273799999999998,0.0,0.7555555555555555,0.1380687111111111
延庆区,2005,8.7,low_resolution_photographed_chart,E4_zero_extend,0.18273799999999998,0.0,0.7777777777777778,0.14212955555555554
延庆区,2006,8.4,low_resolution_photographed_chart,E4_zero_extend,0.18273799999999998,0.0,0.7777777777777778,0.14212955555555554
延庆区,2007,9.0,low_resolution_photographed_chart,E4_zero_extend,0.18273799999999998,0.0,0.7777777777777778,0.14212955555555554
延庆区,2008,8.8,no_screening_flag,E4_zero_extend,0.18273799999999998,0.0,0.7777777777777778,0.14212955555555554
延庆区,2009,9.2,no_screening_flag,E4_zero_extend,0.020419,0.0,0.7777777777777778,0.015881444444444445
延庆区,2010,9.3,no_screening_flag,E4_zero_extend,0.020419,0.0,0.7777777777777778,0.015881444444444445
延庆区,2011,9.3,no_screening_flag,E4_zero_extend,0.020419,0.0,0.7777777777777778,0.015881444444444445
延庆区,2012,9.2,no_screening_flag,E4_zero_extend,0.020419,0.0,0.7777777777777778,0.015881444444444445
延庆区,2013,9.3,no_screening_flag,E4_zero_extend,0.020419,0.0,0.7777777777777778,0.015881444444444445
延庆区,2014,10.4,no_screening_flag,E4_zero_extend,0.020419,0.0,0.7777777777777778,0.015881444444444445
延庆区,2015,10.4,no_screening_flag,E4_zero_extend,0.020419,0.0,0.7777777777777778,0.015881444444444445
延庆区,2016,9.8,no_screening_flag,E4_zero_extend,0.020419,0.0,0.8222222222222222,0.016788955555555554
延庆区,2017,10.0,no_screening_flag,E4_zero_extend,0.020419,0.0,0.8666666666666667,0.017696466666666667
延庆区,2018,9.7,no_screening_flag,E4_zero_extend,0.020419,0.0,0.9111111111111112,0.01860397777777778
延庆区,2019,9.8,no_screening_flag,E4_zero_extend,0.020419,0.0,0.9555555555555556,0.01951148888888889
延庆区,2020,7.2,no_screening_flag,E4_zero_extend,0.18273799999999998,0.0,1.0,0.18273799999999998
怀柔区,2000,6.9,no_screening_flag,E4_zero_extend,0.387258,0.0,0.5714285714285714,0.2212902857142857
怀柔区,2001,7.7,no_screening_flag,E4_zero_extend,0.387258,0.0,0.638095238095238,0.2471074857142857
怀柔区,2002,10.4,bulletin_marked_draft;cross_report_value_disagreement,E4_zero_extend,0.031538,0.0,0.7047619047619047,0.022226780952380946
怀柔区,2003,11.7,low_resolution_photographed_chart;source_chart_city_control_disagreement,E4_zero_extend,0.031538,0.0,0.7714285714285714,0.02432931428571428
怀柔区,2004,14.1,low_resolution_photographed_chart;source_chart_city_control_disagreement,E4_zero_extend,0.031538,3.1537999999999995,0.8380952380952381,0.026431847619047617
怀柔区,2005,15.9,low_resolution_photographed_chart,E4_zero_extend,0.0,0.0,0.9047619047619048,0.0
怀柔区,2006,16.7,low_resolution_photographed_chart,E4_zero_extend,0.0,0.0,0.9142857142857144,0.0
怀柔区,2007,19.2,low_resolution_photographed_chart,E4_zero_extend,0.0,0.0,0.9238095238095236,0.0
怀柔区,2008,19.7,no_screening_flag,E4_zero_extend,0.0,0.0,0.9333333333333332,0.0
怀柔区,2009,20.1,no_screening_flag,E4_zero_extend,0.0,0.0,0.9428571428571428,0.0
怀柔区,2010,21.3,no_screening_flag,E4_zero_extend,0.0,0.0,0.9523809523809524,0.0
怀柔区,2011,22.3,no_screening_flag,E4_zero_extend,0.0,0.0,0.9523809523809524,0.0
怀柔区,2012,21.2,no_screening_flag,E4_zero_extend,0.0,0.0,0.9523809523809524,0.0
怀柔区,2013,21.5,no_screening_flag,E4_zero_extend,0.0,0.0,0.9523809523809524,0.0
怀柔区,2014,22.6,no_screening_flag,E4_zero_extend,0.0,0.0,0.9523809523809524,0.0
怀柔区,2015,22.3,no_screening_flag,E4_zero_extend,0.0,0.0,0.9523809523809524,0.0
怀柔区,2016,21.6,no_screening_flag,E4_zero_extend,0.0,0.0,0.9619047619047618,0.0
怀柔区,2017,21.2,no_screening_flag,E4_zero_extend,0.0,0.0,0.9714285714285714,0.0
怀柔区,2018,17.3,no_screening_flag,E4_zero_extend,0.0,0.0,0.9809523809523808,0.0
怀柔区,2019,15.8,no_screening_flag,E4_zero_extend,0.0,0.0,0.9904761904761904,0.0
怀柔区,2020,16.3,no_screening_flag,E4_zero_extend,0.0,0.0,1.0,0.0
房山区,2000,10.4,no_screening_flag,E4_zero_extend,0.09858,0.0,0.6973684210526315,0.06874657894736842
房山区,2001,12.0,no_screening_flag,E4_zero_extend,0.09858,0.0,0.7210526315789473,0.07108136842105263
房山区,2002,11.7,bulletin_marked_draft;cross_report_value_disagreement,E4_zero_extend,0.09858,0.0,0.7447368421052631,0.07341615789473684
房山区,2003,11.1,low_resolution_photographed_chart;source_chart_city_control_disagreement,E4_zero_extend,0.09858,0.0,0.7684210526315789,0.07575094736842104
房山区,2004,11.4,low_resolution_photographed_chart;source_chart_city_control_disagreement,E4_zero_extend,0.09858,0.0,0.7921052631578948,0.07808573684210526
房山区,2005,20.0,large_year_to_year_change_gt5m;low_resolution_photographed_chart,E4_zero_extend,0.0,0.0,0.8157894736842105,0.0
房山区,2006,11.8,large_year_to_year_change_gt5m;low_resolution_photographed_chart,E4_zero_extend,0.09858,0.0,0.85,0.08379299999999999
房山区,2007,11.6,low_resolution_photographed_chart,E4_zero_extend,0.09858,0.0,0.8842105263157894,0.08716547368421053
房山区,2008,11.1,no_screening_flag,E4_zero_extend,0.09858,0.0,0.9184210526315788,0.09053794736842104
房山区,2009,11.6,no_screening_flag,E4_zero_extend,0.09858,0.0,0.9526315789473684,0.09391042105263157
房山区,2010,12.6,no_screening_flag,E4_zero_extend,0.09858,0.0,0.986842105263158,0.09728289473684211
房山区,2011,10.7,no_screening_flag,E4_zero_extend,0.09858,0.0,0.9894736842105264,0.0975423157894737
房山区,2012,8.4,no_screening_flag,E4_zero_extend,0.491026,0.0,0.9921052631578948,0.4871494789473685
房山区,2013,8.9,no_screening_flag,E4_zero_extend,0.491026,0.0,0.9947368421052633,0.488441652631579
房山区,2014,10.2,no_screening_flag,E4_zero_extend,0.09858,0.0,0.9973684210526316,0.09832057894736843
房山区,2015,10.6,no_screening_flag,E4_zero_extend,0.09858,0.0,1.0,0.09858
房山区,2016,9.0,no_screening_flag,E4_zero_extend,0.491026,0.0,1.0,0.491026
房山区,2017,9.3,no_screening_flag,E4_zero_extend,0.09858,0.0,1.0,0.09858
房山区,2018,9.6,no_screening_flag,E4_zero_extend,0.09858,0.0,1.0,0.09858
房山区,2019,10.5,no_screening_flag,E4_zero_extend,0.09858,0.0,1.0,0.09858
房山区,2020,8.6,no_screening_flag,E4_zero_extend,0.491026,0.0,1.0,0.491026
昌平区,2000,15.9,no_screening_flag,E4_zero_extend,0.001292,0.0,0.6014492753623188,0.0007770724637681159
昌平区,2001,17.4,no_screening_flag,E4_zero_extend,0.001292,0.1292,0.6434782608695653,0.0008313739130434783
昌平区,2002,19.1,bulletin_marked_draft,E4_zero_extend,0.001292,0.1292,0.6855072463768116,0.0008856753623188406
昌平区,2003,18.5,cross_report_value_disagreement;low_resolution_photographed_chart;source_chart_city_control_disagreement,E4_zero_extend,0.001292,0.1292,0.727536231884058,0.0009399768115942029
昌平区,2004,21.1,low_resolution_photographed_chart;source_chart_city_control_disagreement,E4_zero_extend,0.0,0.0,0.7695652173913043,0.0
昌平区,2005,22.7,low_resolution_photographed_chart,E4_zero_extend,0.0,0.0,0.8115942028985508,0.0
昌平区,2006,23.1,low_resolution_photographed_chart,E4_zero_extend,0.0,0.0,0.846376811594203,0.0
昌平区,2007,25.3,low_resolution_photographed_chart,E4_zero_extend,0.0,0.0,0.8811594202898552,0.0
昌平区,2008,26.3,no_screening_flag,E4_zero_extend,0.0,0.0,0.9159420289855073,0.0
昌平区,2009,27.5,no_screening_flag,E4_zero_extend,0.0,0.0,0.9507246376811594,0.0
昌平区,2010,29.3,no_screening_flag,E4_zero_extend,0.0,0.0,0.9855072463768116,0.0
昌平区,2011,29.9,no_screening_flag,E4_zero_extend,0.0,0.0,0.9884057971014492,0.0
昌平区,2012,30.2,no_screening_flag,E4_zero_extend,0.0,0.0,0.991304347826087,0.0
昌平区,2013,31.3,no_screening_flag,E4_zero_extend,0.0,0.0,0.9942028985507246,0.0
昌平区,2014,32.3,no_screening_flag,E4_zero_extend,0.0,0.0,0.9971014492753624,0.0
昌平区,2015,32.3,no_screening_flag,E4_zero_extend,0.0,0.0,1.0,0.0
昌平区,2016,30.7,no_screening_flag,E4_zero_extend,0.0,0.0,1.0,0.0
昌平区,2017,30.2,no_screening_flag,E4_zero_extend,0.0,0.0,1.0,0.0
昌平区,2018,29.4,no_screening_flag,E4_zero_extend,0.0,0.0,1.0,0.0
昌平区,2019,28.8,no_screening_flag,E4_zero_extend,0.0,0.0,1.0,0.0
昌平区,2020,27.1,no_screening_flag,E4_zero_extend,0.0,0.0,1.0,0.0
通州区,2000,5.7,no_screening_flag,E4_zero_extend,0.437462,0.0,0.4421052631578947,0.19340425263157895
通州区,2001,6.4,no_screening_flag,E4_zero_extend,0.437462,0.0,0.4694736842105263,0.20537689684210528
通州区,2002,6.4,bulletin_marked_draft;cross_report_value_disagreement,E4_zero_extend,0.437462,0.0,0.4968421052631579,0.2173495410526316
通州区,2003,7.0,low_resolution_photographed_chart;source_chart_city_control_disagreement,E4_zero_extend,0.437462,0.0,0.5242105263157895,0.2293221852631579
通州区,2004,7.5,low_resolution_photographed_chart;source_chart_city_control_disagreement,E4_zero_extend,0.437462,0.0,0.5515789473684211,0.24129482947368422
通州区,2005,8.1,low_resolution_photographed_chart,E4_zero_extend,0.437462,0.0,0.5789473684210527,0.25326747368421054
通州区,2006,7.6,low_resolution_photographed_chart,E4_zero_extend,0.437462,0.0,0.6063157894736843,0.2652401178947369
通州区,2007,7.5,low_resolution_photographed_chart,E4_zero_extend,0.437462,0.0,0.6336842105263158,0.2772127621052632
通州区,2008,7.6,no_screening_flag,E4_zero_extend,0.437462,0.0,0.6610526315789473,0.2891854063157895
通州区,2009,7.2,no_screening_flag,E4_zero_extend,0.437462,0.0,0.6884210526315789,0.3011580505263158
通州区,2010,7.4,no_screening_flag,E4_zero_extend,0.437462,0.0,0.7157894736842105,0.31313069473684213
通州区,2011,7.1,no_screening_flag,E4_zero_extend,0.437462,0.0,0.72,0.31497264
通州区,2012,6.6,no_screening_flag,E4_zero_extend,0.437462,0.0,0.7242105263157894,0.31681458526315787
通州区,2013,6.8,no_screening_flag,E4_zero_extend,0.437462,0.0,0.728421052631579,0.3186565305263158
通州区,2014,7.5,no_screening_flag,E4_zero_extend,0.437462,0.0,0.7326315789473684,0.3204984757894737
通州区,2015,8.1,no_screening_flag,E4_zero_extend,0.437462,0.0,0.7368421052631579,0.32234042105263155
通州区,2016,7.6,no_screening_flag,E4_zero_extend,0.437462,0.0,0.7894736842105263,0.3453647368421053
通州区,2017,7.8,no_screening_flag,E4_zero_extend,0.437462,0.0,0.8421052631578947,0.36838905263157895
通州区,2018,7.3,no_screening_flag,E4_zero_extend,0.437462,0.0,0.8947368421052632,0.3914133684210527
通州区,2019,8.2,no_screening_flag,E4_zero_extend,0.437462,0.0,0.9473684210526316,0.41443768421052635
通州区,2020,7.8,no_screening_flag,E4_zero_extend,0.437462,0.0,1.0,0.437462
门头沟区,2000,19.3,no_screening_flag,E4_zero_extend,0.0,0.0,0.5294117647058824,0.0
门头沟区,2001,19.9,no_screening_flag,E4_zero_extend,0.0,0.0,0.5941176470588235,0.0
门头沟区,2002,19.7,bulletin_marked_draft;cross_report_value_disagreement,E4_zero_extend,0.0,0.0,0.6588235294117647,0.0
门头沟区,2003,19.9,low_resolution_photographed_chart;source_chart_city_control_disagreement,E4_zero_extend,0.0,0.0,0.7235294117647059,0.0
门头沟区,2004,19.6,low_resolution_photographed_chart;source_chart_city_control_disagreement,E4_zero_extend,0.0,0.0,0.788235294117647,0.0
门头沟区,2005,20.0,low_resolution_photographed_chart,E4_zero_extend,0.0,0.0,0.8529411764705882,0.0
门头沟区,2006,19.0,low_resolution_photographed_chart,E4_zero_extend,0.022179,2.2179,0.8588235294117647,0.01904784705882353
门头沟区,2007,19.8,low_resolution_photographed_chart,E4_zero_extend,0.0,0.0,0.8647058823529411,0.0
门头沟区,2008,20.1,no_screening_flag,E4_zero_extend,0.0,0.0,0.8705882352941177,0.0
门头沟区,2009,20.5,no_screening_flag,E4_zero_extend,0.0,0.0,0.8764705882352941,0.0
门头沟区,2010,20.7,no_screening_flag,E4_zero_extend,0.0,0.0,0.8823529411764706,0.0
门头沟区,2011,20.0,no_screening_flag,E4_zero_extend,0.0,0.0,0.9058823529411764,0.0
门头沟区,2012,19.4,no_screening_flag,E4_zero_extend,0.0,0.0,0.9294117647058824,0.0
门头沟区,2013,21.5,no_screening_flag,E4_zero_extend,0.0,0.0,0.9529411764705882,0.0
门头沟区,2014,23.3,no_screening_flag,E4_zero_extend,0.0,0.0,0.976470588235294,0.0
门头沟区,2015,23.0,no_screening_flag,E4_zero_extend,0.0,0.0,1.0,0.0
门头沟区,2016,20.0,no_screening_flag,E4_zero_extend,0.0,0.0,1.0,0.0
门头沟区,2017,16.7,no_screening_flag,E4_zero_extend,0.022179,0.0,1.0,0.022179
门头沟区,2018,17.0,cross_report_value_disagreement,E4_zero_extend,0.022179,0.0,1.0,0.022179
门头沟区,2019,38.2,large_year_to_year_change_gt5m,E4_zero_extend,0.0,0.0,1.0,0.0
门头沟区,2020,35.8,no_screening_flag,E4_zero_extend,0.0,0.0,1.0,0.0
顺义区,2000,16.8,no_screening_flag,E4_zero_extend,0.0,0.0,0.9285714285714286,0.0
顺义区,2001,17.5,no_screening_flag,E4_zero_extend,0.0,0.0,0.9285714285714286,0.0
顺义区,2002,18.7,bulletin_marked_draft,E4_zero_extend,0.0,0.0,0.9285714285714286,0.0
顺义区,2003,19.1,low_resolution_photographed_chart;source_chart_city_control_disagreement,E4_zero_extend,0.0,0.0,0.9285714285714286,0.0
顺义区,2004,22.3,low_resolution_photographed_chart;source_chart_city_control_disagreement,E4_zero_extend,0.0,0.0,0.9285714285714286,0.0
顺义区,2005,24.4,low_resolution_photographed_chart,E4_zero_extend,0.0,0.0,0.9285714285714286,0.0
顺义区,2006,26.2,low_resolution_photographed_chart,E4_zero_extend,0.0,0.0,0.9333333333333332,0.0
顺义区,2007,28.2,low_resolution_photographed_chart,E4_zero_extend,0.0,0.0,0.938095238095238,0.0
顺义区,2008,29.0,no_screening_flag,E4_zero_extend,0.0,0.0,0.9428571428571428,0.0
顺义区,2009,30.4,no_screening_flag,E4_zero_extend,0.0,0.0,0.9476190476190476,0.0
顺义区,2010,31.6,no_screening_flag,E4_zero_extend,0.0,0.0,0.9523809523809524,0.0
顺义区,2011,32.4,no_screening_flag,E4_zero_extend,0.0,0.0,0.9619047619047618,0.0
顺义区,2012,32.4,no_screening_flag,E4_zero_extend,0.0,0.0,0.9714285714285714,0.0
顺义区,2013,33.4,no_screening_flag,E4_zero_extend,0.0,0.0,0.9809523809523808,0.0
顺义区,2014,34.4,no_screening_flag,E4_zero_extend,0.0,0.0,0.9904761904761904,0.0
顺义区,2015,34.3,no_screening_flag,E4_zero_extend,0.0,0.0,1.0,0.0
顺义区,2016,33.7,no_screening_flag,E4_zero_extend,0.0,0.0,1.0,0.0
顺义区,2017,34.1,no_screening_flag,E4_zero_extend,0.0,0.0,1.0,0.0
顺义区,2018,33.3,no_screening_flag,E4_zero_extend,0.0,0.0,1.0,0.0
顺义区,2019,32.2,no_screening_flag,E4_zero_extend,0.0,0.0,1.0,0.0
顺义区,2020,29.3,no_screening_flag,E4_zero_extend,0.0,0.0,1.0,0.0
大兴区,2000,11.7,no_screening_flag,E4_zero_central_tail,0.087487,0.0,0.3091787439613526,0.027049120772946852
大兴区,2001,12.6,no_screening_flag,E4_zero_central_tail,0.087487,0.0,0.3690821256038647,0.03228988792270531
大兴区,2002,13.2,bulletin_marked_draft;cross_report_value_disagreement,E4_zero_central_tail,0.087487,7.7494,0.4289855072463768,0.03753065507246377
大兴区,2003,13.9,low_resolution_photographed_chart;source_chart_city_control_disagreement,E4_zero_central_tail,0.087487,7.7494,0.4888888888888889,0.042771422222222216
大兴区,2004,15.0,low_resolution_photographed_chart;source_chart_city_control_disagreement,E4_zero_central_tail,0.009993,0.0,0.548792270531401,0.00548408115942029
大兴区,2005,15.9,low_resolution_photographed_chart,E4_zero_central_tail,0.009993,0.0,0.6086956521739131,0.006082695652173914
大兴区,2006,17.3,low_resolution_photographed_chart,E4_zero_central_tail,0.0,0.0,0.6328502415458938,0.0
大兴区,2007,17.9,low_resolution_photographed_chart,E4_zero_central_tail,0.0,0.0,0.6570048309178744,0.0
大兴区,2008,18.6,no_screening_flag,E4_zero_central_tail,0.0,0.0,0.6811594202898551,0.0
大兴区,2009,19.3,no_screening_flag,E4_zero_central_tail,0.0,0.0,0.7053140096618358,0.0
大兴区,2010,18.8,no_screening_flag,E4_zero_central_tail,0.0,0.0,0.7294685990338164,0.0
大兴区,2011,18.9,no_screening_flag,E4_zero_central_tail,0.0,0.0,0.7323671497584541,0.0
大兴区,2012,17.9,no_screening_flag,E4_zero_central_tail,0.0,0.0,0.7352657004830918,0.0
大兴区,2013,17.8,no_screening_flag,E4_zero_central_tail,0.0,0.0,0.7381642512077294,0.0
大兴区,2014,19.0,no_screening_flag,E4_zero_central_tail,0.0,0.0,0.7410628019323672,0.0
大兴区,2015,18.7,no_screening_flag,E4_zero_central_tail,0.0,0.0,0.7439613526570048,0.0
大兴区,2016,17.8,no_screening_flag,E4_zero_central_tail,0.0,0.0,0.7951690821256039,0.0
大兴区,2017,17.9,no_screening_flag,E4_zero_central_tail,0.0,0.0,0.8463768115942029,0.0
大兴区,2018,17.9,no_screening_flag,E4_zero_central_tail,0.0,0.0,0.8975845410628019,0.0
大兴区,2019,17.8,no_screening_flag,E4_zero_central_tail,0.0,0.0,0.9487922705314008,0.0
大兴区,2020,16.8,no_screening_flag,E4_zero_central_tail,0.009993,0.0,1.0,0.009993
密云区,2000,19.3,no_screening_flag,E4_zero_central_tail,0.0,0.0,0.53125,0.0
密云区,2001,22.0,bulletin_marked_draft;primary_figure_occluded_used_alternate_source,E4_zero_central_tail,0.0,0.0,0.58125,0.0
密云区,2002,22.7,bulletin_marked_draft;cross_report_value_disagreement,E4_zero_central_tail,0.0,0.0,0.63125,0.0
密云区,2003,24.2,cross_report_value_disagreement;low_resolution_photographed_chart;source_chart_city_control_disagreement,E4_zero_central_tail,0.0,0.0,0.68125,0.0
密云区,2004,25.5,low_resolution_photographed_chart;source_chart_city_control_disagreement,E4_zero_central_tail,0.0,0.0,0.73125,0.0
密云区,2005,25.4,low_resolution_photographed_chart,E4_zero_central_tail,0.0,0.0,0.78125,0.0
密云区,2006,26.1,low_resolution_photographed_chart,E4_zero_central_tail,0.0,0.0,0.78125,0.0
密云区,2007,28.0,low_resolution_photographed_chart,E4_zero_central_tail,0.0,0.0,0.78125,0.0
密云区,2008,28.2,no_screening_flag,E4_zero_central_tail,0.0,0.0,0.78125,0.0
密云区,2009,28.9,no_screening_flag,E4_zero_central_tail,0.0,0.0,0.78125,0.0
密云区,2010,29.9,no_screening_flag,E4_zero_central_tail,0.0,0.0,0.78125,0.0
密云区,2011,29.5,no_screening_flag,E4_zero_central_tail,0.0,0.0,0.78125,0.0
密云区,2012,28.7,no_screening_flag,E4_zero_central_tail,0.0,0.0,0.78125,0.0
密云区,2013,29.8,no_screening_flag,E4_zero_central_tail,0.0,0.0,0.78125,0.0
密云区,2014,30.4,no_screening_flag,E4_zero_central_tail,0.0,0.0,0.78125,0.0
密云区,2015,30.6,no_screening_flag,E4_zero_central_tail,0.0,0.0,0.78125,0.0
密云区,2016,29.7,no_screening_flag,E4_zero_central_tail,0.0,0.0,0.825,0.0
密云区,2017,31.3,no_screening_flag,E4_zero_central_tail,0.0,0.0,0.86875,0.0
密云区,2018,24.9,large_year_to_year_change_gt5m,E4_zero_central_tail,0.0,0.0,0.9125,0.0
密云区,2019,24.8,no_screening_flag,E4_zero_central_tail,0.0,0.0,0.95625,0.0
密云区,2020,25.2,no_screening_flag,E4_zero_central_tail,0.0,0.0,1.0,0.0
平谷区,2000,19.6,no_screening_flag,E4_zero_central_tail,0.0,0.0,0.75,0.0
平谷区,2001,17.9,no_screening_flag,E4_zero_central_tail,0.0,0.0,0.7833333333333333,0.0
平谷区,2002,20.7,bulletin_marked_draft;cross_report_value_disagreement,E4_zero_central_tail,0.0,0.0,0.8166666666666667,0.0
平谷区,2003,20.6,cross_report_value_disagreement;low_resolution_photographed_chart;source_chart_city_control_disagreement,E4_zero_central_tail,0.0,0.0,0.85,0.0
平谷区,2004,23.0,low_resolution_photographed_chart;source_chart_city_control_disagreement,E4_zero_central_tail,0.0,0.0,0.8833333333333333,0.0
平谷区,2005,26.0,low_resolution_photographed_chart,E4_zero_central_tail,0.0,0.0,0.9166666666666666,0.0
平谷区,2006,29.8,cross_report_value_disagreement;low_resolution_photographed_chart,E4_zero_central_tail,0.0,0.0,0.9333333333333332,0.0
平谷区,2007,33.2,low_resolution_photographed_chart,E4_zero_central_tail,0.0,0.0,0.95,0.0
平谷区,2008,34.6,no_screening_flag,E4_zero_central_tail,0.0,0.0,0.9666666666666668,0.0
平谷区,2009,37.7,no_screening_flag,E4_zero_central_tail,0.0,0.0,0.9833333333333332,0.0
平谷区,2010,39.4,no_screening_flag,E4_zero_central_tail,0.0,0.0,1.0,0.0
平谷区,2011,39.4,no_screening_flag,E4_zero_central_tail,0.0,0.0,1.0,0.0
平谷区,2012,37.3,no_screening_flag,E4_zero_central_tail,0.0,0.0,1.0,0.0
平谷区,2013,36.9,no_screening_flag,E4_zero_central_tail,0.0,0.0,1.0,0.0
平谷区,2014,40.5,no_screening_flag,E4_zero_central_tail,0.0,0.0,1.0,0.0
平谷区,2015,41.8,no_screening_flag,E4_zero_central_tail,0.0,0.0,1.0,0.0
平谷区,2016,42.4,no_screening_flag,E4_zero_central_tail,0.0,0.0,1.0,0.0
平谷区,2017,42.0,no_screening_flag,E4_zero_central_tail,0.0,0.0,1.0,0.0
平谷区,2018,32.8,large_year_to_year_change_gt5m,E4_zero_central_tail,0.0,0.0,1.0,0.0
平谷区,2019,33.8,no_screening_flag,E4_zero_central_tail,0.0,0.0,1.0,0.0
平谷区,2020,35.8,no_screening_flag,E4_zero_central_tail,0.0,0.0,1.0,0.0
延庆区,2000,8.4,no_screening_flag,E4_zero_central_tail,0.18273799999999998,0.0,0.6666666666666666,0.12182533333333331
延庆区,2001,8.2,no_screening_flag,E4_zero_central_tail,0.18273799999999998,0.0,0.6888888888888889,0.12588617777777777
延庆区,2002,8.3,bulletin_marked_draft;cross_report_value_disagreement,E4_zero_central_tail,0.18273799999999998,0.0,0.7111111111111111,0.1299470222222222
延庆区,2003,8.6,low_resolution_photographed_chart;source_chart_city_control_disagreement,E4_zero_central_tail,0.18273799999999998,0.0,0.7333333333333333,0.13400786666666664
延庆区,2004,8.5,low_resolution_photographed_chart;source_chart_city_control_disagreement,E4_zero_central_tail,0.18273799999999998,0.0,0.7555555555555555,0.1380687111111111
延庆区,2005,8.7,low_resolution_photographed_chart,E4_zero_central_tail,0.18273799999999998,0.0,0.7777777777777778,0.14212955555555554
延庆区,2006,8.4,low_resolution_photographed_chart,E4_zero_central_tail,0.18273799999999998,0.0,0.7777777777777778,0.14212955555555554
延庆区,2007,9.0,low_resolution_photographed_chart,E4_zero_central_tail,0.18273799999999998,0.0,0.7777777777777778,0.14212955555555554
延庆区,2008,8.8,no_screening_flag,E4_zero_central_tail,0.18273799999999998,0.0,0.7777777777777778,0.14212955555555554
延庆区,2009,9.2,no_screening_flag,E4_zero_central_tail,0.020419,0.0,0.7777777777777778,0.015881444444444445
延庆区,2010,9.3,no_screening_flag,E4_zero_central_tail,0.020419,0.0,0.7777777777777778,0.015881444444444445
延庆区,2011,9.3,no_screening_flag,E4_zero_central_tail,0.020419,0.0,0.7777777777777778,0.015881444444444445
延庆区,2012,9.2,no_screening_flag,E4_zero_central_tail,0.020419,0.0,0.7777777777777778,0.015881444444444445
延庆区,2013,9.3,no_screening_flag,E4_zero_central_tail,0.020419,0.0,0.7777777777777778,0.015881444444444445
延庆区,2014,10.4,no_screening_flag,E4_zero_central_tail,0.020419,0.0,0.7777777777777778,0.015881444444444445
延庆区,2015,10.4,no_screening_flag,E4_zero_central_tail,0.020419,0.0,0.7777777777777778,0.015881444444444445
延庆区,2016,9.8,no_screening_flag,E4_zero_central_tail,0.020419,0.0,0.8222222222222222,0.016788955555555554
延庆区,2017,10.0,no_screening_flag,E4_zero_central_tail,0.020419,0.0,0.8666666666666667,0.017696466666666667
延庆区,2018,9.7,no_screening_flag,E4_zero_central_tail,0.020419,0.0,0.9111111111111112,0.01860397777777778
延庆区,2019,9.8,no_screening_flag,E4_zero_central_tail,0.020419,0.0,0.9555555555555556,0.01951148888888889
延庆区,2020,7.2,no_screening_flag,E4_zero_central_tail,0.18273799999999998,0.0,1.0,0.18273799999999998
怀柔区,2000,6.9,no_screening_flag,E4_zero_central_tail,0.387258,0.0,0.5714285714285714,0.2212902857142857
怀柔区,2001,7.7,no_screening_flag,E4_zero_central_tail,0.387258,0.0,0.638095238095238,0.2471074857142857
怀柔区,2002,10.4,bulletin_marked_draft;cross_report_value_disagreement,E4_zero_central_tail,0.031538,0.0,0.7047619047619047,0.022226780952380946
怀柔区,2003,11.7,low_resolution_photographed_chart;source_chart_city_control_disagreement,E4_zero_central_tail,0.031538,0.0,0.7714285714285714,0.02432931428571428
怀柔区,2004,14.1,low_resolution_photographed_chart;source_chart_city_control_disagreement,E4_zero_central_tail,0.031538,3.1537999999999995,0.8380952380952381,0.026431847619047617
怀柔区,2005,15.9,low_resolution_photographed_chart,E4_zero_central_tail,0.0,0.0,0.9047619047619048,0.0
怀柔区,2006,16.7,low_resolution_photographed_chart,E4_zero_central_tail,0.0,0.0,0.9142857142857144,0.0
怀柔区,2007,19.2,low_resolution_photographed_chart,E4_zero_central_tail,0.0,0.0,0.9238095238095236,0.0
怀柔区,2008,19.7,no_screening_flag,E4_zero_central_tail,0.0,0.0,0.9333333333333332,0.0
怀柔区,2009,20.1,no_screening_flag,E4_zero_central_tail,0.0,0.0,0.9428571428571428,0.0
怀柔区,2010,21.3,no_screening_flag,E4_zero_central_tail,0.0,0.0,0.9523809523809524,0.0
怀柔区,2011,22.3,no_screening_flag,E4_zero_central_tail,0.0,0.0,0.9523809523809524,0.0
怀柔区,2012,21.2,no_screening_flag,E4_zero_central_tail,0.0,0.0,0.9523809523809524,0.0
怀柔区,2013,21.5,no_screening_flag,E4_zero_central_tail,0.0,0.0,0.9523809523809524,0.0
怀柔区,2014,22.6,no_screening_flag,E4_zero_central_tail,0.0,0.0,0.9523809523809524,0.0
怀柔区,2015,22.3,no_screening_flag,E4_zero_central_tail,0.0,0.0,0.9523809523809524,0.0
怀柔区,2016,21.6,no_screening_flag,E4_zero_central_tail,0.0,0.0,0.9619047619047618,0.0
怀柔区,2017,21.2,no_screening_flag,E4_zero_central_tail,0.0,0.0,0.9714285714285714,0.0
怀柔区,2018,17.3,no_screening_flag,E4_zero_central_tail,0.0,0.0,0.9809523809523808,0.0
怀柔区,2019,15.8,no_screening_flag,E4_zero_central_tail,0.0,0.0,0.9904761904761904,0.0
怀柔区,2020,16.3,no_screening_flag,E4_zero_central_tail,0.0,0.0,1.0,0.0
房山区,2000,10.4,no_screening_flag,E4_zero_central_tail,0.09858,0.0,0.6973684210526315,0.06874657894736842
房山区,2001,12.0,no_screening_flag,E4_zero_central_tail,0.09858,0.0,0.7210526315789473,0.07108136842105263
房山区,2002,11.7,bulletin_marked_draft;cross_report_value_disagreement,E4_zero_central_tail,0.09858,0.0,0.7447368421052631,0.07341615789473684
房山区,2003,11.1,low_resolution_photographed_chart;source_chart_city_control_disagreement,E4_zero_central_tail,0.09858,0.0,0.7684210526315789,0.07575094736842104
房山区,2004,11.4,low_resolution_photographed_chart;source_chart_city_control_disagreement,E4_zero_central_tail,0.09858,0.0,0.7921052631578948,0.07808573684210526
房山区,2005,20.0,large_year_to_year_change_gt5m;low_resolution_photographed_chart,E4_zero_central_tail,0.0,0.0,0.8157894736842105,0.0
房山区,2006,11.8,large_year_to_year_change_gt5m;low_resolution_photographed_chart,E4_zero_central_tail,0.09858,0.0,0.85,0.08379299999999999
房山区,2007,11.6,low_resolution_photographed_chart,E4_zero_central_tail,0.09858,0.0,0.8842105263157894,0.08716547368421053
房山区,2008,11.1,no_screening_flag,E4_zero_central_tail,0.09858,0.0,0.9184210526315788,0.09053794736842104
房山区,2009,11.6,no_screening_flag,E4_zero_central_tail,0.09858,0.0,0.9526315789473684,0.09391042105263157
房山区,2010,12.6,no_screening_flag,E4_zero_central_tail,0.09858,0.0,0.986842105263158,0.09728289473684211
房山区,2011,10.7,no_screening_flag,E4_zero_central_tail,0.09858,0.0,0.9894736842105264,0.0975423157894737
房山区,2012,8.4,no_screening_flag,E4_zero_central_tail,0.491026,0.0,0.9921052631578948,0.4871494789473685
房山区,2013,8.9,no_screening_flag,E4_zero_central_tail,0.491026,0.0,0.9947368421052633,0.488441652631579
房山区,2014,10.2,no_screening_flag,E4_zero_central_tail,0.09858,0.0,0.9973684210526316,0.09832057894736843
房山区,2015,10.6,no_screening_flag,E4_zero_central_tail,0.09858,0.0,1.0,0.09858
房山区,2016,9.0,no_screening_flag,E4_zero_central_tail,0.491026,0.0,1.0,0.491026
房山区,2017,9.3,no_screening_flag,E4_zero_central_tail,0.09858,0.0,1.0,0.09858
房山区,2018,9.6,no_screening_flag,E4_zero_central_tail,0.09858,0.0,1.0,0.09858
房山区,2019,10.5,no_screening_flag,E4_zero_central_tail,0.09858,0.0,1.0,0.09858
房山区,2020,8.6,no_screening_flag,E4_zero_central_tail,0.491026,0.0,1.0,0.491026
昌平区,2000,15.9,no_screening_flag,E4_zero_central_tail,0.001292,0.0,0.6014492753623188,0.0007770724637681159
昌平区,2001,17.4,no_screening_flag,E4_zero_central_tail,0.0,0.0,0.6434782608695653,0.0
昌平区,2002,19.1,bulletin_marked_draft,E4_zero_central_tail,0.0,0.0,0.6855072463768116,0.0
昌平区,2003,18.5,cross_report_value_disagreement;low_resolution_photographed_chart;source_chart_city_control_disagreement,E4_zero_central_tail,0.0,0.0,0.727536231884058,0.0
昌平区,2004,21.1,low_resolution_photographed_chart;source_chart_city_control_disagreement,E4_zero_central_tail,0.0,0.0,0.7695652173913043,0.0
昌平区,2005,22.7,low_resolution_photographed_chart,E4_zero_central_tail,0.0,0.0,0.8115942028985508,0.0
昌平区,2006,23.1,low_resolution_photographed_chart,E4_zero_central_tail,0.0,0.0,0.846376811594203,0.0
昌平区,2007,25.3,low_resolution_photographed_chart,E4_zero_central_tail,0.0,0.0,0.8811594202898552,0.0
昌平区,2008,26.3,no_screening_flag,E4_zero_central_tail,0.0,0.0,0.9159420289855073,0.0
昌平区,2009,27.5,no_screening_flag,E4_zero_central_tail,0.0,0.0,0.9507246376811594,0.0
昌平区,2010,29.3,no_screening_flag,E4_zero_central_tail,0.0,0.0,0.9855072463768116,0.0
昌平区,2011,29.9,no_screening_flag,E4_zero_central_tail,0.0,0.0,0.9884057971014492,0.0
昌平区,2012,30.2,no_screening_flag,E4_zero_central_tail,0.0,0.0,0.991304347826087,0.0
昌平区,2013,31.3,no_screening_flag,E4_zero_central_tail,0.0,0.0,0.9942028985507246,0.0
昌平区,2014,32.3,no_screening_flag,E4_zero_central_tail,0.0,0.0,0.9971014492753624,0.0
昌平区,2015,32.3,no_screening_flag,E4_zero_central_tail,0.0,0.0,1.0,0.0
昌平区,2016,30.7,no_screening_flag,E4_zero_central_tail,0.0,0.0,1.0,0.0
昌平区,2017,30.2,no_screening_flag,E4_zero_central_tail,0.0,0.0,1.0,0.0
昌平区,2018,29.4,no_screening_flag,E4_zero_central_tail,0.0,0.0,1.0,0.0
昌平区,2019,28.8,no_screening_flag,E4_zero_central_tail,0.0,0.0,1.0,0.0
昌平区,2020,27.1,no_screening_flag,E4_zero_central_tail,0.0,0.0,1.0,0.0
通州区,2000,5.7,no_screening_flag,E4_zero_central_tail,0.437462,0.0,0.4421052631578947,0.19340425263157895
通州区,2001,6.4,no_screening_flag,E4_zero_central_tail,0.437462,0.0,0.4694736842105263,0.20537689684210528
通州区,2002,6.4,bulletin_marked_draft;cross_report_value_disagreement,E4_zero_central_tail,0.437462,0.0,0.4968421052631579,0.2173495410526316
通州区,2003,7.0,low_resolution_photographed_chart;source_chart_city_control_disagreement,E4_zero_central_tail,0.437462,0.0,0.5242105263157895,0.2293221852631579
通州区,2004,7.5,low_resolution_photographed_chart;source_chart_city_control_disagreement,E4_zero_central_tail,0.437462,0.0,0.5515789473684211,0.24129482947368422
通州区,2005,8.1,low_resolution_photographed_chart,E4_zero_central_tail,0.437462,0.0,0.5789473684210527,0.25326747368421054
通州区,2006,7.6,low_resolution_photographed_chart,E4_zero_central_tail,0.437462,0.0,0.6063157894736843,0.2652401178947369
通州区,2007,7.5,low_resolution_photographed_chart,E4_zero_central_tail,0.437462,0.0,0.6336842105263158,0.2772127621052632
通州区,2008,7.6,no_screening_flag,E4_zero_central_tail,0.437462,0.0,0.6610526315789473,0.2891854063157895
通州区,2009,7.2,no_screening_flag,E4_zero_central_tail,0.437462,0.0,0.6884210526315789,0.3011580505263158
通州区,2010,7.4,no_screening_flag,E4_zero_central_tail,0.437462,0.0,0.7157894736842105,0.31313069473684213
通州区,2011,7.1,no_screening_flag,E4_zero_central_tail,0.437462,0.0,0.72,0.31497264
通州区,2012,6.6,no_screening_flag,E4_zero_central_tail,0.437462,0.0,0.7242105263157894,0.31681458526315787
通州区,2013,6.8,no_screening_flag,E4_zero_central_tail,0.437462,0.0,0.728421052631579,0.3186565305263158
通州区,2014,7.5,no_screening_flag,E4_zero_central_tail,0.437462,0.0,0.7326315789473684,0.3204984757894737
通州区,2015,8.1,no_screening_flag,E4_zero_central_tail,0.437462,0.0,0.7368421052631579,0.32234042105263155
通州区,2016,7.6,no_screening_flag,E4_zero_central_tail,0.437462,0.0,0.7894736842105263,0.3453647368421053
通州区,2017,7.8,no_screening_flag,E4_zero_central_tail,0.437462,0.0,0.8421052631578947,0.36838905263157895
通州区,2018,7.3,no_screening_flag,E4_zero_central_tail,0.437462,0.0,0.8947368421052632,0.3914133684210527
通州区,2019,8.2,no_screening_flag,E4_zero_central_tail,0.437462,0.0,0.9473684210526316,0.41443768421052635
通州区,2020,7.8,no_screening_flag,E4_zero_central_tail,0.437462,0.0,1.0,0.437462
门头沟区,2000,19.3,no_screening_flag,E4_zero_central_tail,0.0,0.0,0.5294117647058824,0.0
门头沟区,2001,19.9,no_screening_flag,E4_zero_central_tail,0.0,0.0,0.5941176470588235,0.0
门头沟区,2002,19.7,bulletin_marked_draft;cross_report_value_disagreement,E4_zero_central_tail,0.0,0.0,0.6588235294117647,0.0
门头沟区,2003,19.9,low_resolution_photographed_chart;source_chart_city_control_disagreement,E4_zero_central_tail,0.0,0.0,0.7235294117647059,0.0
门头沟区,2004,19.6,low_resolution_photographed_chart;source_chart_city_control_disagreement,E4_zero_central_tail,0.0,0.0,0.788235294117647,0.0
门头沟区,2005,20.0,low_resolution_photographed_chart,E4_zero_central_tail,0.0,0.0,0.8529411764705882,0.0
门头沟区,2006,19.0,low_resolution_photographed_chart,E4_zero_central_tail,0.0,0.0,0.8588235294117647,0.0
门头沟区,2007,19.8,low_resolution_photographed_chart,E4_zero_central_tail,0.0,0.0,0.8647058823529411,0.0
门头沟区,2008,20.1,no_screening_flag,E4_zero_central_tail,0.0,0.0,0.8705882352941177,0.0
门头沟区,2009,20.5,no_screening_flag,E4_zero_central_tail,0.0,0.0,0.8764705882352941,0.0
门头沟区,2010,20.7,no_screening_flag,E4_zero_central_tail,0.0,0.0,0.8823529411764706,0.0
门头沟区,2011,20.0,no_screening_flag,E4_zero_central_tail,0.0,0.0,0.9058823529411764,0.0
门头沟区,2012,19.4,no_screening_flag,E4_zero_central_tail,0.0,0.0,0.9294117647058824,0.0
门头沟区,2013,21.5,no_screening_flag,E4_zero_central_tail,0.0,0.0,0.9529411764705882,0.0
门头沟区,2014,23.3,no_screening_flag,E4_zero_central_tail,0.0,0.0,0.976470588235294,0.0
门头沟区,2015,23.0,no_screening_flag,E4_zero_central_tail,0.0,0.0,1.0,0.0
门头沟区,2016,20.0,no_screening_flag,E4_zero_central_tail,0.0,0.0,1.0,0.0
门头沟区,2017,16.7,no_screening_flag,E4_zero_central_tail,0.022179,0.0,1.0,0.022179
门头沟区,2018,17.0,cross_report_value_disagreement,E4_zero_central_tail,0.022179,0.0,1.0,0.022179
门头沟区,2019,38.2,large_year_to_year_change_gt5m,E4_zero_central_tail,0.0,0.0,1.0,0.0
门头沟区,2020,35.8,no_screening_flag,E4_zero_central_tail,0.0,0.0,1.0,0.0
顺义区,2000,16.8,no_screening_flag,E4_zero_central_tail,0.0,0.0,0.9285714285714286,0.0
顺义区,2001,17.5,no_screening_flag,E4_zero_central_tail,0.0,0.0,0.9285714285714286,0.0
顺义区,2002,18.7,bulletin_marked_draft,E4_zero_central_tail,0.0,0.0,0.9285714285714286,0.0
顺义区,2003,19.1,low_resolution_photographed_chart;source_chart_city_control_disagreement,E4_zero_central_tail,0.0,0.0,0.9285714285714286,0.0
顺义区,2004,22.3,low_resolution_photographed_chart;source_chart_city_control_disagreement,E4_zero_central_tail,0.0,0.0,0.9285714285714286,0.0
顺义区,2005,24.4,low_resolution_photographed_chart,E4_zero_central_tail,0.0,0.0,0.9285714285714286,0.0
顺义区,2006,26.2,low_resolution_photographed_chart,E4_zero_central_tail,0.0,0.0,0.9333333333333332,0.0
顺义区,2007,28.2,low_resolution_photographed_chart,E4_zero_central_tail,0.0,0.0,0.938095238095238,0.0
顺义区,2008,29.0,no_screening_flag,E4_zero_central_tail,0.0,0.0,0.9428571428571428,0.0
顺义区,2009,30.4,no_screening_flag,E4_zero_central_tail,0.0,0.0,0.9476190476190476,0.0
顺义区,2010,31.6,no_screening_flag,E4_zero_central_tail,0.0,0.0,0.9523809523809524,0.0
顺义区,2011,32.4,no_screening_flag,E4_zero_central_tail,0.0,0.0,0.9619047619047618,0.0
顺义区,2012,32.4,no_screening_flag,E4_zero_central_tail,0.0,0.0,0.9714285714285714,0.0
顺义区,2013,33.4,no_screening_flag,E4_zero_central_tail,0.0,0.0,0.9809523809523808,0.0
顺义区,2014,34.4,no_screening_flag,E4_zero_central_tail,0.0,0.0,0.9904761904761904,0.0
顺义区,2015,34.3,no_screening_flag,E4_zero_central_tail,0.0,0.0,1.0,0.0
顺义区,2016,33.7,no_screening_flag,E4_zero_central_tail,0.0,0.0,1.0,0.0
顺义区,2017,34.1,no_screening_flag,E4_zero_central_tail,0.0,0.0,1.0,0.0
顺义区,2018,33.3,no_screening_flag,E4_zero_central_tail,0.0,0.0,1.0,0.0
顺义区,2019,32.2,no_screening_flag,E4_zero_central_tail,0.0,0.0,1.0,0.0
顺义区,2020,29.3,no_screening_flag,E4_zero_central_tail,0.0,0.0,1.0,0.0
大兴区,2000,11.7,no_screening_flag,E4_p03_extend,0.087487,0.0,0.3091787439613526,0.027049120772946852
大兴区,2001,12.6,no_screening_flag,E4_p03_extend,0.087487,0.0,0.3690821256038647,0.03228988792270531
大兴区,2002,13.2,bulletin_marked_draft;cross_report_value_disagreement,E4_p03_extend,0.087487,7.7494,0.4289855072463768,0.03753065507246377
大兴区,2003,13.9,low_resolution_photographed_chart;source_chart_city_control_disagreement,E4_p03_extend,0.009993,0.0,0.4888888888888889,0.004885466666666667
大兴区,2004,15.0,low_resolution_photographed_chart;source_chart_city_control_disagreement,E4_p03_extend,0.009993,0.0,0.548792270531401,0.00548408115942029
大兴区,2005,15.9,low_resolution_photographed_chart,E4_p03_extend,0.009993,0.0,0.6086956521739131,0.006082695652173914
大兴区,2006,17.3,low_resolution_photographed_chart,E4_p03_extend,0.009993,0.9993,0.6328502415458938,0.006324072463768116
大兴区,2007,17.9,low_resolution_photographed_chart,E4_p03_extend,0.009993,0.9993,0.6570048309178744,0.006565449275362319
大兴区,2008,18.6,no_screening_flag,E4_p03_extend,0.009993,0.9993,0.6811594202898551,0.006806826086956522
大兴区,2009,19.3,no_screening_flag,E4_p03_extend,0.0,0.0,0.7053140096618358,0.0
大兴区,2010,18.8,no_screening_flag,E4_p03_extend,0.009993,0.9993,0.7294685990338164,0.007289579710144928
大兴区,2011,18.9,no_screening_flag,E4_p03_extend,0.009993,0.9993,0.7323671497584541,0.007318544927536232
大兴区,2012,17.9,no_screening_flag,E4_p03_extend,0.009993,0.9993,0.7352657004830918,0.007347510144927537
大兴区,2013,17.8,no_screening_flag,E4_p03_extend,0.009993,0.9993,0.7381642512077294,0.00737647536231884
大兴区,2014,19.0,no_screening_flag,E4_p03_extend,0.009993,0.9993,0.7410628019323672,0.0074054405797101455
大兴区,2015,18.7,no_screening_flag,E4_p03_extend,0.009993,0.9993,0.7439613526570048,0.007434405797101449
大兴区,2016,17.8,no_screening_flag,E4_p03_extend,0.009993,0.9993,0.7951690821256039,0.00794612463768116
大兴区,2017,17.9,no_screening_flag,E4_p03_extend,0.009993,0.9993,0.8463768115942029,0.00845784347826087
大兴区,2018,17.9,no_screening_flag,E4_p03_extend,0.009993,0.9993,0.8975845410628019,0.00896956231884058
大兴区,2019,17.8,no_screening_flag,E4_p03_extend,0.009993,0.9993,0.9487922705314008,0.009481281159420289
大兴区,2020,16.8,no_screening_flag,E4_p03_extend,0.009993,0.0,1.0,0.009993
密云区,2000,19.3,no_screening_flag,E4_p03_extend,0.0,0.0,0.53125,0.0
密云区,2001,22.0,bulletin_marked_draft;primary_figure_occluded_used_alternate_source,E4_p03_extend,0.0,0.0,0.58125,0.0
密云区,2002,22.7,bulletin_marked_draft;cross_report_value_disagreement,E4_p03_extend,0.0,0.0,0.63125,0.0
密云区,2003,24.2,cross_report_value_disagreement;low_resolution_photographed_chart;source_chart_city_control_disagreement,E4_p03_extend,0.0,0.0,0.68125,0.0
密云区,2004,25.5,low_resolution_photographed_chart;source_chart_city_control_disagreement,E4_p03_extend,0.0,0.0,0.73125,0.0
密云区,2005,25.4,low_resolution_photographed_chart,E4_p03_extend,0.0,0.0,0.78125,0.0
密云区,2006,26.1,low_resolution_photographed_chart,E4_p03_extend,0.0,0.0,0.78125,0.0
密云区,2007,28.0,low_resolution_photographed_chart,E4_p03_extend,0.0,0.0,0.78125,0.0
密云区,2008,28.2,no_screening_flag,E4_p03_extend,0.0,0.0,0.78125,0.0
密云区,2009,28.9,no_screening_flag,E4_p03_extend,0.0,0.0,0.78125,0.0
密云区,2010,29.9,no_screening_flag,E4_p03_extend,0.0,0.0,0.78125,0.0
密云区,2011,29.5,no_screening_flag,E4_p03_extend,0.0,0.0,0.78125,0.0
密云区,2012,28.7,no_screening_flag,E4_p03_extend,0.0,0.0,0.78125,0.0
密云区,2013,29.8,no_screening_flag,E4_p03_extend,0.0,0.0,0.78125,0.0
密云区,2014,30.4,no_screening_flag,E4_p03_extend,0.0,0.0,0.78125,0.0
密云区,2015,30.6,no_screening_flag,E4_p03_extend,0.0,0.0,0.78125,0.0
密云区,2016,29.7,no_screening_flag,E4_p03_extend,0.0,0.0,0.825,0.0
密云区,2017,31.3,no_screening_flag,E4_p03_extend,0.0,0.0,0.86875,0.0
密云区,2018,24.9,large_year_to_year_change_gt5m,E4_p03_extend,0.0,0.0,0.9125,0.0
密云区,2019,24.8,no_screening_flag,E4_p03_extend,0.0,0.0,0.95625,0.0
密云区,2020,25.2,no_screening_flag,E4_p03_extend,0.0,0.0,1.0,0.0
平谷区,2000,19.6,no_screening_flag,E4_p03_extend,0.0,0.0,0.75,0.0
平谷区,2001,17.9,no_screening_flag,E4_p03_extend,0.0,0.0,0.7833333333333333,0.0
平谷区,2002,20.7,bulletin_marked_draft;cross_report_value_disagreement,E4_p03_extend,0.0,0.0,0.8166666666666667,0.0
平谷区,2003,20.6,cross_report_value_disagreement;low_resolution_photographed_chart;source_chart_city_control_disagreement,E4_p03_extend,0.0,0.0,0.85,0.0
平谷区,2004,23.0,low_resolution_photographed_chart;source_chart_city_control_disagreement,E4_p03_extend,0.0,0.0,0.8833333333333333,0.0
平谷区,2005,26.0,low_resolution_photographed_chart,E4_p03_extend,0.0,0.0,0.9166666666666666,0.0
平谷区,2006,29.8,cross_report_value_disagreement;low_resolution_photographed_chart,E4_p03_extend,0.0,0.0,0.9333333333333332,0.0
平谷区,2007,33.2,low_resolution_photographed_chart,E4_p03_extend,0.0,0.0,0.95,0.0
平谷区,2008,34.6,no_screening_flag,E4_p03_extend,0.0,0.0,0.9666666666666668,0.0
平谷区,2009,37.7,no_screening_flag,E4_p03_extend,0.0,0.0,0.9833333333333332,0.0
平谷区,2010,39.4,no_screening_flag,E4_p03_extend,0.0,0.0,1.0,0.0
平谷区,2011,39.4,no_screening_flag,E4_p03_extend,0.0,0.0,1.0,0.0
平谷区,2012,37.3,no_screening_flag,E4_p03_extend,0.0,0.0,1.0,0.0
平谷区,2013,36.9,no_screening_flag,E4_p03_extend,0.0,0.0,1.0,0.0
平谷区,2014,40.5,no_screening_flag,E4_p03_extend,0.0,0.0,1.0,0.0
平谷区,2015,41.8,no_screening_flag,E4_p03_extend,0.0,0.0,1.0,0.0
平谷区,2016,42.4,no_screening_flag,E4_p03_extend,0.0,0.0,1.0,0.0
平谷区,2017,42.0,no_screening_flag,E4_p03_extend,0.0,0.0,1.0,0.0
平谷区,2018,32.8,large_year_to_year_change_gt5m,E4_p03_extend,0.0,0.0,1.0,0.0
平谷区,2019,33.8,no_screening_flag,E4_p03_extend,0.0,0.0,1.0,0.0
平谷区,2020,35.8,no_screening_flag,E4_p03_extend,0.0,0.0,1.0,0.0
延庆区,2000,8.4,no_screening_flag,E4_p03_extend,0.18273799999999998,0.0,0.6666666666666666,0.12182533333333331
延庆区,2001,8.2,no_screening_flag,E4_p03_extend,0.18273799999999998,0.0,0.6888888888888889,0.12588617777777777
延庆区,2002,8.3,bulletin_marked_draft;cross_report_value_disagreement,E4_p03_extend,0.18273799999999998,0.0,0.7111111111111111,0.1299470222222222
延庆区,2003,8.6,low_resolution_photographed_chart;source_chart_city_control_disagreement,E4_p03_extend,0.18273799999999998,0.0,0.7333333333333333,0.13400786666666664
延庆区,2004,8.5,low_resolution_photographed_chart;source_chart_city_control_disagreement,E4_p03_extend,0.18273799999999998,0.0,0.7555555555555555,0.1380687111111111
延庆区,2005,8.7,low_resolution_photographed_chart,E4_p03_extend,0.18273799999999998,0.0,0.7777777777777778,0.14212955555555554
延庆区,2006,8.4,low_resolution_photographed_chart,E4_p03_extend,0.18273799999999998,0.0,0.7777777777777778,0.14212955555555554
延庆区,2007,9.0,low_resolution_photographed_chart,E4_p03_extend,0.020419,-16.2319,0.7777777777777778,0.015881444444444445
延庆区,2008,8.8,no_screening_flag,E4_p03_extend,0.020419,-16.2319,0.7777777777777778,0.015881444444444445
延庆区,2009,9.2,no_screening_flag,E4_p03_extend,0.020419,0.0,0.7777777777777778,0.015881444444444445
延庆区,2010,9.3,no_screening_flag,E4_p03_extend,0.020419,0.0,0.7777777777777778,0.015881444444444445
延庆区,2011,9.3,no_screening_flag,E4_p03_extend,0.020419,0.0,0.7777777777777778,0.015881444444444445
延庆区,2012,9.2,no_screening_flag,E4_p03_extend,0.020419,0.0,0.7777777777777778,0.015881444444444445
延庆区,2013,9.3,no_screening_flag,E4_p03_extend,0.020419,0.0,0.7777777777777778,0.015881444444444445
延庆区,2014,10.4,no_screening_flag,E4_p03_extend,0.020419,0.0,0.7777777777777778,0.015881444444444445
延庆区,2015,10.4,no_screening_flag,E4_p03_extend,0.020419,0.0,0.7777777777777778,0.015881444444444445
延庆区,2016,9.8,no_screening_flag,E4_p03_extend,0.020419,0.0,0.8222222222222222,0.016788955555555554
延庆区,2017,10.0,no_screening_flag,E4_p03_extend,0.020419,0.0,0.8666666666666667,0.017696466666666667
延庆区,2018,9.7,no_screening_flag,E4_p03_extend,0.020419,0.0,0.9111111111111112,0.01860397777777778
延庆区,2019,9.8,no_screening_flag,E4_p03_extend,0.020419,0.0,0.9555555555555556,0.01951148888888889
延庆区,2020,7.2,no_screening_flag,E4_p03_extend,0.18273799999999998,0.0,1.0,0.18273799999999998
怀柔区,2000,6.9,no_screening_flag,E4_p03_extend,0.387258,0.0,0.5714285714285714,0.2212902857142857
怀柔区,2001,7.7,no_screening_flag,E4_p03_extend,0.387258,0.0,0.638095238095238,0.2471074857142857
怀柔区,2002,10.4,bulletin_marked_draft;cross_report_value_disagreement,E4_p03_extend,0.031538,0.0,0.7047619047619047,0.022226780952380946
怀柔区,2003,11.7,low_resolution_photographed_chart;source_chart_city_control_disagreement,E4_p03_extend,0.031538,0.0,0.7714285714285714,0.02432931428571428
怀柔区,2004,14.1,low_resolution_photographed_chart;source_chart_city_control_disagreement,E4_p03_extend,0.0,0.0,0.8380952380952381,0.0
怀柔区,2005,15.9,low_resolution_photographed_chart,E4_p03_extend,0.0,0.0,0.9047619047619048,0.0
怀柔区,2006,16.7,low_resolution_photographed_chart,E4_p03_extend,0.0,0.0,0.9142857142857144,0.0
怀柔区,2007,19.2,low_resolution_photographed_chart,E4_p03_extend,0.0,0.0,0.9238095238095236,0.0
怀柔区,2008,19.7,no_screening_flag,E4_p03_extend,0.0,0.0,0.9333333333333332,0.0
怀柔区,2009,20.1,no_screening_flag,E4_p03_extend,0.0,0.0,0.9428571428571428,0.0
怀柔区,2010,21.3,no_screening_flag,E4_p03_extend,0.0,0.0,0.9523809523809524,0.0
怀柔区,2011,22.3,no_screening_flag,E4_p03_extend,0.0,0.0,0.9523809523809524,0.0
怀柔区,2012,21.2,no_screening_flag,E4_p03_extend,0.0,0.0,0.9523809523809524,0.0
怀柔区,2013,21.5,no_screening_flag,E4_p03_extend,0.0,0.0,0.9523809523809524,0.0
怀柔区,2014,22.6,no_screening_flag,E4_p03_extend,0.0,0.0,0.9523809523809524,0.0
怀柔区,2015,22.3,no_screening_flag,E4_p03_extend,0.0,0.0,0.9523809523809524,0.0
怀柔区,2016,21.6,no_screening_flag,E4_p03_extend,0.0,0.0,0.9619047619047618,0.0
怀柔区,2017,21.2,no_screening_flag,E4_p03_extend,0.0,0.0,0.9714285714285714,0.0
怀柔区,2018,17.3,no_screening_flag,E4_p03_extend,0.0,0.0,0.9809523809523808,0.0
怀柔区,2019,15.8,no_screening_flag,E4_p03_extend,0.0,0.0,0.9904761904761904,0.0
怀柔区,2020,16.3,no_screening_flag,E4_p03_extend,0.0,0.0,1.0,0.0
房山区,2000,10.4,no_screening_flag,E4_p03_extend,0.09858,0.0,0.6973684210526315,0.06874657894736842
房山区,2001,12.0,no_screening_flag,E4_p03_extend,0.09858,0.0,0.7210526315789473,0.07108136842105263
房山区,2002,11.7,bulletin_marked_draft;cross_report_value_disagreement,E4_p03_extend,0.09858,0.0,0.7447368421052631,0.07341615789473684
房山区,2003,11.1,low_resolution_photographed_chart;source_chart_city_control_disagreement,E4_p03_extend,0.09858,0.0,0.7684210526315789,0.07575094736842104
房山区,2004,11.4,low_resolution_photographed_chart;source_chart_city_control_disagreement,E4_p03_extend,0.09858,0.0,0.7921052631578948,0.07808573684210526
房山区,2005,20.0,large_year_to_year_change_gt5m;low_resolution_photographed_chart,E4_p03_extend,0.0,0.0,0.8157894736842105,0.0
房山区,2006,11.8,large_year_to_year_change_gt5m;low_resolution_photographed_chart,E4_p03_extend,0.09858,0.0,0.85,0.08379299999999999
房山区,2007,11.6,low_resolution_photographed_chart,E4_p03_extend,0.09858,0.0,0.8842105263157894,0.08716547368421053
房山区,2008,11.1,no_screening_flag,E4_p03_extend,0.09858,0.0,0.9184210526315788,0.09053794736842104
房山区,2009,11.6,no_screening_flag,E4_p03_extend,0.09858,0.0,0.9526315789473684,0.09391042105263157
房山区,2010,12.6,no_screening_flag,E4_p03_extend,0.09858,0.0,0.986842105263158,0.09728289473684211
房山区,2011,10.7,no_screening_flag,E4_p03_extend,0.09858,0.0,0.9894736842105264,0.0975423157894737
房山区,2012,8.4,no_screening_flag,E4_p03_extend,0.491026,0.0,0.9921052631578948,0.4871494789473685
房山区,2013,8.9,no_screening_flag,E4_p03_extend,0.09858,-39.2446,0.9947368421052633,0.09806115789473685
房山区,2014,10.2,no_screening_flag,E4_p03_extend,0.09858,0.0,0.9973684210526316,0.09832057894736843
房山区,2015,10.6,no_screening_flag,E4_p03_extend,0.09858,0.0,1.0,0.09858
房山区,2016,9.0,no_screening_flag,E4_p03_extend,0.09858,-39.2446,1.0,0.09858
房山区,2017,9.3,no_screening_flag,E4_p03_extend,0.09858,0.0,1.0,0.09858
房山区,2018,9.6,no_screening_flag,E4_p03_extend,0.09858,0.0,1.0,0.09858
房山区,2019,10.5,no_screening_flag,E4_p03_extend,0.09858,0.0,1.0,0.09858
房山区,2020,8.6,no_screening_flag,E4_p03_extend,0.491026,0.0,1.0,0.491026
昌平区,2000,15.9,no_screening_flag,E4_p03_extend,0.001292,0.0,0.6014492753623188,0.0007770724637681159
昌平区,2001,17.4,no_screening_flag,E4_p03_extend,0.001292,0.1292,0.6434782608695653,0.0008313739130434783
昌平区,2002,19.1,bulletin_marked_draft,E4_p03_extend,0.0,0.0,0.6855072463768116,0.0
昌平区,2003,18.5,cross_report_value_disagreement;low_resolution_photographed_chart;source_chart_city_control_disagreement,E4_p03_extend,0.001292,0.1292,0.727536231884058,0.0009399768115942029
昌平区,2004,21.1,low_resolution_photographed_chart;source_chart_city_control_disagreement,E4_p03_extend,0.0,0.0,0.7695652173913043,0.0
昌平区,2005,22.7,low_resolution_photographed_chart,E4_p03_extend,0.0,0.0,0.8115942028985508,0.0
昌平区,2006,23.1,low_resolution_photographed_chart,E4_p03_extend,0.0,0.0,0.846376811594203,0.0
昌平区,2007,25.3,low_resolution_photographed_chart,E4_p03_extend,0.0,0.0,0.8811594202898552,0.0
昌平区,2008,26.3,no_screening_flag,E4_p03_extend,0.0,0.0,0.9159420289855073,0.0
昌平区,2009,27.5,no_screening_flag,E4_p03_extend,0.0,0.0,0.9507246376811594,0.0
昌平区,2010,29.3,no_screening_flag,E4_p03_extend,0.0,0.0,0.9855072463768116,0.0
昌平区,2011,29.9,no_screening_flag,E4_p03_extend,0.0,0.0,0.9884057971014492,0.0
昌平区,2012,30.2,no_screening_flag,E4_p03_extend,0.0,0.0,0.991304347826087,0.0
昌平区,2013,31.3,no_screening_flag,E4_p03_extend,0.0,0.0,0.9942028985507246,0.0
昌平区,2014,32.3,no_screening_flag,E4_p03_extend,0.0,0.0,0.9971014492753624,0.0
昌平区,2015,32.3,no_screening_flag,E4_p03_extend,0.0,0.0,1.0,0.0
昌平区,2016,30.7,no_screening_flag,E4_p03_extend,0.0,0.0,1.0,0.0
昌平区,2017,30.2,no_screening_flag,E4_p03_extend,0.0,0.0,1.0,0.0
昌平区,2018,29.4,no_screening_flag,E4_p03_extend,0.0,0.0,1.0,0.0
昌平区,2019,28.8,no_screening_flag,E4_p03_extend,0.0,0.0,1.0,0.0
昌平区,2020,27.1,no_screening_flag,E4_p03_extend,0.0,0.0,1.0,0.0
通州区,2000,5.7,no_screening_flag,E4_p03_extend,0.437462,0.0,0.4421052631578947,0.19340425263157895
通州区,2001,6.4,no_screening_flag,E4_p03_extend,0.437462,0.0,0.4694736842105263,0.20537689684210528
通州区,2002,6.4,bulletin_marked_draft;cross_report_value_disagreement,E4_p03_extend,0.437462,0.0,0.4968421052631579,0.2173495410526316
通州区,2003,7.0,low_resolution_photographed_chart;source_chart_city_control_disagreement,E4_p03_extend,0.437462,0.0,0.5242105263157895,0.2293221852631579
通州区,2004,7.5,low_resolution_photographed_chart;source_chart_city_control_disagreement,E4_p03_extend,0.437462,0.0,0.5515789473684211,0.24129482947368422
通州区,2005,8.1,low_resolution_photographed_chart,E4_p03_extend,0.437462,0.0,0.5789473684210527,0.25326747368421054
通州区,2006,7.6,low_resolution_photographed_chart,E4_p03_extend,0.437462,0.0,0.6063157894736843,0.2652401178947369
通州区,2007,7.5,low_resolution_photographed_chart,E4_p03_extend,0.437462,0.0,0.6336842105263158,0.2772127621052632
通州区,2008,7.6,no_screening_flag,E4_p03_extend,0.437462,0.0,0.6610526315789473,0.2891854063157895
通州区,2009,7.2,no_screening_flag,E4_p03_extend,0.437462,0.0,0.6884210526315789,0.3011580505263158
通州区,2010,7.4,no_screening_flag,E4_p03_extend,0.437462,0.0,0.7157894736842105,0.31313069473684213
通州区,2011,7.1,no_screening_flag,E4_p03_extend,0.437462,0.0,0.72,0.31497264
通州区,2012,6.6,no_screening_flag,E4_p03_extend,0.437462,0.0,0.7242105263157894,0.31681458526315787
通州区,2013,6.8,no_screening_flag,E4_p03_extend,0.437462,0.0,0.728421052631579,0.3186565305263158
通州区,2014,7.5,no_screening_flag,E4_p03_extend,0.437462,0.0,0.7326315789473684,0.3204984757894737
通州区,2015,8.1,no_screening_flag,E4_p03_extend,0.437462,0.0,0.7368421052631579,0.32234042105263155
通州区,2016,7.6,no_screening_flag,E4_p03_extend,0.437462,0.0,0.7894736842105263,0.3453647368421053
通州区,2017,7.8,no_screening_flag,E4_p03_extend,0.437462,0.0,0.8421052631578947,0.36838905263157895
通州区,2018,7.3,no_screening_flag,E4_p03_extend,0.437462,0.0,0.8947368421052632,0.3914133684210527
通州区,2019,8.2,no_screening_flag,E4_p03_extend,0.437462,0.0,0.9473684210526316,0.41443768421052635
通州区,2020,7.8,no_screening_flag,E4_p03_extend,0.437462,0.0,1.0,0.437462
门头沟区,2000,19.3,no_screening_flag,E4_p03_extend,0.0,0.0,0.5294117647058824,0.0
门头沟区,2001,19.9,no_screening_flag,E4_p03_extend,0.0,0.0,0.5941176470588235,0.0
门头沟区,2002,19.7,bulletin_marked_draft;cross_report_value_disagreement,E4_p03_extend,0.0,0.0,0.6588235294117647,0.0
门头沟区,2003,19.9,low_resolution_photographed_chart;source_chart_city_control_disagreement,E4_p03_extend,0.0,0.0,0.7235294117647059,0.0
门头沟区,2004,19.6,low_resolution_photographed_chart;source_chart_city_control_disagreement,E4_p03_extend,0.0,0.0,0.788235294117647,0.0
门头沟区,2005,20.0,low_resolution_photographed_chart,E4_p03_extend,0.0,0.0,0.8529411764705882,0.0
门头沟区,2006,19.0,low_resolution_photographed_chart,E4_p03_extend,0.022179,2.2179,0.8588235294117647,0.01904784705882353
门头沟区,2007,19.8,low_resolution_photographed_chart,E4_p03_extend,0.0,0.0,0.8647058823529411,0.0
门头沟区,2008,20.1,no_screening_flag,E4_p03_extend,0.0,0.0,0.8705882352941177,0.0
门头沟区,2009,20.5,no_screening_flag,E4_p03_extend,0.0,0.0,0.8764705882352941,0.0
门头沟区,2010,20.7,no_screening_flag,E4_p03_extend,0.0,0.0,0.8823529411764706,0.0
门头沟区,2011,20.0,no_screening_flag,E4_p03_extend,0.0,0.0,0.9058823529411764,0.0
门头沟区,2012,19.4,no_screening_flag,E4_p03_extend,0.0,0.0,0.9294117647058824,0.0
门头沟区,2013,21.5,no_screening_flag,E4_p03_extend,0.0,0.0,0.9529411764705882,0.0
门头沟区,2014,23.3,no_screening_flag,E4_p03_extend,0.0,0.0,0.976470588235294,0.0
门头沟区,2015,23.0,no_screening_flag,E4_p03_extend,0.0,0.0,1.0,0.0
门头沟区,2016,20.0,no_screening_flag,E4_p03_extend,0.0,0.0,1.0,0.0
门头沟区,2017,16.7,no_screening_flag,E4_p03_extend,0.022179,0.0,1.0,0.022179
门头沟区,2018,17.0,cross_report_value_disagreement,E4_p03_extend,0.022179,0.0,1.0,0.022179
门头沟区,2019,38.2,large_year_to_year_change_gt5m,E4_p03_extend,0.0,0.0,1.0,0.0
门头沟区,2020,35.8,no_screening_flag,E4_p03_extend,0.0,0.0,1.0,0.0
顺义区,2000,16.8,no_screening_flag,E4_p03_extend,0.0,0.0,0.9285714285714286,0.0
顺义区,2001,17.5,no_screening_flag,E4_p03_extend,0.0,0.0,0.9285714285714286,0.0
顺义区,2002,18.7,bulletin_marked_draft,E4_p03_extend,0.0,0.0,0.9285714285714286,0.0
顺义区,2003,19.1,low_resolution_photographed_chart;source_chart_city_control_disagreement,E4_p03_extend,0.0,0.0,0.9285714285714286,0.0
顺义区,2004,22.3,low_resolution_photographed_chart;source_chart_city_control_disagreement,E4_p03_extend,0.0,0.0,0.9285714285714286,0.0
顺义区,2005,24.4,low_resolution_photographed_chart,E4_p03_extend,0.0,0.0,0.9285714285714286,0.0
顺义区,2006,26.2,low_resolution_photographed_chart,E4_p03_extend,0.0,0.0,0.9333333333333332,0.0
顺义区,2007,28.2,low_resolution_photographed_chart,E4_p03_extend,0.0,0.0,0.938095238095238,0.0
顺义区,2008,29.0,no_screening_flag,E4_p03_extend,0.0,0.0,0.9428571428571428,0.0
顺义区,2009,30.4,no_screening_flag,E4_p03_extend,0.0,0.0,0.9476190476190476,0.0
顺义区,2010,31.6,no_screening_flag,E4_p03_extend,0.0,0.0,0.9523809523809524,0.0
顺义区,2011,32.4,no_screening_flag,E4_p03_extend,0.0,0.0,0.9619047619047618,0.0
顺义区,2012,32.4,no_screening_flag,E4_p03_extend,0.0,0.0,0.9714285714285714,0.0
顺义区,2013,33.4,no_screening_flag,E4_p03_extend,0.0,0.0,0.9809523809523808,0.0
顺义区,2014,34.4,no_screening_flag,E4_p03_extend,0.0,0.0,0.9904761904761904,0.0
顺义区,2015,34.3,no_screening_flag,E4_p03_extend,0.0,0.0,1.0,0.0
顺义区,2016,33.7,no_screening_flag,E4_p03_extend,0.0,0.0,1.0,0.0
顺义区,2017,34.1,no_screening_flag,E4_p03_extend,0.0,0.0,1.0,0.0
顺义区,2018,33.3,no_screening_flag,E4_p03_extend,0.0,0.0,1.0,0.0
顺义区,2019,32.2,no_screening_flag,E4_p03_extend,0.0,0.0,1.0,0.0
顺义区,2020,29.3,no_screening_flag,E4_p03_extend,0.0,0.0,1.0,0.0
大兴区,2000,11.7,no_screening_flag,E4_p03_central_tail,0.087487,0.0,0.3091787439613526,0.027049120772946852
大兴区,2001,12.6,no_screening_flag,E4_p03_central_tail,0.087487,0.0,0.3690821256038647,0.03228988792270531
大兴区,2002,13.2,bulletin_marked_draft;cross_report_value_disagreement,E4_p03_central_tail,0.087487,7.7494,0.4289855072463768,0.03753065507246377
大兴区,2003,13.9,low_resolution_photographed_chart;source_chart_city_control_disagreement,E4_p03_central_tail,0.009993,0.0,0.4888888888888889,0.004885466666666667
大兴区,2004,15.0,low_resolution_photographed_chart;source_chart_city_control_disagreement,E4_p03_central_tail,0.009993,0.0,0.548792270531401,0.00548408115942029
大兴区,2005,15.9,low_resolution_photographed_chart,E4_p03_central_tail,0.009993,0.0,0.6086956521739131,0.006082695652173914
大兴区,2006,17.3,low_resolution_photographed_chart,E4_p03_central_tail,0.0,0.0,0.6328502415458938,0.0
大兴区,2007,17.9,low_resolution_photographed_chart,E4_p03_central_tail,0.0,0.0,0.6570048309178744,0.0
大兴区,2008,18.6,no_screening_flag,E4_p03_central_tail,0.0,0.0,0.6811594202898551,0.0
大兴区,2009,19.3,no_screening_flag,E4_p03_central_tail,0.0,0.0,0.7053140096618358,0.0
大兴区,2010,18.8,no_screening_flag,E4_p03_central_tail,0.0,0.0,0.7294685990338164,0.0
大兴区,2011,18.9,no_screening_flag,E4_p03_central_tail,0.0,0.0,0.7323671497584541,0.0
大兴区,2012,17.9,no_screening_flag,E4_p03_central_tail,0.0,0.0,0.7352657004830918,0.0
大兴区,2013,17.8,no_screening_flag,E4_p03_central_tail,0.0,0.0,0.7381642512077294,0.0
大兴区,2014,19.0,no_screening_flag,E4_p03_central_tail,0.0,0.0,0.7410628019323672,0.0
大兴区,2015,18.7,no_screening_flag,E4_p03_central_tail,0.0,0.0,0.7439613526570048,0.0
大兴区,2016,17.8,no_screening_flag,E4_p03_central_tail,0.0,0.0,0.7951690821256039,0.0
大兴区,2017,17.9,no_screening_flag,E4_p03_central_tail,0.0,0.0,0.8463768115942029,0.0
大兴区,2018,17.9,no_screening_flag,E4_p03_central_tail,0.0,0.0,0.8975845410628019,0.0
大兴区,2019,17.8,no_screening_flag,E4_p03_central_tail,0.0,0.0,0.9487922705314008,0.0
大兴区,2020,16.8,no_screening_flag,E4_p03_central_tail,0.009993,0.0,1.0,0.009993
密云区,2000,19.3,no_screening_flag,E4_p03_central_tail,0.0,0.0,0.53125,0.0
密云区,2001,22.0,bulletin_marked_draft;primary_figure_occluded_used_alternate_source,E4_p03_central_tail,0.0,0.0,0.58125,0.0
密云区,2002,22.7,bulletin_marked_draft;cross_report_value_disagreement,E4_p03_central_tail,0.0,0.0,0.63125,0.0
密云区,2003,24.2,cross_report_value_disagreement;low_resolution_photographed_chart;source_chart_city_control_disagreement,E4_p03_central_tail,0.0,0.0,0.68125,0.0
密云区,2004,25.5,low_resolution_photographed_chart;source_chart_city_control_disagreement,E4_p03_central_tail,0.0,0.0,0.73125,0.0
密云区,2005,25.4,low_resolution_photographed_chart,E4_p03_central_tail,0.0,0.0,0.78125,0.0
密云区,2006,26.1,low_resolution_photographed_chart,E4_p03_central_tail,0.0,0.0,0.78125,0.0
密云区,2007,28.0,low_resolution_photographed_chart,E4_p03_central_tail,0.0,0.0,0.78125,0.0
密云区,2008,28.2,no_screening_flag,E4_p03_central_tail,0.0,0.0,0.78125,0.0
密云区,2009,28.9,no_screening_flag,E4_p03_central_tail,0.0,0.0,0.78125,0.0
密云区,2010,29.9,no_screening_flag,E4_p03_central_tail,0.0,0.0,0.78125,0.0
密云区,2011,29.5,no_screening_flag,E4_p03_central_tail,0.0,0.0,0.78125,0.0
密云区,2012,28.7,no_screening_flag,E4_p03_central_tail,0.0,0.0,0.78125,0.0
密云区,2013,29.8,no_screening_flag,E4_p03_central_tail,0.0,0.0,0.78125,0.0
密云区,2014,30.4,no_screening_flag,E4_p03_central_tail,0.0,0.0,0.78125,0.0
密云区,2015,30.6,no_screening_flag,E4_p03_central_tail,0.0,0.0,0.78125,0.0
密云区,2016,29.7,no_screening_flag,E4_p03_central_tail,0.0,0.0,0.825,0.0
密云区,2017,31.3,no_screening_flag,E4_p03_central_tail,0.0,0.0,0.86875,0.0
密云区,2018,24.9,large_year_to_year_change_gt5m,E4_p03_central_tail,0.0,0.0,0.9125,0.0
密云区,2019,24.8,no_screening_flag,E4_p03_central_tail,0.0,0.0,0.95625,0.0
密云区,2020,25.2,no_screening_flag,E4_p03_central_tail,0.0,0.0,1.0,0.0
平谷区,2000,19.6,no_screening_flag,E4_p03_central_tail,0.0,0.0,0.75,0.0
平谷区,2001,17.9,no_screening_flag,E4_p03_central_tail,0.0,0.0,0.7833333333333333,0.0
平谷区,2002,20.7,bulletin_marked_draft;cross_report_value_disagreement,E4_p03_central_tail,0.0,0.0,0.8166666666666667,0.0
平谷区,2003,20.6,cross_report_value_disagreement;low_resolution_photographed_chart;source_chart_city_control_disagreement,E4_p03_central_tail,0.0,0.0,0.85,0.0
平谷区,2004,23.0,low_resolution_photographed_chart;source_chart_city_control_disagreement,E4_p03_central_tail,0.0,0.0,0.8833333333333333,0.0
平谷区,2005,26.0,low_resolution_photographed_chart,E4_p03_central_tail,0.0,0.0,0.9166666666666666,0.0
平谷区,2006,29.8,cross_report_value_disagreement;low_resolution_photographed_chart,E4_p03_central_tail,0.0,0.0,0.9333333333333332,0.0
平谷区,2007,33.2,low_resolution_photographed_chart,E4_p03_central_tail,0.0,0.0,0.95,0.0
平谷区,2008,34.6,no_screening_flag,E4_p03_central_tail,0.0,0.0,0.9666666666666668,0.0
平谷区,2009,37.7,no_screening_flag,E4_p03_central_tail,0.0,0.0,0.9833333333333332,0.0
平谷区,2010,39.4,no_screening_flag,E4_p03_central_tail,0.0,0.0,1.0,0.0
平谷区,2011,39.4,no_screening_flag,E4_p03_central_tail,0.0,0.0,1.0,0.0
平谷区,2012,37.3,no_screening_flag,E4_p03_central_tail,0.0,0.0,1.0,0.0
平谷区,2013,36.9,no_screening_flag,E4_p03_central_tail,0.0,0.0,1.0,0.0
平谷区,2014,40.5,no_screening_flag,E4_p03_central_tail,0.0,0.0,1.0,0.0
平谷区,2015,41.8,no_screening_flag,E4_p03_central_tail,0.0,0.0,1.0,0.0
平谷区,2016,42.4,no_screening_flag,E4_p03_central_tail,0.0,0.0,1.0,0.0
平谷区,2017,42.0,no_screening_flag,E4_p03_central_tail,0.0,0.0,1.0,0.0
平谷区,2018,32.8,large_year_to_year_change_gt5m,E4_p03_central_tail,0.0,0.0,1.0,0.0
平谷区,2019,33.8,no_screening_flag,E4_p03_central_tail,0.0,0.0,1.0,0.0
平谷区,2020,35.8,no_screening_flag,E4_p03_central_tail,0.0,0.0,1.0,0.0
延庆区,2000,8.4,no_screening_flag,E4_p03_central_tail,0.18273799999999998,0.0,0.6666666666666666,0.12182533333333331
延庆区,2001,8.2,no_screening_flag,E4_p03_central_tail,0.18273799999999998,0.0,0.6888888888888889,0.12588617777777777
延庆区,2002,8.3,bulletin_marked_draft;cross_report_value_disagreement,E4_p03_central_tail,0.18273799999999998,0.0,0.7111111111111111,0.1299470222222222
延庆区,2003,8.6,low_resolution_photographed_chart;source_chart_city_control_disagreement,E4_p03_central_tail,0.18273799999999998,0.0,0.7333333333333333,0.13400786666666664
延庆区,2004,8.5,low_resolution_photographed_chart;source_chart_city_control_disagreement,E4_p03_central_tail,0.18273799999999998,0.0,0.7555555555555555,0.1380687111111111
延庆区,2005,8.7,low_resolution_photographed_chart,E4_p03_central_tail,0.18273799999999998,0.0,0.7777777777777778,0.14212955555555554
延庆区,2006,8.4,low_resolution_photographed_chart,E4_p03_central_tail,0.18273799999999998,0.0,0.7777777777777778,0.14212955555555554
延庆区,2007,9.0,low_resolution_photographed_chart,E4_p03_central_tail,0.020419,-16.2319,0.7777777777777778,0.015881444444444445
延庆区,2008,8.8,no_screening_flag,E4_p03_central_tail,0.020419,-16.2319,0.7777777777777778,0.015881444444444445
延庆区,2009,9.2,no_screening_flag,E4_p03_central_tail,0.020419,0.0,0.7777777777777778,0.015881444444444445
延庆区,2010,9.3,no_screening_flag,E4_p03_central_tail,0.020419,0.0,0.7777777777777778,0.015881444444444445
延庆区,2011,9.3,no_screening_flag,E4_p03_central_tail,0.020419,0.0,0.7777777777777778,0.015881444444444445
延庆区,2012,9.2,no_screening_flag,E4_p03_central_tail,0.020419,0.0,0.7777777777777778,0.015881444444444445
延庆区,2013,9.3,no_screening_flag,E4_p03_central_tail,0.020419,0.0,0.7777777777777778,0.015881444444444445
延庆区,2014,10.4,no_screening_flag,E4_p03_central_tail,0.020419,0.0,0.7777777777777778,0.015881444444444445
延庆区,2015,10.4,no_screening_flag,E4_p03_central_tail,0.020419,0.0,0.7777777777777778,0.015881444444444445
延庆区,2016,9.8,no_screening_flag,E4_p03_central_tail,0.020419,0.0,0.8222222222222222,0.016788955555555554
延庆区,2017,10.0,no_screening_flag,E4_p03_central_tail,0.020419,0.0,0.8666666666666667,0.017696466666666667
延庆区,2018,9.7,no_screening_flag,E4_p03_central_tail,0.020419,0.0,0.9111111111111112,0.01860397777777778
延庆区,2019,9.8,no_screening_flag,E4_p03_central_tail,0.020419,0.0,0.9555555555555556,0.01951148888888889
延庆区,2020,7.2,no_screening_flag,E4_p03_central_tail,0.18273799999999998,0.0,1.0,0.18273799999999998
怀柔区,2000,6.9,no_screening_flag,E4_p03_central_tail,0.387258,0.0,0.5714285714285714,0.2212902857142857
怀柔区,2001,7.7,no_screening_flag,E4_p03_central_tail,0.387258,0.0,0.638095238095238,0.2471074857142857
怀柔区,2002,10.4,bulletin_marked_draft;cross_report_value_disagreement,E4_p03_central_tail,0.031538,0.0,0.7047619047619047,0.022226780952380946
怀柔区,2003,11.7,low_resolution_photographed_chart;source_chart_city_control_disagreement,E4_p03_central_tail,0.031538,0.0,0.7714285714285714,0.02432931428571428
怀柔区,2004,14.1,low_resolution_photographed_chart;source_chart_city_control_disagreement,E4_p03_central_tail,0.0,0.0,0.8380952380952381,0.0
怀柔区,2005,15.9,low_resolution_photographed_chart,E4_p03_central_tail,0.0,0.0,0.9047619047619048,0.0
怀柔区,2006,16.7,low_resolution_photographed_chart,E4_p03_central_tail,0.0,0.0,0.9142857142857144,0.0
怀柔区,2007,19.2,low_resolution_photographed_chart,E4_p03_central_tail,0.0,0.0,0.9238095238095236,0.0
怀柔区,2008,19.7,no_screening_flag,E4_p03_central_tail,0.0,0.0,0.9333333333333332,0.0
怀柔区,2009,20.1,no_screening_flag,E4_p03_central_tail,0.0,0.0,0.9428571428571428,0.0
怀柔区,2010,21.3,no_screening_flag,E4_p03_central_tail,0.0,0.0,0.9523809523809524,0.0
怀柔区,2011,22.3,no_screening_flag,E4_p03_central_tail,0.0,0.0,0.9523809523809524,0.0
怀柔区,2012,21.2,no_screening_flag,E4_p03_central_tail,0.0,0.0,0.9523809523809524,0.0
怀柔区,2013,21.5,no_screening_flag,E4_p03_central_tail,0.0,0.0,0.9523809523809524,0.0
怀柔区,2014,22.6,no_screening_flag,E4_p03_central_tail,0.0,0.0,0.9523809523809524,0.0
怀柔区,2015,22.3,no_screening_flag,E4_p03_central_tail,0.0,0.0,0.9523809523809524,0.0
怀柔区,2016,21.6,no_screening_flag,E4_p03_central_tail,0.0,0.0,0.9619047619047618,0.0
怀柔区,2017,21.2,no_screening_flag,E4_p03_central_tail,0.0,0.0,0.9714285714285714,0.0
怀柔区,2018,17.3,no_screening_flag,E4_p03_central_tail,0.0,0.0,0.9809523809523808,0.0
怀柔区,2019,15.8,no_screening_flag,E4_p03_central_tail,0.0,0.0,0.9904761904761904,0.0
怀柔区,2020,16.3,no_screening_flag,E4_p03_central_tail,0.0,0.0,1.0,0.0
房山区,2000,10.4,no_screening_flag,E4_p03_central_tail,0.09858,0.0,0.6973684210526315,0.06874657894736842
房山区,2001,12.0,no_screening_flag,E4_p03_central_tail,0.09858,0.0,0.7210526315789473,0.07108136842105263
房山区,2002,11.7,bulletin_marked_draft;cross_report_value_disagreement,E4_p03_central_tail,0.09858,0.0,0.7447368421052631,0.07341615789473684
房山区,2003,11.1,low_resolution_photographed_chart;source_chart_city_control_disagreement,E4_p03_central_tail,0.09858,0.0,0.7684210526315789,0.07575094736842104
房山区,2004,11.4,low_resolution_photographed_chart;source_chart_city_control_disagreement,E4_p03_central_tail,0.09858,0.0,0.7921052631578948,0.07808573684210526
房山区,2005,20.0,large_year_to_year_change_gt5m;low_resolution_photographed_chart,E4_p03_central_tail,0.0,0.0,0.8157894736842105,0.0
房山区,2006,11.8,large_year_to_year_change_gt5m;low_resolution_photographed_chart,E4_p03_central_tail,0.09858,0.0,0.85,0.08379299999999999
房山区,2007,11.6,low_resolution_photographed_chart,E4_p03_central_tail,0.09858,0.0,0.8842105263157894,0.08716547368421053
房山区,2008,11.1,no_screening_flag,E4_p03_central_tail,0.09858,0.0,0.9184210526315788,0.09053794736842104
房山区,2009,11.6,no_screening_flag,E4_p03_central_tail,0.09858,0.0,0.9526315789473684,0.09391042105263157
房山区,2010,12.6,no_screening_flag,E4_p03_central_tail,0.09858,0.0,0.986842105263158,0.09728289473684211
房山区,2011,10.7,no_screening_flag,E4_p03_central_tail,0.09858,0.0,0.9894736842105264,0.0975423157894737
房山区,2012,8.4,no_screening_flag,E4_p03_central_tail,0.491026,0.0,0.9921052631578948,0.4871494789473685
房山区,2013,8.9,no_screening_flag,E4_p03_central_tail,0.09858,-39.2446,0.9947368421052633,0.09806115789473685
房山区,2014,10.2,no_screening_flag,E4_p03_central_tail,0.09858,0.0,0.9973684210526316,0.09832057894736843
房山区,2015,10.6,no_screening_flag,E4_p03_central_tail,0.09858,0.0,1.0,0.09858
房山区,2016,9.0,no_screening_flag,E4_p03_central_tail,0.09858,-39.2446,1.0,0.09858
房山区,2017,9.3,no_screening_flag,E4_p03_central_tail,0.09858,0.0,1.0,0.09858
房山区,2018,9.6,no_screening_flag,E4_p03_central_tail,0.09858,0.0,1.0,0.09858
房山区,2019,10.5,no_screening_flag,E4_p03_central_tail,0.09858,0.0,1.0,0.09858
房山区,2020,8.6,no_screening_flag,E4_p03_central_tail,0.491026,0.0,1.0,0.491026
昌平区,2000,15.9,no_screening_flag,E4_p03_central_tail,0.001292,0.0,0.6014492753623188,0.0007770724637681159
昌平区,2001,17.4,no_screening_flag,E4_p03_central_tail,0.0,0.0,0.6434782608695653,0.0
昌平区,2002,19.1,bulletin_marked_draft,E4_p03_central_tail,0.0,0.0,0.6855072463768116,0.0
昌平区,2003,18.5,cross_report_value_disagreement;low_resolution_photographed_chart;source_chart_city_control_disagreement,E4_p03_central_tail,0.0,0.0,0.727536231884058,0.0
昌平区,2004,21.1,low_resolution_photographed_chart;source_chart_city_control_disagreement,E4_p03_central_tail,0.0,0.0,0.7695652173913043,0.0
昌平区,2005,22.7,low_resolution_photographed_chart,E4_p03_central_tail,0.0,0.0,0.8115942028985508,0.0
昌平区,2006,23.1,low_resolution_photographed_chart,E4_p03_central_tail,0.0,0.0,0.846376811594203,0.0
昌平区,2007,25.3,low_resolution_photographed_chart,E4_p03_central_tail,0.0,0.0,0.8811594202898552,0.0
昌平区,2008,26.3,no_screening_flag,E4_p03_central_tail,0.0,0.0,0.9159420289855073,0.0
昌平区,2009,27.5,no_screening_flag,E4_p03_central_tail,0.0,0.0,0.9507246376811594,0.0
昌平区,2010,29.3,no_screening_flag,E4_p03_central_tail,0.0,0.0,0.9855072463768116,0.0
昌平区,2011,29.9,no_screening_flag,E4_p03_central_tail,0.0,0.0,0.9884057971014492,0.0
昌平区,2012,30.2,no_screening_flag,E4_p03_central_tail,0.0,0.0,0.991304347826087,0.0
昌平区,2013,31.3,no_screening_flag,E4_p03_central_tail,0.0,0.0,0.9942028985507246,0.0
昌平区,2014,32.3,no_screening_flag,E4_p03_central_tail,0.0,0.0,0.9971014492753624,0.0
昌平区,2015,32.3,no_screening_flag,E4_p03_central_tail,0.0,0.0,1.0,0.0
昌平区,2016,30.7,no_screening_flag,E4_p03_central_tail,0.0,0.0,1.0,0.0
昌平区,2017,30.2,no_screening_flag,E4_p03_central_tail,0.0,0.0,1.0,0.0
昌平区,2018,29.4,no_screening_flag,E4_p03_central_tail,0.0,0.0,1.0,0.0
昌平区,2019,28.8,no_screening_flag,E4_p03_central_tail,0.0,0.0,1.0,0.0
昌平区,2020,27.1,no_screening_flag,E4_p03_central_tail,0.0,0.0,1.0,0.0
通州区,2000,5.7,no_screening_flag,E4_p03_central_tail,0.437462,0.0,0.4421052631578947,0.19340425263157895
通州区,2001,6.4,no_screening_flag,E4_p03_central_tail,0.437462,0.0,0.4694736842105263,0.20537689684210528
通州区,2002,6.4,bulletin_marked_draft;cross_report_value_disagreement,E4_p03_central_tail,0.437462,0.0,0.4968421052631579,0.2173495410526316
通州区,2003,7.0,low_resolution_photographed_chart;source_chart_city_control_disagreement,E4_p03_central_tail,0.437462,0.0,0.5242105263157895,0.2293221852631579
通州区,2004,7.5,low_resolution_photographed_chart;source_chart_city_control_disagreement,E4_p03_central_tail,0.437462,0.0,0.5515789473684211,0.24129482947368422
通州区,2005,8.1,low_resolution_photographed_chart,E4_p03_central_tail,0.437462,0.0,0.5789473684210527,0.25326747368421054
通州区,2006,7.6,low_resolution_photographed_chart,E4_p03_central_tail,0.437462,0.0,0.6063157894736843,0.2652401178947369
通州区,2007,7.5,low_resolution_photographed_chart,E4_p03_central_tail,0.437462,0.0,0.6336842105263158,0.2772127621052632
通州区,2008,7.6,no_screening_flag,E4_p03_central_tail,0.437462,0.0,0.6610526315789473,0.2891854063157895
通州区,2009,7.2,no_screening_flag,E4_p03_central_tail,0.437462,0.0,0.6884210526315789,0.3011580505263158
通州区,2010,7.4,no_screening_flag,E4_p03_central_tail,0.437462,0.0,0.7157894736842105,0.31313069473684213
通州区,2011,7.1,no_screening_flag,E4_p03_central_tail,0.437462,0.0,0.72,0.31497264
通州区,2012,6.6,no_screening_flag,E4_p03_central_tail,0.437462,0.0,0.7242105263157894,0.31681458526315787
通州区,2013,6.8,no_screening_flag,E4_p03_central_tail,0.437462,0.0,0.728421052631579,0.3186565305263158
通州区,2014,7.5,no_screening_flag,E4_p03_central_tail,0.437462,0.0,0.7326315789473684,0.3204984757894737
通州区,2015,8.1,no_screening_flag,E4_p03_central_tail,0.437462,0.0,0.7368421052631579,0.32234042105263155
通州区,2016,7.6,no_screening_flag,E4_p03_central_tail,0.437462,0.0,0.7894736842105263,0.3453647368421053
通州区,2017,7.8,no_screening_flag,E4_p03_central_tail,0.437462,0.0,0.8421052631578947,0.36838905263157895
通州区,2018,7.3,no_screening_flag,E4_p03_central_tail,0.437462,0.0,0.8947368421052632,0.3914133684210527
通州区,2019,8.2,no_screening_flag,E4_p03_central_tail,0.437462,0.0,0.9473684210526316,0.41443768421052635
通州区,2020,7.8,no_screening_flag,E4_p03_central_tail,0.437462,0.0,1.0,0.437462
门头沟区,2000,19.3,no_screening_flag,E4_p03_central_tail,0.0,0.0,0.5294117647058824,0.0
门头沟区,2001,19.9,no_screening_flag,E4_p03_central_tail,0.0,0.0,0.5941176470588235,0.0
门头沟区,2002,19.7,bulletin_marked_draft;cross_report_value_disagreement,E4_p03_central_tail,0.0,0.0,0.6588235294117647,0.0
门头沟区,2003,19.9,low_resolution_photographed_chart;source_chart_city_control_disagreement,E4_p03_central_tail,0.0,0.0,0.7235294117647059,0.0
门头沟区,2004,19.6,low_resolution_photographed_chart;source_chart_city_control_disagreement,E4_p03_central_tail,0.0,0.0,0.788235294117647,0.0
门头沟区,2005,20.0,low_resolution_photographed_chart,E4_p03_central_tail,0.0,0.0,0.8529411764705882,0.0
门头沟区,2006,19.0,low_resolution_photographed_chart,E4_p03_central_tail,0.0,0.0,0.8588235294117647,0.0
门头沟区,2007,19.8,low_resolution_photographed_chart,E4_p03_central_tail,0.0,0.0,0.8647058823529411,0.0
门头沟区,2008,20.1,no_screening_flag,E4_p03_central_tail,0.0,0.0,0.8705882352941177,0.0
门头沟区,2009,20.5,no_screening_flag,E4_p03_central_tail,0.0,0.0,0.8764705882352941,0.0
门头沟区,2010,20.7,no_screening_flag,E4_p03_central_tail,0.0,0.0,0.8823529411764706,0.0
门头沟区,2011,20.0,no_screening_flag,E4_p03_central_tail,0.0,0.0,0.9058823529411764,0.0
门头沟区,2012,19.4,no_screening_flag,E4_p03_central_tail,0.0,0.0,0.9294117647058824,0.0
门头沟区,2013,21.5,no_screening_flag,E4_p03_central_tail,0.0,0.0,0.9529411764705882,0.0
门头沟区,2014,23.3,no_screening_flag,E4_p03_central_tail,0.0,0.0,0.976470588235294,0.0
门头沟区,2015,23.0,no_screening_flag,E4_p03_central_tail,0.0,0.0,1.0,0.0
门头沟区,2016,20.0,no_screening_flag,E4_p03_central_tail,0.0,0.0,1.0,0.0
门头沟区,2017,16.7,no_screening_flag,E4_p03_central_tail,0.022179,0.0,1.0,0.022179
门头沟区,2018,17.0,cross_report_value_disagreement,E4_p03_central_tail,0.022179,0.0,1.0,0.022179
门头沟区,2019,38.2,large_year_to_year_change_gt5m,E4_p03_central_tail,0.0,0.0,1.0,0.0
门头沟区,2020,35.8,no_screening_flag,E4_p03_central_tail,0.0,0.0,1.0,0.0
顺义区,2000,16.8,no_screening_flag,E4_p03_central_tail,0.0,0.0,0.9285714285714286,0.0
顺义区,2001,17.5,no_screening_flag,E4_p03_central_tail,0.0,0.0,0.9285714285714286,0.0
顺义区,2002,18.7,bulletin_marked_draft,E4_p03_central_tail,0.0,0.0,0.9285714285714286,0.0
顺义区,2003,19.1,low_resolution_photographed_chart;source_chart_city_control_disagreement,E4_p03_central_tail,0.0,0.0,0.9285714285714286,0.0
顺义区,2004,22.3,low_resolution_photographed_chart;source_chart_city_control_disagreement,E4_p03_central_tail,0.0,0.0,0.9285714285714286,0.0
顺义区,2005,24.4,low_resolution_photographed_chart,E4_p03_central_tail,0.0,0.0,0.9285714285714286,0.0
顺义区,2006,26.2,low_resolution_photographed_chart,E4_p03_central_tail,0.0,0.0,0.9333333333333332,0.0
顺义区,2007,28.2,low_resolution_photographed_chart,E4_p03_central_tail,0.0,0.0,0.938095238095238,0.0
顺义区,2008,29.0,no_screening_flag,E4_p03_central_tail,0.0,0.0,0.9428571428571428,0.0
顺义区,2009,30.4,no_screening_flag,E4_p03_central_tail,0.0,0.0,0.9476190476190476,0.0
顺义区,2010,31.6,no_screening_flag,E4_p03_central_tail,0.0,0.0,0.9523809523809524,0.0
顺义区,2011,32.4,no_screening_flag,E4_p03_central_tail,0.0,0.0,0.9619047619047618,0.0
顺义区,2012,32.4,no_screening_flag,E4_p03_central_tail,0.0,0.0,0.9714285714285714,0.0
顺义区,2013,33.4,no_screening_flag,E4_p03_central_tail,0.0,0.0,0.9809523809523808,0.0
顺义区,2014,34.4,no_screening_flag,E4_p03_central_tail,0.0,0.0,0.9904761904761904,0.0
顺义区,2015,34.3,no_screening_flag,E4_p03_central_tail,0.0,0.0,1.0,0.0
顺义区,2016,33.7,no_screening_flag,E4_p03_central_tail,0.0,0.0,1.0,0.0
顺义区,2017,34.1,no_screening_flag,E4_p03_central_tail,0.0,0.0,1.0,0.0
顺义区,2018,33.3,no_screening_flag,E4_p03_central_tail,0.0,0.0,1.0,0.0
顺义区,2019,32.2,no_screening_flag,E4_p03_central_tail,0.0,0.0,1.0,0.0
顺义区,2020,29.3,no_screening_flag,E4_p03_central_tail,0.0,0.0,1.0,0.0
