config_id,district,layer_bucket,nominal_depth_m,first_new_crossing,first_run_end,first_run_months,first_run_status,first_persistent_onset,max_contact_run_months,terminal_contact_run_months,pre_existing_contact
shallow,东城区,B1,3.5,,,,no_observed_new_crossing,,0,0,False
shallow,东城区,B2,7.0,,,,no_observed_new_crossing,,0,0,False
shallow,东城区,B3,10.5,,,,no_observed_new_crossing,,0,0,False
shallow,东城区,B4,14.0,2025-04,2025-05,2.0,transient_first_run,2025-07,6,6,False
shallow,丰台区,B1,3.5,,,,no_observed_new_crossing,,0,0,False
shallow,丰台区,B2,7.0,,,,no_observed_new_crossing,,0,0,False
shallow,丰台区,B3,10.5,2025-09,2025-10,2.0,transient_first_run,,2,0,False
shallow,丰台区,B4,14.0,2022-08,2025-12,41.0,confirmed_6_month,2022-08,41,41,False
shallow,大兴区,B1,3.5,,,,no_observed_new_crossing,,0,0,False
shallow,大兴区,B2,7.0,,,,no_observed_new_crossing,,0,0,False
shallow,大兴区,B3,10.5,2025-09,2025-12,4.0,insufficient_followup,,4,4,False
shallow,大兴区,B4,14.0,2023-02,2023-02,1.0,transient_first_run,2023-10,18,18,False
shallow,密云区,B1,3.5,,,,no_observed_new_crossing,,0,0,False
shallow,密云区,B2,7.0,,,,no_observed_new_crossing,,0,0,False
shallow,密云区,B3,10.5,,,,no_observed_new_crossing,,0,0,False
shallow,平谷区,B1,3.5,,,,no_observed_new_crossing,,0,0,False
shallow,平谷区,B2,7.0,,,,no_observed_new_crossing,,0,0,False
shallow,平谷区,B3,10.5,,,,no_observed_new_crossing,,0,0,False
shallow,延庆区,B1,3.5,,,,no_observed_new_crossing,,0,0,False
shallow,延庆区,B2,7.0,2021-10,2022-03,6.0,confirmed_6_month,2021-10,16,16,False
shallow,延庆区,B3,10.5,2019-10,2025-12,75.0,confirmed_6_month,2019-10,75,75,False
shallow,怀柔区,B1,3.5,,,,no_observed_new_crossing,,0,0,False
shallow,怀柔区,B2,7.0,2024-08,2025-02,7.0,confirmed_6_month,2024-08,7,6,False
shallow,怀柔区,B3,10.5,2021-10,2025-12,51.0,confirmed_6_month,2021-10,51,51,False
shallow,房山区,B1,3.5,,,,no_observed_new_crossing,,0,0,False
shallow,房山区,B2,7.0,2021-10,2022-01,4.0,transient_first_run,2023-08,10,6,False
shallow,房山区,B3,10.5,2020-08,2025-12,65.0,confirmed_6_month,2020-08,65,65,True
shallow,昌平区,B1,3.5,,,,no_observed_new_crossing,,0,0,False
shallow,昌平区,B2,7.0,,,,no_observed_new_crossing,,0,0,False
shallow,昌平区,B3,10.5,,,,no_observed_new_crossing,,0,0,False
shallow,昌平区,B4,14.0,2025-01,2025-12,12.0,confirmed_6_month,2025-01,12,12,False
shallow,朝阳区,B1,3.5,,,,no_observed_new_crossing,,0,0,False
shallow,朝阳区,B2,7.0,,,,no_observed_new_crossing,,0,0,False
shallow,朝阳区,B3,10.5,,,,no_observed_new_crossing,,0,0,False
shallow,朝阳区,B4,14.0,,,,no_observed_new_crossing,,0,0,False
shallow,海淀区,B1,3.5,,,,no_observed_new_crossing,,0,0,False
shallow,海淀区,B2,7.0,,,,no_observed_new_crossing,,0,0,False
shallow,海淀区,B3,10.5,2024-10,2025-12,15.0,confirmed_6_month,2024-10,15,15,False
shallow,海淀区,B4,14.0,2023-12,2025-12,25.0,confirmed_6_month,2023-12,25,25,False
shallow,石景山区,B1,3.5,,,,no_observed_new_crossing,,0,0,False
shallow,石景山区,B2,7.0,,,,no_observed_new_crossing,,0,0,False
shallow,石景山区,B3,10.5,,,,no_observed_new_crossing,,0,0,False
shallow,石景山区,B4,14.0,2025-09,2025-10,2.0,transient_first_run,,2,0,False
shallow,西城区,B1,3.5,,,,no_observed_new_crossing,,0,0,False
shallow,西城区,B2,7.0,,,,no_observed_new_crossing,,0,0,False
shallow,西城区,B3,10.5,,,,no_observed_new_crossing,,0,0,False
shallow,西城区,B4,14.0,2024-09,2025-12,16.0,confirmed_6_month,2024-09,16,16,False
shallow,通州区,B1,3.5,,,,no_observed_new_crossing,,0,0,False
shallow,通州区,B2,7.0,2021-09,2022-03,7.0,confirmed_6_month,2021-09,17,17,False
shallow,通州区,B3,10.5,,,,no_observed_new_crossing,,53,53,True
shallow,门头沟区,B1,3.5,,,,no_observed_new_crossing,,0,0,False
shallow,门头沟区,B2,7.0,,,,no_observed_new_crossing,,0,0,False
shallow,门头沟区,B3,10.5,,,,no_observed_new_crossing,,0,0,False
shallow,门头沟区,B4,14.0,2025-06,2025-11,6.0,confirmed_6_month,2025-06,6,0,False
shallow,顺义区,B1,3.5,,,,no_observed_new_crossing,,0,0,False
shallow,顺义区,B2,7.0,,,,no_observed_new_crossing,,0,0,False
shallow,顺义区,B3,10.5,,,,no_observed_new_crossing,,0,0,False
central,东城区,B1,5.0,,,,no_observed_new_crossing,,0,0,False
central,东城区,B2,9.0,,,,no_observed_new_crossing,,0,0,False
central,东城区,B3,13.0,2025-10,2025-12,3.0,insufficient_followup,,3,3,False
central,东城区,B4,17.0,2024-03,2024-05,3.0,transient_first_run,2024-07,18,18,False
central,丰台区,B1,5.0,,,,no_observed_new_crossing,,0,0,False
central,丰台区,B2,9.0,,,,no_observed_new_crossing,,0,0,False
central,丰台区,B3,13.0,2023-05,2025-12,32.0,confirmed_6_month,2023-05,32,32,False
central,丰台区,B4,17.0,2021-10,2025-12,51.0,confirmed_6_month,2021-10,51,51,False
central,大兴区,B1,5.0,,,,no_observed_new_crossing,,0,0,False
central,大兴区,B2,9.0,,,,no_observed_new_crossing,,0,0,False
central,大兴区,B3,13.0,2024-02,2024-02,1.0,transient_first_run,2024-09,16,16,False
central,大兴区,B4,17.0,2020-02,2020-03,2.0,transient_first_run,2021-07,42,42,False
central,密云区,B1,5.0,,,,no_observed_new_crossing,,0,0,False
central,密云区,B2,9.0,,,,no_observed_new_crossing,,0,0,False
central,密云区,B3,13.0,2025-09,2025-10,2.0,transient_first_run,,2,0,False
central,平谷区,B1,5.0,,,,no_observed_new_crossing,,0,0,False
central,平谷区,B2,9.0,,,,no_observed_new_crossing,,0,0,False
central,平谷区,B3,13.0,,,,no_observed_new_crossing,,0,0,False
central,延庆区,B1,5.0,2025-10,2025-12,3.0,insufficient_followup,,3,3,False
central,延庆区,B2,9.0,2020-01,2020-04,4.0,transient_first_run,2020-08,65,65,False
central,延庆区,B3,13.0,,,,no_observed_new_crossing,,76,76,True
central,怀柔区,B1,5.0,,,,no_observed_new_crossing,,0,0,False
central,怀柔区,B2,9.0,2021-11,2025-12,50.0,confirmed_6_month,2021-11,50,50,False
central,怀柔区,B3,13.0,2021-10,2025-12,51.0,confirmed_6_month,2021-10,51,51,False
central,房山区,B1,5.0,2025-08,2025-12,5.0,insufficient_followup,,5,5,False
central,房山区,B2,9.0,2020-11,2021-03,5.0,transient_first_run,2021-07,30,30,False
central,房山区,B3,13.0,,,,no_observed_new_crossing,,76,76,True
central,昌平区,B1,5.0,,,,no_observed_new_crossing,,0,0,False
central,昌平区,B2,9.0,,,,no_observed_new_crossing,,0,0,False
central,昌平区,B3,13.0,2025-08,2025-12,5.0,insufficient_followup,,5,5,False
central,昌平区,B4,17.0,2024-03,2024-03,1.0,transient_first_run,2024-08,17,17,False
central,朝阳区,B1,5.0,,,,no_observed_new_crossing,,0,0,False
central,朝阳区,B2,9.0,,,,no_observed_new_crossing,,0,0,False
central,朝阳区,B3,13.0,,,,no_observed_new_crossing,,0,0,False
central,朝阳区,B4,17.0,,,,no_observed_new_crossing,,0,0,False
central,海淀区,B1,5.0,,,,no_observed_new_crossing,,0,0,False
central,海淀区,B2,9.0,2025-08,2025-12,5.0,insufficient_followup,,5,5,False
central,海淀区,B3,13.0,2024-01,2024-05,5.0,transient_first_run,2024-07,18,18,False
central,海淀区,B4,17.0,2023-01,2023-03,3.0,transient_first_run,2023-08,29,29,False
central,石景山区,B1,5.0,,,,no_observed_new_crossing,,0,0,False
central,石景山区,B2,9.0,,,,no_observed_new_crossing,,0,0,False
central,石景山区,B3,13.0,,,,no_observed_new_crossing,,0,0,False
central,石景山区,B4,17.0,2025-05,2025-12,8.0,confirmed_6_month,2025-05,8,8,False
central,西城区,B1,5.0,,,,no_observed_new_crossing,,0,0,False
central,西城区,B2,9.0,,,,no_observed_new_crossing,,0,0,False
central,西城区,B3,13.0,2024-12,2025-12,13.0,confirmed_6_month,2024-12,13,13,False
central,西城区,B4,17.0,2023-01,2025-12,36.0,confirmed_6_month,2023-01,36,36,False
central,通州区,B1,5.0,,,,no_observed_new_crossing,,0,0,False
central,通州区,B2,9.0,2020-02,2020-03,2.0,transient_first_run,2020-08,53,53,False
central,通州区,B3,13.0,,,,no_observed_new_crossing,,53,53,True
central,门头沟区,B1,5.0,,,,no_observed_new_crossing,,0,0,False
central,门头沟区,B2,9.0,,,,no_observed_new_crossing,,0,0,False
central,门头沟区,B3,13.0,2025-09,2025-10,2.0,transient_first_run,,2,0,False
central,门头沟区,B4,17.0,2024-09,2025-01,5.0,transient_first_run,2025-03,10,10,False
central,顺义区,B1,5.0,,,,no_observed_new_crossing,,0,0,False
central,顺义区,B2,9.0,,,,no_observed_new_crossing,,0,0,False
central,顺义区,B3,13.0,,,,no_observed_new_crossing,,0,0,False
deep,东城区,B1,5.5,,,,no_observed_new_crossing,,0,0,False
deep,东城区,B2,11.0,,,,no_observed_new_crossing,,0,0,False
deep,东城区,B3,16.5,2024-09,2025-12,16.0,confirmed_6_month,2024-09,16,16,False
deep,东城区,B4,22.0,2022-03,2025-12,46.0,confirmed_6_month,2022-03,46,46,False
deep,丰台区,B1,5.5,,,,no_observed_new_crossing,,0,0,False
deep,丰台区,B2,11.0,2025-08,2025-12,5.0,insufficient_followup,,5,5,False
deep,丰台区,B3,16.5,2021-12,2025-12,49.0,confirmed_6_month,2021-12,49,49,False
deep,丰台区,B4,22.0,,,,no_observed_new_crossing,,76,76,True
deep,大兴区,B1,5.5,,,,no_observed_new_crossing,,0,0,False
deep,大兴区,B2,11.0,2025-08,2025-12,5.0,insufficient_followup,,5,5,False
deep,大兴区,B3,16.5,2021-01,2021-02,2.0,transient_first_run,2021-09,42,42,False
deep,大兴区,B4,22.0,,,,no_observed_new_crossing,,76,76,True
deep,密云区,B1,5.5,,,,no_observed_new_crossing,,0,0,False
deep,密云区,B2,11.0,,,,no_observed_new_crossing,,0,0,False
deep,密云区,B3,16.5,2021-10,2022-02,5.0,transient_first_run,2024-09,16,16,False
deep,平谷区,B1,5.5,,,,no_observed_new_crossing,,0,0,False
deep,平谷区,B2,11.0,,,,no_observed_new_crossing,,0,0,False
deep,平谷区,B3,16.5,2024-09,2024-10,2.0,transient_first_run,,5,5,False
deep,延庆区,B1,5.5,2025-01,2025-03,3.0,transient_first_run,,4,4,False
deep,延庆区,B2,11.0,2019-10,2025-12,75.0,confirmed_6_month,2019-10,75,75,False
deep,延庆区,B3,16.5,,,,no_observed_new_crossing,,76,76,True
deep,怀柔区,B1,5.5,,,,no_observed_new_crossing,,0,0,False
deep,怀柔区,B2,11.0,2021-10,2025-12,51.0,confirmed_6_month,2021-10,51,51,False
deep,怀柔区,B3,16.5,2020-08,2020-10,3.0,transient_first_run,2020-12,61,61,False
deep,房山区,B1,5.5,2025-08,2025-12,5.0,insufficient_followup,,5,5,False
deep,房山区,B2,11.0,2020-08,2025-12,65.0,confirmed_6_month,2020-08,65,65,True
deep,房山区,B3,16.5,,,,no_observed_new_crossing,,76,76,True
deep,昌平区,B1,5.5,,,,no_observed_new_crossing,,0,0,False
deep,昌平区,B2,11.0,2025-12,2025-12,1.0,insufficient_followup,,1,1,False
deep,昌平区,B3,16.5,2024-09,2025-12,16.0,confirmed_6_month,2024-09,16,16,False
deep,昌平区,B4,22.0,2022-10,2023-06,9.0,confirmed_6_month,2022-10,29,29,False
deep,朝阳区,B1,5.5,,,,no_observed_new_crossing,,0,0,False
deep,朝阳区,B2,11.0,,,,no_observed_new_crossing,,0,0,False
deep,朝阳区,B3,16.5,,,,no_observed_new_crossing,,0,0,False
deep,朝阳区,B4,22.0,2025-01,2025-12,12.0,confirmed_6_month,2025-01,12,12,False
deep,海淀区,B1,5.5,,,,no_observed_new_crossing,,0,0,False
deep,海淀区,B2,11.0,2024-09,2025-12,16.0,confirmed_6_month,2024-09,16,16,False
deep,海淀区,B3,16.5,2023-08,2025-12,29.0,confirmed_6_month,2023-08,29,29,False
deep,海淀区,B4,22.0,2021-10,2025-12,51.0,confirmed_6_month,2021-10,51,51,False
deep,石景山区,B1,5.5,,,,no_observed_new_crossing,,0,0,False
deep,石景山区,B2,11.0,,,,no_observed_new_crossing,,0,0,False
deep,石景山区,B3,16.5,2025-05,2025-11,7.0,confirmed_6_month,2025-05,7,0,False
deep,石景山区,B4,22.0,2023-10,2023-12,3.0,transient_first_run,2024-05,20,20,False
deep,西城区,B1,5.5,,,,no_observed_new_crossing,,0,0,False
deep,西城区,B2,11.0,,,,no_observed_new_crossing,,0,0,False
deep,西城区,B3,16.5,2023-03,2023-04,2.0,transient_first_run,2023-07,30,30,False
deep,西城区,B4,22.0,2021-03,2025-12,58.0,confirmed_6_month,2021-03,58,58,False
deep,通州区,B1,5.5,2024-09,2024-10,2.0,transient_first_run,,4,4,False
deep,通州区,B2,11.0,,,,no_observed_new_crossing,,53,53,True
deep,通州区,B3,16.5,,,,no_observed_new_crossing,,53,53,True
deep,门头沟区,B1,5.5,,,,no_observed_new_crossing,,0,0,False
deep,门头沟区,B2,11.0,,,,no_observed_new_crossing,,0,0,False
deep,门头沟区,B3,16.5,2024-10,2024-11,2.0,transient_first_run,2025-04,9,9,False
deep,门头沟区,B4,22.0,2023-09,2024-01,5.0,transient_first_run,2024-05,20,20,False
deep,顺义区,B1,5.5,,,,no_observed_new_crossing,,0,0,False
deep,顺义区,B2,11.0,,,,no_observed_new_crossing,,0,0,False
deep,顺义区,B3,16.5,2024-10,2024-10,1.0,transient_first_run,,5,5,False
E1_m03_extend,东城区,B1,6.05,,,,no_observed_new_crossing,,0,0,False
E1_m03_extend,东城区,B2,10.05,,,,no_observed_new_crossing,,0,0,False
E1_m03_extend,东城区,B3,14.05,2025-04,2025-05,2.0,transient_first_run,2025-07,6,6,False
E1_m03_extend,东城区,B4,18.05,2023-08,2025-12,29.0,confirmed_6_month,2023-08,29,29,False
E1_m03_extend,丰台区,B1,6.05,,,,no_observed_new_crossing,,0,0,False
E1_m03_extend,丰台区,B2,10.05,,,,no_observed_new_crossing,,0,0,False
E1_m03_extend,丰台区,B3,14.05,2022-08,2025-12,41.0,confirmed_6_month,2022-08,41,41,False
E1_m03_extend,丰台区,B4,18.05,2021-08,2025-12,53.0,confirmed_6_month,2021-08,53,53,False
E1_m03_extend,大兴区,B1,6.05,,,,no_observed_new_crossing,,0,0,False
E1_m03_extend,大兴区,B2,10.05,2025-10,2025-12,3.0,insufficient_followup,,3,3,False
E1_m03_extend,大兴区,B3,14.05,2023-01,2023-02,2.0,transient_first_run,2023-10,18,18,False
E1_m03_extend,大兴区,B4,18.05,2019-11,2020-04,6.0,confirmed_6_month,2019-11,54,54,False
E1_m03_extend,密云区,B1,6.05,,,,no_observed_new_crossing,,0,0,False
E1_m03_extend,密云区,B2,10.05,,,,no_observed_new_crossing,,0,0,False
E1_m03_extend,密云区,B3,14.05,2025-08,2025-12,5.0,insufficient_followup,,5,5,False
E1_m03_extend,平谷区,B1,6.05,,,,no_observed_new_crossing,,0,0,False
E1_m03_extend,平谷区,B2,10.05,,,,no_observed_new_crossing,,0,0,False
E1_m03_extend,平谷区,B3,14.05,2025-09,2025-10,2.0,transient_first_run,,2,0,False
E1_m03_extend,延庆区,B1,6.05,2023-12,2024-03,4.0,transient_first_run,2024-10,6,5,False
E1_m03_extend,延庆区,B2,10.05,2019-11,2020-04,6.0,confirmed_6_month,2019-11,67,67,False
E1_m03_extend,延庆区,B3,14.05,,,,no_observed_new_crossing,,76,76,True
E1_m03_extend,怀柔区,B1,6.05,2025-08,2025-09,2.0,transient_first_run,,2,0,False
E1_m03_extend,怀柔区,B2,10.05,2021-10,2025-12,51.0,confirmed_6_month,2021-10,51,51,False
E1_m03_extend,怀柔区,B3,14.05,2021-07,2025-12,54.0,confirmed_6_month,2021-07,54,54,False
E1_m03_extend,房山区,B1,6.05,2023-09,2024-02,6.0,confirmed_6_month,2023-09,6,5,False
E1_m03_extend,房山区,B2,10.05,2019-11,2019-11,1.0,transient_first_run,2020-08,54,54,False
E1_m03_extend,房山区,B3,14.05,,,,no_observed_new_crossing,,76,76,True
E1_m03_extend,昌平区,B1,6.05,,,,no_observed_new_crossing,,0,0,False
E1_m03_extend,昌平区,B2,10.05,,,,no_observed_new_crossing,,0,0,False
E1_m03_extend,昌平区,B3,14.05,2025-01,2025-12,12.0,confirmed_6_month,2025-01,12,12,False
E1_m03_extend,昌平区,B4,18.05,2024-01,2025-12,24.0,confirmed_6_month,2024-01,24,24,False
E1_m03_extend,朝阳区,B1,6.05,,,,no_observed_new_crossing,,0,0,False
E1_m03_extend,朝阳区,B2,10.05,,,,no_observed_new_crossing,,0,0,False
E1_m03_extend,朝阳区,B3,14.05,,,,no_observed_new_crossing,,0,0,False
E1_m03_extend,朝阳区,B4,18.05,,,,no_observed_new_crossing,,0,0,False
E1_m03_extend,海淀区,B1,6.05,,,,no_observed_new_crossing,,0,0,False
E1_m03_extend,海淀区,B2,10.05,2024-11,2025-12,14.0,confirmed_6_month,2024-11,14,14,False
E1_m03_extend,海淀区,B3,14.05,2023-12,2025-12,25.0,confirmed_6_month,2023-12,25,25,False
E1_m03_extend,海淀区,B4,18.05,2022-10,2023-05,8.0,confirmed_6_month,2022-10,29,29,False
E1_m03_extend,石景山区,B1,6.05,,,,no_observed_new_crossing,,0,0,False
E1_m03_extend,石景山区,B2,10.05,,,,no_observed_new_crossing,,0,0,False
E1_m03_extend,石景山区,B3,14.05,2025-09,2025-10,2.0,transient_first_run,,2,0,False
E1_m03_extend,石景山区,B4,18.05,2024-09,2024-11,3.0,transient_first_run,2025-04,9,9,False
E1_m03_extend,西城区,B1,6.05,,,,no_observed_new_crossing,,0,0,False
E1_m03_extend,西城区,B2,10.05,,,,no_observed_new_crossing,,0,0,False
E1_m03_extend,西城区,B3,14.05,2024-09,2025-12,16.0,confirmed_6_month,2024-09,16,16,False
E1_m03_extend,西城区,B4,18.05,2022-10,2025-12,39.0,confirmed_6_month,2022-10,39,39,False
E1_m03_extend,通州区,B1,6.05,2024-08,2025-03,8.0,confirmed_6_month,2024-08,8,5,False
E1_m03_extend,通州区,B2,10.05,2020-07,2021-06,12.0,confirmed_6_month,2020-07,53,53,True
E1_m03_extend,通州区,B3,14.05,,,,no_observed_new_crossing,,53,53,True
E1_m03_extend,门头沟区,B1,6.05,,,,no_observed_new_crossing,,0,0,False
E1_m03_extend,门头沟区,B2,10.05,,,,no_observed_new_crossing,,0,0,False
E1_m03_extend,门头沟区,B3,14.05,2025-05,2025-11,7.0,confirmed_6_month,2025-05,7,0,False
E1_m03_extend,门头沟区,B4,18.05,2024-09,2025-12,16.0,confirmed_6_month,2024-09,16,16,False
E1_m03_extend,顺义区,B1,6.05,,,,no_observed_new_crossing,,0,0,False
E1_m03_extend,顺义区,B2,10.05,,,,no_observed_new_crossing,,0,0,False
E1_m03_extend,顺义区,B3,14.05,,,,no_observed_new_crossing,,0,0,False
E1_m03_central_tail,东城区,B1,6.05,,,,no_observed_new_crossing,,0,0,False
E1_m03_central_tail,东城区,B2,10.05,,,,no_observed_new_crossing,,0,0,False
E1_m03_central_tail,东城区,B3,14.05,2025-04,2025-05,2.0,transient_first_run,2025-07,6,6,False
E1_m03_central_tail,东城区,B4,17.0,2024-03,2024-05,3.0,transient_first_run,2024-07,18,18,False
E1_m03_central_tail,丰台区,B1,6.05,,,,no_observed_new_crossing,,0,0,False
E1_m03_central_tail,丰台区,B2,10.05,,,,no_observed_new_crossing,,0,0,False
E1_m03_central_tail,丰台区,B3,14.05,2022-08,2025-12,41.0,confirmed_6_month,2022-08,41,41,False
E1_m03_central_tail,丰台区,B4,17.0,2021-10,2025-12,51.0,confirmed_6_month,2021-10,51,51,False
E1_m03_central_tail,大兴区,B1,6.05,,,,no_observed_new_crossing,,0,0,False
E1_m03_central_tail,大兴区,B2,10.05,2025-10,2025-12,3.0,insufficient_followup,,3,3,False
E1_m03_central_tail,大兴区,B3,14.05,2023-01,2023-02,2.0,transient_first_run,2023-10,18,18,False
E1_m03_central_tail,大兴区,B4,17.0,2020-02,2020-03,2.0,transient_first_run,2021-07,42,42,False
E1_m03_central_tail,密云区,B1,6.05,,,,no_observed_new_crossing,,0,0,False
E1_m03_central_tail,密云区,B2,10.05,,,,no_observed_new_crossing,,0,0,False
E1_m03_central_tail,密云区,B3,14.05,2025-08,2025-12,5.0,insufficient_followup,,5,5,False
E1_m03_central_tail,平谷区,B1,6.05,,,,no_observed_new_crossing,,0,0,False
E1_m03_central_tail,平谷区,B2,10.05,,,,no_observed_new_crossing,,0,0,False
E1_m03_central_tail,平谷区,B3,14.05,2025-09,2025-10,2.0,transient_first_run,,2,0,False
E1_m03_central_tail,延庆区,B1,6.05,2023-12,2024-03,4.0,transient_first_run,2024-10,6,5,False
E1_m03_central_tail,延庆区,B2,10.05,2019-11,2020-04,6.0,confirmed_6_month,2019-11,67,67,False
E1_m03_central_tail,延庆区,B3,14.05,,,,no_observed_new_crossing,,76,76,True
E1_m03_central_tail,怀柔区,B1,6.05,2025-08,2025-09,2.0,transient_first_run,,2,0,False
E1_m03_central_tail,怀柔区,B2,10.05,2021-10,2025-12,51.0,confirmed_6_month,2021-10,51,51,False
E1_m03_central_tail,怀柔区,B3,14.05,2021-07,2025-12,54.0,confirmed_6_month,2021-07,54,54,False
E1_m03_central_tail,房山区,B1,6.05,2023-09,2024-02,6.0,confirmed_6_month,2023-09,6,5,False
E1_m03_central_tail,房山区,B2,10.05,2019-11,2019-11,1.0,transient_first_run,2020-08,54,54,False
E1_m03_central_tail,房山区,B3,14.05,,,,no_observed_new_crossing,,76,76,True
E1_m03_central_tail,昌平区,B1,6.05,,,,no_observed_new_crossing,,0,0,False
E1_m03_central_tail,昌平区,B2,10.05,,,,no_observed_new_crossing,,0,0,False
E1_m03_central_tail,昌平区,B3,14.05,2025-01,2025-12,12.0,confirmed_6_month,2025-01,12,12,False
E1_m03_central_tail,昌平区,B4,17.0,2024-03,2024-03,1.0,transient_first_run,2024-08,17,17,False
E1_m03_central_tail,朝阳区,B1,6.05,,,,no_observed_new_crossing,,0,0,False
E1_m03_central_tail,朝阳区,B2,10.05,,,,no_observed_new_crossing,,0,0,False
E1_m03_central_tail,朝阳区,B3,14.05,,,,no_observed_new_crossing,,0,0,False
E1_m03_central_tail,朝阳区,B4,17.0,,,,no_observed_new_crossing,,0,0,False
E1_m03_central_tail,海淀区,B1,6.05,,,,no_observed_new_crossing,,0,0,False
E1_m03_central_tail,海淀区,B2,10.05,2024-11,2025-12,14.0,confirmed_6_month,2024-11,14,14,False
E1_m03_central_tail,海淀区,B3,14.05,2023-12,2025-12,25.0,confirmed_6_month,2023-12,25,25,False
E1_m03_central_tail,海淀区,B4,17.0,2023-01,2023-03,3.0,transient_first_run,2023-08,29,29,False
E1_m03_central_tail,石景山区,B1,6.05,,,,no_observed_new_crossing,,0,0,False
E1_m03_central_tail,石景山区,B2,10.05,,,,no_observed_new_crossing,,0,0,False
E1_m03_central_tail,石景山区,B3,14.05,2025-09,2025-10,2.0,transient_first_run,,2,0,False
E1_m03_central_tail,石景山区,B4,17.0,2025-05,2025-12,8.0,confirmed_6_month,2025-05,8,8,False
E1_m03_central_tail,西城区,B1,6.05,,,,no_observed_new_crossing,,0,0,False
E1_m03_central_tail,西城区,B2,10.05,,,,no_observed_new_crossing,,0,0,False
E1_m03_central_tail,西城区,B3,14.05,2024-09,2025-12,16.0,confirmed_6_month,2024-09,16,16,False
E1_m03_central_tail,西城区,B4,17.0,2023-01,2025-12,36.0,confirmed_6_month,2023-01,36,36,False
E1_m03_central_tail,通州区,B1,6.05,2024-08,2025-03,8.0,confirmed_6_month,2024-08,8,5,False
E1_m03_central_tail,通州区,B2,10.05,2020-07,2021-06,12.0,confirmed_6_month,2020-07,53,53,True
E1_m03_central_tail,通州区,B3,14.05,,,,no_observed_new_crossing,,53,53,True
E1_m03_central_tail,门头沟区,B1,6.05,,,,no_observed_new_crossing,,0,0,False
E1_m03_central_tail,门头沟区,B2,10.05,,,,no_observed_new_crossing,,0,0,False
E1_m03_central_tail,门头沟区,B3,14.05,2025-05,2025-11,7.0,confirmed_6_month,2025-05,7,0,False
E1_m03_central_tail,门头沟区,B4,17.0,2024-09,2025-01,5.0,transient_first_run,2025-03,10,10,False
E1_m03_central_tail,顺义区,B1,6.05,,,,no_observed_new_crossing,,0,0,False
E1_m03_central_tail,顺义区,B2,10.05,,,,no_observed_new_crossing,,0,0,False
E1_m03_central_tail,顺义区,B3,14.05,,,,no_observed_new_crossing,,0,0,False
E1_zero_extend,东城区,B1,5.75,,,,no_observed_new_crossing,,0,0,False
E1_zero_extend,东城区,B2,9.75,,,,no_observed_new_crossing,,0,0,False
E1_zero_extend,东城区,B3,13.75,2025-08,2025-12,5.0,insufficient_followup,,5,5,False
E1_zero_extend,东城区,B4,17.75,2023-09,2025-12,28.0,confirmed_6_month,2023-09,28,28,False
E1_zero_extend,丰台区,B1,5.75,,,,no_observed_new_crossing,,0,0,False
E1_zero_extend,丰台区,B2,9.75,,,,no_observed_new_crossing,,0,0,False
E1_zero_extend,丰台区,B3,13.75,2022-11,2025-12,38.0,confirmed_6_month,2022-11,38,38,False
E1_zero_extend,丰台区,B4,17.75,2021-08,2025-12,53.0,confirmed_6_month,2021-08,53,53,False
E1_zero_extend,大兴区,B1,5.75,,,,no_observed_new_crossing,,0,0,False
E1_zero_extend,大兴区,B2,9.75,2025-11,2025-12,2.0,insufficient_followup,,2,2,False
E1_zero_extend,大兴区,B3,13.75,2023-12,2024-03,4.0,transient_first_run,2024-08,17,17,False
E1_zero_extend,大兴区,B4,17.75,2020-01,2020-04,4.0,transient_first_run,2020-08,54,54,False
E1_zero_extend,密云区,B1,5.75,,,,no_observed_new_crossing,,0,0,False
E1_zero_extend,密云区,B2,9.75,,,,no_observed_new_crossing,,0,0,False
E1_zero_extend,密云区,B3,13.75,2025-08,2025-12,5.0,insufficient_followup,,5,5,False
E1_zero_extend,平谷区,B1,5.75,,,,no_observed_new_crossing,,0,0,False
E1_zero_extend,平谷区,B2,9.75,,,,no_observed_new_crossing,,0,0,False
E1_zero_extend,平谷区,B3,13.75,2025-09,2025-10,2.0,transient_first_run,,2,0,False
E1_zero_extend,延庆区,B1,5.75,2024-01,2024-03,3.0,transient_first_run,,4,4,False
E1_zero_extend,延庆区,B2,9.75,2019-12,2020-04,5.0,transient_first_run,2020-07,66,66,False
E1_zero_extend,延庆区,B3,13.75,,,,no_observed_new_crossing,,76,76,True
E1_zero_extend,怀柔区,B1,5.75,,,,no_observed_new_crossing,,0,0,False
E1_zero_extend,怀柔区,B2,9.75,2021-10,2025-12,51.0,confirmed_6_month,2021-10,51,51,False
E1_zero_extend,怀柔区,B3,13.75,2021-07,2025-12,54.0,confirmed_6_month,2021-07,54,54,False
E1_zero_extend,房山区,B1,5.75,2023-09,2023-09,1.0,transient_first_run,,5,5,False
E1_zero_extend,房山区,B2,9.75,2020-03,2020-03,1.0,transient_first_run,2020-08,54,54,False
E1_zero_extend,房山区,B3,13.75,,,,no_observed_new_crossing,,76,76,True
E1_zero_extend,昌平区,B1,5.75,,,,no_observed_new_crossing,,0,0,False
E1_zero_extend,昌平区,B2,9.75,,,,no_observed_new_crossing,,0,0,False
E1_zero_extend,昌平区,B3,13.75,2025-01,2025-12,12.0,confirmed_6_month,2025-01,12,12,False
E1_zero_extend,昌平区,B4,17.75,2024-01,2024-05,5.0,transient_first_run,2024-07,18,18,False
E1_zero_extend,朝阳区,B1,5.75,,,,no_observed_new_crossing,,0,0,False
E1_zero_extend,朝阳区,B2,9.75,,,,no_observed_new_crossing,,0,0,False
E1_zero_extend,朝阳区,B3,13.75,,,,no_observed_new_crossing,,0,0,False
E1_zero_extend,朝阳区,B4,17.75,,,,no_observed_new_crossing,,0,0,False
E1_zero_extend,海淀区,B1,5.75,,,,no_observed_new_crossing,,0,0,False
E1_zero_extend,海淀区,B2,9.75,2024-12,2025-03,4.0,transient_first_run,2025-07,6,6,False
E1_zero_extend,海淀区,B3,13.75,2023-12,2025-12,25.0,confirmed_6_month,2023-12,25,25,False
E1_zero_extend,海淀区,B4,17.75,2022-11,2023-05,7.0,confirmed_6_month,2022-11,29,29,False
E1_zero_extend,石景山区,B1,5.75,,,,no_observed_new_crossing,,0,0,False
E1_zero_extend,石景山区,B2,9.75,,,,no_observed_new_crossing,,0,0,False
E1_zero_extend,石景山区,B3,13.75,2025-09,2025-10,2.0,transient_first_run,,2,0,False
E1_zero_extend,石景山区,B4,17.75,2024-10,2024-10,1.0,transient_first_run,2025-05,8,8,False
E1_zero_extend,西城区,B1,5.75,,,,no_observed_new_crossing,,0,0,False
E1_zero_extend,西城区,B2,9.75,,,,no_observed_new_crossing,,0,0,False
E1_zero_extend,西城区,B3,13.75,2024-09,2025-12,16.0,confirmed_6_month,2024-09,16,16,False
E1_zero_extend,西城区,B4,17.75,2022-11,2025-12,38.0,confirmed_6_month,2022-11,38,38,False
E1_zero_extend,通州区,B1,5.75,2024-09,2025-02,6.0,confirmed_6_month,2024-09,6,4,False
E1_zero_extend,通州区,B2,9.75,2019-10,2020-04,7.0,confirmed_6_month,2019-10,53,53,False
E1_zero_extend,通州区,B3,13.75,,,,no_observed_new_crossing,,53,53,True
E1_zero_extend,门头沟区,B1,5.75,,,,no_observed_new_crossing,,0,0,False
E1_zero_extend,门头沟区,B2,9.75,,,,no_observed_new_crossing,,0,0,False
E1_zero_extend,门头沟区,B3,13.75,2025-06,2025-10,5.0,transient_first_run,,5,0,False
E1_zero_extend,门头沟区,B4,17.75,2024-09,2025-12,16.0,confirmed_6_month,2024-09,16,16,False
E1_zero_extend,顺义区,B1,5.75,,,,no_observed_new_crossing,,0,0,False
E1_zero_extend,顺义区,B2,9.75,,,,no_observed_new_crossing,,0,0,False
E1_zero_extend,顺义区,B3,13.75,,,,no_observed_new_crossing,,0,0,False
E1_zero_central_tail,东城区,B1,5.75,,,,no_observed_new_crossing,,0,0,False
E1_zero_central_tail,东城区,B2,9.75,,,,no_observed_new_crossing,,0,0,False
E1_zero_central_tail,东城区,B3,13.75,2025-08,2025-12,5.0,insufficient_followup,,5,5,False
E1_zero_central_tail,东城区,B4,17.0,2024-03,2024-05,3.0,transient_first_run,2024-07,18,18,False
E1_zero_central_tail,丰台区,B1,5.75,,,,no_observed_new_crossing,,0,0,False
E1_zero_central_tail,丰台区,B2,9.75,,,,no_observed_new_crossing,,0,0,False
E1_zero_central_tail,丰台区,B3,13.75,2022-11,2025-12,38.0,confirmed_6_month,2022-11,38,38,False
E1_zero_central_tail,丰台区,B4,17.0,2021-10,2025-12,51.0,confirmed_6_month,2021-10,51,51,False
E1_zero_central_tail,大兴区,B1,5.75,,,,no_observed_new_crossing,,0,0,False
E1_zero_central_tail,大兴区,B2,9.75,2025-11,2025-12,2.0,insufficient_followup,,2,2,False
E1_zero_central_tail,大兴区,B3,13.75,2023-12,2024-03,4.0,transient_first_run,2024-08,17,17,False
E1_zero_central_tail,大兴区,B4,17.0,2020-02,2020-03,2.0,transient_first_run,2021-07,42,42,False
E1_zero_central_tail,密云区,B1,5.75,,,,no_observed_new_crossing,,0,0,False
E1_zero_central_tail,密云区,B2,9.75,,,,no_observed_new_crossing,,0,0,False
E1_zero_central_tail,密云区,B3,13.75,2025-08,2025-12,5.0,insufficient_followup,,5,5,False
E1_zero_central_tail,平谷区,B1,5.75,,,,no_observed_new_crossing,,0,0,False
E1_zero_central_tail,平谷区,B2,9.75,,,,no_observed_new_crossing,,0,0,False
E1_zero_central_tail,平谷区,B3,13.75,2025-09,2025-10,2.0,transient_first_run,,2,0,False
E1_zero_central_tail,延庆区,B1,5.75,2024-01,2024-03,3.0,transient_first_run,,4,4,False
E1_zero_central_tail,延庆区,B2,9.75,2019-12,2020-04,5.0,transient_first_run,2020-07,66,66,False
E1_zero_central_tail,延庆区,B3,13.75,,,,no_observed_new_crossing,,76,76,True
E1_zero_central_tail,怀柔区,B1,5.75,,,,no_observed_new_crossing,,0,0,False
E1_zero_central_tail,怀柔区,B2,9.75,2021-10,2025-12,51.0,confirmed_6_month,2021-10,51,51,False
E1_zero_central_tail,怀柔区,B3,13.75,2021-07,2025-12,54.0,confirmed_6_month,2021-07,54,54,False
E1_zero_central_tail,房山区,B1,5.75,2023-09,2023-09,1.0,transient_first_run,,5,5,False
E1_zero_central_tail,房山区,B2,9.75,2020-03,2020-03,1.0,transient_first_run,2020-08,54,54,False
E1_zero_central_tail,房山区,B3,13.75,,,,no_observed_new_crossing,,76,76,True
E1_zero_central_tail,昌平区,B1,5.75,,,,no_observed_new_crossing,,0,0,False
E1_zero_central_tail,昌平区,B2,9.75,,,,no_observed_new_crossing,,0,0,False
E1_zero_central_tail,昌平区,B3,13.75,2025-01,2025-12,12.0,confirmed_6_month,2025-01,12,12,False
E1_zero_central_tail,昌平区,B4,17.0,2024-03,2024-03,1.0,transient_first_run,2024-08,17,17,False
E1_zero_central_tail,朝阳区,B1,5.75,,,,no_observed_new_crossing,,0,0,False
E1_zero_central_tail,朝阳区,B2,9.75,,,,no_observed_new_crossing,,0,0,False
E1_zero_central_tail,朝阳区,B3,13.75,,,,no_observed_new_crossing,,0,0,False
E1_zero_central_tail,朝阳区,B4,17.0,,,,no_observed_new_crossing,,0,0,False
E1_zero_central_tail,海淀区,B1,5.75,,,,no_observed_new_crossing,,0,0,False
E1_zero_central_tail,海淀区,B2,9.75,2024-12,2025-03,4.0,transient_first_run,2025-07,6,6,False
E1_zero_central_tail,海淀区,B3,13.75,2023-12,2025-12,25.0,confirmed_6_month,2023-12,25,25,False
E1_zero_central_tail,海淀区,B4,17.0,2023-01,2023-03,3.0,transient_first_run,2023-08,29,29,False
E1_zero_central_tail,石景山区,B1,5.75,,,,no_observed_new_crossing,,0,0,False
E1_zero_central_tail,石景山区,B2,9.75,,,,no_observed_new_crossing,,0,0,False
E1_zero_central_tail,石景山区,B3,13.75,2025-09,2025-10,2.0,transient_first_run,,2,0,False
E1_zero_central_tail,石景山区,B4,17.0,2025-05,2025-12,8.0,confirmed_6_month,2025-05,8,8,False
E1_zero_central_tail,西城区,B1,5.75,,,,no_observed_new_crossing,,0,0,False
E1_zero_central_tail,西城区,B2,9.75,,,,no_observed_new_crossing,,0,0,False
E1_zero_central_tail,西城区,B3,13.75,2024-09,2025-12,16.0,confirmed_6_month,2024-09,16,16,False
E1_zero_central_tail,西城区,B4,17.0,2023-01,2025-12,36.0,confirmed_6_month,2023-01,36,36,False
E1_zero_central_tail,通州区,B1,5.75,2024-09,2025-02,6.0,confirmed_6_month,2024-09,6,4,False
E1_zero_central_tail,通州区,B2,9.75,2019-10,2020-04,7.0,confirmed_6_month,2019-10,53,53,False
E1_zero_central_tail,通州区,B3,13.75,,,,no_observed_new_crossing,,53,53,True
E1_zero_central_tail,门头沟区,B1,5.75,,,,no_observed_new_crossing,,0,0,False
E1_zero_central_tail,门头沟区,B2,9.75,,,,no_observed_new_crossing,,0,0,False
E1_zero_central_tail,门头沟区,B3,13.75,2025-06,2025-10,5.0,transient_first_run,,5,0,False
E1_zero_central_tail,门头沟区,B4,17.0,2024-09,2025-01,5.0,transient_first_run,2025-03,10,10,False
E1_zero_central_tail,顺义区,B1,5.75,,,,no_observed_new_crossing,,0,0,False
E1_zero_central_tail,顺义区,B2,9.75,,,,no_observed_new_crossing,,0,0,False
E1_zero_central_tail,顺义区,B3,13.75,,,,no_observed_new_crossing,,0,0,False
E1_p03_extend,东城区,B1,5.45,,,,no_observed_new_crossing,,0,0,False
E1_p03_extend,东城区,B2,9.45,,,,no_observed_new_crossing,,0,0,False
E1_p03_extend,东城区,B3,13.45,2025-09,2025-12,4.0,insufficient_followup,,4,4,False
E1_p03_extend,东城区,B4,17.45,2023-10,2025-12,27.0,confirmed_6_month,2023-10,27,27,False
E1_p03_extend,丰台区,B1,5.45,,,,no_observed_new_crossing,,0,0,False
E1_p03_extend,丰台区,B2,9.45,,,,no_observed_new_crossing,,0,0,False
E1_p03_extend,丰台区,B3,13.45,2022-12,2025-12,37.0,confirmed_6_month,2022-12,37,37,False
E1_p03_extend,丰台区,B4,17.45,2021-09,2025-12,52.0,confirmed_6_month,2021-09,52,52,False
E1_p03_extend,大兴区,B1,5.45,,,,no_observed_new_crossing,,0,0,False
E1_p03_extend,大兴区,B2,9.45,2025-12,2025-12,1.0,insufficient_followup,,1,1,False
E1_p03_extend,大兴区,B3,13.45,2023-12,2024-03,4.0,transient_first_run,2024-08,17,17,False
E1_p03_extend,大兴区,B4,17.45,2020-01,2020-03,3.0,transient_first_run,2021-07,54,54,False
E1_p03_extend,密云区,B1,5.45,,,,no_observed_new_crossing,,0,0,False
E1_p03_extend,密云区,B2,9.45,,,,no_observed_new_crossing,,0,0,False
E1_p03_extend,密云区,B3,13.45,2025-08,2025-11,4.0,transient_first_run,,4,0,False
E1_p03_extend,平谷区,B1,5.45,,,,no_observed_new_crossing,,0,0,False
E1_p03_extend,平谷区,B2,9.45,,,,no_observed_new_crossing,,0,0,False
E1_p03_extend,平谷区,B3,13.45,2025-09,2025-10,2.0,transient_first_run,,2,0,False
E1_p03_extend,延庆区,B1,5.45,2025-01,2025-03,3.0,transient_first_run,,4,4,False
E1_p03_extend,延庆区,B2,9.45,2019-12,2020-04,5.0,transient_first_run,2020-08,65,65,False
E1_p03_extend,延庆区,B3,13.45,,,,no_observed_new_crossing,,76,76,True
E1_p03_extend,怀柔区,B1,5.45,,,,no_observed_new_crossing,,0,0,False
E1_p03_extend,怀柔区,B2,9.45,2021-10,2025-12,51.0,confirmed_6_month,2021-10,51,51,False
E1_p03_extend,怀柔区,B3,13.45,2021-07,2025-12,54.0,confirmed_6_month,2021-07,54,54,False
E1_p03_extend,房山区,B1,5.45,2025-08,2025-12,5.0,insufficient_followup,,5,5,False
E1_p03_extend,房山区,B2,9.45,2020-08,2021-04,9.0,confirmed_6_month,2020-08,54,54,False
E1_p03_extend,房山区,B3,13.45,,,,no_observed_new_crossing,,76,76,True
E1_p03_extend,昌平区,B1,5.45,,,,no_observed_new_crossing,,0,0,False
E1_p03_extend,昌平区,B2,9.45,,,,no_observed_new_crossing,,0,0,False
E1_p03_extend,昌平区,B3,13.45,2025-02,2025-03,2.0,transient_first_run,2025-07,6,6,False
E1_p03_extend,昌平区,B4,17.45,2024-02,2024-04,3.0,transient_first_run,2024-08,17,17,False
E1_p03_extend,朝阳区,B1,5.45,,,,no_observed_new_crossing,,0,0,False
E1_p03_extend,朝阳区,B2,9.45,,,,no_observed_new_crossing,,0,0,False
E1_p03_extend,朝阳区,B3,13.45,,,,no_observed_new_crossing,,0,0,False
E1_p03_extend,朝阳区,B4,17.45,,,,no_observed_new_crossing,,0,0,False
E1_p03_extend,海淀区,B1,5.45,,,,no_observed_new_crossing,,0,0,False
E1_p03_extend,海淀区,B2,9.45,2025-01,2025-02,2.0,transient_first_run,,5,5,False
E1_p03_extend,海淀区,B3,13.45,2023-12,2025-12,25.0,confirmed_6_month,2023-12,25,25,False
E1_p03_extend,海淀区,B4,17.45,2022-12,2023-05,6.0,confirmed_6_month,2022-12,29,29,False
E1_p03_extend,石景山区,B1,5.45,,,,no_observed_new_crossing,,0,0,False
E1_p03_extend,石景山区,B2,9.45,,,,no_observed_new_crossing,,0,0,False
E1_p03_extend,石景山区,B3,13.45,2025-09,2025-09,1.0,transient_first_run,,1,0,False
E1_p03_extend,石景山区,B4,17.45,2025-05,2025-12,8.0,confirmed_6_month,2025-05,8,8,False
E1_p03_extend,西城区,B1,5.45,,,,no_observed_new_crossing,,0,0,False
E1_p03_extend,西城区,B2,9.45,,,,no_observed_new_crossing,,0,0,False
E1_p03_extend,西城区,B3,13.45,2024-10,2025-12,15.0,confirmed_6_month,2024-10,15,15,False
E1_p03_extend,西城区,B4,17.45,2022-12,2025-12,37.0,confirmed_6_month,2022-12,37,37,False
E1_p03_extend,通州区,B1,5.45,2024-09,2024-10,2.0,transient_first_run,,4,4,False
E1_p03_extend,通州区,B2,9.45,2019-11,2019-11,1.0,transient_first_run,2020-08,53,53,False
E1_p03_extend,通州区,B3,13.45,,,,no_observed_new_crossing,,53,53,True
E1_p03_extend,门头沟区,B1,5.45,,,,no_observed_new_crossing,,0,0,False
E1_p03_extend,门头沟区,B2,9.45,,,,no_observed_new_crossing,,0,0,False
E1_p03_extend,门头沟区,B3,13.45,2025-08,2025-10,3.0,transient_first_run,,3,0,False
E1_p03_extend,门头沟区,B4,17.45,2024-09,2025-12,16.0,confirmed_6_month,2024-09,16,16,False
E1_p03_extend,顺义区,B1,5.45,,,,no_observed_new_crossing,,0,0,False
E1_p03_extend,顺义区,B2,9.45,,,,no_observed_new_crossing,,0,0,False
E1_p03_extend,顺义区,B3,13.45,,,,no_observed_new_crossing,,0,0,False
E1_p03_central_tail,东城区,B1,5.45,,,,no_observed_new_crossing,,0,0,False
E1_p03_central_tail,东城区,B2,9.45,,,,no_observed_new_crossing,,0,0,False
E1_p03_central_tail,东城区,B3,13.45,2025-09,2025-12,4.0,insufficient_followup,,4,4,False
E1_p03_central_tail,东城区,B4,17.0,2024-03,2024-05,3.0,transient_first_run,2024-07,18,18,False
E1_p03_central_tail,丰台区,B1,5.45,,,,no_observed_new_crossing,,0,0,False
E1_p03_central_tail,丰台区,B2,9.45,,,,no_observed_new_crossing,,0,0,False
E1_p03_central_tail,丰台区,B3,13.45,2022-12,2025-12,37.0,confirmed_6_month,2022-12,37,37,False
E1_p03_central_tail,丰台区,B4,17.0,2021-10,2025-12,51.0,confirmed_6_month,2021-10,51,51,False
E1_p03_central_tail,大兴区,B1,5.45,,,,no_observed_new_crossing,,0,0,False
E1_p03_central_tail,大兴区,B2,9.45,2025-12,2025-12,1.0,insufficient_followup,,1,1,False
E1_p03_central_tail,大兴区,B3,13.45,2023-12,2024-03,4.0,transient_first_run,2024-08,17,17,False
E1_p03_central_tail,大兴区,B4,17.0,2020-02,2020-03,2.0,transient_first_run,2021-07,42,42,False
E1_p03_central_tail,密云区,B1,5.45,,,,no_observed_new_crossing,,0,0,False
E1_p03_central_tail,密云区,B2,9.45,,,,no_observed_new_crossing,,0,0,False
E1_p03_central_tail,密云区,B3,13.45,2025-08,2025-11,4.0,transient_first_run,,4,0,False
E1_p03_central_tail,平谷区,B1,5.45,,,,no_observed_new_crossing,,0,0,False
E1_p03_central_tail,平谷区,B2,9.45,,,,no_observed_new_crossing,,0,0,False
E1_p03_central_tail,平谷区,B3,13.45,2025-09,2025-10,2.0,transient_first_run,,2,0,False
E1_p03_central_tail,延庆区,B1,5.45,2025-01,2025-03,3.0,transient_first_run,,4,4,False
E1_p03_central_tail,延庆区,B2,9.45,2019-12,2020-04,5.0,transient_first_run,2020-08,65,65,False
E1_p03_central_tail,延庆区,B3,13.45,,,,no_observed_new_crossing,,76,76,True
E1_p03_central_tail,怀柔区,B1,5.45,,,,no_observed_new_crossing,,0,0,False
E1_p03_central_tail,怀柔区,B2,9.45,2021-10,2025-12,51.0,confirmed_6_month,2021-10,51,51,False
E1_p03_central_tail,怀柔区,B3,13.45,2021-07,2025-12,54.0,confirmed_6_month,2021-07,54,54,False
E1_p03_central_tail,房山区,B1,5.45,2025-08,2025-12,5.0,insufficient_followup,,5,5,False
E1_p03_central_tail,房山区,B2,9.45,2020-08,2021-04,9.0,confirmed_6_month,2020-08,54,54,False
E1_p03_central_tail,房山区,B3,13.45,,,,no_observed_new_crossing,,76,76,True
E1_p03_central_tail,昌平区,B1,5.45,,,,no_observed_new_crossing,,0,0,False
E1_p03_central_tail,昌平区,B2,9.45,,,,no_observed_new_crossing,,0,0,False
E1_p03_central_tail,昌平区,B3,13.45,2025-02,2025-03,2.0,transient_first_run,2025-07,6,6,False
E1_p03_central_tail,昌平区,B4,17.0,2024-03,2024-03,1.0,transient_first_run,2024-08,17,17,False
E1_p03_central_tail,朝阳区,B1,5.45,,,,no_observed_new_crossing,,0,0,False
E1_p03_central_tail,朝阳区,B2,9.45,,,,no_observed_new_crossing,,0,0,False
E1_p03_central_tail,朝阳区,B3,13.45,,,,no_observed_new_crossing,,0,0,False
E1_p03_central_tail,朝阳区,B4,17.0,,,,no_observed_new_crossing,,0,0,False
E1_p03_central_tail,海淀区,B1,5.45,,,,no_observed_new_crossing,,0,0,False
E1_p03_central_tail,海淀区,B2,9.45,2025-01,2025-02,2.0,transient_first_run,,5,5,False
E1_p03_central_tail,海淀区,B3,13.45,2023-12,2025-12,25.0,confirmed_6_month,2023-12,25,25,False
E1_p03_central_tail,海淀区,B4,17.0,2023-01,2023-03,3.0,transient_first_run,2023-08,29,29,False
E1_p03_central_tail,石景山区,B1,5.45,,,,no_observed_new_crossing,,0,0,False
E1_p03_central_tail,石景山区,B2,9.45,,,,no_observed_new_crossing,,0,0,False
E1_p03_central_tail,石景山区,B3,13.45,2025-09,2025-09,1.0,transient_first_run,,1,0,False
E1_p03_central_tail,石景山区,B4,17.0,2025-05,2025-12,8.0,confirmed_6_month,2025-05,8,8,False
E1_p03_central_tail,西城区,B1,5.45,,,,no_observed_new_crossing,,0,0,False
E1_p03_central_tail,西城区,B2,9.45,,,,no_observed_new_crossing,,0,0,False
E1_p03_central_tail,西城区,B3,13.45,2024-10,2025-12,15.0,confirmed_6_month,2024-10,15,15,False
E1_p03_central_tail,西城区,B4,17.0,2023-01,2025-12,36.0,confirmed_6_month,2023-01,36,36,False
E1_p03_central_tail,通州区,B1,5.45,2024-09,2024-10,2.0,transient_first_run,,4,4,False
E1_p03_central_tail,通州区,B2,9.45,2019-11,2019-11,1.0,transient_first_run,2020-08,53,53,False
E1_p03_central_tail,通州区,B3,13.45,,,,no_observed_new_crossing,,53,53,True
E1_p03_central_tail,门头沟区,B1,5.45,,,,no_observed_new_crossing,,0,0,False
E1_p03_central_tail,门头沟区,B2,9.45,,,,no_observed_new_crossing,,0,0,False
E1_p03_central_tail,门头沟区,B3,13.45,2025-08,2025-10,3.0,transient_first_run,,3,0,False
E1_p03_central_tail,门头沟区,B4,17.0,2024-09,2025-01,5.0,transient_first_run,2025-03,10,10,False
E1_p03_central_tail,顺义区,B1,5.45,,,,no_observed_new_crossing,,0,0,False
E1_p03_central_tail,顺义区,B2,9.45,,,,no_observed_new_crossing,,0,0,False
E1_p03_central_tail,顺义区,B3,13.45,,,,no_observed_new_crossing,,0,0,False
E2_m03_extend,东城区,B1,6.0,,,,no_observed_new_crossing,,0,0,False
E2_m03_extend,东城区,B2,9.3,,,,no_observed_new_crossing,,0,0,False
E2_m03_extend,东城区,B3,12.600000000000001,,,,no_observed_new_crossing,,0,0,False
E2_m03_extend,东城区,B4,15.900000000000002,2024-09,2025-12,16.0,confirmed_6_month,2024-09,16,16,False
E2_m03_extend,丰台区,B1,6.0,,,,no_observed_new_crossing,,0,0,False
E2_m03_extend,丰台区,B2,9.3,,,,no_observed_new_crossing,,0,0,False
E2_m03_extend,丰台区,B3,12.600000000000001,2023-08,2025-12,29.0,confirmed_6_month,2023-08,29,29,False
E2_m03_extend,丰台区,B4,15.900000000000002,2022-02,2025-12,47.0,confirmed_6_month,2022-02,47,47,False
E2_m03_extend,大兴区,B1,6.0,,,,no_observed_new_crossing,,0,0,False
E2_m03_extend,大兴区,B2,9.3,2025-12,2025-12,1.0,insufficient_followup,,1,1,False
E2_m03_extend,大兴区,B3,12.600000000000001,2024-09,2025-04,8.0,confirmed_6_month,2024-09,8,6,False
E2_m03_extend,大兴区,B4,15.900000000000002,2021-10,2022-03,6.0,confirmed_6_month,2021-10,29,29,False
E2_m03_extend,密云区,B1,6.0,,,,no_observed_new_crossing,,0,0,False
E2_m03_extend,密云区,B2,9.3,,,,no_observed_new_crossing,,0,0,False
E2_m03_extend,密云区,B3,12.600000000000001,,,,no_observed_new_crossing,,0,0,False
E2_m03_extend,平谷区,B1,6.0,,,,no_observed_new_crossing,,0,0,False
E2_m03_extend,平谷区,B2,9.3,,,,no_observed_new_crossing,,0,0,False
E2_m03_extend,平谷区,B3,12.600000000000001,,,,no_observed_new_crossing,,0,0,False
E2_m03_extend,延庆区,B1,6.0,2024-01,2024-03,3.0,transient_first_run,,5,5,False
E2_m03_extend,延庆区,B2,9.3,2019-12,2020-04,5.0,transient_first_run,2020-08,65,65,False
E2_m03_extend,延庆区,B3,12.600000000000001,,,,no_observed_new_crossing,,76,76,True
E2_m03_extend,怀柔区,B1,6.0,2025-08,2025-09,2.0,transient_first_run,,2,0,False
E2_m03_extend,怀柔区,B2,9.3,2021-10,2025-12,51.0,confirmed_6_month,2021-10,51,51,False
E2_m03_extend,怀柔区,B3,12.600000000000001,2021-10,2025-12,51.0,confirmed_6_month,2021-10,51,51,False
E2_m03_extend,房山区,B1,6.0,2023-09,2024-02,6.0,confirmed_6_month,2023-09,6,5,False
E2_m03_extend,房山区,B2,9.3,2020-11,2021-04,6.0,confirmed_6_month,2020-11,54,54,False
E2_m03_extend,房山区,B3,12.600000000000001,,,,no_observed_new_crossing,,76,76,True
E2_m03_extend,昌平区,B1,6.0,,,,no_observed_new_crossing,,0,0,False
E2_m03_extend,昌平区,B2,9.3,,,,no_observed_new_crossing,,0,0,False
E2_m03_extend,昌平区,B3,12.600000000000001,2025-08,2025-12,5.0,insufficient_followup,,5,5,False
E2_m03_extend,昌平区,B4,15.900000000000002,2024-09,2025-12,16.0,confirmed_6_month,2024-09,16,16,False
E2_m03_extend,朝阳区,B1,6.0,,,,no_observed_new_crossing,,0,0,False
E2_m03_extend,朝阳区,B2,9.3,,,,no_observed_new_crossing,,0,0,False
E2_m03_extend,朝阳区,B3,12.600000000000001,,,,no_observed_new_crossing,,0,0,False
E2_m03_extend,朝阳区,B4,15.900000000000002,,,,no_observed_new_crossing,,0,0,False
E2_m03_extend,海淀区,B1,6.0,,,,no_observed_new_crossing,,0,0,False
E2_m03_extend,海淀区,B2,9.3,2025-02,2025-02,1.0,transient_first_run,,5,5,False
E2_m03_extend,海淀区,B3,12.600000000000001,2024-02,2024-04,3.0,transient_first_run,2024-08,17,17,False
E2_m03_extend,海淀区,B4,15.900000000000002,2023-09,2025-12,28.0,confirmed_6_month,2023-09,28,28,False
E2_m03_extend,石景山区,B1,6.0,,,,no_observed_new_crossing,,0,0,False
E2_m03_extend,石景山区,B2,9.3,,,,no_observed_new_crossing,,0,0,False
E2_m03_extend,石景山区,B3,12.600000000000001,,,,no_observed_new_crossing,,0,0,False
E2_m03_extend,石景山区,B4,15.900000000000002,2025-06,2025-11,6.0,confirmed_6_month,2025-06,6,0,False
E2_m03_extend,西城区,B1,6.0,,,,no_observed_new_crossing,,0,0,False
E2_m03_extend,西城区,B2,9.3,,,,no_observed_new_crossing,,0,0,False
E2_m03_extend,西城区,B3,12.600000000000001,2025-08,2025-12,5.0,insufficient_followup,,5,5,False
E2_m03_extend,西城区,B4,15.900000000000002,2023-09,2025-12,28.0,confirmed_6_month,2023-09,28,28,False
E2_m03_extend,通州区,B1,6.0,2024-08,2025-02,7.0,confirmed_6_month,2024-08,7,5,False
E2_m03_extend,通州区,B2,9.3,2019-11,2019-11,1.0,transient_first_run,2020-08,53,53,False
E2_m03_extend,通州区,B3,12.600000000000001,,,,no_observed_new_crossing,,53,53,True
E2_m03_extend,门头沟区,B1,6.0,,,,no_observed_new_crossing,,0,0,False
E2_m03_extend,门头沟区,B2,9.3,,,,no_observed_new_crossing,,0,0,False
E2_m03_extend,门头沟区,B3,12.600000000000001,2025-09,2025-10,2.0,transient_first_run,,2,0,False
E2_m03_extend,门头沟区,B4,15.900000000000002,2025-04,2025-12,9.0,confirmed_6_month,2025-04,9,9,False
E2_m03_extend,顺义区,B1,6.0,,,,no_observed_new_crossing,,0,0,False
E2_m03_extend,顺义区,B2,9.3,,,,no_observed_new_crossing,,0,0,False
E2_m03_extend,顺义区,B3,12.600000000000001,,,,no_observed_new_crossing,,0,0,False
E2_m03_central_tail,东城区,B1,6.0,,,,no_observed_new_crossing,,0,0,False
E2_m03_central_tail,东城区,B2,9.3,,,,no_observed_new_crossing,,0,0,False
E2_m03_central_tail,东城区,B3,12.600000000000001,,,,no_observed_new_crossing,,0,0,False
E2_m03_central_tail,东城区,B4,17.0,2024-03,2024-05,3.0,transient_first_run,2024-07,18,18,False
E2_m03_central_tail,丰台区,B1,6.0,,,,no_observed_new_crossing,,0,0,False
E2_m03_central_tail,丰台区,B2,9.3,,,,no_observed_new_crossing,,0,0,False
E2_m03_central_tail,丰台区,B3,12.600000000000001,2023-08,2025-12,29.0,confirmed_6_month,2023-08,29,29,False
E2_m03_central_tail,丰台区,B4,17.0,2021-10,2025-12,51.0,confirmed_6_month,2021-10,51,51,False
E2_m03_central_tail,大兴区,B1,6.0,,,,no_observed_new_crossing,,0,0,False
E2_m03_central_tail,大兴区,B2,9.3,2025-12,2025-12,1.0,insufficient_followup,,1,1,False
E2_m03_central_tail,大兴区,B3,12.600000000000001,2024-09,2025-04,8.0,confirmed_6_month,2024-09,8,6,False
E2_m03_central_tail,大兴区,B4,17.0,2020-02,2020-03,2.0,transient_first_run,2021-07,42,42,False
E2_m03_central_tail,密云区,B1,6.0,,,,no_observed_new_crossing,,0,0,False
E2_m03_central_tail,密云区,B2,9.3,,,,no_observed_new_crossing,,0,0,False
E2_m03_central_tail,密云区,B3,12.600000000000001,,,,no_observed_new_crossing,,0,0,False
E2_m03_central_tail,平谷区,B1,6.0,,,,no_observed_new_crossing,,0,0,False
E2_m03_central_tail,平谷区,B2,9.3,,,,no_observed_new_crossing,,0,0,False
E2_m03_central_tail,平谷区,B3,12.600000000000001,,,,no_observed_new_crossing,,0,0,False
E2_m03_central_tail,延庆区,B1,6.0,2024-01,2024-03,3.0,transient_first_run,,5,5,False
E2_m03_central_tail,延庆区,B2,9.3,2019-12,2020-04,5.0,transient_first_run,2020-08,65,65,False
E2_m03_central_tail,延庆区,B3,12.600000000000001,,,,no_observed_new_crossing,,76,76,True
E2_m03_central_tail,怀柔区,B1,6.0,2025-08,2025-09,2.0,transient_first_run,,2,0,False
E2_m03_central_tail,怀柔区,B2,9.3,2021-10,2025-12,51.0,confirmed_6_month,2021-10,51,51,False
E2_m03_central_tail,怀柔区,B3,12.600000000000001,2021-10,2025-12,51.0,confirmed_6_month,2021-10,51,51,False
E2_m03_central_tail,房山区,B1,6.0,2023-09,2024-02,6.0,confirmed_6_month,2023-09,6,5,False
E2_m03_central_tail,房山区,B2,9.3,2020-11,2021-04,6.0,confirmed_6_month,2020-11,54,54,False
E2_m03_central_tail,房山区,B3,12.600000000000001,,,,no_observed_new_crossing,,76,76,True
E2_m03_central_tail,昌平区,B1,6.0,,,,no_observed_new_crossing,,0,0,False
E2_m03_central_tail,昌平区,B2,9.3,,,,no_observed_new_crossing,,0,0,False
E2_m03_central_tail,昌平区,B3,12.600000000000001,2025-08,2025-12,5.0,insufficient_followup,,5,5,False
E2_m03_central_tail,昌平区,B4,17.0,2024-03,2024-03,1.0,transient_first_run,2024-08,17,17,False
E2_m03_central_tail,朝阳区,B1,6.0,,,,no_observed_new_crossing,,0,0,False
E2_m03_central_tail,朝阳区,B2,9.3,,,,no_observed_new_crossing,,0,0,False
E2_m03_central_tail,朝阳区,B3,12.600000000000001,,,,no_observed_new_crossing,,0,0,False
E2_m03_central_tail,朝阳区,B4,17.0,,,,no_observed_new_crossing,,0,0,False
E2_m03_central_tail,海淀区,B1,6.0,,,,no_observed_new_crossing,,0,0,False
E2_m03_central_tail,海淀区,B2,9.3,2025-02,2025-02,1.0,transient_first_run,,5,5,False
E2_m03_central_tail,海淀区,B3,12.600000000000001,2024-02,2024-04,3.0,transient_first_run,2024-08,17,17,False
E2_m03_central_tail,海淀区,B4,17.0,2023-01,2023-03,3.0,transient_first_run,2023-08,29,29,False
E2_m03_central_tail,石景山区,B1,6.0,,,,no_observed_new_crossing,,0,0,False
E2_m03_central_tail,石景山区,B2,9.3,,,,no_observed_new_crossing,,0,0,False
E2_m03_central_tail,石景山区,B3,12.600000000000001,,,,no_observed_new_crossing,,0,0,False
E2_m03_central_tail,石景山区,B4,17.0,2025-05,2025-12,8.0,confirmed_6_month,2025-05,8,8,False
E2_m03_central_tail,西城区,B1,6.0,,,,no_observed_new_crossing,,0,0,False
E2_m03_central_tail,西城区,B2,9.3,,,,no_observed_new_crossing,,0,0,False
E2_m03_central_tail,西城区,B3,12.600000000000001,2025-08,2025-12,5.0,insufficient_followup,,5,5,False
E2_m03_central_tail,西城区,B4,17.0,2023-01,2025-12,36.0,confirmed_6_month,2023-01,36,36,False
E2_m03_central_tail,通州区,B1,6.0,2024-08,2025-02,7.0,confirmed_6_month,2024-08,7,5,False
E2_m03_central_tail,通州区,B2,9.3,2019-11,2019-11,1.0,transient_first_run,2020-08,53,53,False
E2_m03_central_tail,通州区,B3,12.600000000000001,,,,no_observed_new_crossing,,53,53,True
E2_m03_central_tail,门头沟区,B1,6.0,,,,no_observed_new_crossing,,0,0,False
E2_m03_central_tail,门头沟区,B2,9.3,,,,no_observed_new_crossing,,0,0,False
E2_m03_central_tail,门头沟区,B3,12.600000000000001,2025-09,2025-10,2.0,transient_first_run,,2,0,False
E2_m03_central_tail,门头沟区,B4,17.0,2024-09,2025-01,5.0,transient_first_run,2025-03,10,10,False
E2_m03_central_tail,顺义区,B1,6.0,,,,no_observed_new_crossing,,0,0,False
E2_m03_central_tail,顺义区,B2,9.3,,,,no_observed_new_crossing,,0,0,False
E2_m03_central_tail,顺义区,B3,12.600000000000001,,,,no_observed_new_crossing,,0,0,False
E2_zero_extend,东城区,B1,5.7,,,,no_observed_new_crossing,,0,0,False
E2_zero_extend,东城区,B2,9.0,,,,no_observed_new_crossing,,0,0,False
E2_zero_extend,东城区,B3,12.3,,,,no_observed_new_crossing,,0,0,False
E2_zero_extend,东城区,B4,15.600000000000001,2024-10,2025-12,15.0,confirmed_6_month,2024-10,15,15,False
E2_zero_extend,丰台区,B1,5.7,,,,no_observed_new_crossing,,0,0,False
E2_zero_extend,丰台区,B2,9.0,,,,no_observed_new_crossing,,0,0,False
E2_zero_extend,丰台区,B3,12.3,2023-09,2025-12,28.0,confirmed_6_month,2023-09,28,28,False
E2_zero_extend,丰台区,B4,15.600000000000001,2022-04,2025-12,45.0,confirmed_6_month,2022-04,45,45,False
E2_zero_extend,大兴区,B1,5.7,,,,no_observed_new_crossing,,0,0,False
E2_zero_extend,大兴区,B2,9.0,,,,no_observed_new_crossing,,0,0,False
E2_zero_extend,大兴区,B3,12.3,2024-10,2025-03,6.0,confirmed_6_month,2024-10,6,6,False
E2_zero_extend,大兴区,B4,15.600000000000001,2021-11,2022-03,5.0,transient_first_run,2022-11,29,29,False
E2_zero_extend,密云区,B1,5.7,,,,no_observed_new_crossing,,0,0,False
E2_zero_extend,密云区,B2,9.0,,,,no_observed_new_crossing,,0,0,False
E2_zero_extend,密云区,B3,12.3,,,,no_observed_new_crossing,,0,0,False
E2_zero_extend,平谷区,B1,5.7,,,,no_observed_new_crossing,,0,0,False
E2_zero_extend,平谷区,B2,9.0,,,,no_observed_new_crossing,,0,0,False
E2_zero_extend,平谷区,B3,12.3,,,,no_observed_new_crossing,,0,0,False
E2_zero_extend,延庆区,B1,5.7,2024-01,2024-03,3.0,transient_first_run,,4,4,False
E2_zero_extend,延庆区,B2,9.0,2020-01,2020-04,4.0,transient_first_run,2020-08,65,65,False
E2_zero_extend,延庆区,B3,12.3,,,,no_observed_new_crossing,,76,76,True
E2_zero_extend,怀柔区,B1,5.7,,,,no_observed_new_crossing,,0,0,False
E2_zero_extend,怀柔区,B2,9.0,2021-11,2025-12,50.0,confirmed_6_month,2021-11,50,50,False
E2_zero_extend,怀柔区,B3,12.3,2021-10,2025-12,51.0,confirmed_6_month,2021-10,51,51,False
E2_zero_extend,房山区,B1,5.7,2024-09,2024-10,2.0,transient_first_run,,5,5,False
E2_zero_extend,房山区,B2,9.0,2020-11,2021-03,5.0,transient_first_run,2021-07,30,30,False
E2_zero_extend,房山区,B3,12.3,,,,no_observed_new_crossing,,76,76,True
E2_zero_extend,昌平区,B1,5.7,,,,no_observed_new_crossing,,0,0,False
E2_zero_extend,昌平区,B2,9.0,,,,no_observed_new_crossing,,0,0,False
E2_zero_extend,昌平区,B3,12.3,2025-09,2025-12,4.0,insufficient_followup,,4,4,False
E2_zero_extend,昌平区,B4,15.600000000000001,2024-09,2025-12,16.0,confirmed_6_month,2024-09,16,16,False
E2_zero_extend,朝阳区,B1,5.7,,,,no_observed_new_crossing,,0,0,False
E2_zero_extend,朝阳区,B2,9.0,,,,no_observed_new_crossing,,0,0,False
E2_zero_extend,朝阳区,B3,12.3,,,,no_observed_new_crossing,,0,0,False
E2_zero_extend,朝阳区,B4,15.600000000000001,,,,no_observed_new_crossing,,0,0,False
E2_zero_extend,海淀区,B1,5.7,,,,no_observed_new_crossing,,0,0,False
E2_zero_extend,海淀区,B2,9.0,2025-08,2025-12,5.0,insufficient_followup,,5,5,False
E2_zero_extend,海淀区,B3,12.3,2024-02,2024-03,2.0,transient_first_run,2024-08,17,17,False
E2_zero_extend,海淀区,B4,15.600000000000001,2023-09,2025-12,28.0,confirmed_6_month,2023-09,28,28,False
E2_zero_extend,石景山区,B1,5.7,,,,no_observed_new_crossing,,0,0,False
E2_zero_extend,石景山区,B2,9.0,,,,no_observed_new_crossing,,0,0,False
E2_zero_extend,石景山区,B3,12.3,,,,no_observed_new_crossing,,0,0,False
E2_zero_extend,石景山区,B4,15.600000000000001,2025-06,2025-11,6.0,confirmed_6_month,2025-06,6,0,False
E2_zero_extend,西城区,B1,5.7,,,,no_observed_new_crossing,,0,0,False
E2_zero_extend,西城区,B2,9.0,,,,no_observed_new_crossing,,0,0,False
E2_zero_extend,西城区,B3,12.3,2025-09,2025-12,4.0,insufficient_followup,,4,4,False
E2_zero_extend,西城区,B4,15.600000000000001,2023-10,2025-12,27.0,confirmed_6_month,2023-10,27,27,False
E2_zero_extend,通州区,B1,5.7,2024-09,2025-02,6.0,confirmed_6_month,2024-09,6,4,False
E2_zero_extend,通州区,B2,9.0,2020-02,2020-03,2.0,transient_first_run,2020-08,53,53,False
E2_zero_extend,通州区,B3,12.3,,,,no_observed_new_crossing,,53,53,True
E2_zero_extend,门头沟区,B1,5.7,,,,no_observed_new_crossing,,0,0,False
E2_zero_extend,门头沟区,B2,9.0,,,,no_observed_new_crossing,,0,0,False
E2_zero_extend,门头沟区,B3,12.3,2025-09,2025-09,1.0,transient_first_run,,1,0,False
E2_zero_extend,门头沟区,B4,15.600000000000001,2025-04,2025-12,9.0,confirmed_6_month,2025-04,9,9,False
E2_zero_extend,顺义区,B1,5.7,,,,no_observed_new_crossing,,0,0,False
E2_zero_extend,顺义区,B2,9.0,,,,no_observed_new_crossing,,0,0,False
E2_zero_extend,顺义区,B3,12.3,,,,no_observed_new_crossing,,0,0,False
E2_zero_central_tail,东城区,B1,5.7,,,,no_observed_new_crossing,,0,0,False
E2_zero_central_tail,东城区,B2,9.0,,,,no_observed_new_crossing,,0,0,False
E2_zero_central_tail,东城区,B3,12.3,,,,no_observed_new_crossing,,0,0,False
E2_zero_central_tail,东城区,B4,17.0,2024-03,2024-05,3.0,transient_first_run,2024-07,18,18,False
E2_zero_central_tail,丰台区,B1,5.7,,,,no_observed_new_crossing,,0,0,False
E2_zero_central_tail,丰台区,B2,9.0,,,,no_observed_new_crossing,,0,0,False
E2_zero_central_tail,丰台区,B3,12.3,2023-09,2025-12,28.0,confirmed_6_month,2023-09,28,28,False
E2_zero_central_tail,丰台区,B4,17.0,2021-10,2025-12,51.0,confirmed_6_month,2021-10,51,51,False
E2_zero_central_tail,大兴区,B1,5.7,,,,no_observed_new_crossing,,0,0,False
E2_zero_central_tail,大兴区,B2,9.0,,,,no_observed_new_crossing,,0,0,False
E2_zero_central_tail,大兴区,B3,12.3,2024-10,2025-03,6.0,confirmed_6_month,2024-10,6,6,False
E2_zero_central_tail,大兴区,B4,17.0,2020-02,2020-03,2.0,transient_first_run,2021-07,42,42,False
E2_zero_central_tail,密云区,B1,5.7,,,,no_observed_new_crossing,,0,0,False
E2_zero_central_tail,密云区,B2,9.0,,,,no_observed_new_crossing,,0,0,False
E2_zero_central_tail,密云区,B3,12.3,,,,no_observed_new_crossing,,0,0,False
E2_zero_central_tail,平谷区,B1,5.7,,,,no_observed_new_crossing,,0,0,False
E2_zero_central_tail,平谷区,B2,9.0,,,,no_observed_new_crossing,,0,0,False
E2_zero_central_tail,平谷区,B3,12.3,,,,no_observed_new_crossing,,0,0,False
E2_zero_central_tail,延庆区,B1,5.7,2024-01,2024-03,3.0,transient_first_run,,4,4,False
E2_zero_central_tail,延庆区,B2,9.0,2020-01,2020-04,4.0,transient_first_run,2020-08,65,65,False
E2_zero_central_tail,延庆区,B3,12.3,,,,no_observed_new_crossing,,76,76,True
E2_zero_central_tail,怀柔区,B1,5.7,,,,no_observed_new_crossing,,0,0,False
E2_zero_central_tail,怀柔区,B2,9.0,2021-11,2025-12,50.0,confirmed_6_month,2021-11,50,50,False
E2_zero_central_tail,怀柔区,B3,12.3,2021-10,2025-12,51.0,confirmed_6_month,2021-10,51,51,False
E2_zero_central_tail,房山区,B1,5.7,2024-09,2024-10,2.0,transient_first_run,,5,5,False
E2_zero_central_tail,房山区,B2,9.0,2020-11,2021-03,5.0,transient_first_run,2021-07,30,30,False
E2_zero_central_tail,房山区,B3,12.3,,,,no_observed_new_crossing,,76,76,True
E2_zero_central_tail,昌平区,B1,5.7,,,,no_observed_new_crossing,,0,0,False
E2_zero_central_tail,昌平区,B2,9.0,,,,no_observed_new_crossing,,0,0,False
E2_zero_central_tail,昌平区,B3,12.3,2025-09,2025-12,4.0,insufficient_followup,,4,4,False
E2_zero_central_tail,昌平区,B4,17.0,2024-03,2024-03,1.0,transient_first_run,2024-08,17,17,False
E2_zero_central_tail,朝阳区,B1,5.7,,,,no_observed_new_crossing,,0,0,False
E2_zero_central_tail,朝阳区,B2,9.0,,,,no_observed_new_crossing,,0,0,False
E2_zero_central_tail,朝阳区,B3,12.3,,,,no_observed_new_crossing,,0,0,False
E2_zero_central_tail,朝阳区,B4,17.0,,,,no_observed_new_crossing,,0,0,False
E2_zero_central_tail,海淀区,B1,5.7,,,,no_observed_new_crossing,,0,0,False
E2_zero_central_tail,海淀区,B2,9.0,2025-08,2025-12,5.0,insufficient_followup,,5,5,False
E2_zero_central_tail,海淀区,B3,12.3,2024-02,2024-03,2.0,transient_first_run,2024-08,17,17,False
E2_zero_central_tail,海淀区,B4,17.0,2023-01,2023-03,3.0,transient_first_run,2023-08,29,29,False
E2_zero_central_tail,石景山区,B1,5.7,,,,no_observed_new_crossing,,0,0,False
E2_zero_central_tail,石景山区,B2,9.0,,,,no_observed_new_crossing,,0,0,False
E2_zero_central_tail,石景山区,B3,12.3,,,,no_observed_new_crossing,,0,0,False
E2_zero_central_tail,石景山区,B4,17.0,2025-05,2025-12,8.0,confirmed_6_month,2025-05,8,8,False
E2_zero_central_tail,西城区,B1,5.7,,,,no_observed_new_crossing,,0,0,False
E2_zero_central_tail,西城区,B2,9.0,,,,no_observed_new_crossing,,0,0,False
E2_zero_central_tail,西城区,B3,12.3,2025-09,2025-12,4.0,insufficient_followup,,4,4,False
E2_zero_central_tail,西城区,B4,17.0,2023-01,2025-12,36.0,confirmed_6_month,2023-01,36,36,False
E2_zero_central_tail,通州区,B1,5.7,2024-09,2025-02,6.0,confirmed_6_month,2024-09,6,4,False
E2_zero_central_tail,通州区,B2,9.0,2020-02,2020-03,2.0,transient_first_run,2020-08,53,53,False
E2_zero_central_tail,通州区,B3,12.3,,,,no_observed_new_crossing,,53,53,True
E2_zero_central_tail,门头沟区,B1,5.7,,,,no_observed_new_crossing,,0,0,False
E2_zero_central_tail,门头沟区,B2,9.0,,,,no_observed_new_crossing,,0,0,False
E2_zero_central_tail,门头沟区,B3,12.3,2025-09,2025-09,1.0,transient_first_run,,1,0,False
E2_zero_central_tail,门头沟区,B4,17.0,2024-09,2025-01,5.0,transient_first_run,2025-03,10,10,False
E2_zero_central_tail,顺义区,B1,5.7,,,,no_observed_new_crossing,,0,0,False
E2_zero_central_tail,顺义区,B2,9.0,,,,no_observed_new_crossing,,0,0,False
E2_zero_central_tail,顺义区,B3,12.3,,,,no_observed_new_crossing,,0,0,False
E2_p03_extend,东城区,B1,5.4,,,,no_observed_new_crossing,,0,0,False
E2_p03_extend,东城区,B2,8.7,,,,no_observed_new_crossing,,0,0,False
E2_p03_extend,东城区,B3,12.0,,,,no_observed_new_crossing,,0,0,False
E2_p03_extend,东城区,B4,15.3,2024-10,2025-12,15.0,confirmed_6_month,2024-10,15,15,False
E2_p03_extend,丰台区,B1,5.4,,,,no_observed_new_crossing,,0,0,False
E2_p03_extend,丰台区,B2,8.7,,,,no_observed_new_crossing,,0,0,False
E2_p03_extend,丰台区,B3,12.0,2023-11,2024-02,4.0,transient_first_run,2024-08,17,17,False
E2_p03_extend,丰台区,B4,15.3,2022-05,2025-12,44.0,confirmed_6_month,2022-05,44,44,False
E2_p03_extend,大兴区,B1,5.4,,,,no_observed_new_crossing,,0,0,False
E2_p03_extend,大兴区,B2,8.7,,,,no_observed_new_crossing,,0,0,False
E2_p03_extend,大兴区,B3,12.0,2024-12,2025-03,4.0,transient_first_run,,5,5,False
E2_p03_extend,大兴区,B4,15.3,2021-12,2022-02,3.0,transient_first_run,2023-08,29,29,False
E2_p03_extend,密云区,B1,5.4,,,,no_observed_new_crossing,,0,0,False
E2_p03_extend,密云区,B2,8.7,,,,no_observed_new_crossing,,0,0,False
E2_p03_extend,密云区,B3,12.0,,,,no_observed_new_crossing,,0,0,False
E2_p03_extend,平谷区,B1,5.4,,,,no_observed_new_crossing,,0,0,False
E2_p03_extend,平谷区,B2,8.7,,,,no_observed_new_crossing,,0,0,False
E2_p03_extend,平谷区,B3,12.0,,,,no_observed_new_crossing,,0,0,False
E2_p03_extend,延庆区,B1,5.4,2025-02,2025-03,2.0,transient_first_run,,4,4,False
E2_p03_extend,延庆区,B2,8.7,2020-01,2020-04,4.0,transient_first_run,2020-08,29,29,False
E2_p03_extend,延庆区,B3,12.0,,,,no_observed_new_crossing,,76,76,True
E2_p03_extend,怀柔区,B1,5.4,,,,no_observed_new_crossing,,0,0,False
E2_p03_extend,怀柔区,B2,8.7,2021-12,2025-12,49.0,confirmed_6_month,2021-12,49,49,False
E2_p03_extend,怀柔区,B3,12.0,2021-10,2025-12,51.0,confirmed_6_month,2021-10,51,51,False
E2_p03_extend,房山区,B1,5.4,2025-08,2025-12,5.0,insufficient_followup,,5,5,False
E2_p03_extend,房山区,B2,8.7,2020-12,2021-03,4.0,transient_first_run,2021-07,29,29,False
E2_p03_extend,房山区,B3,12.0,,,,no_observed_new_crossing,,76,76,True
E2_p03_extend,昌平区,B1,5.4,,,,no_observed_new_crossing,,0,0,False
E2_p03_extend,昌平区,B2,8.7,,,,no_observed_new_crossing,,0,0,False
E2_p03_extend,昌平区,B3,12.0,2025-09,2025-12,4.0,insufficient_followup,,4,4,False
E2_p03_extend,昌平区,B4,15.3,2024-10,2025-12,15.0,confirmed_6_month,2024-10,15,15,False
E2_p03_extend,朝阳区,B1,5.4,,,,no_observed_new_crossing,,0,0,False
E2_p03_extend,朝阳区,B2,8.7,,,,no_observed_new_crossing,,0,0,False
E2_p03_extend,朝阳区,B3,12.0,,,,no_observed_new_crossing,,0,0,False
E2_p03_extend,朝阳区,B4,15.3,,,,no_observed_new_crossing,,0,0,False
E2_p03_extend,海淀区,B1,5.4,,,,no_observed_new_crossing,,0,0,False
E2_p03_extend,海淀区,B2,8.7,2025-09,2025-12,4.0,insufficient_followup,,4,4,False
E2_p03_extend,海淀区,B3,12.0,2024-08,2025-12,17.0,confirmed_6_month,2024-08,17,17,False
E2_p03_extend,海淀区,B4,15.3,2023-10,2025-12,27.0,confirmed_6_month,2023-10,27,27,False
E2_p03_extend,石景山区,B1,5.4,,,,no_observed_new_crossing,,0,0,False
E2_p03_extend,石景山区,B2,8.7,,,,no_observed_new_crossing,,0,0,False
E2_p03_extend,石景山区,B3,12.0,,,,no_observed_new_crossing,,0,0,False
E2_p03_extend,石景山区,B4,15.3,2025-07,2025-11,5.0,transient_first_run,,5,0,False
E2_p03_extend,西城区,B1,5.4,,,,no_observed_new_crossing,,0,0,False
E2_p03_extend,西城区,B2,8.7,,,,no_observed_new_crossing,,0,0,False
E2_p03_extend,西城区,B3,12.0,2025-10,2025-12,3.0,insufficient_followup,,3,3,False
E2_p03_extend,西城区,B4,15.3,2023-12,2023-12,1.0,transient_first_run,2024-06,19,19,False
E2_p03_extend,通州区,B1,5.4,2024-09,2024-09,1.0,transient_first_run,,4,4,False
E2_p03_extend,通州区,B2,8.7,2020-08,2021-04,9.0,confirmed_6_month,2020-08,29,29,False
E2_p03_extend,通州区,B3,12.0,,,,no_observed_new_crossing,,53,53,True
E2_p03_extend,门头沟区,B1,5.4,,,,no_observed_new_crossing,,0,0,False
E2_p03_extend,门头沟区,B2,8.7,,,,no_observed_new_crossing,,0,0,False
E2_p03_extend,门头沟区,B3,12.0,,,,no_observed_new_crossing,,0,0,False
E2_p03_extend,门头沟区,B4,15.3,2025-05,2025-11,7.0,confirmed_6_month,2025-05,7,0,False
E2_p03_extend,顺义区,B1,5.4,,,,no_observed_new_crossing,,0,0,False
E2_p03_extend,顺义区,B2,8.7,,,,no_observed_new_crossing,,0,0,False
E2_p03_extend,顺义区,B3,12.0,,,,no_observed_new_crossing,,0,0,False
E2_p03_central_tail,东城区,B1,5.4,,,,no_observed_new_crossing,,0,0,False
E2_p03_central_tail,东城区,B2,8.7,,,,no_observed_new_crossing,,0,0,False
E2_p03_central_tail,东城区,B3,12.0,,,,no_observed_new_crossing,,0,0,False
E2_p03_central_tail,东城区,B4,17.0,2024-03,2024-05,3.0,transient_first_run,2024-07,18,18,False
E2_p03_central_tail,丰台区,B1,5.4,,,,no_observed_new_crossing,,0,0,False
E2_p03_central_tail,丰台区,B2,8.7,,,,no_observed_new_crossing,,0,0,False
E2_p03_central_tail,丰台区,B3,12.0,2023-11,2024-02,4.0,transient_first_run,2024-08,17,17,False
E2_p03_central_tail,丰台区,B4,17.0,2021-10,2025-12,51.0,confirmed_6_month,2021-10,51,51,False
E2_p03_central_tail,大兴区,B1,5.4,,,,no_observed_new_crossing,,0,0,False
E2_p03_central_tail,大兴区,B2,8.7,,,,no_observed_new_crossing,,0,0,False
E2_p03_central_tail,大兴区,B3,12.0,2024-12,2025-03,4.0,transient_first_run,,5,5,False
E2_p03_central_tail,大兴区,B4,17.0,2020-02,2020-03,2.0,transient_first_run,2021-07,42,42,False
E2_p03_central_tail,密云区,B1,5.4,,,,no_observed_new_crossing,,0,0,False
E2_p03_central_tail,密云区,B2,8.7,,,,no_observed_new_crossing,,0,0,False
E2_p03_central_tail,密云区,B3,12.0,,,,no_observed_new_crossing,,0,0,False
E2_p03_central_tail,平谷区,B1,5.4,,,,no_observed_new_crossing,,0,0,False
E2_p03_central_tail,平谷区,B2,8.7,,,,no_observed_new_crossing,,0,0,False
E2_p03_central_tail,平谷区,B3,12.0,,,,no_observed_new_crossing,,0,0,False
E2_p03_central_tail,延庆区,B1,5.4,2025-02,2025-03,2.0,transient_first_run,,4,4,False
E2_p03_central_tail,延庆区,B2,8.7,2020-01,2020-04,4.0,transient_first_run,2020-08,29,29,False
E2_p03_central_tail,延庆区,B3,12.0,,,,no_observed_new_crossing,,76,76,True
E2_p03_central_tail,怀柔区,B1,5.4,,,,no_observed_new_crossing,,0,0,False
E2_p03_central_tail,怀柔区,B2,8.7,2021-12,2025-12,49.0,confirmed_6_month,2021-12,49,49,False
E2_p03_central_tail,怀柔区,B3,12.0,2021-10,2025-12,51.0,confirmed_6_month,2021-10,51,51,False
E2_p03_central_tail,房山区,B1,5.4,2025-08,2025-12,5.0,insufficient_followup,,5,5,False
E2_p03_central_tail,房山区,B2,8.7,2020-12,2021-03,4.0,transient_first_run,2021-07,29,29,False
E2_p03_central_tail,房山区,B3,12.0,,,,no_observed_new_crossing,,76,76,True
E2_p03_central_tail,昌平区,B1,5.4,,,,no_observed_new_crossing,,0,0,False
E2_p03_central_tail,昌平区,B2,8.7,,,,no_observed_new_crossing,,0,0,False
E2_p03_central_tail,昌平区,B3,12.0,2025-09,2025-12,4.0,insufficient_followup,,4,4,False
E2_p03_central_tail,昌平区,B4,17.0,2024-03,2024-03,1.0,transient_first_run,2024-08,17,17,False
E2_p03_central_tail,朝阳区,B1,5.4,,,,no_observed_new_crossing,,0,0,False
E2_p03_central_tail,朝阳区,B2,8.7,,,,no_observed_new_crossing,,0,0,False
E2_p03_central_tail,朝阳区,B3,12.0,,,,no_observed_new_crossing,,0,0,False
E2_p03_central_tail,朝阳区,B4,17.0,,,,no_observed_new_crossing,,0,0,False
E2_p03_central_tail,海淀区,B1,5.4,,,,no_observed_new_crossing,,0,0,False
E2_p03_central_tail,海淀区,B2,8.7,2025-09,2025-12,4.0,insufficient_followup,,4,4,False
E2_p03_central_tail,海淀区,B3,12.0,2024-08,2025-12,17.0,confirmed_6_month,2024-08,17,17,False
E2_p03_central_tail,海淀区,B4,17.0,2023-01,2023-03,3.0,transient_first_run,2023-08,29,29,False
E2_p03_central_tail,石景山区,B1,5.4,,,,no_observed_new_crossing,,0,0,False
E2_p03_central_tail,石景山区,B2,8.7,,,,no_observed_new_crossing,,0,0,False
E2_p03_central_tail,石景山区,B3,12.0,,,,no_observed_new_crossing,,0,0,False
E2_p03_central_tail,石景山区,B4,17.0,2025-05,2025-12,8.0,confirmed_6_month,2025-05,8,8,False
E2_p03_central_tail,西城区,B1,5.4,,,,no_observed_new_crossing,,0,0,False
E2_p03_central_tail,西城区,B2,8.7,,,,no_observed_new_crossing,,0,0,False
E2_p03_central_tail,西城区,B3,12.0,2025-10,2025-12,3.0,insufficient_followup,,3,3,False
E2_p03_central_tail,西城区,B4,17.0,2023-01,2025-12,36.0,confirmed_6_month,2023-01,36,36,False
E2_p03_central_tail,通州区,B1,5.4,2024-09,2024-09,1.0,transient_first_run,,4,4,False
E2_p03_central_tail,通州区,B2,8.7,2020-08,2021-04,9.0,confirmed_6_month,2020-08,29,29,False
E2_p03_central_tail,通州区,B3,12.0,,,,no_observed_new_crossing,,53,53,True
E2_p03_central_tail,门头沟区,B1,5.4,,,,no_observed_new_crossing,,0,0,False
E2_p03_central_tail,门头沟区,B2,8.7,,,,no_observed_new_crossing,,0,0,False
E2_p03_central_tail,门头沟区,B3,12.0,,,,no_observed_new_crossing,,0,0,False
E2_p03_central_tail,门头沟区,B4,17.0,2024-09,2025-01,5.0,transient_first_run,2025-03,10,10,False
E2_p03_central_tail,顺义区,B1,5.4,,,,no_observed_new_crossing,,0,0,False
E2_p03_central_tail,顺义区,B2,8.7,,,,no_observed_new_crossing,,0,0,False
E2_p03_central_tail,顺义区,B3,12.0,,,,no_observed_new_crossing,,0,0,False
E3_m03_extend,东城区,B1,3.65,,,,no_observed_new_crossing,,0,0,False
E3_m03_extend,东城区,B2,7.85,,,,no_observed_new_crossing,,0,0,False
E3_m03_extend,东城区,B3,12.05,,,,no_observed_new_crossing,,0,0,False
E3_m03_extend,东城区,B4,16.25,2024-09,2025-12,16.0,confirmed_6_month,2024-09,16,16,False
E3_m03_extend,丰台区,B1,3.65,,,,no_observed_new_crossing,,0,0,False
E3_m03_extend,丰台区,B2,7.85,,,,no_observed_new_crossing,,0,0,False
E3_m03_extend,丰台区,B3,12.05,2023-10,2024-03,6.0,confirmed_6_month,2023-10,18,18,False
E3_m03_extend,丰台区,B4,16.25,2021-12,2025-12,49.0,confirmed_6_month,2021-12,49,49,False
E3_m03_extend,大兴区,B1,3.65,,,,no_observed_new_crossing,,0,0,False
E3_m03_extend,大兴区,B2,7.85,,,,no_observed_new_crossing,,0,0,False
E3_m03_extend,大兴区,B3,12.05,2024-12,2025-03,4.0,transient_first_run,2025-07,6,6,False
E3_m03_extend,大兴区,B4,16.25,2021-09,2022-03,7.0,confirmed_6_month,2021-09,30,30,False
E3_m03_extend,密云区,B1,3.65,,,,no_observed_new_crossing,,0,0,False
E3_m03_extend,密云区,B2,7.85,,,,no_observed_new_crossing,,0,0,False
E3_m03_extend,密云区,B3,12.05,,,,no_observed_new_crossing,,0,0,False
E3_m03_extend,平谷区,B1,3.65,,,,no_observed_new_crossing,,0,0,False
E3_m03_extend,平谷区,B2,7.85,,,,no_observed_new_crossing,,0,0,False
E3_m03_extend,平谷区,B3,12.05,,,,no_observed_new_crossing,,0,0,False
E3_m03_extend,延庆区,B1,3.65,,,,no_observed_new_crossing,,0,0,False
E3_m03_extend,延庆区,B2,7.85,2020-10,2021-03,6.0,confirmed_6_month,2020-10,29,29,False
E3_m03_extend,延庆区,B3,12.05,,,,no_observed_new_crossing,,76,76,True
E3_m03_extend,怀柔区,B1,3.65,,,,no_observed_new_crossing,,0,0,False
E3_m03_extend,怀柔区,B2,7.85,2022-03,2022-04,2.0,transient_first_run,2022-06,17,17,False
E3_m03_extend,怀柔区,B3,12.05,2021-10,2025-12,51.0,confirmed_6_month,2021-10,51,51,False
E3_m03_extend,房山区,B1,3.65,,,,no_observed_new_crossing,,0,0,False
E3_m03_extend,房山区,B2,7.85,2021-08,2022-04,9.0,confirmed_6_month,2021-08,29,29,False
E3_m03_extend,房山区,B3,12.05,,,,no_observed_new_crossing,,76,76,True
E3_m03_extend,昌平区,B1,3.65,,,,no_observed_new_crossing,,0,0,False
E3_m03_extend,昌平区,B2,7.85,,,,no_observed_new_crossing,,0,0,False
E3_m03_extend,昌平区,B3,12.05,2025-09,2025-12,4.0,insufficient_followup,,4,4,False
E3_m03_extend,昌平区,B4,16.25,2024-09,2025-12,16.0,confirmed_6_month,2024-09,16,16,False
E3_m03_extend,朝阳区,B1,3.65,,,,no_observed_new_crossing,,0,0,False
E3_m03_extend,朝阳区,B2,7.85,,,,no_observed_new_crossing,,0,0,False
E3_m03_extend,朝阳区,B3,12.05,,,,no_observed_new_crossing,,0,0,False
E3_m03_extend,朝阳区,B4,16.25,,,,no_observed_new_crossing,,0,0,False
E3_m03_extend,海淀区,B1,3.65,,,,no_observed_new_crossing,,0,0,False
E3_m03_extend,海淀区,B2,7.85,,,,no_observed_new_crossing,,0,0,False
E3_m03_extend,海淀区,B3,12.05,2024-08,2025-12,17.0,confirmed_6_month,2024-08,17,17,False
E3_m03_extend,海淀区,B4,16.25,2023-09,2025-12,28.0,confirmed_6_month,2023-09,28,28,False
E3_m03_extend,石景山区,B1,3.65,,,,no_observed_new_crossing,,0,0,False
E3_m03_extend,石景山区,B2,7.85,,,,no_observed_new_crossing,,0,0,False
E3_m03_extend,石景山区,B3,12.05,,,,no_observed_new_crossing,,0,0,False
E3_m03_extend,石景山区,B4,16.25,2025-05,2025-11,7.0,confirmed_6_month,2025-05,7,0,False
E3_m03_extend,西城区,B1,3.65,,,,no_observed_new_crossing,,0,0,False
E3_m03_extend,西城区,B2,7.85,,,,no_observed_new_crossing,,0,0,False
E3_m03_extend,西城区,B3,12.05,2025-09,2025-12,4.0,insufficient_followup,,4,4,False
E3_m03_extend,西城区,B4,16.25,2023-08,2025-12,29.0,confirmed_6_month,2023-08,29,29,False
E3_m03_extend,通州区,B1,3.65,,,,no_observed_new_crossing,,0,0,False
E3_m03_extend,通州区,B2,7.85,2020-08,2021-02,7.0,confirmed_6_month,2020-08,29,29,False
E3_m03_extend,通州区,B3,12.05,,,,no_observed_new_crossing,,53,53,True
E3_m03_extend,门头沟区,B1,3.65,,,,no_observed_new_crossing,,0,0,False
E3_m03_extend,门头沟区,B2,7.85,,,,no_observed_new_crossing,,0,0,False
E3_m03_extend,门头沟区,B3,12.05,,,,no_observed_new_crossing,,0,0,False
E3_m03_extend,门头沟区,B4,16.25,2025-04,2025-12,9.0,confirmed_6_month,2025-04,9,9,False
E3_m03_extend,顺义区,B1,3.65,,,,no_observed_new_crossing,,0,0,False
E3_m03_extend,顺义区,B2,7.85,,,,no_observed_new_crossing,,0,0,False
E3_m03_extend,顺义区,B3,12.05,,,,no_observed_new_crossing,,0,0,False
E3_m03_central_tail,东城区,B1,3.65,,,,no_observed_new_crossing,,0,0,False
E3_m03_central_tail,东城区,B2,7.85,,,,no_observed_new_crossing,,0,0,False
E3_m03_central_tail,东城区,B3,13.0,2025-10,2025-12,3.0,insufficient_followup,,3,3,False
E3_m03_central_tail,东城区,B4,17.0,2024-03,2024-05,3.0,transient_first_run,2024-07,18,18,False
E3_m03_central_tail,丰台区,B1,3.65,,,,no_observed_new_crossing,,0,0,False
E3_m03_central_tail,丰台区,B2,7.85,,,,no_observed_new_crossing,,0,0,False
E3_m03_central_tail,丰台区,B3,13.0,2023-05,2025-12,32.0,confirmed_6_month,2023-05,32,32,False
E3_m03_central_tail,丰台区,B4,17.0,2021-10,2025-12,51.0,confirmed_6_month,2021-10,51,51,False
E3_m03_central_tail,大兴区,B1,3.65,,,,no_observed_new_crossing,,0,0,False
E3_m03_central_tail,大兴区,B2,7.85,,,,no_observed_new_crossing,,0,0,False
E3_m03_central_tail,大兴区,B3,13.0,2024-02,2024-02,1.0,transient_first_run,2024-09,16,16,False
E3_m03_central_tail,大兴区,B4,17.0,2020-02,2020-03,2.0,transient_first_run,2021-07,42,42,False
E3_m03_central_tail,密云区,B1,3.65,,,,no_observed_new_crossing,,0,0,False
E3_m03_central_tail,密云区,B2,7.85,,,,no_observed_new_crossing,,0,0,False
E3_m03_central_tail,密云区,B3,13.0,2025-09,2025-10,2.0,transient_first_run,,2,0,False
E3_m03_central_tail,平谷区,B1,3.65,,,,no_observed_new_crossing,,0,0,False
E3_m03_central_tail,平谷区,B2,7.85,,,,no_observed_new_crossing,,0,0,False
E3_m03_central_tail,平谷区,B3,13.0,,,,no_observed_new_crossing,,0,0,False
E3_m03_central_tail,延庆区,B1,3.65,,,,no_observed_new_crossing,,0,0,False
E3_m03_central_tail,延庆区,B2,7.85,2020-10,2021-03,6.0,confirmed_6_month,2020-10,29,29,False
E3_m03_central_tail,延庆区,B3,13.0,,,,no_observed_new_crossing,,76,76,True
E3_m03_central_tail,怀柔区,B1,3.65,,,,no_observed_new_crossing,,0,0,False
E3_m03_central_tail,怀柔区,B2,7.85,2022-03,2022-04,2.0,transient_first_run,2022-06,17,17,False
E3_m03_central_tail,怀柔区,B3,13.0,2021-10,2025-12,51.0,confirmed_6_month,2021-10,51,51,False
E3_m03_central_tail,房山区,B1,3.65,,,,no_observed_new_crossing,,0,0,False
E3_m03_central_tail,房山区,B2,7.85,2021-08,2022-04,9.0,confirmed_6_month,2021-08,29,29,False
E3_m03_central_tail,房山区,B3,13.0,,,,no_observed_new_crossing,,76,76,True
E3_m03_central_tail,昌平区,B1,3.65,,,,no_observed_new_crossing,,0,0,False
E3_m03_central_tail,昌平区,B2,7.85,,,,no_observed_new_crossing,,0,0,False
E3_m03_central_tail,昌平区,B3,13.0,2025-08,2025-12,5.0,insufficient_followup,,5,5,False
E3_m03_central_tail,昌平区,B4,17.0,2024-03,2024-03,1.0,transient_first_run,2024-08,17,17,False
E3_m03_central_tail,朝阳区,B1,3.65,,,,no_observed_new_crossing,,0,0,False
E3_m03_central_tail,朝阳区,B2,7.85,,,,no_observed_new_crossing,,0,0,False
E3_m03_central_tail,朝阳区,B3,13.0,,,,no_observed_new_crossing,,0,0,False
E3_m03_central_tail,朝阳区,B4,17.0,,,,no_observed_new_crossing,,0,0,False
E3_m03_central_tail,海淀区,B1,3.65,,,,no_observed_new_crossing,,0,0,False
E3_m03_central_tail,海淀区,B2,7.85,,,,no_observed_new_crossing,,0,0,False
E3_m03_central_tail,海淀区,B3,13.0,2024-01,2024-05,5.0,transient_first_run,2024-07,18,18,False
E3_m03_central_tail,海淀区,B4,17.0,2023-01,2023-03,3.0,transient_first_run,2023-08,29,29,False
E3_m03_central_tail,石景山区,B1,3.65,,,,no_observed_new_crossing,,0,0,False
E3_m03_central_tail,石景山区,B2,7.85,,,,no_observed_new_crossing,,0,0,False
E3_m03_central_tail,石景山区,B3,13.0,,,,no_observed_new_crossing,,0,0,False
E3_m03_central_tail,石景山区,B4,17.0,2025-05,2025-12,8.0,confirmed_6_month,2025-05,8,8,False
E3_m03_central_tail,西城区,B1,3.65,,,,no_observed_new_crossing,,0,0,False
E3_m03_central_tail,西城区,B2,7.85,,,,no_observed_new_crossing,,0,0,False
E3_m03_central_tail,西城区,B3,13.0,2024-12,2025-12,13.0,confirmed_6_month,2024-12,13,13,False
E3_m03_central_tail,西城区,B4,17.0,2023-01,2025-12,36.0,confirmed_6_month,2023-01,36,36,False
E3_m03_central_tail,通州区,B1,3.65,,,,no_observed_new_crossing,,0,0,False
E3_m03_central_tail,通州区,B2,7.85,2020-08,2021-02,7.0,confirmed_6_month,2020-08,29,29,False
E3_m03_central_tail,通州区,B3,13.0,,,,no_observed_new_crossing,,53,53,True
E3_m03_central_tail,门头沟区,B1,3.65,,,,no_observed_new_crossing,,0,0,False
E3_m03_central_tail,门头沟区,B2,7.85,,,,no_observed_new_crossing,,0,0,False
E3_m03_central_tail,门头沟区,B3,13.0,2025-09,2025-10,2.0,transient_first_run,,2,0,False
E3_m03_central_tail,门头沟区,B4,17.0,2024-09,2025-01,5.0,transient_first_run,2025-03,10,10,False
E3_m03_central_tail,顺义区,B1,3.65,,,,no_observed_new_crossing,,0,0,False
E3_m03_central_tail,顺义区,B2,7.85,,,,no_observed_new_crossing,,0,0,False
E3_m03_central_tail,顺义区,B3,13.0,,,,no_observed_new_crossing,,0,0,False
E3_zero_extend,东城区,B1,3.35,,,,no_observed_new_crossing,,0,0,False
E3_zero_extend,东城区,B2,7.55,,,,no_observed_new_crossing,,0,0,False
E3_zero_extend,东城区,B3,11.75,,,,no_observed_new_crossing,,0,0,False
E3_zero_extend,东城区,B4,15.95,2024-09,2025-12,16.0,confirmed_6_month,2024-09,16,16,False
E3_zero_extend,丰台区,B1,3.35,,,,no_observed_new_crossing,,0,0,False
E3_zero_extend,丰台区,B2,7.55,,,,no_observed_new_crossing,,0,0,False
E3_zero_extend,丰台区,B3,11.75,2024-08,2025-12,17.0,confirmed_6_month,2024-08,17,17,False
E3_zero_extend,丰台区,B4,15.95,2022-01,2025-12,48.0,confirmed_6_month,2022-01,48,48,False
E3_zero_extend,大兴区,B1,3.35,,,,no_observed_new_crossing,,0,0,False
E3_zero_extend,大兴区,B2,7.55,,,,no_observed_new_crossing,,0,0,False
E3_zero_extend,大兴区,B3,11.75,2024-12,2025-03,4.0,transient_first_run,,5,5,False
E3_zero_extend,大兴区,B4,15.95,2021-10,2022-03,6.0,confirmed_6_month,2021-10,29,29,False
E3_zero_extend,密云区,B1,3.35,,,,no_observed_new_crossing,,0,0,False
E3_zero_extend,密云区,B2,7.55,,,,no_observed_new_crossing,,0,0,False
E3_zero_extend,密云区,B3,11.75,,,,no_observed_new_crossing,,0,0,False
E3_zero_extend,平谷区,B1,3.35,,,,no_observed_new_crossing,,0,0,False
E3_zero_extend,平谷区,B2,7.55,,,,no_observed_new_crossing,,0,0,False
E3_zero_extend,平谷区,B3,11.75,,,,no_observed_new_crossing,,0,0,False
E3_zero_extend,延庆区,B1,3.35,,,,no_observed_new_crossing,,0,0,False
E3_zero_extend,延庆区,B2,7.55,2020-11,2021-03,5.0,transient_first_run,2021-09,17,17,False
E3_zero_extend,延庆区,B3,11.75,,,,no_observed_new_crossing,,76,76,True
E3_zero_extend,怀柔区,B1,3.35,,,,no_observed_new_crossing,,0,0,False
E3_zero_extend,怀柔区,B2,7.55,2022-08,2022-09,2.0,transient_first_run,2024-08,17,17,False
E3_zero_extend,怀柔区,B3,11.75,2021-10,2025-12,51.0,confirmed_6_month,2021-10,51,51,False
E3_zero_extend,房山区,B1,3.35,,,,no_observed_new_crossing,,0,0,False
E3_zero_extend,房山区,B2,7.55,2021-09,2022-03,7.0,confirmed_6_month,2021-09,29,29,False
E3_zero_extend,房山区,B3,11.75,,,,no_observed_new_crossing,,76,76,True
E3_zero_extend,昌平区,B1,3.35,,,,no_observed_new_crossing,,0,0,False
E3_zero_extend,昌平区,B2,7.55,,,,no_observed_new_crossing,,0,0,False
E3_zero_extend,昌平区,B3,11.75,2025-10,2025-12,3.0,insufficient_followup,,3,3,False
E3_zero_extend,昌平区,B4,15.95,2024-09,2025-12,16.0,confirmed_6_month,2024-09,16,16,False
E3_zero_extend,朝阳区,B1,3.35,,,,no_observed_new_crossing,,0,0,False
E3_zero_extend,朝阳区,B2,7.55,,,,no_observed_new_crossing,,0,0,False
E3_zero_extend,朝阳区,B3,11.75,,,,no_observed_new_crossing,,0,0,False
E3_zero_extend,朝阳区,B4,15.95,,,,no_observed_new_crossing,,0,0,False
E3_zero_extend,海淀区,B1,3.35,,,,no_observed_new_crossing,,0,0,False
E3_zero_extend,海淀区,B2,7.55,,,,no_observed_new_crossing,,0,0,False
E3_zero_extend,海淀区,B3,11.75,2024-09,2025-12,16.0,confirmed_6_month,2024-09,16,16,False
E3_zero_extend,海淀区,B4,15.95,2023-09,2025-12,28.0,confirmed_6_month,2023-09,28,28,False
E3_zero_extend,石景山区,B1,3.35,,,,no_observed_new_crossing,,0,0,False
E3_zero_extend,石景山区,B2,7.55,,,,no_observed_new_crossing,,0,0,False
E3_zero_extend,石景山区,B3,11.75,,,,no_observed_new_crossing,,0,0,False
E3_zero_extend,石景山区,B4,15.95,2025-06,2025-11,6.0,confirmed_6_month,2025-06,6,0,False
E3_zero_extend,西城区,B1,3.35,,,,no_observed_new_crossing,,0,0,False
E3_zero_extend,西城区,B2,7.55,,,,no_observed_new_crossing,,0,0,False
E3_zero_extend,西城区,B3,11.75,2025-11,2025-12,2.0,insufficient_followup,,2,2,False
E3_zero_extend,西城区,B4,15.95,2023-09,2025-12,28.0,confirmed_6_month,2023-09,28,28,False
E3_zero_extend,通州区,B1,3.35,,,,no_observed_new_crossing,,0,0,False
E3_zero_extend,通州区,B2,7.55,2020-09,2020-09,1.0,transient_first_run,2022-07,19,19,False
E3_zero_extend,通州区,B3,11.75,,,,no_observed_new_crossing,,53,53,True
E3_zero_extend,门头沟区,B1,3.35,,,,no_observed_new_crossing,,0,0,False
E3_zero_extend,门头沟区,B2,7.55,,,,no_observed_new_crossing,,0,0,False
E3_zero_extend,门头沟区,B3,11.75,,,,no_observed_new_crossing,,0,0,False
E3_zero_extend,门头沟区,B4,15.95,2025-04,2025-12,9.0,confirmed_6_month,2025-04,9,9,False
E3_zero_extend,顺义区,B1,3.35,,,,no_observed_new_crossing,,0,0,False
E3_zero_extend,顺义区,B2,7.55,,,,no_observed_new_crossing,,0,0,False
E3_zero_extend,顺义区,B3,11.75,,,,no_observed_new_crossing,,0,0,False
E3_zero_central_tail,东城区,B1,3.35,,,,no_observed_new_crossing,,0,0,False
E3_zero_central_tail,东城区,B2,7.55,,,,no_observed_new_crossing,,0,0,False
E3_zero_central_tail,东城区,B3,13.0,2025-10,2025-12,3.0,insufficient_followup,,3,3,False
E3_zero_central_tail,东城区,B4,17.0,2024-03,2024-05,3.0,transient_first_run,2024-07,18,18,False
E3_zero_central_tail,丰台区,B1,3.35,,,,no_observed_new_crossing,,0,0,False
E3_zero_central_tail,丰台区,B2,7.55,,,,no_observed_new_crossing,,0,0,False
E3_zero_central_tail,丰台区,B3,13.0,2023-05,2025-12,32.0,confirmed_6_month,2023-05,32,32,False
E3_zero_central_tail,丰台区,B4,17.0,2021-10,2025-12,51.0,confirmed_6_month,2021-10,51,51,False
E3_zero_central_tail,大兴区,B1,3.35,,,,no_observed_new_crossing,,0,0,False
E3_zero_central_tail,大兴区,B2,7.55,,,,no_observed_new_crossing,,0,0,False
E3_zero_central_tail,大兴区,B3,13.0,2024-02,2024-02,1.0,transient_first_run,2024-09,16,16,False
E3_zero_central_tail,大兴区,B4,17.0,2020-02,2020-03,2.0,transient_first_run,2021-07,42,42,False
E3_zero_central_tail,密云区,B1,3.35,,,,no_observed_new_crossing,,0,0,False
E3_zero_central_tail,密云区,B2,7.55,,,,no_observed_new_crossing,,0,0,False
E3_zero_central_tail,密云区,B3,13.0,2025-09,2025-10,2.0,transient_first_run,,2,0,False
E3_zero_central_tail,平谷区,B1,3.35,,,,no_observed_new_crossing,,0,0,False
E3_zero_central_tail,平谷区,B2,7.55,,,,no_observed_new_crossing,,0,0,False
E3_zero_central_tail,平谷区,B3,13.0,,,,no_observed_new_crossing,,0,0,False
E3_zero_central_tail,延庆区,B1,3.35,,,,no_observed_new_crossing,,0,0,False
E3_zero_central_tail,延庆区,B2,7.55,2020-11,2021-03,5.0,transient_first_run,2021-09,17,17,False
E3_zero_central_tail,延庆区,B3,13.0,,,,no_observed_new_crossing,,76,76,True
E3_zero_central_tail,怀柔区,B1,3.35,,,,no_observed_new_crossing,,0,0,False
E3_zero_central_tail,怀柔区,B2,7.55,2022-08,2022-09,2.0,transient_first_run,2024-08,17,17,False
E3_zero_central_tail,怀柔区,B3,13.0,2021-10,2025-12,51.0,confirmed_6_month,2021-10,51,51,False
E3_zero_central_tail,房山区,B1,3.35,,,,no_observed_new_crossing,,0,0,False
E3_zero_central_tail,房山区,B2,7.55,2021-09,2022-03,7.0,confirmed_6_month,2021-09,29,29,False
E3_zero_central_tail,房山区,B3,13.0,,,,no_observed_new_crossing,,76,76,True
E3_zero_central_tail,昌平区,B1,3.35,,,,no_observed_new_crossing,,0,0,False
E3_zero_central_tail,昌平区,B2,7.55,,,,no_observed_new_crossing,,0,0,False
E3_zero_central_tail,昌平区,B3,13.0,2025-08,2025-12,5.0,insufficient_followup,,5,5,False
E3_zero_central_tail,昌平区,B4,17.0,2024-03,2024-03,1.0,transient_first_run,2024-08,17,17,False
E3_zero_central_tail,朝阳区,B1,3.35,,,,no_observed_new_crossing,,0,0,False
E3_zero_central_tail,朝阳区,B2,7.55,,,,no_observed_new_crossing,,0,0,False
E3_zero_central_tail,朝阳区,B3,13.0,,,,no_observed_new_crossing,,0,0,False
E3_zero_central_tail,朝阳区,B4,17.0,,,,no_observed_new_crossing,,0,0,False
E3_zero_central_tail,海淀区,B1,3.35,,,,no_observed_new_crossing,,0,0,False
E3_zero_central_tail,海淀区,B2,7.55,,,,no_observed_new_crossing,,0,0,False
E3_zero_central_tail,海淀区,B3,13.0,2024-01,2024-05,5.0,transient_first_run,2024-07,18,18,False
E3_zero_central_tail,海淀区,B4,17.0,2023-01,2023-03,3.0,transient_first_run,2023-08,29,29,False
E3_zero_central_tail,石景山区,B1,3.35,,,,no_observed_new_crossing,,0,0,False
E3_zero_central_tail,石景山区,B2,7.55,,,,no_observed_new_crossing,,0,0,False
E3_zero_central_tail,石景山区,B3,13.0,,,,no_observed_new_crossing,,0,0,False
E3_zero_central_tail,石景山区,B4,17.0,2025-05,2025-12,8.0,confirmed_6_month,2025-05,8,8,False
E3_zero_central_tail,西城区,B1,3.35,,,,no_observed_new_crossing,,0,0,False
E3_zero_central_tail,西城区,B2,7.55,,,,no_observed_new_crossing,,0,0,False
E3_zero_central_tail,西城区,B3,13.0,2024-12,2025-12,13.0,confirmed_6_month,2024-12,13,13,False
E3_zero_central_tail,西城区,B4,17.0,2023-01,2025-12,36.0,confirmed_6_month,2023-01,36,36,False
E3_zero_central_tail,通州区,B1,3.35,,,,no_observed_new_crossing,,0,0,False
E3_zero_central_tail,通州区,B2,7.55,2020-09,2020-09,1.0,transient_first_run,2022-07,19,19,False
E3_zero_central_tail,通州区,B3,13.0,,,,no_observed_new_crossing,,53,53,True
E3_zero_central_tail,门头沟区,B1,3.35,,,,no_observed_new_crossing,,0,0,False
E3_zero_central_tail,门头沟区,B2,7.55,,,,no_observed_new_crossing,,0,0,False
E3_zero_central_tail,门头沟区,B3,13.0,2025-09,2025-10,2.0,transient_first_run,,2,0,False
E3_zero_central_tail,门头沟区,B4,17.0,2024-09,2025-01,5.0,transient_first_run,2025-03,10,10,False
E3_zero_central_tail,顺义区,B1,3.35,,,,no_observed_new_crossing,,0,0,False
E3_zero_central_tail,顺义区,B2,7.55,,,,no_observed_new_crossing,,0,0,False
E3_zero_central_tail,顺义区,B3,13.0,,,,no_observed_new_crossing,,0,0,False
E3_p03_extend,东城区,B1,3.0500000000000003,,,,no_observed_new_crossing,,0,0,False
E3_p03_extend,东城区,B2,7.25,,,,no_observed_new_crossing,,0,0,False
E3_p03_extend,东城区,B3,11.45,,,,no_observed_new_crossing,,0,0,False
E3_p03_extend,东城区,B4,15.65,2024-10,2025-12,15.0,confirmed_6_month,2024-10,15,15,False
E3_p03_extend,丰台区,B1,3.0500000000000003,,,,no_observed_new_crossing,,0,0,False
E3_p03_extend,丰台区,B2,7.25,,,,no_observed_new_crossing,,0,0,False
E3_p03_extend,丰台区,B3,11.45,2024-09,2024-11,3.0,transient_first_run,2025-07,6,6,False
E3_p03_extend,丰台区,B4,15.65,2022-04,2025-12,45.0,confirmed_6_month,2022-04,45,45,False
E3_p03_extend,大兴区,B1,3.0500000000000003,,,,no_observed_new_crossing,,0,0,False
E3_p03_extend,大兴区,B2,7.25,,,,no_observed_new_crossing,,0,0,False
E3_p03_extend,大兴区,B3,11.45,2025-01,2025-02,2.0,transient_first_run,,5,5,False
E3_p03_extend,大兴区,B4,15.65,2021-11,2022-03,5.0,transient_first_run,2022-11,29,29,False
E3_p03_extend,密云区,B1,3.0500000000000003,,,,no_observed_new_crossing,,0,0,False
E3_p03_extend,密云区,B2,7.25,,,,no_observed_new_crossing,,0,0,False
E3_p03_extend,密云区,B3,11.45,,,,no_observed_new_crossing,,0,0,False
E3_p03_extend,平谷区,B1,3.0500000000000003,,,,no_observed_new_crossing,,0,0,False
E3_p03_extend,平谷区,B2,7.25,,,,no_observed_new_crossing,,0,0,False
E3_p03_extend,平谷区,B3,11.45,,,,no_observed_new_crossing,,0,0,False
E3_p03_extend,延庆区,B1,3.0500000000000003,,,,no_observed_new_crossing,,0,0,False
E3_p03_extend,延庆区,B2,7.25,2020-12,2021-03,4.0,transient_first_run,2021-09,17,17,False
E3_p03_extend,延庆区,B3,11.45,,,,no_observed_new_crossing,,76,76,True
E3_p03_extend,怀柔区,B1,3.0500000000000003,,,,no_observed_new_crossing,,0,0,False
E3_p03_extend,怀柔区,B2,7.25,2024-08,2025-03,8.0,confirmed_6_month,2024-08,8,6,False
E3_p03_extend,怀柔区,B3,11.45,2021-10,2025-12,51.0,confirmed_6_month,2021-10,51,51,False
E3_p03_extend,房山区,B1,3.0500000000000003,,,,no_observed_new_crossing,,0,0,False
E3_p03_extend,房山区,B2,7.25,2021-09,2022-03,7.0,confirmed_6_month,2021-09,18,18,False
E3_p03_extend,房山区,B3,11.45,,,,no_observed_new_crossing,,76,76,True
E3_p03_extend,昌平区,B1,3.0500000000000003,,,,no_observed_new_crossing,,0,0,False
E3_p03_extend,昌平区,B2,7.25,,,,no_observed_new_crossing,,0,0,False
E3_p03_extend,昌平区,B3,11.45,2025-11,2025-12,2.0,insufficient_followup,,2,2,False
E3_p03_extend,昌平区,B4,15.65,2024-09,2025-12,16.0,confirmed_6_month,2024-09,16,16,False
E3_p03_extend,朝阳区,B1,3.0500000000000003,,,,no_observed_new_crossing,,0,0,False
E3_p03_extend,朝阳区,B2,7.25,,,,no_observed_new_crossing,,0,0,False
E3_p03_extend,朝阳区,B3,11.45,,,,no_observed_new_crossing,,0,0,False
E3_p03_extend,朝阳区,B4,15.65,,,,no_observed_new_crossing,,0,0,False
E3_p03_extend,海淀区,B1,3.0500000000000003,,,,no_observed_new_crossing,,0,0,False
E3_p03_extend,海淀区,B2,7.25,,,,no_observed_new_crossing,,0,0,False
E3_p03_extend,海淀区,B3,11.45,2024-09,2025-12,16.0,confirmed_6_month,2024-09,16,16,False
E3_p03_extend,海淀区,B4,15.65,2023-09,2025-12,28.0,confirmed_6_month,2023-09,28,28,False
E3_p03_extend,石景山区,B1,3.0500000000000003,,,,no_observed_new_crossing,,0,0,False
E3_p03_extend,石景山区,B2,7.25,,,,no_observed_new_crossing,,0,0,False
E3_p03_extend,石景山区,B3,11.45,,,,no_observed_new_crossing,,0,0,False
E3_p03_extend,石景山区,B4,15.65,2025-06,2025-11,6.0,confirmed_6_month,2025-06,6,0,False
E3_p03_extend,西城区,B1,3.0500000000000003,,,,no_observed_new_crossing,,0,0,False
E3_p03_extend,西城区,B2,7.25,,,,no_observed_new_crossing,,0,0,False
E3_p03_extend,西城区,B3,11.45,,,,no_observed_new_crossing,,0,0,False
E3_p03_extend,西城区,B4,15.65,2023-10,2025-12,27.0,confirmed_6_month,2023-10,27,27,False
E3_p03_extend,通州区,B1,3.0500000000000003,,,,no_observed_new_crossing,,0,0,False
E3_p03_extend,通州区,B2,7.25,2022-07,2022-09,3.0,transient_first_run,2023-08,18,18,False
E3_p03_extend,通州区,B3,11.45,,,,no_observed_new_crossing,,53,53,True
E3_p03_extend,门头沟区,B1,3.0500000000000003,,,,no_observed_new_crossing,,0,0,False
E3_p03_extend,门头沟区,B2,7.25,,,,no_observed_new_crossing,,0,0,False
E3_p03_extend,门头沟区,B3,11.45,,,,no_observed_new_crossing,,0,0,False
E3_p03_extend,门头沟区,B4,15.65,2025-04,2025-12,9.0,confirmed_6_month,2025-04,9,9,False
E3_p03_extend,顺义区,B1,3.0500000000000003,,,,no_observed_new_crossing,,0,0,False
E3_p03_extend,顺义区,B2,7.25,,,,no_observed_new_crossing,,0,0,False
E3_p03_extend,顺义区,B3,11.45,,,,no_observed_new_crossing,,0,0,False
E3_p03_central_tail,东城区,B1,3.0500000000000003,,,,no_observed_new_crossing,,0,0,False
E3_p03_central_tail,东城区,B2,7.25,,,,no_observed_new_crossing,,0,0,False
E3_p03_central_tail,东城区,B3,13.0,2025-10,2025-12,3.0,insufficient_followup,,3,3,False
E3_p03_central_tail,东城区,B4,17.0,2024-03,2024-05,3.0,transient_first_run,2024-07,18,18,False
E3_p03_central_tail,丰台区,B1,3.0500000000000003,,,,no_observed_new_crossing,,0,0,False
E3_p03_central_tail,丰台区,B2,7.25,,,,no_observed_new_crossing,,0,0,False
E3_p03_central_tail,丰台区,B3,13.0,2023-05,2025-12,32.0,confirmed_6_month,2023-05,32,32,False
E3_p03_central_tail,丰台区,B4,17.0,2021-10,2025-12,51.0,confirmed_6_month,2021-10,51,51,False
E3_p03_central_tail,大兴区,B1,3.0500000000000003,,,,no_observed_new_crossing,,0,0,False
E3_p03_central_tail,大兴区,B2,7.25,,,,no_observed_new_crossing,,0,0,False
E3_p03_central_tail,大兴区,B3,13.0,2024-02,2024-02,1.0,transient_first_run,2024-09,16,16,False
E3_p03_central_tail,大兴区,B4,17.0,2020-02,2020-03,2.0,transient_first_run,2021-07,42,42,False
E3_p03_central_tail,密云区,B1,3.0500000000000003,,,,no_observed_new_crossing,,0,0,False
E3_p03_central_tail,密云区,B2,7.25,,,,no_observed_new_crossing,,0,0,False
E3_p03_central_tail,密云区,B3,13.0,2025-09,2025-10,2.0,transient_first_run,,2,0,False
E3_p03_central_tail,平谷区,B1,3.0500000000000003,,,,no_observed_new_crossing,,0,0,False
E3_p03_central_tail,平谷区,B2,7.25,,,,no_observed_new_crossing,,0,0,False
E3_p03_central_tail,平谷区,B3,13.0,,,,no_observed_new_crossing,,0,0,False
E3_p03_central_tail,延庆区,B1,3.0500000000000003,,,,no_observed_new_crossing,,0,0,False
E3_p03_central_tail,延庆区,B2,7.25,2020-12,2021-03,4.0,transient_first_run,2021-09,17,17,False
E3_p03_central_tail,延庆区,B3,13.0,,,,no_observed_new_crossing,,76,76,True
E3_p03_central_tail,怀柔区,B1,3.0500000000000003,,,,no_observed_new_crossing,,0,0,False
E3_p03_central_tail,怀柔区,B2,7.25,2024-08,2025-03,8.0,confirmed_6_month,2024-08,8,6,False
E3_p03_central_tail,怀柔区,B3,13.0,2021-10,2025-12,51.0,confirmed_6_month,2021-10,51,51,False
E3_p03_central_tail,房山区,B1,3.0500000000000003,,,,no_observed_new_crossing,,0,0,False
E3_p03_central_tail,房山区,B2,7.25,2021-09,2022-03,7.0,confirmed_6_month,2021-09,18,18,False
E3_p03_central_tail,房山区,B3,13.0,,,,no_observed_new_crossing,,76,76,True
E3_p03_central_tail,昌平区,B1,3.0500000000000003,,,,no_observed_new_crossing,,0,0,False
E3_p03_central_tail,昌平区,B2,7.25,,,,no_observed_new_crossing,,0,0,False
E3_p03_central_tail,昌平区,B3,13.0,2025-08,2025-12,5.0,insufficient_followup,,5,5,False
E3_p03_central_tail,昌平区,B4,17.0,2024-03,2024-03,1.0,transient_first_run,2024-08,17,17,False
E3_p03_central_tail,朝阳区,B1,3.0500000000000003,,,,no_observed_new_crossing,,0,0,False
E3_p03_central_tail,朝阳区,B2,7.25,,,,no_observed_new_crossing,,0,0,False
E3_p03_central_tail,朝阳区,B3,13.0,,,,no_observed_new_crossing,,0,0,False
E3_p03_central_tail,朝阳区,B4,17.0,,,,no_observed_new_crossing,,0,0,False
E3_p03_central_tail,海淀区,B1,3.0500000000000003,,,,no_observed_new_crossing,,0,0,False
E3_p03_central_tail,海淀区,B2,7.25,,,,no_observed_new_crossing,,0,0,False
E3_p03_central_tail,海淀区,B3,13.0,2024-01,2024-05,5.0,transient_first_run,2024-07,18,18,False
E3_p03_central_tail,海淀区,B4,17.0,2023-01,2023-03,3.0,transient_first_run,2023-08,29,29,False
E3_p03_central_tail,石景山区,B1,3.0500000000000003,,,,no_observed_new_crossing,,0,0,False
E3_p03_central_tail,石景山区,B2,7.25,,,,no_observed_new_crossing,,0,0,False
E3_p03_central_tail,石景山区,B3,13.0,,,,no_observed_new_crossing,,0,0,False
E3_p03_central_tail,石景山区,B4,17.0,2025-05,2025-12,8.0,confirmed_6_month,2025-05,8,8,False
E3_p03_central_tail,西城区,B1,3.0500000000000003,,,,no_observed_new_crossing,,0,0,False
E3_p03_central_tail,西城区,B2,7.25,,,,no_observed_new_crossing,,0,0,False
E3_p03_central_tail,西城区,B3,13.0,2024-12,2025-12,13.0,confirmed_6_month,2024-12,13,13,False
E3_p03_central_tail,西城区,B4,17.0,2023-01,2025-12,36.0,confirmed_6_month,2023-01,36,36,False
E3_p03_central_tail,通州区,B1,3.0500000000000003,,,,no_observed_new_crossing,,0,0,False
E3_p03_central_tail,通州区,B2,7.25,2022-07,2022-09,3.0,transient_first_run,2023-08,18,18,False
E3_p03_central_tail,通州区,B3,13.0,,,,no_observed_new_crossing,,53,53,True
E3_p03_central_tail,门头沟区,B1,3.0500000000000003,,,,no_observed_new_crossing,,0,0,False
E3_p03_central_tail,门头沟区,B2,7.25,,,,no_observed_new_crossing,,0,0,False
E3_p03_central_tail,门头沟区,B3,13.0,2025-09,2025-10,2.0,transient_first_run,,2,0,False
E3_p03_central_tail,门头沟区,B4,17.0,2024-09,2025-01,5.0,transient_first_run,2025-03,10,10,False
E3_p03_central_tail,顺义区,B1,3.0500000000000003,,,,no_observed_new_crossing,,0,0,False
E3_p03_central_tail,顺义区,B2,7.25,,,,no_observed_new_crossing,,0,0,False
E3_p03_central_tail,顺义区,B3,13.0,,,,no_observed_new_crossing,,0,0,False
E4_m03_extend,东城区,B1,4.3,,,,no_observed_new_crossing,,0,0,False
E4_m03_extend,东城区,B2,9.4,,,,no_observed_new_crossing,,0,0,False
E4_m03_extend,东城区,B3,14.5,2025-03,2025-12,10.0,confirmed_6_month,2025-03,10,10,False
E4_m03_extend,东城区,B4,19.6,2023-01,2025-12,36.0,confirmed_6_month,2023-01,36,36,False
E4_m03_extend,丰台区,B1,4.3,,,,no_observed_new_crossing,,0,0,False
E4_m03_extend,丰台区,B2,9.4,,,,no_observed_new_crossing,,0,0,False
E4_m03_extend,丰台区,B3,14.5,2022-07,2025-12,42.0,confirmed_6_month,2022-07,42,42,False
E4_m03_extend,丰台区,B4,19.6,2020-11,2025-12,62.0,confirmed_6_month,2020-11,62,62,False
E4_m03_extend,大兴区,B1,4.3,,,,no_observed_new_crossing,,0,0,False
E4_m03_extend,大兴区,B2,9.4,2025-12,2025-12,1.0,insufficient_followup,,1,1,False
E4_m03_extend,大兴区,B3,14.5,2022-12,2023-03,4.0,transient_first_run,2023-08,18,18,False
E4_m03_extend,大兴区,B4,19.6,,,,no_observed_new_crossing,,76,76,True
E4_m03_extend,密云区,B1,4.3,,,,no_observed_new_crossing,,0,0,False
E4_m03_extend,密云区,B2,9.4,,,,no_observed_new_crossing,,0,0,False
E4_m03_extend,密云区,B3,14.5,2025-08,2025-12,5.0,insufficient_followup,,5,5,False
E4_m03_extend,平谷区,B1,4.3,,,,no_observed_new_crossing,,0,0,False
E4_m03_extend,平谷区,B2,9.4,,,,no_observed_new_crossing,,0,0,False
E4_m03_extend,平谷区,B3,14.5,2025-09,2025-11,3.0,transient_first_run,,3,0,False
E4_m03_extend,延庆区,B1,4.3,,,,no_observed_new_crossing,,0,0,False
E4_m03_extend,延庆区,B2,9.4,2019-12,2020-04,5.0,transient_first_run,2020-08,65,65,False
E4_m03_extend,延庆区,B3,14.5,,,,no_observed_new_crossing,,76,76,True
E4_m03_extend,怀柔区,B1,4.3,,,,no_observed_new_crossing,,0,0,False
E4_m03_extend,怀柔区,B2,9.4,2021-10,2025-12,51.0,confirmed_6_month,2021-10,51,51,False
E4_m03_extend,怀柔区,B3,14.5,2021-06,2025-12,55.0,confirmed_6_month,2021-06,55,55,False
E4_m03_extend,房山区,B1,4.3,,,,no_observed_new_crossing,,0,0,False
E4_m03_extend,房山区,B2,9.4,2020-08,2020-09,2.0,transient_first_run,2020-11,54,54,False
E4_m03_extend,房山区,B3,14.5,,,,no_observed_new_crossing,,76,76,True
E4_m03_extend,昌平区,B1,4.3,,,,no_observed_new_crossing,,0,0,False
E4_m03_extend,昌平区,B2,9.4,,,,no_observed_new_crossing,,0,0,False
E4_m03_extend,昌平区,B3,14.5,2024-12,2025-12,13.0,confirmed_6_month,2024-12,13,13,False
E4_m03_extend,昌平区,B4,19.6,2023-10,2025-12,27.0,confirmed_6_month,2023-10,27,27,False
E4_m03_extend,朝阳区,B1,4.3,,,,no_observed_new_crossing,,0,0,False
E4_m03_extend,朝阳区,B2,9.4,,,,no_observed_new_crossing,,0,0,False
E4_m03_extend,朝阳区,B3,14.5,,,,no_observed_new_crossing,,0,0,False
E4_m03_extend,朝阳区,B4,19.6,2025-10,2025-12,3.0,insufficient_followup,,3,3,False
E4_m03_extend,海淀区,B1,4.3,,,,no_observed_new_crossing,,0,0,False
E4_m03_extend,海淀区,B2,9.4,2025-01,2025-02,2.0,transient_first_run,,5,5,False
E4_m03_extend,海淀区,B3,14.5,2023-11,2025-12,26.0,confirmed_6_month,2023-11,26,26,False
E4_m03_extend,海淀区,B4,19.6,2022-02,2022-05,4.0,transient_first_run,2022-07,42,42,False
E4_m03_extend,石景山区,B1,4.3,,,,no_observed_new_crossing,,0,0,False
E4_m03_extend,石景山区,B2,9.4,,,,no_observed_new_crossing,,0,0,False
E4_m03_extend,石景山区,B3,14.5,2025-08,2025-10,3.0,transient_first_run,,3,0,False
E4_m03_extend,石景山区,B4,19.6,2024-08,2025-12,17.0,confirmed_6_month,2024-08,17,17,False
E4_m03_extend,西城区,B1,4.3,,,,no_observed_new_crossing,,0,0,False
E4_m03_extend,西城区,B2,9.4,,,,no_observed_new_crossing,,0,0,False
E4_m03_extend,西城区,B3,14.5,2024-09,2025-12,16.0,confirmed_6_month,2024-09,16,16,False
E4_m03_extend,西城区,B4,19.6,2022-04,2025-12,45.0,confirmed_6_month,2022-04,45,45,False
E4_m03_extend,通州区,B1,4.3,,,,no_observed_new_crossing,,0,0,False
E4_m03_extend,通州区,B2,9.4,2019-11,2019-11,1.0,transient_first_run,2020-08,53,53,False
E4_m03_extend,通州区,B3,14.5,,,,no_observed_new_crossing,,53,53,True
E4_m03_extend,门头沟区,B1,4.3,,,,no_observed_new_crossing,,0,0,False
E4_m03_extend,门头沟区,B2,9.4,,,,no_observed_new_crossing,,0,0,False
E4_m03_extend,门头沟区,B3,14.5,2025-05,2025-11,7.0,confirmed_6_month,2025-05,7,0,False
E4_m03_extend,门头沟区,B4,19.6,2024-08,2025-12,17.0,confirmed_6_month,2024-08,17,17,False
E4_m03_extend,顺义区,B1,4.3,,,,no_observed_new_crossing,,0,0,False
E4_m03_extend,顺义区,B2,9.4,,,,no_observed_new_crossing,,0,0,False
E4_m03_extend,顺义区,B3,14.5,,,,no_observed_new_crossing,,0,0,False
E4_m03_central_tail,东城区,B1,4.3,,,,no_observed_new_crossing,,0,0,False
E4_m03_central_tail,东城区,B2,9.4,,,,no_observed_new_crossing,,0,0,False
E4_m03_central_tail,东城区,B3,14.5,2025-03,2025-12,10.0,confirmed_6_month,2025-03,10,10,False
E4_m03_central_tail,东城区,B4,17.0,2024-03,2024-05,3.0,transient_first_run,2024-07,18,18,False
E4_m03_central_tail,丰台区,B1,4.3,,,,no_observed_new_crossing,,0,0,False
E4_m03_central_tail,丰台区,B2,9.4,,,,no_observed_new_crossing,,0,0,False
E4_m03_central_tail,丰台区,B3,14.5,2022-07,2025-12,42.0,confirmed_6_month,2022-07,42,42,False
E4_m03_central_tail,丰台区,B4,17.0,2021-10,2025-12,51.0,confirmed_6_month,2021-10,51,51,False
E4_m03_central_tail,大兴区,B1,4.3,,,,no_observed_new_crossing,,0,0,False
E4_m03_central_tail,大兴区,B2,9.4,2025-12,2025-12,1.0,insufficient_followup,,1,1,False
E4_m03_central_tail,大兴区,B3,14.5,2022-12,2023-03,4.0,transient_first_run,2023-08,18,18,False
E4_m03_central_tail,大兴区,B4,17.0,2020-02,2020-03,2.0,transient_first_run,2021-07,42,42,False
E4_m03_central_tail,密云区,B1,4.3,,,,no_observed_new_crossing,,0,0,False
E4_m03_central_tail,密云区,B2,9.4,,,,no_observed_new_crossing,,0,0,False
E4_m03_central_tail,密云区,B3,14.5,2025-08,2025-12,5.0,insufficient_followup,,5,5,False
E4_m03_central_tail,平谷区,B1,4.3,,,,no_observed_new_crossing,,0,0,False
E4_m03_central_tail,平谷区,B2,9.4,,,,no_observed_new_crossing,,0,0,False
E4_m03_central_tail,平谷区,B3,14.5,2025-09,2025-11,3.0,transient_first_run,,3,0,False
E4_m03_central_tail,延庆区,B1,4.3,,,,no_observed_new_crossing,,0,0,False
E4_m03_central_tail,延庆区,B2,9.4,2019-12,2020-04,5.0,transient_first_run,2020-08,65,65,False
E4_m03_central_tail,延庆区,B3,14.5,,,,no_observed_new_crossing,,76,76,True
E4_m03_central_tail,怀柔区,B1,4.3,,,,no_observed_new_crossing,,0,0,False
E4_m03_central_tail,怀柔区,B2,9.4,2021-10,2025-12,51.0,confirmed_6_month,2021-10,51,51,False
E4_m03_central_tail,怀柔区,B3,14.5,2021-06,2025-12,55.0,confirmed_6_month,2021-06,55,55,False
E4_m03_central_tail,房山区,B1,4.3,,,,no_observed_new_crossing,,0,0,False
E4_m03_central_tail,房山区,B2,9.4,2020-08,2020-09,2.0,transient_first_run,2020-11,54,54,False
E4_m03_central_tail,房山区,B3,14.5,,,,no_observed_new_crossing,,76,76,True
E4_m03_central_tail,昌平区,B1,4.3,,,,no_observed_new_crossing,,0,0,False
E4_m03_central_tail,昌平区,B2,9.4,,,,no_observed_new_crossing,,0,0,False
E4_m03_central_tail,昌平区,B3,14.5,2024-12,2025-12,13.0,confirmed_6_month,2024-12,13,13,False
E4_m03_central_tail,昌平区,B4,17.0,2024-03,2024-03,1.0,transient_first_run,2024-08,17,17,False
E4_m03_central_tail,朝阳区,B1,4.3,,,,no_observed_new_crossing,,0,0,False
E4_m03_central_tail,朝阳区,B2,9.4,,,,no_observed_new_crossing,,0,0,False
E4_m03_central_tail,朝阳区,B3,14.5,,,,no_observed_new_crossing,,0,0,False
E4_m03_central_tail,朝阳区,B4,17.0,,,,no_observed_new_crossing,,0,0,False
E4_m03_central_tail,海淀区,B1,4.3,,,,no_observed_new_crossing,,0,0,False
E4_m03_central_tail,海淀区,B2,9.4,2025-01,2025-02,2.0,transient_first_run,,5,5,False
E4_m03_central_tail,海淀区,B3,14.5,2023-11,2025-12,26.0,confirmed_6_month,2023-11,26,26,False
E4_m03_central_tail,海淀区,B4,17.0,2023-01,2023-03,3.0,transient_first_run,2023-08,29,29,False
E4_m03_central_tail,石景山区,B1,4.3,,,,no_observed_new_crossing,,0,0,False
E4_m03_central_tail,石景山区,B2,9.4,,,,no_observed_new_crossing,,0,0,False
E4_m03_central_tail,石景山区,B3,14.5,2025-08,2025-10,3.0,transient_first_run,,3,0,False
E4_m03_central_tail,石景山区,B4,17.0,2025-05,2025-12,8.0,confirmed_6_month,2025-05,8,8,False
E4_m03_central_tail,西城区,B1,4.3,,,,no_observed_new_crossing,,0,0,False
E4_m03_central_tail,西城区,B2,9.4,,,,no_observed_new_crossing,,0,0,False
E4_m03_central_tail,西城区,B3,14.5,2024-09,2025-12,16.0,confirmed_6_month,2024-09,16,16,False
E4_m03_central_tail,西城区,B4,17.0,2023-01,2025-12,36.0,confirmed_6_month,2023-01,36,36,False
E4_m03_central_tail,通州区,B1,4.3,,,,no_observed_new_crossing,,0,0,False
E4_m03_central_tail,通州区,B2,9.4,2019-11,2019-11,1.0,transient_first_run,2020-08,53,53,False
E4_m03_central_tail,通州区,B3,14.5,,,,no_observed_new_crossing,,53,53,True
E4_m03_central_tail,门头沟区,B1,4.3,,,,no_observed_new_crossing,,0,0,False
E4_m03_central_tail,门头沟区,B2,9.4,,,,no_observed_new_crossing,,0,0,False
E4_m03_central_tail,门头沟区,B3,14.5,2025-05,2025-11,7.0,confirmed_6_month,2025-05,7,0,False
E4_m03_central_tail,门头沟区,B4,17.0,2024-09,2025-01,5.0,transient_first_run,2025-03,10,10,False
E4_m03_central_tail,顺义区,B1,4.3,,,,no_observed_new_crossing,,0,0,False
E4_m03_central_tail,顺义区,B2,9.4,,,,no_observed_new_crossing,,0,0,False
E4_m03_central_tail,顺义区,B3,14.5,,,,no_observed_new_crossing,,0,0,False
E4_zero_extend,东城区,B1,4.0,,,,no_observed_new_crossing,,0,0,False
E4_zero_extend,东城区,B2,9.1,,,,no_observed_new_crossing,,0,0,False
E4_zero_extend,东城区,B3,14.2,2025-04,2025-12,9.0,confirmed_6_month,2025-04,9,9,False
E4_zero_extend,东城区,B4,19.299999999999997,2023-02,2025-12,35.0,confirmed_6_month,2023-02,35,35,False
E4_zero_extend,丰台区,B1,4.0,,,,no_observed_new_crossing,,0,0,False
E4_zero_extend,丰台区,B2,9.1,,,,no_observed_new_crossing,,0,0,False
E4_zero_extend,丰台区,B3,14.2,2022-08,2025-12,41.0,confirmed_6_month,2022-08,41,41,False
E4_zero_extend,丰台区,B4,19.299999999999997,2020-11,2025-12,62.0,confirmed_6_month,2020-11,62,62,False
E4_zero_extend,大兴区,B1,4.0,,,,no_observed_new_crossing,,0,0,False
E4_zero_extend,大兴区,B2,9.1,,,,no_observed_new_crossing,,0,0,False
E4_zero_extend,大兴区,B3,14.2,2023-01,2023-02,2.0,transient_first_run,2023-09,18,18,False
E4_zero_extend,大兴区,B4,19.299999999999997,,,,no_observed_new_crossing,,76,76,True
E4_zero_extend,密云区,B1,4.0,,,,no_observed_new_crossing,,0,0,False
E4_zero_extend,密云区,B2,9.1,,,,no_observed_new_crossing,,0,0,False
E4_zero_extend,密云区,B3,14.2,2025-08,2025-12,5.0,insufficient_followup,,5,5,False
E4_zero_extend,平谷区,B1,4.0,,,,no_observed_new_crossing,,0,0,False
E4_zero_extend,平谷区,B2,9.1,,,,no_observed_new_crossing,,0,0,False
E4_zero_extend,平谷区,B3,14.2,2025-09,2025-10,2.0,transient_first_run,,2,0,False
E4_zero_extend,延庆区,B1,4.0,,,,no_observed_new_crossing,,0,0,False
E4_zero_extend,延庆区,B2,9.1,2020-01,2020-04,4.0,transient_first_run,2020-08,65,65,False
E4_zero_extend,延庆区,B3,14.2,,,,no_observed_new_crossing,,76,76,True
E4_zero_extend,怀柔区,B1,4.0,,,,no_observed_new_crossing,,0,0,False
E4_zero_extend,怀柔区,B2,9.1,2021-11,2025-12,50.0,confirmed_6_month,2021-11,50,50,False
E4_zero_extend,怀柔区,B3,14.2,2021-07,2025-12,54.0,confirmed_6_month,2021-07,54,54,False
E4_zero_extend,房山区,B1,4.0,,,,no_observed_new_crossing,,0,0,False
E4_zero_extend,房山区,B2,9.1,2020-11,2021-03,5.0,transient_first_run,2021-07,30,30,False
E4_zero_extend,房山区,B3,14.2,,,,no_observed_new_crossing,,76,76,True
E4_zero_extend,昌平区,B1,4.0,,,,no_observed_new_crossing,,0,0,False
E4_zero_extend,昌平区,B2,9.1,,,,no_observed_new_crossing,,0,0,False
E4_zero_extend,昌平区,B3,14.2,2025-01,2025-12,12.0,confirmed_6_month,2025-01,12,12,False
E4_zero_extend,昌平区,B4,19.299999999999997,2023-10,2025-12,27.0,confirmed_6_month,2023-10,27,27,False
E4_zero_extend,朝阳区,B1,4.0,,,,no_observed_new_crossing,,0,0,False
E4_zero_extend,朝阳区,B2,9.1,,,,no_observed_new_crossing,,0,0,False
E4_zero_extend,朝阳区,B3,14.2,,,,no_observed_new_crossing,,0,0,False
E4_zero_extend,朝阳区,B4,19.299999999999997,2025-11,2025-12,2.0,insufficient_followup,,2,2,False
E4_zero_extend,海淀区,B1,4.0,,,,no_observed_new_crossing,,0,0,False
E4_zero_extend,海淀区,B2,9.1,2025-08,2025-12,5.0,insufficient_followup,,5,5,False
E4_zero_extend,海淀区,B3,14.2,2023-12,2025-12,25.0,confirmed_6_month,2023-12,25,25,False
E4_zero_extend,海淀区,B4,19.299999999999997,2022-02,2022-04,3.0,transient_first_run,2022-07,42,42,False
E4_zero_extend,石景山区,B1,4.0,,,,no_observed_new_crossing,,0,0,False
E4_zero_extend,石景山区,B2,9.1,,,,no_observed_new_crossing,,0,0,False
E4_zero_extend,石景山区,B3,14.2,2025-09,2025-10,2.0,transient_first_run,,2,0,False
E4_zero_extend,石景山区,B4,19.299999999999997,2024-08,2025-12,17.0,confirmed_6_month,2024-08,17,17,False
E4_zero_extend,西城区,B1,4.0,,,,no_observed_new_crossing,,0,0,False
E4_zero_extend,西城区,B2,9.1,,,,no_observed_new_crossing,,0,0,False
E4_zero_extend,西城区,B3,14.2,2024-09,2025-12,16.0,confirmed_6_month,2024-09,16,16,False
E4_zero_extend,西城区,B4,19.299999999999997,2022-05,2025-12,44.0,confirmed_6_month,2022-05,44,44,False
E4_zero_extend,通州区,B1,4.0,,,,no_observed_new_crossing,,0,0,False
E4_zero_extend,通州区,B2,9.1,2020-01,2020-03,3.0,transient_first_run,2020-08,53,53,False
E4_zero_extend,通州区,B3,14.2,,,,no_observed_new_crossing,,53,53,True
E4_zero_extend,门头沟区,B1,4.0,,,,no_observed_new_crossing,,0,0,False
E4_zero_extend,门头沟区,B2,9.1,,,,no_observed_new_crossing,,0,0,False
E4_zero_extend,门头沟区,B3,14.2,2025-05,2025-11,7.0,confirmed_6_month,2025-05,7,0,False
E4_zero_extend,门头沟区,B4,19.299999999999997,2024-08,2025-12,17.0,confirmed_6_month,2024-08,17,17,False
E4_zero_extend,顺义区,B1,4.0,,,,no_observed_new_crossing,,0,0,False
E4_zero_extend,顺义区,B2,9.1,,,,no_observed_new_crossing,,0,0,False
E4_zero_extend,顺义区,B3,14.2,,,,no_observed_new_crossing,,0,0,False
E4_zero_central_tail,东城区,B1,4.0,,,,no_observed_new_crossing,,0,0,False
E4_zero_central_tail,东城区,B2,9.1,,,,no_observed_new_crossing,,0,0,False
E4_zero_central_tail,东城区,B3,14.2,2025-04,2025-12,9.0,confirmed_6_month,2025-04,9,9,False
E4_zero_central_tail,东城区,B4,17.0,2024-03,2024-05,3.0,transient_first_run,2024-07,18,18,False
E4_zero_central_tail,丰台区,B1,4.0,,,,no_observed_new_crossing,,0,0,False
E4_zero_central_tail,丰台区,B2,9.1,,,,no_observed_new_crossing,,0,0,False
E4_zero_central_tail,丰台区,B3,14.2,2022-08,2025-12,41.0,confirmed_6_month,2022-08,41,41,False
E4_zero_central_tail,丰台区,B4,17.0,2021-10,2025-12,51.0,confirmed_6_month,2021-10,51,51,False
E4_zero_central_tail,大兴区,B1,4.0,,,,no_observed_new_crossing,,0,0,False
E4_zero_central_tail,大兴区,B2,9.1,,,,no_observed_new_crossing,,0,0,False
E4_zero_central_tail,大兴区,B3,14.2,2023-01,2023-02,2.0,transient_first_run,2023-09,18,18,False
E4_zero_central_tail,大兴区,B4,17.0,2020-02,2020-03,2.0,transient_first_run,2021-07,42,42,False
E4_zero_central_tail,密云区,B1,4.0,,,,no_observed_new_crossing,,0,0,False
E4_zero_central_tail,密云区,B2,9.1,,,,no_observed_new_crossing,,0,0,False
E4_zero_central_tail,密云区,B3,14.2,2025-08,2025-12,5.0,insufficient_followup,,5,5,False
E4_zero_central_tail,平谷区,B1,4.0,,,,no_observed_new_crossing,,0,0,False
E4_zero_central_tail,平谷区,B2,9.1,,,,no_observed_new_crossing,,0,0,False
E4_zero_central_tail,平谷区,B3,14.2,2025-09,2025-10,2.0,transient_first_run,,2,0,False
E4_zero_central_tail,延庆区,B1,4.0,,,,no_observed_new_crossing,,0,0,False
E4_zero_central_tail,延庆区,B2,9.1,2020-01,2020-04,4.0,transient_first_run,2020-08,65,65,False
E4_zero_central_tail,延庆区,B3,14.2,,,,no_observed_new_crossing,,76,76,True
E4_zero_central_tail,怀柔区,B1,4.0,,,,no_observed_new_crossing,,0,0,False
E4_zero_central_tail,怀柔区,B2,9.1,2021-11,2025-12,50.0,confirmed_6_month,2021-11,50,50,False
E4_zero_central_tail,怀柔区,B3,14.2,2021-07,2025-12,54.0,confirmed_6_month,2021-07,54,54,False
E4_zero_central_tail,房山区,B1,4.0,,,,no_observed_new_crossing,,0,0,False
E4_zero_central_tail,房山区,B2,9.1,2020-11,2021-03,5.0,transient_first_run,2021-07,30,30,False
E4_zero_central_tail,房山区,B3,14.2,,,,no_observed_new_crossing,,76,76,True
E4_zero_central_tail,昌平区,B1,4.0,,,,no_observed_new_crossing,,0,0,False
E4_zero_central_tail,昌平区,B2,9.1,,,,no_observed_new_crossing,,0,0,False
E4_zero_central_tail,昌平区,B3,14.2,2025-01,2025-12,12.0,confirmed_6_month,2025-01,12,12,False
E4_zero_central_tail,昌平区,B4,17.0,2024-03,2024-03,1.0,transient_first_run,2024-08,17,17,False
E4_zero_central_tail,朝阳区,B1,4.0,,,,no_observed_new_crossing,,0,0,False
E4_zero_central_tail,朝阳区,B2,9.1,,,,no_observed_new_crossing,,0,0,False
E4_zero_central_tail,朝阳区,B3,14.2,,,,no_observed_new_crossing,,0,0,False
E4_zero_central_tail,朝阳区,B4,17.0,,,,no_observed_new_crossing,,0,0,False
E4_zero_central_tail,海淀区,B1,4.0,,,,no_observed_new_crossing,,0,0,False
E4_zero_central_tail,海淀区,B2,9.1,2025-08,2025-12,5.0,insufficient_followup,,5,5,False
E4_zero_central_tail,海淀区,B3,14.2,2023-12,2025-12,25.0,confirmed_6_month,2023-12,25,25,False
E4_zero_central_tail,海淀区,B4,17.0,2023-01,2023-03,3.0,transient_first_run,2023-08,29,29,False
E4_zero_central_tail,石景山区,B1,4.0,,,,no_observed_new_crossing,,0,0,False
E4_zero_central_tail,石景山区,B2,9.1,,,,no_observed_new_crossing,,0,0,False
E4_zero_central_tail,石景山区,B3,14.2,2025-09,2025-10,2.0,transient_first_run,,2,0,False
E4_zero_central_tail,石景山区,B4,17.0,2025-05,2025-12,8.0,confirmed_6_month,2025-05,8,8,False
E4_zero_central_tail,西城区,B1,4.0,,,,no_observed_new_crossing,,0,0,False
E4_zero_central_tail,西城区,B2,9.1,,,,no_observed_new_crossing,,0,0,False
E4_zero_central_tail,西城区,B3,14.2,2024-09,2025-12,16.0,confirmed_6_month,2024-09,16,16,False
E4_zero_central_tail,西城区,B4,17.0,2023-01,2025-12,36.0,confirmed_6_month,2023-01,36,36,False
E4_zero_central_tail,通州区,B1,4.0,,,,no_observed_new_crossing,,0,0,False
E4_zero_central_tail,通州区,B2,9.1,2020-01,2020-03,3.0,transient_first_run,2020-08,53,53,False
E4_zero_central_tail,通州区,B3,14.2,,,,no_observed_new_crossing,,53,53,True
E4_zero_central_tail,门头沟区,B1,4.0,,,,no_observed_new_crossing,,0,0,False
E4_zero_central_tail,门头沟区,B2,9.1,,,,no_observed_new_crossing,,0,0,False
E4_zero_central_tail,门头沟区,B3,14.2,2025-05,2025-11,7.0,confirmed_6_month,2025-05,7,0,False
E4_zero_central_tail,门头沟区,B4,17.0,2024-09,2025-01,5.0,transient_first_run,2025-03,10,10,False
E4_zero_central_tail,顺义区,B1,4.0,,,,no_observed_new_crossing,,0,0,False
E4_zero_central_tail,顺义区,B2,9.1,,,,no_observed_new_crossing,,0,0,False
E4_zero_central_tail,顺义区,B3,14.2,,,,no_observed_new_crossing,,0,0,False
E4_p03_extend,东城区,B1,3.7,,,,no_observed_new_crossing,,0,0,False
E4_p03_extend,东城区,B2,8.799999999999999,,,,no_observed_new_crossing,,0,0,False
E4_p03_extend,东城区,B3,13.899999999999999,2025-08,2025-12,5.0,insufficient_followup,,5,5,False
E4_p03_extend,东城区,B4,19.0,2023-03,2023-05,3.0,transient_first_run,2023-08,29,29,False
E4_p03_extend,丰台区,B1,3.7,,,,no_observed_new_crossing,,0,0,False
E4_p03_extend,丰台区,B2,8.799999999999999,,,,no_observed_new_crossing,,0,0,False
E4_p03_extend,丰台区,B3,13.899999999999999,2022-10,2025-12,39.0,confirmed_6_month,2022-10,39,39,False
E4_p03_extend,丰台区,B4,19.0,2021-01,2025-12,60.0,confirmed_6_month,2021-01,60,60,False
E4_p03_extend,大兴区,B1,3.7,,,,no_observed_new_crossing,,0,0,False
E4_p03_extend,大兴区,B2,8.799999999999999,,,,no_observed_new_crossing,,0,0,False
E4_p03_extend,大兴区,B3,13.899999999999999,2023-10,2023-10,1.0,transient_first_run,2024-08,17,17,False
E4_p03_extend,大兴区,B4,19.0,,,,no_observed_new_crossing,,76,76,True
E4_p03_extend,密云区,B1,3.7,,,,no_observed_new_crossing,,0,0,False
E4_p03_extend,密云区,B2,8.799999999999999,,,,no_observed_new_crossing,,0,0,False
E4_p03_extend,密云区,B3,13.899999999999999,2025-08,2025-12,5.0,insufficient_followup,,5,5,False
E4_p03_extend,平谷区,B1,3.7,,,,no_observed_new_crossing,,0,0,False
E4_p03_extend,平谷区,B2,8.799999999999999,,,,no_observed_new_crossing,,0,0,False
E4_p03_extend,平谷区,B3,13.899999999999999,2025-09,2025-10,2.0,transient_first_run,,2,0,False
E4_p03_extend,延庆区,B1,3.7,,,,no_observed_new_crossing,,0,0,False
E4_p03_extend,延庆区,B2,8.799999999999999,2020-01,2020-04,4.0,transient_first_run,2020-08,54,54,False
E4_p03_extend,延庆区,B3,13.899999999999999,,,,no_observed_new_crossing,,76,76,True
E4_p03_extend,怀柔区,B1,3.7,,,,no_observed_new_crossing,,0,0,False
E4_p03_extend,怀柔区,B2,8.799999999999999,2021-12,2025-12,49.0,confirmed_6_month,2021-12,49,49,False
E4_p03_extend,怀柔区,B3,13.899999999999999,2021-07,2025-12,54.0,confirmed_6_month,2021-07,54,54,False
E4_p03_extend,房山区,B1,3.7,,,,no_observed_new_crossing,,0,0,False
E4_p03_extend,房山区,B2,8.799999999999999,2020-12,2021-03,4.0,transient_first_run,2021-07,30,30,False
E4_p03_extend,房山区,B3,13.899999999999999,,,,no_observed_new_crossing,,76,76,True
E4_p03_extend,昌平区,B1,3.7,,,,no_observed_new_crossing,,0,0,False
E4_p03_extend,昌平区,B2,8.799999999999999,,,,no_observed_new_crossing,,0,0,False
E4_p03_extend,昌平区,B3,13.899999999999999,2025-01,2025-12,12.0,confirmed_6_month,2025-01,12,12,False
E4_p03_extend,昌平区,B4,19.0,2023-11,2025-12,26.0,confirmed_6_month,2023-11,26,26,False
E4_p03_extend,朝阳区,B1,3.7,,,,no_observed_new_crossing,,0,0,False
E4_p03_extend,朝阳区,B2,8.799999999999999,,,,no_observed_new_crossing,,0,0,False
E4_p03_extend,朝阳区,B3,13.899999999999999,,,,no_observed_new_crossing,,0,0,False
E4_p03_extend,朝阳区,B4,19.0,,,,no_observed_new_crossing,,0,0,False
E4_p03_extend,海淀区,B1,3.7,,,,no_observed_new_crossing,,0,0,False
E4_p03_extend,海淀区,B2,8.799999999999999,2025-09,2025-12,4.0,insufficient_followup,,4,4,False
E4_p03_extend,海淀区,B3,13.899999999999999,2023-12,2025-12,25.0,confirmed_6_month,2023-12,25,25,False
E4_p03_extend,海淀区,B4,19.0,2022-03,2022-03,1.0,transient_first_run,2022-08,41,41,False
E4_p03_extend,石景山区,B1,3.7,,,,no_observed_new_crossing,,0,0,False
E4_p03_extend,石景山区,B2,8.799999999999999,,,,no_observed_new_crossing,,0,0,False
E4_p03_extend,石景山区,B3,13.899999999999999,2025-09,2025-10,2.0,transient_first_run,,2,0,False
E4_p03_extend,石景山区,B4,19.0,2024-08,2025-01,6.0,confirmed_6_month,2024-08,10,10,False
E4_p03_extend,西城区,B1,3.7,,,,no_observed_new_crossing,,0,0,False
E4_p03_extend,西城区,B2,8.799999999999999,,,,no_observed_new_crossing,,0,0,False
E4_p03_extend,西城区,B3,13.899999999999999,2024-09,2025-12,16.0,confirmed_6_month,2024-09,16,16,False
E4_p03_extend,西城区,B4,19.0,2022-05,2025-12,44.0,confirmed_6_month,2022-05,44,44,False
E4_p03_extend,通州区,B1,3.7,,,,no_observed_new_crossing,,0,0,False
E4_p03_extend,通州区,B2,8.799999999999999,2020-03,2020-03,1.0,transient_first_run,2020-08,53,53,False
E4_p03_extend,通州区,B3,13.899999999999999,,,,no_observed_new_crossing,,53,53,True
E4_p03_extend,门头沟区,B1,3.7,,,,no_observed_new_crossing,,0,0,False
E4_p03_extend,门头沟区,B2,8.799999999999999,,,,no_observed_new_crossing,,0,0,False
E4_p03_extend,门头沟区,B3,13.899999999999999,2025-06,2025-10,5.0,transient_first_run,,5,0,False
E4_p03_extend,门头沟区,B4,19.0,2024-08,2025-12,17.0,confirmed_6_month,2024-08,17,17,False
E4_p03_extend,顺义区,B1,3.7,,,,no_observed_new_crossing,,0,0,False
E4_p03_extend,顺义区,B2,8.799999999999999,,,,no_observed_new_crossing,,0,0,False
E4_p03_extend,顺义区,B3,13.899999999999999,,,,no_observed_new_crossing,,0,0,False
E4_p03_central_tail,东城区,B1,3.7,,,,no_observed_new_crossing,,0,0,False
E4_p03_central_tail,东城区,B2,8.799999999999999,,,,no_observed_new_crossing,,0,0,False
E4_p03_central_tail,东城区,B3,13.899999999999999,2025-08,2025-12,5.0,insufficient_followup,,5,5,False
E4_p03_central_tail,东城区,B4,17.0,2024-03,2024-05,3.0,transient_first_run,2024-07,18,18,False
E4_p03_central_tail,丰台区,B1,3.7,,,,no_observed_new_crossing,,0,0,False
E4_p03_central_tail,丰台区,B2,8.799999999999999,,,,no_observed_new_crossing,,0,0,False
E4_p03_central_tail,丰台区,B3,13.899999999999999,2022-10,2025-12,39.0,confirmed_6_month,2022-10,39,39,False
E4_p03_central_tail,丰台区,B4,17.0,2021-10,2025-12,51.0,confirmed_6_month,2021-10,51,51,False
E4_p03_central_tail,大兴区,B1,3.7,,,,no_observed_new_crossing,,0,0,False
E4_p03_central_tail,大兴区,B2,8.799999999999999,,,,no_observed_new_crossing,,0,0,False
E4_p03_central_tail,大兴区,B3,13.899999999999999,2023-10,2023-10,1.0,transient_first_run,2024-08,17,17,False
E4_p03_central_tail,大兴区,B4,17.0,2020-02,2020-03,2.0,transient_first_run,2021-07,42,42,False
E4_p03_central_tail,密云区,B1,3.7,,,,no_observed_new_crossing,,0,0,False
E4_p03_central_tail,密云区,B2,8.799999999999999,,,,no_observed_new_crossing,,0,0,False
E4_p03_central_tail,密云区,B3,13.899999999999999,2025-08,2025-12,5.0,insufficient_followup,,5,5,False
E4_p03_central_tail,平谷区,B1,3.7,,,,no_observed_new_crossing,,0,0,False
E4_p03_central_tail,平谷区,B2,8.799999999999999,,,,no_observed_new_crossing,,0,0,False
E4_p03_central_tail,平谷区,B3,13.899999999999999,2025-09,2025-10,2.0,transient_first_run,,2,0,False
E4_p03_central_tail,延庆区,B1,3.7,,,,no_observed_new_crossing,,0,0,False
E4_p03_central_tail,延庆区,B2,8.799999999999999,2020-01,2020-04,4.0,transient_first_run,2020-08,54,54,False
E4_p03_central_tail,延庆区,B3,13.899999999999999,,,,no_observed_new_crossing,,76,76,True
E4_p03_central_tail,怀柔区,B1,3.7,,,,no_observed_new_crossing,,0,0,False
E4_p03_central_tail,怀柔区,B2,8.799999999999999,2021-12,2025-12,49.0,confirmed_6_month,2021-12,49,49,False
E4_p03_central_tail,怀柔区,B3,13.899999999999999,2021-07,2025-12,54.0,confirmed_6_month,2021-07,54,54,False
E4_p03_central_tail,房山区,B1,3.7,,,,no_observed_new_crossing,,0,0,False
E4_p03_central_tail,房山区,B2,8.799999999999999,2020-12,2021-03,4.0,transient_first_run,2021-07,30,30,False
E4_p03_central_tail,房山区,B3,13.899999999999999,,,,no_observed_new_crossing,,76,76,True
E4_p03_central_tail,昌平区,B1,3.7,,,,no_observed_new_crossing,,0,0,False
E4_p03_central_tail,昌平区,B2,8.799999999999999,,,,no_observed_new_crossing,,0,0,False
E4_p03_central_tail,昌平区,B3,13.899999999999999,2025-01,2025-12,12.0,confirmed_6_month,2025-01,12,12,False
E4_p03_central_tail,昌平区,B4,17.0,2024-03,2024-03,1.0,transient_first_run,2024-08,17,17,False
E4_p03_central_tail,朝阳区,B1,3.7,,,,no_observed_new_crossing,,0,0,False
E4_p03_central_tail,朝阳区,B2,8.799999999999999,,,,no_observed_new_crossing,,0,0,False
E4_p03_central_tail,朝阳区,B3,13.899999999999999,,,,no_observed_new_crossing,,0,0,False
E4_p03_central_tail,朝阳区,B4,17.0,,,,no_observed_new_crossing,,0,0,False
E4_p03_central_tail,海淀区,B1,3.7,,,,no_observed_new_crossing,,0,0,False
E4_p03_central_tail,海淀区,B2,8.799999999999999,2025-09,2025-12,4.0,insufficient_followup,,4,4,False
E4_p03_central_tail,海淀区,B3,13.899999999999999,2023-12,2025-12,25.0,confirmed_6_month,2023-12,25,25,False
E4_p03_central_tail,海淀区,B4,17.0,2023-01,2023-03,3.0,transient_first_run,2023-08,29,29,False
E4_p03_central_tail,石景山区,B1,3.7,,,,no_observed_new_crossing,,0,0,False
E4_p03_central_tail,石景山区,B2,8.799999999999999,,,,no_observed_new_crossing,,0,0,False
E4_p03_central_tail,石景山区,B3,13.899999999999999,2025-09,2025-10,2.0,transient_first_run,,2,0,False
E4_p03_central_tail,石景山区,B4,17.0,2025-05,2025-12,8.0,confirmed_6_month,2025-05,8,8,False
E4_p03_central_tail,西城区,B1,3.7,,,,no_observed_new_crossing,,0,0,False
E4_p03_central_tail,西城区,B2,8.799999999999999,,,,no_observed_new_crossing,,0,0,False
E4_p03_central_tail,西城区,B3,13.899999999999999,2024-09,2025-12,16.0,confirmed_6_month,2024-09,16,16,False
E4_p03_central_tail,西城区,B4,17.0,2023-01,2025-12,36.0,confirmed_6_month,2023-01,36,36,False
E4_p03_central_tail,通州区,B1,3.7,,,,no_observed_new_crossing,,0,0,False
E4_p03_central_tail,通州区,B2,8.799999999999999,2020-03,2020-03,1.0,transient_first_run,2020-08,53,53,False
E4_p03_central_tail,通州区,B3,13.899999999999999,,,,no_observed_new_crossing,,53,53,True
E4_p03_central_tail,门头沟区,B1,3.7,,,,no_observed_new_crossing,,0,0,False
E4_p03_central_tail,门头沟区,B2,8.799999999999999,,,,no_observed_new_crossing,,0,0,False
E4_p03_central_tail,门头沟区,B3,13.899999999999999,2025-06,2025-10,5.0,transient_first_run,,5,0,False
E4_p03_central_tail,门头沟区,B4,17.0,2024-09,2025-01,5.0,transient_first_run,2025-03,10,10,False
E4_p03_central_tail,顺义区,B1,3.7,,,,no_observed_new_crossing,,0,0,False
E4_p03_central_tail,顺义区,B2,8.799999999999999,,,,no_observed_new_crossing,,0,0,False
E4_p03_central_tail,顺义区,B3,13.899999999999999,,,,no_observed_new_crossing,,0,0,False
