district,observed_months,missing_months,category,first_observed_contact,first_new_contact,first_persistent_onset,first_persistence_confirmed,terminal_run_months,longest_run_months,config_id,duration_months
东城区,65,0,new_persistent_activation,2025-04,2025-04,2025-07,2025-09,6,6,shallow,3
丰台区,76,0,new_persistent_activation,2022-08,2022-08,2022-08,2022-10,41,41,shallow,3
大兴区,76,0,new_persistent_activation,2023-02,2023-02,2023-10,2023-12,18,18,shallow,3
密云区,76,0,no_observed_contact,,,,,0,0,shallow,3
平谷区,76,0,no_observed_contact,,,,,0,0,shallow,3
延庆区,76,0,new_persistent_activation,2019-10,2019-10,2019-10,2019-12,75,75,shallow,3
怀柔区,76,0,new_persistent_activation,2021-10,2021-10,2021-10,2021-12,51,51,shallow,3
房山区,76,0,pre_existing_contact,2019-09,2020-08,2020-08,2020-10,65,65,shallow,3
昌平区,76,0,new_persistent_activation,2025-01,2025-01,2025-01,2025-03,12,12,shallow,3
朝阳区,76,0,no_observed_contact,,,,,0,0,shallow,3
海淀区,76,0,new_persistent_activation,2023-12,2023-12,2023-12,2024-02,25,25,shallow,3
石景山区,76,0,transient_only_contact,2025-09,2025-09,,,0,2,shallow,3
西城区,65,0,new_persistent_activation,2024-09,2024-09,2024-09,2024-11,16,16,shallow,3
通州区,75,1,pre_existing_contact,2019-09,,,,53,53,shallow,3
门头沟区,76,0,other_observed_contact,2025-06,2025-06,2025-06,2025-08,0,6,shallow,3
顺义区,76,0,no_observed_contact,,,,,0,0,shallow,3
东城区,65,0,new_persistent_activation,2025-04,2025-04,2025-07,2025-12,6,6,shallow,6
丰台区,76,0,new_persistent_activation,2022-08,2022-08,2022-08,2023-01,41,41,shallow,6
大兴区,76,0,new_persistent_activation,2023-02,2023-02,2023-10,2024-03,18,18,shallow,6
密云区,76,0,no_observed_contact,,,,,0,0,shallow,6
平谷区,76,0,no_observed_contact,,,,,0,0,shallow,6
延庆区,76,0,new_persistent_activation,2019-10,2019-10,2019-10,2020-03,75,75,shallow,6
怀柔区,76,0,new_persistent_activation,2021-10,2021-10,2021-10,2022-03,51,51,shallow,6
房山区,76,0,pre_existing_contact,2019-09,2020-08,2020-08,2021-01,65,65,shallow,6
昌平区,76,0,new_persistent_activation,2025-01,2025-01,2025-01,2025-06,12,12,shallow,6
朝阳区,76,0,no_observed_contact,,,,,0,0,shallow,6
海淀区,76,0,new_persistent_activation,2023-12,2023-12,2023-12,2024-05,25,25,shallow,6
石景山区,76,0,transient_only_contact,2025-09,2025-09,,,0,2,shallow,6
西城区,65,0,new_persistent_activation,2024-09,2024-09,2024-09,2025-02,16,16,shallow,6
通州区,75,1,pre_existing_contact,2019-09,,,,53,53,shallow,6
门头沟区,76,0,other_observed_contact,2025-06,2025-06,2025-06,2025-11,0,6,shallow,6
顺义区,76,0,no_observed_contact,,,,,0,0,shallow,6
东城区,65,0,other_observed_contact,2025-04,2025-04,,,6,6,shallow,9
丰台区,76,0,new_persistent_activation,2022-08,2022-08,2022-08,2023-04,41,41,shallow,9
大兴区,76,0,new_persistent_activation,2023-02,2023-02,2024-07,2025-03,18,18,shallow,9
密云区,76,0,no_observed_contact,,,,,0,0,shallow,9
平谷区,76,0,no_observed_contact,,,,,0,0,shallow,9
延庆区,76,0,new_persistent_activation,2019-10,2019-10,2019-10,2020-06,75,75,shallow,9
怀柔区,76,0,new_persistent_activation,2021-10,2021-10,2021-10,2022-06,51,51,shallow,9
房山区,76,0,pre_existing_contact,2019-09,2020-08,2020-08,2021-04,65,65,shallow,9
昌平区,76,0,new_persistent_activation,2025-01,2025-01,2025-01,2025-09,12,12,shallow,9
朝阳区,76,0,no_observed_contact,,,,,0,0,shallow,9
海淀区,76,0,new_persistent_activation,2023-12,2023-12,2023-12,2024-08,25,25,shallow,9
石景山区,76,0,transient_only_contact,2025-09,2025-09,,,0,2,shallow,9
西城区,65,0,new_persistent_activation,2024-09,2024-09,2024-09,2025-05,16,16,shallow,9
通州区,75,1,pre_existing_contact,2019-09,,,,53,53,shallow,9
门头沟区,76,0,transient_only_contact,2025-06,2025-06,,,0,6,shallow,9
顺义区,76,0,no_observed_contact,,,,,0,0,shallow,9
东城区,65,0,other_observed_contact,2025-04,2025-04,,,6,6,shallow,12
丰台区,76,0,new_persistent_activation,2022-08,2022-08,2022-08,2023-07,41,41,shallow,12
大兴区,76,0,new_persistent_activation,2023-02,2023-02,2024-07,2025-06,18,18,shallow,12
密云区,76,0,no_observed_contact,,,,,0,0,shallow,12
平谷区,76,0,no_observed_contact,,,,,0,0,shallow,12
延庆区,76,0,new_persistent_activation,2019-10,2019-10,2019-10,2020-09,75,75,shallow,12
怀柔区,76,0,new_persistent_activation,2021-10,2021-10,2021-10,2022-09,51,51,shallow,12
房山区,76,0,pre_existing_contact,2019-09,2020-08,2020-08,2021-07,65,65,shallow,12
昌平区,76,0,new_persistent_activation,2025-01,2025-01,2025-01,2025-12,12,12,shallow,12
朝阳区,76,0,no_observed_contact,,,,,0,0,shallow,12
海淀区,76,0,new_persistent_activation,2023-12,2023-12,2023-12,2024-11,25,25,shallow,12
石景山区,76,0,transient_only_contact,2025-09,2025-09,,,0,2,shallow,12
西城区,65,0,new_persistent_activation,2024-09,2024-09,2024-09,2025-08,16,16,shallow,12
通州区,75,1,pre_existing_contact,2019-09,,,,53,53,shallow,12
门头沟区,76,0,transient_only_contact,2025-06,2025-06,,,0,6,shallow,12
顺义区,76,0,no_observed_contact,,,,,0,0,shallow,12
东城区,65,0,new_persistent_activation,2024-03,2024-03,2024-03,2024-05,18,18,central,3
丰台区,76,0,new_persistent_activation,2021-10,2021-10,2021-10,2021-12,51,51,central,3
大兴区,76,0,new_persistent_activation,2020-02,2020-02,2020-12,2021-02,42,42,central,3
密云区,76,0,transient_only_contact,2025-09,2025-09,,,0,2,central,3
平谷区,76,0,no_observed_contact,,,,,0,0,central,3
延庆区,76,0,pre_existing_contact,2019-09,,,,76,76,central,3
怀柔区,76,0,new_persistent_activation,2021-10,2021-10,2021-10,2021-12,51,51,central,3
房山区,76,0,pre_existing_contact,2019-09,,,,76,76,central,3
昌平区,76,0,new_persistent_activation,2024-03,2024-03,2024-08,2024-10,17,17,central,3
朝阳区,76,0,no_observed_contact,,,,,0,0,central,3
海淀区,76,0,new_persistent_activation,2023-01,2023-01,2023-01,2023-03,29,29,central,3
石景山区,76,0,new_persistent_activation,2025-05,2025-05,2025-05,2025-07,8,8,central,3
西城区,65,0,new_persistent_activation,2023-01,2023-01,2023-01,2023-03,36,36,central,3
通州区,75,1,pre_existing_contact,2019-09,,,,53,53,central,3
门头沟区,76,0,new_persistent_activation,2024-09,2024-09,2024-09,2024-11,10,10,central,3
顺义区,76,0,no_observed_contact,,,,,0,0,central,3
东城区,65,0,new_persistent_activation,2024-03,2024-03,2024-07,2024-12,18,18,central,6
丰台区,76,0,new_persistent_activation,2021-10,2021-10,2021-10,2022-03,51,51,central,6
大兴区,76,0,new_persistent_activation,2020-02,2020-02,2021-07,2021-12,42,42,central,6
密云区,76,0,transient_only_contact,2025-09,2025-09,,,0,2,central,6
平谷区,76,0,no_observed_contact,,,,,0,0,central,6
延庆区,76,0,pre_existing_contact,2019-09,,,,76,76,central,6
怀柔区,76,0,new_persistent_activation,2021-10,2021-10,2021-10,2022-03,51,51,central,6
房山区,76,0,pre_existing_contact,2019-09,,,,76,76,central,6
昌平区,76,0,new_persistent_activation,2024-03,2024-03,2024-08,2025-01,17,17,central,6
朝阳区,76,0,no_observed_contact,,,,,0,0,central,6
海淀区,76,0,new_persistent_activation,2023-01,2023-01,2023-08,2024-01,29,29,central,6
石景山区,76,0,new_persistent_activation,2025-05,2025-05,2025-05,2025-10,8,8,central,6
西城区,65,0,new_persistent_activation,2023-01,2023-01,2023-01,2023-06,36,36,central,6
通州区,75,1,pre_existing_contact,2019-09,,,,53,53,central,6
门头沟区,76,0,new_persistent_activation,2024-09,2024-09,2025-03,2025-08,10,10,central,6
顺义区,76,0,no_observed_contact,,,,,0,0,central,6
东城区,65,0,new_persistent_activation,2024-03,2024-03,2024-07,2025-03,18,18,central,9
丰台区,76,0,new_persistent_activation,2021-10,2021-10,2021-10,2022-06,51,51,central,9
大兴区,76,0,new_persistent_activation,2020-02,2020-02,2021-07,2022-03,42,42,central,9
密云区,76,0,transient_only_contact,2025-09,2025-09,,,0,2,central,9
平谷区,76,0,no_observed_contact,,,,,0,0,central,9
延庆区,76,0,pre_existing_contact,2019-09,,,,76,76,central,9
怀柔区,76,0,new_persistent_activation,2021-10,2021-10,2021-10,2022-06,51,51,central,9
房山区,76,0,pre_existing_contact,2019-09,,,,76,76,central,9
昌平区,76,0,new_persistent_activation,2024-03,2024-03,2024-08,2025-04,17,17,central,9
朝阳区,76,0,no_observed_contact,,,,,0,0,central,9
海淀区,76,0,new_persistent_activation,2023-01,2023-01,2023-08,2024-04,29,29,central,9
石景山区,76,0,other_observed_contact,2025-05,2025-05,,,8,8,central,9
西城区,65,0,new_persistent_activation,2023-01,2023-01,2023-01,2023-09,36,36,central,9
通州区,75,1,pre_existing_contact,2019-09,,,,53,53,central,9
门头沟区,76,0,new_persistent_activation,2024-09,2024-09,2025-03,2025-11,10,10,central,9
顺义区,76,0,no_observed_contact,,,,,0,0,central,9
东城区,65,0,new_persistent_activation,2024-03,2024-03,2024-07,2025-06,18,18,central,12
丰台区,76,0,new_persistent_activation,2021-10,2021-10,2021-10,2022-09,51,51,central,12
大兴区,76,0,new_persistent_activation,2020-02,2020-02,2022-07,2023-06,42,42,central,12
密云区,76,0,transient_only_contact,2025-09,2025-09,,,0,2,central,12
平谷区,76,0,no_observed_contact,,,,,0,0,central,12
延庆区,76,0,pre_existing_contact,2019-09,,,,76,76,central,12
怀柔区,76,0,new_persistent_activation,2021-10,2021-10,2021-10,2022-09,51,51,central,12
房山区,76,0,pre_existing_contact,2019-09,,,,76,76,central,12
昌平区,76,0,new_persistent_activation,2024-03,2024-03,2024-08,2025-07,17,17,central,12
朝阳区,76,0,no_observed_contact,,,,,0,0,central,12
海淀区,76,0,new_persistent_activation,2023-01,2023-01,2023-08,2024-07,29,29,central,12
石景山区,76,0,other_observed_contact,2025-05,2025-05,,,8,8,central,12
西城区,65,0,new_persistent_activation,2023-01,2023-01,2023-01,2023-12,36,36,central,12
通州区,75,1,pre_existing_contact,2019-09,,,,53,53,central,12
门头沟区,76,0,other_observed_contact,2024-09,2024-09,,,10,10,central,12
顺义区,76,0,no_observed_contact,,,,,0,0,central,12
东城区,65,0,new_persistent_activation,2022-03,2022-03,2022-03,2022-05,46,46,deep,3
丰台区,76,0,pre_existing_contact,2019-09,,,,76,76,deep,3
大兴区,76,0,pre_existing_contact,2019-09,,,,76,76,deep,3
密云区,76,0,new_persistent_activation,2021-10,2021-10,2021-10,2021-12,16,16,deep,3
平谷区,76,0,new_persistent_activation,2024-09,2024-09,2025-08,2025-10,5,5,deep,3
延庆区,76,0,pre_existing_contact,2019-09,,,,76,76,deep,3
怀柔区,76,0,new_persistent_activation,2020-08,2020-08,2020-08,2020-10,61,61,deep,3
房山区,76,0,pre_existing_contact,2019-09,,,,76,76,deep,3
昌平区,76,0,new_persistent_activation,2022-10,2022-10,2022-10,2022-12,29,29,deep,3
朝阳区,76,0,new_persistent_activation,2025-01,2025-01,2025-01,2025-03,12,12,deep,3
海淀区,76,0,new_persistent_activation,2021-10,2021-10,2021-10,2021-12,51,51,deep,3
石景山区,76,0,new_persistent_activation,2023-10,2023-10,2023-10,2023-12,20,20,deep,3
西城区,65,0,new_persistent_activation,2021-03,2021-03,2021-03,2021-05,58,58,deep,3
通州区,75,1,pre_existing_contact,2019-09,,,,53,53,deep,3
门头沟区,76,0,new_persistent_activation,2023-09,2023-09,2023-09,2023-11,20,20,deep,3
顺义区,76,0,new_persistent_activation,2024-10,2024-10,2024-12,2025-02,5,5,deep,3
东城区,65,0,new_persistent_activation,2022-03,2022-03,2022-03,2022-08,46,46,deep,6
丰台区,76,0,pre_existing_contact,2019-09,,,,76,76,deep,6
大兴区,76,0,pre_existing_contact,2019-09,,,,76,76,deep,6
密云区,76,0,new_persistent_activation,2021-10,2021-10,2024-09,2025-02,16,16,deep,6
平谷区,76,0,other_observed_contact,2024-09,2024-09,,,5,5,deep,6
延庆区,76,0,pre_existing_contact,2019-09,,,,76,76,deep,6
怀柔区,76,0,new_persistent_activation,2020-08,2020-08,2020-12,2021-05,61,61,deep,6
房山区,76,0,pre_existing_contact,2019-09,,,,76,76,deep,6
昌平区,76,0,new_persistent_activation,2022-10,2022-10,2022-10,2023-03,29,29,deep,6
朝阳区,76,0,new_persistent_activation,2025-01,2025-01,2025-01,2025-06,12,12,deep,6
海淀区,76,0,new_persistent_activation,2021-10,2021-10,2021-10,2022-03,51,51,deep,6
石景山区,76,0,new_persistent_activation,2023-10,2023-10,2024-05,2024-10,20,20,deep,6
西城区,65,0,new_persistent_activation,2021-03,2021-03,2021-03,2021-08,58,58,deep,6
通州区,75,1,pre_existing_contact,2019-09,,,,53,53,deep,6
门头沟区,76,0,new_persistent_activation,2023-09,2023-09,2024-05,2024-10,20,20,deep,6
顺义区,76,0,other_observed_contact,2024-10,2024-10,,,5,5,deep,6
东城区,65,0,new_persistent_activation,2022-03,2022-03,2022-03,2022-11,46,46,deep,9
丰台区,76,0,pre_existing_contact,2019-09,,,,76,76,deep,9
大兴区,76,0,pre_existing_contact,2019-09,,,,76,76,deep,9
密云区,76,0,new_persistent_activation,2021-10,2021-10,2024-09,2025-05,16,16,deep,9
平谷区,76,0,other_observed_contact,2024-09,2024-09,,,5,5,deep,9
延庆区,76,0,pre_existing_contact,2019-09,,,,76,76,deep,9
怀柔区,76,0,new_persistent_activation,2020-08,2020-08,2020-12,2021-08,61,61,deep,9
房山区,76,0,pre_existing_contact,2019-09,,,,76,76,deep,9
昌平区,76,0,new_persistent_activation,2022-10,2022-10,2022-10,2023-06,29,29,deep,9
朝阳区,76,0,new_persistent_activation,2025-01,2025-01,2025-01,2025-09,12,12,deep,9
海淀区,76,0,new_persistent_activation,2021-10,2021-10,2021-10,2022-06,51,51,deep,9
石景山区,76,0,new_persistent_activation,2023-10,2023-10,2024-05,2025-01,20,20,deep,9
西城区,65,0,new_persistent_activation,2021-03,2021-03,2021-03,2021-11,58,58,deep,9
通州区,75,1,pre_existing_contact,2019-09,,,,53,53,deep,9
门头沟区,76,0,new_persistent_activation,2023-09,2023-09,2024-05,2025-01,20,20,deep,9
顺义区,76,0,other_observed_contact,2024-10,2024-10,,,5,5,deep,9
东城区,65,0,new_persistent_activation,2022-03,2022-03,2022-03,2023-02,46,46,deep,12
丰台区,76,0,pre_existing_contact,2019-09,,,,76,76,deep,12
大兴区,76,0,pre_existing_contact,2019-09,,,,76,76,deep,12
密云区,76,0,new_persistent_activation,2021-10,2021-10,2024-09,2025-08,16,16,deep,12
平谷区,76,0,other_observed_contact,2024-09,2024-09,,,5,5,deep,12
延庆区,76,0,pre_existing_contact,2019-09,,,,76,76,deep,12
怀柔区,76,0,new_persistent_activation,2020-08,2020-08,2020-12,2021-11,61,61,deep,12
房山区,76,0,pre_existing_contact,2019-09,,,,76,76,deep,12
昌平区,76,0,new_persistent_activation,2022-10,2022-10,2023-08,2024-07,29,29,deep,12
朝阳区,76,0,new_persistent_activation,2025-01,2025-01,2025-01,2025-12,12,12,deep,12
海淀区,76,0,new_persistent_activation,2021-10,2021-10,2021-10,2022-09,51,51,deep,12
石景山区,76,0,new_persistent_activation,2023-10,2023-10,2024-05,2025-04,20,20,deep,12
西城区,65,0,new_persistent_activation,2021-03,2021-03,2021-03,2022-02,58,58,deep,12
通州区,75,1,pre_existing_contact,2019-09,,,,53,53,deep,12
门头沟区,76,0,new_persistent_activation,2023-09,2023-09,2024-05,2025-04,20,20,deep,12
顺义区,76,0,other_observed_contact,2024-10,2024-10,,,5,5,deep,12
东城区,65,0,new_persistent_activation,2023-08,2023-08,2023-08,2023-10,29,29,E1_m03_extend,3
丰台区,76,0,new_persistent_activation,2021-08,2021-08,2021-08,2021-10,53,53,E1_m03_extend,3
大兴区,76,0,new_persistent_activation,2019-11,2019-11,2019-11,2020-01,54,54,E1_m03_extend,3
密云区,76,0,new_persistent_activation,2025-08,2025-08,2025-08,2025-10,5,5,E1_m03_extend,3
平谷区,76,0,transient_only_contact,2025-09,2025-09,,,0,2,E1_m03_extend,3
延庆区,76,0,pre_existing_contact,2019-09,,,,76,76,E1_m03_extend,3
怀柔区,76,0,new_persistent_activation,2021-07,2021-07,2021-07,2021-09,54,54,E1_m03_extend,3
房山区,76,0,pre_existing_contact,2019-09,,,,76,76,E1_m03_extend,3
昌平区,76,0,new_persistent_activation,2024-01,2024-01,2024-01,2024-03,24,24,E1_m03_extend,3
朝阳区,76,0,no_observed_contact,,,,,0,0,E1_m03_extend,3
海淀区,76,0,new_persistent_activation,2022-10,2022-10,2022-10,2022-12,29,29,E1_m03_extend,3
石景山区,76,0,new_persistent_activation,2024-09,2024-09,2024-09,2024-11,9,9,E1_m03_extend,3
西城区,65,0,new_persistent_activation,2022-10,2022-10,2022-10,2022-12,39,39,E1_m03_extend,3
通州区,75,1,pre_existing_contact,2019-09,,,,53,53,E1_m03_extend,3
门头沟区,76,0,new_persistent_activation,2024-09,2024-09,2024-09,2024-11,16,16,E1_m03_extend,3
顺义区,76,0,no_observed_contact,,,,,0,0,E1_m03_extend,3
东城区,65,0,new_persistent_activation,2023-08,2023-08,2023-08,2024-01,29,29,E1_m03_extend,6
丰台区,76,0,new_persistent_activation,2021-08,2021-08,2021-08,2022-01,53,53,E1_m03_extend,6
大兴区,76,0,new_persistent_activation,2019-11,2019-11,2019-11,2020-04,54,54,E1_m03_extend,6
密云区,76,0,other_observed_contact,2025-08,2025-08,,,5,5,E1_m03_extend,6
平谷区,76,0,transient_only_contact,2025-09,2025-09,,,0,2,E1_m03_extend,6
延庆区,76,0,pre_existing_contact,2019-09,,,,76,76,E1_m03_extend,6
怀柔区,76,0,new_persistent_activation,2021-07,2021-07,2021-07,2021-12,54,54,E1_m03_extend,6
房山区,76,0,pre_existing_contact,2019-09,,,,76,76,E1_m03_extend,6
昌平区,76,0,new_persistent_activation,2024-01,2024-01,2024-01,2024-06,24,24,E1_m03_extend,6
朝阳区,76,0,no_observed_contact,,,,,0,0,E1_m03_extend,6
海淀区,76,0,new_persistent_activation,2022-10,2022-10,2022-10,2023-03,29,29,E1_m03_extend,6
石景山区,76,0,new_persistent_activation,2024-09,2024-09,2025-04,2025-09,9,9,E1_m03_extend,6
西城区,65,0,new_persistent_activation,2022-10,2022-10,2022-10,2023-03,39,39,E1_m03_extend,6
通州区,75,1,pre_existing_contact,2019-09,,,,53,53,E1_m03_extend,6
门头沟区,76,0,new_persistent_activation,2024-09,2024-09,2024-09,2025-02,16,16,E1_m03_extend,6
顺义区,76,0,no_observed_contact,,,,,0,0,E1_m03_extend,6
东城区,65,0,new_persistent_activation,2023-08,2023-08,2023-08,2024-04,29,29,E1_m03_extend,9
丰台区,76,0,new_persistent_activation,2021-08,2021-08,2021-08,2022-04,53,53,E1_m03_extend,9
大兴区,76,0,new_persistent_activation,2019-11,2019-11,2020-08,2021-04,54,54,E1_m03_extend,9
密云区,76,0,other_observed_contact,2025-08,2025-08,,,5,5,E1_m03_extend,9
平谷区,76,0,transient_only_contact,2025-09,2025-09,,,0,2,E1_m03_extend,9
延庆区,76,0,pre_existing_contact,2019-09,,,,76,76,E1_m03_extend,9
怀柔区,76,0,new_persistent_activation,2021-07,2021-07,2021-07,2022-03,54,54,E1_m03_extend,9
房山区,76,0,pre_existing_contact,2019-09,,,,76,76,E1_m03_extend,9
昌平区,76,0,new_persistent_activation,2024-01,2024-01,2024-01,2024-09,24,24,E1_m03_extend,9
朝阳区,76,0,no_observed_contact,,,,,0,0,E1_m03_extend,9
海淀区,76,0,new_persistent_activation,2022-10,2022-10,2023-08,2024-04,29,29,E1_m03_extend,9
石景山区,76,0,new_persistent_activation,2024-09,2024-09,2025-04,2025-12,9,9,E1_m03_extend,9
西城区,65,0,new_persistent_activation,2022-10,2022-10,2022-10,2023-06,39,39,E1_m03_extend,9
通州区,75,1,pre_existing_contact,2019-09,,,,53,53,E1_m03_extend,9
门头沟区,76,0,new_persistent_activation,2024-09,2024-09,2024-09,2025-05,16,16,E1_m03_extend,9
顺义区,76,0,no_observed_contact,,,,,0,0,E1_m03_extend,9
东城区,65,0,new_persistent_activation,2023-08,2023-08,2023-08,2024-07,29,29,E1_m03_extend,12
丰台区,76,0,new_persistent_activation,2021-08,2021-08,2021-08,2022-07,53,53,E1_m03_extend,12
大兴区,76,0,new_persistent_activation,2019-11,2019-11,2021-07,2022-06,54,54,E1_m03_extend,12
密云区,76,0,other_observed_contact,2025-08,2025-08,,,5,5,E1_m03_extend,12
平谷区,76,0,transient_only_contact,2025-09,2025-09,,,0,2,E1_m03_extend,12
延庆区,76,0,pre_existing_contact,2019-09,,,,76,76,E1_m03_extend,12
怀柔区,76,0,new_persistent_activation,2021-07,2021-07,2021-07,2022-06,54,54,E1_m03_extend,12
房山区,76,0,pre_existing_contact,2019-09,,,,76,76,E1_m03_extend,12
昌平区,76,0,new_persistent_activation,2024-01,2024-01,2024-01,2024-12,24,24,E1_m03_extend,12
朝阳区,76,0,no_observed_contact,,,,,0,0,E1_m03_extend,12
海淀区,76,0,new_persistent_activation,2022-10,2022-10,2023-08,2024-07,29,29,E1_m03_extend,12
石景山区,76,0,other_observed_contact,2024-09,2024-09,,,9,9,E1_m03_extend,12
西城区,65,0,new_persistent_activation,2022-10,2022-10,2022-10,2023-09,39,39,E1_m03_extend,12
通州区,75,1,pre_existing_contact,2019-09,,,,53,53,E1_m03_extend,12
门头沟区,76,0,new_persistent_activation,2024-09,2024-09,2024-09,2025-08,16,16,E1_m03_extend,12
顺义区,76,0,no_observed_contact,,,,,0,0,E1_m03_extend,12
东城区,65,0,new_persistent_activation,2024-03,2024-03,2024-03,2024-05,18,18,E1_m03_central_tail,3
丰台区,76,0,new_persistent_activation,2021-10,2021-10,2021-10,2021-12,51,51,E1_m03_central_tail,3
大兴区,76,0,new_persistent_activation,2020-02,2020-02,2020-12,2021-02,42,42,E1_m03_central_tail,3
密云区,76,0,new_persistent_activation,2025-08,2025-08,2025-08,2025-10,5,5,E1_m03_central_tail,3
平谷区,76,0,transient_only_contact,2025-09,2025-09,,,0,2,E1_m03_central_tail,3
延庆区,76,0,pre_existing_contact,2019-09,,,,76,76,E1_m03_central_tail,3
怀柔区,76,0,new_persistent_activation,2021-07,2021-07,2021-07,2021-09,54,54,E1_m03_central_tail,3
房山区,76,0,pre_existing_contact,2019-09,,,,76,76,E1_m03_central_tail,3
昌平区,76,0,new_persistent_activation,2024-03,2024-03,2024-08,2024-10,17,17,E1_m03_central_tail,3
朝阳区,76,0,no_observed_contact,,,,,0,0,E1_m03_central_tail,3
海淀区,76,0,new_persistent_activation,2023-01,2023-01,2023-01,2023-03,29,29,E1_m03_central_tail,3
石景山区,76,0,new_persistent_activation,2025-05,2025-05,2025-05,2025-07,8,8,E1_m03_central_tail,3
西城区,65,0,new_persistent_activation,2023-01,2023-01,2023-01,2023-03,36,36,E1_m03_central_tail,3
通州区,75,1,pre_existing_contact,2019-09,,,,53,53,E1_m03_central_tail,3
门头沟区,76,0,new_persistent_activation,2024-09,2024-09,2024-09,2024-11,10,10,E1_m03_central_tail,3
顺义区,76,0,no_observed_contact,,,,,0,0,E1_m03_central_tail,3
东城区,65,0,new_persistent_activation,2024-03,2024-03,2024-07,2024-12,18,18,E1_m03_central_tail,6
丰台区,76,0,new_persistent_activation,2021-10,2021-10,2021-10,2022-03,51,51,E1_m03_central_tail,6
大兴区,76,0,new_persistent_activation,2020-02,2020-02,2021-07,2021-12,42,42,E1_m03_central_tail,6
密云区,76,0,other_observed_contact,2025-08,2025-08,,,5,5,E1_m03_central_tail,6
平谷区,76,0,transient_only_contact,2025-09,2025-09,,,0,2,E1_m03_central_tail,6
延庆区,76,0,pre_existing_contact,2019-09,,,,76,76,E1_m03_central_tail,6
怀柔区,76,0,new_persistent_activation,2021-07,2021-07,2021-07,2021-12,54,54,E1_m03_central_tail,6
房山区,76,0,pre_existing_contact,2019-09,,,,76,76,E1_m03_central_tail,6
昌平区,76,0,new_persistent_activation,2024-03,2024-03,2024-08,2025-01,17,17,E1_m03_central_tail,6
朝阳区,76,0,no_observed_contact,,,,,0,0,E1_m03_central_tail,6
海淀区,76,0,new_persistent_activation,2023-01,2023-01,2023-08,2024-01,29,29,E1_m03_central_tail,6
石景山区,76,0,new_persistent_activation,2025-05,2025-05,2025-05,2025-10,8,8,E1_m03_central_tail,6
西城区,65,0,new_persistent_activation,2023-01,2023-01,2023-01,2023-06,36,36,E1_m03_central_tail,6
通州区,75,1,pre_existing_contact,2019-09,,,,53,53,E1_m03_central_tail,6
门头沟区,76,0,new_persistent_activation,2024-09,2024-09,2025-03,2025-08,10,10,E1_m03_central_tail,6
顺义区,76,0,no_observed_contact,,,,,0,0,E1_m03_central_tail,6
东城区,65,0,new_persistent_activation,2024-03,2024-03,2024-07,2025-03,18,18,E1_m03_central_tail,9
丰台区,76,0,new_persistent_activation,2021-10,2021-10,2021-10,2022-06,51,51,E1_m03_central_tail,9
大兴区,76,0,new_persistent_activation,2020-02,2020-02,2021-07,2022-03,42,42,E1_m03_central_tail,9
密云区,76,0,other_observed_contact,2025-08,2025-08,,,5,5,E1_m03_central_tail,9
平谷区,76,0,transient_only_contact,2025-09,2025-09,,,0,2,E1_m03_central_tail,9
延庆区,76,0,pre_existing_contact,2019-09,,,,76,76,E1_m03_central_tail,9
怀柔区,76,0,new_persistent_activation,2021-07,2021-07,2021-07,2022-03,54,54,E1_m03_central_tail,9
房山区,76,0,pre_existing_contact,2019-09,,,,76,76,E1_m03_central_tail,9
昌平区,76,0,new_persistent_activation,2024-03,2024-03,2024-08,2025-04,17,17,E1_m03_central_tail,9
朝阳区,76,0,no_observed_contact,,,,,0,0,E1_m03_central_tail,9
海淀区,76,0,new_persistent_activation,2023-01,2023-01,2023-08,2024-04,29,29,E1_m03_central_tail,9
石景山区,76,0,other_observed_contact,2025-05,2025-05,,,8,8,E1_m03_central_tail,9
西城区,65,0,new_persistent_activation,2023-01,2023-01,2023-01,2023-09,36,36,E1_m03_central_tail,9
通州区,75,1,pre_existing_contact,2019-09,,,,53,53,E1_m03_central_tail,9
门头沟区,76,0,new_persistent_activation,2024-09,2024-09,2025-03,2025-11,10,10,E1_m03_central_tail,9
顺义区,76,0,no_observed_contact,,,,,0,0,E1_m03_central_tail,9
东城区,65,0,new_persistent_activation,2024-03,2024-03,2024-07,2025-06,18,18,E1_m03_central_tail,12
丰台区,76,0,new_persistent_activation,2021-10,2021-10,2021-10,2022-09,51,51,E1_m03_central_tail,12
大兴区,76,0,new_persistent_activation,2020-02,2020-02,2022-07,2023-06,42,42,E1_m03_central_tail,12
密云区,76,0,other_observed_contact,2025-08,2025-08,,,5,5,E1_m03_central_tail,12
平谷区,76,0,transient_only_contact,2025-09,2025-09,,,0,2,E1_m03_central_tail,12
延庆区,76,0,pre_existing_contact,2019-09,,,,76,76,E1_m03_central_tail,12
怀柔区,76,0,new_persistent_activation,2021-07,2021-07,2021-07,2022-06,54,54,E1_m03_central_tail,12
房山区,76,0,pre_existing_contact,2019-09,,,,76,76,E1_m03_central_tail,12
昌平区,76,0,new_persistent_activation,2024-03,2024-03,2024-08,2025-07,17,17,E1_m03_central_tail,12
朝阳区,76,0,no_observed_contact,,,,,0,0,E1_m03_central_tail,12
海淀区,76,0,new_persistent_activation,2023-01,2023-01,2023-08,2024-07,29,29,E1_m03_central_tail,12
石景山区,76,0,other_observed_contact,2025-05,2025-05,,,8,8,E1_m03_central_tail,12
西城区,65,0,new_persistent_activation,2023-01,2023-01,2023-01,2023-12,36,36,E1_m03_central_tail,12
通州区,75,1,pre_existing_contact,2019-09,,,,53,53,E1_m03_central_tail,12
门头沟区,76,0,other_observed_contact,2024-09,2024-09,,,10,10,E1_m03_central_tail,12
顺义区,76,0,no_observed_contact,,,,,0,0,E1_m03_central_tail,12
东城区,65,0,new_persistent_activation,2023-09,2023-09,2023-09,2023-11,28,28,E1_zero_extend,3
丰台区,76,0,new_persistent_activation,2021-08,2021-08,2021-08,2021-10,53,53,E1_zero_extend,3
大兴区,76,0,new_persistent_activation,2020-01,2020-01,2020-01,2020-03,54,54,E1_zero_extend,3
密云区,76,0,new_persistent_activation,2025-08,2025-08,2025-08,2025-10,5,5,E1_zero_extend,3
平谷区,76,0,transient_only_contact,2025-09,2025-09,,,0,2,E1_zero_extend,3
延庆区,76,0,pre_existing_contact,2019-09,,,,76,76,E1_zero_extend,3
怀柔区,76,0,new_persistent_activation,2021-07,2021-07,2021-07,2021-09,54,54,E1_zero_extend,3
房山区,76,0,pre_existing_contact,2019-09,,,,76,76,E1_zero_extend,3
昌平区,76,0,new_persistent_activation,2024-01,2024-01,2024-01,2024-03,18,18,E1_zero_extend,3
朝阳区,76,0,no_observed_contact,,,,,0,0,E1_zero_extend,3
海淀区,76,0,new_persistent_activation,2022-11,2022-11,2022-11,2023-01,29,29,E1_zero_extend,3
石景山区,76,0,new_persistent_activation,2024-10,2024-10,2025-05,2025-07,8,8,E1_zero_extend,3
西城区,65,0,new_persistent_activation,2022-11,2022-11,2022-11,2023-01,38,38,E1_zero_extend,3
通州区,75,1,pre_existing_contact,2019-09,,,,53,53,E1_zero_extend,3
门头沟区,76,0,new_persistent_activation,2024-09,2024-09,2024-09,2024-11,16,16,E1_zero_extend,3
顺义区,76,0,no_observed_contact,,,,,0,0,E1_zero_extend,3
东城区,65,0,new_persistent_activation,2023-09,2023-09,2023-09,2024-02,28,28,E1_zero_extend,6
丰台区,76,0,new_persistent_activation,2021-08,2021-08,2021-08,2022-01,53,53,E1_zero_extend,6
大兴区,76,0,new_persistent_activation,2020-01,2020-01,2020-08,2021-01,54,54,E1_zero_extend,6
密云区,76,0,other_observed_contact,2025-08,2025-08,,,5,5,E1_zero_extend,6
平谷区,76,0,transient_only_contact,2025-09,2025-09,,,0,2,E1_zero_extend,6
延庆区,76,0,pre_existing_contact,2019-09,,,,76,76,E1_zero_extend,6
怀柔区,76,0,new_persistent_activation,2021-07,2021-07,2021-07,2021-12,54,54,E1_zero_extend,6
房山区,76,0,pre_existing_contact,2019-09,,,,76,76,E1_zero_extend,6
昌平区,76,0,new_persistent_activation,2024-01,2024-01,2024-07,2024-12,18,18,E1_zero_extend,6
朝阳区,76,0,no_observed_contact,,,,,0,0,E1_zero_extend,6
海淀区,76,0,new_persistent_activation,2022-11,2022-11,2022-11,2023-04,29,29,E1_zero_extend,6
石景山区,76,0,new_persistent_activation,2024-10,2024-10,2025-05,2025-10,8,8,E1_zero_extend,6
西城区,65,0,new_persistent_activation,2022-11,2022-11,2022-11,2023-04,38,38,E1_zero_extend,6
通州区,75,1,pre_existing_contact,2019-09,,,,53,53,E1_zero_extend,6
门头沟区,76,0,new_persistent_activation,2024-09,2024-09,2024-09,2025-02,16,16,E1_zero_extend,6
顺义区,76,0,no_observed_contact,,,,,0,0,E1_zero_extend,6
东城区,65,0,new_persistent_activation,2023-09,2023-09,2023-09,2024-05,28,28,E1_zero_extend,9
丰台区,76,0,new_persistent_activation,2021-08,2021-08,2021-08,2022-04,53,53,E1_zero_extend,9
大兴区,76,0,new_persistent_activation,2020-01,2020-01,2020-08,2021-04,54,54,E1_zero_extend,9
密云区,76,0,other_observed_contact,2025-08,2025-08,,,5,5,E1_zero_extend,9
平谷区,76,0,transient_only_contact,2025-09,2025-09,,,0,2,E1_zero_extend,9
延庆区,76,0,pre_existing_contact,2019-09,,,,76,76,E1_zero_extend,9
怀柔区,76,0,new_persistent_activation,2021-07,2021-07,2021-07,2022-03,54,54,E1_zero_extend,9
房山区,76,0,pre_existing_contact,2019-09,,,,76,76,E1_zero_extend,9
昌平区,76,0,new_persistent_activation,2024-01,2024-01,2024-07,2025-03,18,18,E1_zero_extend,9
朝阳区,76,0,no_observed_contact,,,,,0,0,E1_zero_extend,9
海淀区,76,0,new_persistent_activation,2022-11,2022-11,2023-08,2024-04,29,29,E1_zero_extend,9
石景山区,76,0,other_observed_contact,2024-10,2024-10,,,8,8,E1_zero_extend,9
西城区,65,0,new_persistent_activation,2022-11,2022-11,2022-11,2023-07,38,38,E1_zero_extend,9
通州区,75,1,pre_existing_contact,2019-09,,,,53,53,E1_zero_extend,9
门头沟区,76,0,new_persistent_activation,2024-09,2024-09,2024-09,2025-05,16,16,E1_zero_extend,9
顺义区,76,0,no_observed_contact,,,,,0,0,E1_zero_extend,9
东城区,65,0,new_persistent_activation,2023-09,2023-09,2023-09,2024-08,28,28,E1_zero_extend,12
丰台区,76,0,new_persistent_activation,2021-08,2021-08,2021-08,2022-07,53,53,E1_zero_extend,12
大兴区,76,0,new_persistent_activation,2020-01,2020-01,2021-07,2022-06,54,54,E1_zero_extend,12
密云区,76,0,other_observed_contact,2025-08,2025-08,,,5,5,E1_zero_extend,12
平谷区,76,0,transient_only_contact,2025-09,2025-09,,,0,2,E1_zero_extend,12
延庆区,76,0,pre_existing_contact,2019-09,,,,76,76,E1_zero_extend,12
怀柔区,76,0,new_persistent_activation,2021-07,2021-07,2021-07,2022-06,54,54,E1_zero_extend,12
房山区,76,0,pre_existing_contact,2019-09,,,,76,76,E1_zero_extend,12
昌平区,76,0,new_persistent_activation,2024-01,2024-01,2024-07,2025-06,18,18,E1_zero_extend,12
朝阳区,76,0,no_observed_contact,,,,,0,0,E1_zero_extend,12
海淀区,76,0,new_persistent_activation,2022-11,2022-11,2023-08,2024-07,29,29,E1_zero_extend,12
石景山区,76,0,other_observed_contact,2024-10,2024-10,,,8,8,E1_zero_extend,12
西城区,65,0,new_persistent_activation,2022-11,2022-11,2022-11,2023-10,38,38,E1_zero_extend,12
通州区,75,1,pre_existing_contact,2019-09,,,,53,53,E1_zero_extend,12
门头沟区,76,0,new_persistent_activation,2024-09,2024-09,2024-09,2025-08,16,16,E1_zero_extend,12
顺义区,76,0,no_observed_contact,,,,,0,0,E1_zero_extend,12
东城区,65,0,new_persistent_activation,2024-03,2024-03,2024-03,2024-05,18,18,E1_zero_central_tail,3
丰台区,76,0,new_persistent_activation,2021-10,2021-10,2021-10,2021-12,51,51,E1_zero_central_tail,3
大兴区,76,0,new_persistent_activation,2020-02,2020-02,2020-12,2021-02,42,42,E1_zero_central_tail,3
密云区,76,0,new_persistent_activation,2025-08,2025-08,2025-08,2025-10,5,5,E1_zero_central_tail,3
平谷区,76,0,transient_only_contact,2025-09,2025-09,,,0,2,E1_zero_central_tail,3
延庆区,76,0,pre_existing_contact,2019-09,,,,76,76,E1_zero_central_tail,3
怀柔区,76,0,new_persistent_activation,2021-07,2021-07,2021-07,2021-09,54,54,E1_zero_central_tail,3
房山区,76,0,pre_existing_contact,2019-09,,,,76,76,E1_zero_central_tail,3
昌平区,76,0,new_persistent_activation,2024-03,2024-03,2024-08,2024-10,17,17,E1_zero_central_tail,3
朝阳区,76,0,no_observed_contact,,,,,0,0,E1_zero_central_tail,3
海淀区,76,0,new_persistent_activation,2023-01,2023-01,2023-01,2023-03,29,29,E1_zero_central_tail,3
石景山区,76,0,new_persistent_activation,2025-05,2025-05,2025-05,2025-07,8,8,E1_zero_central_tail,3
西城区,65,0,new_persistent_activation,2023-01,2023-01,2023-01,2023-03,36,36,E1_zero_central_tail,3
通州区,75,1,pre_existing_contact,2019-09,,,,53,53,E1_zero_central_tail,3
门头沟区,76,0,new_persistent_activation,2024-09,2024-09,2024-09,2024-11,10,10,E1_zero_central_tail,3
顺义区,76,0,no_observed_contact,,,,,0,0,E1_zero_central_tail,3
东城区,65,0,new_persistent_activation,2024-03,2024-03,2024-07,2024-12,18,18,E1_zero_central_tail,6
丰台区,76,0,new_persistent_activation,2021-10,2021-10,2021-10,2022-03,51,51,E1_zero_central_tail,6
大兴区,76,0,new_persistent_activation,2020-02,2020-02,2021-07,2021-12,42,42,E1_zero_central_tail,6
密云区,76,0,other_observed_contact,2025-08,2025-08,,,5,5,E1_zero_central_tail,6
平谷区,76,0,transient_only_contact,2025-09,2025-09,,,0,2,E1_zero_central_tail,6
延庆区,76,0,pre_existing_contact,2019-09,,,,76,76,E1_zero_central_tail,6
怀柔区,76,0,new_persistent_activation,2021-07,2021-07,2021-07,2021-12,54,54,E1_zero_central_tail,6
房山区,76,0,pre_existing_contact,2019-09,,,,76,76,E1_zero_central_tail,6
昌平区,76,0,new_persistent_activation,2024-03,2024-03,2024-08,2025-01,17,17,E1_zero_central_tail,6
朝阳区,76,0,no_observed_contact,,,,,0,0,E1_zero_central_tail,6
海淀区,76,0,new_persistent_activation,2023-01,2023-01,2023-08,2024-01,29,29,E1_zero_central_tail,6
石景山区,76,0,new_persistent_activation,2025-05,2025-05,2025-05,2025-10,8,8,E1_zero_central_tail,6
西城区,65,0,new_persistent_activation,2023-01,2023-01,2023-01,2023-06,36,36,E1_zero_central_tail,6
通州区,75,1,pre_existing_contact,2019-09,,,,53,53,E1_zero_central_tail,6
门头沟区,76,0,new_persistent_activation,2024-09,2024-09,2025-03,2025-08,10,10,E1_zero_central_tail,6
顺义区,76,0,no_observed_contact,,,,,0,0,E1_zero_central_tail,6
东城区,65,0,new_persistent_activation,2024-03,2024-03,2024-07,2025-03,18,18,E1_zero_central_tail,9
丰台区,76,0,new_persistent_activation,2021-10,2021-10,2021-10,2022-06,51,51,E1_zero_central_tail,9
大兴区,76,0,new_persistent_activation,2020-02,2020-02,2021-07,2022-03,42,42,E1_zero_central_tail,9
密云区,76,0,other_observed_contact,2025-08,2025-08,,,5,5,E1_zero_central_tail,9
平谷区,76,0,transient_only_contact,2025-09,2025-09,,,0,2,E1_zero_central_tail,9
延庆区,76,0,pre_existing_contact,2019-09,,,,76,76,E1_zero_central_tail,9
怀柔区,76,0,new_persistent_activation,2021-07,2021-07,2021-07,2022-03,54,54,E1_zero_central_tail,9
房山区,76,0,pre_existing_contact,2019-09,,,,76,76,E1_zero_central_tail,9
昌平区,76,0,new_persistent_activation,2024-03,2024-03,2024-08,2025-04,17,17,E1_zero_central_tail,9
朝阳区,76,0,no_observed_contact,,,,,0,0,E1_zero_central_tail,9
海淀区,76,0,new_persistent_activation,2023-01,2023-01,2023-08,2024-04,29,29,E1_zero_central_tail,9
石景山区,76,0,other_observed_contact,2025-05,2025-05,,,8,8,E1_zero_central_tail,9
西城区,65,0,new_persistent_activation,2023-01,2023-01,2023-01,2023-09,36,36,E1_zero_central_tail,9
通州区,75,1,pre_existing_contact,2019-09,,,,53,53,E1_zero_central_tail,9
门头沟区,76,0,new_persistent_activation,2024-09,2024-09,2025-03,2025-11,10,10,E1_zero_central_tail,9
顺义区,76,0,no_observed_contact,,,,,0,0,E1_zero_central_tail,9
东城区,65,0,new_persistent_activation,2024-03,2024-03,2024-07,2025-06,18,18,E1_zero_central_tail,12
丰台区,76,0,new_persistent_activation,2021-10,2021-10,2021-10,2022-09,51,51,E1_zero_central_tail,12
大兴区,76,0,new_persistent_activation,2020-02,2020-02,2022-07,2023-06,42,42,E1_zero_central_tail,12
密云区,76,0,other_observed_contact,2025-08,2025-08,,,5,5,E1_zero_central_tail,12
平谷区,76,0,transient_only_contact,2025-09,2025-09,,,0,2,E1_zero_central_tail,12
延庆区,76,0,pre_existing_contact,2019-09,,,,76,76,E1_zero_central_tail,12
怀柔区,76,0,new_persistent_activation,2021-07,2021-07,2021-07,2022-06,54,54,E1_zero_central_tail,12
房山区,76,0,pre_existing_contact,2019-09,,,,76,76,E1_zero_central_tail,12
昌平区,76,0,new_persistent_activation,2024-03,2024-03,2024-08,2025-07,17,17,E1_zero_central_tail,12
朝阳区,76,0,no_observed_contact,,,,,0,0,E1_zero_central_tail,12
海淀区,76,0,new_persistent_activation,2023-01,2023-01,2023-08,2024-07,29,29,E1_zero_central_tail,12
石景山区,76,0,other_observed_contact,2025-05,2025-05,,,8,8,E1_zero_central_tail,12
西城区,65,0,new_persistent_activation,2023-01,2023-01,2023-01,2023-12,36,36,E1_zero_central_tail,12
通州区,75,1,pre_existing_contact,2019-09,,,,53,53,E1_zero_central_tail,12
门头沟区,76,0,other_observed_contact,2024-09,2024-09,,,10,10,E1_zero_central_tail,12
顺义区,76,0,no_observed_contact,,,,,0,0,E1_zero_central_tail,12
东城区,65,0,new_persistent_activation,2023-10,2023-10,2023-10,2023-12,27,27,E1_p03_extend,3
丰台区,76,0,new_persistent_activation,2021-09,2021-09,2021-09,2021-11,52,52,E1_p03_extend,3
大兴区,76,0,new_persistent_activation,2020-01,2020-01,2020-01,2020-03,54,54,E1_p03_extend,3
密云区,76,0,other_observed_contact,2025-08,2025-08,2025-08,2025-10,0,4,E1_p03_extend,3
平谷区,76,0,transient_only_contact,2025-09,2025-09,,,0,2,E1_p03_extend,3
延庆区,76,0,pre_existing_contact,2019-09,,,,76,76,E1_p03_extend,3
怀柔区,76,0,new_persistent_activation,2021-07,2021-07,2021-07,2021-09,54,54,E1_p03_extend,3
房山区,76,0,pre_existing_contact,2019-09,,,,76,76,E1_p03_extend,3
昌平区,76,0,new_persistent_activation,2024-02,2024-02,2024-02,2024-04,17,17,E1_p03_extend,3
朝阳区,76,0,no_observed_contact,,,,,0,0,E1_p03_extend,3
海淀区,76,0,new_persistent_activation,2022-12,2022-12,2022-12,2023-02,29,29,E1_p03_extend,3
石景山区,76,0,new_persistent_activation,2025-05,2025-05,2025-05,2025-07,8,8,E1_p03_extend,3
西城区,65,0,new_persistent_activation,2022-12,2022-12,2022-12,2023-02,37,37,E1_p03_extend,3
通州区,75,1,pre_existing_contact,2019-09,,,,53,53,E1_p03_extend,3
门头沟区,76,0,new_persistent_activation,2024-09,2024-09,2024-09,2024-11,16,16,E1_p03_extend,3
顺义区,76,0,no_observed_contact,,,,,0,0,E1_p03_extend,3
东城区,65,0,new_persistent_activation,2023-10,2023-10,2023-10,2024-03,27,27,E1_p03_extend,6
丰台区,76,0,new_persistent_activation,2021-09,2021-09,2021-09,2022-02,52,52,E1_p03_extend,6
大兴区,76,0,new_persistent_activation,2020-01,2020-01,2021-07,2021-12,54,54,E1_p03_extend,6
密云区,76,0,transient_only_contact,2025-08,2025-08,,,0,4,E1_p03_extend,6
平谷区,76,0,transient_only_contact,2025-09,2025-09,,,0,2,E1_p03_extend,6
延庆区,76,0,pre_existing_contact,2019-09,,,,76,76,E1_p03_extend,6
怀柔区,76,0,new_persistent_activation,2021-07,2021-07,2021-07,2021-12,54,54,E1_p03_extend,6
房山区,76,0,pre_existing_contact,2019-09,,,,76,76,E1_p03_extend,6
昌平区,76,0,new_persistent_activation,2024-02,2024-02,2024-08,2025-01,17,17,E1_p03_extend,6
朝阳区,76,0,no_observed_contact,,,,,0,0,E1_p03_extend,6
海淀区,76,0,new_persistent_activation,2022-12,2022-12,2022-12,2023-05,29,29,E1_p03_extend,6
石景山区,76,0,new_persistent_activation,2025-05,2025-05,2025-05,2025-10,8,8,E1_p03_extend,6
西城区,65,0,new_persistent_activation,2022-12,2022-12,2022-12,2023-05,37,37,E1_p03_extend,6
通州区,75,1,pre_existing_contact,2019-09,,,,53,53,E1_p03_extend,6
门头沟区,76,0,new_persistent_activation,2024-09,2024-09,2024-09,2025-02,16,16,E1_p03_extend,6
顺义区,76,0,no_observed_contact,,,,,0,0,E1_p03_extend,6
东城区,65,0,new_persistent_activation,2023-10,2023-10,2023-10,2024-06,27,27,E1_p03_extend,9
丰台区,76,0,new_persistent_activation,2021-09,2021-09,2021-09,2022-05,52,52,E1_p03_extend,9
大兴区,76,0,new_persistent_activation,2020-01,2020-01,2021-07,2022-03,54,54,E1_p03_extend,9
密云区,76,0,transient_only_contact,2025-08,2025-08,,,0,4,E1_p03_extend,9
平谷区,76,0,transient_only_contact,2025-09,2025-09,,,0,2,E1_p03_extend,9
延庆区,76,0,pre_existing_contact,2019-09,,,,76,76,E1_p03_extend,9
怀柔区,76,0,new_persistent_activation,2021-07,2021-07,2021-07,2022-03,54,54,E1_p03_extend,9
房山区,76,0,pre_existing_contact,2019-09,,,,76,76,E1_p03_extend,9
昌平区,76,0,new_persistent_activation,2024-02,2024-02,2024-08,2025-04,17,17,E1_p03_extend,9
朝阳区,76,0,no_observed_contact,,,,,0,0,E1_p03_extend,9
海淀区,76,0,new_persistent_activation,2022-12,2022-12,2023-08,2024-04,29,29,E1_p03_extend,9
石景山区,76,0,other_observed_contact,2025-05,2025-05,,,8,8,E1_p03_extend,9
西城区,65,0,new_persistent_activation,2022-12,2022-12,2022-12,2023-08,37,37,E1_p03_extend,9
通州区,75,1,pre_existing_contact,2019-09,,,,53,53,E1_p03_extend,9
门头沟区,76,0,new_persistent_activation,2024-09,2024-09,2024-09,2025-05,16,16,E1_p03_extend,9
顺义区,76,0,no_observed_contact,,,,,0,0,E1_p03_extend,9
东城区,65,0,new_persistent_activation,2023-10,2023-10,2023-10,2024-09,27,27,E1_p03_extend,12
丰台区,76,0,new_persistent_activation,2021-09,2021-09,2021-09,2022-08,52,52,E1_p03_extend,12
大兴区,76,0,new_persistent_activation,2020-01,2020-01,2021-07,2022-06,54,54,E1_p03_extend,12
密云区,76,0,transient_only_contact,2025-08,2025-08,,,0,4,E1_p03_extend,12
平谷区,76,0,transient_only_contact,2025-09,2025-09,,,0,2,E1_p03_extend,12
延庆区,76,0,pre_existing_contact,2019-09,,,,76,76,E1_p03_extend,12
怀柔区,76,0,new_persistent_activation,2021-07,2021-07,2021-07,2022-06,54,54,E1_p03_extend,12
房山区,76,0,pre_existing_contact,2019-09,,,,76,76,E1_p03_extend,12
昌平区,76,0,new_persistent_activation,2024-02,2024-02,2024-08,2025-07,17,17,E1_p03_extend,12
朝阳区,76,0,no_observed_contact,,,,,0,0,E1_p03_extend,12
海淀区,76,0,new_persistent_activation,2022-12,2022-12,2023-08,2024-07,29,29,E1_p03_extend,12
石景山区,76,0,other_observed_contact,2025-05,2025-05,,,8,8,E1_p03_extend,12
西城区,65,0,new_persistent_activation,2022-12,2022-12,2022-12,2023-11,37,37,E1_p03_extend,12
通州区,75,1,pre_existing_contact,2019-09,,,,53,53,E1_p03_extend,12
门头沟区,76,0,new_persistent_activation,2024-09,2024-09,2024-09,2025-08,16,16,E1_p03_extend,12
顺义区,76,0,no_observed_contact,,,,,0,0,E1_p03_extend,12
东城区,65,0,new_persistent_activation,2024-03,2024-03,2024-03,2024-05,18,18,E1_p03_central_tail,3
丰台区,76,0,new_persistent_activation,2021-10,2021-10,2021-10,2021-12,51,51,E1_p03_central_tail,3
大兴区,76,0,new_persistent_activation,2020-02,2020-02,2020-12,2021-02,42,42,E1_p03_central_tail,3
密云区,76,0,other_observed_contact,2025-08,2025-08,2025-08,2025-10,0,4,E1_p03_central_tail,3
平谷区,76,0,transient_only_contact,2025-09,2025-09,,,0,2,E1_p03_central_tail,3
延庆区,76,0,pre_existing_contact,2019-09,,,,76,76,E1_p03_central_tail,3
怀柔区,76,0,new_persistent_activation,2021-07,2021-07,2021-07,2021-09,54,54,E1_p03_central_tail,3
房山区,76,0,pre_existing_contact,2019-09,,,,76,76,E1_p03_central_tail,3
昌平区,76,0,new_persistent_activation,2024-03,2024-03,2024-08,2024-10,17,17,E1_p03_central_tail,3
朝阳区,76,0,no_observed_contact,,,,,0,0,E1_p03_central_tail,3
海淀区,76,0,new_persistent_activation,2023-01,2023-01,2023-01,2023-03,29,29,E1_p03_central_tail,3
石景山区,76,0,new_persistent_activation,2025-05,2025-05,2025-05,2025-07,8,8,E1_p03_central_tail,3
西城区,65,0,new_persistent_activation,2023-01,2023-01,2023-01,2023-03,36,36,E1_p03_central_tail,3
通州区,75,1,pre_existing_contact,2019-09,,,,53,53,E1_p03_central_tail,3
门头沟区,76,0,new_persistent_activation,2024-09,2024-09,2024-09,2024-11,10,10,E1_p03_central_tail,3
顺义区,76,0,no_observed_contact,,,,,0,0,E1_p03_central_tail,3
东城区,65,0,new_persistent_activation,2024-03,2024-03,2024-07,2024-12,18,18,E1_p03_central_tail,6
丰台区,76,0,new_persistent_activation,2021-10,2021-10,2021-10,2022-03,51,51,E1_p03_central_tail,6
大兴区,76,0,new_persistent_activation,2020-02,2020-02,2021-07,2021-12,42,42,E1_p03_central_tail,6
密云区,76,0,transient_only_contact,2025-08,2025-08,,,0,4,E1_p03_central_tail,6
平谷区,76,0,transient_only_contact,2025-09,2025-09,,,0,2,E1_p03_central_tail,6
延庆区,76,0,pre_existing_contact,2019-09,,,,76,76,E1_p03_central_tail,6
怀柔区,76,0,new_persistent_activation,2021-07,2021-07,2021-07,2021-12,54,54,E1_p03_central_tail,6
房山区,76,0,pre_existing_contact,2019-09,,,,76,76,E1_p03_central_tail,6
昌平区,76,0,new_persistent_activation,2024-03,2024-03,2024-08,2025-01,17,17,E1_p03_central_tail,6
朝阳区,76,0,no_observed_contact,,,,,0,0,E1_p03_central_tail,6
海淀区,76,0,new_persistent_activation,2023-01,2023-01,2023-08,2024-01,29,29,E1_p03_central_tail,6
石景山区,76,0,new_persistent_activation,2025-05,2025-05,2025-05,2025-10,8,8,E1_p03_central_tail,6
西城区,65,0,new_persistent_activation,2023-01,2023-01,2023-01,2023-06,36,36,E1_p03_central_tail,6
通州区,75,1,pre_existing_contact,2019-09,,,,53,53,E1_p03_central_tail,6
门头沟区,76,0,new_persistent_activation,2024-09,2024-09,2025-03,2025-08,10,10,E1_p03_central_tail,6
顺义区,76,0,no_observed_contact,,,,,0,0,E1_p03_central_tail,6
东城区,65,0,new_persistent_activation,2024-03,2024-03,2024-07,2025-03,18,18,E1_p03_central_tail,9
丰台区,76,0,new_persistent_activation,2021-10,2021-10,2021-10,2022-06,51,51,E1_p03_central_tail,9
大兴区,76,0,new_persistent_activation,2020-02,2020-02,2021-07,2022-03,42,42,E1_p03_central_tail,9
密云区,76,0,transient_only_contact,2025-08,2025-08,,,0,4,E1_p03_central_tail,9
平谷区,76,0,transient_only_contact,2025-09,2025-09,,,0,2,E1_p03_central_tail,9
延庆区,76,0,pre_existing_contact,2019-09,,,,76,76,E1_p03_central_tail,9
怀柔区,76,0,new_persistent_activation,2021-07,2021-07,2021-07,2022-03,54,54,E1_p03_central_tail,9
房山区,76,0,pre_existing_contact,2019-09,,,,76,76,E1_p03_central_tail,9
昌平区,76,0,new_persistent_activation,2024-03,2024-03,2024-08,2025-04,17,17,E1_p03_central_tail,9
朝阳区,76,0,no_observed_contact,,,,,0,0,E1_p03_central_tail,9
海淀区,76,0,new_persistent_activation,2023-01,2023-01,2023-08,2024-04,29,29,E1_p03_central_tail,9
石景山区,76,0,other_observed_contact,2025-05,2025-05,,,8,8,E1_p03_central_tail,9
西城区,65,0,new_persistent_activation,2023-01,2023-01,2023-01,2023-09,36,36,E1_p03_central_tail,9
通州区,75,1,pre_existing_contact,2019-09,,,,53,53,E1_p03_central_tail,9
门头沟区,76,0,new_persistent_activation,2024-09,2024-09,2025-03,2025-11,10,10,E1_p03_central_tail,9
顺义区,76,0,no_observed_contact,,,,,0,0,E1_p03_central_tail,9
东城区,65,0,new_persistent_activation,2024-03,2024-03,2024-07,2025-06,18,18,E1_p03_central_tail,12
丰台区,76,0,new_persistent_activation,2021-10,2021-10,2021-10,2022-09,51,51,E1_p03_central_tail,12
大兴区,76,0,new_persistent_activation,2020-02,2020-02,2022-07,2023-06,42,42,E1_p03_central_tail,12
密云区,76,0,transient_only_contact,2025-08,2025-08,,,0,4,E1_p03_central_tail,12
平谷区,76,0,transient_only_contact,2025-09,2025-09,,,0,2,E1_p03_central_tail,12
延庆区,76,0,pre_existing_contact,2019-09,,,,76,76,E1_p03_central_tail,12
怀柔区,76,0,new_persistent_activation,2021-07,2021-07,2021-07,2022-06,54,54,E1_p03_central_tail,12
房山区,76,0,pre_existing_contact,2019-09,,,,76,76,E1_p03_central_tail,12
昌平区,76,0,new_persistent_activation,2024-03,2024-03,2024-08,2025-07,17,17,E1_p03_central_tail,12
朝阳区,76,0,no_observed_contact,,,,,0,0,E1_p03_central_tail,12
海淀区,76,0,new_persistent_activation,2023-01,2023-01,2023-08,2024-07,29,29,E1_p03_central_tail,12
石景山区,76,0,other_observed_contact,2025-05,2025-05,,,8,8,E1_p03_central_tail,12
西城区,65,0,new_persistent_activation,2023-01,2023-01,2023-01,2023-12,36,36,E1_p03_central_tail,12
通州区,75,1,pre_existing_contact,2019-09,,,,53,53,E1_p03_central_tail,12
门头沟区,76,0,other_observed_contact,2024-09,2024-09,,,10,10,E1_p03_central_tail,12
顺义区,76,0,no_observed_contact,,,,,0,0,E1_p03_central_tail,12
东城区,65,0,new_persistent_activation,2024-09,2024-09,2024-09,2024-11,16,16,E2_m03_extend,3
丰台区,76,0,new_persistent_activation,2022-02,2022-02,2022-02,2022-04,47,47,E2_m03_extend,3
大兴区,76,0,new_persistent_activation,2021-10,2021-10,2021-10,2021-12,29,29,E2_m03_extend,3
密云区,76,0,no_observed_contact,,,,,0,0,E2_m03_extend,3
平谷区,76,0,no_observed_contact,,,,,0,0,E2_m03_extend,3
延庆区,76,0,pre_existing_contact,2019-09,,,,76,76,E2_m03_extend,3
怀柔区,76,0,new_persistent_activation,2021-10,2021-10,2021-10,2021-12,51,51,E2_m03_extend,3
房山区,76,0,pre_existing_contact,2019-09,,,,76,76,E2_m03_extend,3
昌平区,76,0,new_persistent_activation,2024-09,2024-09,2024-09,2024-11,16,16,E2_m03_extend,3
朝阳区,76,0,no_observed_contact,,,,,0,0,E2_m03_extend,3
海淀区,76,0,new_persistent_activation,2023-09,2023-09,2023-09,2023-11,28,28,E2_m03_extend,3
石景山区,76,0,other_observed_contact,2025-06,2025-06,2025-06,2025-08,0,6,E2_m03_extend,3
西城区,65,0,new_persistent_activation,2023-09,2023-09,2023-09,2023-11,28,28,E2_m03_extend,3
通州区,75,1,pre_existing_contact,2019-09,,,,53,53,E2_m03_extend,3
门头沟区,76,0,new_persistent_activation,2025-04,2025-04,2025-04,2025-06,9,9,E2_m03_extend,3
顺义区,76,0,no_observed_contact,,,,,0,0,E2_m03_extend,3
东城区,65,0,new_persistent_activation,2024-09,2024-09,2024-09,2025-02,16,16,E2_m03_extend,6
丰台区,76,0,new_persistent_activation,2022-02,2022-02,2022-02,2022-07,47,47,E2_m03_extend,6
大兴区,76,0,new_persistent_activation,2021-10,2021-10,2021-10,2022-03,29,29,E2_m03_extend,6
密云区,76,0,no_observed_contact,,,,,0,0,E2_m03_extend,6
平谷区,76,0,no_observed_contact,,,,,0,0,E2_m03_extend,6
延庆区,76,0,pre_existing_contact,2019-09,,,,76,76,E2_m03_extend,6
怀柔区,76,0,new_persistent_activation,2021-10,2021-10,2021-10,2022-03,51,51,E2_m03_extend,6
房山区,76,0,pre_existing_contact,2019-09,,,,76,76,E2_m03_extend,6
昌平区,76,0,new_persistent_activation,2024-09,2024-09,2024-09,2025-02,16,16,E2_m03_extend,6
朝阳区,76,0,no_observed_contact,,,,,0,0,E2_m03_extend,6
海淀区,76,0,new_persistent_activation,2023-09,2023-09,2023-09,2024-02,28,28,E2_m03_extend,6
石景山区,76,0,other_observed_contact,2025-06,2025-06,2025-06,2025-11,0,6,E2_m03_extend,6
西城区,65,0,new_persistent_activation,2023-09,2023-09,2023-09,2024-02,28,28,E2_m03_extend,6
通州区,75,1,pre_existing_contact,2019-09,,,,53,53,E2_m03_extend,6
门头沟区,76,0,new_persistent_activation,2025-04,2025-04,2025-04,2025-09,9,9,E2_m03_extend,6
顺义区,76,0,no_observed_contact,,,,,0,0,E2_m03_extend,6
东城区,65,0,new_persistent_activation,2024-09,2024-09,2024-09,2025-05,16,16,E2_m03_extend,9
丰台区,76,0,new_persistent_activation,2022-02,2022-02,2022-02,2022-10,47,47,E2_m03_extend,9
大兴区,76,0,new_persistent_activation,2021-10,2021-10,2023-08,2024-04,29,29,E2_m03_extend,9
密云区,76,0,no_observed_contact,,,,,0,0,E2_m03_extend,9
平谷区,76,0,no_observed_contact,,,,,0,0,E2_m03_extend,9
延庆区,76,0,pre_existing_contact,2019-09,,,,76,76,E2_m03_extend,9
怀柔区,76,0,new_persistent_activation,2021-10,2021-10,2021-10,2022-06,51,51,E2_m03_extend,9
房山区,76,0,pre_existing_contact,2019-09,,,,76,76,E2_m03_extend,9
昌平区,76,0,new_persistent_activation,2024-09,2024-09,2024-09,2025-05,16,16,E2_m03_extend,9
朝阳区,76,0,no_observed_contact,,,,,0,0,E2_m03_extend,9
海淀区,76,0,new_persistent_activation,2023-09,2023-09,2023-09,2024-05,28,28,E2_m03_extend,9
石景山区,76,0,transient_only_contact,2025-06,2025-06,,,0,6,E2_m03_extend,9
西城区,65,0,new_persistent_activation,2023-09,2023-09,2023-09,2024-05,28,28,E2_m03_extend,9
通州区,75,1,pre_existing_contact,2019-09,,,,53,53,E2_m03_extend,9
门头沟区,76,0,new_persistent_activation,2025-04,2025-04,2025-04,2025-12,9,9,E2_m03_extend,9
顺义区,76,0,no_observed_contact,,,,,0,0,E2_m03_extend,9
东城区,65,0,new_persistent_activation,2024-09,2024-09,2024-09,2025-08,16,16,E2_m03_extend,12
丰台区,76,0,new_persistent_activation,2022-02,2022-02,2022-02,2023-01,47,47,E2_m03_extend,12
大兴区,76,0,new_persistent_activation,2021-10,2021-10,2023-08,2024-07,29,29,E2_m03_extend,12
密云区,76,0,no_observed_contact,,,,,0,0,E2_m03_extend,12
平谷区,76,0,no_observed_contact,,,,,0,0,E2_m03_extend,12
延庆区,76,0,pre_existing_contact,2019-09,,,,76,76,E2_m03_extend,12
怀柔区,76,0,new_persistent_activation,2021-10,2021-10,2021-10,2022-09,51,51,E2_m03_extend,12
房山区,76,0,pre_existing_contact,2019-09,,,,76,76,E2_m03_extend,12
昌平区,76,0,new_persistent_activation,2024-09,2024-09,2024-09,2025-08,16,16,E2_m03_extend,12
朝阳区,76,0,no_observed_contact,,,,,0,0,E2_m03_extend,12
海淀区,76,0,new_persistent_activation,2023-09,2023-09,2023-09,2024-08,28,28,E2_m03_extend,12
石景山区,76,0,transient_only_contact,2025-06,2025-06,,,0,6,E2_m03_extend,12
西城区,65,0,new_persistent_activation,2023-09,2023-09,2023-09,2024-08,28,28,E2_m03_extend,12
通州区,75,1,pre_existing_contact,2019-09,,,,53,53,E2_m03_extend,12
门头沟区,76,0,other_observed_contact,2025-04,2025-04,,,9,9,E2_m03_extend,12
顺义区,76,0,no_observed_contact,,,,,0,0,E2_m03_extend,12
东城区,65,0,new_persistent_activation,2024-03,2024-03,2024-03,2024-05,18,18,E2_m03_central_tail,3
丰台区,76,0,new_persistent_activation,2021-10,2021-10,2021-10,2021-12,51,51,E2_m03_central_tail,3
大兴区,76,0,new_persistent_activation,2020-02,2020-02,2020-12,2021-02,42,42,E2_m03_central_tail,3
密云区,76,0,no_observed_contact,,,,,0,0,E2_m03_central_tail,3
平谷区,76,0,no_observed_contact,,,,,0,0,E2_m03_central_tail,3
延庆区,76,0,pre_existing_contact,2019-09,,,,76,76,E2_m03_central_tail,3
怀柔区,76,0,new_persistent_activation,2021-10,2021-10,2021-10,2021-12,51,51,E2_m03_central_tail,3
房山区,76,0,pre_existing_contact,2019-09,,,,76,76,E2_m03_central_tail,3
昌平区,76,0,new_persistent_activation,2024-03,2024-03,2024-08,2024-10,17,17,E2_m03_central_tail,3
朝阳区,76,0,no_observed_contact,,,,,0,0,E2_m03_central_tail,3
海淀区,76,0,new_persistent_activation,2023-01,2023-01,2023-01,2023-03,29,29,E2_m03_central_tail,3
石景山区,76,0,new_persistent_activation,2025-05,2025-05,2025-05,2025-07,8,8,E2_m03_central_tail,3
西城区,65,0,new_persistent_activation,2023-01,2023-01,2023-01,2023-03,36,36,E2_m03_central_tail,3
通州区,75,1,pre_existing_contact,2019-09,,,,53,53,E2_m03_central_tail,3
门头沟区,76,0,new_persistent_activation,2024-09,2024-09,2024-09,2024-11,10,10,E2_m03_central_tail,3
顺义区,76,0,no_observed_contact,,,,,0,0,E2_m03_central_tail,3
东城区,65,0,new_persistent_activation,2024-03,2024-03,2024-07,2024-12,18,18,E2_m03_central_tail,6
丰台区,76,0,new_persistent_activation,2021-10,2021-10,2021-10,2022-03,51,51,E2_m03_central_tail,6
大兴区,76,0,new_persistent_activation,2020-02,2020-02,2021-07,2021-12,42,42,E2_m03_central_tail,6
密云区,76,0,no_observed_contact,,,,,0,0,E2_m03_central_tail,6
平谷区,76,0,no_observed_contact,,,,,0,0,E2_m03_central_tail,6
延庆区,76,0,pre_existing_contact,2019-09,,,,76,76,E2_m03_central_tail,6
怀柔区,76,0,new_persistent_activation,2021-10,2021-10,2021-10,2022-03,51,51,E2_m03_central_tail,6
房山区,76,0,pre_existing_contact,2019-09,,,,76,76,E2_m03_central_tail,6
昌平区,76,0,new_persistent_activation,2024-03,2024-03,2024-08,2025-01,17,17,E2_m03_central_tail,6
朝阳区,76,0,no_observed_contact,,,,,0,0,E2_m03_central_tail,6
海淀区,76,0,new_persistent_activation,2023-01,2023-01,2023-08,2024-01,29,29,E2_m03_central_tail,6
石景山区,76,0,new_persistent_activation,2025-05,2025-05,2025-05,2025-10,8,8,E2_m03_central_tail,6
西城区,65,0,new_persistent_activation,2023-01,2023-01,2023-01,2023-06,36,36,E2_m03_central_tail,6
通州区,75,1,pre_existing_contact,2019-09,,,,53,53,E2_m03_central_tail,6
门头沟区,76,0,new_persistent_activation,2024-09,2024-09,2025-03,2025-08,10,10,E2_m03_central_tail,6
顺义区,76,0,no_observed_contact,,,,,0,0,E2_m03_central_tail,6
东城区,65,0,new_persistent_activation,2024-03,2024-03,2024-07,2025-03,18,18,E2_m03_central_tail,9
丰台区,76,0,new_persistent_activation,2021-10,2021-10,2021-10,2022-06,51,51,E2_m03_central_tail,9
大兴区,76,0,new_persistent_activation,2020-02,2020-02,2021-07,2022-03,42,42,E2_m03_central_tail,9
密云区,76,0,no_observed_contact,,,,,0,0,E2_m03_central_tail,9
平谷区,76,0,no_observed_contact,,,,,0,0,E2_m03_central_tail,9
延庆区,76,0,pre_existing_contact,2019-09,,,,76,76,E2_m03_central_tail,9
怀柔区,76,0,new_persistent_activation,2021-10,2021-10,2021-10,2022-06,51,51,E2_m03_central_tail,9
房山区,76,0,pre_existing_contact,2019-09,,,,76,76,E2_m03_central_tail,9
昌平区,76,0,new_persistent_activation,2024-03,2024-03,2024-08,2025-04,17,17,E2_m03_central_tail,9
朝阳区,76,0,no_observed_contact,,,,,0,0,E2_m03_central_tail,9
海淀区,76,0,new_persistent_activation,2023-01,2023-01,2023-08,2024-04,29,29,E2_m03_central_tail,9
石景山区,76,0,other_observed_contact,2025-05,2025-05,,,8,8,E2_m03_central_tail,9
西城区,65,0,new_persistent_activation,2023-01,2023-01,2023-01,2023-09,36,36,E2_m03_central_tail,9
通州区,75,1,pre_existing_contact,2019-09,,,,53,53,E2_m03_central_tail,9
门头沟区,76,0,new_persistent_activation,2024-09,2024-09,2025-03,2025-11,10,10,E2_m03_central_tail,9
顺义区,76,0,no_observed_contact,,,,,0,0,E2_m03_central_tail,9
东城区,65,0,new_persistent_activation,2024-03,2024-03,2024-07,2025-06,18,18,E2_m03_central_tail,12
丰台区,76,0,new_persistent_activation,2021-10,2021-10,2021-10,2022-09,51,51,E2_m03_central_tail,12
大兴区,76,0,new_persistent_activation,2020-02,2020-02,2022-07,2023-06,42,42,E2_m03_central_tail,12
密云区,76,0,no_observed_contact,,,,,0,0,E2_m03_central_tail,12
平谷区,76,0,no_observed_contact,,,,,0,0,E2_m03_central_tail,12
延庆区,76,0,pre_existing_contact,2019-09,,,,76,76,E2_m03_central_tail,12
怀柔区,76,0,new_persistent_activation,2021-10,2021-10,2021-10,2022-09,51,51,E2_m03_central_tail,12
房山区,76,0,pre_existing_contact,2019-09,,,,76,76,E2_m03_central_tail,12
昌平区,76,0,new_persistent_activation,2024-03,2024-03,2024-08,2025-07,17,17,E2_m03_central_tail,12
朝阳区,76,0,no_observed_contact,,,,,0,0,E2_m03_central_tail,12
海淀区,76,0,new_persistent_activation,2023-01,2023-01,2023-08,2024-07,29,29,E2_m03_central_tail,12
石景山区,76,0,other_observed_contact,2025-05,2025-05,,,8,8,E2_m03_central_tail,12
西城区,65,0,new_persistent_activation,2023-01,2023-01,2023-01,2023-12,36,36,E2_m03_central_tail,12
通州区,75,1,pre_existing_contact,2019-09,,,,53,53,E2_m03_central_tail,12
门头沟区,76,0,other_observed_contact,2024-09,2024-09,,,10,10,E2_m03_central_tail,12
顺义区,76,0,no_observed_contact,,,,,0,0,E2_m03_central_tail,12
东城区,65,0,new_persistent_activation,2024-10,2024-10,2024-10,2024-12,15,15,E2_zero_extend,3
丰台区,76,0,new_persistent_activation,2022-04,2022-04,2022-04,2022-06,45,45,E2_zero_extend,3
大兴区,76,0,new_persistent_activation,2021-11,2021-11,2021-11,2022-01,29,29,E2_zero_extend,3
密云区,76,0,no_observed_contact,,,,,0,0,E2_zero_extend,3
平谷区,76,0,no_observed_contact,,,,,0,0,E2_zero_extend,3
延庆区,76,0,pre_existing_contact,2019-09,,,,76,76,E2_zero_extend,3
怀柔区,76,0,new_persistent_activation,2021-10,2021-10,2021-10,2021-12,51,51,E2_zero_extend,3
房山区,76,0,pre_existing_contact,2019-09,,,,76,76,E2_zero_extend,3
昌平区,76,0,new_persistent_activation,2024-09,2024-09,2024-09,2024-11,16,16,E2_zero_extend,3
朝阳区,76,0,no_observed_contact,,,,,0,0,E2_zero_extend,3
海淀区,76,0,new_persistent_activation,2023-09,2023-09,2023-09,2023-11,28,28,E2_zero_extend,3
石景山区,76,0,other_observed_contact,2025-06,2025-06,2025-06,2025-08,0,6,E2_zero_extend,3
西城区,65,0,new_persistent_activation,2023-10,2023-10,2023-10,2023-12,27,27,E2_zero_extend,3
通州区,75,1,pre_existing_contact,2019-09,,,,53,53,E2_zero_extend,3
门头沟区,76,0,new_persistent_activation,2025-04,2025-04,2025-04,2025-06,9,9,E2_zero_extend,3
顺义区,76,0,no_observed_contact,,,,,0,0,E2_zero_extend,3
东城区,65,0,new_persistent_activation,2024-10,2024-10,2024-10,2025-03,15,15,E2_zero_extend,6
丰台区,76,0,new_persistent_activation,2022-04,2022-04,2022-04,2022-09,45,45,E2_zero_extend,6
大兴区,76,0,new_persistent_activation,2021-11,2021-11,2022-11,2023-04,29,29,E2_zero_extend,6
密云区,76,0,no_observed_contact,,,,,0,0,E2_zero_extend,6
平谷区,76,0,no_observed_contact,,,,,0,0,E2_zero_extend,6
延庆区,76,0,pre_existing_contact,2019-09,,,,76,76,E2_zero_extend,6
怀柔区,76,0,new_persistent_activation,2021-10,2021-10,2021-10,2022-03,51,51,E2_zero_extend,6
房山区,76,0,pre_existing_contact,2019-09,,,,76,76,E2_zero_extend,6
昌平区,76,0,new_persistent_activation,2024-09,2024-09,2024-09,2025-02,16,16,E2_zero_extend,6
朝阳区,76,0,no_observed_contact,,,,,0,0,E2_zero_extend,6
海淀区,76,0,new_persistent_activation,2023-09,2023-09,2023-09,2024-02,28,28,E2_zero_extend,6
石景山区,76,0,other_observed_contact,2025-06,2025-06,2025-06,2025-11,0,6,E2_zero_extend,6
西城区,65,0,new_persistent_activation,2023-10,2023-10,2023-10,2024-03,27,27,E2_zero_extend,6
通州区,75,1,pre_existing_contact,2019-09,,,,53,53,E2_zero_extend,6
门头沟区,76,0,new_persistent_activation,2025-04,2025-04,2025-04,2025-09,9,9,E2_zero_extend,6
顺义区,76,0,no_observed_contact,,,,,0,0,E2_zero_extend,6
东城区,65,0,new_persistent_activation,2024-10,2024-10,2024-10,2025-06,15,15,E2_zero_extend,9
丰台区,76,0,new_persistent_activation,2022-04,2022-04,2022-04,2022-12,45,45,E2_zero_extend,9
大兴区,76,0,new_persistent_activation,2021-11,2021-11,2023-08,2024-04,29,29,E2_zero_extend,9
密云区,76,0,no_observed_contact,,,,,0,0,E2_zero_extend,9
平谷区,76,0,no_observed_contact,,,,,0,0,E2_zero_extend,9
延庆区,76,0,pre_existing_contact,2019-09,,,,76,76,E2_zero_extend,9
怀柔区,76,0,new_persistent_activation,2021-10,2021-10,2021-10,2022-06,51,51,E2_zero_extend,9
房山区,76,0,pre_existing_contact,2019-09,,,,76,76,E2_zero_extend,9
昌平区,76,0,new_persistent_activation,2024-09,2024-09,2024-09,2025-05,16,16,E2_zero_extend,9
朝阳区,76,0,no_observed_contact,,,,,0,0,E2_zero_extend,9
海淀区,76,0,new_persistent_activation,2023-09,2023-09,2023-09,2024-05,28,28,E2_zero_extend,9
石景山区,76,0,transient_only_contact,2025-06,2025-06,,,0,6,E2_zero_extend,9
西城区,65,0,new_persistent_activation,2023-10,2023-10,2023-10,2024-06,27,27,E2_zero_extend,9
通州区,75,1,pre_existing_contact,2019-09,,,,53,53,E2_zero_extend,9
门头沟区,76,0,new_persistent_activation,2025-04,2025-04,2025-04,2025-12,9,9,E2_zero_extend,9
顺义区,76,0,no_observed_contact,,,,,0,0,E2_zero_extend,9
东城区,65,0,new_persistent_activation,2024-10,2024-10,2024-10,2025-09,15,15,E2_zero_extend,12
丰台区,76,0,new_persistent_activation,2022-04,2022-04,2022-04,2023-03,45,45,E2_zero_extend,12
大兴区,76,0,new_persistent_activation,2021-11,2021-11,2023-08,2024-07,29,29,E2_zero_extend,12
密云区,76,0,no_observed_contact,,,,,0,0,E2_zero_extend,12
平谷区,76,0,no_observed_contact,,,,,0,0,E2_zero_extend,12
延庆区,76,0,pre_existing_contact,2019-09,,,,76,76,E2_zero_extend,12
怀柔区,76,0,new_persistent_activation,2021-10,2021-10,2021-10,2022-09,51,51,E2_zero_extend,12
房山区,76,0,pre_existing_contact,2019-09,,,,76,76,E2_zero_extend,12
昌平区,76,0,new_persistent_activation,2024-09,2024-09,2024-09,2025-08,16,16,E2_zero_extend,12
朝阳区,76,0,no_observed_contact,,,,,0,0,E2_zero_extend,12
海淀区,76,0,new_persistent_activation,2023-09,2023-09,2023-09,2024-08,28,28,E2_zero_extend,12
石景山区,76,0,transient_only_contact,2025-06,2025-06,,,0,6,E2_zero_extend,12
西城区,65,0,new_persistent_activation,2023-10,2023-10,2023-10,2024-09,27,27,E2_zero_extend,12
通州区,75,1,pre_existing_contact,2019-09,,,,53,53,E2_zero_extend,12
门头沟区,76,0,other_observed_contact,2025-04,2025-04,,,9,9,E2_zero_extend,12
顺义区,76,0,no_observed_contact,,,,,0,0,E2_zero_extend,12
东城区,65,0,new_persistent_activation,2024-03,2024-03,2024-03,2024-05,18,18,E2_zero_central_tail,3
丰台区,76,0,new_persistent_activation,2021-10,2021-10,2021-10,2021-12,51,51,E2_zero_central_tail,3
大兴区,76,0,new_persistent_activation,2020-02,2020-02,2020-12,2021-02,42,42,E2_zero_central_tail,3
密云区,76,0,no_observed_contact,,,,,0,0,E2_zero_central_tail,3
平谷区,76,0,no_observed_contact,,,,,0,0,E2_zero_central_tail,3
延庆区,76,0,pre_existing_contact,2019-09,,,,76,76,E2_zero_central_tail,3
怀柔区,76,0,new_persistent_activation,2021-10,2021-10,2021-10,2021-12,51,51,E2_zero_central_tail,3
房山区,76,0,pre_existing_contact,2019-09,,,,76,76,E2_zero_central_tail,3
昌平区,76,0,new_persistent_activation,2024-03,2024-03,2024-08,2024-10,17,17,E2_zero_central_tail,3
朝阳区,76,0,no_observed_contact,,,,,0,0,E2_zero_central_tail,3
海淀区,76,0,new_persistent_activation,2023-01,2023-01,2023-01,2023-03,29,29,E2_zero_central_tail,3
石景山区,76,0,new_persistent_activation,2025-05,2025-05,2025-05,2025-07,8,8,E2_zero_central_tail,3
西城区,65,0,new_persistent_activation,2023-01,2023-01,2023-01,2023-03,36,36,E2_zero_central_tail,3
通州区,75,1,pre_existing_contact,2019-09,,,,53,53,E2_zero_central_tail,3
门头沟区,76,0,new_persistent_activation,2024-09,2024-09,2024-09,2024-11,10,10,E2_zero_central_tail,3
顺义区,76,0,no_observed_contact,,,,,0,0,E2_zero_central_tail,3
东城区,65,0,new_persistent_activation,2024-03,2024-03,2024-07,2024-12,18,18,E2_zero_central_tail,6
丰台区,76,0,new_persistent_activation,2021-10,2021-10,2021-10,2022-03,51,51,E2_zero_central_tail,6
大兴区,76,0,new_persistent_activation,2020-02,2020-02,2021-07,2021-12,42,42,E2_zero_central_tail,6
密云区,76,0,no_observed_contact,,,,,0,0,E2_zero_central_tail,6
平谷区,76,0,no_observed_contact,,,,,0,0,E2_zero_central_tail,6
延庆区,76,0,pre_existing_contact,2019-09,,,,76,76,E2_zero_central_tail,6
怀柔区,76,0,new_persistent_activation,2021-10,2021-10,2021-10,2022-03,51,51,E2_zero_central_tail,6
房山区,76,0,pre_existing_contact,2019-09,,,,76,76,E2_zero_central_tail,6
昌平区,76,0,new_persistent_activation,2024-03,2024-03,2024-08,2025-01,17,17,E2_zero_central_tail,6
朝阳区,76,0,no_observed_contact,,,,,0,0,E2_zero_central_tail,6
海淀区,76,0,new_persistent_activation,2023-01,2023-01,2023-08,2024-01,29,29,E2_zero_central_tail,6
石景山区,76,0,new_persistent_activation,2025-05,2025-05,2025-05,2025-10,8,8,E2_zero_central_tail,6
西城区,65,0,new_persistent_activation,2023-01,2023-01,2023-01,2023-06,36,36,E2_zero_central_tail,6
通州区,75,1,pre_existing_contact,2019-09,,,,53,53,E2_zero_central_tail,6
门头沟区,76,0,new_persistent_activation,2024-09,2024-09,2025-03,2025-08,10,10,E2_zero_central_tail,6
顺义区,76,0,no_observed_contact,,,,,0,0,E2_zero_central_tail,6
东城区,65,0,new_persistent_activation,2024-03,2024-03,2024-07,2025-03,18,18,E2_zero_central_tail,9
丰台区,76,0,new_persistent_activation,2021-10,2021-10,2021-10,2022-06,51,51,E2_zero_central_tail,9
大兴区,76,0,new_persistent_activation,2020-02,2020-02,2021-07,2022-03,42,42,E2_zero_central_tail,9
密云区,76,0,no_observed_contact,,,,,0,0,E2_zero_central_tail,9
平谷区,76,0,no_observed_contact,,,,,0,0,E2_zero_central_tail,9
延庆区,76,0,pre_existing_contact,2019-09,,,,76,76,E2_zero_central_tail,9
怀柔区,76,0,new_persistent_activation,2021-10,2021-10,2021-10,2022-06,51,51,E2_zero_central_tail,9
房山区,76,0,pre_existing_contact,2019-09,,,,76,76,E2_zero_central_tail,9
昌平区,76,0,new_persistent_activation,2024-03,2024-03,2024-08,2025-04,17,17,E2_zero_central_tail,9
朝阳区,76,0,no_observed_contact,,,,,0,0,E2_zero_central_tail,9
海淀区,76,0,new_persistent_activation,2023-01,2023-01,2023-08,2024-04,29,29,E2_zero_central_tail,9
石景山区,76,0,other_observed_contact,2025-05,2025-05,,,8,8,E2_zero_central_tail,9
西城区,65,0,new_persistent_activation,2023-01,2023-01,2023-01,2023-09,36,36,E2_zero_central_tail,9
通州区,75,1,pre_existing_contact,2019-09,,,,53,53,E2_zero_central_tail,9
门头沟区,76,0,new_persistent_activation,2024-09,2024-09,2025-03,2025-11,10,10,E2_zero_central_tail,9
顺义区,76,0,no_observed_contact,,,,,0,0,E2_zero_central_tail,9
东城区,65,0,new_persistent_activation,2024-03,2024-03,2024-07,2025-06,18,18,E2_zero_central_tail,12
丰台区,76,0,new_persistent_activation,2021-10,2021-10,2021-10,2022-09,51,51,E2_zero_central_tail,12
大兴区,76,0,new_persistent_activation,2020-02,2020-02,2022-07,2023-06,42,42,E2_zero_central_tail,12
密云区,76,0,no_observed_contact,,,,,0,0,E2_zero_central_tail,12
平谷区,76,0,no_observed_contact,,,,,0,0,E2_zero_central_tail,12
延庆区,76,0,pre_existing_contact,2019-09,,,,76,76,E2_zero_central_tail,12
怀柔区,76,0,new_persistent_activation,2021-10,2021-10,2021-10,2022-09,51,51,E2_zero_central_tail,12
房山区,76,0,pre_existing_contact,2019-09,,,,76,76,E2_zero_central_tail,12
昌平区,76,0,new_persistent_activation,2024-03,2024-03,2024-08,2025-07,17,17,E2_zero_central_tail,12
朝阳区,76,0,no_observed_contact,,,,,0,0,E2_zero_central_tail,12
海淀区,76,0,new_persistent_activation,2023-01,2023-01,2023-08,2024-07,29,29,E2_zero_central_tail,12
石景山区,76,0,other_observed_contact,2025-05,2025-05,,,8,8,E2_zero_central_tail,12
西城区,65,0,new_persistent_activation,2023-01,2023-01,2023-01,2023-12,36,36,E2_zero_central_tail,12
通州区,75,1,pre_existing_contact,2019-09,,,,53,53,E2_zero_central_tail,12
门头沟区,76,0,other_observed_contact,2024-09,2024-09,,,10,10,E2_zero_central_tail,12
顺义区,76,0,no_observed_contact,,,,,0,0,E2_zero_central_tail,12
东城区,65,0,new_persistent_activation,2024-10,2024-10,2024-10,2024-12,15,15,E2_p03_extend,3
丰台区,76,0,new_persistent_activation,2022-05,2022-05,2022-05,2022-07,44,44,E2_p03_extend,3
大兴区,76,0,new_persistent_activation,2021-12,2021-12,2021-12,2022-02,29,29,E2_p03_extend,3
密云区,76,0,no_observed_contact,,,,,0,0,E2_p03_extend,3
平谷区,76,0,no_observed_contact,,,,,0,0,E2_p03_extend,3
延庆区,76,0,pre_existing_contact,2019-09,,,,76,76,E2_p03_extend,3
怀柔区,76,0,new_persistent_activation,2021-10,2021-10,2021-10,2021-12,51,51,E2_p03_extend,3
房山区,76,0,pre_existing_contact,2019-09,,,,76,76,E2_p03_extend,3
昌平区,76,0,new_persistent_activation,2024-10,2024-10,2024-10,2024-12,15,15,E2_p03_extend,3
朝阳区,76,0,no_observed_contact,,,,,0,0,E2_p03_extend,3
海淀区,76,0,new_persistent_activation,2023-10,2023-10,2023-10,2023-12,27,27,E2_p03_extend,3
石景山区,76,0,other_observed_contact,2025-07,2025-07,2025-07,2025-09,0,5,E2_p03_extend,3
西城区,65,0,new_persistent_activation,2023-12,2023-12,2024-06,2024-08,19,19,E2_p03_extend,3
通州区,75,1,pre_existing_contact,2019-09,,,,53,53,E2_p03_extend,3
门头沟区,76,0,other_observed_contact,2025-05,2025-05,2025-05,2025-07,0,7,E2_p03_extend,3
顺义区,76,0,no_observed_contact,,,,,0,0,E2_p03_extend,3
东城区,65,0,new_persistent_activation,2024-10,2024-10,2024-10,2025-03,15,15,E2_p03_extend,6
丰台区,76,0,new_persistent_activation,2022-05,2022-05,2022-05,2022-10,44,44,E2_p03_extend,6
大兴区,76,0,new_persistent_activation,2021-12,2021-12,2023-08,2024-01,29,29,E2_p03_extend,6
密云区,76,0,no_observed_contact,,,,,0,0,E2_p03_extend,6
平谷区,76,0,no_observed_contact,,,,,0,0,E2_p03_extend,6
延庆区,76,0,pre_existing_contact,2019-09,,,,76,76,E2_p03_extend,6
怀柔区,76,0,new_persistent_activation,2021-10,2021-10,2021-10,2022-03,51,51,E2_p03_extend,6
房山区,76,0,pre_existing_contact,2019-09,,,,76,76,E2_p03_extend,6
昌平区,76,0,new_persistent_activation,2024-10,2024-10,2024-10,2025-03,15,15,E2_p03_extend,6
朝阳区,76,0,no_observed_contact,,,,,0,0,E2_p03_extend,6
海淀区,76,0,new_persistent_activation,2023-10,2023-10,2023-10,2024-03,27,27,E2_p03_extend,6
石景山区,76,0,transient_only_contact,2025-07,2025-07,,,0,5,E2_p03_extend,6
西城区,65,0,new_persistent_activation,2023-12,2023-12,2024-06,2024-11,19,19,E2_p03_extend,6
通州区,75,1,pre_existing_contact,2019-09,,,,53,53,E2_p03_extend,6
门头沟区,76,0,other_observed_contact,2025-05,2025-05,2025-05,2025-10,0,7,E2_p03_extend,6
顺义区,76,0,no_observed_contact,,,,,0,0,E2_p03_extend,6
东城区,65,0,new_persistent_activation,2024-10,2024-10,2024-10,2025-06,15,15,E2_p03_extend,9
丰台区,76,0,new_persistent_activation,2022-05,2022-05,2022-05,2023-01,44,44,E2_p03_extend,9
大兴区,76,0,new_persistent_activation,2021-12,2021-12,2023-08,2024-04,29,29,E2_p03_extend,9
密云区,76,0,no_observed_contact,,,,,0,0,E2_p03_extend,9
平谷区,76,0,no_observed_contact,,,,,0,0,E2_p03_extend,9
延庆区,76,0,pre_existing_contact,2019-09,,,,76,76,E2_p03_extend,9
怀柔区,76,0,new_persistent_activation,2021-10,2021-10,2021-10,2022-06,51,51,E2_p03_extend,9
房山区,76,0,pre_existing_contact,2019-09,,,,76,76,E2_p03_extend,9
昌平区,76,0,new_persistent_activation,2024-10,2024-10,2024-10,2025-06,15,15,E2_p03_extend,9
朝阳区,76,0,no_observed_contact,,,,,0,0,E2_p03_extend,9
海淀区,76,0,new_persistent_activation,2023-10,2023-10,2023-10,2024-06,27,27,E2_p03_extend,9
石景山区,76,0,transient_only_contact,2025-07,2025-07,,,0,5,E2_p03_extend,9
西城区,65,0,new_persistent_activation,2023-12,2023-12,2024-06,2025-02,19,19,E2_p03_extend,9
通州区,75,1,pre_existing_contact,2019-09,,,,53,53,E2_p03_extend,9
门头沟区,76,0,transient_only_contact,2025-05,2025-05,,,0,7,E2_p03_extend,9
顺义区,76,0,no_observed_contact,,,,,0,0,E2_p03_extend,9
东城区,65,0,new_persistent_activation,2024-10,2024-10,2024-10,2025-09,15,15,E2_p03_extend,12
丰台区,76,0,new_persistent_activation,2022-05,2022-05,2022-05,2023-04,44,44,E2_p03_extend,12
大兴区,76,0,new_persistent_activation,2021-12,2021-12,2023-08,2024-07,29,29,E2_p03_extend,12
密云区,76,0,no_observed_contact,,,,,0,0,E2_p03_extend,12
平谷区,76,0,no_observed_contact,,,,,0,0,E2_p03_extend,12
延庆区,76,0,pre_existing_contact,2019-09,,,,76,76,E2_p03_extend,12
怀柔区,76,0,new_persistent_activation,2021-10,2021-10,2021-10,2022-09,51,51,E2_p03_extend,12
房山区,76,0,pre_existing_contact,2019-09,,,,76,76,E2_p03_extend,12
昌平区,76,0,new_persistent_activation,2024-10,2024-10,2024-10,2025-09,15,15,E2_p03_extend,12
朝阳区,76,0,no_observed_contact,,,,,0,0,E2_p03_extend,12
海淀区,76,0,new_persistent_activation,2023-10,2023-10,2023-10,2024-09,27,27,E2_p03_extend,12
石景山区,76,0,transient_only_contact,2025-07,2025-07,,,0,5,E2_p03_extend,12
西城区,65,0,new_persistent_activation,2023-12,2023-12,2024-06,2025-05,19,19,E2_p03_extend,12
通州区,75,1,pre_existing_contact,2019-09,,,,53,53,E2_p03_extend,12
门头沟区,76,0,transient_only_contact,2025-05,2025-05,,,0,7,E2_p03_extend,12
顺义区,76,0,no_observed_contact,,,,,0,0,E2_p03_extend,12
东城区,65,0,new_persistent_activation,2024-03,2024-03,2024-03,2024-05,18,18,E2_p03_central_tail,3
丰台区,76,0,new_persistent_activation,2021-10,2021-10,2021-10,2021-12,51,51,E2_p03_central_tail,3
大兴区,76,0,new_persistent_activation,2020-02,2020-02,2020-12,2021-02,42,42,E2_p03_central_tail,3
密云区,76,0,no_observed_contact,,,,,0,0,E2_p03_central_tail,3
平谷区,76,0,no_observed_contact,,,,,0,0,E2_p03_central_tail,3
延庆区,76,0,pre_existing_contact,2019-09,,,,76,76,E2_p03_central_tail,3
怀柔区,76,0,new_persistent_activation,2021-10,2021-10,2021-10,2021-12,51,51,E2_p03_central_tail,3
房山区,76,0,pre_existing_contact,2019-09,,,,76,76,E2_p03_central_tail,3
昌平区,76,0,new_persistent_activation,2024-03,2024-03,2024-08,2024-10,17,17,E2_p03_central_tail,3
朝阳区,76,0,no_observed_contact,,,,,0,0,E2_p03_central_tail,3
海淀区,76,0,new_persistent_activation,2023-01,2023-01,2023-01,2023-03,29,29,E2_p03_central_tail,3
石景山区,76,0,new_persistent_activation,2025-05,2025-05,2025-05,2025-07,8,8,E2_p03_central_tail,3
西城区,65,0,new_persistent_activation,2023-01,2023-01,2023-01,2023-03,36,36,E2_p03_central_tail,3
通州区,75,1,pre_existing_contact,2019-09,,,,53,53,E2_p03_central_tail,3
门头沟区,76,0,new_persistent_activation,2024-09,2024-09,2024-09,2024-11,10,10,E2_p03_central_tail,3
顺义区,76,0,no_observed_contact,,,,,0,0,E2_p03_central_tail,3
东城区,65,0,new_persistent_activation,2024-03,2024-03,2024-07,2024-12,18,18,E2_p03_central_tail,6
丰台区,76,0,new_persistent_activation,2021-10,2021-10,2021-10,2022-03,51,51,E2_p03_central_tail,6
大兴区,76,0,new_persistent_activation,2020-02,2020-02,2021-07,2021-12,42,42,E2_p03_central_tail,6
密云区,76,0,no_observed_contact,,,,,0,0,E2_p03_central_tail,6
平谷区,76,0,no_observed_contact,,,,,0,0,E2_p03_central_tail,6
延庆区,76,0,pre_existing_contact,2019-09,,,,76,76,E2_p03_central_tail,6
怀柔区,76,0,new_persistent_activation,2021-10,2021-10,2021-10,2022-03,51,51,E2_p03_central_tail,6
房山区,76,0,pre_existing_contact,2019-09,,,,76,76,E2_p03_central_tail,6
昌平区,76,0,new_persistent_activation,2024-03,2024-03,2024-08,2025-01,17,17,E2_p03_central_tail,6
朝阳区,76,0,no_observed_contact,,,,,0,0,E2_p03_central_tail,6
海淀区,76,0,new_persistent_activation,2023-01,2023-01,2023-08,2024-01,29,29,E2_p03_central_tail,6
石景山区,76,0,new_persistent_activation,2025-05,2025-05,2025-05,2025-10,8,8,E2_p03_central_tail,6
西城区,65,0,new_persistent_activation,2023-01,2023-01,2023-01,2023-06,36,36,E2_p03_central_tail,6
通州区,75,1,pre_existing_contact,2019-09,,,,53,53,E2_p03_central_tail,6
门头沟区,76,0,new_persistent_activation,2024-09,2024-09,2025-03,2025-08,10,10,E2_p03_central_tail,6
顺义区,76,0,no_observed_contact,,,,,0,0,E2_p03_central_tail,6
东城区,65,0,new_persistent_activation,2024-03,2024-03,2024-07,2025-03,18,18,E2_p03_central_tail,9
丰台区,76,0,new_persistent_activation,2021-10,2021-10,2021-10,2022-06,51,51,E2_p03_central_tail,9
大兴区,76,0,new_persistent_activation,2020-02,2020-02,2021-07,2022-03,42,42,E2_p03_central_tail,9
密云区,76,0,no_observed_contact,,,,,0,0,E2_p03_central_tail,9
平谷区,76,0,no_observed_contact,,,,,0,0,E2_p03_central_tail,9
延庆区,76,0,pre_existing_contact,2019-09,,,,76,76,E2_p03_central_tail,9
怀柔区,76,0,new_persistent_activation,2021-10,2021-10,2021-10,2022-06,51,51,E2_p03_central_tail,9
房山区,76,0,pre_existing_contact,2019-09,,,,76,76,E2_p03_central_tail,9
昌平区,76,0,new_persistent_activation,2024-03,2024-03,2024-08,2025-04,17,17,E2_p03_central_tail,9
朝阳区,76,0,no_observed_contact,,,,,0,0,E2_p03_central_tail,9
海淀区,76,0,new_persistent_activation,2023-01,2023-01,2023-08,2024-04,29,29,E2_p03_central_tail,9
石景山区,76,0,other_observed_contact,2025-05,2025-05,,,8,8,E2_p03_central_tail,9
西城区,65,0,new_persistent_activation,2023-01,2023-01,2023-01,2023-09,36,36,E2_p03_central_tail,9
通州区,75,1,pre_existing_contact,2019-09,,,,53,53,E2_p03_central_tail,9
门头沟区,76,0,new_persistent_activation,2024-09,2024-09,2025-03,2025-11,10,10,E2_p03_central_tail,9
顺义区,76,0,no_observed_contact,,,,,0,0,E2_p03_central_tail,9
东城区,65,0,new_persistent_activation,2024-03,2024-03,2024-07,2025-06,18,18,E2_p03_central_tail,12
丰台区,76,0,new_persistent_activation,2021-10,2021-10,2021-10,2022-09,51,51,E2_p03_central_tail,12
大兴区,76,0,new_persistent_activation,2020-02,2020-02,2022-07,2023-06,42,42,E2_p03_central_tail,12
密云区,76,0,no_observed_contact,,,,,0,0,E2_p03_central_tail,12
平谷区,76,0,no_observed_contact,,,,,0,0,E2_p03_central_tail,12
延庆区,76,0,pre_existing_contact,2019-09,,,,76,76,E2_p03_central_tail,12
怀柔区,76,0,new_persistent_activation,2021-10,2021-10,2021-10,2022-09,51,51,E2_p03_central_tail,12
房山区,76,0,pre_existing_contact,2019-09,,,,76,76,E2_p03_central_tail,12
昌平区,76,0,new_persistent_activation,2024-03,2024-03,2024-08,2025-07,17,17,E2_p03_central_tail,12
朝阳区,76,0,no_observed_contact,,,,,0,0,E2_p03_central_tail,12
海淀区,76,0,new_persistent_activation,2023-01,2023-01,2023-08,2024-07,29,29,E2_p03_central_tail,12
石景山区,76,0,other_observed_contact,2025-05,2025-05,,,8,8,E2_p03_central_tail,12
西城区,65,0,new_persistent_activation,2023-01,2023-01,2023-01,2023-12,36,36,E2_p03_central_tail,12
通州区,75,1,pre_existing_contact,2019-09,,,,53,53,E2_p03_central_tail,12
门头沟区,76,0,other_observed_contact,2024-09,2024-09,,,10,10,E2_p03_central_tail,12
顺义区,76,0,no_observed_contact,,,,,0,0,E2_p03_central_tail,12
东城区,65,0,new_persistent_activation,2024-09,2024-09,2024-09,2024-11,16,16,E3_m03_extend,3
丰台区,76,0,new_persistent_activation,2021-12,2021-12,2021-12,2022-02,49,49,E3_m03_extend,3
大兴区,76,0,new_persistent_activation,2021-09,2021-09,2021-09,2021-11,30,30,E3_m03_extend,3
密云区,76,0,no_observed_contact,,,,,0,0,E3_m03_extend,3
平谷区,76,0,no_observed_contact,,,,,0,0,E3_m03_extend,3
延庆区,76,0,pre_existing_contact,2019-09,,,,76,76,E3_m03_extend,3
怀柔区,76,0,new_persistent_activation,2021-10,2021-10,2021-10,2021-12,51,51,E3_m03_extend,3
房山区,76,0,pre_existing_contact,2019-09,,,,76,76,E3_m03_extend,3
昌平区,76,0,new_persistent_activation,2024-09,2024-09,2024-09,2024-11,16,16,E3_m03_extend,3
朝阳区,76,0,no_observed_contact,,,,,0,0,E3_m03_extend,3
海淀区,76,0,new_persistent_activation,2023-09,2023-09,2023-09,2023-11,28,28,E3_m03_extend,3
石景山区,76,0,other_observed_contact,2025-05,2025-05,2025-05,2025-07,0,7,E3_m03_extend,3
西城区,65,0,new_persistent_activation,2023-08,2023-08,2023-08,2023-10,29,29,E3_m03_extend,3
通州区,75,1,pre_existing_contact,2019-09,,,,53,53,E3_m03_extend,3
门头沟区,76,0,new_persistent_activation,2025-04,2025-04,2025-04,2025-06,9,9,E3_m03_extend,3
顺义区,76,0,no_observed_contact,,,,,0,0,E3_m03_extend,3
东城区,65,0,new_persistent_activation,2024-09,2024-09,2024-09,2025-02,16,16,E3_m03_extend,6
丰台区,76,0,new_persistent_activation,2021-12,2021-12,2021-12,2022-05,49,49,E3_m03_extend,6
大兴区,76,0,new_persistent_activation,2021-09,2021-09,2021-09,2022-02,30,30,E3_m03_extend,6
密云区,76,0,no_observed_contact,,,,,0,0,E3_m03_extend,6
平谷区,76,0,no_observed_contact,,,,,0,0,E3_m03_extend,6
延庆区,76,0,pre_existing_contact,2019-09,,,,76,76,E3_m03_extend,6
怀柔区,76,0,new_persistent_activation,2021-10,2021-10,2021-10,2022-03,51,51,E3_m03_extend,6
房山区,76,0,pre_existing_contact,2019-09,,,,76,76,E3_m03_extend,6
昌平区,76,0,new_persistent_activation,2024-09,2024-09,2024-09,2025-02,16,16,E3_m03_extend,6
朝阳区,76,0,no_observed_contact,,,,,0,0,E3_m03_extend,6
海淀区,76,0,new_persistent_activation,2023-09,2023-09,2023-09,2024-02,28,28,E3_m03_extend,6
石景山区,76,0,other_observed_contact,2025-05,2025-05,2025-05,2025-10,0,7,E3_m03_extend,6
西城区,65,0,new_persistent_activation,2023-08,2023-08,2023-08,2024-01,29,29,E3_m03_extend,6
通州区,75,1,pre_existing_contact,2019-09,,,,53,53,E3_m03_extend,6
门头沟区,76,0,new_persistent_activation,2025-04,2025-04,2025-04,2025-09,9,9,E3_m03_extend,6
顺义区,76,0,no_observed_contact,,,,,0,0,E3_m03_extend,6
东城区,65,0,new_persistent_activation,2024-09,2024-09,2024-09,2025-05,16,16,E3_m03_extend,9
丰台区,76,0,new_persistent_activation,2021-12,2021-12,2021-12,2022-08,49,49,E3_m03_extend,9
大兴区,76,0,new_persistent_activation,2021-09,2021-09,2022-07,2023-03,30,30,E3_m03_extend,9
密云区,76,0,no_observed_contact,,,,,0,0,E3_m03_extend,9
平谷区,76,0,no_observed_contact,,,,,0,0,E3_m03_extend,9
延庆区,76,0,pre_existing_contact,2019-09,,,,76,76,E3_m03_extend,9
怀柔区,76,0,new_persistent_activation,2021-10,2021-10,2021-10,2022-06,51,51,E3_m03_extend,9
房山区,76,0,pre_existing_contact,2019-09,,,,76,76,E3_m03_extend,9
昌平区,76,0,new_persistent_activation,2024-09,2024-09,2024-09,2025-05,16,16,E3_m03_extend,9
朝阳区,76,0,no_observed_contact,,,,,0,0,E3_m03_extend,9
海淀区,76,0,new_persistent_activation,2023-09,2023-09,2023-09,2024-05,28,28,E3_m03_extend,9
石景山区,76,0,transient_only_contact,2025-05,2025-05,,,0,7,E3_m03_extend,9
西城区,65,0,new_persistent_activation,2023-08,2023-08,2023-08,2024-04,29,29,E3_m03_extend,9
通州区,75,1,pre_existing_contact,2019-09,,,,53,53,E3_m03_extend,9
门头沟区,76,0,new_persistent_activation,2025-04,2025-04,2025-04,2025-12,9,9,E3_m03_extend,9
顺义区,76,0,no_observed_contact,,,,,0,0,E3_m03_extend,9
东城区,65,0,new_persistent_activation,2024-09,2024-09,2024-09,2025-08,16,16,E3_m03_extend,12
丰台区,76,0,new_persistent_activation,2021-12,2021-12,2021-12,2022-11,49,49,E3_m03_extend,12
大兴区,76,0,new_persistent_activation,2021-09,2021-09,2023-07,2024-06,30,30,E3_m03_extend,12
密云区,76,0,no_observed_contact,,,,,0,0,E3_m03_extend,12
平谷区,76,0,no_observed_contact,,,,,0,0,E3_m03_extend,12
延庆区,76,0,pre_existing_contact,2019-09,,,,76,76,E3_m03_extend,12
怀柔区,76,0,new_persistent_activation,2021-10,2021-10,2021-10,2022-09,51,51,E3_m03_extend,12
房山区,76,0,pre_existing_contact,2019-09,,,,76,76,E3_m03_extend,12
昌平区,76,0,new_persistent_activation,2024-09,2024-09,2024-09,2025-08,16,16,E3_m03_extend,12
朝阳区,76,0,no_observed_contact,,,,,0,0,E3_m03_extend,12
海淀区,76,0,new_persistent_activation,2023-09,2023-09,2023-09,2024-08,28,28,E3_m03_extend,12
石景山区,76,0,transient_only_contact,2025-05,2025-05,,,0,7,E3_m03_extend,12
西城区,65,0,new_persistent_activation,2023-08,2023-08,2023-08,2024-07,29,29,E3_m03_extend,12
通州区,75,1,pre_existing_contact,2019-09,,,,53,53,E3_m03_extend,12
门头沟区,76,0,other_observed_contact,2025-04,2025-04,,,9,9,E3_m03_extend,12
顺义区,76,0,no_observed_contact,,,,,0,0,E3_m03_extend,12
东城区,65,0,new_persistent_activation,2024-03,2024-03,2024-03,2024-05,18,18,E3_m03_central_tail,3
丰台区,76,0,new_persistent_activation,2021-10,2021-10,2021-10,2021-12,51,51,E3_m03_central_tail,3
大兴区,76,0,new_persistent_activation,2020-02,2020-02,2020-12,2021-02,42,42,E3_m03_central_tail,3
密云区,76,0,transient_only_contact,2025-09,2025-09,,,0,2,E3_m03_central_tail,3
平谷区,76,0,no_observed_contact,,,,,0,0,E3_m03_central_tail,3
延庆区,76,0,pre_existing_contact,2019-09,,,,76,76,E3_m03_central_tail,3
怀柔区,76,0,new_persistent_activation,2021-10,2021-10,2021-10,2021-12,51,51,E3_m03_central_tail,3
房山区,76,0,pre_existing_contact,2019-09,,,,76,76,E3_m03_central_tail,3
昌平区,76,0,new_persistent_activation,2024-03,2024-03,2024-08,2024-10,17,17,E3_m03_central_tail,3
朝阳区,76,0,no_observed_contact,,,,,0,0,E3_m03_central_tail,3
海淀区,76,0,new_persistent_activation,2023-01,2023-01,2023-01,2023-03,29,29,E3_m03_central_tail,3
石景山区,76,0,new_persistent_activation,2025-05,2025-05,2025-05,2025-07,8,8,E3_m03_central_tail,3
西城区,65,0,new_persistent_activation,2023-01,2023-01,2023-01,2023-03,36,36,E3_m03_central_tail,3
通州区,75,1,pre_existing_contact,2019-09,,,,53,53,E3_m03_central_tail,3
门头沟区,76,0,new_persistent_activation,2024-09,2024-09,2024-09,2024-11,10,10,E3_m03_central_tail,3
顺义区,76,0,no_observed_contact,,,,,0,0,E3_m03_central_tail,3
东城区,65,0,new_persistent_activation,2024-03,2024-03,2024-07,2024-12,18,18,E3_m03_central_tail,6
丰台区,76,0,new_persistent_activation,2021-10,2021-10,2021-10,2022-03,51,51,E3_m03_central_tail,6
大兴区,76,0,new_persistent_activation,2020-02,2020-02,2021-07,2021-12,42,42,E3_m03_central_tail,6
密云区,76,0,transient_only_contact,2025-09,2025-09,,,0,2,E3_m03_central_tail,6
平谷区,76,0,no_observed_contact,,,,,0,0,E3_m03_central_tail,6
延庆区,76,0,pre_existing_contact,2019-09,,,,76,76,E3_m03_central_tail,6
怀柔区,76,0,new_persistent_activation,2021-10,2021-10,2021-10,2022-03,51,51,E3_m03_central_tail,6
房山区,76,0,pre_existing_contact,2019-09,,,,76,76,E3_m03_central_tail,6
昌平区,76,0,new_persistent_activation,2024-03,2024-03,2024-08,2025-01,17,17,E3_m03_central_tail,6
朝阳区,76,0,no_observed_contact,,,,,0,0,E3_m03_central_tail,6
海淀区,76,0,new_persistent_activation,2023-01,2023-01,2023-08,2024-01,29,29,E3_m03_central_tail,6
石景山区,76,0,new_persistent_activation,2025-05,2025-05,2025-05,2025-10,8,8,E3_m03_central_tail,6
西城区,65,0,new_persistent_activation,2023-01,2023-01,2023-01,2023-06,36,36,E3_m03_central_tail,6
通州区,75,1,pre_existing_contact,2019-09,,,,53,53,E3_m03_central_tail,6
门头沟区,76,0,new_persistent_activation,2024-09,2024-09,2025-03,2025-08,10,10,E3_m03_central_tail,6
顺义区,76,0,no_observed_contact,,,,,0,0,E3_m03_central_tail,6
东城区,65,0,new_persistent_activation,2024-03,2024-03,2024-07,2025-03,18,18,E3_m03_central_tail,9
丰台区,76,0,new_persistent_activation,2021-10,2021-10,2021-10,2022-06,51,51,E3_m03_central_tail,9
大兴区,76,0,new_persistent_activation,2020-02,2020-02,2021-07,2022-03,42,42,E3_m03_central_tail,9
密云区,76,0,transient_only_contact,2025-09,2025-09,,,0,2,E3_m03_central_tail,9
平谷区,76,0,no_observed_contact,,,,,0,0,E3_m03_central_tail,9
延庆区,76,0,pre_existing_contact,2019-09,,,,76,76,E3_m03_central_tail,9
怀柔区,76,0,new_persistent_activation,2021-10,2021-10,2021-10,2022-06,51,51,E3_m03_central_tail,9
房山区,76,0,pre_existing_contact,2019-09,,,,76,76,E3_m03_central_tail,9
昌平区,76,0,new_persistent_activation,2024-03,2024-03,2024-08,2025-04,17,17,E3_m03_central_tail,9
朝阳区,76,0,no_observed_contact,,,,,0,0,E3_m03_central_tail,9
海淀区,76,0,new_persistent_activation,2023-01,2023-01,2023-08,2024-04,29,29,E3_m03_central_tail,9
石景山区,76,0,other_observed_contact,2025-05,2025-05,,,8,8,E3_m03_central_tail,9
西城区,65,0,new_persistent_activation,2023-01,2023-01,2023-01,2023-09,36,36,E3_m03_central_tail,9
通州区,75,1,pre_existing_contact,2019-09,,,,53,53,E3_m03_central_tail,9
门头沟区,76,0,new_persistent_activation,2024-09,2024-09,2025-03,2025-11,10,10,E3_m03_central_tail,9
顺义区,76,0,no_observed_contact,,,,,0,0,E3_m03_central_tail,9
东城区,65,0,new_persistent_activation,2024-03,2024-03,2024-07,2025-06,18,18,E3_m03_central_tail,12
丰台区,76,0,new_persistent_activation,2021-10,2021-10,2021-10,2022-09,51,51,E3_m03_central_tail,12
大兴区,76,0,new_persistent_activation,2020-02,2020-02,2022-07,2023-06,42,42,E3_m03_central_tail,12
密云区,76,0,transient_only_contact,2025-09,2025-09,,,0,2,E3_m03_central_tail,12
平谷区,76,0,no_observed_contact,,,,,0,0,E3_m03_central_tail,12
延庆区,76,0,pre_existing_contact,2019-09,,,,76,76,E3_m03_central_tail,12
怀柔区,76,0,new_persistent_activation,2021-10,2021-10,2021-10,2022-09,51,51,E3_m03_central_tail,12
房山区,76,0,pre_existing_contact,2019-09,,,,76,76,E3_m03_central_tail,12
昌平区,76,0,new_persistent_activation,2024-03,2024-03,2024-08,2025-07,17,17,E3_m03_central_tail,12
朝阳区,76,0,no_observed_contact,,,,,0,0,E3_m03_central_tail,12
海淀区,76,0,new_persistent_activation,2023-01,2023-01,2023-08,2024-07,29,29,E3_m03_central_tail,12
石景山区,76,0,other_observed_contact,2025-05,2025-05,,,8,8,E3_m03_central_tail,12
西城区,65,0,new_persistent_activation,2023-01,2023-01,2023-01,2023-12,36,36,E3_m03_central_tail,12
通州区,75,1,pre_existing_contact,2019-09,,,,53,53,E3_m03_central_tail,12
门头沟区,76,0,other_observed_contact,2024-09,2024-09,,,10,10,E3_m03_central_tail,12
顺义区,76,0,no_observed_contact,,,,,0,0,E3_m03_central_tail,12
东城区,65,0,new_persistent_activation,2024-09,2024-09,2024-09,2024-11,16,16,E3_zero_extend,3
丰台区,76,0,new_persistent_activation,2022-01,2022-01,2022-01,2022-03,48,48,E3_zero_extend,3
大兴区,76,0,new_persistent_activation,2021-10,2021-10,2021-10,2021-12,29,29,E3_zero_extend,3
密云区,76,0,no_observed_contact,,,,,0,0,E3_zero_extend,3
平谷区,76,0,no_observed_contact,,,,,0,0,E3_zero_extend,3
延庆区,76,0,pre_existing_contact,2019-09,,,,76,76,E3_zero_extend,3
怀柔区,76,0,new_persistent_activation,2021-10,2021-10,2021-10,2021-12,51,51,E3_zero_extend,3
房山区,76,0,pre_existing_contact,2019-09,,,,76,76,E3_zero_extend,3
昌平区,76,0,new_persistent_activation,2024-09,2024-09,2024-09,2024-11,16,16,E3_zero_extend,3
朝阳区,76,0,no_observed_contact,,,,,0,0,E3_zero_extend,3
海淀区,76,0,new_persistent_activation,2023-09,2023-09,2023-09,2023-11,28,28,E3_zero_extend,3
石景山区,76,0,other_observed_contact,2025-06,2025-06,2025-06,2025-08,0,6,E3_zero_extend,3
西城区,65,0,new_persistent_activation,2023-09,2023-09,2023-09,2023-11,28,28,E3_zero_extend,3
通州区,75,1,pre_existing_contact,2019-09,,,,53,53,E3_zero_extend,3
门头沟区,76,0,new_persistent_activation,2025-04,2025-04,2025-04,2025-06,9,9,E3_zero_extend,3
顺义区,76,0,no_observed_contact,,,,,0,0,E3_zero_extend,3
东城区,65,0,new_persistent_activation,2024-09,2024-09,2024-09,2025-02,16,16,E3_zero_extend,6
丰台区,76,0,new_persistent_activation,2022-01,2022-01,2022-01,2022-06,48,48,E3_zero_extend,6
大兴区,76,0,new_persistent_activation,2021-10,2021-10,2021-10,2022-03,29,29,E3_zero_extend,6
密云区,76,0,no_observed_contact,,,,,0,0,E3_zero_extend,6
平谷区,76,0,no_observed_contact,,,,,0,0,E3_zero_extend,6
延庆区,76,0,pre_existing_contact,2019-09,,,,76,76,E3_zero_extend,6
怀柔区,76,0,new_persistent_activation,2021-10,2021-10,2021-10,2022-03,51,51,E3_zero_extend,6
房山区,76,0,pre_existing_contact,2019-09,,,,76,76,E3_zero_extend,6
昌平区,76,0,new_persistent_activation,2024-09,2024-09,2024-09,2025-02,16,16,E3_zero_extend,6
朝阳区,76,0,no_observed_contact,,,,,0,0,E3_zero_extend,6
海淀区,76,0,new_persistent_activation,2023-09,2023-09,2023-09,2024-02,28,28,E3_zero_extend,6
石景山区,76,0,other_observed_contact,2025-06,2025-06,2025-06,2025-11,0,6,E3_zero_extend,6
西城区,65,0,new_persistent_activation,2023-09,2023-09,2023-09,2024-02,28,28,E3_zero_extend,6
通州区,75,1,pre_existing_contact,2019-09,,,,53,53,E3_zero_extend,6
门头沟区,76,0,new_persistent_activation,2025-04,2025-04,2025-04,2025-09,9,9,E3_zero_extend,6
顺义区,76,0,no_observed_contact,,,,,0,0,E3_zero_extend,6
东城区,65,0,new_persistent_activation,2024-09,2024-09,2024-09,2025-05,16,16,E3_zero_extend,9
丰台区,76,0,new_persistent_activation,2022-01,2022-01,2022-01,2022-09,48,48,E3_zero_extend,9
大兴区,76,0,new_persistent_activation,2021-10,2021-10,2023-08,2024-04,29,29,E3_zero_extend,9
密云区,76,0,no_observed_contact,,,,,0,0,E3_zero_extend,9
平谷区,76,0,no_observed_contact,,,,,0,0,E3_zero_extend,9
延庆区,76,0,pre_existing_contact,2019-09,,,,76,76,E3_zero_extend,9
怀柔区,76,0,new_persistent_activation,2021-10,2021-10,2021-10,2022-06,51,51,E3_zero_extend,9
房山区,76,0,pre_existing_contact,2019-09,,,,76,76,E3_zero_extend,9
昌平区,76,0,new_persistent_activation,2024-09,2024-09,2024-09,2025-05,16,16,E3_zero_extend,9
朝阳区,76,0,no_observed_contact,,,,,0,0,E3_zero_extend,9
海淀区,76,0,new_persistent_activation,2023-09,2023-09,2023-09,2024-05,28,28,E3_zero_extend,9
石景山区,76,0,transient_only_contact,2025-06,2025-06,,,0,6,E3_zero_extend,9
西城区,65,0,new_persistent_activation,2023-09,2023-09,2023-09,2024-05,28,28,E3_zero_extend,9
通州区,75,1,pre_existing_contact,2019-09,,,,53,53,E3_zero_extend,9
门头沟区,76,0,new_persistent_activation,2025-04,2025-04,2025-04,2025-12,9,9,E3_zero_extend,9
顺义区,76,0,no_observed_contact,,,,,0,0,E3_zero_extend,9
东城区,65,0,new_persistent_activation,2024-09,2024-09,2024-09,2025-08,16,16,E3_zero_extend,12
丰台区,76,0,new_persistent_activation,2022-01,2022-01,2022-01,2022-12,48,48,E3_zero_extend,12
大兴区,76,0,new_persistent_activation,2021-10,2021-10,2023-08,2024-07,29,29,E3_zero_extend,12
密云区,76,0,no_observed_contact,,,,,0,0,E3_zero_extend,12
平谷区,76,0,no_observed_contact,,,,,0,0,E3_zero_extend,12
延庆区,76,0,pre_existing_contact,2019-09,,,,76,76,E3_zero_extend,12
怀柔区,76,0,new_persistent_activation,2021-10,2021-10,2021-10,2022-09,51,51,E3_zero_extend,12
房山区,76,0,pre_existing_contact,2019-09,,,,76,76,E3_zero_extend,12
昌平区,76,0,new_persistent_activation,2024-09,2024-09,2024-09,2025-08,16,16,E3_zero_extend,12
朝阳区,76,0,no_observed_contact,,,,,0,0,E3_zero_extend,12
海淀区,76,0,new_persistent_activation,2023-09,2023-09,2023-09,2024-08,28,28,E3_zero_extend,12
石景山区,76,0,transient_only_contact,2025-06,2025-06,,,0,6,E3_zero_extend,12
西城区,65,0,new_persistent_activation,2023-09,2023-09,2023-09,2024-08,28,28,E3_zero_extend,12
通州区,75,1,pre_existing_contact,2019-09,,,,53,53,E3_zero_extend,12
门头沟区,76,0,other_observed_contact,2025-04,2025-04,,,9,9,E3_zero_extend,12
顺义区,76,0,no_observed_contact,,,,,0,0,E3_zero_extend,12
东城区,65,0,new_persistent_activation,2024-03,2024-03,2024-03,2024-05,18,18,E3_zero_central_tail,3
丰台区,76,0,new_persistent_activation,2021-10,2021-10,2021-10,2021-12,51,51,E3_zero_central_tail,3
大兴区,76,0,new_persistent_activation,2020-02,2020-02,2020-12,2021-02,42,42,E3_zero_central_tail,3
密云区,76,0,transient_only_contact,2025-09,2025-09,,,0,2,E3_zero_central_tail,3
平谷区,76,0,no_observed_contact,,,,,0,0,E3_zero_central_tail,3
延庆区,76,0,pre_existing_contact,2019-09,,,,76,76,E3_zero_central_tail,3
怀柔区,76,0,new_persistent_activation,2021-10,2021-10,2021-10,2021-12,51,51,E3_zero_central_tail,3
房山区,76,0,pre_existing_contact,2019-09,,,,76,76,E3_zero_central_tail,3
昌平区,76,0,new_persistent_activation,2024-03,2024-03,2024-08,2024-10,17,17,E3_zero_central_tail,3
朝阳区,76,0,no_observed_contact,,,,,0,0,E3_zero_central_tail,3
海淀区,76,0,new_persistent_activation,2023-01,2023-01,2023-01,2023-03,29,29,E3_zero_central_tail,3
石景山区,76,0,new_persistent_activation,2025-05,2025-05,2025-05,2025-07,8,8,E3_zero_central_tail,3
西城区,65,0,new_persistent_activation,2023-01,2023-01,2023-01,2023-03,36,36,E3_zero_central_tail,3
通州区,75,1,pre_existing_contact,2019-09,,,,53,53,E3_zero_central_tail,3
门头沟区,76,0,new_persistent_activation,2024-09,2024-09,2024-09,2024-11,10,10,E3_zero_central_tail,3
顺义区,76,0,no_observed_contact,,,,,0,0,E3_zero_central_tail,3
东城区,65,0,new_persistent_activation,2024-03,2024-03,2024-07,2024-12,18,18,E3_zero_central_tail,6
丰台区,76,0,new_persistent_activation,2021-10,2021-10,2021-10,2022-03,51,51,E3_zero_central_tail,6
大兴区,76,0,new_persistent_activation,2020-02,2020-02,2021-07,2021-12,42,42,E3_zero_central_tail,6
密云区,76,0,transient_only_contact,2025-09,2025-09,,,0,2,E3_zero_central_tail,6
平谷区,76,0,no_observed_contact,,,,,0,0,E3_zero_central_tail,6
延庆区,76,0,pre_existing_contact,2019-09,,,,76,76,E3_zero_central_tail,6
怀柔区,76,0,new_persistent_activation,2021-10,2021-10,2021-10,2022-03,51,51,E3_zero_central_tail,6
房山区,76,0,pre_existing_contact,2019-09,,,,76,76,E3_zero_central_tail,6
昌平区,76,0,new_persistent_activation,2024-03,2024-03,2024-08,2025-01,17,17,E3_zero_central_tail,6
朝阳区,76,0,no_observed_contact,,,,,0,0,E3_zero_central_tail,6
海淀区,76,0,new_persistent_activation,2023-01,2023-01,2023-08,2024-01,29,29,E3_zero_central_tail,6
石景山区,76,0,new_persistent_activation,2025-05,2025-05,2025-05,2025-10,8,8,E3_zero_central_tail,6
西城区,65,0,new_persistent_activation,2023-01,2023-01,2023-01,2023-06,36,36,E3_zero_central_tail,6
通州区,75,1,pre_existing_contact,2019-09,,,,53,53,E3_zero_central_tail,6
门头沟区,76,0,new_persistent_activation,2024-09,2024-09,2025-03,2025-08,10,10,E3_zero_central_tail,6
顺义区,76,0,no_observed_contact,,,,,0,0,E3_zero_central_tail,6
东城区,65,0,new_persistent_activation,2024-03,2024-03,2024-07,2025-03,18,18,E3_zero_central_tail,9
丰台区,76,0,new_persistent_activation,2021-10,2021-10,2021-10,2022-06,51,51,E3_zero_central_tail,9
大兴区,76,0,new_persistent_activation,2020-02,2020-02,2021-07,2022-03,42,42,E3_zero_central_tail,9
密云区,76,0,transient_only_contact,2025-09,2025-09,,,0,2,E3_zero_central_tail,9
平谷区,76,0,no_observed_contact,,,,,0,0,E3_zero_central_tail,9
延庆区,76,0,pre_existing_contact,2019-09,,,,76,76,E3_zero_central_tail,9
怀柔区,76,0,new_persistent_activation,2021-10,2021-10,2021-10,2022-06,51,51,E3_zero_central_tail,9
房山区,76,0,pre_existing_contact,2019-09,,,,76,76,E3_zero_central_tail,9
昌平区,76,0,new_persistent_activation,2024-03,2024-03,2024-08,2025-04,17,17,E3_zero_central_tail,9
朝阳区,76,0,no_observed_contact,,,,,0,0,E3_zero_central_tail,9
海淀区,76,0,new_persistent_activation,2023-01,2023-01,2023-08,2024-04,29,29,E3_zero_central_tail,9
石景山区,76,0,other_observed_contact,2025-05,2025-05,,,8,8,E3_zero_central_tail,9
西城区,65,0,new_persistent_activation,2023-01,2023-01,2023-01,2023-09,36,36,E3_zero_central_tail,9
通州区,75,1,pre_existing_contact,2019-09,,,,53,53,E3_zero_central_tail,9
门头沟区,76,0,new_persistent_activation,2024-09,2024-09,2025-03,2025-11,10,10,E3_zero_central_tail,9
顺义区,76,0,no_observed_contact,,,,,0,0,E3_zero_central_tail,9
东城区,65,0,new_persistent_activation,2024-03,2024-03,2024-07,2025-06,18,18,E3_zero_central_tail,12
丰台区,76,0,new_persistent_activation,2021-10,2021-10,2021-10,2022-09,51,51,E3_zero_central_tail,12
大兴区,76,0,new_persistent_activation,2020-02,2020-02,2022-07,2023-06,42,42,E3_zero_central_tail,12
密云区,76,0,transient_only_contact,2025-09,2025-09,,,0,2,E3_zero_central_tail,12
平谷区,76,0,no_observed_contact,,,,,0,0,E3_zero_central_tail,12
延庆区,76,0,pre_existing_contact,2019-09,,,,76,76,E3_zero_central_tail,12
怀柔区,76,0,new_persistent_activation,2021-10,2021-10,2021-10,2022-09,51,51,E3_zero_central_tail,12
房山区,76,0,pre_existing_contact,2019-09,,,,76,76,E3_zero_central_tail,12
昌平区,76,0,new_persistent_activation,2024-03,2024-03,2024-08,2025-07,17,17,E3_zero_central_tail,12
朝阳区,76,0,no_observed_contact,,,,,0,0,E3_zero_central_tail,12
海淀区,76,0,new_persistent_activation,2023-01,2023-01,2023-08,2024-07,29,29,E3_zero_central_tail,12
石景山区,76,0,other_observed_contact,2025-05,2025-05,,,8,8,E3_zero_central_tail,12
西城区,65,0,new_persistent_activation,2023-01,2023-01,2023-01,2023-12,36,36,E3_zero_central_tail,12
通州区,75,1,pre_existing_contact,2019-09,,,,53,53,E3_zero_central_tail,12
门头沟区,76,0,other_observed_contact,2024-09,2024-09,,,10,10,E3_zero_central_tail,12
顺义区,76,0,no_observed_contact,,,,,0,0,E3_zero_central_tail,12
东城区,65,0,new_persistent_activation,2024-10,2024-10,2024-10,2024-12,15,15,E3_p03_extend,3
丰台区,76,0,new_persistent_activation,2022-04,2022-04,2022-04,2022-06,45,45,E3_p03_extend,3
大兴区,76,0,new_persistent_activation,2021-11,2021-11,2021-11,2022-01,29,29,E3_p03_extend,3
密云区,76,0,no_observed_contact,,,,,0,0,E3_p03_extend,3
平谷区,76,0,no_observed_contact,,,,,0,0,E3_p03_extend,3
延庆区,76,0,pre_existing_contact,2019-09,,,,76,76,E3_p03_extend,3
怀柔区,76,0,new_persistent_activation,2021-10,2021-10,2021-10,2021-12,51,51,E3_p03_extend,3
房山区,76,0,pre_existing_contact,2019-09,,,,76,76,E3_p03_extend,3
昌平区,76,0,new_persistent_activation,2024-09,2024-09,2024-09,2024-11,16,16,E3_p03_extend,3
朝阳区,76,0,no_observed_contact,,,,,0,0,E3_p03_extend,3
海淀区,76,0,new_persistent_activation,2023-09,2023-09,2023-09,2023-11,28,28,E3_p03_extend,3
石景山区,76,0,other_observed_contact,2025-06,2025-06,2025-06,2025-08,0,6,E3_p03_extend,3
西城区,65,0,new_persistent_activation,2023-10,2023-10,2023-10,2023-12,27,27,E3_p03_extend,3
通州区,75,1,pre_existing_contact,2019-09,,,,53,53,E3_p03_extend,3
门头沟区,76,0,new_persistent_activation,2025-04,2025-04,2025-04,2025-06,9,9,E3_p03_extend,3
顺义区,76,0,no_observed_contact,,,,,0,0,E3_p03_extend,3
东城区,65,0,new_persistent_activation,2024-10,2024-10,2024-10,2025-03,15,15,E3_p03_extend,6
丰台区,76,0,new_persistent_activation,2022-04,2022-04,2022-04,2022-09,45,45,E3_p03_extend,6
大兴区,76,0,new_persistent_activation,2021-11,2021-11,2022-11,2023-04,29,29,E3_p03_extend,6
密云区,76,0,no_observed_contact,,,,,0,0,E3_p03_extend,6
平谷区,76,0,no_observed_contact,,,,,0,0,E3_p03_extend,6
延庆区,76,0,pre_existing_contact,2019-09,,,,76,76,E3_p03_extend,6
怀柔区,76,0,new_persistent_activation,2021-10,2021-10,2021-10,2022-03,51,51,E3_p03_extend,6
房山区,76,0,pre_existing_contact,2019-09,,,,76,76,E3_p03_extend,6
昌平区,76,0,new_persistent_activation,2024-09,2024-09,2024-09,2025-02,16,16,E3_p03_extend,6
朝阳区,76,0,no_observed_contact,,,,,0,0,E3_p03_extend,6
海淀区,76,0,new_persistent_activation,2023-09,2023-09,2023-09,2024-02,28,28,E3_p03_extend,6
石景山区,76,0,other_observed_contact,2025-06,2025-06,2025-06,2025-11,0,6,E3_p03_extend,6
西城区,65,0,new_persistent_activation,2023-10,2023-10,2023-10,2024-03,27,27,E3_p03_extend,6
通州区,75,1,pre_existing_contact,2019-09,,,,53,53,E3_p03_extend,6
门头沟区,76,0,new_persistent_activation,2025-04,2025-04,2025-04,2025-09,9,9,E3_p03_extend,6
顺义区,76,0,no_observed_contact,,,,,0,0,E3_p03_extend,6
东城区,65,0,new_persistent_activation,2024-10,2024-10,2024-10,2025-06,15,15,E3_p03_extend,9
丰台区,76,0,new_persistent_activation,2022-04,2022-04,2022-04,2022-12,45,45,E3_p03_extend,9
大兴区,76,0,new_persistent_activation,2021-11,2021-11,2023-08,2024-04,29,29,E3_p03_extend,9
密云区,76,0,no_observed_contact,,,,,0,0,E3_p03_extend,9
平谷区,76,0,no_observed_contact,,,,,0,0,E3_p03_extend,9
延庆区,76,0,pre_existing_contact,2019-09,,,,76,76,E3_p03_extend,9
怀柔区,76,0,new_persistent_activation,2021-10,2021-10,2021-10,2022-06,51,51,E3_p03_extend,9
房山区,76,0,pre_existing_contact,2019-09,,,,76,76,E3_p03_extend,9
昌平区,76,0,new_persistent_activation,2024-09,2024-09,2024-09,2025-05,16,16,E3_p03_extend,9
朝阳区,76,0,no_observed_contact,,,,,0,0,E3_p03_extend,9
海淀区,76,0,new_persistent_activation,2023-09,2023-09,2023-09,2024-05,28,28,E3_p03_extend,9
石景山区,76,0,transient_only_contact,2025-06,2025-06,,,0,6,E3_p03_extend,9
西城区,65,0,new_persistent_activation,2023-10,2023-10,2023-10,2024-06,27,27,E3_p03_extend,9
通州区,75,1,pre_existing_contact,2019-09,,,,53,53,E3_p03_extend,9
门头沟区,76,0,new_persistent_activation,2025-04,2025-04,2025-04,2025-12,9,9,E3_p03_extend,9
顺义区,76,0,no_observed_contact,,,,,0,0,E3_p03_extend,9
东城区,65,0,new_persistent_activation,2024-10,2024-10,2024-10,2025-09,15,15,E3_p03_extend,12
丰台区,76,0,new_persistent_activation,2022-04,2022-04,2022-04,2023-03,45,45,E3_p03_extend,12
大兴区,76,0,new_persistent_activation,2021-11,2021-11,2023-08,2024-07,29,29,E3_p03_extend,12
密云区,76,0,no_observed_contact,,,,,0,0,E3_p03_extend,12
平谷区,76,0,no_observed_contact,,,,,0,0,E3_p03_extend,12
延庆区,76,0,pre_existing_contact,2019-09,,,,76,76,E3_p03_extend,12
怀柔区,76,0,new_persistent_activation,2021-10,2021-10,2021-10,2022-09,51,51,E3_p03_extend,12
房山区,76,0,pre_existing_contact,2019-09,,,,76,76,E3_p03_extend,12
昌平区,76,0,new_persistent_activation,2024-09,2024-09,2024-09,2025-08,16,16,E3_p03_extend,12
朝阳区,76,0,no_observed_contact,,,,,0,0,E3_p03_extend,12
海淀区,76,0,new_persistent_activation,2023-09,2023-09,2023-09,2024-08,28,28,E3_p03_extend,12
石景山区,76,0,transient_only_contact,2025-06,2025-06,,,0,6,E3_p03_extend,12
西城区,65,0,new_persistent_activation,2023-10,2023-10,2023-10,2024-09,27,27,E3_p03_extend,12
通州区,75,1,pre_existing_contact,2019-09,,,,53,53,E3_p03_extend,12
门头沟区,76,0,other_observed_contact,2025-04,2025-04,,,9,9,E3_p03_extend,12
顺义区,76,0,no_observed_contact,,,,,0,0,E3_p03_extend,12
东城区,65,0,new_persistent_activation,2024-03,2024-03,2024-03,2024-05,18,18,E3_p03_central_tail,3
丰台区,76,0,new_persistent_activation,2021-10,2021-10,2021-10,2021-12,51,51,E3_p03_central_tail,3
大兴区,76,0,new_persistent_activation,2020-02,2020-02,2020-12,2021-02,42,42,E3_p03_central_tail,3
密云区,76,0,transient_only_contact,2025-09,2025-09,,,0,2,E3_p03_central_tail,3
平谷区,76,0,no_observed_contact,,,,,0,0,E3_p03_central_tail,3
延庆区,76,0,pre_existing_contact,2019-09,,,,76,76,E3_p03_central_tail,3
怀柔区,76,0,new_persistent_activation,2021-10,2021-10,2021-10,2021-12,51,51,E3_p03_central_tail,3
房山区,76,0,pre_existing_contact,2019-09,,,,76,76,E3_p03_central_tail,3
昌平区,76,0,new_persistent_activation,2024-03,2024-03,2024-08,2024-10,17,17,E3_p03_central_tail,3
朝阳区,76,0,no_observed_contact,,,,,0,0,E3_p03_central_tail,3
海淀区,76,0,new_persistent_activation,2023-01,2023-01,2023-01,2023-03,29,29,E3_p03_central_tail,3
石景山区,76,0,new_persistent_activation,2025-05,2025-05,2025-05,2025-07,8,8,E3_p03_central_tail,3
西城区,65,0,new_persistent_activation,2023-01,2023-01,2023-01,2023-03,36,36,E3_p03_central_tail,3
通州区,75,1,pre_existing_contact,2019-09,,,,53,53,E3_p03_central_tail,3
门头沟区,76,0,new_persistent_activation,2024-09,2024-09,2024-09,2024-11,10,10,E3_p03_central_tail,3
顺义区,76,0,no_observed_contact,,,,,0,0,E3_p03_central_tail,3
东城区,65,0,new_persistent_activation,2024-03,2024-03,2024-07,2024-12,18,18,E3_p03_central_tail,6
丰台区,76,0,new_persistent_activation,2021-10,2021-10,2021-10,2022-03,51,51,E3_p03_central_tail,6
大兴区,76,0,new_persistent_activation,2020-02,2020-02,2021-07,2021-12,42,42,E3_p03_central_tail,6
密云区,76,0,transient_only_contact,2025-09,2025-09,,,0,2,E3_p03_central_tail,6
平谷区,76,0,no_observed_contact,,,,,0,0,E3_p03_central_tail,6
延庆区,76,0,pre_existing_contact,2019-09,,,,76,76,E3_p03_central_tail,6
怀柔区,76,0,new_persistent_activation,2021-10,2021-10,2021-10,2022-03,51,51,E3_p03_central_tail,6
房山区,76,0,pre_existing_contact,2019-09,,,,76,76,E3_p03_central_tail,6
昌平区,76,0,new_persistent_activation,2024-03,2024-03,2024-08,2025-01,17,17,E3_p03_central_tail,6
朝阳区,76,0,no_observed_contact,,,,,0,0,E3_p03_central_tail,6
海淀区,76,0,new_persistent_activation,2023-01,2023-01,2023-08,2024-01,29,29,E3_p03_central_tail,6
石景山区,76,0,new_persistent_activation,2025-05,2025-05,2025-05,2025-10,8,8,E3_p03_central_tail,6
西城区,65,0,new_persistent_activation,2023-01,2023-01,2023-01,2023-06,36,36,E3_p03_central_tail,6
通州区,75,1,pre_existing_contact,2019-09,,,,53,53,E3_p03_central_tail,6
门头沟区,76,0,new_persistent_activation,2024-09,2024-09,2025-03,2025-08,10,10,E3_p03_central_tail,6
顺义区,76,0,no_observed_contact,,,,,0,0,E3_p03_central_tail,6
东城区,65,0,new_persistent_activation,2024-03,2024-03,2024-07,2025-03,18,18,E3_p03_central_tail,9
丰台区,76,0,new_persistent_activation,2021-10,2021-10,2021-10,2022-06,51,51,E3_p03_central_tail,9
大兴区,76,0,new_persistent_activation,2020-02,2020-02,2021-07,2022-03,42,42,E3_p03_central_tail,9
密云区,76,0,transient_only_contact,2025-09,2025-09,,,0,2,E3_p03_central_tail,9
平谷区,76,0,no_observed_contact,,,,,0,0,E3_p03_central_tail,9
延庆区,76,0,pre_existing_contact,2019-09,,,,76,76,E3_p03_central_tail,9
怀柔区,76,0,new_persistent_activation,2021-10,2021-10,2021-10,2022-06,51,51,E3_p03_central_tail,9
房山区,76,0,pre_existing_contact,2019-09,,,,76,76,E3_p03_central_tail,9
昌平区,76,0,new_persistent_activation,2024-03,2024-03,2024-08,2025-04,17,17,E3_p03_central_tail,9
朝阳区,76,0,no_observed_contact,,,,,0,0,E3_p03_central_tail,9
海淀区,76,0,new_persistent_activation,2023-01,2023-01,2023-08,2024-04,29,29,E3_p03_central_tail,9
石景山区,76,0,other_observed_contact,2025-05,2025-05,,,8,8,E3_p03_central_tail,9
西城区,65,0,new_persistent_activation,2023-01,2023-01,2023-01,2023-09,36,36,E3_p03_central_tail,9
通州区,75,1,pre_existing_contact,2019-09,,,,53,53,E3_p03_central_tail,9
门头沟区,76,0,new_persistent_activation,2024-09,2024-09,2025-03,2025-11,10,10,E3_p03_central_tail,9
顺义区,76,0,no_observed_contact,,,,,0,0,E3_p03_central_tail,9
东城区,65,0,new_persistent_activation,2024-03,2024-03,2024-07,2025-06,18,18,E3_p03_central_tail,12
丰台区,76,0,new_persistent_activation,2021-10,2021-10,2021-10,2022-09,51,51,E3_p03_central_tail,12
大兴区,76,0,new_persistent_activation,2020-02,2020-02,2022-07,2023-06,42,42,E3_p03_central_tail,12
密云区,76,0,transient_only_contact,2025-09,2025-09,,,0,2,E3_p03_central_tail,12
平谷区,76,0,no_observed_contact,,,,,0,0,E3_p03_central_tail,12
延庆区,76,0,pre_existing_contact,2019-09,,,,76,76,E3_p03_central_tail,12
怀柔区,76,0,new_persistent_activation,2021-10,2021-10,2021-10,2022-09,51,51,E3_p03_central_tail,12
房山区,76,0,pre_existing_contact,2019-09,,,,76,76,E3_p03_central_tail,12
昌平区,76,0,new_persistent_activation,2024-03,2024-03,2024-08,2025-07,17,17,E3_p03_central_tail,12
朝阳区,76,0,no_observed_contact,,,,,0,0,E3_p03_central_tail,12
海淀区,76,0,new_persistent_activation,2023-01,2023-01,2023-08,2024-07,29,29,E3_p03_central_tail,12
石景山区,76,0,other_observed_contact,2025-05,2025-05,,,8,8,E3_p03_central_tail,12
西城区,65,0,new_persistent_activation,2023-01,2023-01,2023-01,2023-12,36,36,E3_p03_central_tail,12
通州区,75,1,pre_existing_contact,2019-09,,,,53,53,E3_p03_central_tail,12
门头沟区,76,0,other_observed_contact,2024-09,2024-09,,,10,10,E3_p03_central_tail,12
顺义区,76,0,no_observed_contact,,,,,0,0,E3_p03_central_tail,12
东城区,65,0,new_persistent_activation,2023-01,2023-01,2023-01,2023-03,36,36,E4_m03_extend,3
丰台区,76,0,new_persistent_activation,2020-11,2020-11,2020-11,2021-01,62,62,E4_m03_extend,3
大兴区,76,0,pre_existing_contact,2019-09,,,,76,76,E4_m03_extend,3
密云区,76,0,new_persistent_activation,2025-08,2025-08,2025-08,2025-10,5,5,E4_m03_extend,3
平谷区,76,0,other_observed_contact,2025-09,2025-09,2025-09,2025-11,0,3,E4_m03_extend,3
延庆区,76,0,pre_existing_contact,2019-09,,,,76,76,E4_m03_extend,3
怀柔区,76,0,new_persistent_activation,2021-06,2021-06,2021-06,2021-08,55,55,E4_m03_extend,3
房山区,76,0,pre_existing_contact,2019-09,,,,76,76,E4_m03_extend,3
昌平区,76,0,new_persistent_activation,2023-10,2023-10,2023-10,2023-12,27,27,E4_m03_extend,3
朝阳区,76,0,new_persistent_activation,2025-10,2025-10,2025-10,2025-12,3,3,E4_m03_extend,3
海淀区,76,0,new_persistent_activation,2022-02,2022-02,2022-02,2022-04,42,42,E4_m03_extend,3
石景山区,76,0,new_persistent_activation,2024-08,2024-08,2024-08,2024-10,17,17,E4_m03_extend,3
西城区,65,0,new_persistent_activation,2022-04,2022-04,2022-04,2022-06,45,45,E4_m03_extend,3
通州区,75,1,pre_existing_contact,2019-09,,,,53,53,E4_m03_extend,3
门头沟区,76,0,new_persistent_activation,2024-08,2024-08,2024-08,2024-10,17,17,E4_m03_extend,3
顺义区,76,0,no_observed_contact,,,,,0,0,E4_m03_extend,3
东城区,65,0,new_persistent_activation,2023-01,2023-01,2023-01,2023-06,36,36,E4_m03_extend,6
丰台区,76,0,new_persistent_activation,2020-11,2020-11,2020-11,2021-04,62,62,E4_m03_extend,6
大兴区,76,0,pre_existing_contact,2019-09,,,,76,76,E4_m03_extend,6
密云区,76,0,other_observed_contact,2025-08,2025-08,,,5,5,E4_m03_extend,6
平谷区,76,0,transient_only_contact,2025-09,2025-09,,,0,3,E4_m03_extend,6
延庆区,76,0,pre_existing_contact,2019-09,,,,76,76,E4_m03_extend,6
怀柔区,76,0,new_persistent_activation,2021-06,2021-06,2021-06,2021-11,55,55,E4_m03_extend,6
房山区,76,0,pre_existing_contact,2019-09,,,,76,76,E4_m03_extend,6
昌平区,76,0,new_persistent_activation,2023-10,2023-10,2023-10,2024-03,27,27,E4_m03_extend,6
朝阳区,76,0,other_observed_contact,2025-10,2025-10,,,3,3,E4_m03_extend,6
海淀区,76,0,new_persistent_activation,2022-02,2022-02,2022-07,2022-12,42,42,E4_m03_extend,6
石景山区,76,0,new_persistent_activation,2024-08,2024-08,2024-08,2025-01,17,17,E4_m03_extend,6
西城区,65,0,new_persistent_activation,2022-04,2022-04,2022-04,2022-09,45,45,E4_m03_extend,6
通州区,75,1,pre_existing_contact,2019-09,,,,53,53,E4_m03_extend,6
门头沟区,76,0,new_persistent_activation,2024-08,2024-08,2024-08,2025-01,17,17,E4_m03_extend,6
顺义区,76,0,no_observed_contact,,,,,0,0,E4_m03_extend,6
东城区,65,0,new_persistent_activation,2023-01,2023-01,2023-01,2023-09,36,36,E4_m03_extend,9
丰台区,76,0,new_persistent_activation,2020-11,2020-11,2020-11,2021-07,62,62,E4_m03_extend,9
大兴区,76,0,pre_existing_contact,2019-09,,,,76,76,E4_m03_extend,9
密云区,76,0,other_observed_contact,2025-08,2025-08,,,5,5,E4_m03_extend,9
平谷区,76,0,transient_only_contact,2025-09,2025-09,,,0,3,E4_m03_extend,9
延庆区,76,0,pre_existing_contact,2019-09,,,,76,76,E4_m03_extend,9
怀柔区,76,0,new_persistent_activation,2021-06,2021-06,2021-06,2022-02,55,55,E4_m03_extend,9
房山区,76,0,pre_existing_contact,2019-09,,,,76,76,E4_m03_extend,9
昌平区,76,0,new_persistent_activation,2023-10,2023-10,2023-10,2024-06,27,27,E4_m03_extend,9
朝阳区,76,0,other_observed_contact,2025-10,2025-10,,,3,3,E4_m03_extend,9
海淀区,76,0,new_persistent_activation,2022-02,2022-02,2022-07,2023-03,42,42,E4_m03_extend,9
石景山区,76,0,new_persistent_activation,2024-08,2024-08,2024-08,2025-04,17,17,E4_m03_extend,9
西城区,65,0,new_persistent_activation,2022-04,2022-04,2022-04,2022-12,45,45,E4_m03_extend,9
通州区,75,1,pre_existing_contact,2019-09,,,,53,53,E4_m03_extend,9
门头沟区,76,0,new_persistent_activation,2024-08,2024-08,2024-08,2025-04,17,17,E4_m03_extend,9
顺义区,76,0,no_observed_contact,,,,,0,0,E4_m03_extend,9
东城区,65,0,new_persistent_activation,2023-01,2023-01,2023-01,2023-12,36,36,E4_m03_extend,12
丰台区,76,0,new_persistent_activation,2020-11,2020-11,2020-11,2021-10,62,62,E4_m03_extend,12
大兴区,76,0,pre_existing_contact,2019-09,,,,76,76,E4_m03_extend,12
密云区,76,0,other_observed_contact,2025-08,2025-08,,,5,5,E4_m03_extend,12
平谷区,76,0,transient_only_contact,2025-09,2025-09,,,0,3,E4_m03_extend,12
延庆区,76,0,pre_existing_contact,2019-09,,,,76,76,E4_m03_extend,12
怀柔区,76,0,new_persistent_activation,2021-06,2021-06,2021-06,2022-05,55,55,E4_m03_extend,12
房山区,76,0,pre_existing_contact,2019-09,,,,76,76,E4_m03_extend,12
昌平区,76,0,new_persistent_activation,2023-10,2023-10,2023-10,2024-09,27,27,E4_m03_extend,12
朝阳区,76,0,other_observed_contact,2025-10,2025-10,,,3,3,E4_m03_extend,12
海淀区,76,0,new_persistent_activation,2022-02,2022-02,2022-07,2023-06,42,42,E4_m03_extend,12
石景山区,76,0,new_persistent_activation,2024-08,2024-08,2024-08,2025-07,17,17,E4_m03_extend,12
西城区,65,0,new_persistent_activation,2022-04,2022-04,2022-04,2023-03,45,45,E4_m03_extend,12
通州区,75,1,pre_existing_contact,2019-09,,,,53,53,E4_m03_extend,12
门头沟区,76,0,new_persistent_activation,2024-08,2024-08,2024-08,2025-07,17,17,E4_m03_extend,12
顺义区,76,0,no_observed_contact,,,,,0,0,E4_m03_extend,12
东城区,65,0,new_persistent_activation,2024-03,2024-03,2024-03,2024-05,18,18,E4_m03_central_tail,3
丰台区,76,0,new_persistent_activation,2021-10,2021-10,2021-10,2021-12,51,51,E4_m03_central_tail,3
大兴区,76,0,new_persistent_activation,2020-02,2020-02,2020-12,2021-02,42,42,E4_m03_central_tail,3
密云区,76,0,new_persistent_activation,2025-08,2025-08,2025-08,2025-10,5,5,E4_m03_central_tail,3
平谷区,76,0,other_observed_contact,2025-09,2025-09,2025-09,2025-11,0,3,E4_m03_central_tail,3
延庆区,76,0,pre_existing_contact,2019-09,,,,76,76,E4_m03_central_tail,3
怀柔区,76,0,new_persistent_activation,2021-06,2021-06,2021-06,2021-08,55,55,E4_m03_central_tail,3
房山区,76,0,pre_existing_contact,2019-09,,,,76,76,E4_m03_central_tail,3
昌平区,76,0,new_persistent_activation,2024-03,2024-03,2024-08,2024-10,17,17,E4_m03_central_tail,3
朝阳区,76,0,no_observed_contact,,,,,0,0,E4_m03_central_tail,3
海淀区,76,0,new_persistent_activation,2023-01,2023-01,2023-01,2023-03,29,29,E4_m03_central_tail,3
石景山区,76,0,new_persistent_activation,2025-05,2025-05,2025-05,2025-07,8,8,E4_m03_central_tail,3
西城区,65,0,new_persistent_activation,2023-01,2023-01,2023-01,2023-03,36,36,E4_m03_central_tail,3
通州区,75,1,pre_existing_contact,2019-09,,,,53,53,E4_m03_central_tail,3
门头沟区,76,0,new_persistent_activation,2024-09,2024-09,2024-09,2024-11,10,10,E4_m03_central_tail,3
顺义区,76,0,no_observed_contact,,,,,0,0,E4_m03_central_tail,3
东城区,65,0,new_persistent_activation,2024-03,2024-03,2024-07,2024-12,18,18,E4_m03_central_tail,6
丰台区,76,0,new_persistent_activation,2021-10,2021-10,2021-10,2022-03,51,51,E4_m03_central_tail,6
大兴区,76,0,new_persistent_activation,2020-02,2020-02,2021-07,2021-12,42,42,E4_m03_central_tail,6
密云区,76,0,other_observed_contact,2025-08,2025-08,,,5,5,E4_m03_central_tail,6
平谷区,76,0,transient_only_contact,2025-09,2025-09,,,0,3,E4_m03_central_tail,6
延庆区,76,0,pre_existing_contact,2019-09,,,,76,76,E4_m03_central_tail,6
怀柔区,76,0,new_persistent_activation,2021-06,2021-06,2021-06,2021-11,55,55,E4_m03_central_tail,6
房山区,76,0,pre_existing_contact,2019-09,,,,76,76,E4_m03_central_tail,6
昌平区,76,0,new_persistent_activation,2024-03,2024-03,2024-08,2025-01,17,17,E4_m03_central_tail,6
朝阳区,76,0,no_observed_contact,,,,,0,0,E4_m03_central_tail,6
海淀区,76,0,new_persistent_activation,2023-01,2023-01,2023-08,2024-01,29,29,E4_m03_central_tail,6
石景山区,76,0,new_persistent_activation,2025-05,2025-05,2025-05,2025-10,8,8,E4_m03_central_tail,6
西城区,65,0,new_persistent_activation,2023-01,2023-01,2023-01,2023-06,36,36,E4_m03_central_tail,6
通州区,75,1,pre_existing_contact,2019-09,,,,53,53,E4_m03_central_tail,6
门头沟区,76,0,new_persistent_activation,2024-09,2024-09,2025-03,2025-08,10,10,E4_m03_central_tail,6
顺义区,76,0,no_observed_contact,,,,,0,0,E4_m03_central_tail,6
东城区,65,0,new_persistent_activation,2024-03,2024-03,2024-07,2025-03,18,18,E4_m03_central_tail,9
丰台区,76,0,new_persistent_activation,2021-10,2021-10,2021-10,2022-06,51,51,E4_m03_central_tail,9
大兴区,76,0,new_persistent_activation,2020-02,2020-02,2021-07,2022-03,42,42,E4_m03_central_tail,9
密云区,76,0,other_observed_contact,2025-08,2025-08,,,5,5,E4_m03_central_tail,9
平谷区,76,0,transient_only_contact,2025-09,2025-09,,,0,3,E4_m03_central_tail,9
延庆区,76,0,pre_existing_contact,2019-09,,,,76,76,E4_m03_central_tail,9
怀柔区,76,0,new_persistent_activation,2021-06,2021-06,2021-06,2022-02,55,55,E4_m03_central_tail,9
房山区,76,0,pre_existing_contact,2019-09,,,,76,76,E4_m03_central_tail,9
昌平区,76,0,new_persistent_activation,2024-03,2024-03,2024-08,2025-04,17,17,E4_m03_central_tail,9
朝阳区,76,0,no_observed_contact,,,,,0,0,E4_m03_central_tail,9
海淀区,76,0,new_persistent_activation,2023-01,2023-01,2023-08,2024-04,29,29,E4_m03_central_tail,9
石景山区,76,0,other_observed_contact,2025-05,2025-05,,,8,8,E4_m03_central_tail,9
西城区,65,0,new_persistent_activation,2023-01,2023-01,2023-01,2023-09,36,36,E4_m03_central_tail,9
通州区,75,1,pre_existing_contact,2019-09,,,,53,53,E4_m03_central_tail,9
门头沟区,76,0,new_persistent_activation,2024-09,2024-09,2025-03,2025-11,10,10,E4_m03_central_tail,9
顺义区,76,0,no_observed_contact,,,,,0,0,E4_m03_central_tail,9
东城区,65,0,new_persistent_activation,2024-03,2024-03,2024-07,2025-06,18,18,E4_m03_central_tail,12
丰台区,76,0,new_persistent_activation,2021-10,2021-10,2021-10,2022-09,51,51,E4_m03_central_tail,12
大兴区,76,0,new_persistent_activation,2020-02,2020-02,2022-07,2023-06,42,42,E4_m03_central_tail,12
密云区,76,0,other_observed_contact,2025-08,2025-08,,,5,5,E4_m03_central_tail,12
平谷区,76,0,transient_only_contact,2025-09,2025-09,,,0,3,E4_m03_central_tail,12
延庆区,76,0,pre_existing_contact,2019-09,,,,76,76,E4_m03_central_tail,12
怀柔区,76,0,new_persistent_activation,2021-06,2021-06,2021-06,2022-05,55,55,E4_m03_central_tail,12
房山区,76,0,pre_existing_contact,2019-09,,,,76,76,E4_m03_central_tail,12
昌平区,76,0,new_persistent_activation,2024-03,2024-03,2024-08,2025-07,17,17,E4_m03_central_tail,12
朝阳区,76,0,no_observed_contact,,,,,0,0,E4_m03_central_tail,12
海淀区,76,0,new_persistent_activation,2023-01,2023-01,2023-08,2024-07,29,29,E4_m03_central_tail,12
石景山区,76,0,other_observed_contact,2025-05,2025-05,,,8,8,E4_m03_central_tail,12
西城区,65,0,new_persistent_activation,2023-01,2023-01,2023-01,2023-12,36,36,E4_m03_central_tail,12
通州区,75,1,pre_existing_contact,2019-09,,,,53,53,E4_m03_central_tail,12
门头沟区,76,0,other_observed_contact,2024-09,2024-09,,,10,10,E4_m03_central_tail,12
顺义区,76,0,no_observed_contact,,,,,0,0,E4_m03_central_tail,12
东城区,65,0,new_persistent_activation,2023-02,2023-02,2023-02,2023-04,35,35,E4_zero_extend,3
丰台区,76,0,new_persistent_activation,2020-11,2020-11,2020-11,2021-01,62,62,E4_zero_extend,3
大兴区,76,0,pre_existing_contact,2019-09,,,,76,76,E4_zero_extend,3
密云区,76,0,new_persistent_activation,2025-08,2025-08,2025-08,2025-10,5,5,E4_zero_extend,3
平谷区,76,0,transient_only_contact,2025-09,2025-09,,,0,2,E4_zero_extend,3
延庆区,76,0,pre_existing_contact,2019-09,,,,76,76,E4_zero_extend,3
怀柔区,76,0,new_persistent_activation,2021-07,2021-07,2021-07,2021-09,54,54,E4_zero_extend,3
房山区,76,0,pre_existing_contact,2019-09,,,,76,76,E4_zero_extend,3
昌平区,76,0,new_persistent_activation,2023-10,2023-10,2023-10,2023-12,27,27,E4_zero_extend,3
朝阳区,76,0,other_observed_contact,2025-11,2025-11,,,2,2,E4_zero_extend,3
海淀区,76,0,new_persistent_activation,2022-02,2022-02,2022-02,2022-04,42,42,E4_zero_extend,3
石景山区,76,0,new_persistent_activation,2024-08,2024-08,2024-08,2024-10,17,17,E4_zero_extend,3
西城区,65,0,new_persistent_activation,2022-05,2022-05,2022-05,2022-07,44,44,E4_zero_extend,3
通州区,75,1,pre_existing_contact,2019-09,,,,53,53,E4_zero_extend,3
门头沟区,76,0,new_persistent_activation,2024-08,2024-08,2024-08,2024-10,17,17,E4_zero_extend,3
顺义区,76,0,no_observed_contact,,,,,0,0,E4_zero_extend,3
东城区,65,0,new_persistent_activation,2023-02,2023-02,2023-02,2023-07,35,35,E4_zero_extend,6
丰台区,76,0,new_persistent_activation,2020-11,2020-11,2020-11,2021-04,62,62,E4_zero_extend,6
大兴区,76,0,pre_existing_contact,2019-09,,,,76,76,E4_zero_extend,6
密云区,76,0,other_observed_contact,2025-08,2025-08,,,5,5,E4_zero_extend,6
平谷区,76,0,transient_only_contact,2025-09,2025-09,,,0,2,E4_zero_extend,6
延庆区,76,0,pre_existing_contact,2019-09,,,,76,76,E4_zero_extend,6
怀柔区,76,0,new_persistent_activation,2021-07,2021-07,2021-07,2021-12,54,54,E4_zero_extend,6
房山区,76,0,pre_existing_contact,2019-09,,,,76,76,E4_zero_extend,6
昌平区,76,0,new_persistent_activation,2023-10,2023-10,2023-10,2024-03,27,27,E4_zero_extend,6
朝阳区,76,0,other_observed_contact,2025-11,2025-11,,,2,2,E4_zero_extend,6
海淀区,76,0,new_persistent_activation,2022-02,2022-02,2022-07,2022-12,42,42,E4_zero_extend,6
石景山区,76,0,new_persistent_activation,2024-08,2024-08,2024-08,2025-01,17,17,E4_zero_extend,6
西城区,65,0,new_persistent_activation,2022-05,2022-05,2022-05,2022-10,44,44,E4_zero_extend,6
通州区,75,1,pre_existing_contact,2019-09,,,,53,53,E4_zero_extend,6
门头沟区,76,0,new_persistent_activation,2024-08,2024-08,2024-08,2025-01,17,17,E4_zero_extend,6
顺义区,76,0,no_observed_contact,,,,,0,0,E4_zero_extend,6
东城区,65,0,new_persistent_activation,2023-02,2023-02,2023-02,2023-10,35,35,E4_zero_extend,9
丰台区,76,0,new_persistent_activation,2020-11,2020-11,2020-11,2021-07,62,62,E4_zero_extend,9
大兴区,76,0,pre_existing_contact,2019-09,,,,76,76,E4_zero_extend,9
密云区,76,0,other_observed_contact,2025-08,2025-08,,,5,5,E4_zero_extend,9
平谷区,76,0,transient_only_contact,2025-09,2025-09,,,0,2,E4_zero_extend,9
延庆区,76,0,pre_existing_contact,2019-09,,,,76,76,E4_zero_extend,9
怀柔区,76,0,new_persistent_activation,2021-07,2021-07,2021-07,2022-03,54,54,E4_zero_extend,9
房山区,76,0,pre_existing_contact,2019-09,,,,76,76,E4_zero_extend,9
昌平区,76,0,new_persistent_activation,2023-10,2023-10,2023-10,2024-06,27,27,E4_zero_extend,9
朝阳区,76,0,other_observed_contact,2025-11,2025-11,,,2,2,E4_zero_extend,9
海淀区,76,0,new_persistent_activation,2022-02,2022-02,2022-07,2023-03,42,42,E4_zero_extend,9
石景山区,76,0,new_persistent_activation,2024-08,2024-08,2024-08,2025-04,17,17,E4_zero_extend,9
西城区,65,0,new_persistent_activation,2022-05,2022-05,2022-05,2023-01,44,44,E4_zero_extend,9
通州区,75,1,pre_existing_contact,2019-09,,,,53,53,E4_zero_extend,9
门头沟区,76,0,new_persistent_activation,2024-08,2024-08,2024-08,2025-04,17,17,E4_zero_extend,9
顺义区,76,0,no_observed_contact,,,,,0,0,E4_zero_extend,9
东城区,65,0,new_persistent_activation,2023-02,2023-02,2023-02,2024-01,35,35,E4_zero_extend,12
丰台区,76,0,new_persistent_activation,2020-11,2020-11,2020-11,2021-10,62,62,E4_zero_extend,12
大兴区,76,0,pre_existing_contact,2019-09,,,,76,76,E4_zero_extend,12
密云区,76,0,other_observed_contact,2025-08,2025-08,,,5,5,E4_zero_extend,12
平谷区,76,0,transient_only_contact,2025-09,2025-09,,,0,2,E4_zero_extend,12
延庆区,76,0,pre_existing_contact,2019-09,,,,76,76,E4_zero_extend,12
怀柔区,76,0,new_persistent_activation,2021-07,2021-07,2021-07,2022-06,54,54,E4_zero_extend,12
房山区,76,0,pre_existing_contact,2019-09,,,,76,76,E4_zero_extend,12
昌平区,76,0,new_persistent_activation,2023-10,2023-10,2023-10,2024-09,27,27,E4_zero_extend,12
朝阳区,76,0,other_observed_contact,2025-11,2025-11,,,2,2,E4_zero_extend,12
海淀区,76,0,new_persistent_activation,2022-02,2022-02,2022-07,2023-06,42,42,E4_zero_extend,12
石景山区,76,0,new_persistent_activation,2024-08,2024-08,2024-08,2025-07,17,17,E4_zero_extend,12
西城区,65,0,new_persistent_activation,2022-05,2022-05,2022-05,2023-04,44,44,E4_zero_extend,12
通州区,75,1,pre_existing_contact,2019-09,,,,53,53,E4_zero_extend,12
门头沟区,76,0,new_persistent_activation,2024-08,2024-08,2024-08,2025-07,17,17,E4_zero_extend,12
顺义区,76,0,no_observed_contact,,,,,0,0,E4_zero_extend,12
东城区,65,0,new_persistent_activation,2024-03,2024-03,2024-03,2024-05,18,18,E4_zero_central_tail,3
丰台区,76,0,new_persistent_activation,2021-10,2021-10,2021-10,2021-12,51,51,E4_zero_central_tail,3
大兴区,76,0,new_persistent_activation,2020-02,2020-02,2020-12,2021-02,42,42,E4_zero_central_tail,3
密云区,76,0,new_persistent_activation,2025-08,2025-08,2025-08,2025-10,5,5,E4_zero_central_tail,3
平谷区,76,0,transient_only_contact,2025-09,2025-09,,,0,2,E4_zero_central_tail,3
延庆区,76,0,pre_existing_contact,2019-09,,,,76,76,E4_zero_central_tail,3
怀柔区,76,0,new_persistent_activation,2021-07,2021-07,2021-07,2021-09,54,54,E4_zero_central_tail,3
房山区,76,0,pre_existing_contact,2019-09,,,,76,76,E4_zero_central_tail,3
昌平区,76,0,new_persistent_activation,2024-03,2024-03,2024-08,2024-10,17,17,E4_zero_central_tail,3
朝阳区,76,0,no_observed_contact,,,,,0,0,E4_zero_central_tail,3
海淀区,76,0,new_persistent_activation,2023-01,2023-01,2023-01,2023-03,29,29,E4_zero_central_tail,3
石景山区,76,0,new_persistent_activation,2025-05,2025-05,2025-05,2025-07,8,8,E4_zero_central_tail,3
西城区,65,0,new_persistent_activation,2023-01,2023-01,2023-01,2023-03,36,36,E4_zero_central_tail,3
通州区,75,1,pre_existing_contact,2019-09,,,,53,53,E4_zero_central_tail,3
门头沟区,76,0,new_persistent_activation,2024-09,2024-09,2024-09,2024-11,10,10,E4_zero_central_tail,3
顺义区,76,0,no_observed_contact,,,,,0,0,E4_zero_central_tail,3
东城区,65,0,new_persistent_activation,2024-03,2024-03,2024-07,2024-12,18,18,E4_zero_central_tail,6
丰台区,76,0,new_persistent_activation,2021-10,2021-10,2021-10,2022-03,51,51,E4_zero_central_tail,6
大兴区,76,0,new_persistent_activation,2020-02,2020-02,2021-07,2021-12,42,42,E4_zero_central_tail,6
密云区,76,0,other_observed_contact,2025-08,2025-08,,,5,5,E4_zero_central_tail,6
平谷区,76,0,transient_only_contact,2025-09,2025-09,,,0,2,E4_zero_central_tail,6
延庆区,76,0,pre_existing_contact,2019-09,,,,76,76,E4_zero_central_tail,6
怀柔区,76,0,new_persistent_activation,2021-07,2021-07,2021-07,2021-12,54,54,E4_zero_central_tail,6
房山区,76,0,pre_existing_contact,2019-09,,,,76,76,E4_zero_central_tail,6
昌平区,76,0,new_persistent_activation,2024-03,2024-03,2024-08,2025-01,17,17,E4_zero_central_tail,6
朝阳区,76,0,no_observed_contact,,,,,0,0,E4_zero_central_tail,6
海淀区,76,0,new_persistent_activation,2023-01,2023-01,2023-08,2024-01,29,29,E4_zero_central_tail,6
石景山区,76,0,new_persistent_activation,2025-05,2025-05,2025-05,2025-10,8,8,E4_zero_central_tail,6
西城区,65,0,new_persistent_activation,2023-01,2023-01,2023-01,2023-06,36,36,E4_zero_central_tail,6
通州区,75,1,pre_existing_contact,2019-09,,,,53,53,E4_zero_central_tail,6
门头沟区,76,0,new_persistent_activation,2024-09,2024-09,2025-03,2025-08,10,10,E4_zero_central_tail,6
顺义区,76,0,no_observed_contact,,,,,0,0,E4_zero_central_tail,6
东城区,65,0,new_persistent_activation,2024-03,2024-03,2024-07,2025-03,18,18,E4_zero_central_tail,9
丰台区,76,0,new_persistent_activation,2021-10,2021-10,2021-10,2022-06,51,51,E4_zero_central_tail,9
大兴区,76,0,new_persistent_activation,2020-02,2020-02,2021-07,2022-03,42,42,E4_zero_central_tail,9
密云区,76,0,other_observed_contact,2025-08,2025-08,,,5,5,E4_zero_central_tail,9
平谷区,76,0,transient_only_contact,2025-09,2025-09,,,0,2,E4_zero_central_tail,9
延庆区,76,0,pre_existing_contact,2019-09,,,,76,76,E4_zero_central_tail,9
怀柔区,76,0,new_persistent_activation,2021-07,2021-07,2021-07,2022-03,54,54,E4_zero_central_tail,9
房山区,76,0,pre_existing_contact,2019-09,,,,76,76,E4_zero_central_tail,9
昌平区,76,0,new_persistent_activation,2024-03,2024-03,2024-08,2025-04,17,17,E4_zero_central_tail,9
朝阳区,76,0,no_observed_contact,,,,,0,0,E4_zero_central_tail,9
海淀区,76,0,new_persistent_activation,2023-01,2023-01,2023-08,2024-04,29,29,E4_zero_central_tail,9
石景山区,76,0,other_observed_contact,2025-05,2025-05,,,8,8,E4_zero_central_tail,9
西城区,65,0,new_persistent_activation,2023-01,2023-01,2023-01,2023-09,36,36,E4_zero_central_tail,9
通州区,75,1,pre_existing_contact,2019-09,,,,53,53,E4_zero_central_tail,9
门头沟区,76,0,new_persistent_activation,2024-09,2024-09,2025-03,2025-11,10,10,E4_zero_central_tail,9
顺义区,76,0,no_observed_contact,,,,,0,0,E4_zero_central_tail,9
东城区,65,0,new_persistent_activation,2024-03,2024-03,2024-07,2025-06,18,18,E4_zero_central_tail,12
丰台区,76,0,new_persistent_activation,2021-10,2021-10,2021-10,2022-09,51,51,E4_zero_central_tail,12
大兴区,76,0,new_persistent_activation,2020-02,2020-02,2022-07,2023-06,42,42,E4_zero_central_tail,12
密云区,76,0,other_observed_contact,2025-08,2025-08,,,5,5,E4_zero_central_tail,12
平谷区,76,0,transient_only_contact,2025-09,2025-09,,,0,2,E4_zero_central_tail,12
延庆区,76,0,pre_existing_contact,2019-09,,,,76,76,E4_zero_central_tail,12
怀柔区,76,0,new_persistent_activation,2021-07,2021-07,2021-07,2022-06,54,54,E4_zero_central_tail,12
房山区,76,0,pre_existing_contact,2019-09,,,,76,76,E4_zero_central_tail,12
昌平区,76,0,new_persistent_activation,2024-03,2024-03,2024-08,2025-07,17,17,E4_zero_central_tail,12
朝阳区,76,0,no_observed_contact,,,,,0,0,E4_zero_central_tail,12
海淀区,76,0,new_persistent_activation,2023-01,2023-01,2023-08,2024-07,29,29,E4_zero_central_tail,12
石景山区,76,0,other_observed_contact,2025-05,2025-05,,,8,8,E4_zero_central_tail,12
西城区,65,0,new_persistent_activation,2023-01,2023-01,2023-01,2023-12,36,36,E4_zero_central_tail,12
通州区,75,1,pre_existing_contact,2019-09,,,,53,53,E4_zero_central_tail,12
门头沟区,76,0,other_observed_contact,2024-09,2024-09,,,10,10,E4_zero_central_tail,12
顺义区,76,0,no_observed_contact,,,,,0,0,E4_zero_central_tail,12
东城区,65,0,new_persistent_activation,2023-03,2023-03,2023-03,2023-05,29,29,E4_p03_extend,3
丰台区,76,0,new_persistent_activation,2021-01,2021-01,2021-01,2021-03,60,60,E4_p03_extend,3
大兴区,76,0,pre_existing_contact,2019-09,,,,76,76,E4_p03_extend,3
密云区,76,0,new_persistent_activation,2025-08,2025-08,2025-08,2025-10,5,5,E4_p03_extend,3
平谷区,76,0,transient_only_contact,2025-09,2025-09,,,0,2,E4_p03_extend,3
延庆区,76,0,pre_existing_contact,2019-09,,,,76,76,E4_p03_extend,3
怀柔区,76,0,new_persistent_activation,2021-07,2021-07,2021-07,2021-09,54,54,E4_p03_extend,3
房山区,76,0,pre_existing_contact,2019-09,,,,76,76,E4_p03_extend,3
昌平区,76,0,new_persistent_activation,2023-11,2023-11,2023-11,2024-01,26,26,E4_p03_extend,3
朝阳区,76,0,no_observed_contact,,,,,0,0,E4_p03_extend,3
海淀区,76,0,new_persistent_activation,2022-03,2022-03,2022-08,2022-10,41,41,E4_p03_extend,3
石景山区,76,0,new_persistent_activation,2024-08,2024-08,2024-08,2024-10,10,10,E4_p03_extend,3
西城区,65,0,new_persistent_activation,2022-05,2022-05,2022-05,2022-07,44,44,E4_p03_extend,3
通州区,75,1,pre_existing_contact,2019-09,,,,53,53,E4_p03_extend,3
门头沟区,76,0,new_persistent_activation,2024-08,2024-08,2024-08,2024-10,17,17,E4_p03_extend,3
顺义区,76,0,no_observed_contact,,,,,0,0,E4_p03_extend,3
东城区,65,0,new_persistent_activation,2023-03,2023-03,2023-08,2024-01,29,29,E4_p03_extend,6
丰台区,76,0,new_persistent_activation,2021-01,2021-01,2021-01,2021-06,60,60,E4_p03_extend,6
大兴区,76,0,pre_existing_contact,2019-09,,,,76,76,E4_p03_extend,6
密云区,76,0,other_observed_contact,2025-08,2025-08,,,5,5,E4_p03_extend,6
平谷区,76,0,transient_only_contact,2025-09,2025-09,,,0,2,E4_p03_extend,6
延庆区,76,0,pre_existing_contact,2019-09,,,,76,76,E4_p03_extend,6
怀柔区,76,0,new_persistent_activation,2021-07,2021-07,2021-07,2021-12,54,54,E4_p03_extend,6
房山区,76,0,pre_existing_contact,2019-09,,,,76,76,E4_p03_extend,6
昌平区,76,0,new_persistent_activation,2023-11,2023-11,2023-11,2024-04,26,26,E4_p03_extend,6
朝阳区,76,0,no_observed_contact,,,,,0,0,E4_p03_extend,6
海淀区,76,0,new_persistent_activation,2022-03,2022-03,2022-08,2023-01,41,41,E4_p03_extend,6
石景山区,76,0,new_persistent_activation,2024-08,2024-08,2024-08,2025-01,10,10,E4_p03_extend,6
西城区,65,0,new_persistent_activation,2022-05,2022-05,2022-05,2022-10,44,44,E4_p03_extend,6
通州区,75,1,pre_existing_contact,2019-09,,,,53,53,E4_p03_extend,6
门头沟区,76,0,new_persistent_activation,2024-08,2024-08,2024-08,2025-01,17,17,E4_p03_extend,6
顺义区,76,0,no_observed_contact,,,,,0,0,E4_p03_extend,6
东城区,65,0,new_persistent_activation,2023-03,2023-03,2023-08,2024-04,29,29,E4_p03_extend,9
丰台区,76,0,new_persistent_activation,2021-01,2021-01,2021-01,2021-09,60,60,E4_p03_extend,9
大兴区,76,0,pre_existing_contact,2019-09,,,,76,76,E4_p03_extend,9
密云区,76,0,other_observed_contact,2025-08,2025-08,,,5,5,E4_p03_extend,9
平谷区,76,0,transient_only_contact,2025-09,2025-09,,,0,2,E4_p03_extend,9
延庆区,76,0,pre_existing_contact,2019-09,,,,76,76,E4_p03_extend,9
怀柔区,76,0,new_persistent_activation,2021-07,2021-07,2021-07,2022-03,54,54,E4_p03_extend,9
房山区,76,0,pre_existing_contact,2019-09,,,,76,76,E4_p03_extend,9
昌平区,76,0,new_persistent_activation,2023-11,2023-11,2023-11,2024-07,26,26,E4_p03_extend,9
朝阳区,76,0,no_observed_contact,,,,,0,0,E4_p03_extend,9
海淀区,76,0,new_persistent_activation,2022-03,2022-03,2022-08,2023-04,41,41,E4_p03_extend,9
石景山区,76,0,new_persistent_activation,2024-08,2024-08,2025-03,2025-11,10,10,E4_p03_extend,9
西城区,65,0,new_persistent_activation,2022-05,2022-05,2022-05,2023-01,44,44,E4_p03_extend,9
通州区,75,1,pre_existing_contact,2019-09,,,,53,53,E4_p03_extend,9
门头沟区,76,0,new_persistent_activation,2024-08,2024-08,2024-08,2025-04,17,17,E4_p03_extend,9
顺义区,76,0,no_observed_contact,,,,,0,0,E4_p03_extend,9
东城区,65,0,new_persistent_activation,2023-03,2023-03,2023-08,2024-07,29,29,E4_p03_extend,12
丰台区,76,0,new_persistent_activation,2021-01,2021-01,2021-01,2021-12,60,60,E4_p03_extend,12
大兴区,76,0,pre_existing_contact,2019-09,,,,76,76,E4_p03_extend,12
密云区,76,0,other_observed_contact,2025-08,2025-08,,,5,5,E4_p03_extend,12
平谷区,76,0,transient_only_contact,2025-09,2025-09,,,0,2,E4_p03_extend,12
延庆区,76,0,pre_existing_contact,2019-09,,,,76,76,E4_p03_extend,12
怀柔区,76,0,new_persistent_activation,2021-07,2021-07,2021-07,2022-06,54,54,E4_p03_extend,12
房山区,76,0,pre_existing_contact,2019-09,,,,76,76,E4_p03_extend,12
昌平区,76,0,new_persistent_activation,2023-11,2023-11,2023-11,2024-10,26,26,E4_p03_extend,12
朝阳区,76,0,no_observed_contact,,,,,0,0,E4_p03_extend,12
海淀区,76,0,new_persistent_activation,2022-03,2022-03,2022-08,2023-07,41,41,E4_p03_extend,12
石景山区,76,0,other_observed_contact,2024-08,2024-08,,,10,10,E4_p03_extend,12
西城区,65,0,new_persistent_activation,2022-05,2022-05,2022-05,2023-04,44,44,E4_p03_extend,12
通州区,75,1,pre_existing_contact,2019-09,,,,53,53,E4_p03_extend,12
门头沟区,76,0,new_persistent_activation,2024-08,2024-08,2024-08,2025-07,17,17,E4_p03_extend,12
顺义区,76,0,no_observed_contact,,,,,0,0,E4_p03_extend,12
东城区,65,0,new_persistent_activation,2024-03,2024-03,2024-03,2024-05,18,18,E4_p03_central_tail,3
丰台区,76,0,new_persistent_activation,2021-10,2021-10,2021-10,2021-12,51,51,E4_p03_central_tail,3
大兴区,76,0,new_persistent_activation,2020-02,2020-02,2020-12,2021-02,42,42,E4_p03_central_tail,3
密云区,76,0,new_persistent_activation,2025-08,2025-08,2025-08,2025-10,5,5,E4_p03_central_tail,3
平谷区,76,0,transient_only_contact,2025-09,2025-09,,,0,2,E4_p03_central_tail,3
延庆区,76,0,pre_existing_contact,2019-09,,,,76,76,E4_p03_central_tail,3
怀柔区,76,0,new_persistent_activation,2021-07,2021-07,2021-07,2021-09,54,54,E4_p03_central_tail,3
房山区,76,0,pre_existing_contact,2019-09,,,,76,76,E4_p03_central_tail,3
昌平区,76,0,new_persistent_activation,2024-03,2024-03,2024-08,2024-10,17,17,E4_p03_central_tail,3
朝阳区,76,0,no_observed_contact,,,,,0,0,E4_p03_central_tail,3
海淀区,76,0,new_persistent_activation,2023-01,2023-01,2023-01,2023-03,29,29,E4_p03_central_tail,3
石景山区,76,0,new_persistent_activation,2025-05,2025-05,2025-05,2025-07,8,8,E4_p03_central_tail,3
西城区,65,0,new_persistent_activation,2023-01,2023-01,2023-01,2023-03,36,36,E4_p03_central_tail,3
通州区,75,1,pre_existing_contact,2019-09,,,,53,53,E4_p03_central_tail,3
门头沟区,76,0,new_persistent_activation,2024-09,2024-09,2024-09,2024-11,10,10,E4_p03_central_tail,3
顺义区,76,0,no_observed_contact,,,,,0,0,E4_p03_central_tail,3
东城区,65,0,new_persistent_activation,2024-03,2024-03,2024-07,2024-12,18,18,E4_p03_central_tail,6
丰台区,76,0,new_persistent_activation,2021-10,2021-10,2021-10,2022-03,51,51,E4_p03_central_tail,6
大兴区,76,0,new_persistent_activation,2020-02,2020-02,2021-07,2021-12,42,42,E4_p03_central_tail,6
密云区,76,0,other_observed_contact,2025-08,2025-08,,,5,5,E4_p03_central_tail,6
平谷区,76,0,transient_only_contact,2025-09,2025-09,,,0,2,E4_p03_central_tail,6
延庆区,76,0,pre_existing_contact,2019-09,,,,76,76,E4_p03_central_tail,6
怀柔区,76,0,new_persistent_activation,2021-07,2021-07,2021-07,2021-12,54,54,E4_p03_central_tail,6
房山区,76,0,pre_existing_contact,2019-09,,,,76,76,E4_p03_central_tail,6
昌平区,76,0,new_persistent_activation,2024-03,2024-03,2024-08,2025-01,17,17,E4_p03_central_tail,6
朝阳区,76,0,no_observed_contact,,,,,0,0,E4_p03_central_tail,6
海淀区,76,0,new_persistent_activation,2023-01,2023-01,2023-08,2024-01,29,29,E4_p03_central_tail,6
石景山区,76,0,new_persistent_activation,2025-05,2025-05,2025-05,2025-10,8,8,E4_p03_central_tail,6
西城区,65,0,new_persistent_activation,2023-01,2023-01,2023-01,2023-06,36,36,E4_p03_central_tail,6
通州区,75,1,pre_existing_contact,2019-09,,,,53,53,E4_p03_central_tail,6
门头沟区,76,0,new_persistent_activation,2024-09,2024-09,2025-03,2025-08,10,10,E4_p03_central_tail,6
顺义区,76,0,no_observed_contact,,,,,0,0,E4_p03_central_tail,6
东城区,65,0,new_persistent_activation,2024-03,2024-03,2024-07,2025-03,18,18,E4_p03_central_tail,9
丰台区,76,0,new_persistent_activation,2021-10,2021-10,2021-10,2022-06,51,51,E4_p03_central_tail,9
大兴区,76,0,new_persistent_activation,2020-02,2020-02,2021-07,2022-03,42,42,E4_p03_central_tail,9
密云区,76,0,other_observed_contact,2025-08,2025-08,,,5,5,E4_p03_central_tail,9
平谷区,76,0,transient_only_contact,2025-09,2025-09,,,0,2,E4_p03_central_tail,9
延庆区,76,0,pre_existing_contact,2019-09,,,,76,76,E4_p03_central_tail,9
怀柔区,76,0,new_persistent_activation,2021-07,2021-07,2021-07,2022-03,54,54,E4_p03_central_tail,9
房山区,76,0,pre_existing_contact,2019-09,,,,76,76,E4_p03_central_tail,9
昌平区,76,0,new_persistent_activation,2024-03,2024-03,2024-08,2025-04,17,17,E4_p03_central_tail,9
朝阳区,76,0,no_observed_contact,,,,,0,0,E4_p03_central_tail,9
海淀区,76,0,new_persistent_activation,2023-01,2023-01,2023-08,2024-04,29,29,E4_p03_central_tail,9
石景山区,76,0,other_observed_contact,2025-05,2025-05,,,8,8,E4_p03_central_tail,9
西城区,65,0,new_persistent_activation,2023-01,2023-01,2023-01,2023-09,36,36,E4_p03_central_tail,9
通州区,75,1,pre_existing_contact,2019-09,,,,53,53,E4_p03_central_tail,9
门头沟区,76,0,new_persistent_activation,2024-09,2024-09,2025-03,2025-11,10,10,E4_p03_central_tail,9
顺义区,76,0,no_observed_contact,,,,,0,0,E4_p03_central_tail,9
东城区,65,0,new_persistent_activation,2024-03,2024-03,2024-07,2025-06,18,18,E4_p03_central_tail,12
丰台区,76,0,new_persistent_activation,2021-10,2021-10,2021-10,2022-09,51,51,E4_p03_central_tail,12
大兴区,76,0,new_persistent_activation,2020-02,2020-02,2022-07,2023-06,42,42,E4_p03_central_tail,12
密云区,76,0,other_observed_contact,2025-08,2025-08,,,5,5,E4_p03_central_tail,12
平谷区,76,0,transient_only_contact,2025-09,2025-09,,,0,2,E4_p03_central_tail,12
延庆区,76,0,pre_existing_contact,2019-09,,,,76,76,E4_p03_central_tail,12
怀柔区,76,0,new_persistent_activation,2021-07,2021-07,2021-07,2022-06,54,54,E4_p03_central_tail,12
房山区,76,0,pre_existing_contact,2019-09,,,,76,76,E4_p03_central_tail,12
昌平区,76,0,new_persistent_activation,2024-03,2024-03,2024-08,2025-07,17,17,E4_p03_central_tail,12
朝阳区,76,0,no_observed_contact,,,,,0,0,E4_p03_central_tail,12
海淀区,76,0,new_persistent_activation,2023-01,2023-01,2023-08,2024-07,29,29,E4_p03_central_tail,12
石景山区,76,0,other_observed_contact,2025-05,2025-05,,,8,8,E4_p03_central_tail,12
西城区,65,0,new_persistent_activation,2023-01,2023-01,2023-01,2023-12,36,36,E4_p03_central_tail,12
通州区,75,1,pre_existing_contact,2019-09,,,,53,53,E4_p03_central_tail,12
门头沟区,76,0,other_observed_contact,2024-09,2024-09,,,10,10,E4_p03_central_tail,12
顺义区,76,0,no_observed_contact,,,,,0,0,E4_p03_central_tail,12
