year,district,lucc_treatment,beta,analysis_role,urban_land_area_raw_km2,urban_land_area_stock_proxy_km2,urban_land_area_used_km2,urban_land_ratio_to_2020,underground_space_index_2020eq1,layer_no,layer_bucket,layer_fraction,layer_area_index,area_at_or_deeper_index,area_at_or_deeper_fraction,depth_shallow_m,depth_central_m,depth_deep_m,n_assets_profile,absolute_backcast_available,estimated_underground_area_m2,layer_area_m2,area_at_or_deeper_m2,interpolation_flag,qc_flag
1980,东城区,monotone_stock_proxy,1.0,MAIN,42.0,42.0,42.0,1.0,1.0,1,B1,0.588156,0.588156,1.0,1.0,3.5,5.0,5.5,126,False,,,,False,
1980,东城区,monotone_stock_proxy,1.0,MAIN,42.0,42.0,42.0,1.0,1.0,2,B2,0.236361,0.236361,0.411844,0.411844,7.0,9.0,11.0,126,False,,,,False,
1980,东城区,monotone_stock_proxy,1.0,MAIN,42.0,42.0,42.0,1.0,1.0,3,B3,0.133549,0.133549,0.175483,0.175483,10.5,13.0,16.5,126,False,,,,False,
1980,东城区,monotone_stock_proxy,1.0,MAIN,42.0,42.0,42.0,1.0,1.0,4,B4,0.041934,0.041934,0.041934,0.041934,14.0,17.0,22.0,126,False,,,,False,
1980,东城区,monotone_stock_proxy,1.0,MAIN,42.0,42.0,42.0,1.0,1.0,5,B5+,0.0,0.0,0.0,0.0,17.5,21.0,27.5,126,False,,,,False,
1981,东城区,monotone_stock_proxy,1.0,MAIN,,,42.0,1.0,1.0,1,B1,0.588156,0.588156,1.0,1.0,3.5,5.0,5.5,126,False,,,,True,
1981,东城区,monotone_stock_proxy,1.0,MAIN,,,42.0,1.0,1.0,2,B2,0.236361,0.236361,0.411844,0.411844,7.0,9.0,11.0,126,False,,,,True,
1981,东城区,monotone_stock_proxy,1.0,MAIN,,,42.0,1.0,1.0,3,B3,0.133549,0.133549,0.175483,0.175483,10.5,13.0,16.5,126,False,,,,True,
1981,东城区,monotone_stock_proxy,1.0,MAIN,,,42.0,1.0,1.0,4,B4,0.041934,0.041934,0.041934,0.041934,14.0,17.0,22.0,126,False,,,,True,
1981,东城区,monotone_stock_proxy,1.0,MAIN,,,42.0,1.0,1.0,5,B5+,0.0,0.0,0.0,0.0,17.5,21.0,27.5,126,False,,,,True,
1982,东城区,monotone_stock_proxy,1.0,MAIN,,,42.0,1.0,1.0,1,B1,0.588156,0.588156,1.0,1.0,3.5,5.0,5.5,126,False,,,,True,
1982,东城区,monotone_stock_proxy,1.0,MAIN,,,42.0,1.0,1.0,2,B2,0.236361,0.236361,0.411844,0.411844,7.0,9.0,11.0,126,False,,,,True,
1982,东城区,monotone_stock_proxy,1.0,MAIN,,,42.0,1.0,1.0,3,B3,0.133549,0.133549,0.175483,0.175483,10.5,13.0,16.5,126,False,,,,True,
1982,东城区,monotone_stock_proxy,1.0,MAIN,,,42.0,1.0,1.0,4,B4,0.041934,0.041934,0.041934,0.041934,14.0,17.0,22.0,126,False,,,,True,
1982,东城区,monotone_stock_proxy,1.0,MAIN,,,42.0,1.0,1.0,5,B5+,0.0,0.0,0.0,0.0,17.5,21.0,27.5,126,False,,,,True,
1983,东城区,monotone_stock_proxy,1.0,MAIN,,,42.0,1.0,1.0,1,B1,0.588156,0.588156,1.0,1.0,3.5,5.0,5.5,126,False,,,,True,
1983,东城区,monotone_stock_proxy,1.0,MAIN,,,42.0,1.0,1.0,2,B2,0.236361,0.236361,0.411844,0.411844,7.0,9.0,11.0,126,False,,,,True,
1983,东城区,monotone_stock_proxy,1.0,MAIN,,,42.0,1.0,1.0,3,B3,0.133549,0.133549,0.175483,0.175483,10.5,13.0,16.5,126,False,,,,True,
1983,东城区,monotone_stock_proxy,1.0,MAIN,,,42.0,1.0,1.0,4,B4,0.041934,0.041934,0.041934,0.041934,14.0,17.0,22.0,126,False,,,,True,
1983,东城区,monotone_stock_proxy,1.0,MAIN,,,42.0,1.0,1.0,5,B5+,0.0,0.0,0.0,0.0,17.5,21.0,27.5,126,False,,,,True,
1984,东城区,monotone_stock_proxy,1.0,MAIN,,,42.0,1.0,1.0,1,B1,0.588156,0.588156,1.0,1.0,3.5,5.0,5.5,126,False,,,,True,
1984,东城区,monotone_stock_proxy,1.0,MAIN,,,42.0,1.0,1.0,2,B2,0.236361,0.236361,0.411844,0.411844,7.0,9.0,11.0,126,False,,,,True,
1984,东城区,monotone_stock_proxy,1.0,MAIN,,,42.0,1.0,1.0,3,B3,0.133549,0.133549,0.175483,0.175483,10.5,13.0,16.5,126,False,,,,True,
1984,东城区,monotone_stock_proxy,1.0,MAIN,,,42.0,1.0,1.0,4,B4,0.041934,0.041934,0.041934,0.041934,14.0,17.0,22.0,126,False,,,,True,
1984,东城区,monotone_stock_proxy,1.0,MAIN,,,42.0,1.0,1.0,5,B5+,0.0,0.0,0.0,0.0,17.5,21.0,27.5,126,False,,,,True,
1985,东城区,monotone_stock_proxy,1.0,MAIN,,,42.0,1.0,1.0,1,B1,0.588156,0.588156,1.0,1.0,3.5,5.0,5.5,126,False,,,,True,
1985,东城区,monotone_stock_proxy,1.0,MAIN,,,42.0,1.0,1.0,2,B2,0.236361,0.236361,0.411844,0.411844,7.0,9.0,11.0,126,False,,,,True,
1985,东城区,monotone_stock_proxy,1.0,MAIN,,,42.0,1.0,1.0,3,B3,0.133549,0.133549,0.175483,0.175483,10.5,13.0,16.5,126,False,,,,True,
1985,东城区,monotone_stock_proxy,1.0,MAIN,,,42.0,1.0,1.0,4,B4,0.041934,0.041934,0.041934,0.041934,14.0,17.0,22.0,126,False,,,,True,
1985,东城区,monotone_stock_proxy,1.0,MAIN,,,42.0,1.0,1.0,5,B5+,0.0,0.0,0.0,0.0,17.5,21.0,27.5,126,False,,,,True,
1986,东城区,monotone_stock_proxy,1.0,MAIN,,,42.0,1.0,1.0,1,B1,0.588156,0.588156,1.0,1.0,3.5,5.0,5.5,126,False,,,,True,
1986,东城区,monotone_stock_proxy,1.0,MAIN,,,42.0,1.0,1.0,2,B2,0.236361,0.236361,0.411844,0.411844,7.0,9.0,11.0,126,False,,,,True,
1986,东城区,monotone_stock_proxy,1.0,MAIN,,,42.0,1.0,1.0,3,B3,0.133549,0.133549,0.175483,0.175483,10.5,13.0,16.5,126,False,,,,True,
1986,东城区,monotone_stock_proxy,1.0,MAIN,,,42.0,1.0,1.0,4,B4,0.041934,0.041934,0.041934,0.041934,14.0,17.0,22.0,126,False,,,,True,
1986,东城区,monotone_stock_proxy,1.0,MAIN,,,42.0,1.0,1.0,5,B5+,0.0,0.0,0.0,0.0,17.5,21.0,27.5,126,False,,,,True,
1987,东城区,monotone_stock_proxy,1.0,MAIN,,,42.0,1.0,1.0,1,B1,0.588156,0.588156,1.0,1.0,3.5,5.0,5.5,126,False,,,,True,
1987,东城区,monotone_stock_proxy,1.0,MAIN,,,42.0,1.0,1.0,2,B2,0.236361,0.236361,0.411844,0.411844,7.0,9.0,11.0,126,False,,,,True,
1987,东城区,monotone_stock_proxy,1.0,MAIN,,,42.0,1.0,1.0,3,B3,0.133549,0.133549,0.175483,0.175483,10.5,13.0,16.5,126,False,,,,True,
1987,东城区,monotone_stock_proxy,1.0,MAIN,,,42.0,1.0,1.0,4,B4,0.041934,0.041934,0.041934,0.041934,14.0,17.0,22.0,126,False,,,,True,
1987,东城区,monotone_stock_proxy,1.0,MAIN,,,42.0,1.0,1.0,5,B5+,0.0,0.0,0.0,0.0,17.5,21.0,27.5,126,False,,,,True,
1988,东城区,monotone_stock_proxy,1.0,MAIN,,,42.0,1.0,1.0,1,B1,0.588156,0.588156,1.0,1.0,3.5,5.0,5.5,126,False,,,,True,
1988,东城区,monotone_stock_proxy,1.0,MAIN,,,42.0,1.0,1.0,2,B2,0.236361,0.236361,0.411844,0.411844,7.0,9.0,11.0,126,False,,,,True,
1988,东城区,monotone_stock_proxy,1.0,MAIN,,,42.0,1.0,1.0,3,B3,0.133549,0.133549,0.175483,0.175483,10.5,13.0,16.5,126,False,,,,True,
1988,东城区,monotone_stock_proxy,1.0,MAIN,,,42.0,1.0,1.0,4,B4,0.041934,0.041934,0.041934,0.041934,14.0,17.0,22.0,126,False,,,,True,
1988,东城区,monotone_stock_proxy,1.0,MAIN,,,42.0,1.0,1.0,5,B5+,0.0,0.0,0.0,0.0,17.5,21.0,27.5,126,False,,,,True,
1989,东城区,monotone_stock_proxy,1.0,MAIN,,,42.0,1.0,1.0,1,B1,0.588156,0.588156,1.0,1.0,3.5,5.0,5.5,126,False,,,,True,
1989,东城区,monotone_stock_proxy,1.0,MAIN,,,42.0,1.0,1.0,2,B2,0.236361,0.236361,0.411844,0.411844,7.0,9.0,11.0,126,False,,,,True,
1989,东城区,monotone_stock_proxy,1.0,MAIN,,,42.0,1.0,1.0,3,B3,0.133549,0.133549,0.175483,0.175483,10.5,13.0,16.5,126,False,,,,True,
1989,东城区,monotone_stock_proxy,1.0,MAIN,,,42.0,1.0,1.0,4,B4,0.041934,0.041934,0.041934,0.041934,14.0,17.0,22.0,126,False,,,,True,
1989,东城区,monotone_stock_proxy,1.0,MAIN,,,42.0,1.0,1.0,5,B5+,0.0,0.0,0.0,0.0,17.5,21.0,27.5,126,False,,,,True,
1990,东城区,monotone_stock_proxy,1.0,MAIN,40.0,42.0,42.0,1.0,1.0,1,B1,0.588156,0.588156,1.0,1.0,3.5,5.0,5.5,126,False,,,,False,
1990,东城区,monotone_stock_proxy,1.0,MAIN,40.0,42.0,42.0,1.0,1.0,2,B2,0.236361,0.236361,0.411844,0.411844,7.0,9.0,11.0,126,False,,,,False,
1990,东城区,monotone_stock_proxy,1.0,MAIN,40.0,42.0,42.0,1.0,1.0,3,B3,0.133549,0.133549,0.175483,0.175483,10.5,13.0,16.5,126,False,,,,False,
1990,东城区,monotone_stock_proxy,1.0,MAIN,40.0,42.0,42.0,1.0,1.0,4,B4,0.041934,0.041934,0.041934,0.041934,14.0,17.0,22.0,126,False,,,,False,
1990,东城区,monotone_stock_proxy,1.0,MAIN,40.0,42.0,42.0,1.0,1.0,5,B5+,0.0,0.0,0.0,0.0,17.5,21.0,27.5,126,False,,,,False,
1991,东城区,monotone_stock_proxy,1.0,MAIN,,,42.0,1.0,1.0,1,B1,0.588156,0.588156,1.0,1.0,3.5,5.0,5.5,126,False,,,,True,
1991,东城区,monotone_stock_proxy,1.0,MAIN,,,42.0,1.0,1.0,2,B2,0.236361,0.236361,0.411844,0.411844,7.0,9.0,11.0,126,False,,,,True,
1991,东城区,monotone_stock_proxy,1.0,MAIN,,,42.0,1.0,1.0,3,B3,0.133549,0.133549,0.175483,0.175483,10.5,13.0,16.5,126,False,,,,True,
1991,东城区,monotone_stock_proxy,1.0,MAIN,,,42.0,1.0,1.0,4,B4,0.041934,0.041934,0.041934,0.041934,14.0,17.0,22.0,126,False,,,,True,
1991,东城区,monotone_stock_proxy,1.0,MAIN,,,42.0,1.0,1.0,5,B5+,0.0,0.0,0.0,0.0,17.5,21.0,27.5,126,False,,,,True,
1992,东城区,monotone_stock_proxy,1.0,MAIN,,,42.0,1.0,1.0,1,B1,0.588156,0.588156,1.0,1.0,3.5,5.0,5.5,126,False,,,,True,
1992,东城区,monotone_stock_proxy,1.0,MAIN,,,42.0,1.0,1.0,2,B2,0.236361,0.236361,0.411844,0.411844,7.0,9.0,11.0,126,False,,,,True,
1992,东城区,monotone_stock_proxy,1.0,MAIN,,,42.0,1.0,1.0,3,B3,0.133549,0.133549,0.175483,0.175483,10.5,13.0,16.5,126,False,,,,True,
1992,东城区,monotone_stock_proxy,1.0,MAIN,,,42.0,1.0,1.0,4,B4,0.041934,0.041934,0.041934,0.041934,14.0,17.0,22.0,126,False,,,,True,
1992,东城区,monotone_stock_proxy,1.0,MAIN,,,42.0,1.0,1.0,5,B5+,0.0,0.0,0.0,0.0,17.5,21.0,27.5,126,False,,,,True,
1993,东城区,monotone_stock_proxy,1.0,MAIN,,,42.0,1.0,1.0,1,B1,0.588156,0.588156,1.0,1.0,3.5,5.0,5.5,126,False,,,,True,
1993,东城区,monotone_stock_proxy,1.0,MAIN,,,42.0,1.0,1.0,2,B2,0.236361,0.236361,0.411844,0.411844,7.0,9.0,11.0,126,False,,,,True,
1993,东城区,monotone_stock_proxy,1.0,MAIN,,,42.0,1.0,1.0,3,B3,0.133549,0.133549,0.175483,0.175483,10.5,13.0,16.5,126,False,,,,True,
1993,东城区,monotone_stock_proxy,1.0,MAIN,,,42.0,1.0,1.0,4,B4,0.041934,0.041934,0.041934,0.041934,14.0,17.0,22.0,126,False,,,,True,
1993,东城区,monotone_stock_proxy,1.0,MAIN,,,42.0,1.0,1.0,5,B5+,0.0,0.0,0.0,0.0,17.5,21.0,27.5,126,False,,,,True,
1994,东城区,monotone_stock_proxy,1.0,MAIN,,,42.0,1.0,1.0,1,B1,0.588156,0.588156,1.0,1.0,3.5,5.0,5.5,126,False,,,,True,
1994,东城区,monotone_stock_proxy,1.0,MAIN,,,42.0,1.0,1.0,2,B2,0.236361,0.236361,0.411844,0.411844,7.0,9.0,11.0,126,False,,,,True,
1994,东城区,monotone_stock_proxy,1.0,MAIN,,,42.0,1.0,1.0,3,B3,0.133549,0.133549,0.175483,0.175483,10.5,13.0,16.5,126,False,,,,True,
1994,东城区,monotone_stock_proxy,1.0,MAIN,,,42.0,1.0,1.0,4,B4,0.041934,0.041934,0.041934,0.041934,14.0,17.0,22.0,126,False,,,,True,
1994,东城区,monotone_stock_proxy,1.0,MAIN,,,42.0,1.0,1.0,5,B5+,0.0,0.0,0.0,0.0,17.5,21.0,27.5,126,False,,,,True,
1995,东城区,monotone_stock_proxy,1.0,MAIN,42.0,42.0,42.0,1.0,1.0,1,B1,0.588156,0.588156,1.0,1.0,3.5,5.0,5.5,126,False,,,,False,
1995,东城区,monotone_stock_proxy,1.0,MAIN,42.0,42.0,42.0,1.0,1.0,2,B2,0.236361,0.236361,0.411844,0.411844,7.0,9.0,11.0,126,False,,,,False,
1995,东城区,monotone_stock_proxy,1.0,MAIN,42.0,42.0,42.0,1.0,1.0,3,B3,0.133549,0.133549,0.175483,0.175483,10.5,13.0,16.5,126,False,,,,False,
1995,东城区,monotone_stock_proxy,1.0,MAIN,42.0,42.0,42.0,1.0,1.0,4,B4,0.041934,0.041934,0.041934,0.041934,14.0,17.0,22.0,126,False,,,,False,
1995,东城区,monotone_stock_proxy,1.0,MAIN,42.0,42.0,42.0,1.0,1.0,5,B5+,0.0,0.0,0.0,0.0,17.5,21.0,27.5,126,False,,,,False,
1996,东城区,monotone_stock_proxy,1.0,MAIN,,,42.0,1.0,1.0,1,B1,0.588156,0.588156,1.0,1.0,3.5,5.0,5.5,126,False,,,,True,
1996,东城区,monotone_stock_proxy,1.0,MAIN,,,42.0,1.0,1.0,2,B2,0.236361,0.236361,0.411844,0.411844,7.0,9.0,11.0,126,False,,,,True,
1996,东城区,monotone_stock_proxy,1.0,MAIN,,,42.0,1.0,1.0,3,B3,0.133549,0.133549,0.175483,0.175483,10.5,13.0,16.5,126,False,,,,True,
1996,东城区,monotone_stock_proxy,1.0,MAIN,,,42.0,1.0,1.0,4,B4,0.041934,0.041934,0.041934,0.041934,14.0,17.0,22.0,126,False,,,,True,
1996,东城区,monotone_stock_proxy,1.0,MAIN,,,42.0,1.0,1.0,5,B5+,0.0,0.0,0.0,0.0,17.5,21.0,27.5,126,False,,,,True,
1997,东城区,monotone_stock_proxy,1.0,MAIN,,,42.0,1.0,1.0,1,B1,0.588156,0.588156,1.0,1.0,3.5,5.0,5.5,126,False,,,,True,
1997,东城区,monotone_stock_proxy,1.0,MAIN,,,42.0,1.0,1.0,2,B2,0.236361,0.236361,0.411844,0.411844,7.0,9.0,11.0,126,False,,,,True,
1997,东城区,monotone_stock_proxy,1.0,MAIN,,,42.0,1.0,1.0,3,B3,0.133549,0.133549,0.175483,0.175483,10.5,13.0,16.5,126,False,,,,True,
1997,东城区,monotone_stock_proxy,1.0,MAIN,,,42.0,1.0,1.0,4,B4,0.041934,0.041934,0.041934,0.041934,14.0,17.0,22.0,126,False,,,,True,
1997,东城区,monotone_stock_proxy,1.0,MAIN,,,42.0,1.0,1.0,5,B5+,0.0,0.0,0.0,0.0,17.5,21.0,27.5,126,False,,,,True,
1998,东城区,monotone_stock_proxy,1.0,MAIN,,,42.0,1.0,1.0,1,B1,0.588156,0.588156,1.0,1.0,3.5,5.0,5.5,126,False,,,,True,
1998,东城区,monotone_stock_proxy,1.0,MAIN,,,42.0,1.0,1.0,2,B2,0.236361,0.236361,0.411844,0.411844,7.0,9.0,11.0,126,False,,,,True,
1998,东城区,monotone_stock_proxy,1.0,MAIN,,,42.0,1.0,1.0,3,B3,0.133549,0.133549,0.175483,0.175483,10.5,13.0,16.5,126,False,,,,True,
1998,东城区,monotone_stock_proxy,1.0,MAIN,,,42.0,1.0,1.0,4,B4,0.041934,0.041934,0.041934,0.041934,14.0,17.0,22.0,126,False,,,,True,
1998,东城区,monotone_stock_proxy,1.0,MAIN,,,42.0,1.0,1.0,5,B5+,0.0,0.0,0.0,0.0,17.5,21.0,27.5,126,False,,,,True,
1999,东城区,monotone_stock_proxy,1.0,MAIN,,,42.0,1.0,1.0,1,B1,0.588156,0.588156,1.0,1.0,3.5,5.0,5.5,126,False,,,,True,
1999,东城区,monotone_stock_proxy,1.0,MAIN,,,42.0,1.0,1.0,2,B2,0.236361,0.236361,0.411844,0.411844,7.0,9.0,11.0,126,False,,,,True,
1999,东城区,monotone_stock_proxy,1.0,MAIN,,,42.0,1.0,1.0,3,B3,0.133549,0.133549,0.175483,0.175483,10.5,13.0,16.5,126,False,,,,True,
1999,东城区,monotone_stock_proxy,1.0,MAIN,,,42.0,1.0,1.0,4,B4,0.041934,0.041934,0.041934,0.041934,14.0,17.0,22.0,126,False,,,,True,
1999,东城区,monotone_stock_proxy,1.0,MAIN,,,42.0,1.0,1.0,5,B5+,0.0,0.0,0.0,0.0,17.5,21.0,27.5,126,False,,,,True,
2000,东城区,monotone_stock_proxy,1.0,MAIN,42.0,42.0,42.0,1.0,1.0,1,B1,0.588156,0.588156,1.0,1.0,3.5,5.0,5.5,126,False,,,,False,
2000,东城区,monotone_stock_proxy,1.0,MAIN,42.0,42.0,42.0,1.0,1.0,2,B2,0.236361,0.236361,0.411844,0.411844,7.0,9.0,11.0,126,False,,,,False,
2000,东城区,monotone_stock_proxy,1.0,MAIN,42.0,42.0,42.0,1.0,1.0,3,B3,0.133549,0.133549,0.175483,0.175483,10.5,13.0,16.5,126,False,,,,False,
2000,东城区,monotone_stock_proxy,1.0,MAIN,42.0,42.0,42.0,1.0,1.0,4,B4,0.041934,0.041934,0.041934,0.041934,14.0,17.0,22.0,126,False,,,,False,
2000,东城区,monotone_stock_proxy,1.0,MAIN,42.0,42.0,42.0,1.0,1.0,5,B5+,0.0,0.0,0.0,0.0,17.5,21.0,27.5,126,False,,,,False,
2001,东城区,monotone_stock_proxy,1.0,MAIN,,,42.0,1.0,1.0,1,B1,0.588156,0.588156,1.0,1.0,3.5,5.0,5.5,126,False,,,,True,
2001,东城区,monotone_stock_proxy,1.0,MAIN,,,42.0,1.0,1.0,2,B2,0.236361,0.236361,0.411844,0.411844,7.0,9.0,11.0,126,False,,,,True,
2001,东城区,monotone_stock_proxy,1.0,MAIN,,,42.0,1.0,1.0,3,B3,0.133549,0.133549,0.175483,0.175483,10.5,13.0,16.5,126,False,,,,True,
2001,东城区,monotone_stock_proxy,1.0,MAIN,,,42.0,1.0,1.0,4,B4,0.041934,0.041934,0.041934,0.041934,14.0,17.0,22.0,126,False,,,,True,
2001,东城区,monotone_stock_proxy,1.0,MAIN,,,42.0,1.0,1.0,5,B5+,0.0,0.0,0.0,0.0,17.5,21.0,27.5,126,False,,,,True,
2002,东城区,monotone_stock_proxy,1.0,MAIN,,,42.0,1.0,1.0,1,B1,0.588156,0.588156,1.0,1.0,3.5,5.0,5.5,126,False,,,,True,
2002,东城区,monotone_stock_proxy,1.0,MAIN,,,42.0,1.0,1.0,2,B2,0.236361,0.236361,0.411844,0.411844,7.0,9.0,11.0,126,False,,,,True,
2002,东城区,monotone_stock_proxy,1.0,MAIN,,,42.0,1.0,1.0,3,B3,0.133549,0.133549,0.175483,0.175483,10.5,13.0,16.5,126,False,,,,True,
2002,东城区,monotone_stock_proxy,1.0,MAIN,,,42.0,1.0,1.0,4,B4,0.041934,0.041934,0.041934,0.041934,14.0,17.0,22.0,126,False,,,,True,
2002,东城区,monotone_stock_proxy,1.0,MAIN,,,42.0,1.0,1.0,5,B5+,0.0,0.0,0.0,0.0,17.5,21.0,27.5,126,False,,,,True,
2003,东城区,monotone_stock_proxy,1.0,MAIN,,,42.0,1.0,1.0,1,B1,0.588156,0.588156,1.0,1.0,3.5,5.0,5.5,126,False,,,,True,
2003,东城区,monotone_stock_proxy,1.0,MAIN,,,42.0,1.0,1.0,2,B2,0.236361,0.236361,0.411844,0.411844,7.0,9.0,11.0,126,False,,,,True,
2003,东城区,monotone_stock_proxy,1.0,MAIN,,,42.0,1.0,1.0,3,B3,0.133549,0.133549,0.175483,0.175483,10.5,13.0,16.5,126,False,,,,True,
2003,东城区,monotone_stock_proxy,1.0,MAIN,,,42.0,1.0,1.0,4,B4,0.041934,0.041934,0.041934,0.041934,14.0,17.0,22.0,126,False,,,,True,
2003,东城区,monotone_stock_proxy,1.0,MAIN,,,42.0,1.0,1.0,5,B5+,0.0,0.0,0.0,0.0,17.5,21.0,27.5,126,False,,,,True,
2004,东城区,monotone_stock_proxy,1.0,MAIN,,,42.0,1.0,1.0,1,B1,0.588156,0.588156,1.0,1.0,3.5,5.0,5.5,126,False,,,,True,
2004,东城区,monotone_stock_proxy,1.0,MAIN,,,42.0,1.0,1.0,2,B2,0.236361,0.236361,0.411844,0.411844,7.0,9.0,11.0,126,False,,,,True,
2004,东城区,monotone_stock_proxy,1.0,MAIN,,,42.0,1.0,1.0,3,B3,0.133549,0.133549,0.175483,0.175483,10.5,13.0,16.5,126,False,,,,True,
2004,东城区,monotone_stock_proxy,1.0,MAIN,,,42.0,1.0,1.0,4,B4,0.041934,0.041934,0.041934,0.041934,14.0,17.0,22.0,126,False,,,,True,
2004,东城区,monotone_stock_proxy,1.0,MAIN,,,42.0,1.0,1.0,5,B5+,0.0,0.0,0.0,0.0,17.5,21.0,27.5,126,False,,,,True,
2005,东城区,monotone_stock_proxy,1.0,MAIN,42.0,42.0,42.0,1.0,1.0,1,B1,0.588156,0.588156,1.0,1.0,3.5,5.0,5.5,126,False,,,,False,
2005,东城区,monotone_stock_proxy,1.0,MAIN,42.0,42.0,42.0,1.0,1.0,2,B2,0.236361,0.236361,0.411844,0.411844,7.0,9.0,11.0,126,False,,,,False,
2005,东城区,monotone_stock_proxy,1.0,MAIN,42.0,42.0,42.0,1.0,1.0,3,B3,0.133549,0.133549,0.175483,0.175483,10.5,13.0,16.5,126,False,,,,False,
2005,东城区,monotone_stock_proxy,1.0,MAIN,42.0,42.0,42.0,1.0,1.0,4,B4,0.041934,0.041934,0.041934,0.041934,14.0,17.0,22.0,126,False,,,,False,
2005,东城区,monotone_stock_proxy,1.0,MAIN,42.0,42.0,42.0,1.0,1.0,5,B5+,0.0,0.0,0.0,0.0,17.5,21.0,27.5,126,False,,,,False,
2006,东城区,monotone_stock_proxy,1.0,MAIN,,,42.0,1.0,1.0,1,B1,0.588156,0.588156,1.0,1.0,3.5,5.0,5.5,126,False,,,,True,
2006,东城区,monotone_stock_proxy,1.0,MAIN,,,42.0,1.0,1.0,2,B2,0.236361,0.236361,0.411844,0.411844,7.0,9.0,11.0,126,False,,,,True,
2006,东城区,monotone_stock_proxy,1.0,MAIN,,,42.0,1.0,1.0,3,B3,0.133549,0.133549,0.175483,0.175483,10.5,13.0,16.5,126,False,,,,True,
2006,东城区,monotone_stock_proxy,1.0,MAIN,,,42.0,1.0,1.0,4,B4,0.041934,0.041934,0.041934,0.041934,14.0,17.0,22.0,126,False,,,,True,
2006,东城区,monotone_stock_proxy,1.0,MAIN,,,42.0,1.0,1.0,5,B5+,0.0,0.0,0.0,0.0,17.5,21.0,27.5,126,False,,,,True,
2007,东城区,monotone_stock_proxy,1.0,MAIN,,,42.0,1.0,1.0,1,B1,0.588156,0.588156,1.0,1.0,3.5,5.0,5.5,126,False,,,,True,
2007,东城区,monotone_stock_proxy,1.0,MAIN,,,42.0,1.0,1.0,2,B2,0.236361,0.236361,0.411844,0.411844,7.0,9.0,11.0,126,False,,,,True,
2007,东城区,monotone_stock_proxy,1.0,MAIN,,,42.0,1.0,1.0,3,B3,0.133549,0.133549,0.175483,0.175483,10.5,13.0,16.5,126,False,,,,True,
2007,东城区,monotone_stock_proxy,1.0,MAIN,,,42.0,1.0,1.0,4,B4,0.041934,0.041934,0.041934,0.041934,14.0,17.0,22.0,126,False,,,,True,
2007,东城区,monotone_stock_proxy,1.0,MAIN,,,42.0,1.0,1.0,5,B5+,0.0,0.0,0.0,0.0,17.5,21.0,27.5,126,False,,,,True,
2008,东城区,monotone_stock_proxy,1.0,MAIN,,,42.0,1.0,1.0,1,B1,0.588156,0.588156,1.0,1.0,3.5,5.0,5.5,126,False,,,,True,
2008,东城区,monotone_stock_proxy,1.0,MAIN,,,42.0,1.0,1.0,2,B2,0.236361,0.236361,0.411844,0.411844,7.0,9.0,11.0,126,False,,,,True,
2008,东城区,monotone_stock_proxy,1.0,MAIN,,,42.0,1.0,1.0,3,B3,0.133549,0.133549,0.175483,0.175483,10.5,13.0,16.5,126,False,,,,True,
2008,东城区,monotone_stock_proxy,1.0,MAIN,,,42.0,1.0,1.0,4,B4,0.041934,0.041934,0.041934,0.041934,14.0,17.0,22.0,126,False,,,,True,
2008,东城区,monotone_stock_proxy,1.0,MAIN,,,42.0,1.0,1.0,5,B5+,0.0,0.0,0.0,0.0,17.5,21.0,27.5,126,False,,,,True,
2009,东城区,monotone_stock_proxy,1.0,MAIN,,,42.0,1.0,1.0,1,B1,0.588156,0.588156,1.0,1.0,3.5,5.0,5.5,126,False,,,,True,
2009,东城区,monotone_stock_proxy,1.0,MAIN,,,42.0,1.0,1.0,2,B2,0.236361,0.236361,0.411844,0.411844,7.0,9.0,11.0,126,False,,,,True,
2009,东城区,monotone_stock_proxy,1.0,MAIN,,,42.0,1.0,1.0,3,B3,0.133549,0.133549,0.175483,0.175483,10.5,13.0,16.5,126,False,,,,True,
2009,东城区,monotone_stock_proxy,1.0,MAIN,,,42.0,1.0,1.0,4,B4,0.041934,0.041934,0.041934,0.041934,14.0,17.0,22.0,126,False,,,,True,
2009,东城区,monotone_stock_proxy,1.0,MAIN,,,42.0,1.0,1.0,5,B5+,0.0,0.0,0.0,0.0,17.5,21.0,27.5,126,False,,,,True,
2010,东城区,monotone_stock_proxy,1.0,MAIN,42.0,42.0,42.0,1.0,1.0,1,B1,0.588156,0.588156,1.0,1.0,3.5,5.0,5.5,126,False,,,,False,
2010,东城区,monotone_stock_proxy,1.0,MAIN,42.0,42.0,42.0,1.0,1.0,2,B2,0.236361,0.236361,0.411844,0.411844,7.0,9.0,11.0,126,False,,,,False,
2010,东城区,monotone_stock_proxy,1.0,MAIN,42.0,42.0,42.0,1.0,1.0,3,B3,0.133549,0.133549,0.175483,0.175483,10.5,13.0,16.5,126,False,,,,False,
2010,东城区,monotone_stock_proxy,1.0,MAIN,42.0,42.0,42.0,1.0,1.0,4,B4,0.041934,0.041934,0.041934,0.041934,14.0,17.0,22.0,126,False,,,,False,
2010,东城区,monotone_stock_proxy,1.0,MAIN,42.0,42.0,42.0,1.0,1.0,5,B5+,0.0,0.0,0.0,0.0,17.5,21.0,27.5,126,False,,,,False,
2011,东城区,monotone_stock_proxy,1.0,MAIN,,,42.0,1.0,1.0,1,B1,0.588156,0.588156,1.0,1.0,3.5,5.0,5.5,126,False,,,,True,
2011,东城区,monotone_stock_proxy,1.0,MAIN,,,42.0,1.0,1.0,2,B2,0.236361,0.236361,0.411844,0.411844,7.0,9.0,11.0,126,False,,,,True,
2011,东城区,monotone_stock_proxy,1.0,MAIN,,,42.0,1.0,1.0,3,B3,0.133549,0.133549,0.175483,0.175483,10.5,13.0,16.5,126,False,,,,True,
2011,东城区,monotone_stock_proxy,1.0,MAIN,,,42.0,1.0,1.0,4,B4,0.041934,0.041934,0.041934,0.041934,14.0,17.0,22.0,126,False,,,,True,
2011,东城区,monotone_stock_proxy,1.0,MAIN,,,42.0,1.0,1.0,5,B5+,0.0,0.0,0.0,0.0,17.5,21.0,27.5,126,False,,,,True,
2012,东城区,monotone_stock_proxy,1.0,MAIN,,,42.0,1.0,1.0,1,B1,0.588156,0.588156,1.0,1.0,3.5,5.0,5.5,126,False,,,,True,
2012,东城区,monotone_stock_proxy,1.0,MAIN,,,42.0,1.0,1.0,2,B2,0.236361,0.236361,0.411844,0.411844,7.0,9.0,11.0,126,False,,,,True,
2012,东城区,monotone_stock_proxy,1.0,MAIN,,,42.0,1.0,1.0,3,B3,0.133549,0.133549,0.175483,0.175483,10.5,13.0,16.5,126,False,,,,True,
2012,东城区,monotone_stock_proxy,1.0,MAIN,,,42.0,1.0,1.0,4,B4,0.041934,0.041934,0.041934,0.041934,14.0,17.0,22.0,126,False,,,,True,
2012,东城区,monotone_stock_proxy,1.0,MAIN,,,42.0,1.0,1.0,5,B5+,0.0,0.0,0.0,0.0,17.5,21.0,27.5,126,False,,,,True,
2013,东城区,monotone_stock_proxy,1.0,MAIN,,,42.0,1.0,1.0,1,B1,0.588156,0.588156,1.0,1.0,3.5,5.0,5.5,126,False,,,,True,
2013,东城区,monotone_stock_proxy,1.0,MAIN,,,42.0,1.0,1.0,2,B2,0.236361,0.236361,0.411844,0.411844,7.0,9.0,11.0,126,False,,,,True,
2013,东城区,monotone_stock_proxy,1.0,MAIN,,,42.0,1.0,1.0,3,B3,0.133549,0.133549,0.175483,0.175483,10.5,13.0,16.5,126,False,,,,True,
2013,东城区,monotone_stock_proxy,1.0,MAIN,,,42.0,1.0,1.0,4,B4,0.041934,0.041934,0.041934,0.041934,14.0,17.0,22.0,126,False,,,,True,
2013,东城区,monotone_stock_proxy,1.0,MAIN,,,42.0,1.0,1.0,5,B5+,0.0,0.0,0.0,0.0,17.5,21.0,27.5,126,False,,,,True,
2014,东城区,monotone_stock_proxy,1.0,MAIN,,,42.0,1.0,1.0,1,B1,0.588156,0.588156,1.0,1.0,3.5,5.0,5.5,126,False,,,,True,
2014,东城区,monotone_stock_proxy,1.0,MAIN,,,42.0,1.0,1.0,2,B2,0.236361,0.236361,0.411844,0.411844,7.0,9.0,11.0,126,False,,,,True,
2014,东城区,monotone_stock_proxy,1.0,MAIN,,,42.0,1.0,1.0,3,B3,0.133549,0.133549,0.175483,0.175483,10.5,13.0,16.5,126,False,,,,True,
2014,东城区,monotone_stock_proxy,1.0,MAIN,,,42.0,1.0,1.0,4,B4,0.041934,0.041934,0.041934,0.041934,14.0,17.0,22.0,126,False,,,,True,
2014,东城区,monotone_stock_proxy,1.0,MAIN,,,42.0,1.0,1.0,5,B5+,0.0,0.0,0.0,0.0,17.5,21.0,27.5,126,False,,,,True,
2015,东城区,monotone_stock_proxy,1.0,MAIN,42.0,42.0,42.0,1.0,1.0,1,B1,0.588156,0.588156,1.0,1.0,3.5,5.0,5.5,126,False,,,,False,
2015,东城区,monotone_stock_proxy,1.0,MAIN,42.0,42.0,42.0,1.0,1.0,2,B2,0.236361,0.236361,0.411844,0.411844,7.0,9.0,11.0,126,False,,,,False,
2015,东城区,monotone_stock_proxy,1.0,MAIN,42.0,42.0,42.0,1.0,1.0,3,B3,0.133549,0.133549,0.175483,0.175483,10.5,13.0,16.5,126,False,,,,False,
2015,东城区,monotone_stock_proxy,1.0,MAIN,42.0,42.0,42.0,1.0,1.0,4,B4,0.041934,0.041934,0.041934,0.041934,14.0,17.0,22.0,126,False,,,,False,
2015,东城区,monotone_stock_proxy,1.0,MAIN,42.0,42.0,42.0,1.0,1.0,5,B5+,0.0,0.0,0.0,0.0,17.5,21.0,27.5,126,False,,,,False,
2016,东城区,monotone_stock_proxy,1.0,MAIN,,,42.0,1.0,1.0,1,B1,0.588156,0.588156,1.0,1.0,3.5,5.0,5.5,126,False,,,,True,
2016,东城区,monotone_stock_proxy,1.0,MAIN,,,42.0,1.0,1.0,2,B2,0.236361,0.236361,0.411844,0.411844,7.0,9.0,11.0,126,False,,,,True,
2016,东城区,monotone_stock_proxy,1.0,MAIN,,,42.0,1.0,1.0,3,B3,0.133549,0.133549,0.175483,0.175483,10.5,13.0,16.5,126,False,,,,True,
2016,东城区,monotone_stock_proxy,1.0,MAIN,,,42.0,1.0,1.0,4,B4,0.041934,0.041934,0.041934,0.041934,14.0,17.0,22.0,126,False,,,,True,
2016,东城区,monotone_stock_proxy,1.0,MAIN,,,42.0,1.0,1.0,5,B5+,0.0,0.0,0.0,0.0,17.5,21.0,27.5,126,False,,,,True,
2017,东城区,monotone_stock_proxy,1.0,MAIN,,,42.0,1.0,1.0,1,B1,0.588156,0.588156,1.0,1.0,3.5,5.0,5.5,126,False,,,,True,
2017,东城区,monotone_stock_proxy,1.0,MAIN,,,42.0,1.0,1.0,2,B2,0.236361,0.236361,0.411844,0.411844,7.0,9.0,11.0,126,False,,,,True,
2017,东城区,monotone_stock_proxy,1.0,MAIN,,,42.0,1.0,1.0,3,B3,0.133549,0.133549,0.175483,0.175483,10.5,13.0,16.5,126,False,,,,True,
2017,东城区,monotone_stock_proxy,1.0,MAIN,,,42.0,1.0,1.0,4,B4,0.041934,0.041934,0.041934,0.041934,14.0,17.0,22.0,126,False,,,,True,
2017,东城区,monotone_stock_proxy,1.0,MAIN,,,42.0,1.0,1.0,5,B5+,0.0,0.0,0.0,0.0,17.5,21.0,27.5,126,False,,,,True,
2018,东城区,monotone_stock_proxy,1.0,MAIN,,,42.0,1.0,1.0,1,B1,0.588156,0.588156,1.0,1.0,3.5,5.0,5.5,126,False,,,,True,
2018,东城区,monotone_stock_proxy,1.0,MAIN,,,42.0,1.0,1.0,2,B2,0.236361,0.236361,0.411844,0.411844,7.0,9.0,11.0,126,False,,,,True,
2018,东城区,monotone_stock_proxy,1.0,MAIN,,,42.0,1.0,1.0,3,B3,0.133549,0.133549,0.175483,0.175483,10.5,13.0,16.5,126,False,,,,True,
2018,东城区,monotone_stock_proxy,1.0,MAIN,,,42.0,1.0,1.0,4,B4,0.041934,0.041934,0.041934,0.041934,14.0,17.0,22.0,126,False,,,,True,
2018,东城区,monotone_stock_proxy,1.0,MAIN,,,42.0,1.0,1.0,5,B5+,0.0,0.0,0.0,0.0,17.5,21.0,27.5,126,False,,,,True,
2019,东城区,monotone_stock_proxy,1.0,MAIN,,,42.0,1.0,1.0,1,B1,0.588156,0.588156,1.0,1.0,3.5,5.0,5.5,126,False,,,,True,
2019,东城区,monotone_stock_proxy,1.0,MAIN,,,42.0,1.0,1.0,2,B2,0.236361,0.236361,0.411844,0.411844,7.0,9.0,11.0,126,False,,,,True,
2019,东城区,monotone_stock_proxy,1.0,MAIN,,,42.0,1.0,1.0,3,B3,0.133549,0.133549,0.175483,0.175483,10.5,13.0,16.5,126,False,,,,True,
2019,东城区,monotone_stock_proxy,1.0,MAIN,,,42.0,1.0,1.0,4,B4,0.041934,0.041934,0.041934,0.041934,14.0,17.0,22.0,126,False,,,,True,
2019,东城区,monotone_stock_proxy,1.0,MAIN,,,42.0,1.0,1.0,5,B5+,0.0,0.0,0.0,0.0,17.5,21.0,27.5,126,False,,,,True,
2020,东城区,monotone_stock_proxy,1.0,MAIN,42.0,42.0,42.0,1.0,1.0,1,B1,0.588156,0.588156,1.0,1.0,3.5,5.0,5.5,126,False,,,,False,
2020,东城区,monotone_stock_proxy,1.0,MAIN,42.0,42.0,42.0,1.0,1.0,2,B2,0.236361,0.236361,0.411844,0.411844,7.0,9.0,11.0,126,False,,,,False,
2020,东城区,monotone_stock_proxy,1.0,MAIN,42.0,42.0,42.0,1.0,1.0,3,B3,0.133549,0.133549,0.175483,0.175483,10.5,13.0,16.5,126,False,,,,False,
2020,东城区,monotone_stock_proxy,1.0,MAIN,42.0,42.0,42.0,1.0,1.0,4,B4,0.041934,0.041934,0.041934,0.041934,14.0,17.0,22.0,126,False,,,,False,
2020,东城区,monotone_stock_proxy,1.0,MAIN,42.0,42.0,42.0,1.0,1.0,5,B5+,0.0,0.0,0.0,0.0,17.5,21.0,27.5,126,False,,,,False,
1980,丰台区,monotone_stock_proxy,1.0,MAIN,61.0,61.0,61.0,0.32105263157894737,0.32105263157894737,1,B1,0.496998,0.15956251578947367,0.32105263157894737,1.0,3.5,5.0,5.5,246,False,,,,False,
1980,丰台区,monotone_stock_proxy,1.0,MAIN,61.0,61.0,61.0,0.32105263157894737,0.32105263157894737,2,B2,0.323116,0.10373724210526317,0.1614901157894737,0.5030020000000001,7.0,9.0,11.0,246,False,,,,False,
1980,丰台区,monotone_stock_proxy,1.0,MAIN,61.0,61.0,61.0,0.32105263157894737,0.32105263157894737,3,B3,0.148102,0.04754853684210527,0.05775287368421053,0.17988600000000002,10.5,13.0,16.5,246,False,,,,False,
1980,丰台区,monotone_stock_proxy,1.0,MAIN,61.0,61.0,61.0,0.32105263157894737,0.32105263157894737,4,B4,0.031784,0.010204336842105264,0.010204336842105264,0.031784,14.0,17.0,22.0,246,False,,,,False,
1980,丰台区,monotone_stock_proxy,1.0,MAIN,61.0,61.0,61.0,0.32105263157894737,0.32105263157894737,5,B5+,0.0,0.0,0.0,0.0,17.5,21.0,27.5,246,False,,,,False,
1981,丰台区,monotone_stock_proxy,1.0,MAIN,,,61.3,0.3226315789473684,0.32263157894736844,1,B1,0.496998,0.16034724947368423,0.32263157894736844,1.0,3.5,5.0,5.5,246,False,,,,True,
1981,丰台区,monotone_stock_proxy,1.0,MAIN,,,61.3,0.3226315789473684,0.32263157894736844,2,B2,0.323116,0.1042474252631579,0.16228432947368424,0.5030020000000001,7.0,9.0,11.0,246,False,,,,True,
1981,丰台区,monotone_stock_proxy,1.0,MAIN,,,61.3,0.3226315789473684,0.32263157894736844,3,B3,0.148102,0.047782382105263164,0.058036904210526326,0.17988600000000002,10.5,13.0,16.5,246,False,,,,True,
1981,丰台区,monotone_stock_proxy,1.0,MAIN,,,61.3,0.3226315789473684,0.32263157894736844,4,B4,0.031784,0.010254522105263158,0.010254522105263158,0.031784,14.0,17.0,22.0,246,False,,,,True,
1981,丰台区,monotone_stock_proxy,1.0,MAIN,,,61.3,0.3226315789473684,0.32263157894736844,5,B5+,0.0,0.0,0.0,0.0,17.5,21.0,27.5,246,False,,,,True,
1982,丰台区,monotone_stock_proxy,1.0,MAIN,,,61.6,0.3242105263157895,0.32421052631578945,1,B1,0.496998,0.16113198315789473,0.32421052631578945,1.0,3.5,5.0,5.5,246,False,,,,True,
1982,丰台区,monotone_stock_proxy,1.0,MAIN,,,61.6,0.3242105263157895,0.32421052631578945,2,B2,0.323116,0.10475760842105263,0.16307854315789475,0.5030020000000001,7.0,9.0,11.0,246,False,,,,True,
1982,丰台区,monotone_stock_proxy,1.0,MAIN,,,61.6,0.3242105263157895,0.32421052631578945,3,B3,0.148102,0.04801622736842105,0.058320934736842106,0.17988600000000002,10.5,13.0,16.5,246,False,,,,True,
1982,丰台区,monotone_stock_proxy,1.0,MAIN,,,61.6,0.3242105263157895,0.32421052631578945,4,B4,0.031784,0.010304707368421052,0.010304707368421052,0.031784,14.0,17.0,22.0,246,False,,,,True,
1982,丰台区,monotone_stock_proxy,1.0,MAIN,,,61.6,0.3242105263157895,0.32421052631578945,5,B5+,0.0,0.0,0.0,0.0,17.5,21.0,27.5,246,False,,,,True,
1983,丰台区,monotone_stock_proxy,1.0,MAIN,,,61.9,0.3257894736842105,0.3257894736842105,1,B1,0.496998,0.16191671684210526,0.3257894736842105,1.0,3.5,5.0,5.5,246,False,,,,True,
1983,丰台区,monotone_stock_proxy,1.0,MAIN,,,61.9,0.3257894736842105,0.3257894736842105,2,B2,0.323116,0.10526779157894738,0.16387275684210528,0.5030020000000001,7.0,9.0,11.0,246,False,,,,True,
1983,丰台区,monotone_stock_proxy,1.0,MAIN,,,61.9,0.3257894736842105,0.3257894736842105,3,B3,0.148102,0.04825007263157895,0.0586049652631579,0.17988600000000002,10.5,13.0,16.5,246,False,,,,True,
1983,丰台区,monotone_stock_proxy,1.0,MAIN,,,61.9,0.3257894736842105,0.3257894736842105,4,B4,0.031784,0.010354892631578946,0.010354892631578946,0.031784,14.0,17.0,22.0,246,False,,,,True,
1983,丰台区,monotone_stock_proxy,1.0,MAIN,,,61.9,0.3257894736842105,0.3257894736842105,5,B5+,0.0,0.0,0.0,0.0,17.5,21.0,27.5,246,False,,,,True,
1984,丰台区,monotone_stock_proxy,1.0,MAIN,,,62.2,0.3273684210526316,0.3273684210526316,1,B1,0.496998,0.1627014505263158,0.3273684210526316,1.0,3.5,5.0,5.5,246,False,,,,True,
1984,丰台区,monotone_stock_proxy,1.0,MAIN,,,62.2,0.3273684210526316,0.3273684210526316,2,B2,0.323116,0.10577797473684211,0.16466697052631582,0.5030020000000001,7.0,9.0,11.0,246,False,,,,True,
1984,丰台区,monotone_stock_proxy,1.0,MAIN,,,62.2,0.3273684210526316,0.3273684210526316,3,B3,0.148102,0.04848391789473685,0.058888995789473694,0.17988600000000002,10.5,13.0,16.5,246,False,,,,True,
1984,丰台区,monotone_stock_proxy,1.0,MAIN,,,62.2,0.3273684210526316,0.3273684210526316,4,B4,0.031784,0.010405077894736842,0.010405077894736842,0.031784,14.0,17.0,22.0,246,False,,,,True,
1984,丰台区,monotone_stock_proxy,1.0,MAIN,,,62.2,0.3273684210526316,0.3273684210526316,5,B5+,0.0,0.0,0.0,0.0,17.5,21.0,27.5,246,False,,,,True,
1985,丰台区,monotone_stock_proxy,1.0,MAIN,,,62.5,0.32894736842105265,0.32894736842105265,1,B1,0.496998,0.16348618421052633,0.32894736842105265,1.0,3.5,5.0,5.5,246,False,,,,True,
1985,丰台区,monotone_stock_proxy,1.0,MAIN,,,62.5,0.32894736842105265,0.32894736842105265,2,B2,0.323116,0.10628815789473685,0.16546118421052636,0.5030020000000001,7.0,9.0,11.0,246,False,,,,True,
1985,丰台区,monotone_stock_proxy,1.0,MAIN,,,62.5,0.32894736842105265,0.32894736842105265,3,B3,0.148102,0.04871776315789474,0.05917302631578948,0.17988600000000002,10.5,13.0,16.5,246,False,,,,True,
1985,丰台区,monotone_stock_proxy,1.0,MAIN,,,62.5,0.32894736842105265,0.32894736842105265,4,B4,0.031784,0.010455263157894738,0.010455263157894738,0.031784,14.0,17.0,22.0,246,False,,,,True,
1985,丰台区,monotone_stock_proxy,1.0,MAIN,,,62.5,0.32894736842105265,0.32894736842105265,5,B5+,0.0,0.0,0.0,0.0,17.5,21.0,27.5,246,False,,,,True,
1986,丰台区,monotone_stock_proxy,1.0,MAIN,,,62.8,0.33052631578947367,0.33052631578947367,1,B1,0.496998,0.16427091789473683,0.33052631578947367,1.0,3.5,5.0,5.5,246,False,,,,True,
1986,丰台区,monotone_stock_proxy,1.0,MAIN,,,62.8,0.33052631578947367,0.33052631578947367,2,B2,0.323116,0.10679834105263158,0.16625539789473687,0.5030020000000001,7.0,9.0,11.0,246,False,,,,True,
1986,丰台区,monotone_stock_proxy,1.0,MAIN,,,62.8,0.33052631578947367,0.33052631578947367,3,B3,0.148102,0.04895160842105263,0.05945705684210527,0.17988600000000002,10.5,13.0,16.5,246,False,,,,True,
1986,丰台区,monotone_stock_proxy,1.0,MAIN,,,62.8,0.33052631578947367,0.33052631578947367,4,B4,0.031784,0.01050544842105263,0.01050544842105263,0.031784,14.0,17.0,22.0,246,False,,,,True,
1986,丰台区,monotone_stock_proxy,1.0,MAIN,,,62.8,0.33052631578947367,0.33052631578947367,5,B5+,0.0,0.0,0.0,0.0,17.5,21.0,27.5,246,False,,,,True,
1987,丰台区,monotone_stock_proxy,1.0,MAIN,,,63.1,0.33210526315789474,0.33210526315789474,1,B1,0.496998,0.16505565157894736,0.33210526315789474,1.0,3.5,5.0,5.5,246,False,,,,True,
1987,丰台区,monotone_stock_proxy,1.0,MAIN,,,63.1,0.33210526315789474,0.33210526315789474,2,B2,0.323116,0.10730852421052632,0.16704961157894738,0.5030020000000001,7.0,9.0,11.0,246,False,,,,True,
1987,丰台区,monotone_stock_proxy,1.0,MAIN,,,63.1,0.33210526315789474,0.33210526315789474,3,B3,0.148102,0.04918545368421053,0.059741087368421056,0.17988600000000002,10.5,13.0,16.5,246,False,,,,True,
1987,丰台区,monotone_stock_proxy,1.0,MAIN,,,63.1,0.33210526315789474,0.33210526315789474,4,B4,0.031784,0.010555633684210527,0.010555633684210527,0.031784,14.0,17.0,22.0,246,False,,,,True,
1987,丰台区,monotone_stock_proxy,1.0,MAIN,,,63.1,0.33210526315789474,0.33210526315789474,5,B5+,0.0,0.0,0.0,0.0,17.5,21.0,27.5,246,False,,,,True,
1988,丰台区,monotone_stock_proxy,1.0,MAIN,,,63.4,0.3336842105263158,0.3336842105263158,1,B1,0.496998,0.1658403852631579,0.3336842105263158,1.0,3.5,5.0,5.5,246,False,,,,True,
1988,丰台区,monotone_stock_proxy,1.0,MAIN,,,63.4,0.3336842105263158,0.3336842105263158,2,B2,0.323116,0.10781870736842106,0.16784382526315791,0.5030020000000001,7.0,9.0,11.0,246,False,,,,True,
1988,丰台区,monotone_stock_proxy,1.0,MAIN,,,63.4,0.3336842105263158,0.3336842105263158,3,B3,0.148102,0.04941929894736843,0.06002511789473685,0.17988600000000002,10.5,13.0,16.5,246,False,,,,True,
1988,丰台区,monotone_stock_proxy,1.0,MAIN,,,63.4,0.3336842105263158,0.3336842105263158,4,B4,0.031784,0.010605818947368421,0.010605818947368421,0.031784,14.0,17.0,22.0,246,False,,,,True,
1988,丰台区,monotone_stock_proxy,1.0,MAIN,,,63.4,0.3336842105263158,0.3336842105263158,5,B5+,0.0,0.0,0.0,0.0,17.5,21.0,27.5,246,False,,,,True,
1989,丰台区,monotone_stock_proxy,1.0,MAIN,,,63.7,0.3352631578947369,0.3352631578947368,1,B1,0.496998,0.1666251189473684,0.3352631578947368,1.0,3.5,5.0,5.5,246,False,,,,True,
1989,丰台区,monotone_stock_proxy,1.0,MAIN,,,63.7,0.3352631578947369,0.3352631578947368,2,B2,0.323116,0.10832889052631578,0.16863803894736842,0.5030020000000001,7.0,9.0,11.0,246,False,,,,True,
1989,丰台区,monotone_stock_proxy,1.0,MAIN,,,63.7,0.3352631578947369,0.3352631578947368,3,B3,0.148102,0.049653144210526315,0.06030914842105263,0.17988600000000002,10.5,13.0,16.5,246,False,,,,True,
1989,丰台区,monotone_stock_proxy,1.0,MAIN,,,63.7,0.3352631578947369,0.3352631578947368,4,B4,0.031784,0.010656004210526315,0.010656004210526315,0.031784,14.0,17.0,22.0,246,False,,,,True,
1989,丰台区,monotone_stock_proxy,1.0,MAIN,,,63.7,0.3352631578947369,0.3352631578947368,5,B5+,0.0,0.0,0.0,0.0,17.5,21.0,27.5,246,False,,,,True,
1990,丰台区,monotone_stock_proxy,1.0,MAIN,64.0,64.0,64.0,0.3368421052631579,0.3368421052631579,1,B1,0.496998,0.16740985263157895,0.3368421052631579,1.0,3.5,5.0,5.5,246,False,,,,False,
1990,丰台区,monotone_stock_proxy,1.0,MAIN,64.0,64.0,64.0,0.3368421052631579,0.3368421052631579,2,B2,0.323116,0.10883907368421053,0.16943225263157896,0.5030020000000001,7.0,9.0,11.0,246,False,,,,False,
1990,丰台区,monotone_stock_proxy,1.0,MAIN,64.0,64.0,64.0,0.3368421052631579,0.3368421052631579,3,B3,0.148102,0.049886989473684216,0.060593178947368424,0.17988600000000002,10.5,13.0,16.5,246,False,,,,False,
1990,丰台区,monotone_stock_proxy,1.0,MAIN,64.0,64.0,64.0,0.3368421052631579,0.3368421052631579,4,B4,0.031784,0.01070618947368421,0.01070618947368421,0.031784,14.0,17.0,22.0,246,False,,,,False,
1990,丰台区,monotone_stock_proxy,1.0,MAIN,64.0,64.0,64.0,0.3368421052631579,0.3368421052631579,5,B5+,0.0,0.0,0.0,0.0,17.5,21.0,27.5,246,False,,,,False,
1991,丰台区,monotone_stock_proxy,1.0,MAIN,,,83.8,0.44105263157894736,0.44105263157894736,1,B1,0.496998,0.21920227578947368,0.44105263157894736,1.0,3.5,5.0,5.5,246,False,,,,True,
1991,丰台区,monotone_stock_proxy,1.0,MAIN,,,83.8,0.44105263157894736,0.44105263157894736,2,B2,0.323116,0.14251116210526316,0.2218503557894737,0.5030020000000001,7.0,9.0,11.0,246,False,,,,True,
1991,丰台区,monotone_stock_proxy,1.0,MAIN,,,83.8,0.44105263157894736,0.44105263157894736,3,B3,0.148102,0.06532077684210527,0.07933919368421054,0.17988600000000002,10.5,13.0,16.5,246,False,,,,True,
1991,丰台区,monotone_stock_proxy,1.0,MAIN,,,83.8,0.44105263157894736,0.44105263157894736,4,B4,0.031784,0.014018416842105263,0.014018416842105263,0.031784,14.0,17.0,22.0,246,False,,,,True,
1991,丰台区,monotone_stock_proxy,1.0,MAIN,,,83.8,0.44105263157894736,0.44105263157894736,5,B5+,0.0,0.0,0.0,0.0,17.5,21.0,27.5,246,False,,,,True,
1992,丰台区,monotone_stock_proxy,1.0,MAIN,,,103.6,0.5452631578947368,0.5452631578947369,1,B1,0.496998,0.27099469894736844,0.5452631578947369,1.0,3.5,5.0,5.5,246,False,,,,True,
1992,丰台区,monotone_stock_proxy,1.0,MAIN,,,103.6,0.5452631578947368,0.5452631578947369,2,B2,0.323116,0.1761832505263158,0.27426845894736845,0.5030020000000001,7.0,9.0,11.0,246,False,,,,True,
1992,丰台区,monotone_stock_proxy,1.0,MAIN,,,103.6,0.5452631578947368,0.5452631578947369,3,B3,0.148102,0.08075456421052633,0.09808520842105264,0.17988600000000002,10.5,13.0,16.5,246,False,,,,True,
1992,丰台区,monotone_stock_proxy,1.0,MAIN,,,103.6,0.5452631578947368,0.5452631578947369,4,B4,0.031784,0.017330644210526318,0.017330644210526318,0.031784,14.0,17.0,22.0,246,False,,,,True,
1992,丰台区,monotone_stock_proxy,1.0,MAIN,,,103.6,0.5452631578947368,0.5452631578947369,5,B5+,0.0,0.0,0.0,0.0,17.5,21.0,27.5,246,False,,,,True,
1993,丰台区,monotone_stock_proxy,1.0,MAIN,,,123.4,0.6494736842105263,0.6494736842105263,1,B1,0.496998,0.32278712210526317,0.6494736842105263,1.0,3.5,5.0,5.5,246,False,,,,True,
1993,丰台区,monotone_stock_proxy,1.0,MAIN,,,123.4,0.6494736842105263,0.6494736842105263,2,B2,0.323116,0.20985533894736844,0.3266865621052632,0.5030020000000001,7.0,9.0,11.0,246,False,,,,True,
1993,丰台区,monotone_stock_proxy,1.0,MAIN,,,123.4,0.6494736842105263,0.6494736842105263,3,B3,0.148102,0.09618835157894738,0.11683122315789475,0.17988600000000002,10.5,13.0,16.5,246,False,,,,True,
1993,丰台区,monotone_stock_proxy,1.0,MAIN,,,123.4,0.6494736842105263,0.6494736842105263,4,B4,0.031784,0.02064287157894737,0.02064287157894737,0.031784,14.0,17.0,22.0,246,False,,,,True,
1993,丰台区,monotone_stock_proxy,1.0,MAIN,,,123.4,0.6494736842105263,0.6494736842105263,5,B5+,0.0,0.0,0.0,0.0,17.5,21.0,27.5,246,False,,,,True,
1994,丰台区,monotone_stock_proxy,1.0,MAIN,,,143.2,0.7536842105263157,0.7536842105263158,1,B1,0.496998,0.3745795452631579,0.7536842105263158,1.0,3.5,5.0,5.5,246,False,,,,True,
1994,丰台区,monotone_stock_proxy,1.0,MAIN,,,143.2,0.7536842105263157,0.7536842105263158,2,B2,0.323116,0.2435274273684211,0.37910466526315795,0.5030020000000001,7.0,9.0,11.0,246,False,,,,True,
1994,丰台区,monotone_stock_proxy,1.0,MAIN,,,143.2,0.7536842105263157,0.7536842105263158,3,B3,0.148102,0.11162213894736844,0.13557723789473686,0.17988600000000002,10.5,13.0,16.5,246,False,,,,True,
1994,丰台区,monotone_stock_proxy,1.0,MAIN,,,143.2,0.7536842105263157,0.7536842105263158,4,B4,0.031784,0.023955098947368424,0.023955098947368424,0.031784,14.0,17.0,22.0,246,False,,,,True,
1994,丰台区,monotone_stock_proxy,1.0,MAIN,,,143.2,0.7536842105263157,0.7536842105263158,5,B5+,0.0,0.0,0.0,0.0,17.5,21.0,27.5,246,False,,,,True,
1995,丰台区,monotone_stock_proxy,1.0,MAIN,163.0,163.0,163.0,0.8578947368421053,0.8578947368421053,1,B1,0.496998,0.4263719684210526,0.8578947368421053,1.0,3.5,5.0,5.5,246,False,,,,False,
1995,丰台区,monotone_stock_proxy,1.0,MAIN,163.0,163.0,163.0,0.8578947368421053,0.8578947368421053,2,B2,0.323116,0.2771995157894737,0.4315227684210527,0.5030020000000001,7.0,9.0,11.0,246,False,,,,False,
1995,丰台区,monotone_stock_proxy,1.0,MAIN,163.0,163.0,163.0,0.8578947368421053,0.8578947368421053,3,B3,0.148102,0.1270559263157895,0.15432325263157895,0.17988600000000002,10.5,13.0,16.5,246,False,,,,False,
1995,丰台区,monotone_stock_proxy,1.0,MAIN,163.0,163.0,163.0,0.8578947368421053,0.8578947368421053,4,B4,0.031784,0.027267326315789472,0.027267326315789472,0.031784,14.0,17.0,22.0,246,False,,,,False,
1995,丰台区,monotone_stock_proxy,1.0,MAIN,163.0,163.0,163.0,0.8578947368421053,0.8578947368421053,5,B5+,0.0,0.0,0.0,0.0,17.5,21.0,27.5,246,False,,,,False,
1996,丰台区,monotone_stock_proxy,1.0,MAIN,,,165.6,0.871578947368421,0.871578947368421,1,B1,0.496998,0.4331729936842105,0.871578947368421,1.0,3.5,5.0,5.5,246,False,,,,True,
1996,丰台区,monotone_stock_proxy,1.0,MAIN,,,165.6,0.871578947368421,0.871578947368421,2,B2,0.323116,0.28162110315789474,0.43840595368421054,0.5030020000000001,7.0,9.0,11.0,246,False,,,,True,
1996,丰台区,monotone_stock_proxy,1.0,MAIN,,,165.6,0.871578947368421,0.871578947368421,3,B3,0.148102,0.1290825852631579,0.1567848505263158,0.17988600000000002,10.5,13.0,16.5,246,False,,,,True,
1996,丰台区,monotone_stock_proxy,1.0,MAIN,,,165.6,0.871578947368421,0.871578947368421,4,B4,0.031784,0.02770226526315789,0.02770226526315789,0.031784,14.0,17.0,22.0,246,False,,,,True,
1996,丰台区,monotone_stock_proxy,1.0,MAIN,,,165.6,0.871578947368421,0.871578947368421,5,B5+,0.0,0.0,0.0,0.0,17.5,21.0,27.5,246,False,,,,True,
1997,丰台区,monotone_stock_proxy,1.0,MAIN,,,168.2,0.8852631578947368,0.8852631578947369,1,B1,0.496998,0.43997401894736843,0.8852631578947369,1.0,3.5,5.0,5.5,246,False,,,,True,
1997,丰台区,monotone_stock_proxy,1.0,MAIN,,,168.2,0.8852631578947368,0.8852631578947369,2,B2,0.323116,0.2860426905263158,0.4452891389473685,0.5030020000000001,7.0,9.0,11.0,246,False,,,,True,
1997,丰台区,monotone_stock_proxy,1.0,MAIN,,,168.2,0.8852631578947368,0.8852631578947369,3,B3,0.148102,0.13110924421052633,0.15924644842105265,0.17988600000000002,10.5,13.0,16.5,246,False,,,,True,
1997,丰台区,monotone_stock_proxy,1.0,MAIN,,,168.2,0.8852631578947368,0.8852631578947369,4,B4,0.031784,0.028137204210526318,0.028137204210526318,0.031784,14.0,17.0,22.0,246,False,,,,True,
1997,丰台区,monotone_stock_proxy,1.0,MAIN,,,168.2,0.8852631578947368,0.8852631578947369,5,B5+,0.0,0.0,0.0,0.0,17.5,21.0,27.5,246,False,,,,True,
1998,丰台区,monotone_stock_proxy,1.0,MAIN,,,170.8,0.8989473684210527,0.8989473684210526,1,B1,0.496998,0.4467750442105263,0.8989473684210526,1.0,3.5,5.0,5.5,246,False,,,,True,
1998,丰台区,monotone_stock_proxy,1.0,MAIN,,,170.8,0.8989473684210527,0.8989473684210526,2,B2,0.323116,0.29046427789473683,0.45217232421052633,0.5030020000000001,7.0,9.0,11.0,246,False,,,,True,
1998,丰台区,monotone_stock_proxy,1.0,MAIN,,,170.8,0.8989473684210527,0.8989473684210526,3,B3,0.148102,0.13313590315789475,0.16170804631578947,0.17988600000000002,10.5,13.0,16.5,246,False,,,,True,
1998,丰台区,monotone_stock_proxy,1.0,MAIN,,,170.8,0.8989473684210527,0.8989473684210526,4,B4,0.031784,0.028572143157894737,0.028572143157894737,0.031784,14.0,17.0,22.0,246,False,,,,True,
1998,丰台区,monotone_stock_proxy,1.0,MAIN,,,170.8,0.8989473684210527,0.8989473684210526,5,B5+,0.0,0.0,0.0,0.0,17.5,21.0,27.5,246,False,,,,True,
1999,丰台区,monotone_stock_proxy,1.0,MAIN,,,173.4,0.9126315789473685,0.9126315789473685,1,B1,0.496998,0.45357606947368423,0.9126315789473685,1.0,3.5,5.0,5.5,246,False,,,,True,
1999,丰台区,monotone_stock_proxy,1.0,MAIN,,,173.4,0.9126315789473685,0.9126315789473685,2,B2,0.323116,0.2948858652631579,0.4590555094736843,0.5030020000000001,7.0,9.0,11.0,246,False,,,,True,
1999,丰台区,monotone_stock_proxy,1.0,MAIN,,,173.4,0.9126315789473685,0.9126315789473685,3,B3,0.148102,0.13516256210526317,0.16416964421052635,0.17988600000000002,10.5,13.0,16.5,246,False,,,,True,
1999,丰台区,monotone_stock_proxy,1.0,MAIN,,,173.4,0.9126315789473685,0.9126315789473685,4,B4,0.031784,0.02900708210526316,0.02900708210526316,0.031784,14.0,17.0,22.0,246,False,,,,True,
1999,丰台区,monotone_stock_proxy,1.0,MAIN,,,173.4,0.9126315789473685,0.9126315789473685,5,B5+,0.0,0.0,0.0,0.0,17.5,21.0,27.5,246,False,,,,True,
2000,丰台区,monotone_stock_proxy,1.0,MAIN,176.0,176.0,176.0,0.9263157894736842,0.9263157894736842,1,B1,0.496998,0.4603770947368421,0.9263157894736842,1.0,3.5,5.0,5.5,246,False,,,,False,
2000,丰台区,monotone_stock_proxy,1.0,MAIN,176.0,176.0,176.0,0.9263157894736842,0.9263157894736842,2,B2,0.323116,0.299307452631579,0.4659386947368422,0.5030020000000001,7.0,9.0,11.0,246,False,,,,False,
2000,丰台区,monotone_stock_proxy,1.0,MAIN,176.0,176.0,176.0,0.9263157894736842,0.9263157894736842,3,B3,0.148102,0.1371892210526316,0.16663124210526317,0.17988600000000002,10.5,13.0,16.5,246,False,,,,False,
2000,丰台区,monotone_stock_proxy,1.0,MAIN,176.0,176.0,176.0,0.9263157894736842,0.9263157894736842,4,B4,0.031784,0.02944202105263158,0.02944202105263158,0.031784,14.0,17.0,22.0,246,False,,,,False,
2000,丰台区,monotone_stock_proxy,1.0,MAIN,176.0,176.0,176.0,0.9263157894736842,0.9263157894736842,5,B5+,0.0,0.0,0.0,0.0,17.5,21.0,27.5,246,False,,,,False,
2001,丰台区,monotone_stock_proxy,1.0,MAIN,,,178.0,0.9368421052631579,0.9368421052631579,1,B1,0.496998,0.46560865263157897,0.9368421052631579,1.0,3.5,5.0,5.5,246,False,,,,True,
2001,丰台区,monotone_stock_proxy,1.0,MAIN,,,178.0,0.9368421052631579,0.9368421052631579,2,B2,0.323116,0.30270867368421056,0.471233452631579,0.5030020000000001,7.0,9.0,11.0,246,False,,,,True,
2001,丰台区,monotone_stock_proxy,1.0,MAIN,,,178.0,0.9368421052631579,0.9368421052631579,3,B3,0.148102,0.13874818947368422,0.16852477894736845,0.17988600000000002,10.5,13.0,16.5,246,False,,,,True,
2001,丰台区,monotone_stock_proxy,1.0,MAIN,,,178.0,0.9368421052631579,0.9368421052631579,4,B4,0.031784,0.029776589473684213,0.029776589473684213,0.031784,14.0,17.0,22.0,246,False,,,,True,
2001,丰台区,monotone_stock_proxy,1.0,MAIN,,,178.0,0.9368421052631579,0.9368421052631579,5,B5+,0.0,0.0,0.0,0.0,17.5,21.0,27.5,246,False,,,,True,
2002,丰台区,monotone_stock_proxy,1.0,MAIN,,,180.0,0.9473684210526315,0.9473684210526316,1,B1,0.496998,0.4708402105263158,0.9473684210526316,1.0,3.5,5.0,5.5,246,False,,,,True,
2002,丰台区,monotone_stock_proxy,1.0,MAIN,,,180.0,0.9473684210526315,0.9473684210526316,2,B2,0.323116,0.30610989473684214,0.4765282105263159,0.5030020000000001,7.0,9.0,11.0,246,False,,,,True,
2002,丰台区,monotone_stock_proxy,1.0,MAIN,,,180.0,0.9473684210526315,0.9473684210526316,3,B3,0.148102,0.14030715789473686,0.17041831578947372,0.17988600000000002,10.5,13.0,16.5,246,False,,,,True,
2002,丰台区,monotone_stock_proxy,1.0,MAIN,,,180.0,0.9473684210526315,0.9473684210526316,4,B4,0.031784,0.030111157894736843,0.030111157894736843,0.031784,14.0,17.0,22.0,246,False,,,,True,
2002,丰台区,monotone_stock_proxy,1.0,MAIN,,,180.0,0.9473684210526315,0.9473684210526316,5,B5+,0.0,0.0,0.0,0.0,17.5,21.0,27.5,246,False,,,,True,
2003,丰台区,monotone_stock_proxy,1.0,MAIN,,,182.0,0.9578947368421052,0.9578947368421052,1,B1,0.496998,0.47607176842105264,0.9578947368421052,1.0,3.5,5.0,5.5,246,False,,,,True,
2003,丰台区,monotone_stock_proxy,1.0,MAIN,,,182.0,0.9578947368421052,0.9578947368421052,2,B2,0.323116,0.3095111157894737,0.48182296842105266,0.5030020000000001,7.0,9.0,11.0,246,False,,,,True,
2003,丰台区,monotone_stock_proxy,1.0,MAIN,,,182.0,0.9578947368421052,0.9578947368421052,3,B3,0.148102,0.1418661263157895,0.17231185263157897,0.17988600000000002,10.5,13.0,16.5,246,False,,,,True,
2003,丰台区,monotone_stock_proxy,1.0,MAIN,,,182.0,0.9578947368421052,0.9578947368421052,4,B4,0.031784,0.030445726315789474,0.030445726315789474,0.031784,14.0,17.0,22.0,246,False,,,,True,
2003,丰台区,monotone_stock_proxy,1.0,MAIN,,,182.0,0.9578947368421052,0.9578947368421052,5,B5+,0.0,0.0,0.0,0.0,17.5,21.0,27.5,246,False,,,,True,
2004,丰台区,monotone_stock_proxy,1.0,MAIN,,,184.0,0.968421052631579,0.968421052631579,1,B1,0.496998,0.4813033263157895,0.968421052631579,1.0,3.5,5.0,5.5,246,False,,,,True,
2004,丰台区,monotone_stock_proxy,1.0,MAIN,,,184.0,0.968421052631579,0.968421052631579,2,B2,0.323116,0.3129123368421053,0.48711772631578953,0.5030020000000001,7.0,9.0,11.0,246,False,,,,True,
2004,丰台区,monotone_stock_proxy,1.0,MAIN,,,184.0,0.968421052631579,0.968421052631579,3,B3,0.148102,0.14342509473684212,0.17420538947368422,0.17988600000000002,10.5,13.0,16.5,246,False,,,,True,
2004,丰台区,monotone_stock_proxy,1.0,MAIN,,,184.0,0.968421052631579,0.968421052631579,4,B4,0.031784,0.030780294736842104,0.030780294736842104,0.031784,14.0,17.0,22.0,246,False,,,,True,
2004,丰台区,monotone_stock_proxy,1.0,MAIN,,,184.0,0.968421052631579,0.968421052631579,5,B5+,0.0,0.0,0.0,0.0,17.5,21.0,27.5,246,False,,,,True,
2005,丰台区,monotone_stock_proxy,1.0,MAIN,186.0,186.0,186.0,0.9789473684210527,0.9789473684210527,1,B1,0.496998,0.4865348842105263,0.9789473684210527,1.0,3.5,5.0,5.5,246,False,,,,False,
2005,丰台区,monotone_stock_proxy,1.0,MAIN,186.0,186.0,186.0,0.9789473684210527,0.9789473684210527,2,B2,0.323116,0.31631355789473686,0.4924124842105264,0.5030020000000001,7.0,9.0,11.0,246,False,,,,False,
2005,丰台区,monotone_stock_proxy,1.0,MAIN,186.0,186.0,186.0,0.9789473684210527,0.9789473684210527,3,B3,0.148102,0.14498406315789475,0.1760989263157895,0.17988600000000002,10.5,13.0,16.5,246,False,,,,False,
2005,丰台区,monotone_stock_proxy,1.0,MAIN,186.0,186.0,186.0,0.9789473684210527,0.9789473684210527,4,B4,0.031784,0.03111486315789474,0.03111486315789474,0.031784,14.0,17.0,22.0,246,False,,,,False,
2005,丰台区,monotone_stock_proxy,1.0,MAIN,186.0,186.0,186.0,0.9789473684210527,0.9789473684210527,5,B5+,0.0,0.0,0.0,0.0,17.5,21.0,27.5,246,False,,,,False,
2006,丰台区,monotone_stock_proxy,1.0,MAIN,,,186.4,0.9810526315789474,0.9810526315789474,1,B1,0.496998,0.4875811957894737,0.9810526315789474,1.0,3.5,5.0,5.5,246,False,,,,True,
2006,丰台区,monotone_stock_proxy,1.0,MAIN,,,186.4,0.9810526315789474,0.9810526315789474,2,B2,0.323116,0.3169938021052632,0.4934714357894738,0.5030020000000001,7.0,9.0,11.0,246,False,,,,True,
2006,丰台区,monotone_stock_proxy,1.0,MAIN,,,186.4,0.9810526315789474,0.9810526315789474,3,B3,0.148102,0.14529585684210528,0.17647763368421054,0.17988600000000002,10.5,13.0,16.5,246,False,,,,True,
2006,丰台区,monotone_stock_proxy,1.0,MAIN,,,186.4,0.9810526315789474,0.9810526315789474,4,B4,0.031784,0.031181776842105265,0.031181776842105265,0.031784,14.0,17.0,22.0,246,False,,,,True,
2006,丰台区,monotone_stock_proxy,1.0,MAIN,,,186.4,0.9810526315789474,0.9810526315789474,5,B5+,0.0,0.0,0.0,0.0,17.5,21.0,27.5,246,False,,,,True,
2007,丰台区,monotone_stock_proxy,1.0,MAIN,,,186.8,0.9831578947368421,0.9831578947368421,1,B1,0.496998,0.48862750736842103,0.9831578947368421,1.0,3.5,5.0,5.5,246,False,,,,True,
2007,丰台区,monotone_stock_proxy,1.0,MAIN,,,186.8,0.9831578947368421,0.9831578947368421,2,B2,0.323116,0.3176740463157895,0.49453038736842114,0.5030020000000001,7.0,9.0,11.0,246,False,,,,True,
2007,丰台区,monotone_stock_proxy,1.0,MAIN,,,186.8,0.9831578947368421,0.9831578947368421,3,B3,0.148102,0.1456076505263158,0.1768563410526316,0.17988600000000002,10.5,13.0,16.5,246,False,,,,True,
2007,丰台区,monotone_stock_proxy,1.0,MAIN,,,186.8,0.9831578947368421,0.9831578947368421,4,B4,0.031784,0.03124869052631579,0.03124869052631579,0.031784,14.0,17.0,22.0,246,False,,,,True,
2007,丰台区,monotone_stock_proxy,1.0,MAIN,,,186.8,0.9831578947368421,0.9831578947368421,5,B5+,0.0,0.0,0.0,0.0,17.5,21.0,27.5,246,False,,,,True,
2008,丰台区,monotone_stock_proxy,1.0,MAIN,,,187.2,0.9852631578947367,0.9852631578947368,1,B1,0.496998,0.4896738189473684,0.9852631578947368,1.0,3.5,5.0,5.5,246,False,,,,True,
2008,丰台区,monotone_stock_proxy,1.0,MAIN,,,187.2,0.9852631578947367,0.9852631578947368,2,B2,0.323116,0.3183542905263158,0.4955893389473685,0.5030020000000001,7.0,9.0,11.0,246,False,,,,True,
2008,丰台区,monotone_stock_proxy,1.0,MAIN,,,187.2,0.9852631578947367,0.9852631578947368,3,B3,0.148102,0.14591944421052633,0.17723504842105264,0.17988600000000002,10.5,13.0,16.5,246,False,,,,True,
2008,丰台区,monotone_stock_proxy,1.0,MAIN,,,187.2,0.9852631578947367,0.9852631578947368,4,B4,0.031784,0.031315604210526315,0.031315604210526315,0.031784,14.0,17.0,22.0,246,False,,,,True,
2008,丰台区,monotone_stock_proxy,1.0,MAIN,,,187.2,0.9852631578947367,0.9852631578947368,5,B5+,0.0,0.0,0.0,0.0,17.5,21.0,27.5,246,False,,,,True,
2009,丰台区,monotone_stock_proxy,1.0,MAIN,,,187.6,0.9873684210526316,0.9873684210526316,1,B1,0.496998,0.4907201305263158,0.9873684210526316,1.0,3.5,5.0,5.5,246,False,,,,True,
2009,丰台区,monotone_stock_proxy,1.0,MAIN,,,187.6,0.9873684210526316,0.9873684210526316,2,B2,0.323116,0.3190345347368421,0.4966482905263158,0.5030020000000001,7.0,9.0,11.0,246,False,,,,True,
2009,丰台区,monotone_stock_proxy,1.0,MAIN,,,187.6,0.9873684210526316,0.9873684210526316,3,B3,0.148102,0.14623123789473685,0.1776137557894737,0.17988600000000002,10.5,13.0,16.5,246,False,,,,True,
2009,丰台区,monotone_stock_proxy,1.0,MAIN,,,187.6,0.9873684210526316,0.9873684210526316,4,B4,0.031784,0.03138251789473684,0.03138251789473684,0.031784,14.0,17.0,22.0,246,False,,,,True,
2009,丰台区,monotone_stock_proxy,1.0,MAIN,,,187.6,0.9873684210526316,0.9873684210526316,5,B5+,0.0,0.0,0.0,0.0,17.5,21.0,27.5,246,False,,,,True,
2010,丰台区,monotone_stock_proxy,1.0,MAIN,188.0,188.0,188.0,0.9894736842105263,0.9894736842105263,1,B1,0.496998,0.49176644210526316,0.9894736842105263,1.0,3.5,5.0,5.5,246,False,,,,False,
2010,丰台区,monotone_stock_proxy,1.0,MAIN,188.0,188.0,188.0,0.9894736842105263,0.9894736842105263,2,B2,0.323116,0.31971477894736844,0.4977072421052632,0.5030020000000001,7.0,9.0,11.0,246,False,,,,False,
2010,丰台区,monotone_stock_proxy,1.0,MAIN,188.0,188.0,188.0,0.9894736842105263,0.9894736842105263,3,B3,0.148102,0.14654303157894738,0.17799246315789474,0.17988600000000002,10.5,13.0,16.5,246,False,,,,False,
2010,丰台区,monotone_stock_proxy,1.0,MAIN,188.0,188.0,188.0,0.9894736842105263,0.9894736842105263,4,B4,0.031784,0.03144943157894737,0.03144943157894737,0.031784,14.0,17.0,22.0,246,False,,,,False,
2010,丰台区,monotone_stock_proxy,1.0,MAIN,188.0,188.0,188.0,0.9894736842105263,0.9894736842105263,5,B5+,0.0,0.0,0.0,0.0,17.5,21.0,27.5,246,False,,,,False,
2011,丰台区,monotone_stock_proxy,1.0,MAIN,,,188.4,0.9915789473684211,0.991578947368421,1,B1,0.496998,0.4928127536842105,0.991578947368421,1.0,3.5,5.0,5.5,246,False,,,,True,
2011,丰台区,monotone_stock_proxy,1.0,MAIN,,,188.4,0.9915789473684211,0.991578947368421,2,B2,0.323116,0.32039502315789475,0.49876619368421055,0.5030020000000001,7.0,9.0,11.0,246,False,,,,True,
2011,丰台区,monotone_stock_proxy,1.0,MAIN,,,188.4,0.9915789473684211,0.991578947368421,3,B3,0.148102,0.1468548252631579,0.1783711705263158,0.17988600000000002,10.5,13.0,16.5,246,False,,,,True,
2011,丰台区,monotone_stock_proxy,1.0,MAIN,,,188.4,0.9915789473684211,0.991578947368421,4,B4,0.031784,0.03151634526315789,0.03151634526315789,0.031784,14.0,17.0,22.0,246,False,,,,True,
2011,丰台区,monotone_stock_proxy,1.0,MAIN,,,188.4,0.9915789473684211,0.991578947368421,5,B5+,0.0,0.0,0.0,0.0,17.5,21.0,27.5,246,False,,,,True,
2012,丰台区,monotone_stock_proxy,1.0,MAIN,,,188.8,0.9936842105263158,0.9936842105263157,1,B1,0.496998,0.49385906526315787,0.9936842105263157,1.0,3.5,5.0,5.5,246,False,,,,True,
2012,丰台区,monotone_stock_proxy,1.0,MAIN,,,188.8,0.9936842105263158,0.9936842105263157,2,B2,0.323116,0.32107526736842107,0.4998251452631579,0.5030020000000001,7.0,9.0,11.0,246,False,,,,True,
2012,丰台区,monotone_stock_proxy,1.0,MAIN,,,188.8,0.9936842105263158,0.9936842105263157,3,B3,0.148102,0.14716661894736843,0.17874987789473684,0.17988600000000002,10.5,13.0,16.5,246,False,,,,True,
2012,丰台区,monotone_stock_proxy,1.0,MAIN,,,188.8,0.9936842105263158,0.9936842105263157,4,B4,0.031784,0.031583258947368416,0.031583258947368416,0.031784,14.0,17.0,22.0,246,False,,,,True,
2012,丰台区,monotone_stock_proxy,1.0,MAIN,,,188.8,0.9936842105263158,0.9936842105263157,5,B5+,0.0,0.0,0.0,0.0,17.5,21.0,27.5,246,False,,,,True,
2013,丰台区,monotone_stock_proxy,1.0,MAIN,,,189.2,0.9957894736842104,0.9957894736842106,1,B1,0.496998,0.4949053768421053,0.9957894736842106,1.0,3.5,5.0,5.5,246,False,,,,True,
2013,丰台区,monotone_stock_proxy,1.0,MAIN,,,189.2,0.9957894736842104,0.9957894736842106,2,B2,0.323116,0.3217555115789474,0.5008840968421053,0.5030020000000001,7.0,9.0,11.0,246,False,,,,True,
2013,丰台区,monotone_stock_proxy,1.0,MAIN,,,189.2,0.9957894736842104,0.9957894736842106,3,B3,0.148102,0.14747841263157896,0.17912858526315792,0.17988600000000002,10.5,13.0,16.5,246,False,,,,True,
2013,丰台区,monotone_stock_proxy,1.0,MAIN,,,189.2,0.9957894736842104,0.9957894736842106,4,B4,0.031784,0.031650172631578946,0.031650172631578946,0.031784,14.0,17.0,22.0,246,False,,,,True,
2013,丰台区,monotone_stock_proxy,1.0,MAIN,,,189.2,0.9957894736842104,0.9957894736842106,5,B5+,0.0,0.0,0.0,0.0,17.5,21.0,27.5,246,False,,,,True,
2014,丰台区,monotone_stock_proxy,1.0,MAIN,,,189.6,0.9978947368421053,0.9978947368421053,1,B1,0.496998,0.49595168842105264,0.9978947368421053,1.0,3.5,5.0,5.5,246,False,,,,True,
2014,丰台区,monotone_stock_proxy,1.0,MAIN,,,189.6,0.9978947368421053,0.9978947368421053,2,B2,0.323116,0.3224357557894737,0.5019430484210528,0.5030020000000001,7.0,9.0,11.0,246,False,,,,True,
2014,丰台区,monotone_stock_proxy,1.0,MAIN,,,189.6,0.9978947368421053,0.9978947368421053,3,B3,0.148102,0.14779020631578949,0.17950729263157897,0.17988600000000002,10.5,13.0,16.5,246,False,,,,True,
2014,丰台区,monotone_stock_proxy,1.0,MAIN,,,189.6,0.9978947368421053,0.9978947368421053,4,B4,0.031784,0.031717086315789476,0.031717086315789476,0.031784,14.0,17.0,22.0,246,False,,,,True,
2014,丰台区,monotone_stock_proxy,1.0,MAIN,,,189.6,0.9978947368421053,0.9978947368421053,5,B5+,0.0,0.0,0.0,0.0,17.5,21.0,27.5,246,False,,,,True,
2015,丰台区,monotone_stock_proxy,1.0,MAIN,190.0,190.0,190.0,1.0,1.0,1,B1,0.496998,0.496998,1.0,1.0,3.5,5.0,5.5,246,False,,,,False,
2015,丰台区,monotone_stock_proxy,1.0,MAIN,190.0,190.0,190.0,1.0,1.0,2,B2,0.323116,0.323116,0.5030020000000001,0.5030020000000001,7.0,9.0,11.0,246,False,,,,False,
2015,丰台区,monotone_stock_proxy,1.0,MAIN,190.0,190.0,190.0,1.0,1.0,3,B3,0.148102,0.148102,0.17988600000000002,0.17988600000000002,10.5,13.0,16.5,246,False,,,,False,
2015,丰台区,monotone_stock_proxy,1.0,MAIN,190.0,190.0,190.0,1.0,1.0,4,B4,0.031784,0.031784,0.031784,0.031784,14.0,17.0,22.0,246,False,,,,False,
2015,丰台区,monotone_stock_proxy,1.0,MAIN,190.0,190.0,190.0,1.0,1.0,5,B5+,0.0,0.0,0.0,0.0,17.5,21.0,27.5,246,False,,,,False,
2016,丰台区,monotone_stock_proxy,1.0,MAIN,,,190.0,1.0,1.0,1,B1,0.496998,0.496998,1.0,1.0,3.5,5.0,5.5,246,False,,,,True,
2016,丰台区,monotone_stock_proxy,1.0,MAIN,,,190.0,1.0,1.0,2,B2,0.323116,0.323116,0.5030020000000001,0.5030020000000001,7.0,9.0,11.0,246,False,,,,True,
2016,丰台区,monotone_stock_proxy,1.0,MAIN,,,190.0,1.0,1.0,3,B3,0.148102,0.148102,0.17988600000000002,0.17988600000000002,10.5,13.0,16.5,246,False,,,,True,
2016,丰台区,monotone_stock_proxy,1.0,MAIN,,,190.0,1.0,1.0,4,B4,0.031784,0.031784,0.031784,0.031784,14.0,17.0,22.0,246,False,,,,True,
2016,丰台区,monotone_stock_proxy,1.0,MAIN,,,190.0,1.0,1.0,5,B5+,0.0,0.0,0.0,0.0,17.5,21.0,27.5,246,False,,,,True,
2017,丰台区,monotone_stock_proxy,1.0,MAIN,,,190.0,1.0,1.0,1,B1,0.496998,0.496998,1.0,1.0,3.5,5.0,5.5,246,False,,,,True,
2017,丰台区,monotone_stock_proxy,1.0,MAIN,,,190.0,1.0,1.0,2,B2,0.323116,0.323116,0.5030020000000001,0.5030020000000001,7.0,9.0,11.0,246,False,,,,True,
2017,丰台区,monotone_stock_proxy,1.0,MAIN,,,190.0,1.0,1.0,3,B3,0.148102,0.148102,0.17988600000000002,0.17988600000000002,10.5,13.0,16.5,246,False,,,,True,
2017,丰台区,monotone_stock_proxy,1.0,MAIN,,,190.0,1.0,1.0,4,B4,0.031784,0.031784,0.031784,0.031784,14.0,17.0,22.0,246,False,,,,True,
2017,丰台区,monotone_stock_proxy,1.0,MAIN,,,190.0,1.0,1.0,5,B5+,0.0,0.0,0.0,0.0,17.5,21.0,27.5,246,False,,,,True,
2018,丰台区,monotone_stock_proxy,1.0,MAIN,,,190.0,1.0,1.0,1,B1,0.496998,0.496998,1.0,1.0,3.5,5.0,5.5,246,False,,,,True,
2018,丰台区,monotone_stock_proxy,1.0,MAIN,,,190.0,1.0,1.0,2,B2,0.323116,0.323116,0.5030020000000001,0.5030020000000001,7.0,9.0,11.0,246,False,,,,True,
2018,丰台区,monotone_stock_proxy,1.0,MAIN,,,190.0,1.0,1.0,3,B3,0.148102,0.148102,0.17988600000000002,0.17988600000000002,10.5,13.0,16.5,246,False,,,,True,
2018,丰台区,monotone_stock_proxy,1.0,MAIN,,,190.0,1.0,1.0,4,B4,0.031784,0.031784,0.031784,0.031784,14.0,17.0,22.0,246,False,,,,True,
2018,丰台区,monotone_stock_proxy,1.0,MAIN,,,190.0,1.0,1.0,5,B5+,0.0,0.0,0.0,0.0,17.5,21.0,27.5,246,False,,,,True,
2019,丰台区,monotone_stock_proxy,1.0,MAIN,,,190.0,1.0,1.0,1,B1,0.496998,0.496998,1.0,1.0,3.5,5.0,5.5,246,False,,,,True,
2019,丰台区,monotone_stock_proxy,1.0,MAIN,,,190.0,1.0,1.0,2,B2,0.323116,0.323116,0.5030020000000001,0.5030020000000001,7.0,9.0,11.0,246,False,,,,True,
2019,丰台区,monotone_stock_proxy,1.0,MAIN,,,190.0,1.0,1.0,3,B3,0.148102,0.148102,0.17988600000000002,0.17988600000000002,10.5,13.0,16.5,246,False,,,,True,
2019,丰台区,monotone_stock_proxy,1.0,MAIN,,,190.0,1.0,1.0,4,B4,0.031784,0.031784,0.031784,0.031784,14.0,17.0,22.0,246,False,,,,True,
2019,丰台区,monotone_stock_proxy,1.0,MAIN,,,190.0,1.0,1.0,5,B5+,0.0,0.0,0.0,0.0,17.5,21.0,27.5,246,False,,,,True,
2020,丰台区,monotone_stock_proxy,1.0,MAIN,169.0,190.0,190.0,1.0,1.0,1,B1,0.496998,0.496998,1.0,1.0,3.5,5.0,5.5,246,False,,,,False,
2020,丰台区,monotone_stock_proxy,1.0,MAIN,169.0,190.0,190.0,1.0,1.0,2,B2,0.323116,0.323116,0.5030020000000001,0.5030020000000001,7.0,9.0,11.0,246,False,,,,False,
2020,丰台区,monotone_stock_proxy,1.0,MAIN,169.0,190.0,190.0,1.0,1.0,3,B3,0.148102,0.148102,0.17988600000000002,0.17988600000000002,10.5,13.0,16.5,246,False,,,,False,
2020,丰台区,monotone_stock_proxy,1.0,MAIN,169.0,190.0,190.0,1.0,1.0,4,B4,0.031784,0.031784,0.031784,0.031784,14.0,17.0,22.0,246,False,,,,False,
2020,丰台区,monotone_stock_proxy,1.0,MAIN,169.0,190.0,190.0,1.0,1.0,5,B5+,0.0,0.0,0.0,0.0,17.5,21.0,27.5,246,False,,,,False,
1980,大兴区,monotone_stock_proxy,1.0,MAIN,9.0,9.0,9.0,0.043478260869565216,0.043478260869565216,1,B1,0.524891,0.022821347826086955,0.043478260869565216,1.0,3.5,5.0,5.5,790,False,,,,False,
1980,大兴区,monotone_stock_proxy,1.0,MAIN,9.0,9.0,9.0,0.043478260869565216,0.043478260869565216,2,B2,0.387622,0.01685313043478261,0.02065691304347826,0.475109,7.0,9.0,11.0,790,False,,,,False,
1980,大兴区,monotone_stock_proxy,1.0,MAIN,9.0,9.0,9.0,0.043478260869565216,0.043478260869565216,3,B3,0.077494,0.0033693043478260866,0.003803782608695652,0.087487,10.5,13.0,16.5,790,False,,,,False,
1980,大兴区,monotone_stock_proxy,1.0,MAIN,9.0,9.0,9.0,0.043478260869565216,0.043478260869565216,4,B4,0.009993,0.00043447826086956523,0.00043447826086956523,0.009993,14.0,17.0,22.0,790,False,,,,False,
1980,大兴区,monotone_stock_proxy,1.0,MAIN,9.0,9.0,9.0,0.043478260869565216,0.043478260869565216,5,B5+,0.0,0.0,0.0,0.0,17.5,21.0,27.5,790,False,,,,False,
1981,大兴区,monotone_stock_proxy,1.0,MAIN,,,9.0,0.043478260869565216,0.043478260869565216,1,B1,0.524891,0.022821347826086955,0.043478260869565216,1.0,3.5,5.0,5.5,790,False,,,,True,
1981,大兴区,monotone_stock_proxy,1.0,MAIN,,,9.0,0.043478260869565216,0.043478260869565216,2,B2,0.387622,0.01685313043478261,0.02065691304347826,0.475109,7.0,9.0,11.0,790,False,,,,True,
1981,大兴区,monotone_stock_proxy,1.0,MAIN,,,9.0,0.043478260869565216,0.043478260869565216,3,B3,0.077494,0.0033693043478260866,0.003803782608695652,0.087487,10.5,13.0,16.5,790,False,,,,True,
1981,大兴区,monotone_stock_proxy,1.0,MAIN,,,9.0,0.043478260869565216,0.043478260869565216,4,B4,0.009993,0.00043447826086956523,0.00043447826086956523,0.009993,14.0,17.0,22.0,790,False,,,,True,
1981,大兴区,monotone_stock_proxy,1.0,MAIN,,,9.0,0.043478260869565216,0.043478260869565216,5,B5+,0.0,0.0,0.0,0.0,17.5,21.0,27.5,790,False,,,,True,
1982,大兴区,monotone_stock_proxy,1.0,MAIN,,,9.0,0.043478260869565216,0.043478260869565216,1,B1,0.524891,0.022821347826086955,0.043478260869565216,1.0,3.5,5.0,5.5,790,False,,,,True,
1982,大兴区,monotone_stock_proxy,1.0,MAIN,,,9.0,0.043478260869565216,0.043478260869565216,2,B2,0.387622,0.01685313043478261,0.02065691304347826,0.475109,7.0,9.0,11.0,790,False,,,,True,
1982,大兴区,monotone_stock_proxy,1.0,MAIN,,,9.0,0.043478260869565216,0.043478260869565216,3,B3,0.077494,0.0033693043478260866,0.003803782608695652,0.087487,10.5,13.0,16.5,790,False,,,,True,
1982,大兴区,monotone_stock_proxy,1.0,MAIN,,,9.0,0.043478260869565216,0.043478260869565216,4,B4,0.009993,0.00043447826086956523,0.00043447826086956523,0.009993,14.0,17.0,22.0,790,False,,,,True,
1982,大兴区,monotone_stock_proxy,1.0,MAIN,,,9.0,0.043478260869565216,0.043478260869565216,5,B5+,0.0,0.0,0.0,0.0,17.5,21.0,27.5,790,False,,,,True,
1983,大兴区,monotone_stock_proxy,1.0,MAIN,,,9.0,0.043478260869565216,0.043478260869565216,1,B1,0.524891,0.022821347826086955,0.043478260869565216,1.0,3.5,5.0,5.5,790,False,,,,True,
1983,大兴区,monotone_stock_proxy,1.0,MAIN,,,9.0,0.043478260869565216,0.043478260869565216,2,B2,0.387622,0.01685313043478261,0.02065691304347826,0.475109,7.0,9.0,11.0,790,False,,,,True,
1983,大兴区,monotone_stock_proxy,1.0,MAIN,,,9.0,0.043478260869565216,0.043478260869565216,3,B3,0.077494,0.0033693043478260866,0.003803782608695652,0.087487,10.5,13.0,16.5,790,False,,,,True,
1983,大兴区,monotone_stock_proxy,1.0,MAIN,,,9.0,0.043478260869565216,0.043478260869565216,4,B4,0.009993,0.00043447826086956523,0.00043447826086956523,0.009993,14.0,17.0,22.0,790,False,,,,True,
1983,大兴区,monotone_stock_proxy,1.0,MAIN,,,9.0,0.043478260869565216,0.043478260869565216,5,B5+,0.0,0.0,0.0,0.0,17.5,21.0,27.5,790,False,,,,True,
1984,大兴区,monotone_stock_proxy,1.0,MAIN,,,9.0,0.043478260869565216,0.043478260869565216,1,B1,0.524891,0.022821347826086955,0.043478260869565216,1.0,3.5,5.0,5.5,790,False,,,,True,
1984,大兴区,monotone_stock_proxy,1.0,MAIN,,,9.0,0.043478260869565216,0.043478260869565216,2,B2,0.387622,0.01685313043478261,0.02065691304347826,0.475109,7.0,9.0,11.0,790,False,,,,True,
1984,大兴区,monotone_stock_proxy,1.0,MAIN,,,9.0,0.043478260869565216,0.043478260869565216,3,B3,0.077494,0.0033693043478260866,0.003803782608695652,0.087487,10.5,13.0,16.5,790,False,,,,True,
1984,大兴区,monotone_stock_proxy,1.0,MAIN,,,9.0,0.043478260869565216,0.043478260869565216,4,B4,0.009993,0.00043447826086956523,0.00043447826086956523,0.009993,14.0,17.0,22.0,790,False,,,,True,
1984,大兴区,monotone_stock_proxy,1.0,MAIN,,,9.0,0.043478260869565216,0.043478260869565216,5,B5+,0.0,0.0,0.0,0.0,17.5,21.0,27.5,790,False,,,,True,
1985,大兴区,monotone_stock_proxy,1.0,MAIN,,,9.0,0.043478260869565216,0.043478260869565216,1,B1,0.524891,0.022821347826086955,0.043478260869565216,1.0,3.5,5.0,5.5,790,False,,,,True,
1985,大兴区,monotone_stock_proxy,1.0,MAIN,,,9.0,0.043478260869565216,0.043478260869565216,2,B2,0.387622,0.01685313043478261,0.02065691304347826,0.475109,7.0,9.0,11.0,790,False,,,,True,
1985,大兴区,monotone_stock_proxy,1.0,MAIN,,,9.0,0.043478260869565216,0.043478260869565216,3,B3,0.077494,0.0033693043478260866,0.003803782608695652,0.087487,10.5,13.0,16.5,790,False,,,,True,
1985,大兴区,monotone_stock_proxy,1.0,MAIN,,,9.0,0.043478260869565216,0.043478260869565216,4,B4,0.009993,0.00043447826086956523,0.00043447826086956523,0.009993,14.0,17.0,22.0,790,False,,,,True,
1985,大兴区,monotone_stock_proxy,1.0,MAIN,,,9.0,0.043478260869565216,0.043478260869565216,5,B5+,0.0,0.0,0.0,0.0,17.5,21.0,27.5,790,False,,,,True,
1986,大兴区,monotone_stock_proxy,1.0,MAIN,,,9.0,0.043478260869565216,0.043478260869565216,1,B1,0.524891,0.022821347826086955,0.043478260869565216,1.0,3.5,5.0,5.5,790,False,,,,True,
1986,大兴区,monotone_stock_proxy,1.0,MAIN,,,9.0,0.043478260869565216,0.043478260869565216,2,B2,0.387622,0.01685313043478261,0.02065691304347826,0.475109,7.0,9.0,11.0,790,False,,,,True,
1986,大兴区,monotone_stock_proxy,1.0,MAIN,,,9.0,0.043478260869565216,0.043478260869565216,3,B3,0.077494,0.0033693043478260866,0.003803782608695652,0.087487,10.5,13.0,16.5,790,False,,,,True,
1986,大兴区,monotone_stock_proxy,1.0,MAIN,,,9.0,0.043478260869565216,0.043478260869565216,4,B4,0.009993,0.00043447826086956523,0.00043447826086956523,0.009993,14.0,17.0,22.0,790,False,,,,True,
1986,大兴区,monotone_stock_proxy,1.0,MAIN,,,9.0,0.043478260869565216,0.043478260869565216,5,B5+,0.0,0.0,0.0,0.0,17.5,21.0,27.5,790,False,,,,True,
1987,大兴区,monotone_stock_proxy,1.0,MAIN,,,9.0,0.043478260869565216,0.043478260869565216,1,B1,0.524891,0.022821347826086955,0.043478260869565216,1.0,3.5,5.0,5.5,790,False,,,,True,
1987,大兴区,monotone_stock_proxy,1.0,MAIN,,,9.0,0.043478260869565216,0.043478260869565216,2,B2,0.387622,0.01685313043478261,0.02065691304347826,0.475109,7.0,9.0,11.0,790,False,,,,True,
1987,大兴区,monotone_stock_proxy,1.0,MAIN,,,9.0,0.043478260869565216,0.043478260869565216,3,B3,0.077494,0.0033693043478260866,0.003803782608695652,0.087487,10.5,13.0,16.5,790,False,,,,True,
1987,大兴区,monotone_stock_proxy,1.0,MAIN,,,9.0,0.043478260869565216,0.043478260869565216,4,B4,0.009993,0.00043447826086956523,0.00043447826086956523,0.009993,14.0,17.0,22.0,790,False,,,,True,
1987,大兴区,monotone_stock_proxy,1.0,MAIN,,,9.0,0.043478260869565216,0.043478260869565216,5,B5+,0.0,0.0,0.0,0.0,17.5,21.0,27.5,790,False,,,,True,
1988,大兴区,monotone_stock_proxy,1.0,MAIN,,,9.0,0.043478260869565216,0.043478260869565216,1,B1,0.524891,0.022821347826086955,0.043478260869565216,1.0,3.5,5.0,5.5,790,False,,,,True,
1988,大兴区,monotone_stock_proxy,1.0,MAIN,,,9.0,0.043478260869565216,0.043478260869565216,2,B2,0.387622,0.01685313043478261,0.02065691304347826,0.475109,7.0,9.0,11.0,790,False,,,,True,
1988,大兴区,monotone_stock_proxy,1.0,MAIN,,,9.0,0.043478260869565216,0.043478260869565216,3,B3,0.077494,0.0033693043478260866,0.003803782608695652,0.087487,10.5,13.0,16.5,790,False,,,,True,
1988,大兴区,monotone_stock_proxy,1.0,MAIN,,,9.0,0.043478260869565216,0.043478260869565216,4,B4,0.009993,0.00043447826086956523,0.00043447826086956523,0.009993,14.0,17.0,22.0,790,False,,,,True,
1988,大兴区,monotone_stock_proxy,1.0,MAIN,,,9.0,0.043478260869565216,0.043478260869565216,5,B5+,0.0,0.0,0.0,0.0,17.5,21.0,27.5,790,False,,,,True,
1989,大兴区,monotone_stock_proxy,1.0,MAIN,,,9.0,0.043478260869565216,0.043478260869565216,1,B1,0.524891,0.022821347826086955,0.043478260869565216,1.0,3.5,5.0,5.5,790,False,,,,True,
1989,大兴区,monotone_stock_proxy,1.0,MAIN,,,9.0,0.043478260869565216,0.043478260869565216,2,B2,0.387622,0.01685313043478261,0.02065691304347826,0.475109,7.0,9.0,11.0,790,False,,,,True,
1989,大兴区,monotone_stock_proxy,1.0,MAIN,,,9.0,0.043478260869565216,0.043478260869565216,3,B3,0.077494,0.0033693043478260866,0.003803782608695652,0.087487,10.5,13.0,16.5,790,False,,,,True,
1989,大兴区,monotone_stock_proxy,1.0,MAIN,,,9.0,0.043478260869565216,0.043478260869565216,4,B4,0.009993,0.00043447826086956523,0.00043447826086956523,0.009993,14.0,17.0,22.0,790,False,,,,True,
1989,大兴区,monotone_stock_proxy,1.0,MAIN,,,9.0,0.043478260869565216,0.043478260869565216,5,B5+,0.0,0.0,0.0,0.0,17.5,21.0,27.5,790,False,,,,True,
1990,大兴区,monotone_stock_proxy,1.0,MAIN,9.0,9.0,9.0,0.043478260869565216,0.043478260869565216,1,B1,0.524891,0.022821347826086955,0.043478260869565216,1.0,3.5,5.0,5.5,790,False,,,,False,
1990,大兴区,monotone_stock_proxy,1.0,MAIN,9.0,9.0,9.0,0.043478260869565216,0.043478260869565216,2,B2,0.387622,0.01685313043478261,0.02065691304347826,0.475109,7.0,9.0,11.0,790,False,,,,False,
1990,大兴区,monotone_stock_proxy,1.0,MAIN,9.0,9.0,9.0,0.043478260869565216,0.043478260869565216,3,B3,0.077494,0.0033693043478260866,0.003803782608695652,0.087487,10.5,13.0,16.5,790,False,,,,False,
1990,大兴区,monotone_stock_proxy,1.0,MAIN,9.0,9.0,9.0,0.043478260869565216,0.043478260869565216,4,B4,0.009993,0.00043447826086956523,0.00043447826086956523,0.009993,14.0,17.0,22.0,790,False,,,,False,
1990,大兴区,monotone_stock_proxy,1.0,MAIN,9.0,9.0,9.0,0.043478260869565216,0.043478260869565216,5,B5+,0.0,0.0,0.0,0.0,17.5,21.0,27.5,790,False,,,,False,
1991,大兴区,monotone_stock_proxy,1.0,MAIN,,,19.6,0.09468599033816426,0.09468599033816426,1,B1,0.524891,0.04969982415458937,0.09468599033816426,1.0,3.5,5.0,5.5,790,False,,,,True,
1991,大兴区,monotone_stock_proxy,1.0,MAIN,,,19.6,0.09468599033816426,0.09468599033816426,2,B2,0.387622,0.03670237294685991,0.044986166183574886,0.475109,7.0,9.0,11.0,790,False,,,,True,
1991,大兴区,monotone_stock_proxy,1.0,MAIN,,,19.6,0.09468599033816426,0.09468599033816426,3,B3,0.077494,0.007337596135265701,0.008283793236714977,0.087487,10.5,13.0,16.5,790,False,,,,True,
1991,大兴区,monotone_stock_proxy,1.0,MAIN,,,19.6,0.09468599033816426,0.09468599033816426,4,B4,0.009993,0.0009461971014492755,0.0009461971014492755,0.009993,14.0,17.0,22.0,790,False,,,,True,
1991,大兴区,monotone_stock_proxy,1.0,MAIN,,,19.6,0.09468599033816426,0.09468599033816426,5,B5+,0.0,0.0,0.0,0.0,17.5,21.0,27.5,790,False,,,,True,
1992,大兴区,monotone_stock_proxy,1.0,MAIN,,,30.200000000000003,0.1458937198067633,0.1458937198067633,1,B1,0.524891,0.07657830048309179,0.1458937198067633,1.0,3.5,5.0,5.5,790,False,,,,True,
1992,大兴区,monotone_stock_proxy,1.0,MAIN,,,30.200000000000003,0.1458937198067633,0.1458937198067633,2,B2,0.387622,0.05655161545893721,0.06931541932367151,0.475109,7.0,9.0,11.0,790,False,,,,True,
1992,大兴区,monotone_stock_proxy,1.0,MAIN,,,30.200000000000003,0.1458937198067633,0.1458937198067633,3,B3,0.077494,0.011305887922705314,0.0127638038647343,0.087487,10.5,13.0,16.5,790,False,,,,True,
1992,大兴区,monotone_stock_proxy,1.0,MAIN,,,30.200000000000003,0.1458937198067633,0.1458937198067633,4,B4,0.009993,0.0014579159420289856,0.0014579159420289856,0.009993,14.0,17.0,22.0,790,False,,,,True,
1992,大兴区,monotone_stock_proxy,1.0,MAIN,,,30.200000000000003,0.1458937198067633,0.1458937198067633,5,B5+,0.0,0.0,0.0,0.0,17.5,21.0,27.5,790,False,,,,True,
1993,大兴区,monotone_stock_proxy,1.0,MAIN,,,40.8,0.1971014492753623,0.19710144927536233,1,B1,0.524891,0.10345677681159421,0.19710144927536233,1.0,3.5,5.0,5.5,790,False,,,,True,
1993,大兴区,monotone_stock_proxy,1.0,MAIN,,,40.8,0.1971014492753623,0.19710144927536233,2,B2,0.387622,0.07640085797101451,0.09364467246376812,0.475109,7.0,9.0,11.0,790,False,,,,True,
1993,大兴区,monotone_stock_proxy,1.0,MAIN,,,40.8,0.1971014492753623,0.19710144927536233,3,B3,0.077494,0.015274179710144928,0.017243814492753622,0.087487,10.5,13.0,16.5,790,False,,,,True,
1993,大兴区,monotone_stock_proxy,1.0,MAIN,,,40.8,0.1971014492753623,0.19710144927536233,4,B4,0.009993,0.001969634782608696,0.001969634782608696,0.009993,14.0,17.0,22.0,790,False,,,,True,
1993,大兴区,monotone_stock_proxy,1.0,MAIN,,,40.8,0.1971014492753623,0.19710144927536233,5,B5+,0.0,0.0,0.0,0.0,17.5,21.0,27.5,790,False,,,,True,
1994,大兴区,monotone_stock_proxy,1.0,MAIN,,,51.400000000000006,0.24830917874396138,0.24830917874396138,1,B1,0.524891,0.13033525314009664,0.24830917874396138,1.0,3.5,5.0,5.5,790,False,,,,True,
1994,大兴区,monotone_stock_proxy,1.0,MAIN,,,51.400000000000006,0.24830917874396138,0.24830917874396138,2,B2,0.387622,0.09625010048309181,0.11797392560386474,0.475109,7.0,9.0,11.0,790,False,,,,True,
1994,大兴区,monotone_stock_proxy,1.0,MAIN,,,51.400000000000006,0.24830917874396138,0.24830917874396138,3,B3,0.077494,0.019242471497584544,0.02172382512077295,0.087487,10.5,13.0,16.5,790,False,,,,True,
1994,大兴区,monotone_stock_proxy,1.0,MAIN,,,51.400000000000006,0.24830917874396138,0.24830917874396138,4,B4,0.009993,0.002481353623188406,0.002481353623188406,0.009993,14.0,17.0,22.0,790,False,,,,True,
1994,大兴区,monotone_stock_proxy,1.0,MAIN,,,51.400000000000006,0.24830917874396138,0.24830917874396138,5,B5+,0.0,0.0,0.0,0.0,17.5,21.0,27.5,790,False,,,,True,
1995,大兴区,monotone_stock_proxy,1.0,MAIN,62.0,62.0,62.0,0.2995169082125604,0.2995169082125604,1,B1,0.524891,0.15721372946859904,0.2995169082125604,1.0,3.5,5.0,5.5,790,False,,,,False,
1995,大兴区,monotone_stock_proxy,1.0,MAIN,62.0,62.0,62.0,0.2995169082125604,0.2995169082125604,2,B2,0.387622,0.1160993429951691,0.14230317874396134,0.475109,7.0,9.0,11.0,790,False,,,,False,
1995,大兴区,monotone_stock_proxy,1.0,MAIN,62.0,62.0,62.0,0.2995169082125604,0.2995169082125604,3,B3,0.077494,0.023210763285024152,0.02620383574879227,0.087487,10.5,13.0,16.5,790,False,,,,False,
1995,大兴区,monotone_stock_proxy,1.0,MAIN,62.0,62.0,62.0,0.2995169082125604,0.2995169082125604,4,B4,0.009993,0.0029930724637681158,0.0029930724637681158,0.009993,14.0,17.0,22.0,790,False,,,,False,
1995,大兴区,monotone_stock_proxy,1.0,MAIN,62.0,62.0,62.0,0.2995169082125604,0.2995169082125604,5,B5+,0.0,0.0,0.0,0.0,17.5,21.0,27.5,790,False,,,,False,
1996,大兴区,monotone_stock_proxy,1.0,MAIN,,,62.4,0.30144927536231886,0.30144927536231886,1,B1,0.524891,0.1582280115942029,0.30144927536231886,1.0,3.5,5.0,5.5,790,False,,,,True,
1996,大兴区,monotone_stock_proxy,1.0,MAIN,,,62.4,0.30144927536231886,0.30144927536231886,2,B2,0.387622,0.11684837101449276,0.14322126376811595,0.475109,7.0,9.0,11.0,790,False,,,,True,
1996,大兴区,monotone_stock_proxy,1.0,MAIN,,,62.4,0.30144927536231886,0.30144927536231886,3,B3,0.077494,0.023360510144927536,0.02637289275362319,0.087487,10.5,13.0,16.5,790,False,,,,True,
1996,大兴区,monotone_stock_proxy,1.0,MAIN,,,62.4,0.30144927536231886,0.30144927536231886,4,B4,0.009993,0.0030123826086956526,0.0030123826086956526,0.009993,14.0,17.0,22.0,790,False,,,,True,
1996,大兴区,monotone_stock_proxy,1.0,MAIN,,,62.4,0.30144927536231886,0.30144927536231886,5,B5+,0.0,0.0,0.0,0.0,17.5,21.0,27.5,790,False,,,,True,
1997,大兴区,monotone_stock_proxy,1.0,MAIN,,,62.8,0.3033816425120773,0.3033816425120773,1,B1,0.524891,0.15924229371980675,0.3033816425120773,1.0,3.5,5.0,5.5,790,False,,,,True,
1997,大兴区,monotone_stock_proxy,1.0,MAIN,,,62.8,0.3033816425120773,0.3033816425120773,2,B2,0.387622,0.11759739903381643,0.14413934879227053,0.475109,7.0,9.0,11.0,790,False,,,,True,
1997,大兴区,monotone_stock_proxy,1.0,MAIN,,,62.8,0.3033816425120773,0.3033816425120773,3,B3,0.077494,0.023510257004830913,0.026541949758454104,0.087487,10.5,13.0,16.5,790,False,,,,True,
1997,大兴区,monotone_stock_proxy,1.0,MAIN,,,62.8,0.3033816425120773,0.3033816425120773,4,B4,0.009993,0.003031692753623188,0.003031692753623188,0.009993,14.0,17.0,22.0,790,False,,,,True,
1997,大兴区,monotone_stock_proxy,1.0,MAIN,,,62.8,0.3033816425120773,0.3033816425120773,5,B5+,0.0,0.0,0.0,0.0,17.5,21.0,27.5,790,False,,,,True,
1998,大兴区,monotone_stock_proxy,1.0,MAIN,,,63.2,0.30531400966183575,0.30531400966183575,1,B1,0.524891,0.16025657584541061,0.30531400966183575,1.0,3.5,5.0,5.5,790,False,,,,True,
1998,大兴区,monotone_stock_proxy,1.0,MAIN,,,63.2,0.30531400966183575,0.30531400966183575,2,B2,0.387622,0.11834642705314011,0.14505743381642514,0.475109,7.0,9.0,11.0,790,False,,,,True,
1998,大兴区,monotone_stock_proxy,1.0,MAIN,,,63.2,0.30531400966183575,0.30531400966183575,3,B3,0.077494,0.023660003864734297,0.026711006763285024,0.087487,10.5,13.0,16.5,790,False,,,,True,
1998,大兴区,monotone_stock_proxy,1.0,MAIN,,,63.2,0.30531400966183575,0.30531400966183575,4,B4,0.009993,0.003051002898550725,0.003051002898550725,0.009993,14.0,17.0,22.0,790,False,,,,True,
1998,大兴区,monotone_stock_proxy,1.0,MAIN,,,63.2,0.30531400966183575,0.30531400966183575,5,B5+,0.0,0.0,0.0,0.0,17.5,21.0,27.5,790,False,,,,True,
1999,大兴区,monotone_stock_proxy,1.0,MAIN,,,63.6,0.3072463768115942,0.30724637681159417,1,B1,0.524891,0.16127085797101448,0.30724637681159417,1.0,3.5,5.0,5.5,790,False,,,,True,
1999,大兴区,monotone_stock_proxy,1.0,MAIN,,,63.6,0.3072463768115942,0.30724637681159417,2,B2,0.387622,0.11909545507246376,0.1459755188405797,0.475109,7.0,9.0,11.0,790,False,,,,True,
1999,大兴区,monotone_stock_proxy,1.0,MAIN,,,63.6,0.3072463768115942,0.30724637681159417,3,B3,0.077494,0.023809750724637677,0.026880063768115938,0.087487,10.5,13.0,16.5,790,False,,,,True,
1999,大兴区,monotone_stock_proxy,1.0,MAIN,,,63.6,0.3072463768115942,0.30724637681159417,4,B4,0.009993,0.003070313043478261,0.003070313043478261,0.009993,14.0,17.0,22.0,790,False,,,,True,
1999,大兴区,monotone_stock_proxy,1.0,MAIN,,,63.6,0.3072463768115942,0.30724637681159417,5,B5+,0.0,0.0,0.0,0.0,17.5,21.0,27.5,790,False,,,,True,
2000,大兴区,monotone_stock_proxy,1.0,MAIN,64.0,64.0,64.0,0.30917874396135264,0.30917874396135264,1,B1,0.524891,0.16228514009661835,0.30917874396135264,1.0,3.5,5.0,5.5,790,False,,,,False,
2000,大兴区,monotone_stock_proxy,1.0,MAIN,64.0,64.0,64.0,0.30917874396135264,0.30917874396135264,2,B2,0.387622,0.11984448309178744,0.1468936038647343,0.475109,7.0,9.0,11.0,790,False,,,,False,
2000,大兴区,monotone_stock_proxy,1.0,MAIN,64.0,64.0,64.0,0.30917874396135264,0.30917874396135264,3,B3,0.077494,0.02395949758454106,0.02704912077294686,0.087487,10.5,13.0,16.5,790,False,,,,False,
2000,大兴区,monotone_stock_proxy,1.0,MAIN,64.0,64.0,64.0,0.30917874396135264,0.30917874396135264,4,B4,0.009993,0.003089623188405797,0.003089623188405797,0.009993,14.0,17.0,22.0,790,False,,,,False,
2000,大兴区,monotone_stock_proxy,1.0,MAIN,64.0,64.0,64.0,0.30917874396135264,0.30917874396135264,5,B5+,0.0,0.0,0.0,0.0,17.5,21.0,27.5,790,False,,,,False,
2001,大兴区,monotone_stock_proxy,1.0,MAIN,,,76.4,0.3690821256038648,0.3690821256038647,1,B1,0.524891,0.19372788599033816,0.3690821256038647,1.0,3.5,5.0,5.5,790,False,,,,True,
2001,大兴区,monotone_stock_proxy,1.0,MAIN,,,76.4,0.3690821256038648,0.3690821256038647,2,B2,0.387622,0.14306435169082127,0.17535423961352656,0.475109,7.0,9.0,11.0,790,False,,,,True,
2001,大兴区,monotone_stock_proxy,1.0,MAIN,,,76.4,0.3690821256038648,0.3690821256038647,3,B3,0.077494,0.02860165024154589,0.03228988792270531,0.087487,10.5,13.0,16.5,790,False,,,,True,
2001,大兴区,monotone_stock_proxy,1.0,MAIN,,,76.4,0.3690821256038648,0.3690821256038647,4,B4,0.009993,0.00368823768115942,0.00368823768115942,0.009993,14.0,17.0,22.0,790,False,,,,True,
2001,大兴区,monotone_stock_proxy,1.0,MAIN,,,76.4,0.3690821256038648,0.3690821256038647,5,B5+,0.0,0.0,0.0,0.0,17.5,21.0,27.5,790,False,,,,True,
2002,大兴区,monotone_stock_proxy,1.0,MAIN,,,88.8,0.4289855072463768,0.42898550724637685,1,B1,0.524891,0.225170631884058,0.42898550724637685,1.0,3.5,5.0,5.5,790,False,,,,True,
2002,大兴区,monotone_stock_proxy,1.0,MAIN,,,88.8,0.4289855072463768,0.42898550724637685,2,B2,0.387622,0.1662842202898551,0.20381487536231885,0.475109,7.0,9.0,11.0,790,False,,,,True,
2002,大兴区,monotone_stock_proxy,1.0,MAIN,,,88.8,0.4289855072463768,0.42898550724637685,3,B3,0.077494,0.03324380289855072,0.03753065507246377,0.087487,10.5,13.0,16.5,790,False,,,,True,
2002,大兴区,monotone_stock_proxy,1.0,MAIN,,,88.8,0.4289855072463768,0.42898550724637685,4,B4,0.009993,0.0042868521739130435,0.0042868521739130435,0.009993,14.0,17.0,22.0,790,False,,,,True,
2002,大兴区,monotone_stock_proxy,1.0,MAIN,,,88.8,0.4289855072463768,0.42898550724637685,5,B5+,0.0,0.0,0.0,0.0,17.5,21.0,27.5,790,False,,,,True,
2003,大兴区,monotone_stock_proxy,1.0,MAIN,,,101.19999999999999,0.4888888888888888,0.48888888888888893,1,B1,0.524891,0.2566133777777778,0.48888888888888893,1.0,3.5,5.0,5.5,790,False,,,,True,
2003,大兴区,monotone_stock_proxy,1.0,MAIN,,,101.19999999999999,0.4888888888888888,0.48888888888888893,2,B2,0.387622,0.18950408888888892,0.23227551111111114,0.475109,7.0,9.0,11.0,790,False,,,,True,
2003,大兴区,monotone_stock_proxy,1.0,MAIN,,,101.19999999999999,0.4888888888888888,0.48888888888888893,3,B3,0.077494,0.03788595555555556,0.04277142222222222,0.087487,10.5,13.0,16.5,790,False,,,,True,
2003,大兴区,monotone_stock_proxy,1.0,MAIN,,,101.19999999999999,0.4888888888888888,0.48888888888888893,4,B4,0.009993,0.004885466666666667,0.004885466666666667,0.009993,14.0,17.0,22.0,790,False,,,,True,
2003,大兴区,monotone_stock_proxy,1.0,MAIN,,,101.19999999999999,0.4888888888888888,0.48888888888888893,5,B5+,0.0,0.0,0.0,0.0,17.5,21.0,27.5,790,False,,,,True,
2004,大兴区,monotone_stock_proxy,1.0,MAIN,,,113.6,0.5487922705314009,0.548792270531401,1,B1,0.524891,0.2880561236714976,0.548792270531401,1.0,3.5,5.0,5.5,790,False,,,,True,
2004,大兴区,monotone_stock_proxy,1.0,MAIN,,,113.6,0.5487922705314009,0.548792270531401,2,B2,0.387622,0.21272395748792272,0.26073614685990343,0.475109,7.0,9.0,11.0,790,False,,,,True,
2004,大兴区,monotone_stock_proxy,1.0,MAIN,,,113.6,0.5487922705314009,0.548792270531401,3,B3,0.077494,0.04252810821256039,0.04801218937198068,0.087487,10.5,13.0,16.5,790,False,,,,True,
2004,大兴区,monotone_stock_proxy,1.0,MAIN,,,113.6,0.5487922705314009,0.548792270531401,4,B4,0.009993,0.00548408115942029,0.00548408115942029,0.009993,14.0,17.0,22.0,790,False,,,,True,
2004,大兴区,monotone_stock_proxy,1.0,MAIN,,,113.6,0.5487922705314009,0.548792270531401,5,B5+,0.0,0.0,0.0,0.0,17.5,21.0,27.5,790,False,,,,True,
2005,大兴区,monotone_stock_proxy,1.0,MAIN,126.0,126.0,126.0,0.6086956521739131,0.6086956521739131,1,B1,0.524891,0.3194988695652174,0.6086956521739131,1.0,3.5,5.0,5.5,790,False,,,,False,
2005,大兴区,monotone_stock_proxy,1.0,MAIN,126.0,126.0,126.0,0.6086956521739131,0.6086956521739131,2,B2,0.387622,0.23594382608695655,0.2891967826086957,0.475109,7.0,9.0,11.0,790,False,,,,False,
2005,大兴区,monotone_stock_proxy,1.0,MAIN,126.0,126.0,126.0,0.6086956521739131,0.6086956521739131,3,B3,0.077494,0.04717026086956522,0.05325295652173913,0.087487,10.5,13.0,16.5,790,False,,,,False,
2005,大兴区,monotone_stock_proxy,1.0,MAIN,126.0,126.0,126.0,0.6086956521739131,0.6086956521739131,4,B4,0.009993,0.006082695652173914,0.006082695652173914,0.009993,14.0,17.0,22.0,790,False,,,,False,
2005,大兴区,monotone_stock_proxy,1.0,MAIN,126.0,126.0,126.0,0.6086956521739131,0.6086956521739131,5,B5+,0.0,0.0,0.0,0.0,17.5,21.0,27.5,790,False,,,,False,
2006,大兴区,monotone_stock_proxy,1.0,MAIN,,,131.0,0.6328502415458938,0.6328502415458938,1,B1,0.524891,0.3321773961352657,0.6328502415458938,1.0,3.5,5.0,5.5,790,False,,,,True,
2006,大兴区,monotone_stock_proxy,1.0,MAIN,,,131.0,0.6328502415458938,0.6328502415458938,2,B2,0.387622,0.24530667632850245,0.30067284541062805,0.475109,7.0,9.0,11.0,790,False,,,,True,
2006,大兴区,monotone_stock_proxy,1.0,MAIN,,,131.0,0.6328502415458938,0.6328502415458938,3,B3,0.077494,0.049042096618357484,0.055366169082125605,0.087487,10.5,13.0,16.5,790,False,,,,True,
2006,大兴区,monotone_stock_proxy,1.0,MAIN,,,131.0,0.6328502415458938,0.6328502415458938,4,B4,0.009993,0.006324072463768116,0.006324072463768116,0.009993,14.0,17.0,22.0,790,False,,,,True,
2006,大兴区,monotone_stock_proxy,1.0,MAIN,,,131.0,0.6328502415458938,0.6328502415458938,5,B5+,0.0,0.0,0.0,0.0,17.5,21.0,27.5,790,False,,,,True,
2007,大兴区,monotone_stock_proxy,1.0,MAIN,,,136.0,0.6570048309178744,0.6570048309178744,1,B1,0.524891,0.344855922705314,0.6570048309178744,1.0,3.5,5.0,5.5,790,False,,,,True,
2007,大兴区,monotone_stock_proxy,1.0,MAIN,,,136.0,0.6570048309178744,0.6570048309178744,2,B2,0.387622,0.2546695265700483,0.3121489082125604,0.475109,7.0,9.0,11.0,790,False,,,,True,
2007,大兴区,monotone_stock_proxy,1.0,MAIN,,,136.0,0.6570048309178744,0.6570048309178744,3,B3,0.077494,0.05091393236714976,0.057479381642512074,0.087487,10.5,13.0,16.5,790,False,,,,True,
2007,大兴区,monotone_stock_proxy,1.0,MAIN,,,136.0,0.6570048309178744,0.6570048309178744,4,B4,0.009993,0.006565449275362319,0.006565449275362319,0.009993,14.0,17.0,22.0,790,False,,,,True,
2007,大兴区,monotone_stock_proxy,1.0,MAIN,,,136.0,0.6570048309178744,0.6570048309178744,5,B5+,0.0,0.0,0.0,0.0,17.5,21.0,27.5,790,False,,,,True,
2008,大兴区,monotone_stock_proxy,1.0,MAIN,,,141.0,0.6811594202898551,0.6811594202898551,1,B1,0.524891,0.3575344492753623,0.6811594202898551,1.0,3.5,5.0,5.5,790,False,,,,True,
2008,大兴区,monotone_stock_proxy,1.0,MAIN,,,141.0,0.6811594202898551,0.6811594202898551,2,B2,0.387622,0.26403237681159425,0.3236249710144928,0.475109,7.0,9.0,11.0,790,False,,,,True,
2008,大兴区,monotone_stock_proxy,1.0,MAIN,,,141.0,0.6811594202898551,0.6811594202898551,3,B3,0.077494,0.052785768115942024,0.05959259420289855,0.087487,10.5,13.0,16.5,790,False,,,,True,
2008,大兴区,monotone_stock_proxy,1.0,MAIN,,,141.0,0.6811594202898551,0.6811594202898551,4,B4,0.009993,0.006806826086956522,0.006806826086956522,0.009993,14.0,17.0,22.0,790,False,,,,True,
2008,大兴区,monotone_stock_proxy,1.0,MAIN,,,141.0,0.6811594202898551,0.6811594202898551,5,B5+,0.0,0.0,0.0,0.0,17.5,21.0,27.5,790,False,,,,True,
2009,大兴区,monotone_stock_proxy,1.0,MAIN,,,146.0,0.7053140096618358,0.7053140096618358,1,B1,0.524891,0.37021297584541063,0.7053140096618358,1.0,3.5,5.0,5.5,790,False,,,,True,
2009,大兴区,monotone_stock_proxy,1.0,MAIN,,,146.0,0.7053140096618358,0.7053140096618358,2,B2,0.387622,0.2733952270531401,0.33510103381642514,0.475109,7.0,9.0,11.0,790,False,,,,True,
2009,大兴区,monotone_stock_proxy,1.0,MAIN,,,146.0,0.7053140096618358,0.7053140096618358,3,B3,0.077494,0.0546576038647343,0.06170580676328502,0.087487,10.5,13.0,16.5,790,False,,,,True,
2009,大兴区,monotone_stock_proxy,1.0,MAIN,,,146.0,0.7053140096618358,0.7053140096618358,4,B4,0.009993,0.007048202898550725,0.007048202898550725,0.009993,14.0,17.0,22.0,790,False,,,,True,
2009,大兴区,monotone_stock_proxy,1.0,MAIN,,,146.0,0.7053140096618358,0.7053140096618358,5,B5+,0.0,0.0,0.0,0.0,17.5,21.0,27.5,790,False,,,,True,
2010,大兴区,monotone_stock_proxy,1.0,MAIN,151.0,151.0,151.0,0.7294685990338164,0.7294685990338164,1,B1,0.524891,0.38289150241545894,0.7294685990338164,1.0,3.5,5.0,5.5,790,False,,,,False,
2010,大兴区,monotone_stock_proxy,1.0,MAIN,151.0,151.0,151.0,0.7294685990338164,0.7294685990338164,2,B2,0.387622,0.282758077294686,0.3465770966183575,0.475109,7.0,9.0,11.0,790,False,,,,False,
2010,大兴区,monotone_stock_proxy,1.0,MAIN,151.0,151.0,151.0,0.7294685990338164,0.7294685990338164,3,B3,0.077494,0.056529439613526564,0.0638190193236715,0.087487,10.5,13.0,16.5,790,False,,,,False,
2010,大兴区,monotone_stock_proxy,1.0,MAIN,151.0,151.0,151.0,0.7294685990338164,0.7294685990338164,4,B4,0.009993,0.007289579710144928,0.007289579710144928,0.009993,14.0,17.0,22.0,790,False,,,,False,
2010,大兴区,monotone_stock_proxy,1.0,MAIN,151.0,151.0,151.0,0.7294685990338164,0.7294685990338164,5,B5+,0.0,0.0,0.0,0.0,17.5,21.0,27.5,790,False,,,,False,
2011,大兴区,monotone_stock_proxy,1.0,MAIN,,,151.6,0.7323671497584541,0.7323671497584541,1,B1,0.524891,0.3844129256038647,0.7323671497584541,1.0,3.5,5.0,5.5,790,False,,,,True,
2011,大兴区,monotone_stock_proxy,1.0,MAIN,,,151.6,0.7323671497584541,0.7323671497584541,2,B2,0.387622,0.2838816193236715,0.3479542241545894,0.475109,7.0,9.0,11.0,790,False,,,,True,
2011,大兴区,monotone_stock_proxy,1.0,MAIN,,,151.6,0.7323671497584541,0.7323671497584541,3,B3,0.077494,0.056754059903381636,0.06407260483091787,0.087487,10.5,13.0,16.5,790,False,,,,True,
2011,大兴区,monotone_stock_proxy,1.0,MAIN,,,151.6,0.7323671497584541,0.7323671497584541,4,B4,0.009993,0.007318544927536232,0.007318544927536232,0.009993,14.0,17.0,22.0,790,False,,,,True,
2011,大兴区,monotone_stock_proxy,1.0,MAIN,,,151.6,0.7323671497584541,0.7323671497584541,5,B5+,0.0,0.0,0.0,0.0,17.5,21.0,27.5,790,False,,,,True,
2012,大兴区,monotone_stock_proxy,1.0,MAIN,,,152.2,0.7352657004830917,0.7352657004830918,1,B1,0.524891,0.38593434879227057,0.7352657004830918,1.0,3.5,5.0,5.5,790,False,,,,True,
2012,大兴区,monotone_stock_proxy,1.0,MAIN,,,152.2,0.7352657004830917,0.7352657004830918,2,B2,0.387622,0.285005161352657,0.34933135169082125,0.475109,7.0,9.0,11.0,790,False,,,,True,
2012,大兴区,monotone_stock_proxy,1.0,MAIN,,,152.2,0.7352657004830917,0.7352657004830918,3,B3,0.077494,0.056978680193236715,0.06432619033816425,0.087487,10.5,13.0,16.5,790,False,,,,True,
2012,大兴区,monotone_stock_proxy,1.0,MAIN,,,152.2,0.7352657004830917,0.7352657004830918,4,B4,0.009993,0.007347510144927537,0.007347510144927537,0.009993,14.0,17.0,22.0,790,False,,,,True,
2012,大兴区,monotone_stock_proxy,1.0,MAIN,,,152.2,0.7352657004830917,0.7352657004830918,5,B5+,0.0,0.0,0.0,0.0,17.5,21.0,27.5,790,False,,,,True,
2013,大兴区,monotone_stock_proxy,1.0,MAIN,,,152.8,0.7381642512077295,0.7381642512077294,1,B1,0.524891,0.3874557719806763,0.7381642512077294,1.0,3.5,5.0,5.5,790,False,,,,True,
2013,大兴区,monotone_stock_proxy,1.0,MAIN,,,152.8,0.7381642512077295,0.7381642512077294,2,B2,0.387622,0.28612870338164254,0.3507084792270531,0.475109,7.0,9.0,11.0,790,False,,,,True,
2013,大兴区,monotone_stock_proxy,1.0,MAIN,,,152.8,0.7381642512077295,0.7381642512077294,3,B3,0.077494,0.05720330048309178,0.06457977584541062,0.087487,10.5,13.0,16.5,790,False,,,,True,
2013,大兴区,monotone_stock_proxy,1.0,MAIN,,,152.8,0.7381642512077295,0.7381642512077294,4,B4,0.009993,0.00737647536231884,0.00737647536231884,0.009993,14.0,17.0,22.0,790,False,,,,True,
2013,大兴区,monotone_stock_proxy,1.0,MAIN,,,152.8,0.7381642512077295,0.7381642512077294,5,B5+,0.0,0.0,0.0,0.0,17.5,21.0,27.5,790,False,,,,True,
2014,大兴区,monotone_stock_proxy,1.0,MAIN,,,153.4,0.7410628019323672,0.7410628019323672,1,B1,0.524891,0.38897719516908213,0.7410628019323672,1.0,3.5,5.0,5.5,790,False,,,,True,
2014,大兴区,monotone_stock_proxy,1.0,MAIN,,,153.4,0.7410628019323672,0.7410628019323672,2,B2,0.387622,0.28725224541062805,0.35208560676328504,0.475109,7.0,9.0,11.0,790,False,,,,True,
2014,大兴区,monotone_stock_proxy,1.0,MAIN,,,153.4,0.7410628019323672,0.7410628019323672,3,B3,0.077494,0.05742792077294686,0.064833361352657,0.087487,10.5,13.0,16.5,790,False,,,,True,
2014,大兴区,monotone_stock_proxy,1.0,MAIN,,,153.4,0.7410628019323672,0.7410628019323672,4,B4,0.009993,0.0074054405797101455,0.0074054405797101455,0.009993,14.0,17.0,22.0,790,False,,,,True,
2014,大兴区,monotone_stock_proxy,1.0,MAIN,,,153.4,0.7410628019323672,0.7410628019323672,5,B5+,0.0,0.0,0.0,0.0,17.5,21.0,27.5,790,False,,,,True,
2015,大兴区,monotone_stock_proxy,1.0,MAIN,154.0,154.0,154.0,0.7439613526570048,0.7439613526570048,1,B1,0.524891,0.3904986183574879,0.7439613526570048,1.0,3.5,5.0,5.5,790,False,,,,False,
2015,大兴区,monotone_stock_proxy,1.0,MAIN,154.0,154.0,154.0,0.7439613526570048,0.7439613526570048,2,B2,0.387622,0.2883757874396135,0.3534627342995169,0.475109,7.0,9.0,11.0,790,False,,,,False,
2015,大兴区,monotone_stock_proxy,1.0,MAIN,154.0,154.0,154.0,0.7439613526570048,0.7439613526570048,3,B3,0.077494,0.057652541062801925,0.06508694685990338,0.087487,10.5,13.0,16.5,790,False,,,,False,
2015,大兴区,monotone_stock_proxy,1.0,MAIN,154.0,154.0,154.0,0.7439613526570048,0.7439613526570048,4,B4,0.009993,0.007434405797101449,0.007434405797101449,0.009993,14.0,17.0,22.0,790,False,,,,False,
2015,大兴区,monotone_stock_proxy,1.0,MAIN,154.0,154.0,154.0,0.7439613526570048,0.7439613526570048,5,B5+,0.0,0.0,0.0,0.0,17.5,21.0,27.5,790,False,,,,False,
2016,大兴区,monotone_stock_proxy,1.0,MAIN,,,164.6,0.7951690821256039,0.7951690821256039,1,B1,0.524891,0.4173770946859903,0.7951690821256039,1.0,3.5,5.0,5.5,790,False,,,,True,
2016,大兴区,monotone_stock_proxy,1.0,MAIN,,,164.6,0.7951690821256039,0.7951690821256039,2,B2,0.387622,0.3082250299516908,0.37779198743961356,0.475109,7.0,9.0,11.0,790,False,,,,True,
2016,大兴区,monotone_stock_proxy,1.0,MAIN,,,164.6,0.7951690821256039,0.7951690821256039,3,B3,0.077494,0.061620832850241544,0.0695669574879227,0.087487,10.5,13.0,16.5,790,False,,,,True,
2016,大兴区,monotone_stock_proxy,1.0,MAIN,,,164.6,0.7951690821256039,0.7951690821256039,4,B4,0.009993,0.00794612463768116,0.00794612463768116,0.009993,14.0,17.0,22.0,790,False,,,,True,
2016,大兴区,monotone_stock_proxy,1.0,MAIN,,,164.6,0.7951690821256039,0.7951690821256039,5,B5+,0.0,0.0,0.0,0.0,17.5,21.0,27.5,790,False,,,,True,
2017,大兴区,monotone_stock_proxy,1.0,MAIN,,,175.2,0.8463768115942029,0.8463768115942029,1,B1,0.524891,0.44425557101449276,0.8463768115942029,1.0,3.5,5.0,5.5,790,False,,,,True,
2017,大兴区,monotone_stock_proxy,1.0,MAIN,,,175.2,0.8463768115942029,0.8463768115942029,2,B2,0.387622,0.32807427246376814,0.4021212405797101,0.475109,7.0,9.0,11.0,790,False,,,,True,
2017,大兴区,monotone_stock_proxy,1.0,MAIN,,,175.2,0.8463768115942029,0.8463768115942029,3,B3,0.077494,0.06558912463768116,0.07404696811594202,0.087487,10.5,13.0,16.5,790,False,,,,True,
2017,大兴区,monotone_stock_proxy,1.0,MAIN,,,175.2,0.8463768115942029,0.8463768115942029,4,B4,0.009993,0.00845784347826087,0.00845784347826087,0.009993,14.0,17.0,22.0,790,False,,,,True,
2017,大兴区,monotone_stock_proxy,1.0,MAIN,,,175.2,0.8463768115942029,0.8463768115942029,5,B5+,0.0,0.0,0.0,0.0,17.5,21.0,27.5,790,False,,,,True,
2018,大兴区,monotone_stock_proxy,1.0,MAIN,,,185.8,0.8975845410628019,0.8975845410628019,1,B1,0.524891,0.4711340473429952,0.8975845410628019,1.0,3.5,5.0,5.5,790,False,,,,True,
2018,大兴区,monotone_stock_proxy,1.0,MAIN,,,185.8,0.8975845410628019,0.8975845410628019,2,B2,0.387622,0.34792351497584545,0.42645049371980676,0.475109,7.0,9.0,11.0,790,False,,,,True,
2018,大兴区,monotone_stock_proxy,1.0,MAIN,,,185.8,0.8975845410628019,0.8975845410628019,3,B3,0.077494,0.06955741642512077,0.07852697874396135,0.087487,10.5,13.0,16.5,790,False,,,,True,
2018,大兴区,monotone_stock_proxy,1.0,MAIN,,,185.8,0.8975845410628019,0.8975845410628019,4,B4,0.009993,0.00896956231884058,0.00896956231884058,0.009993,14.0,17.0,22.0,790,False,,,,True,
2018,大兴区,monotone_stock_proxy,1.0,MAIN,,,185.8,0.8975845410628019,0.8975845410628019,5,B5+,0.0,0.0,0.0,0.0,17.5,21.0,27.5,790,False,,,,True,
2019,大兴区,monotone_stock_proxy,1.0,MAIN,,,196.4,0.948792270531401,0.9487922705314009,1,B1,0.524891,0.49801252367149756,0.9487922705314009,1.0,3.5,5.0,5.5,790,False,,,,True,
2019,大兴区,monotone_stock_proxy,1.0,MAIN,,,196.4,0.948792270531401,0.9487922705314009,2,B2,0.387622,0.3677727574879227,0.45077974685990335,0.475109,7.0,9.0,11.0,790,False,,,,True,
2019,大兴区,monotone_stock_proxy,1.0,MAIN,,,196.4,0.948792270531401,0.9487922705314009,3,B3,0.077494,0.07352570821256038,0.08300698937198067,0.087487,10.5,13.0,16.5,790,False,,,,True,
2019,大兴区,monotone_stock_proxy,1.0,MAIN,,,196.4,0.948792270531401,0.9487922705314009,4,B4,0.009993,0.009481281159420289,0.009481281159420289,0.009993,14.0,17.0,22.0,790,False,,,,True,
2019,大兴区,monotone_stock_proxy,1.0,MAIN,,,196.4,0.948792270531401,0.9487922705314009,5,B5+,0.0,0.0,0.0,0.0,17.5,21.0,27.5,790,False,,,,True,
2020,大兴区,monotone_stock_proxy,1.0,MAIN,207.0,207.0,207.0,1.0,1.0,1,B1,0.524891,0.524891,1.0,1.0,3.5,5.0,5.5,790,False,,,,False,
2020,大兴区,monotone_stock_proxy,1.0,MAIN,207.0,207.0,207.0,1.0,1.0,2,B2,0.387622,0.387622,0.475109,0.475109,7.0,9.0,11.0,790,False,,,,False,
2020,大兴区,monotone_stock_proxy,1.0,MAIN,207.0,207.0,207.0,1.0,1.0,3,B3,0.077494,0.077494,0.087487,0.087487,10.5,13.0,16.5,790,False,,,,False,
2020,大兴区,monotone_stock_proxy,1.0,MAIN,207.0,207.0,207.0,1.0,1.0,4,B4,0.009993,0.009993,0.009993,0.009993,14.0,17.0,22.0,790,False,,,,False,
2020,大兴区,monotone_stock_proxy,1.0,MAIN,207.0,207.0,207.0,1.0,1.0,5,B5+,0.0,0.0,0.0,0.0,17.5,21.0,27.5,790,False,,,,False,
1980,密云区,monotone_stock_proxy,1.0,MAIN,8.0,8.0,8.0,0.25,0.25,1,B1,0.546399,0.13659975,0.25,1.0,3.5,5.0,5.5,94,False,,,,False,
1980,密云区,monotone_stock_proxy,1.0,MAIN,8.0,8.0,8.0,0.25,0.25,2,B2,0.372812,0.093203,0.11340025,0.453601,7.0,9.0,11.0,94,False,,,,False,
1980,密云区,monotone_stock_proxy,1.0,MAIN,8.0,8.0,8.0,0.25,0.25,3,B3,0.080789,0.02019725,0.02019725,0.080789,10.5,13.0,16.5,94,False,,,,False,
1980,密云区,monotone_stock_proxy,1.0,MAIN,8.0,8.0,8.0,0.25,0.25,4,B4,0.0,0.0,0.0,0.0,14.0,17.0,22.0,94,False,,,,False,
1980,密云区,monotone_stock_proxy,1.0,MAIN,8.0,8.0,8.0,0.25,0.25,5,B5+,0.0,0.0,0.0,0.0,17.5,21.0,27.5,94,False,,,,False,
1981,密云区,monotone_stock_proxy,1.0,MAIN,,,8.0,0.25,0.25,1,B1,0.546399,0.13659975,0.25,1.0,3.5,5.0,5.5,94,False,,,,True,
1981,密云区,monotone_stock_proxy,1.0,MAIN,,,8.0,0.25,0.25,2,B2,0.372812,0.093203,0.11340025,0.453601,7.0,9.0,11.0,94,False,,,,True,
1981,密云区,monotone_stock_proxy,1.0,MAIN,,,8.0,0.25,0.25,3,B3,0.080789,0.02019725,0.02019725,0.080789,10.5,13.0,16.5,94,False,,,,True,
1981,密云区,monotone_stock_proxy,1.0,MAIN,,,8.0,0.25,0.25,4,B4,0.0,0.0,0.0,0.0,14.0,17.0,22.0,94,False,,,,True,
1981,密云区,monotone_stock_proxy,1.0,MAIN,,,8.0,0.25,0.25,5,B5+,0.0,0.0,0.0,0.0,17.5,21.0,27.5,94,False,,,,True,
1982,密云区,monotone_stock_proxy,1.0,MAIN,,,8.0,0.25,0.25,1,B1,0.546399,0.13659975,0.25,1.0,3.5,5.0,5.5,94,False,,,,True,
1982,密云区,monotone_stock_proxy,1.0,MAIN,,,8.0,0.25,0.25,2,B2,0.372812,0.093203,0.11340025,0.453601,7.0,9.0,11.0,94,False,,,,True,
1982,密云区,monotone_stock_proxy,1.0,MAIN,,,8.0,0.25,0.25,3,B3,0.080789,0.02019725,0.02019725,0.080789,10.5,13.0,16.5,94,False,,,,True,
1982,密云区,monotone_stock_proxy,1.0,MAIN,,,8.0,0.25,0.25,4,B4,0.0,0.0,0.0,0.0,14.0,17.0,22.0,94,False,,,,True,
1982,密云区,monotone_stock_proxy,1.0,MAIN,,,8.0,0.25,0.25,5,B5+,0.0,0.0,0.0,0.0,17.5,21.0,27.5,94,False,,,,True,
1983,密云区,monotone_stock_proxy,1.0,MAIN,,,8.0,0.25,0.25,1,B1,0.546399,0.13659975,0.25,1.0,3.5,5.0,5.5,94,False,,,,True,
1983,密云区,monotone_stock_proxy,1.0,MAIN,,,8.0,0.25,0.25,2,B2,0.372812,0.093203,0.11340025,0.453601,7.0,9.0,11.0,94,False,,,,True,
1983,密云区,monotone_stock_proxy,1.0,MAIN,,,8.0,0.25,0.25,3,B3,0.080789,0.02019725,0.02019725,0.080789,10.5,13.0,16.5,94,False,,,,True,
1983,密云区,monotone_stock_proxy,1.0,MAIN,,,8.0,0.25,0.25,4,B4,0.0,0.0,0.0,0.0,14.0,17.0,22.0,94,False,,,,True,
1983,密云区,monotone_stock_proxy,1.0,MAIN,,,8.0,0.25,0.25,5,B5+,0.0,0.0,0.0,0.0,17.5,21.0,27.5,94,False,,,,True,
1984,密云区,monotone_stock_proxy,1.0,MAIN,,,8.0,0.25,0.25,1,B1,0.546399,0.13659975,0.25,1.0,3.5,5.0,5.5,94,False,,,,True,
1984,密云区,monotone_stock_proxy,1.0,MAIN,,,8.0,0.25,0.25,2,B2,0.372812,0.093203,0.11340025,0.453601,7.0,9.0,11.0,94,False,,,,True,
1984,密云区,monotone_stock_proxy,1.0,MAIN,,,8.0,0.25,0.25,3,B3,0.080789,0.02019725,0.02019725,0.080789,10.5,13.0,16.5,94,False,,,,True,
1984,密云区,monotone_stock_proxy,1.0,MAIN,,,8.0,0.25,0.25,4,B4,0.0,0.0,0.0,0.0,14.0,17.0,22.0,94,False,,,,True,
1984,密云区,monotone_stock_proxy,1.0,MAIN,,,8.0,0.25,0.25,5,B5+,0.0,0.0,0.0,0.0,17.5,21.0,27.5,94,False,,,,True,
1985,密云区,monotone_stock_proxy,1.0,MAIN,,,8.0,0.25,0.25,1,B1,0.546399,0.13659975,0.25,1.0,3.5,5.0,5.5,94,False,,,,True,
1985,密云区,monotone_stock_proxy,1.0,MAIN,,,8.0,0.25,0.25,2,B2,0.372812,0.093203,0.11340025,0.453601,7.0,9.0,11.0,94,False,,,,True,
1985,密云区,monotone_stock_proxy,1.0,MAIN,,,8.0,0.25,0.25,3,B3,0.080789,0.02019725,0.02019725,0.080789,10.5,13.0,16.5,94,False,,,,True,
1985,密云区,monotone_stock_proxy,1.0,MAIN,,,8.0,0.25,0.25,4,B4,0.0,0.0,0.0,0.0,14.0,17.0,22.0,94,False,,,,True,
1985,密云区,monotone_stock_proxy,1.0,MAIN,,,8.0,0.25,0.25,5,B5+,0.0,0.0,0.0,0.0,17.5,21.0,27.5,94,False,,,,True,
1986,密云区,monotone_stock_proxy,1.0,MAIN,,,8.0,0.25,0.25,1,B1,0.546399,0.13659975,0.25,1.0,3.5,5.0,5.5,94,False,,,,True,
1986,密云区,monotone_stock_proxy,1.0,MAIN,,,8.0,0.25,0.25,2,B2,0.372812,0.093203,0.11340025,0.453601,7.0,9.0,11.0,94,False,,,,True,
1986,密云区,monotone_stock_proxy,1.0,MAIN,,,8.0,0.25,0.25,3,B3,0.080789,0.02019725,0.02019725,0.080789,10.5,13.0,16.5,94,False,,,,True,
1986,密云区,monotone_stock_proxy,1.0,MAIN,,,8.0,0.25,0.25,4,B4,0.0,0.0,0.0,0.0,14.0,17.0,22.0,94,False,,,,True,
1986,密云区,monotone_stock_proxy,1.0,MAIN,,,8.0,0.25,0.25,5,B5+,0.0,0.0,0.0,0.0,17.5,21.0,27.5,94,False,,,,True,
1987,密云区,monotone_stock_proxy,1.0,MAIN,,,8.0,0.25,0.25,1,B1,0.546399,0.13659975,0.25,1.0,3.5,5.0,5.5,94,False,,,,True,
1987,密云区,monotone_stock_proxy,1.0,MAIN,,,8.0,0.25,0.25,2,B2,0.372812,0.093203,0.11340025,0.453601,7.0,9.0,11.0,94,False,,,,True,
1987,密云区,monotone_stock_proxy,1.0,MAIN,,,8.0,0.25,0.25,3,B3,0.080789,0.02019725,0.02019725,0.080789,10.5,13.0,16.5,94,False,,,,True,
1987,密云区,monotone_stock_proxy,1.0,MAIN,,,8.0,0.25,0.25,4,B4,0.0,0.0,0.0,0.0,14.0,17.0,22.0,94,False,,,,True,
1987,密云区,monotone_stock_proxy,1.0,MAIN,,,8.0,0.25,0.25,5,B5+,0.0,0.0,0.0,0.0,17.5,21.0,27.5,94,False,,,,True,
1988,密云区,monotone_stock_proxy,1.0,MAIN,,,8.0,0.25,0.25,1,B1,0.546399,0.13659975,0.25,1.0,3.5,5.0,5.5,94,False,,,,True,
1988,密云区,monotone_stock_proxy,1.0,MAIN,,,8.0,0.25,0.25,2,B2,0.372812,0.093203,0.11340025,0.453601,7.0,9.0,11.0,94,False,,,,True,
1988,密云区,monotone_stock_proxy,1.0,MAIN,,,8.0,0.25,0.25,3,B3,0.080789,0.02019725,0.02019725,0.080789,10.5,13.0,16.5,94,False,,,,True,
1988,密云区,monotone_stock_proxy,1.0,MAIN,,,8.0,0.25,0.25,4,B4,0.0,0.0,0.0,0.0,14.0,17.0,22.0,94,False,,,,True,
1988,密云区,monotone_stock_proxy,1.0,MAIN,,,8.0,0.25,0.25,5,B5+,0.0,0.0,0.0,0.0,17.5,21.0,27.5,94,False,,,,True,
1989,密云区,monotone_stock_proxy,1.0,MAIN,,,8.0,0.25,0.25,1,B1,0.546399,0.13659975,0.25,1.0,3.5,5.0,5.5,94,False,,,,True,
1989,密云区,monotone_stock_proxy,1.0,MAIN,,,8.0,0.25,0.25,2,B2,0.372812,0.093203,0.11340025,0.453601,7.0,9.0,11.0,94,False,,,,True,
1989,密云区,monotone_stock_proxy,1.0,MAIN,,,8.0,0.25,0.25,3,B3,0.080789,0.02019725,0.02019725,0.080789,10.5,13.0,16.5,94,False,,,,True,
1989,密云区,monotone_stock_proxy,1.0,MAIN,,,8.0,0.25,0.25,4,B4,0.0,0.0,0.0,0.0,14.0,17.0,22.0,94,False,,,,True,
1989,密云区,monotone_stock_proxy,1.0,MAIN,,,8.0,0.25,0.25,5,B5+,0.0,0.0,0.0,0.0,17.5,21.0,27.5,94,False,,,,True,
1990,密云区,monotone_stock_proxy,1.0,MAIN,5.0,8.0,8.0,0.25,0.25,1,B1,0.546399,0.13659975,0.25,1.0,3.5,5.0,5.5,94,False,,,,False,
1990,密云区,monotone_stock_proxy,1.0,MAIN,5.0,8.0,8.0,0.25,0.25,2,B2,0.372812,0.093203,0.11340025,0.453601,7.0,9.0,11.0,94,False,,,,False,
1990,密云区,monotone_stock_proxy,1.0,MAIN,5.0,8.0,8.0,0.25,0.25,3,B3,0.080789,0.02019725,0.02019725,0.080789,10.5,13.0,16.5,94,False,,,,False,
1990,密云区,monotone_stock_proxy,1.0,MAIN,5.0,8.0,8.0,0.25,0.25,4,B4,0.0,0.0,0.0,0.0,14.0,17.0,22.0,94,False,,,,False,
1990,密云区,monotone_stock_proxy,1.0,MAIN,5.0,8.0,8.0,0.25,0.25,5,B5+,0.0,0.0,0.0,0.0,17.5,21.0,27.5,94,False,,,,False,
1991,密云区,monotone_stock_proxy,1.0,MAIN,,,8.0,0.25,0.25,1,B1,0.546399,0.13659975,0.25,1.0,3.5,5.0,5.5,94,False,,,,True,
1991,密云区,monotone_stock_proxy,1.0,MAIN,,,8.0,0.25,0.25,2,B2,0.372812,0.093203,0.11340025,0.453601,7.0,9.0,11.0,94,False,,,,True,
1991,密云区,monotone_stock_proxy,1.0,MAIN,,,8.0,0.25,0.25,3,B3,0.080789,0.02019725,0.02019725,0.080789,10.5,13.0,16.5,94,False,,,,True,
1991,密云区,monotone_stock_proxy,1.0,MAIN,,,8.0,0.25,0.25,4,B4,0.0,0.0,0.0,0.0,14.0,17.0,22.0,94,False,,,,True,
1991,密云区,monotone_stock_proxy,1.0,MAIN,,,8.0,0.25,0.25,5,B5+,0.0,0.0,0.0,0.0,17.5,21.0,27.5,94,False,,,,True,
1992,密云区,monotone_stock_proxy,1.0,MAIN,,,8.0,0.25,0.25,1,B1,0.546399,0.13659975,0.25,1.0,3.5,5.0,5.5,94,False,,,,True,
1992,密云区,monotone_stock_proxy,1.0,MAIN,,,8.0,0.25,0.25,2,B2,0.372812,0.093203,0.11340025,0.453601,7.0,9.0,11.0,94,False,,,,True,
1992,密云区,monotone_stock_proxy,1.0,MAIN,,,8.0,0.25,0.25,3,B3,0.080789,0.02019725,0.02019725,0.080789,10.5,13.0,16.5,94,False,,,,True,
1992,密云区,monotone_stock_proxy,1.0,MAIN,,,8.0,0.25,0.25,4,B4,0.0,0.0,0.0,0.0,14.0,17.0,22.0,94,False,,,,True,
1992,密云区,monotone_stock_proxy,1.0,MAIN,,,8.0,0.25,0.25,5,B5+,0.0,0.0,0.0,0.0,17.5,21.0,27.5,94,False,,,,True,
1993,密云区,monotone_stock_proxy,1.0,MAIN,,,8.0,0.25,0.25,1,B1,0.546399,0.13659975,0.25,1.0,3.5,5.0,5.5,94,False,,,,True,
1993,密云区,monotone_stock_proxy,1.0,MAIN,,,8.0,0.25,0.25,2,B2,0.372812,0.093203,0.11340025,0.453601,7.0,9.0,11.0,94,False,,,,True,
1993,密云区,monotone_stock_proxy,1.0,MAIN,,,8.0,0.25,0.25,3,B3,0.080789,0.02019725,0.02019725,0.080789,10.5,13.0,16.5,94,False,,,,True,
1993,密云区,monotone_stock_proxy,1.0,MAIN,,,8.0,0.25,0.25,4,B4,0.0,0.0,0.0,0.0,14.0,17.0,22.0,94,False,,,,True,
1993,密云区,monotone_stock_proxy,1.0,MAIN,,,8.0,0.25,0.25,5,B5+,0.0,0.0,0.0,0.0,17.5,21.0,27.5,94,False,,,,True,
1994,密云区,monotone_stock_proxy,1.0,MAIN,,,8.0,0.25,0.25,1,B1,0.546399,0.13659975,0.25,1.0,3.5,5.0,5.5,94,False,,,,True,
1994,密云区,monotone_stock_proxy,1.0,MAIN,,,8.0,0.25,0.25,2,B2,0.372812,0.093203,0.11340025,0.453601,7.0,9.0,11.0,94,False,,,,True,
1994,密云区,monotone_stock_proxy,1.0,MAIN,,,8.0,0.25,0.25,3,B3,0.080789,0.02019725,0.02019725,0.080789,10.5,13.0,16.5,94,False,,,,True,
1994,密云区,monotone_stock_proxy,1.0,MAIN,,,8.0,0.25,0.25,4,B4,0.0,0.0,0.0,0.0,14.0,17.0,22.0,94,False,,,,True,
1994,密云区,monotone_stock_proxy,1.0,MAIN,,,8.0,0.25,0.25,5,B5+,0.0,0.0,0.0,0.0,17.5,21.0,27.5,94,False,,,,True,
1995,密云区,monotone_stock_proxy,1.0,MAIN,8.0,8.0,8.0,0.25,0.25,1,B1,0.546399,0.13659975,0.25,1.0,3.5,5.0,5.5,94,False,,,,False,
1995,密云区,monotone_stock_proxy,1.0,MAIN,8.0,8.0,8.0,0.25,0.25,2,B2,0.372812,0.093203,0.11340025,0.453601,7.0,9.0,11.0,94,False,,,,False,
1995,密云区,monotone_stock_proxy,1.0,MAIN,8.0,8.0,8.0,0.25,0.25,3,B3,0.080789,0.02019725,0.02019725,0.080789,10.5,13.0,16.5,94,False,,,,False,
1995,密云区,monotone_stock_proxy,1.0,MAIN,8.0,8.0,8.0,0.25,0.25,4,B4,0.0,0.0,0.0,0.0,14.0,17.0,22.0,94,False,,,,False,
1995,密云区,monotone_stock_proxy,1.0,MAIN,8.0,8.0,8.0,0.25,0.25,5,B5+,0.0,0.0,0.0,0.0,17.5,21.0,27.5,94,False,,,,False,
1996,密云区,monotone_stock_proxy,1.0,MAIN,,,9.8,0.30625,0.30625,1,B1,0.546399,0.16733469375,0.30625,1.0,3.5,5.0,5.5,94,False,,,,True,
1996,密云区,monotone_stock_proxy,1.0,MAIN,,,9.8,0.30625,0.30625,2,B2,0.372812,0.114173675,0.13891530625,0.453601,7.0,9.0,11.0,94,False,,,,True,
1996,密云区,monotone_stock_proxy,1.0,MAIN,,,9.8,0.30625,0.30625,3,B3,0.080789,0.024741631250000003,0.024741631250000003,0.080789,10.5,13.0,16.5,94,False,,,,True,
1996,密云区,monotone_stock_proxy,1.0,MAIN,,,9.8,0.30625,0.30625,4,B4,0.0,0.0,0.0,0.0,14.0,17.0,22.0,94,False,,,,True,
1996,密云区,monotone_stock_proxy,1.0,MAIN,,,9.8,0.30625,0.30625,5,B5+,0.0,0.0,0.0,0.0,17.5,21.0,27.5,94,False,,,,True,
1997,密云区,monotone_stock_proxy,1.0,MAIN,,,11.6,0.3625,0.3625,1,B1,0.546399,0.19806963749999998,0.3625,1.0,3.5,5.0,5.5,94,False,,,,True,
1997,密云区,monotone_stock_proxy,1.0,MAIN,,,11.6,0.3625,0.3625,2,B2,0.372812,0.13514435,0.16443036249999998,0.453601,7.0,9.0,11.0,94,False,,,,True,
1997,密云区,monotone_stock_proxy,1.0,MAIN,,,11.6,0.3625,0.3625,3,B3,0.080789,0.0292860125,0.0292860125,0.080789,10.5,13.0,16.5,94,False,,,,True,
1997,密云区,monotone_stock_proxy,1.0,MAIN,,,11.6,0.3625,0.3625,4,B4,0.0,0.0,0.0,0.0,14.0,17.0,22.0,94,False,,,,True,
1997,密云区,monotone_stock_proxy,1.0,MAIN,,,11.6,0.3625,0.3625,5,B5+,0.0,0.0,0.0,0.0,17.5,21.0,27.5,94,False,,,,True,
1998,密云区,monotone_stock_proxy,1.0,MAIN,,,13.399999999999999,0.41874999999999996,0.41874999999999996,1,B1,0.546399,0.22880458124999997,0.41874999999999996,1.0,3.5,5.0,5.5,94,False,,,,True,
1998,密云区,monotone_stock_proxy,1.0,MAIN,,,13.399999999999999,0.41874999999999996,0.41874999999999996,2,B2,0.372812,0.15611502499999996,0.18994541874999998,0.453601,7.0,9.0,11.0,94,False,,,,True,
1998,密云区,monotone_stock_proxy,1.0,MAIN,,,13.399999999999999,0.41874999999999996,0.41874999999999996,3,B3,0.080789,0.03383039374999999,0.03383039374999999,0.080789,10.5,13.0,16.5,94,False,,,,True,
1998,密云区,monotone_stock_proxy,1.0,MAIN,,,13.399999999999999,0.41874999999999996,0.41874999999999996,4,B4,0.0,0.0,0.0,0.0,14.0,17.0,22.0,94,False,,,,True,
1998,密云区,monotone_stock_proxy,1.0,MAIN,,,13.399999999999999,0.41874999999999996,0.41874999999999996,5,B5+,0.0,0.0,0.0,0.0,17.5,21.0,27.5,94,False,,,,True,
1999,密云区,monotone_stock_proxy,1.0,MAIN,,,15.2,0.475,0.475,1,B1,0.546399,0.259539525,0.475,1.0,3.5,5.0,5.5,94,False,,,,True,
1999,密云区,monotone_stock_proxy,1.0,MAIN,,,15.2,0.475,0.475,2,B2,0.372812,0.17708569999999998,0.21546047499999998,0.453601,7.0,9.0,11.0,94,False,,,,True,
1999,密云区,monotone_stock_proxy,1.0,MAIN,,,15.2,0.475,0.475,3,B3,0.080789,0.038374775,0.038374775,0.080789,10.5,13.0,16.5,94,False,,,,True,
1999,密云区,monotone_stock_proxy,1.0,MAIN,,,15.2,0.475,0.475,4,B4,0.0,0.0,0.0,0.0,14.0,17.0,22.0,94,False,,,,True,
1999,密云区,monotone_stock_proxy,1.0,MAIN,,,15.2,0.475,0.475,5,B5+,0.0,0.0,0.0,0.0,17.5,21.0,27.5,94,False,,,,True,
2000,密云区,monotone_stock_proxy,1.0,MAIN,17.0,17.0,17.0,0.53125,0.53125,1,B1,0.546399,0.29027446874999996,0.53125,1.0,3.5,5.0,5.5,94,False,,,,False,
2000,密云区,monotone_stock_proxy,1.0,MAIN,17.0,17.0,17.0,0.53125,0.53125,2,B2,0.372812,0.19805637499999998,0.24097553124999999,0.453601,7.0,9.0,11.0,94,False,,,,False,
2000,密云区,monotone_stock_proxy,1.0,MAIN,17.0,17.0,17.0,0.53125,0.53125,3,B3,0.080789,0.04291915625,0.04291915625,0.080789,10.5,13.0,16.5,94,False,,,,False,
2000,密云区,monotone_stock_proxy,1.0,MAIN,17.0,17.0,17.0,0.53125,0.53125,4,B4,0.0,0.0,0.0,0.0,14.0,17.0,22.0,94,False,,,,False,
2000,密云区,monotone_stock_proxy,1.0,MAIN,17.0,17.0,17.0,0.53125,0.53125,5,B5+,0.0,0.0,0.0,0.0,17.5,21.0,27.5,94,False,,,,False,
2001,密云区,monotone_stock_proxy,1.0,MAIN,,,18.6,0.58125,0.58125,1,B1,0.546399,0.31759441875,0.58125,1.0,3.5,5.0,5.5,94,False,,,,True,
2001,密云区,monotone_stock_proxy,1.0,MAIN,,,18.6,0.58125,0.58125,2,B2,0.372812,0.21669697500000001,0.26365558125,0.453601,7.0,9.0,11.0,94,False,,,,True,
2001,密云区,monotone_stock_proxy,1.0,MAIN,,,18.6,0.58125,0.58125,3,B3,0.080789,0.04695860625000001,0.04695860625000001,0.080789,10.5,13.0,16.5,94,False,,,,True,
2001,密云区,monotone_stock_proxy,1.0,MAIN,,,18.6,0.58125,0.58125,4,B4,0.0,0.0,0.0,0.0,14.0,17.0,22.0,94,False,,,,True,
2001,密云区,monotone_stock_proxy,1.0,MAIN,,,18.6,0.58125,0.58125,5,B5+,0.0,0.0,0.0,0.0,17.5,21.0,27.5,94,False,,,,True,
2002,密云区,monotone_stock_proxy,1.0,MAIN,,,20.2,0.63125,0.63125,1,B1,0.546399,0.34491436875,0.63125,1.0,3.5,5.0,5.5,94,False,,,,True,
2002,密云区,monotone_stock_proxy,1.0,MAIN,,,20.2,0.63125,0.63125,2,B2,0.372812,0.23533757499999997,0.28633563125,0.453601,7.0,9.0,11.0,94,False,,,,True,
2002,密云区,monotone_stock_proxy,1.0,MAIN,,,20.2,0.63125,0.63125,3,B3,0.080789,0.05099805625,0.05099805625,0.080789,10.5,13.0,16.5,94,False,,,,True,
2002,密云区,monotone_stock_proxy,1.0,MAIN,,,20.2,0.63125,0.63125,4,B4,0.0,0.0,0.0,0.0,14.0,17.0,22.0,94,False,,,,True,
2002,密云区,monotone_stock_proxy,1.0,MAIN,,,20.2,0.63125,0.63125,5,B5+,0.0,0.0,0.0,0.0,17.5,21.0,27.5,94,False,,,,True,
2003,密云区,monotone_stock_proxy,1.0,MAIN,,,21.8,0.68125,0.68125,1,B1,0.546399,0.37223431875,0.68125,1.0,3.5,5.0,5.5,94,False,,,,True,
2003,密云区,monotone_stock_proxy,1.0,MAIN,,,21.8,0.68125,0.68125,2,B2,0.372812,0.253978175,0.30901568125,0.453601,7.0,9.0,11.0,94,False,,,,True,
2003,密云区,monotone_stock_proxy,1.0,MAIN,,,21.8,0.68125,0.68125,3,B3,0.080789,0.05503750625,0.05503750625,0.080789,10.5,13.0,16.5,94,False,,,,True,
2003,密云区,monotone_stock_proxy,1.0,MAIN,,,21.8,0.68125,0.68125,4,B4,0.0,0.0,0.0,0.0,14.0,17.0,22.0,94,False,,,,True,
2003,密云区,monotone_stock_proxy,1.0,MAIN,,,21.8,0.68125,0.68125,5,B5+,0.0,0.0,0.0,0.0,17.5,21.0,27.5,94,False,,,,True,
2004,密云区,monotone_stock_proxy,1.0,MAIN,,,23.4,0.73125,0.73125,1,B1,0.546399,0.39955426874999994,0.73125,1.0,3.5,5.0,5.5,94,False,,,,True,
2004,密云区,monotone_stock_proxy,1.0,MAIN,,,23.4,0.73125,0.73125,2,B2,0.372812,0.272618775,0.33169573124999996,0.453601,7.0,9.0,11.0,94,False,,,,True,
2004,密云区,monotone_stock_proxy,1.0,MAIN,,,23.4,0.73125,0.73125,3,B3,0.080789,0.05907695624999999,0.05907695624999999,0.080789,10.5,13.0,16.5,94,False,,,,True,
2004,密云区,monotone_stock_proxy,1.0,MAIN,,,23.4,0.73125,0.73125,4,B4,0.0,0.0,0.0,0.0,14.0,17.0,22.0,94,False,,,,True,
2004,密云区,monotone_stock_proxy,1.0,MAIN,,,23.4,0.73125,0.73125,5,B5+,0.0,0.0,0.0,0.0,17.5,21.0,27.5,94,False,,,,True,
2005,密云区,monotone_stock_proxy,1.0,MAIN,25.0,25.0,25.0,0.78125,0.78125,1,B1,0.546399,0.42687421875,0.78125,1.0,3.5,5.0,5.5,94,False,,,,False,
2005,密云区,monotone_stock_proxy,1.0,MAIN,25.0,25.0,25.0,0.78125,0.78125,2,B2,0.372812,0.291259375,0.35437578124999997,0.453601,7.0,9.0,11.0,94,False,,,,False,
2005,密云区,monotone_stock_proxy,1.0,MAIN,25.0,25.0,25.0,0.78125,0.78125,3,B3,0.080789,0.06311640625,0.06311640625,0.080789,10.5,13.0,16.5,94,False,,,,False,
2005,密云区,monotone_stock_proxy,1.0,MAIN,25.0,25.0,25.0,0.78125,0.78125,4,B4,0.0,0.0,0.0,0.0,14.0,17.0,22.0,94,False,,,,False,
2005,密云区,monotone_stock_proxy,1.0,MAIN,25.0,25.0,25.0,0.78125,0.78125,5,B5+,0.0,0.0,0.0,0.0,17.5,21.0,27.5,94,False,,,,False,
2006,密云区,monotone_stock_proxy,1.0,MAIN,,,25.0,0.78125,0.78125,1,B1,0.546399,0.42687421875,0.78125,1.0,3.5,5.0,5.5,94,False,,,,True,
2006,密云区,monotone_stock_proxy,1.0,MAIN,,,25.0,0.78125,0.78125,2,B2,0.372812,0.291259375,0.35437578124999997,0.453601,7.0,9.0,11.0,94,False,,,,True,
2006,密云区,monotone_stock_proxy,1.0,MAIN,,,25.0,0.78125,0.78125,3,B3,0.080789,0.06311640625,0.06311640625,0.080789,10.5,13.0,16.5,94,False,,,,True,
2006,密云区,monotone_stock_proxy,1.0,MAIN,,,25.0,0.78125,0.78125,4,B4,0.0,0.0,0.0,0.0,14.0,17.0,22.0,94,False,,,,True,
2006,密云区,monotone_stock_proxy,1.0,MAIN,,,25.0,0.78125,0.78125,5,B5+,0.0,0.0,0.0,0.0,17.5,21.0,27.5,94,False,,,,True,
2007,密云区,monotone_stock_proxy,1.0,MAIN,,,25.0,0.78125,0.78125,1,B1,0.546399,0.42687421875,0.78125,1.0,3.5,5.0,5.5,94,False,,,,True,
2007,密云区,monotone_stock_proxy,1.0,MAIN,,,25.0,0.78125,0.78125,2,B2,0.372812,0.291259375,0.35437578124999997,0.453601,7.0,9.0,11.0,94,False,,,,True,
2007,密云区,monotone_stock_proxy,1.0,MAIN,,,25.0,0.78125,0.78125,3,B3,0.080789,0.06311640625,0.06311640625,0.080789,10.5,13.0,16.5,94,False,,,,True,
2007,密云区,monotone_stock_proxy,1.0,MAIN,,,25.0,0.78125,0.78125,4,B4,0.0,0.0,0.0,0.0,14.0,17.0,22.0,94,False,,,,True,
2007,密云区,monotone_stock_proxy,1.0,MAIN,,,25.0,0.78125,0.78125,5,B5+,0.0,0.0,0.0,0.0,17.5,21.0,27.5,94,False,,,,True,
2008,密云区,monotone_stock_proxy,1.0,MAIN,,,25.0,0.78125,0.78125,1,B1,0.546399,0.42687421875,0.78125,1.0,3.5,5.0,5.5,94,False,,,,True,
2008,密云区,monotone_stock_proxy,1.0,MAIN,,,25.0,0.78125,0.78125,2,B2,0.372812,0.291259375,0.35437578124999997,0.453601,7.0,9.0,11.0,94,False,,,,True,
2008,密云区,monotone_stock_proxy,1.0,MAIN,,,25.0,0.78125,0.78125,3,B3,0.080789,0.06311640625,0.06311640625,0.080789,10.5,13.0,16.5,94,False,,,,True,
2008,密云区,monotone_stock_proxy,1.0,MAIN,,,25.0,0.78125,0.78125,4,B4,0.0,0.0,0.0,0.0,14.0,17.0,22.0,94,False,,,,True,
2008,密云区,monotone_stock_proxy,1.0,MAIN,,,25.0,0.78125,0.78125,5,B5+,0.0,0.0,0.0,0.0,17.5,21.0,27.5,94,False,,,,True,
2009,密云区,monotone_stock_proxy,1.0,MAIN,,,25.0,0.78125,0.78125,1,B1,0.546399,0.42687421875,0.78125,1.0,3.5,5.0,5.5,94,False,,,,True,
2009,密云区,monotone_stock_proxy,1.0,MAIN,,,25.0,0.78125,0.78125,2,B2,0.372812,0.291259375,0.35437578124999997,0.453601,7.0,9.0,11.0,94,False,,,,True,
2009,密云区,monotone_stock_proxy,1.0,MAIN,,,25.0,0.78125,0.78125,3,B3,0.080789,0.06311640625,0.06311640625,0.080789,10.5,13.0,16.5,94,False,,,,True,
2009,密云区,monotone_stock_proxy,1.0,MAIN,,,25.0,0.78125,0.78125,4,B4,0.0,0.0,0.0,0.0,14.0,17.0,22.0,94,False,,,,True,
2009,密云区,monotone_stock_proxy,1.0,MAIN,,,25.0,0.78125,0.78125,5,B5+,0.0,0.0,0.0,0.0,17.5,21.0,27.5,94,False,,,,True,
2010,密云区,monotone_stock_proxy,1.0,MAIN,25.0,25.0,25.0,0.78125,0.78125,1,B1,0.546399,0.42687421875,0.78125,1.0,3.5,5.0,5.5,94,False,,,,False,
2010,密云区,monotone_stock_proxy,1.0,MAIN,25.0,25.0,25.0,0.78125,0.78125,2,B2,0.372812,0.291259375,0.35437578124999997,0.453601,7.0,9.0,11.0,94,False,,,,False,
2010,密云区,monotone_stock_proxy,1.0,MAIN,25.0,25.0,25.0,0.78125,0.78125,3,B3,0.080789,0.06311640625,0.06311640625,0.080789,10.5,13.0,16.5,94,False,,,,False,
2010,密云区,monotone_stock_proxy,1.0,MAIN,25.0,25.0,25.0,0.78125,0.78125,4,B4,0.0,0.0,0.0,0.0,14.0,17.0,22.0,94,False,,,,False,
2010,密云区,monotone_stock_proxy,1.0,MAIN,25.0,25.0,25.0,0.78125,0.78125,5,B5+,0.0,0.0,0.0,0.0,17.5,21.0,27.5,94,False,,,,False,
2011,密云区,monotone_stock_proxy,1.0,MAIN,,,25.0,0.78125,0.78125,1,B1,0.546399,0.42687421875,0.78125,1.0,3.5,5.0,5.5,94,False,,,,True,
2011,密云区,monotone_stock_proxy,1.0,MAIN,,,25.0,0.78125,0.78125,2,B2,0.372812,0.291259375,0.35437578124999997,0.453601,7.0,9.0,11.0,94,False,,,,True,
2011,密云区,monotone_stock_proxy,1.0,MAIN,,,25.0,0.78125,0.78125,3,B3,0.080789,0.06311640625,0.06311640625,0.080789,10.5,13.0,16.5,94,False,,,,True,
2011,密云区,monotone_stock_proxy,1.0,MAIN,,,25.0,0.78125,0.78125,4,B4,0.0,0.0,0.0,0.0,14.0,17.0,22.0,94,False,,,,True,
2011,密云区,monotone_stock_proxy,1.0,MAIN,,,25.0,0.78125,0.78125,5,B5+,0.0,0.0,0.0,0.0,17.5,21.0,27.5,94,False,,,,True,
2012,密云区,monotone_stock_proxy,1.0,MAIN,,,25.0,0.78125,0.78125,1,B1,0.546399,0.42687421875,0.78125,1.0,3.5,5.0,5.5,94,False,,,,True,
2012,密云区,monotone_stock_proxy,1.0,MAIN,,,25.0,0.78125,0.78125,2,B2,0.372812,0.291259375,0.35437578124999997,0.453601,7.0,9.0,11.0,94,False,,,,True,
2012,密云区,monotone_stock_proxy,1.0,MAIN,,,25.0,0.78125,0.78125,3,B3,0.080789,0.06311640625,0.06311640625,0.080789,10.5,13.0,16.5,94,False,,,,True,
2012,密云区,monotone_stock_proxy,1.0,MAIN,,,25.0,0.78125,0.78125,4,B4,0.0,0.0,0.0,0.0,14.0,17.0,22.0,94,False,,,,True,
2012,密云区,monotone_stock_proxy,1.0,MAIN,,,25.0,0.78125,0.78125,5,B5+,0.0,0.0,0.0,0.0,17.5,21.0,27.5,94,False,,,,True,
2013,密云区,monotone_stock_proxy,1.0,MAIN,,,25.0,0.78125,0.78125,1,B1,0.546399,0.42687421875,0.78125,1.0,3.5,5.0,5.5,94,False,,,,True,
2013,密云区,monotone_stock_proxy,1.0,MAIN,,,25.0,0.78125,0.78125,2,B2,0.372812,0.291259375,0.35437578124999997,0.453601,7.0,9.0,11.0,94,False,,,,True,
2013,密云区,monotone_stock_proxy,1.0,MAIN,,,25.0,0.78125,0.78125,3,B3,0.080789,0.06311640625,0.06311640625,0.080789,10.5,13.0,16.5,94,False,,,,True,
2013,密云区,monotone_stock_proxy,1.0,MAIN,,,25.0,0.78125,0.78125,4,B4,0.0,0.0,0.0,0.0,14.0,17.0,22.0,94,False,,,,True,
2013,密云区,monotone_stock_proxy,1.0,MAIN,,,25.0,0.78125,0.78125,5,B5+,0.0,0.0,0.0,0.0,17.5,21.0,27.5,94,False,,,,True,
2014,密云区,monotone_stock_proxy,1.0,MAIN,,,25.0,0.78125,0.78125,1,B1,0.546399,0.42687421875,0.78125,1.0,3.5,5.0,5.5,94,False,,,,True,
2014,密云区,monotone_stock_proxy,1.0,MAIN,,,25.0,0.78125,0.78125,2,B2,0.372812,0.291259375,0.35437578124999997,0.453601,7.0,9.0,11.0,94,False,,,,True,
2014,密云区,monotone_stock_proxy,1.0,MAIN,,,25.0,0.78125,0.78125,3,B3,0.080789,0.06311640625,0.06311640625,0.080789,10.5,13.0,16.5,94,False,,,,True,
2014,密云区,monotone_stock_proxy,1.0,MAIN,,,25.0,0.78125,0.78125,4,B4,0.0,0.0,0.0,0.0,14.0,17.0,22.0,94,False,,,,True,
2014,密云区,monotone_stock_proxy,1.0,MAIN,,,25.0,0.78125,0.78125,5,B5+,0.0,0.0,0.0,0.0,17.5,21.0,27.5,94,False,,,,True,
2015,密云区,monotone_stock_proxy,1.0,MAIN,24.0,25.0,25.0,0.78125,0.78125,1,B1,0.546399,0.42687421875,0.78125,1.0,3.5,5.0,5.5,94,False,,,,False,
2015,密云区,monotone_stock_proxy,1.0,MAIN,24.0,25.0,25.0,0.78125,0.78125,2,B2,0.372812,0.291259375,0.35437578124999997,0.453601,7.0,9.0,11.0,94,False,,,,False,
2015,密云区,monotone_stock_proxy,1.0,MAIN,24.0,25.0,25.0,0.78125,0.78125,3,B3,0.080789,0.06311640625,0.06311640625,0.080789,10.5,13.0,16.5,94,False,,,,False,
2015,密云区,monotone_stock_proxy,1.0,MAIN,24.0,25.0,25.0,0.78125,0.78125,4,B4,0.0,0.0,0.0,0.0,14.0,17.0,22.0,94,False,,,,False,
2015,密云区,monotone_stock_proxy,1.0,MAIN,24.0,25.0,25.0,0.78125,0.78125,5,B5+,0.0,0.0,0.0,0.0,17.5,21.0,27.5,94,False,,,,False,
2016,密云区,monotone_stock_proxy,1.0,MAIN,,,26.4,0.825,0.825,1,B1,0.546399,0.450779175,0.825,1.0,3.5,5.0,5.5,94,False,,,,True,
2016,密云区,monotone_stock_proxy,1.0,MAIN,,,26.4,0.825,0.825,2,B2,0.372812,0.30756989999999995,0.374220825,0.453601,7.0,9.0,11.0,94,False,,,,True,
2016,密云区,monotone_stock_proxy,1.0,MAIN,,,26.4,0.825,0.825,3,B3,0.080789,0.066650925,0.066650925,0.080789,10.5,13.0,16.5,94,False,,,,True,
2016,密云区,monotone_stock_proxy,1.0,MAIN,,,26.4,0.825,0.825,4,B4,0.0,0.0,0.0,0.0,14.0,17.0,22.0,94,False,,,,True,
2016,密云区,monotone_stock_proxy,1.0,MAIN,,,26.4,0.825,0.825,5,B5+,0.0,0.0,0.0,0.0,17.5,21.0,27.5,94,False,,,,True,
2017,密云区,monotone_stock_proxy,1.0,MAIN,,,27.8,0.86875,0.86875,1,B1,0.546399,0.47468413125,0.86875,1.0,3.5,5.0,5.5,94,False,,,,True,
2017,密云区,monotone_stock_proxy,1.0,MAIN,,,27.8,0.86875,0.86875,2,B2,0.372812,0.32388042499999997,0.39406586875,0.453601,7.0,9.0,11.0,94,False,,,,True,
2017,密云区,monotone_stock_proxy,1.0,MAIN,,,27.8,0.86875,0.86875,3,B3,0.080789,0.07018544375,0.07018544375,0.080789,10.5,13.0,16.5,94,False,,,,True,
2017,密云区,monotone_stock_proxy,1.0,MAIN,,,27.8,0.86875,0.86875,4,B4,0.0,0.0,0.0,0.0,14.0,17.0,22.0,94,False,,,,True,
2017,密云区,monotone_stock_proxy,1.0,MAIN,,,27.8,0.86875,0.86875,5,B5+,0.0,0.0,0.0,0.0,17.5,21.0,27.5,94,False,,,,True,
2018,密云区,monotone_stock_proxy,1.0,MAIN,,,29.2,0.9125,0.9125,1,B1,0.546399,0.49858908749999997,0.9125,1.0,3.5,5.0,5.5,94,False,,,,True,
2018,密云区,monotone_stock_proxy,1.0,MAIN,,,29.2,0.9125,0.9125,2,B2,0.372812,0.34019095,0.41391091249999995,0.453601,7.0,9.0,11.0,94,False,,,,True,
2018,密云区,monotone_stock_proxy,1.0,MAIN,,,29.2,0.9125,0.9125,3,B3,0.080789,0.0737199625,0.0737199625,0.080789,10.5,13.0,16.5,94,False,,,,True,
2018,密云区,monotone_stock_proxy,1.0,MAIN,,,29.2,0.9125,0.9125,4,B4,0.0,0.0,0.0,0.0,14.0,17.0,22.0,94,False,,,,True,
2018,密云区,monotone_stock_proxy,1.0,MAIN,,,29.2,0.9125,0.9125,5,B5+,0.0,0.0,0.0,0.0,17.5,21.0,27.5,94,False,,,,True,
2019,密云区,monotone_stock_proxy,1.0,MAIN,,,30.6,0.95625,0.95625,1,B1,0.546399,0.52249404375,0.95625,1.0,3.5,5.0,5.5,94,False,,,,True,
2019,密云区,monotone_stock_proxy,1.0,MAIN,,,30.6,0.95625,0.95625,2,B2,0.372812,0.356501475,0.43375595625,0.453601,7.0,9.0,11.0,94,False,,,,True,
2019,密云区,monotone_stock_proxy,1.0,MAIN,,,30.6,0.95625,0.95625,3,B3,0.080789,0.07725448125,0.07725448125,0.080789,10.5,13.0,16.5,94,False,,,,True,
2019,密云区,monotone_stock_proxy,1.0,MAIN,,,30.6,0.95625,0.95625,4,B4,0.0,0.0,0.0,0.0,14.0,17.0,22.0,94,False,,,,True,
2019,密云区,monotone_stock_proxy,1.0,MAIN,,,30.6,0.95625,0.95625,5,B5+,0.0,0.0,0.0,0.0,17.5,21.0,27.5,94,False,,,,True,
2020,密云区,monotone_stock_proxy,1.0,MAIN,32.0,32.0,32.0,1.0,1.0,1,B1,0.546399,0.546399,1.0,1.0,3.5,5.0,5.5,94,False,,,,False,
2020,密云区,monotone_stock_proxy,1.0,MAIN,32.0,32.0,32.0,1.0,1.0,2,B2,0.372812,0.372812,0.453601,0.453601,7.0,9.0,11.0,94,False,,,,False,
2020,密云区,monotone_stock_proxy,1.0,MAIN,32.0,32.0,32.0,1.0,1.0,3,B3,0.080789,0.080789,0.080789,0.080789,10.5,13.0,16.5,94,False,,,,False,
2020,密云区,monotone_stock_proxy,1.0,MAIN,32.0,32.0,32.0,1.0,1.0,4,B4,0.0,0.0,0.0,0.0,14.0,17.0,22.0,94,False,,,,False,
2020,密云区,monotone_stock_proxy,1.0,MAIN,32.0,32.0,32.0,1.0,1.0,5,B5+,0.0,0.0,0.0,0.0,17.5,21.0,27.5,94,False,,,,False,
1980,平谷区,monotone_stock_proxy,1.0,MAIN,6.0,6.0,6.0,0.25,0.25,1,B1,0.682967,0.17074175,0.25000025000000003,1.0000010000000001,3.5,5.0,5.5,17,False,,,,False,
1980,平谷区,monotone_stock_proxy,1.0,MAIN,6.0,6.0,6.0,0.25,0.25,2,B2,0.180794,0.0451985,0.07925850000000001,0.31703400000000004,7.0,9.0,11.0,17,False,,,,False,
1980,平谷区,monotone_stock_proxy,1.0,MAIN,6.0,6.0,6.0,0.25,0.25,3,B3,0.13624,0.03406,0.03406,0.13624,10.5,13.0,16.5,17,False,,,,False,
1980,平谷区,monotone_stock_proxy,1.0,MAIN,6.0,6.0,6.0,0.25,0.25,4,B4,0.0,0.0,0.0,0.0,14.0,17.0,22.0,17,False,,,,False,
1980,平谷区,monotone_stock_proxy,1.0,MAIN,6.0,6.0,6.0,0.25,0.25,5,B5+,0.0,0.0,0.0,0.0,17.5,21.0,27.5,17,False,,,,False,
1981,平谷区,monotone_stock_proxy,1.0,MAIN,,,6.0,0.25,0.25,1,B1,0.682967,0.17074175,0.25000025000000003,1.0000010000000001,3.5,5.0,5.5,17,False,,,,True,
1981,平谷区,monotone_stock_proxy,1.0,MAIN,,,6.0,0.25,0.25,2,B2,0.180794,0.0451985,0.07925850000000001,0.31703400000000004,7.0,9.0,11.0,17,False,,,,True,
1981,平谷区,monotone_stock_proxy,1.0,MAIN,,,6.0,0.25,0.25,3,B3,0.13624,0.03406,0.03406,0.13624,10.5,13.0,16.5,17,False,,,,True,
1981,平谷区,monotone_stock_proxy,1.0,MAIN,,,6.0,0.25,0.25,4,B4,0.0,0.0,0.0,0.0,14.0,17.0,22.0,17,False,,,,True,
1981,平谷区,monotone_stock_proxy,1.0,MAIN,,,6.0,0.25,0.25,5,B5+,0.0,0.0,0.0,0.0,17.5,21.0,27.5,17,False,,,,True,
1982,平谷区,monotone_stock_proxy,1.0,MAIN,,,6.0,0.25,0.25,1,B1,0.682967,0.17074175,0.25000025000000003,1.0000010000000001,3.5,5.0,5.5,17,False,,,,True,
1982,平谷区,monotone_stock_proxy,1.0,MAIN,,,6.0,0.25,0.25,2,B2,0.180794,0.0451985,0.07925850000000001,0.31703400000000004,7.0,9.0,11.0,17,False,,,,True,
1982,平谷区,monotone_stock_proxy,1.0,MAIN,,,6.0,0.25,0.25,3,B3,0.13624,0.03406,0.03406,0.13624,10.5,13.0,16.5,17,False,,,,True,
1982,平谷区,monotone_stock_proxy,1.0,MAIN,,,6.0,0.25,0.25,4,B4,0.0,0.0,0.0,0.0,14.0,17.0,22.0,17,False,,,,True,
1982,平谷区,monotone_stock_proxy,1.0,MAIN,,,6.0,0.25,0.25,5,B5+,0.0,0.0,0.0,0.0,17.5,21.0,27.5,17,False,,,,True,
1983,平谷区,monotone_stock_proxy,1.0,MAIN,,,6.0,0.25,0.25,1,B1,0.682967,0.17074175,0.25000025000000003,1.0000010000000001,3.5,5.0,5.5,17,False,,,,True,
1983,平谷区,monotone_stock_proxy,1.0,MAIN,,,6.0,0.25,0.25,2,B2,0.180794,0.0451985,0.07925850000000001,0.31703400000000004,7.0,9.0,11.0,17,False,,,,True,
1983,平谷区,monotone_stock_proxy,1.0,MAIN,,,6.0,0.25,0.25,3,B3,0.13624,0.03406,0.03406,0.13624,10.5,13.0,16.5,17,False,,,,True,
1983,平谷区,monotone_stock_proxy,1.0,MAIN,,,6.0,0.25,0.25,4,B4,0.0,0.0,0.0,0.0,14.0,17.0,22.0,17,False,,,,True,
1983,平谷区,monotone_stock_proxy,1.0,MAIN,,,6.0,0.25,0.25,5,B5+,0.0,0.0,0.0,0.0,17.5,21.0,27.5,17,False,,,,True,
1984,平谷区,monotone_stock_proxy,1.0,MAIN,,,6.0,0.25,0.25,1,B1,0.682967,0.17074175,0.25000025000000003,1.0000010000000001,3.5,5.0,5.5,17,False,,,,True,
1984,平谷区,monotone_stock_proxy,1.0,MAIN,,,6.0,0.25,0.25,2,B2,0.180794,0.0451985,0.07925850000000001,0.31703400000000004,7.0,9.0,11.0,17,False,,,,True,
1984,平谷区,monotone_stock_proxy,1.0,MAIN,,,6.0,0.25,0.25,3,B3,0.13624,0.03406,0.03406,0.13624,10.5,13.0,16.5,17,False,,,,True,
1984,平谷区,monotone_stock_proxy,1.0,MAIN,,,6.0,0.25,0.25,4,B4,0.0,0.0,0.0,0.0,14.0,17.0,22.0,17,False,,,,True,
1984,平谷区,monotone_stock_proxy,1.0,MAIN,,,6.0,0.25,0.25,5,B5+,0.0,0.0,0.0,0.0,17.5,21.0,27.5,17,False,,,,True,
1985,平谷区,monotone_stock_proxy,1.0,MAIN,,,6.0,0.25,0.25,1,B1,0.682967,0.17074175,0.25000025000000003,1.0000010000000001,3.5,5.0,5.5,17,False,,,,True,
1985,平谷区,monotone_stock_proxy,1.0,MAIN,,,6.0,0.25,0.25,2,B2,0.180794,0.0451985,0.07925850000000001,0.31703400000000004,7.0,9.0,11.0,17,False,,,,True,
1985,平谷区,monotone_stock_proxy,1.0,MAIN,,,6.0,0.25,0.25,3,B3,0.13624,0.03406,0.03406,0.13624,10.5,13.0,16.5,17,False,,,,True,
1985,平谷区,monotone_stock_proxy,1.0,MAIN,,,6.0,0.25,0.25,4,B4,0.0,0.0,0.0,0.0,14.0,17.0,22.0,17,False,,,,True,
1985,平谷区,monotone_stock_proxy,1.0,MAIN,,,6.0,0.25,0.25,5,B5+,0.0,0.0,0.0,0.0,17.5,21.0,27.5,17,False,,,,True,
1986,平谷区,monotone_stock_proxy,1.0,MAIN,,,6.0,0.25,0.25,1,B1,0.682967,0.17074175,0.25000025000000003,1.0000010000000001,3.5,5.0,5.5,17,False,,,,True,
1986,平谷区,monotone_stock_proxy,1.0,MAIN,,,6.0,0.25,0.25,2,B2,0.180794,0.0451985,0.07925850000000001,0.31703400000000004,7.0,9.0,11.0,17,False,,,,True,
1986,平谷区,monotone_stock_proxy,1.0,MAIN,,,6.0,0.25,0.25,3,B3,0.13624,0.03406,0.03406,0.13624,10.5,13.0,16.5,17,False,,,,True,
1986,平谷区,monotone_stock_proxy,1.0,MAIN,,,6.0,0.25,0.25,4,B4,0.0,0.0,0.0,0.0,14.0,17.0,22.0,17,False,,,,True,
1986,平谷区,monotone_stock_proxy,1.0,MAIN,,,6.0,0.25,0.25,5,B5+,0.0,0.0,0.0,0.0,17.5,21.0,27.5,17,False,,,,True,
1987,平谷区,monotone_stock_proxy,1.0,MAIN,,,6.0,0.25,0.25,1,B1,0.682967,0.17074175,0.25000025000000003,1.0000010000000001,3.5,5.0,5.5,17,False,,,,True,
1987,平谷区,monotone_stock_proxy,1.0,MAIN,,,6.0,0.25,0.25,2,B2,0.180794,0.0451985,0.07925850000000001,0.31703400000000004,7.0,9.0,11.0,17,False,,,,True,
1987,平谷区,monotone_stock_proxy,1.0,MAIN,,,6.0,0.25,0.25,3,B3,0.13624,0.03406,0.03406,0.13624,10.5,13.0,16.5,17,False,,,,True,
1987,平谷区,monotone_stock_proxy,1.0,MAIN,,,6.0,0.25,0.25,4,B4,0.0,0.0,0.0,0.0,14.0,17.0,22.0,17,False,,,,True,
1987,平谷区,monotone_stock_proxy,1.0,MAIN,,,6.0,0.25,0.25,5,B5+,0.0,0.0,0.0,0.0,17.5,21.0,27.5,17,False,,,,True,
1988,平谷区,monotone_stock_proxy,1.0,MAIN,,,6.0,0.25,0.25,1,B1,0.682967,0.17074175,0.25000025000000003,1.0000010000000001,3.5,5.0,5.5,17,False,,,,True,
1988,平谷区,monotone_stock_proxy,1.0,MAIN,,,6.0,0.25,0.25,2,B2,0.180794,0.0451985,0.07925850000000001,0.31703400000000004,7.0,9.0,11.0,17,False,,,,True,
1988,平谷区,monotone_stock_proxy,1.0,MAIN,,,6.0,0.25,0.25,3,B3,0.13624,0.03406,0.03406,0.13624,10.5,13.0,16.5,17,False,,,,True,
1988,平谷区,monotone_stock_proxy,1.0,MAIN,,,6.0,0.25,0.25,4,B4,0.0,0.0,0.0,0.0,14.0,17.0,22.0,17,False,,,,True,
1988,平谷区,monotone_stock_proxy,1.0,MAIN,,,6.0,0.25,0.25,5,B5+,0.0,0.0,0.0,0.0,17.5,21.0,27.5,17,False,,,,True,
1989,平谷区,monotone_stock_proxy,1.0,MAIN,,,6.0,0.25,0.25,1,B1,0.682967,0.17074175,0.25000025000000003,1.0000010000000001,3.5,5.0,5.5,17,False,,,,True,
1989,平谷区,monotone_stock_proxy,1.0,MAIN,,,6.0,0.25,0.25,2,B2,0.180794,0.0451985,0.07925850000000001,0.31703400000000004,7.0,9.0,11.0,17,False,,,,True,
1989,平谷区,monotone_stock_proxy,1.0,MAIN,,,6.0,0.25,0.25,3,B3,0.13624,0.03406,0.03406,0.13624,10.5,13.0,16.5,17,False,,,,True,
1989,平谷区,monotone_stock_proxy,1.0,MAIN,,,6.0,0.25,0.25,4,B4,0.0,0.0,0.0,0.0,14.0,17.0,22.0,17,False,,,,True,
1989,平谷区,monotone_stock_proxy,1.0,MAIN,,,6.0,0.25,0.25,5,B5+,0.0,0.0,0.0,0.0,17.5,21.0,27.5,17,False,,,,True,
1990,平谷区,monotone_stock_proxy,1.0,MAIN,5.0,6.0,6.0,0.25,0.25,1,B1,0.682967,0.17074175,0.25000025000000003,1.0000010000000001,3.5,5.0,5.5,17,False,,,,False,
1990,平谷区,monotone_stock_proxy,1.0,MAIN,5.0,6.0,6.0,0.25,0.25,2,B2,0.180794,0.0451985,0.07925850000000001,0.31703400000000004,7.0,9.0,11.0,17,False,,,,False,
1990,平谷区,monotone_stock_proxy,1.0,MAIN,5.0,6.0,6.0,0.25,0.25,3,B3,0.13624,0.03406,0.03406,0.13624,10.5,13.0,16.5,17,False,,,,False,
1990,平谷区,monotone_stock_proxy,1.0,MAIN,5.0,6.0,6.0,0.25,0.25,4,B4,0.0,0.0,0.0,0.0,14.0,17.0,22.0,17,False,,,,False,
1990,平谷区,monotone_stock_proxy,1.0,MAIN,5.0,6.0,6.0,0.25,0.25,5,B5+,0.0,0.0,0.0,0.0,17.5,21.0,27.5,17,False,,,,False,
1991,平谷区,monotone_stock_proxy,1.0,MAIN,,,8.2,0.3416666666666666,0.3416666666666667,1,B1,0.682967,0.23334705833333333,0.3416670083333334,1.0000010000000001,3.5,5.0,5.5,17,False,,,,True,
1991,平谷区,monotone_stock_proxy,1.0,MAIN,,,8.2,0.3416666666666666,0.3416666666666667,2,B2,0.180794,0.061771283333333336,0.10831995000000001,0.31703400000000004,7.0,9.0,11.0,17,False,,,,True,
1991,平谷区,monotone_stock_proxy,1.0,MAIN,,,8.2,0.3416666666666666,0.3416666666666667,3,B3,0.13624,0.04654866666666667,0.04654866666666667,0.13624,10.5,13.0,16.5,17,False,,,,True,
1991,平谷区,monotone_stock_proxy,1.0,MAIN,,,8.2,0.3416666666666666,0.3416666666666667,4,B4,0.0,0.0,0.0,0.0,14.0,17.0,22.0,17,False,,,,True,
1991,平谷区,monotone_stock_proxy,1.0,MAIN,,,8.2,0.3416666666666666,0.3416666666666667,5,B5+,0.0,0.0,0.0,0.0,17.5,21.0,27.5,17,False,,,,True,
1992,平谷区,monotone_stock_proxy,1.0,MAIN,,,10.4,0.43333333333333335,0.43333333333333335,1,B1,0.682967,0.2959523666666667,0.43333376666666673,1.0000010000000001,3.5,5.0,5.5,17,False,,,,True,
1992,平谷区,monotone_stock_proxy,1.0,MAIN,,,10.4,0.43333333333333335,0.43333333333333335,2,B2,0.180794,0.07834406666666667,0.13738140000000001,0.31703400000000004,7.0,9.0,11.0,17,False,,,,True,
1992,平谷区,monotone_stock_proxy,1.0,MAIN,,,10.4,0.43333333333333335,0.43333333333333335,3,B3,0.13624,0.05903733333333334,0.05903733333333334,0.13624,10.5,13.0,16.5,17,False,,,,True,
1992,平谷区,monotone_stock_proxy,1.0,MAIN,,,10.4,0.43333333333333335,0.43333333333333335,4,B4,0.0,0.0,0.0,0.0,14.0,17.0,22.0,17,False,,,,True,
1992,平谷区,monotone_stock_proxy,1.0,MAIN,,,10.4,0.43333333333333335,0.43333333333333335,5,B5+,0.0,0.0,0.0,0.0,17.5,21.0,27.5,17,False,,,,True,
1993,平谷区,monotone_stock_proxy,1.0,MAIN,,,12.6,0.525,0.525,1,B1,0.682967,0.358557675,0.525000525,1.0000010000000001,3.5,5.0,5.5,17,False,,,,True,
1993,平谷区,monotone_stock_proxy,1.0,MAIN,,,12.6,0.525,0.525,2,B2,0.180794,0.09491685000000001,0.16644285000000003,0.31703400000000004,7.0,9.0,11.0,17,False,,,,True,
1993,平谷区,monotone_stock_proxy,1.0,MAIN,,,12.6,0.525,0.525,3,B3,0.13624,0.071526,0.071526,0.13624,10.5,13.0,16.5,17,False,,,,True,
1993,平谷区,monotone_stock_proxy,1.0,MAIN,,,12.6,0.525,0.525,4,B4,0.0,0.0,0.0,0.0,14.0,17.0,22.0,17,False,,,,True,
1993,平谷区,monotone_stock_proxy,1.0,MAIN,,,12.6,0.525,0.525,5,B5+,0.0,0.0,0.0,0.0,17.5,21.0,27.5,17,False,,,,True,
1994,平谷区,monotone_stock_proxy,1.0,MAIN,,,14.8,0.6166666666666667,0.6166666666666667,1,B1,0.682967,0.42116298333333335,0.6166672833333334,1.0000010000000001,3.5,5.0,5.5,17,False,,,,True,
1994,平谷区,monotone_stock_proxy,1.0,MAIN,,,14.8,0.6166666666666667,0.6166666666666667,2,B2,0.180794,0.11148963333333335,0.19550430000000002,0.31703400000000004,7.0,9.0,11.0,17,False,,,,True,
1994,平谷区,monotone_stock_proxy,1.0,MAIN,,,14.8,0.6166666666666667,0.6166666666666667,3,B3,0.13624,0.08401466666666667,0.08401466666666667,0.13624,10.5,13.0,16.5,17,False,,,,True,
1994,平谷区,monotone_stock_proxy,1.0,MAIN,,,14.8,0.6166666666666667,0.6166666666666667,4,B4,0.0,0.0,0.0,0.0,14.0,17.0,22.0,17,False,,,,True,
1994,平谷区,monotone_stock_proxy,1.0,MAIN,,,14.8,0.6166666666666667,0.6166666666666667,5,B5+,0.0,0.0,0.0,0.0,17.5,21.0,27.5,17,False,,,,True,
1995,平谷区,monotone_stock_proxy,1.0,MAIN,17.0,17.0,17.0,0.7083333333333334,0.7083333333333334,1,B1,0.682967,0.4837682916666667,0.7083340416666668,1.0000010000000001,3.5,5.0,5.5,17,False,,,,False,
1995,平谷区,monotone_stock_proxy,1.0,MAIN,17.0,17.0,17.0,0.7083333333333334,0.7083333333333334,2,B2,0.180794,0.12806241666666668,0.22456575000000004,0.31703400000000004,7.0,9.0,11.0,17,False,,,,False,
1995,平谷区,monotone_stock_proxy,1.0,MAIN,17.0,17.0,17.0,0.7083333333333334,0.7083333333333334,3,B3,0.13624,0.09650333333333334,0.09650333333333334,0.13624,10.5,13.0,16.5,17,False,,,,False,
1995,平谷区,monotone_stock_proxy,1.0,MAIN,17.0,17.0,17.0,0.7083333333333334,0.7083333333333334,4,B4,0.0,0.0,0.0,0.0,14.0,17.0,22.0,17,False,,,,False,
1995,平谷区,monotone_stock_proxy,1.0,MAIN,17.0,17.0,17.0,0.7083333333333334,0.7083333333333334,5,B5+,0.0,0.0,0.0,0.0,17.5,21.0,27.5,17,False,,,,False,
1996,平谷区,monotone_stock_proxy,1.0,MAIN,,,17.2,0.7166666666666667,0.7166666666666667,1,B1,0.682967,0.48945968333333334,0.7166673833333335,1.0000010000000001,3.5,5.0,5.5,17,False,,,,True,
1996,平谷区,monotone_stock_proxy,1.0,MAIN,,,17.2,0.7166666666666667,0.7166666666666667,2,B2,0.180794,0.12956903333333333,0.22720770000000004,0.31703400000000004,7.0,9.0,11.0,17,False,,,,True,
1996,平谷区,monotone_stock_proxy,1.0,MAIN,,,17.2,0.7166666666666667,0.7166666666666667,3,B3,0.13624,0.09763866666666667,0.09763866666666667,0.13624,10.5,13.0,16.5,17,False,,,,True,
1996,平谷区,monotone_stock_proxy,1.0,MAIN,,,17.2,0.7166666666666667,0.7166666666666667,4,B4,0.0,0.0,0.0,0.0,14.0,17.0,22.0,17,False,,,,True,
1996,平谷区,monotone_stock_proxy,1.0,MAIN,,,17.2,0.7166666666666667,0.7166666666666667,5,B5+,0.0,0.0,0.0,0.0,17.5,21.0,27.5,17,False,,,,True,
1997,平谷区,monotone_stock_proxy,1.0,MAIN,,,17.4,0.725,0.725,1,B1,0.682967,0.495151075,0.7250007250000001,1.0000010000000001,3.5,5.0,5.5,17,False,,,,True,
1997,平谷区,monotone_stock_proxy,1.0,MAIN,,,17.4,0.725,0.725,2,B2,0.180794,0.13107565000000002,0.22984965000000002,0.31703400000000004,7.0,9.0,11.0,17,False,,,,True,
1997,平谷区,monotone_stock_proxy,1.0,MAIN,,,17.4,0.725,0.725,3,B3,0.13624,0.098774,0.098774,0.13624,10.5,13.0,16.5,17,False,,,,True,
1997,平谷区,monotone_stock_proxy,1.0,MAIN,,,17.4,0.725,0.725,4,B4,0.0,0.0,0.0,0.0,14.0,17.0,22.0,17,False,,,,True,
1997,平谷区,monotone_stock_proxy,1.0,MAIN,,,17.4,0.725,0.725,5,B5+,0.0,0.0,0.0,0.0,17.5,21.0,27.5,17,False,,,,True,
1998,平谷区,monotone_stock_proxy,1.0,MAIN,,,17.6,0.7333333333333334,0.7333333333333334,1,B1,0.682967,0.5008424666666667,0.7333340666666668,1.0000010000000001,3.5,5.0,5.5,17,False,,,,True,
1998,平谷区,monotone_stock_proxy,1.0,MAIN,,,17.6,0.7333333333333334,0.7333333333333334,2,B2,0.180794,0.1325822666666667,0.23249160000000005,0.31703400000000004,7.0,9.0,11.0,17,False,,,,True,
1998,平谷区,monotone_stock_proxy,1.0,MAIN,,,17.6,0.7333333333333334,0.7333333333333334,3,B3,0.13624,0.09990933333333334,0.09990933333333334,0.13624,10.5,13.0,16.5,17,False,,,,True,
1998,平谷区,monotone_stock_proxy,1.0,MAIN,,,17.6,0.7333333333333334,0.7333333333333334,4,B4,0.0,0.0,0.0,0.0,14.0,17.0,22.0,17,False,,,,True,
1998,平谷区,monotone_stock_proxy,1.0,MAIN,,,17.6,0.7333333333333334,0.7333333333333334,5,B5+,0.0,0.0,0.0,0.0,17.5,21.0,27.5,17,False,,,,True,
1999,平谷区,monotone_stock_proxy,1.0,MAIN,,,17.8,0.7416666666666667,0.7416666666666667,1,B1,0.682967,0.5065338583333333,0.7416674083333334,1.0000010000000001,3.5,5.0,5.5,17,False,,,,True,
1999,平谷区,monotone_stock_proxy,1.0,MAIN,,,17.8,0.7416666666666667,0.7416666666666667,2,B2,0.180794,0.13408888333333335,0.23513355000000002,0.31703400000000004,7.0,9.0,11.0,17,False,,,,True,
1999,平谷区,monotone_stock_proxy,1.0,MAIN,,,17.8,0.7416666666666667,0.7416666666666667,3,B3,0.13624,0.10104466666666667,0.10104466666666667,0.13624,10.5,13.0,16.5,17,False,,,,True,
1999,平谷区,monotone_stock_proxy,1.0,MAIN,,,17.8,0.7416666666666667,0.7416666666666667,4,B4,0.0,0.0,0.0,0.0,14.0,17.0,22.0,17,False,,,,True,
1999,平谷区,monotone_stock_proxy,1.0,MAIN,,,17.8,0.7416666666666667,0.7416666666666667,5,B5+,0.0,0.0,0.0,0.0,17.5,21.0,27.5,17,False,,,,True,
2000,平谷区,monotone_stock_proxy,1.0,MAIN,18.0,18.0,18.0,0.75,0.75,1,B1,0.682967,0.51222525,0.7500007500000001,1.0000010000000001,3.5,5.0,5.5,17,False,,,,False,
2000,平谷区,monotone_stock_proxy,1.0,MAIN,18.0,18.0,18.0,0.75,0.75,2,B2,0.180794,0.1355955,0.23777550000000003,0.31703400000000004,7.0,9.0,11.0,17,False,,,,False,
2000,平谷区,monotone_stock_proxy,1.0,MAIN,18.0,18.0,18.0,0.75,0.75,3,B3,0.13624,0.10217999999999999,0.10217999999999999,0.13624,10.5,13.0,16.5,17,False,,,,False,
2000,平谷区,monotone_stock_proxy,1.0,MAIN,18.0,18.0,18.0,0.75,0.75,4,B4,0.0,0.0,0.0,0.0,14.0,17.0,22.0,17,False,,,,False,
2000,平谷区,monotone_stock_proxy,1.0,MAIN,18.0,18.0,18.0,0.75,0.75,5,B5+,0.0,0.0,0.0,0.0,17.5,21.0,27.5,17,False,,,,False,
2001,平谷区,monotone_stock_proxy,1.0,MAIN,,,18.8,0.7833333333333333,0.7833333333333333,1,B1,0.682967,0.5349908166666667,0.7833341166666667,1.0000010000000001,3.5,5.0,5.5,17,False,,,,True,
2001,平谷区,monotone_stock_proxy,1.0,MAIN,,,18.8,0.7833333333333333,0.7833333333333333,2,B2,0.180794,0.14162196666666668,0.24834330000000002,0.31703400000000004,7.0,9.0,11.0,17,False,,,,True,
2001,平谷区,monotone_stock_proxy,1.0,MAIN,,,18.8,0.7833333333333333,0.7833333333333333,3,B3,0.13624,0.10672133333333333,0.10672133333333333,0.13624,10.5,13.0,16.5,17,False,,,,True,
2001,平谷区,monotone_stock_proxy,1.0,MAIN,,,18.8,0.7833333333333333,0.7833333333333333,4,B4,0.0,0.0,0.0,0.0,14.0,17.0,22.0,17,False,,,,True,
2001,平谷区,monotone_stock_proxy,1.0,MAIN,,,18.8,0.7833333333333333,0.7833333333333333,5,B5+,0.0,0.0,0.0,0.0,17.5,21.0,27.5,17,False,,,,True,
2002,平谷区,monotone_stock_proxy,1.0,MAIN,,,19.6,0.8166666666666668,0.8166666666666667,1,B1,0.682967,0.5577563833333333,0.8166674833333334,1.0000010000000001,3.5,5.0,5.5,17,False,,,,True,
2002,平谷区,monotone_stock_proxy,1.0,MAIN,,,19.6,0.8166666666666668,0.8166666666666667,2,B2,0.180794,0.14764843333333333,0.2589111,0.31703400000000004,7.0,9.0,11.0,17,False,,,,True,
2002,平谷区,monotone_stock_proxy,1.0,MAIN,,,19.6,0.8166666666666668,0.8166666666666667,3,B3,0.13624,0.11126266666666666,0.11126266666666666,0.13624,10.5,13.0,16.5,17,False,,,,True,
2002,平谷区,monotone_stock_proxy,1.0,MAIN,,,19.6,0.8166666666666668,0.8166666666666667,4,B4,0.0,0.0,0.0,0.0,14.0,17.0,22.0,17,False,,,,True,
2002,平谷区,monotone_stock_proxy,1.0,MAIN,,,19.6,0.8166666666666668,0.8166666666666667,5,B5+,0.0,0.0,0.0,0.0,17.5,21.0,27.5,17,False,,,,True,
2003,平谷区,monotone_stock_proxy,1.0,MAIN,,,20.4,0.85,0.85,1,B1,0.682967,0.58052195,0.8500008500000001,1.0000010000000001,3.5,5.0,5.5,17,False,,,,True,
2003,平谷区,monotone_stock_proxy,1.0,MAIN,,,20.4,0.85,0.85,2,B2,0.180794,0.1536749,0.2694789,0.31703400000000004,7.0,9.0,11.0,17,False,,,,True,
2003,平谷区,monotone_stock_proxy,1.0,MAIN,,,20.4,0.85,0.85,3,B3,0.13624,0.11580399999999999,0.11580399999999999,0.13624,10.5,13.0,16.5,17,False,,,,True,
2003,平谷区,monotone_stock_proxy,1.0,MAIN,,,20.4,0.85,0.85,4,B4,0.0,0.0,0.0,0.0,14.0,17.0,22.0,17,False,,,,True,
2003,平谷区,monotone_stock_proxy,1.0,MAIN,,,20.4,0.85,0.85,5,B5+,0.0,0.0,0.0,0.0,17.5,21.0,27.5,17,False,,,,True,
2004,平谷区,monotone_stock_proxy,1.0,MAIN,,,21.2,0.8833333333333333,0.8833333333333333,1,B1,0.682967,0.6032875166666667,0.8833342166666668,1.0000010000000001,3.5,5.0,5.5,17,False,,,,True,
2004,平谷区,monotone_stock_proxy,1.0,MAIN,,,21.2,0.8833333333333333,0.8833333333333333,2,B2,0.180794,0.15970136666666668,0.28004670000000004,0.31703400000000004,7.0,9.0,11.0,17,False,,,,True,
2004,平谷区,monotone_stock_proxy,1.0,MAIN,,,21.2,0.8833333333333333,0.8833333333333333,3,B3,0.13624,0.12034533333333333,0.12034533333333333,0.13624,10.5,13.0,16.5,17,False,,,,True,
2004,平谷区,monotone_stock_proxy,1.0,MAIN,,,21.2,0.8833333333333333,0.8833333333333333,4,B4,0.0,0.0,0.0,0.0,14.0,17.0,22.0,17,False,,,,True,
2004,平谷区,monotone_stock_proxy,1.0,MAIN,,,21.2,0.8833333333333333,0.8833333333333333,5,B5+,0.0,0.0,0.0,0.0,17.5,21.0,27.5,17,False,,,,True,
2005,平谷区,monotone_stock_proxy,1.0,MAIN,22.0,22.0,22.0,0.9166666666666666,0.9166666666666666,1,B1,0.682967,0.6260530833333333,0.9166675833333334,1.0000010000000001,3.5,5.0,5.5,17,False,,,,False,
2005,平谷区,monotone_stock_proxy,1.0,MAIN,22.0,22.0,22.0,0.9166666666666666,0.9166666666666666,2,B2,0.180794,0.16572783333333332,0.2906145,0.31703400000000004,7.0,9.0,11.0,17,False,,,,False,
2005,平谷区,monotone_stock_proxy,1.0,MAIN,22.0,22.0,22.0,0.9166666666666666,0.9166666666666666,3,B3,0.13624,0.12488666666666666,0.12488666666666666,0.13624,10.5,13.0,16.5,17,False,,,,False,
2005,平谷区,monotone_stock_proxy,1.0,MAIN,22.0,22.0,22.0,0.9166666666666666,0.9166666666666666,4,B4,0.0,0.0,0.0,0.0,14.0,17.0,22.0,17,False,,,,False,
2005,平谷区,monotone_stock_proxy,1.0,MAIN,22.0,22.0,22.0,0.9166666666666666,0.9166666666666666,5,B5+,0.0,0.0,0.0,0.0,17.5,21.0,27.5,17,False,,,,False,
2006,平谷区,monotone_stock_proxy,1.0,MAIN,,,22.4,0.9333333333333332,0.9333333333333333,1,B1,0.682967,0.6374358666666666,0.9333342666666669,1.0000010000000001,3.5,5.0,5.5,17,False,,,,True,
2006,平谷区,monotone_stock_proxy,1.0,MAIN,,,22.4,0.9333333333333332,0.9333333333333333,2,B2,0.180794,0.1687410666666667,0.29589840000000006,0.31703400000000004,7.0,9.0,11.0,17,False,,,,True,
2006,平谷区,monotone_stock_proxy,1.0,MAIN,,,22.4,0.9333333333333332,0.9333333333333333,3,B3,0.13624,0.12715733333333334,0.12715733333333334,0.13624,10.5,13.0,16.5,17,False,,,,True,
2006,平谷区,monotone_stock_proxy,1.0,MAIN,,,22.4,0.9333333333333332,0.9333333333333333,4,B4,0.0,0.0,0.0,0.0,14.0,17.0,22.0,17,False,,,,True,
2006,平谷区,monotone_stock_proxy,1.0,MAIN,,,22.4,0.9333333333333332,0.9333333333333333,5,B5+,0.0,0.0,0.0,0.0,17.5,21.0,27.5,17,False,,,,True,
2007,平谷区,monotone_stock_proxy,1.0,MAIN,,,22.8,0.9500000000000001,0.95,1,B1,0.682967,0.6488186499999999,0.9500009500000001,1.0000010000000001,3.5,5.0,5.5,17,False,,,,True,
2007,平谷区,monotone_stock_proxy,1.0,MAIN,,,22.8,0.9500000000000001,0.95,2,B2,0.180794,0.1717543,0.3011823,0.31703400000000004,7.0,9.0,11.0,17,False,,,,True,
2007,平谷区,monotone_stock_proxy,1.0,MAIN,,,22.8,0.9500000000000001,0.95,3,B3,0.13624,0.129428,0.129428,0.13624,10.5,13.0,16.5,17,False,,,,True,
2007,平谷区,monotone_stock_proxy,1.0,MAIN,,,22.8,0.9500000000000001,0.95,4,B4,0.0,0.0,0.0,0.0,14.0,17.0,22.0,17,False,,,,True,
2007,平谷区,monotone_stock_proxy,1.0,MAIN,,,22.8,0.9500000000000001,0.95,5,B5+,0.0,0.0,0.0,0.0,17.5,21.0,27.5,17,False,,,,True,
2008,平谷区,monotone_stock_proxy,1.0,MAIN,,,23.2,0.9666666666666667,0.9666666666666667,1,B1,0.682967,0.6602014333333334,0.9666676333333335,1.0000010000000001,3.5,5.0,5.5,17,False,,,,True,
2008,平谷区,monotone_stock_proxy,1.0,MAIN,,,23.2,0.9666666666666667,0.9666666666666667,2,B2,0.180794,0.17476753333333334,0.3064662,0.31703400000000004,7.0,9.0,11.0,17,False,,,,True,
2008,平谷区,monotone_stock_proxy,1.0,MAIN,,,23.2,0.9666666666666667,0.9666666666666667,3,B3,0.13624,0.13169866666666666,0.13169866666666666,0.13624,10.5,13.0,16.5,17,False,,,,True,
2008,平谷区,monotone_stock_proxy,1.0,MAIN,,,23.2,0.9666666666666667,0.9666666666666667,4,B4,0.0,0.0,0.0,0.0,14.0,17.0,22.0,17,False,,,,True,
2008,平谷区,monotone_stock_proxy,1.0,MAIN,,,23.2,0.9666666666666667,0.9666666666666667,5,B5+,0.0,0.0,0.0,0.0,17.5,21.0,27.5,17,False,,,,True,
2009,平谷区,monotone_stock_proxy,1.0,MAIN,,,23.6,0.9833333333333334,0.9833333333333333,1,B1,0.682967,0.6715842166666666,0.9833343166666667,1.0000010000000001,3.5,5.0,5.5,17,False,,,,True,
2009,平谷区,monotone_stock_proxy,1.0,MAIN,,,23.6,0.9833333333333334,0.9833333333333333,2,B2,0.180794,0.17778076666666667,0.31175010000000003,0.31703400000000004,7.0,9.0,11.0,17,False,,,,True,
2009,平谷区,monotone_stock_proxy,1.0,MAIN,,,23.6,0.9833333333333334,0.9833333333333333,3,B3,0.13624,0.13396933333333333,0.13396933333333333,0.13624,10.5,13.0,16.5,17,False,,,,True,
2009,平谷区,monotone_stock_proxy,1.0,MAIN,,,23.6,0.9833333333333334,0.9833333333333333,4,B4,0.0,0.0,0.0,0.0,14.0,17.0,22.0,17,False,,,,True,
2009,平谷区,monotone_stock_proxy,1.0,MAIN,,,23.6,0.9833333333333334,0.9833333333333333,5,B5+,0.0,0.0,0.0,0.0,17.5,21.0,27.5,17,False,,,,True,
2010,平谷区,monotone_stock_proxy,1.0,MAIN,24.0,24.0,24.0,1.0,1.0,1,B1,0.682967,0.682967,1.0000010000000001,1.0000010000000001,3.5,5.0,5.5,17,False,,,,False,
2010,平谷区,monotone_stock_proxy,1.0,MAIN,24.0,24.0,24.0,1.0,1.0,2,B2,0.180794,0.180794,0.31703400000000004,0.31703400000000004,7.0,9.0,11.0,17,False,,,,False,
2010,平谷区,monotone_stock_proxy,1.0,MAIN,24.0,24.0,24.0,1.0,1.0,3,B3,0.13624,0.13624,0.13624,0.13624,10.5,13.0,16.5,17,False,,,,False,
2010,平谷区,monotone_stock_proxy,1.0,MAIN,24.0,24.0,24.0,1.0,1.0,4,B4,0.0,0.0,0.0,0.0,14.0,17.0,22.0,17,False,,,,False,
2010,平谷区,monotone_stock_proxy,1.0,MAIN,24.0,24.0,24.0,1.0,1.0,5,B5+,0.0,0.0,0.0,0.0,17.5,21.0,27.5,17,False,,,,False,
2011,平谷区,monotone_stock_proxy,1.0,MAIN,,,24.0,1.0,1.0,1,B1,0.682967,0.682967,1.0000010000000001,1.0000010000000001,3.5,5.0,5.5,17,False,,,,True,
2011,平谷区,monotone_stock_proxy,1.0,MAIN,,,24.0,1.0,1.0,2,B2,0.180794,0.180794,0.31703400000000004,0.31703400000000004,7.0,9.0,11.0,17,False,,,,True,
2011,平谷区,monotone_stock_proxy,1.0,MAIN,,,24.0,1.0,1.0,3,B3,0.13624,0.13624,0.13624,0.13624,10.5,13.0,16.5,17,False,,,,True,
2011,平谷区,monotone_stock_proxy,1.0,MAIN,,,24.0,1.0,1.0,4,B4,0.0,0.0,0.0,0.0,14.0,17.0,22.0,17,False,,,,True,
2011,平谷区,monotone_stock_proxy,1.0,MAIN,,,24.0,1.0,1.0,5,B5+,0.0,0.0,0.0,0.0,17.5,21.0,27.5,17,False,,,,True,
2012,平谷区,monotone_stock_proxy,1.0,MAIN,,,24.0,1.0,1.0,1,B1,0.682967,0.682967,1.0000010000000001,1.0000010000000001,3.5,5.0,5.5,17,False,,,,True,
2012,平谷区,monotone_stock_proxy,1.0,MAIN,,,24.0,1.0,1.0,2,B2,0.180794,0.180794,0.31703400000000004,0.31703400000000004,7.0,9.0,11.0,17,False,,,,True,
2012,平谷区,monotone_stock_proxy,1.0,MAIN,,,24.0,1.0,1.0,3,B3,0.13624,0.13624,0.13624,0.13624,10.5,13.0,16.5,17,False,,,,True,
2012,平谷区,monotone_stock_proxy,1.0,MAIN,,,24.0,1.0,1.0,4,B4,0.0,0.0,0.0,0.0,14.0,17.0,22.0,17,False,,,,True,
2012,平谷区,monotone_stock_proxy,1.0,MAIN,,,24.0,1.0,1.0,5,B5+,0.0,0.0,0.0,0.0,17.5,21.0,27.5,17,False,,,,True,
2013,平谷区,monotone_stock_proxy,1.0,MAIN,,,24.0,1.0,1.0,1,B1,0.682967,0.682967,1.0000010000000001,1.0000010000000001,3.5,5.0,5.5,17,False,,,,True,
2013,平谷区,monotone_stock_proxy,1.0,MAIN,,,24.0,1.0,1.0,2,B2,0.180794,0.180794,0.31703400000000004,0.31703400000000004,7.0,9.0,11.0,17,False,,,,True,
2013,平谷区,monotone_stock_proxy,1.0,MAIN,,,24.0,1.0,1.0,3,B3,0.13624,0.13624,0.13624,0.13624,10.5,13.0,16.5,17,False,,,,True,
2013,平谷区,monotone_stock_proxy,1.0,MAIN,,,24.0,1.0,1.0,4,B4,0.0,0.0,0.0,0.0,14.0,17.0,22.0,17,False,,,,True,
2013,平谷区,monotone_stock_proxy,1.0,MAIN,,,24.0,1.0,1.0,5,B5+,0.0,0.0,0.0,0.0,17.5,21.0,27.5,17,False,,,,True,
2014,平谷区,monotone_stock_proxy,1.0,MAIN,,,24.0,1.0,1.0,1,B1,0.682967,0.682967,1.0000010000000001,1.0000010000000001,3.5,5.0,5.5,17,False,,,,True,
2014,平谷区,monotone_stock_proxy,1.0,MAIN,,,24.0,1.0,1.0,2,B2,0.180794,0.180794,0.31703400000000004,0.31703400000000004,7.0,9.0,11.0,17,False,,,,True,
2014,平谷区,monotone_stock_proxy,1.0,MAIN,,,24.0,1.0,1.0,3,B3,0.13624,0.13624,0.13624,0.13624,10.5,13.0,16.5,17,False,,,,True,
2014,平谷区,monotone_stock_proxy,1.0,MAIN,,,24.0,1.0,1.0,4,B4,0.0,0.0,0.0,0.0,14.0,17.0,22.0,17,False,,,,True,
2014,平谷区,monotone_stock_proxy,1.0,MAIN,,,24.0,1.0,1.0,5,B5+,0.0,0.0,0.0,0.0,17.5,21.0,27.5,17,False,,,,True,
2015,平谷区,monotone_stock_proxy,1.0,MAIN,24.0,24.0,24.0,1.0,1.0,1,B1,0.682967,0.682967,1.0000010000000001,1.0000010000000001,3.5,5.0,5.5,17,False,,,,False,
2015,平谷区,monotone_stock_proxy,1.0,MAIN,24.0,24.0,24.0,1.0,1.0,2,B2,0.180794,0.180794,0.31703400000000004,0.31703400000000004,7.0,9.0,11.0,17,False,,,,False,
2015,平谷区,monotone_stock_proxy,1.0,MAIN,24.0,24.0,24.0,1.0,1.0,3,B3,0.13624,0.13624,0.13624,0.13624,10.5,13.0,16.5,17,False,,,,False,
2015,平谷区,monotone_stock_proxy,1.0,MAIN,24.0,24.0,24.0,1.0,1.0,4,B4,0.0,0.0,0.0,0.0,14.0,17.0,22.0,17,False,,,,False,
2015,平谷区,monotone_stock_proxy,1.0,MAIN,24.0,24.0,24.0,1.0,1.0,5,B5+,0.0,0.0,0.0,0.0,17.5,21.0,27.5,17,False,,,,False,
2016,平谷区,monotone_stock_proxy,1.0,MAIN,,,24.0,1.0,1.0,1,B1,0.682967,0.682967,1.0000010000000001,1.0000010000000001,3.5,5.0,5.5,17,False,,,,True,
2016,平谷区,monotone_stock_proxy,1.0,MAIN,,,24.0,1.0,1.0,2,B2,0.180794,0.180794,0.31703400000000004,0.31703400000000004,7.0,9.0,11.0,17,False,,,,True,
2016,平谷区,monotone_stock_proxy,1.0,MAIN,,,24.0,1.0,1.0,3,B3,0.13624,0.13624,0.13624,0.13624,10.5,13.0,16.5,17,False,,,,True,
2016,平谷区,monotone_stock_proxy,1.0,MAIN,,,24.0,1.0,1.0,4,B4,0.0,0.0,0.0,0.0,14.0,17.0,22.0,17,False,,,,True,
2016,平谷区,monotone_stock_proxy,1.0,MAIN,,,24.0,1.0,1.0,5,B5+,0.0,0.0,0.0,0.0,17.5,21.0,27.5,17,False,,,,True,
2017,平谷区,monotone_stock_proxy,1.0,MAIN,,,24.0,1.0,1.0,1,B1,0.682967,0.682967,1.0000010000000001,1.0000010000000001,3.5,5.0,5.5,17,False,,,,True,
2017,平谷区,monotone_stock_proxy,1.0,MAIN,,,24.0,1.0,1.0,2,B2,0.180794,0.180794,0.31703400000000004,0.31703400000000004,7.0,9.0,11.0,17,False,,,,True,
2017,平谷区,monotone_stock_proxy,1.0,MAIN,,,24.0,1.0,1.0,3,B3,0.13624,0.13624,0.13624,0.13624,10.5,13.0,16.5,17,False,,,,True,
2017,平谷区,monotone_stock_proxy,1.0,MAIN,,,24.0,1.0,1.0,4,B4,0.0,0.0,0.0,0.0,14.0,17.0,22.0,17,False,,,,True,
2017,平谷区,monotone_stock_proxy,1.0,MAIN,,,24.0,1.0,1.0,5,B5+,0.0,0.0,0.0,0.0,17.5,21.0,27.5,17,False,,,,True,
2018,平谷区,monotone_stock_proxy,1.0,MAIN,,,24.0,1.0,1.0,1,B1,0.682967,0.682967,1.0000010000000001,1.0000010000000001,3.5,5.0,5.5,17,False,,,,True,
2018,平谷区,monotone_stock_proxy,1.0,MAIN,,,24.0,1.0,1.0,2,B2,0.180794,0.180794,0.31703400000000004,0.31703400000000004,7.0,9.0,11.0,17,False,,,,True,
2018,平谷区,monotone_stock_proxy,1.0,MAIN,,,24.0,1.0,1.0,3,B3,0.13624,0.13624,0.13624,0.13624,10.5,13.0,16.5,17,False,,,,True,
2018,平谷区,monotone_stock_proxy,1.0,MAIN,,,24.0,1.0,1.0,4,B4,0.0,0.0,0.0,0.0,14.0,17.0,22.0,17,False,,,,True,
2018,平谷区,monotone_stock_proxy,1.0,MAIN,,,24.0,1.0,1.0,5,B5+,0.0,0.0,0.0,0.0,17.5,21.0,27.5,17,False,,,,True,
2019,平谷区,monotone_stock_proxy,1.0,MAIN,,,24.0,1.0,1.0,1,B1,0.682967,0.682967,1.0000010000000001,1.0000010000000001,3.5,5.0,5.5,17,False,,,,True,
2019,平谷区,monotone_stock_proxy,1.0,MAIN,,,24.0,1.0,1.0,2,B2,0.180794,0.180794,0.31703400000000004,0.31703400000000004,7.0,9.0,11.0,17,False,,,,True,
2019,平谷区,monotone_stock_proxy,1.0,MAIN,,,24.0,1.0,1.0,3,B3,0.13624,0.13624,0.13624,0.13624,10.5,13.0,16.5,17,False,,,,True,
2019,平谷区,monotone_stock_proxy,1.0,MAIN,,,24.0,1.0,1.0,4,B4,0.0,0.0,0.0,0.0,14.0,17.0,22.0,17,False,,,,True,
2019,平谷区,monotone_stock_proxy,1.0,MAIN,,,24.0,1.0,1.0,5,B5+,0.0,0.0,0.0,0.0,17.5,21.0,27.5,17,False,,,,True,
2020,平谷区,monotone_stock_proxy,1.0,MAIN,22.0,24.0,24.0,1.0,1.0,1,B1,0.682967,0.682967,1.0000010000000001,1.0000010000000001,3.5,5.0,5.5,17,False,,,,False,
2020,平谷区,monotone_stock_proxy,1.0,MAIN,22.0,24.0,24.0,1.0,1.0,2,B2,0.180794,0.180794,0.31703400000000004,0.31703400000000004,7.0,9.0,11.0,17,False,,,,False,
2020,平谷区,monotone_stock_proxy,1.0,MAIN,22.0,24.0,24.0,1.0,1.0,3,B3,0.13624,0.13624,0.13624,0.13624,10.5,13.0,16.5,17,False,,,,False,
2020,平谷区,monotone_stock_proxy,1.0,MAIN,22.0,24.0,24.0,1.0,1.0,4,B4,0.0,0.0,0.0,0.0,14.0,17.0,22.0,17,False,,,,False,
2020,平谷区,monotone_stock_proxy,1.0,MAIN,22.0,24.0,24.0,1.0,1.0,5,B5+,0.0,0.0,0.0,0.0,17.5,21.0,27.5,17,False,,,,False,
1980,延庆区,monotone_stock_proxy,1.0,MAIN,3.0,3.0,3.0,0.16666666666666666,0.16666666666666666,1,B1,0.817262,0.13621033333333332,0.16666666666666666,1.0,3.5,5.0,5.5,39,False,,,,False,
1980,延庆区,monotone_stock_proxy,1.0,MAIN,3.0,3.0,3.0,0.16666666666666666,0.16666666666666666,2,B2,0.162319,0.027053166666666663,0.03045633333333333,0.18273799999999998,7.0,9.0,11.0,39,False,,,,False,
1980,延庆区,monotone_stock_proxy,1.0,MAIN,3.0,3.0,3.0,0.16666666666666666,0.16666666666666666,3,B3,0.020419,0.0034031666666666663,0.0034031666666666663,0.020419,10.5,13.0,16.5,39,False,,,,False,
1980,延庆区,monotone_stock_proxy,1.0,MAIN,3.0,3.0,3.0,0.16666666666666666,0.16666666666666666,4,B4,0.0,0.0,0.0,0.0,14.0,17.0,22.0,39,False,,,,False,
1980,延庆区,monotone_stock_proxy,1.0,MAIN,3.0,3.0,3.0,0.16666666666666666,0.16666666666666666,5,B5+,0.0,0.0,0.0,0.0,17.5,21.0,27.5,39,False,,,,False,
1981,延庆区,monotone_stock_proxy,1.0,MAIN,,,3.0,0.16666666666666666,0.16666666666666666,1,B1,0.817262,0.13621033333333332,0.16666666666666666,1.0,3.5,5.0,5.5,39,False,,,,True,
1981,延庆区,monotone_stock_proxy,1.0,MAIN,,,3.0,0.16666666666666666,0.16666666666666666,2,B2,0.162319,0.027053166666666663,0.03045633333333333,0.18273799999999998,7.0,9.0,11.0,39,False,,,,True,
1981,延庆区,monotone_stock_proxy,1.0,MAIN,,,3.0,0.16666666666666666,0.16666666666666666,3,B3,0.020419,0.0034031666666666663,0.0034031666666666663,0.020419,10.5,13.0,16.5,39,False,,,,True,
1981,延庆区,monotone_stock_proxy,1.0,MAIN,,,3.0,0.16666666666666666,0.16666666666666666,4,B4,0.0,0.0,0.0,0.0,14.0,17.0,22.0,39,False,,,,True,
1981,延庆区,monotone_stock_proxy,1.0,MAIN,,,3.0,0.16666666666666666,0.16666666666666666,5,B5+,0.0,0.0,0.0,0.0,17.5,21.0,27.5,39,False,,,,True,
1982,延庆区,monotone_stock_proxy,1.0,MAIN,,,3.0,0.16666666666666666,0.16666666666666666,1,B1,0.817262,0.13621033333333332,0.16666666666666666,1.0,3.5,5.0,5.5,39,False,,,,True,
1982,延庆区,monotone_stock_proxy,1.0,MAIN,,,3.0,0.16666666666666666,0.16666666666666666,2,B2,0.162319,0.027053166666666663,0.03045633333333333,0.18273799999999998,7.0,9.0,11.0,39,False,,,,True,
1982,延庆区,monotone_stock_proxy,1.0,MAIN,,,3.0,0.16666666666666666,0.16666666666666666,3,B3,0.020419,0.0034031666666666663,0.0034031666666666663,0.020419,10.5,13.0,16.5,39,False,,,,True,
1982,延庆区,monotone_stock_proxy,1.0,MAIN,,,3.0,0.16666666666666666,0.16666666666666666,4,B4,0.0,0.0,0.0,0.0,14.0,17.0,22.0,39,False,,,,True,
1982,延庆区,monotone_stock_proxy,1.0,MAIN,,,3.0,0.16666666666666666,0.16666666666666666,5,B5+,0.0,0.0,0.0,0.0,17.5,21.0,27.5,39,False,,,,True,
1983,延庆区,monotone_stock_proxy,1.0,MAIN,,,3.0,0.16666666666666666,0.16666666666666666,1,B1,0.817262,0.13621033333333332,0.16666666666666666,1.0,3.5,5.0,5.5,39,False,,,,True,
1983,延庆区,monotone_stock_proxy,1.0,MAIN,,,3.0,0.16666666666666666,0.16666666666666666,2,B2,0.162319,0.027053166666666663,0.03045633333333333,0.18273799999999998,7.0,9.0,11.0,39,False,,,,True,
1983,延庆区,monotone_stock_proxy,1.0,MAIN,,,3.0,0.16666666666666666,0.16666666666666666,3,B3,0.020419,0.0034031666666666663,0.0034031666666666663,0.020419,10.5,13.0,16.5,39,False,,,,True,
1983,延庆区,monotone_stock_proxy,1.0,MAIN,,,3.0,0.16666666666666666,0.16666666666666666,4,B4,0.0,0.0,0.0,0.0,14.0,17.0,22.0,39,False,,,,True,
1983,延庆区,monotone_stock_proxy,1.0,MAIN,,,3.0,0.16666666666666666,0.16666666666666666,5,B5+,0.0,0.0,0.0,0.0,17.5,21.0,27.5,39,False,,,,True,
1984,延庆区,monotone_stock_proxy,1.0,MAIN,,,3.0,0.16666666666666666,0.16666666666666666,1,B1,0.817262,0.13621033333333332,0.16666666666666666,1.0,3.5,5.0,5.5,39,False,,,,True,
1984,延庆区,monotone_stock_proxy,1.0,MAIN,,,3.0,0.16666666666666666,0.16666666666666666,2,B2,0.162319,0.027053166666666663,0.03045633333333333,0.18273799999999998,7.0,9.0,11.0,39,False,,,,True,
1984,延庆区,monotone_stock_proxy,1.0,MAIN,,,3.0,0.16666666666666666,0.16666666666666666,3,B3,0.020419,0.0034031666666666663,0.0034031666666666663,0.020419,10.5,13.0,16.5,39,False,,,,True,
1984,延庆区,monotone_stock_proxy,1.0,MAIN,,,3.0,0.16666666666666666,0.16666666666666666,4,B4,0.0,0.0,0.0,0.0,14.0,17.0,22.0,39,False,,,,True,
1984,延庆区,monotone_stock_proxy,1.0,MAIN,,,3.0,0.16666666666666666,0.16666666666666666,5,B5+,0.0,0.0,0.0,0.0,17.5,21.0,27.5,39,False,,,,True,
1985,延庆区,monotone_stock_proxy,1.0,MAIN,,,3.0,0.16666666666666666,0.16666666666666666,1,B1,0.817262,0.13621033333333332,0.16666666666666666,1.0,3.5,5.0,5.5,39,False,,,,True,
1985,延庆区,monotone_stock_proxy,1.0,MAIN,,,3.0,0.16666666666666666,0.16666666666666666,2,B2,0.162319,0.027053166666666663,0.03045633333333333,0.18273799999999998,7.0,9.0,11.0,39,False,,,,True,
1985,延庆区,monotone_stock_proxy,1.0,MAIN,,,3.0,0.16666666666666666,0.16666666666666666,3,B3,0.020419,0.0034031666666666663,0.0034031666666666663,0.020419,10.5,13.0,16.5,39,False,,,,True,
1985,延庆区,monotone_stock_proxy,1.0,MAIN,,,3.0,0.16666666666666666,0.16666666666666666,4,B4,0.0,0.0,0.0,0.0,14.0,17.0,22.0,39,False,,,,True,
1985,延庆区,monotone_stock_proxy,1.0,MAIN,,,3.0,0.16666666666666666,0.16666666666666666,5,B5+,0.0,0.0,0.0,0.0,17.5,21.0,27.5,39,False,,,,True,
1986,延庆区,monotone_stock_proxy,1.0,MAIN,,,3.0,0.16666666666666666,0.16666666666666666,1,B1,0.817262,0.13621033333333332,0.16666666666666666,1.0,3.5,5.0,5.5,39,False,,,,True,
1986,延庆区,monotone_stock_proxy,1.0,MAIN,,,3.0,0.16666666666666666,0.16666666666666666,2,B2,0.162319,0.027053166666666663,0.03045633333333333,0.18273799999999998,7.0,9.0,11.0,39,False,,,,True,
1986,延庆区,monotone_stock_proxy,1.0,MAIN,,,3.0,0.16666666666666666,0.16666666666666666,3,B3,0.020419,0.0034031666666666663,0.0034031666666666663,0.020419,10.5,13.0,16.5,39,False,,,,True,
1986,延庆区,monotone_stock_proxy,1.0,MAIN,,,3.0,0.16666666666666666,0.16666666666666666,4,B4,0.0,0.0,0.0,0.0,14.0,17.0,22.0,39,False,,,,True,
1986,延庆区,monotone_stock_proxy,1.0,MAIN,,,3.0,0.16666666666666666,0.16666666666666666,5,B5+,0.0,0.0,0.0,0.0,17.5,21.0,27.5,39,False,,,,True,
1987,延庆区,monotone_stock_proxy,1.0,MAIN,,,3.0,0.16666666666666666,0.16666666666666666,1,B1,0.817262,0.13621033333333332,0.16666666666666666,1.0,3.5,5.0,5.5,39,False,,,,True,
1987,延庆区,monotone_stock_proxy,1.0,MAIN,,,3.0,0.16666666666666666,0.16666666666666666,2,B2,0.162319,0.027053166666666663,0.03045633333333333,0.18273799999999998,7.0,9.0,11.0,39,False,,,,True,
1987,延庆区,monotone_stock_proxy,1.0,MAIN,,,3.0,0.16666666666666666,0.16666666666666666,3,B3,0.020419,0.0034031666666666663,0.0034031666666666663,0.020419,10.5,13.0,16.5,39,False,,,,True,
1987,延庆区,monotone_stock_proxy,1.0,MAIN,,,3.0,0.16666666666666666,0.16666666666666666,4,B4,0.0,0.0,0.0,0.0,14.0,17.0,22.0,39,False,,,,True,
1987,延庆区,monotone_stock_proxy,1.0,MAIN,,,3.0,0.16666666666666666,0.16666666666666666,5,B5+,0.0,0.0,0.0,0.0,17.5,21.0,27.5,39,False,,,,True,
1988,延庆区,monotone_stock_proxy,1.0,MAIN,,,3.0,0.16666666666666666,0.16666666666666666,1,B1,0.817262,0.13621033333333332,0.16666666666666666,1.0,3.5,5.0,5.5,39,False,,,,True,
1988,延庆区,monotone_stock_proxy,1.0,MAIN,,,3.0,0.16666666666666666,0.16666666666666666,2,B2,0.162319,0.027053166666666663,0.03045633333333333,0.18273799999999998,7.0,9.0,11.0,39,False,,,,True,
1988,延庆区,monotone_stock_proxy,1.0,MAIN,,,3.0,0.16666666666666666,0.16666666666666666,3,B3,0.020419,0.0034031666666666663,0.0034031666666666663,0.020419,10.5,13.0,16.5,39,False,,,,True,
1988,延庆区,monotone_stock_proxy,1.0,MAIN,,,3.0,0.16666666666666666,0.16666666666666666,4,B4,0.0,0.0,0.0,0.0,14.0,17.0,22.0,39,False,,,,True,
1988,延庆区,monotone_stock_proxy,1.0,MAIN,,,3.0,0.16666666666666666,0.16666666666666666,5,B5+,0.0,0.0,0.0,0.0,17.5,21.0,27.5,39,False,,,,True,
1989,延庆区,monotone_stock_proxy,1.0,MAIN,,,3.0,0.16666666666666666,0.16666666666666666,1,B1,0.817262,0.13621033333333332,0.16666666666666666,1.0,3.5,5.0,5.5,39,False,,,,True,
1989,延庆区,monotone_stock_proxy,1.0,MAIN,,,3.0,0.16666666666666666,0.16666666666666666,2,B2,0.162319,0.027053166666666663,0.03045633333333333,0.18273799999999998,7.0,9.0,11.0,39,False,,,,True,
1989,延庆区,monotone_stock_proxy,1.0,MAIN,,,3.0,0.16666666666666666,0.16666666666666666,3,B3,0.020419,0.0034031666666666663,0.0034031666666666663,0.020419,10.5,13.0,16.5,39,False,,,,True,
1989,延庆区,monotone_stock_proxy,1.0,MAIN,,,3.0,0.16666666666666666,0.16666666666666666,4,B4,0.0,0.0,0.0,0.0,14.0,17.0,22.0,39,False,,,,True,
1989,延庆区,monotone_stock_proxy,1.0,MAIN,,,3.0,0.16666666666666666,0.16666666666666666,5,B5+,0.0,0.0,0.0,0.0,17.5,21.0,27.5,39,False,,,,True,
1990,延庆区,monotone_stock_proxy,1.0,MAIN,2.0,3.0,3.0,0.16666666666666666,0.16666666666666666,1,B1,0.817262,0.13621033333333332,0.16666666666666666,1.0,3.5,5.0,5.5,39,False,,,,False,
1990,延庆区,monotone_stock_proxy,1.0,MAIN,2.0,3.0,3.0,0.16666666666666666,0.16666666666666666,2,B2,0.162319,0.027053166666666663,0.03045633333333333,0.18273799999999998,7.0,9.0,11.0,39,False,,,,False,
1990,延庆区,monotone_stock_proxy,1.0,MAIN,2.0,3.0,3.0,0.16666666666666666,0.16666666666666666,3,B3,0.020419,0.0034031666666666663,0.0034031666666666663,0.020419,10.5,13.0,16.5,39,False,,,,False,
1990,延庆区,monotone_stock_proxy,1.0,MAIN,2.0,3.0,3.0,0.16666666666666666,0.16666666666666666,4,B4,0.0,0.0,0.0,0.0,14.0,17.0,22.0,39,False,,,,False,
1990,延庆区,monotone_stock_proxy,1.0,MAIN,2.0,3.0,3.0,0.16666666666666666,0.16666666666666666,5,B5+,0.0,0.0,0.0,0.0,17.5,21.0,27.5,39,False,,,,False,
1991,延庆区,monotone_stock_proxy,1.0,MAIN,,,4.6,0.25555555555555554,0.25555555555555554,1,B1,0.817262,0.20885584444444444,0.25555555555555554,1.0,3.5,5.0,5.5,39,False,,,,True,
1991,延庆区,monotone_stock_proxy,1.0,MAIN,,,4.6,0.25555555555555554,0.25555555555555554,2,B2,0.162319,0.04148152222222222,0.046699711111111104,0.18273799999999998,7.0,9.0,11.0,39,False,,,,True,
1991,延庆区,monotone_stock_proxy,1.0,MAIN,,,4.6,0.25555555555555554,0.25555555555555554,3,B3,0.020419,0.005218188888888888,0.005218188888888888,0.020419,10.5,13.0,16.5,39,False,,,,True,
1991,延庆区,monotone_stock_proxy,1.0,MAIN,,,4.6,0.25555555555555554,0.25555555555555554,4,B4,0.0,0.0,0.0,0.0,14.0,17.0,22.0,39,False,,,,True,
1991,延庆区,monotone_stock_proxy,1.0,MAIN,,,4.6,0.25555555555555554,0.25555555555555554,5,B5+,0.0,0.0,0.0,0.0,17.5,21.0,27.5,39,False,,,,True,
1992,延庆区,monotone_stock_proxy,1.0,MAIN,,,6.2,0.34444444444444444,0.34444444444444444,1,B1,0.817262,0.28150135555555555,0.34444444444444444,1.0,3.5,5.0,5.5,39,False,,,,True,
1992,延庆区,monotone_stock_proxy,1.0,MAIN,,,6.2,0.34444444444444444,0.34444444444444444,2,B2,0.162319,0.055909877777777776,0.06294308888888889,0.18273799999999998,7.0,9.0,11.0,39,False,,,,True,
1992,延庆区,monotone_stock_proxy,1.0,MAIN,,,6.2,0.34444444444444444,0.34444444444444444,3,B3,0.020419,0.007033211111111111,0.007033211111111111,0.020419,10.5,13.0,16.5,39,False,,,,True,
1992,延庆区,monotone_stock_proxy,1.0,MAIN,,,6.2,0.34444444444444444,0.34444444444444444,4,B4,0.0,0.0,0.0,0.0,14.0,17.0,22.0,39,False,,,,True,
1992,延庆区,monotone_stock_proxy,1.0,MAIN,,,6.2,0.34444444444444444,0.34444444444444444,5,B5+,0.0,0.0,0.0,0.0,17.5,21.0,27.5,39,False,,,,True,
1993,延庆区,monotone_stock_proxy,1.0,MAIN,,,7.8,0.43333333333333335,0.43333333333333335,1,B1,0.817262,0.35414686666666667,0.43333333333333335,1.0,3.5,5.0,5.5,39,False,,,,True,
1993,延庆区,monotone_stock_proxy,1.0,MAIN,,,7.8,0.43333333333333335,0.43333333333333335,2,B2,0.162319,0.07033823333333333,0.07918646666666666,0.18273799999999998,7.0,9.0,11.0,39,False,,,,True,
1993,延庆区,monotone_stock_proxy,1.0,MAIN,,,7.8,0.43333333333333335,0.43333333333333335,3,B3,0.020419,0.008848233333333334,0.008848233333333334,0.020419,10.5,13.0,16.5,39,False,,,,True,
1993,延庆区,monotone_stock_proxy,1.0,MAIN,,,7.8,0.43333333333333335,0.43333333333333335,4,B4,0.0,0.0,0.0,0.0,14.0,17.0,22.0,39,False,,,,True,
1993,延庆区,monotone_stock_proxy,1.0,MAIN,,,7.8,0.43333333333333335,0.43333333333333335,5,B5+,0.0,0.0,0.0,0.0,17.5,21.0,27.5,39,False,,,,True,
1994,延庆区,monotone_stock_proxy,1.0,MAIN,,,9.4,0.5222222222222223,0.5222222222222223,1,B1,0.817262,0.42679237777777784,0.5222222222222223,1.0,3.5,5.0,5.5,39,False,,,,True,
1994,延庆区,monotone_stock_proxy,1.0,MAIN,,,9.4,0.5222222222222223,0.5222222222222223,2,B2,0.162319,0.08476658888888888,0.09542984444444444,0.18273799999999998,7.0,9.0,11.0,39,False,,,,True,
1994,延庆区,monotone_stock_proxy,1.0,MAIN,,,9.4,0.5222222222222223,0.5222222222222223,3,B3,0.020419,0.010663255555555556,0.010663255555555556,0.020419,10.5,13.0,16.5,39,False,,,,True,
1994,延庆区,monotone_stock_proxy,1.0,MAIN,,,9.4,0.5222222222222223,0.5222222222222223,4,B4,0.0,0.0,0.0,0.0,14.0,17.0,22.0,39,False,,,,True,
1994,延庆区,monotone_stock_proxy,1.0,MAIN,,,9.4,0.5222222222222223,0.5222222222222223,5,B5+,0.0,0.0,0.0,0.0,17.5,21.0,27.5,39,False,,,,True,
1995,延庆区,monotone_stock_proxy,1.0,MAIN,11.0,11.0,11.0,0.6111111111111112,0.6111111111111112,1,B1,0.817262,0.49943788888888896,0.6111111111111112,1.0,3.5,5.0,5.5,39,False,,,,False,
1995,延庆区,monotone_stock_proxy,1.0,MAIN,11.0,11.0,11.0,0.6111111111111112,0.6111111111111112,2,B2,0.162319,0.09919494444444445,0.11167322222222222,0.18273799999999998,7.0,9.0,11.0,39,False,,,,False,
1995,延庆区,monotone_stock_proxy,1.0,MAIN,11.0,11.0,11.0,0.6111111111111112,0.6111111111111112,3,B3,0.020419,0.012478277777777779,0.012478277777777779,0.020419,10.5,13.0,16.5,39,False,,,,False,
1995,延庆区,monotone_stock_proxy,1.0,MAIN,11.0,11.0,11.0,0.6111111111111112,0.6111111111111112,4,B4,0.0,0.0,0.0,0.0,14.0,17.0,22.0,39,False,,,,False,
1995,延庆区,monotone_stock_proxy,1.0,MAIN,11.0,11.0,11.0,0.6111111111111112,0.6111111111111112,5,B5+,0.0,0.0,0.0,0.0,17.5,21.0,27.5,39,False,,,,False,
1996,延庆区,monotone_stock_proxy,1.0,MAIN,,,11.2,0.6222222222222222,0.6222222222222222,1,B1,0.817262,0.5085185777777778,0.6222222222222222,1.0,3.5,5.0,5.5,39,False,,,,True,
1996,延庆区,monotone_stock_proxy,1.0,MAIN,,,11.2,0.6222222222222222,0.6222222222222222,2,B2,0.162319,0.10099848888888889,0.11370364444444443,0.18273799999999998,7.0,9.0,11.0,39,False,,,,True,
1996,延庆区,monotone_stock_proxy,1.0,MAIN,,,11.2,0.6222222222222222,0.6222222222222222,3,B3,0.020419,0.012705155555555556,0.012705155555555556,0.020419,10.5,13.0,16.5,39,False,,,,True,
1996,延庆区,monotone_stock_proxy,1.0,MAIN,,,11.2,0.6222222222222222,0.6222222222222222,4,B4,0.0,0.0,0.0,0.0,14.0,17.0,22.0,39,False,,,,True,
1996,延庆区,monotone_stock_proxy,1.0,MAIN,,,11.2,0.6222222222222222,0.6222222222222222,5,B5+,0.0,0.0,0.0,0.0,17.5,21.0,27.5,39,False,,,,True,
1997,延庆区,monotone_stock_proxy,1.0,MAIN,,,11.4,0.6333333333333333,0.6333333333333333,1,B1,0.817262,0.5175992666666667,0.6333333333333333,1.0,3.5,5.0,5.5,39,False,,,,True,
1997,延庆区,monotone_stock_proxy,1.0,MAIN,,,11.4,0.6333333333333333,0.6333333333333333,2,B2,0.162319,0.10280203333333332,0.11573406666666665,0.18273799999999998,7.0,9.0,11.0,39,False,,,,True,
1997,延庆区,monotone_stock_proxy,1.0,MAIN,,,11.4,0.6333333333333333,0.6333333333333333,3,B3,0.020419,0.012932033333333332,0.012932033333333332,0.020419,10.5,13.0,16.5,39,False,,,,True,
1997,延庆区,monotone_stock_proxy,1.0,MAIN,,,11.4,0.6333333333333333,0.6333333333333333,4,B4,0.0,0.0,0.0,0.0,14.0,17.0,22.0,39,False,,,,True,
1997,延庆区,monotone_stock_proxy,1.0,MAIN,,,11.4,0.6333333333333333,0.6333333333333333,5,B5+,0.0,0.0,0.0,0.0,17.5,21.0,27.5,39,False,,,,True,
1998,延庆区,monotone_stock_proxy,1.0,MAIN,,,11.6,0.6444444444444444,0.6444444444444445,1,B1,0.817262,0.5266799555555556,0.6444444444444445,1.0,3.5,5.0,5.5,39,False,,,,True,
1998,延庆区,monotone_stock_proxy,1.0,MAIN,,,11.6,0.6444444444444444,0.6444444444444445,2,B2,0.162319,0.10460557777777778,0.11776448888888888,0.18273799999999998,7.0,9.0,11.0,39,False,,,,True,
1998,延庆区,monotone_stock_proxy,1.0,MAIN,,,11.6,0.6444444444444444,0.6444444444444445,3,B3,0.020419,0.013158911111111112,0.013158911111111112,0.020419,10.5,13.0,16.5,39,False,,,,True,
1998,延庆区,monotone_stock_proxy,1.0,MAIN,,,11.6,0.6444444444444444,0.6444444444444445,4,B4,0.0,0.0,0.0,0.0,14.0,17.0,22.0,39,False,,,,True,
1998,延庆区,monotone_stock_proxy,1.0,MAIN,,,11.6,0.6444444444444444,0.6444444444444445,5,B5+,0.0,0.0,0.0,0.0,17.5,21.0,27.5,39,False,,,,True,
1999,延庆区,monotone_stock_proxy,1.0,MAIN,,,11.8,0.6555555555555556,0.6555555555555556,1,B1,0.817262,0.5357606444444445,0.6555555555555556,1.0,3.5,5.0,5.5,39,False,,,,True,
1999,延庆区,monotone_stock_proxy,1.0,MAIN,,,11.8,0.6555555555555556,0.6555555555555556,2,B2,0.162319,0.10640912222222222,0.1197949111111111,0.18273799999999998,7.0,9.0,11.0,39,False,,,,True,
1999,延庆区,monotone_stock_proxy,1.0,MAIN,,,11.8,0.6555555555555556,0.6555555555555556,3,B3,0.020419,0.013385788888888889,0.013385788888888889,0.020419,10.5,13.0,16.5,39,False,,,,True,
1999,延庆区,monotone_stock_proxy,1.0,MAIN,,,11.8,0.6555555555555556,0.6555555555555556,4,B4,0.0,0.0,0.0,0.0,14.0,17.0,22.0,39,False,,,,True,
1999,延庆区,monotone_stock_proxy,1.0,MAIN,,,11.8,0.6555555555555556,0.6555555555555556,5,B5+,0.0,0.0,0.0,0.0,17.5,21.0,27.5,39,False,,,,True,
2000,延庆区,monotone_stock_proxy,1.0,MAIN,12.0,12.0,12.0,0.6666666666666666,0.6666666666666666,1,B1,0.817262,0.5448413333333333,0.6666666666666666,1.0,3.5,5.0,5.5,39,False,,,,False,
2000,延庆区,monotone_stock_proxy,1.0,MAIN,12.0,12.0,12.0,0.6666666666666666,0.6666666666666666,2,B2,0.162319,0.10821266666666665,0.12182533333333331,0.18273799999999998,7.0,9.0,11.0,39,False,,,,False,
2000,延庆区,monotone_stock_proxy,1.0,MAIN,12.0,12.0,12.0,0.6666666666666666,0.6666666666666666,3,B3,0.020419,0.013612666666666665,0.013612666666666665,0.020419,10.5,13.0,16.5,39,False,,,,False,
2000,延庆区,monotone_stock_proxy,1.0,MAIN,12.0,12.0,12.0,0.6666666666666666,0.6666666666666666,4,B4,0.0,0.0,0.0,0.0,14.0,17.0,22.0,39,False,,,,False,
2000,延庆区,monotone_stock_proxy,1.0,MAIN,12.0,12.0,12.0,0.6666666666666666,0.6666666666666666,5,B5+,0.0,0.0,0.0,0.0,17.5,21.0,27.5,39,False,,,,False,
2001,延庆区,monotone_stock_proxy,1.0,MAIN,,,12.4,0.6888888888888889,0.6888888888888889,1,B1,0.817262,0.5630027111111111,0.6888888888888889,1.0,3.5,5.0,5.5,39,False,,,,True,
2001,延庆区,monotone_stock_proxy,1.0,MAIN,,,12.4,0.6888888888888889,0.6888888888888889,2,B2,0.162319,0.11181975555555555,0.12588617777777777,0.18273799999999998,7.0,9.0,11.0,39,False,,,,True,
2001,延庆区,monotone_stock_proxy,1.0,MAIN,,,12.4,0.6888888888888889,0.6888888888888889,3,B3,0.020419,0.014066422222222222,0.014066422222222222,0.020419,10.5,13.0,16.5,39,False,,,,True,
2001,延庆区,monotone_stock_proxy,1.0,MAIN,,,12.4,0.6888888888888889,0.6888888888888889,4,B4,0.0,0.0,0.0,0.0,14.0,17.0,22.0,39,False,,,,True,
2001,延庆区,monotone_stock_proxy,1.0,MAIN,,,12.4,0.6888888888888889,0.6888888888888889,5,B5+,0.0,0.0,0.0,0.0,17.5,21.0,27.5,39,False,,,,True,
2002,延庆区,monotone_stock_proxy,1.0,MAIN,,,12.8,0.7111111111111111,0.7111111111111111,1,B1,0.817262,0.5811640888888889,0.7111111111111111,1.0,3.5,5.0,5.5,39,False,,,,True,
2002,延庆区,monotone_stock_proxy,1.0,MAIN,,,12.8,0.7111111111111111,0.7111111111111111,2,B2,0.162319,0.11542684444444444,0.1299470222222222,0.18273799999999998,7.0,9.0,11.0,39,False,,,,True,
2002,延庆区,monotone_stock_proxy,1.0,MAIN,,,12.8,0.7111111111111111,0.7111111111111111,3,B3,0.020419,0.014520177777777778,0.014520177777777778,0.020419,10.5,13.0,16.5,39,False,,,,True,
2002,延庆区,monotone_stock_proxy,1.0,MAIN,,,12.8,0.7111111111111111,0.7111111111111111,4,B4,0.0,0.0,0.0,0.0,14.0,17.0,22.0,39,False,,,,True,
2002,延庆区,monotone_stock_proxy,1.0,MAIN,,,12.8,0.7111111111111111,0.7111111111111111,5,B5+,0.0,0.0,0.0,0.0,17.5,21.0,27.5,39,False,,,,True,
2003,延庆区,monotone_stock_proxy,1.0,MAIN,,,13.2,0.7333333333333333,0.7333333333333333,1,B1,0.817262,0.5993254666666666,0.7333333333333333,1.0,3.5,5.0,5.5,39,False,,,,True,
2003,延庆区,monotone_stock_proxy,1.0,MAIN,,,13.2,0.7333333333333333,0.7333333333333333,2,B2,0.162319,0.11903393333333331,0.13400786666666664,0.18273799999999998,7.0,9.0,11.0,39,False,,,,True,
2003,延庆区,monotone_stock_proxy,1.0,MAIN,,,13.2,0.7333333333333333,0.7333333333333333,3,B3,0.020419,0.014973933333333331,0.014973933333333331,0.020419,10.5,13.0,16.5,39,False,,,,True,
2003,延庆区,monotone_stock_proxy,1.0,MAIN,,,13.2,0.7333333333333333,0.7333333333333333,4,B4,0.0,0.0,0.0,0.0,14.0,17.0,22.0,39,False,,,,True,
2003,延庆区,monotone_stock_proxy,1.0,MAIN,,,13.2,0.7333333333333333,0.7333333333333333,5,B5+,0.0,0.0,0.0,0.0,17.5,21.0,27.5,39,False,,,,True,
2004,延庆区,monotone_stock_proxy,1.0,MAIN,,,13.6,0.7555555555555555,0.7555555555555555,1,B1,0.817262,0.6174868444444445,0.7555555555555555,1.0,3.5,5.0,5.5,39,False,,,,True,
2004,延庆区,monotone_stock_proxy,1.0,MAIN,,,13.6,0.7555555555555555,0.7555555555555555,2,B2,0.162319,0.12264102222222222,0.1380687111111111,0.18273799999999998,7.0,9.0,11.0,39,False,,,,True,
2004,延庆区,monotone_stock_proxy,1.0,MAIN,,,13.6,0.7555555555555555,0.7555555555555555,3,B3,0.020419,0.015427688888888888,0.015427688888888888,0.020419,10.5,13.0,16.5,39,False,,,,True,
2004,延庆区,monotone_stock_proxy,1.0,MAIN,,,13.6,0.7555555555555555,0.7555555555555555,4,B4,0.0,0.0,0.0,0.0,14.0,17.0,22.0,39,False,,,,True,
2004,延庆区,monotone_stock_proxy,1.0,MAIN,,,13.6,0.7555555555555555,0.7555555555555555,5,B5+,0.0,0.0,0.0,0.0,17.5,21.0,27.5,39,False,,,,True,
2005,延庆区,monotone_stock_proxy,1.0,MAIN,14.0,14.0,14.0,0.7777777777777778,0.7777777777777778,1,B1,0.817262,0.6356482222222223,0.7777777777777778,1.0,3.5,5.0,5.5,39,False,,,,False,
2005,延庆区,monotone_stock_proxy,1.0,MAIN,14.0,14.0,14.0,0.7777777777777778,0.7777777777777778,2,B2,0.162319,0.12624811111111112,0.14212955555555554,0.18273799999999998,7.0,9.0,11.0,39,False,,,,False,
2005,延庆区,monotone_stock_proxy,1.0,MAIN,14.0,14.0,14.0,0.7777777777777778,0.7777777777777778,3,B3,0.020419,0.015881444444444445,0.015881444444444445,0.020419,10.5,13.0,16.5,39,False,,,,False,
2005,延庆区,monotone_stock_proxy,1.0,MAIN,14.0,14.0,14.0,0.7777777777777778,0.7777777777777778,4,B4,0.0,0.0,0.0,0.0,14.0,17.0,22.0,39,False,,,,False,
2005,延庆区,monotone_stock_proxy,1.0,MAIN,14.0,14.0,14.0,0.7777777777777778,0.7777777777777778,5,B5+,0.0,0.0,0.0,0.0,17.5,21.0,27.5,39,False,,,,False,
2006,延庆区,monotone_stock_proxy,1.0,MAIN,,,14.0,0.7777777777777778,0.7777777777777778,1,B1,0.817262,0.6356482222222223,0.7777777777777778,1.0,3.5,5.0,5.5,39,False,,,,True,
2006,延庆区,monotone_stock_proxy,1.0,MAIN,,,14.0,0.7777777777777778,0.7777777777777778,2,B2,0.162319,0.12624811111111112,0.14212955555555554,0.18273799999999998,7.0,9.0,11.0,39,False,,,,True,
2006,延庆区,monotone_stock_proxy,1.0,MAIN,,,14.0,0.7777777777777778,0.7777777777777778,3,B3,0.020419,0.015881444444444445,0.015881444444444445,0.020419,10.5,13.0,16.5,39,False,,,,True,
2006,延庆区,monotone_stock_proxy,1.0,MAIN,,,14.0,0.7777777777777778,0.7777777777777778,4,B4,0.0,0.0,0.0,0.0,14.0,17.0,22.0,39,False,,,,True,
2006,延庆区,monotone_stock_proxy,1.0,MAIN,,,14.0,0.7777777777777778,0.7777777777777778,5,B5+,0.0,0.0,0.0,0.0,17.5,21.0,27.5,39,False,,,,True,
2007,延庆区,monotone_stock_proxy,1.0,MAIN,,,14.0,0.7777777777777778,0.7777777777777778,1,B1,0.817262,0.6356482222222223,0.7777777777777778,1.0,3.5,5.0,5.5,39,False,,,,True,
2007,延庆区,monotone_stock_proxy,1.0,MAIN,,,14.0,0.7777777777777778,0.7777777777777778,2,B2,0.162319,0.12624811111111112,0.14212955555555554,0.18273799999999998,7.0,9.0,11.0,39,False,,,,True,
2007,延庆区,monotone_stock_proxy,1.0,MAIN,,,14.0,0.7777777777777778,0.7777777777777778,3,B3,0.020419,0.015881444444444445,0.015881444444444445,0.020419,10.5,13.0,16.5,39,False,,,,True,
2007,延庆区,monotone_stock_proxy,1.0,MAIN,,,14.0,0.7777777777777778,0.7777777777777778,4,B4,0.0,0.0,0.0,0.0,14.0,17.0,22.0,39,False,,,,True,
2007,延庆区,monotone_stock_proxy,1.0,MAIN,,,14.0,0.7777777777777778,0.7777777777777778,5,B5+,0.0,0.0,0.0,0.0,17.5,21.0,27.5,39,False,,,,True,
2008,延庆区,monotone_stock_proxy,1.0,MAIN,,,14.0,0.7777777777777778,0.7777777777777778,1,B1,0.817262,0.6356482222222223,0.7777777777777778,1.0,3.5,5.0,5.5,39,False,,,,True,
2008,延庆区,monotone_stock_proxy,1.0,MAIN,,,14.0,0.7777777777777778,0.7777777777777778,2,B2,0.162319,0.12624811111111112,0.14212955555555554,0.18273799999999998,7.0,9.0,11.0,39,False,,,,True,
2008,延庆区,monotone_stock_proxy,1.0,MAIN,,,14.0,0.7777777777777778,0.7777777777777778,3,B3,0.020419,0.015881444444444445,0.015881444444444445,0.020419,10.5,13.0,16.5,39,False,,,,True,
2008,延庆区,monotone_stock_proxy,1.0,MAIN,,,14.0,0.7777777777777778,0.7777777777777778,4,B4,0.0,0.0,0.0,0.0,14.0,17.0,22.0,39,False,,,,True,
2008,延庆区,monotone_stock_proxy,1.0,MAIN,,,14.0,0.7777777777777778,0.7777777777777778,5,B5+,0.0,0.0,0.0,0.0,17.5,21.0,27.5,39,False,,,,True,
2009,延庆区,monotone_stock_proxy,1.0,MAIN,,,14.0,0.7777777777777778,0.7777777777777778,1,B1,0.817262,0.6356482222222223,0.7777777777777778,1.0,3.5,5.0,5.5,39,False,,,,True,
2009,延庆区,monotone_stock_proxy,1.0,MAIN,,,14.0,0.7777777777777778,0.7777777777777778,2,B2,0.162319,0.12624811111111112,0.14212955555555554,0.18273799999999998,7.0,9.0,11.0,39,False,,,,True,
2009,延庆区,monotone_stock_proxy,1.0,MAIN,,,14.0,0.7777777777777778,0.7777777777777778,3,B3,0.020419,0.015881444444444445,0.015881444444444445,0.020419,10.5,13.0,16.5,39,False,,,,True,
2009,延庆区,monotone_stock_proxy,1.0,MAIN,,,14.0,0.7777777777777778,0.7777777777777778,4,B4,0.0,0.0,0.0,0.0,14.0,17.0,22.0,39,False,,,,True,
2009,延庆区,monotone_stock_proxy,1.0,MAIN,,,14.0,0.7777777777777778,0.7777777777777778,5,B5+,0.0,0.0,0.0,0.0,17.5,21.0,27.5,39,False,,,,True,
2010,延庆区,monotone_stock_proxy,1.0,MAIN,14.0,14.0,14.0,0.7777777777777778,0.7777777777777778,1,B1,0.817262,0.6356482222222223,0.7777777777777778,1.0,3.5,5.0,5.5,39,False,,,,False,
2010,延庆区,monotone_stock_proxy,1.0,MAIN,14.0,14.0,14.0,0.7777777777777778,0.7777777777777778,2,B2,0.162319,0.12624811111111112,0.14212955555555554,0.18273799999999998,7.0,9.0,11.0,39,False,,,,False,
2010,延庆区,monotone_stock_proxy,1.0,MAIN,14.0,14.0,14.0,0.7777777777777778,0.7777777777777778,3,B3,0.020419,0.015881444444444445,0.015881444444444445,0.020419,10.5,13.0,16.5,39,False,,,,False,
2010,延庆区,monotone_stock_proxy,1.0,MAIN,14.0,14.0,14.0,0.7777777777777778,0.7777777777777778,4,B4,0.0,0.0,0.0,0.0,14.0,17.0,22.0,39,False,,,,False,
2010,延庆区,monotone_stock_proxy,1.0,MAIN,14.0,14.0,14.0,0.7777777777777778,0.7777777777777778,5,B5+,0.0,0.0,0.0,0.0,17.5,21.0,27.5,39,False,,,,False,
2011,延庆区,monotone_stock_proxy,1.0,MAIN,,,14.0,0.7777777777777778,0.7777777777777778,1,B1,0.817262,0.6356482222222223,0.7777777777777778,1.0,3.5,5.0,5.5,39,False,,,,True,
2011,延庆区,monotone_stock_proxy,1.0,MAIN,,,14.0,0.7777777777777778,0.7777777777777778,2,B2,0.162319,0.12624811111111112,0.14212955555555554,0.18273799999999998,7.0,9.0,11.0,39,False,,,,True,
2011,延庆区,monotone_stock_proxy,1.0,MAIN,,,14.0,0.7777777777777778,0.7777777777777778,3,B3,0.020419,0.015881444444444445,0.015881444444444445,0.020419,10.5,13.0,16.5,39,False,,,,True,
2011,延庆区,monotone_stock_proxy,1.0,MAIN,,,14.0,0.7777777777777778,0.7777777777777778,4,B4,0.0,0.0,0.0,0.0,14.0,17.0,22.0,39,False,,,,True,
2011,延庆区,monotone_stock_proxy,1.0,MAIN,,,14.0,0.7777777777777778,0.7777777777777778,5,B5+,0.0,0.0,0.0,0.0,17.5,21.0,27.5,39,False,,,,True,
2012,延庆区,monotone_stock_proxy,1.0,MAIN,,,14.0,0.7777777777777778,0.7777777777777778,1,B1,0.817262,0.6356482222222223,0.7777777777777778,1.0,3.5,5.0,5.5,39,False,,,,True,
2012,延庆区,monotone_stock_proxy,1.0,MAIN,,,14.0,0.7777777777777778,0.7777777777777778,2,B2,0.162319,0.12624811111111112,0.14212955555555554,0.18273799999999998,7.0,9.0,11.0,39,False,,,,True,
2012,延庆区,monotone_stock_proxy,1.0,MAIN,,,14.0,0.7777777777777778,0.7777777777777778,3,B3,0.020419,0.015881444444444445,0.015881444444444445,0.020419,10.5,13.0,16.5,39,False,,,,True,
2012,延庆区,monotone_stock_proxy,1.0,MAIN,,,14.0,0.7777777777777778,0.7777777777777778,4,B4,0.0,0.0,0.0,0.0,14.0,17.0,22.0,39,False,,,,True,
2012,延庆区,monotone_stock_proxy,1.0,MAIN,,,14.0,0.7777777777777778,0.7777777777777778,5,B5+,0.0,0.0,0.0,0.0,17.5,21.0,27.5,39,False,,,,True,
2013,延庆区,monotone_stock_proxy,1.0,MAIN,,,14.0,0.7777777777777778,0.7777777777777778,1,B1,0.817262,0.6356482222222223,0.7777777777777778,1.0,3.5,5.0,5.5,39,False,,,,True,
2013,延庆区,monotone_stock_proxy,1.0,MAIN,,,14.0,0.7777777777777778,0.7777777777777778,2,B2,0.162319,0.12624811111111112,0.14212955555555554,0.18273799999999998,7.0,9.0,11.0,39,False,,,,True,
2013,延庆区,monotone_stock_proxy,1.0,MAIN,,,14.0,0.7777777777777778,0.7777777777777778,3,B3,0.020419,0.015881444444444445,0.015881444444444445,0.020419,10.5,13.0,16.5,39,False,,,,True,
2013,延庆区,monotone_stock_proxy,1.0,MAIN,,,14.0,0.7777777777777778,0.7777777777777778,4,B4,0.0,0.0,0.0,0.0,14.0,17.0,22.0,39,False,,,,True,
2013,延庆区,monotone_stock_proxy,1.0,MAIN,,,14.0,0.7777777777777778,0.7777777777777778,5,B5+,0.0,0.0,0.0,0.0,17.5,21.0,27.5,39,False,,,,True,
2014,延庆区,monotone_stock_proxy,1.0,MAIN,,,14.0,0.7777777777777778,0.7777777777777778,1,B1,0.817262,0.6356482222222223,0.7777777777777778,1.0,3.5,5.0,5.5,39,False,,,,True,
2014,延庆区,monotone_stock_proxy,1.0,MAIN,,,14.0,0.7777777777777778,0.7777777777777778,2,B2,0.162319,0.12624811111111112,0.14212955555555554,0.18273799999999998,7.0,9.0,11.0,39,False,,,,True,
2014,延庆区,monotone_stock_proxy,1.0,MAIN,,,14.0,0.7777777777777778,0.7777777777777778,3,B3,0.020419,0.015881444444444445,0.015881444444444445,0.020419,10.5,13.0,16.5,39,False,,,,True,
2014,延庆区,monotone_stock_proxy,1.0,MAIN,,,14.0,0.7777777777777778,0.7777777777777778,4,B4,0.0,0.0,0.0,0.0,14.0,17.0,22.0,39,False,,,,True,
2014,延庆区,monotone_stock_proxy,1.0,MAIN,,,14.0,0.7777777777777778,0.7777777777777778,5,B5+,0.0,0.0,0.0,0.0,17.5,21.0,27.5,39,False,,,,True,
2015,延庆区,monotone_stock_proxy,1.0,MAIN,14.0,14.0,14.0,0.7777777777777778,0.7777777777777778,1,B1,0.817262,0.6356482222222223,0.7777777777777778,1.0,3.5,5.0,5.5,39,False,,,,False,
2015,延庆区,monotone_stock_proxy,1.0,MAIN,14.0,14.0,14.0,0.7777777777777778,0.7777777777777778,2,B2,0.162319,0.12624811111111112,0.14212955555555554,0.18273799999999998,7.0,9.0,11.0,39,False,,,,False,
2015,延庆区,monotone_stock_proxy,1.0,MAIN,14.0,14.0,14.0,0.7777777777777778,0.7777777777777778,3,B3,0.020419,0.015881444444444445,0.015881444444444445,0.020419,10.5,13.0,16.5,39,False,,,,False,
2015,延庆区,monotone_stock_proxy,1.0,MAIN,14.0,14.0,14.0,0.7777777777777778,0.7777777777777778,4,B4,0.0,0.0,0.0,0.0,14.0,17.0,22.0,39,False,,,,False,
2015,延庆区,monotone_stock_proxy,1.0,MAIN,14.0,14.0,14.0,0.7777777777777778,0.7777777777777778,5,B5+,0.0,0.0,0.0,0.0,17.5,21.0,27.5,39,False,,,,False,
2016,延庆区,monotone_stock_proxy,1.0,MAIN,,,14.8,0.8222222222222223,0.8222222222222222,1,B1,0.817262,0.6719709777777778,0.8222222222222222,1.0,3.5,5.0,5.5,39,False,,,,True,
2016,延庆区,monotone_stock_proxy,1.0,MAIN,,,14.8,0.8222222222222223,0.8222222222222222,2,B2,0.162319,0.13346228888888886,0.15025124444444443,0.18273799999999998,7.0,9.0,11.0,39,False,,,,True,
2016,延庆区,monotone_stock_proxy,1.0,MAIN,,,14.8,0.8222222222222223,0.8222222222222222,3,B3,0.020419,0.016788955555555554,0.016788955555555554,0.020419,10.5,13.0,16.5,39,False,,,,True,
2016,延庆区,monotone_stock_proxy,1.0,MAIN,,,14.8,0.8222222222222223,0.8222222222222222,4,B4,0.0,0.0,0.0,0.0,14.0,17.0,22.0,39,False,,,,True,
2016,延庆区,monotone_stock_proxy,1.0,MAIN,,,14.8,0.8222222222222223,0.8222222222222222,5,B5+,0.0,0.0,0.0,0.0,17.5,21.0,27.5,39,False,,,,True,
2017,延庆区,monotone_stock_proxy,1.0,MAIN,,,15.6,0.8666666666666667,0.8666666666666667,1,B1,0.817262,0.7082937333333333,0.8666666666666667,1.0,3.5,5.0,5.5,39,False,,,,True,
2017,延庆区,monotone_stock_proxy,1.0,MAIN,,,15.6,0.8666666666666667,0.8666666666666667,2,B2,0.162319,0.14067646666666667,0.15837293333333333,0.18273799999999998,7.0,9.0,11.0,39,False,,,,True,
2017,延庆区,monotone_stock_proxy,1.0,MAIN,,,15.6,0.8666666666666667,0.8666666666666667,3,B3,0.020419,0.017696466666666667,0.017696466666666667,0.020419,10.5,13.0,16.5,39,False,,,,True,
2017,延庆区,monotone_stock_proxy,1.0,MAIN,,,15.6,0.8666666666666667,0.8666666666666667,4,B4,0.0,0.0,0.0,0.0,14.0,17.0,22.0,39,False,,,,True,
2017,延庆区,monotone_stock_proxy,1.0,MAIN,,,15.6,0.8666666666666667,0.8666666666666667,5,B5+,0.0,0.0,0.0,0.0,17.5,21.0,27.5,39,False,,,,True,
2018,延庆区,monotone_stock_proxy,1.0,MAIN,,,16.4,0.911111111111111,0.9111111111111111,1,B1,0.817262,0.7446164888888889,0.9111111111111111,1.0,3.5,5.0,5.5,39,False,,,,True,
2018,延庆区,monotone_stock_proxy,1.0,MAIN,,,16.4,0.911111111111111,0.9111111111111111,2,B2,0.162319,0.14789064444444444,0.1664946222222222,0.18273799999999998,7.0,9.0,11.0,39,False,,,,True,
2018,延庆区,monotone_stock_proxy,1.0,MAIN,,,16.4,0.911111111111111,0.9111111111111111,3,B3,0.020419,0.018603977777777777,0.018603977777777777,0.020419,10.5,13.0,16.5,39,False,,,,True,
2018,延庆区,monotone_stock_proxy,1.0,MAIN,,,16.4,0.911111111111111,0.9111111111111111,4,B4,0.0,0.0,0.0,0.0,14.0,17.0,22.0,39,False,,,,True,
2018,延庆区,monotone_stock_proxy,1.0,MAIN,,,16.4,0.911111111111111,0.9111111111111111,5,B5+,0.0,0.0,0.0,0.0,17.5,21.0,27.5,39,False,,,,True,
2019,延庆区,monotone_stock_proxy,1.0,MAIN,,,17.2,0.9555555555555555,0.9555555555555556,1,B1,0.817262,0.7809392444444445,0.9555555555555556,1.0,3.5,5.0,5.5,39,False,,,,True,
2019,延庆区,monotone_stock_proxy,1.0,MAIN,,,17.2,0.9555555555555555,0.9555555555555556,2,B2,0.162319,0.15510482222222222,0.17461631111111112,0.18273799999999998,7.0,9.0,11.0,39,False,,,,True,
2019,延庆区,monotone_stock_proxy,1.0,MAIN,,,17.2,0.9555555555555555,0.9555555555555556,3,B3,0.020419,0.01951148888888889,0.01951148888888889,0.020419,10.5,13.0,16.5,39,False,,,,True,
2019,延庆区,monotone_stock_proxy,1.0,MAIN,,,17.2,0.9555555555555555,0.9555555555555556,4,B4,0.0,0.0,0.0,0.0,14.0,17.0,22.0,39,False,,,,True,
2019,延庆区,monotone_stock_proxy,1.0,MAIN,,,17.2,0.9555555555555555,0.9555555555555556,5,B5+,0.0,0.0,0.0,0.0,17.5,21.0,27.5,39,False,,,,True,
2020,延庆区,monotone_stock_proxy,1.0,MAIN,18.0,18.0,18.0,1.0,1.0,1,B1,0.817262,0.817262,1.0,1.0,3.5,5.0,5.5,39,False,,,,False,
2020,延庆区,monotone_stock_proxy,1.0,MAIN,18.0,18.0,18.0,1.0,1.0,2,B2,0.162319,0.162319,0.18273799999999998,0.18273799999999998,7.0,9.0,11.0,39,False,,,,False,
2020,延庆区,monotone_stock_proxy,1.0,MAIN,18.0,18.0,18.0,1.0,1.0,3,B3,0.020419,0.020419,0.020419,0.020419,10.5,13.0,16.5,39,False,,,,False,
2020,延庆区,monotone_stock_proxy,1.0,MAIN,18.0,18.0,18.0,1.0,1.0,4,B4,0.0,0.0,0.0,0.0,14.0,17.0,22.0,39,False,,,,False,
2020,延庆区,monotone_stock_proxy,1.0,MAIN,18.0,18.0,18.0,1.0,1.0,5,B5+,0.0,0.0,0.0,0.0,17.5,21.0,27.5,39,False,,,,False,
1980,怀柔区,monotone_stock_proxy,1.0,MAIN,5.0,5.0,5.0,0.23809523809523808,0.23809523809523808,1,B1,0.612742,0.14589095238095237,0.23809523809523808,1.0,3.5,5.0,5.5,93,False,,,,False,
1980,怀柔区,monotone_stock_proxy,1.0,MAIN,5.0,5.0,5.0,0.23809523809523808,0.23809523809523808,2,B2,0.35572,0.08469523809523809,0.09220428571428571,0.387258,7.0,9.0,11.0,93,False,,,,False,
1980,怀柔区,monotone_stock_proxy,1.0,MAIN,5.0,5.0,5.0,0.23809523809523808,0.23809523809523808,3,B3,0.031538,0.0075090476190476175,0.0075090476190476175,0.031538,10.5,13.0,16.5,93,False,,,,False,
1980,怀柔区,monotone_stock_proxy,1.0,MAIN,5.0,5.0,5.0,0.23809523809523808,0.23809523809523808,4,B4,0.0,0.0,0.0,0.0,14.0,17.0,22.0,93,False,,,,False,
1980,怀柔区,monotone_stock_proxy,1.0,MAIN,5.0,5.0,5.0,0.23809523809523808,0.23809523809523808,5,B5+,0.0,0.0,0.0,0.0,17.5,21.0,27.5,93,False,,,,False,
1981,怀柔区,monotone_stock_proxy,1.0,MAIN,,,5.0,0.23809523809523808,0.23809523809523808,1,B1,0.612742,0.14589095238095237,0.23809523809523808,1.0,3.5,5.0,5.5,93,False,,,,True,
1981,怀柔区,monotone_stock_proxy,1.0,MAIN,,,5.0,0.23809523809523808,0.23809523809523808,2,B2,0.35572,0.08469523809523809,0.09220428571428571,0.387258,7.0,9.0,11.0,93,False,,,,True,
1981,怀柔区,monotone_stock_proxy,1.0,MAIN,,,5.0,0.23809523809523808,0.23809523809523808,3,B3,0.031538,0.0075090476190476175,0.0075090476190476175,0.031538,10.5,13.0,16.5,93,False,,,,True,
1981,怀柔区,monotone_stock_proxy,1.0,MAIN,,,5.0,0.23809523809523808,0.23809523809523808,4,B4,0.0,0.0,0.0,0.0,14.0,17.0,22.0,93,False,,,,True,
1981,怀柔区,monotone_stock_proxy,1.0,MAIN,,,5.0,0.23809523809523808,0.23809523809523808,5,B5+,0.0,0.0,0.0,0.0,17.5,21.0,27.5,93,False,,,,True,
1982,怀柔区,monotone_stock_proxy,1.0,MAIN,,,5.0,0.23809523809523808,0.23809523809523808,1,B1,0.612742,0.14589095238095237,0.23809523809523808,1.0,3.5,5.0,5.5,93,False,,,,True,
1982,怀柔区,monotone_stock_proxy,1.0,MAIN,,,5.0,0.23809523809523808,0.23809523809523808,2,B2,0.35572,0.08469523809523809,0.09220428571428571,0.387258,7.0,9.0,11.0,93,False,,,,True,
1982,怀柔区,monotone_stock_proxy,1.0,MAIN,,,5.0,0.23809523809523808,0.23809523809523808,3,B3,0.031538,0.0075090476190476175,0.0075090476190476175,0.031538,10.5,13.0,16.5,93,False,,,,True,
1982,怀柔区,monotone_stock_proxy,1.0,MAIN,,,5.0,0.23809523809523808,0.23809523809523808,4,B4,0.0,0.0,0.0,0.0,14.0,17.0,22.0,93,False,,,,True,
1982,怀柔区,monotone_stock_proxy,1.0,MAIN,,,5.0,0.23809523809523808,0.23809523809523808,5,B5+,0.0,0.0,0.0,0.0,17.5,21.0,27.5,93,False,,,,True,
1983,怀柔区,monotone_stock_proxy,1.0,MAIN,,,5.0,0.23809523809523808,0.23809523809523808,1,B1,0.612742,0.14589095238095237,0.23809523809523808,1.0,3.5,5.0,5.5,93,False,,,,True,
1983,怀柔区,monotone_stock_proxy,1.0,MAIN,,,5.0,0.23809523809523808,0.23809523809523808,2,B2,0.35572,0.08469523809523809,0.09220428571428571,0.387258,7.0,9.0,11.0,93,False,,,,True,
1983,怀柔区,monotone_stock_proxy,1.0,MAIN,,,5.0,0.23809523809523808,0.23809523809523808,3,B3,0.031538,0.0075090476190476175,0.0075090476190476175,0.031538,10.5,13.0,16.5,93,False,,,,True,
1983,怀柔区,monotone_stock_proxy,1.0,MAIN,,,5.0,0.23809523809523808,0.23809523809523808,4,B4,0.0,0.0,0.0,0.0,14.0,17.0,22.0,93,False,,,,True,
1983,怀柔区,monotone_stock_proxy,1.0,MAIN,,,5.0,0.23809523809523808,0.23809523809523808,5,B5+,0.0,0.0,0.0,0.0,17.5,21.0,27.5,93,False,,,,True,
1984,怀柔区,monotone_stock_proxy,1.0,MAIN,,,5.0,0.23809523809523808,0.23809523809523808,1,B1,0.612742,0.14589095238095237,0.23809523809523808,1.0,3.5,5.0,5.5,93,False,,,,True,
1984,怀柔区,monotone_stock_proxy,1.0,MAIN,,,5.0,0.23809523809523808,0.23809523809523808,2,B2,0.35572,0.08469523809523809,0.09220428571428571,0.387258,7.0,9.0,11.0,93,False,,,,True,
1984,怀柔区,monotone_stock_proxy,1.0,MAIN,,,5.0,0.23809523809523808,0.23809523809523808,3,B3,0.031538,0.0075090476190476175,0.0075090476190476175,0.031538,10.5,13.0,16.5,93,False,,,,True,
1984,怀柔区,monotone_stock_proxy,1.0,MAIN,,,5.0,0.23809523809523808,0.23809523809523808,4,B4,0.0,0.0,0.0,0.0,14.0,17.0,22.0,93,False,,,,True,
1984,怀柔区,monotone_stock_proxy,1.0,MAIN,,,5.0,0.23809523809523808,0.23809523809523808,5,B5+,0.0,0.0,0.0,0.0,17.5,21.0,27.5,93,False,,,,True,
1985,怀柔区,monotone_stock_proxy,1.0,MAIN,,,5.0,0.23809523809523808,0.23809523809523808,1,B1,0.612742,0.14589095238095237,0.23809523809523808,1.0,3.5,5.0,5.5,93,False,,,,True,
1985,怀柔区,monotone_stock_proxy,1.0,MAIN,,,5.0,0.23809523809523808,0.23809523809523808,2,B2,0.35572,0.08469523809523809,0.09220428571428571,0.387258,7.0,9.0,11.0,93,False,,,,True,
1985,怀柔区,monotone_stock_proxy,1.0,MAIN,,,5.0,0.23809523809523808,0.23809523809523808,3,B3,0.031538,0.0075090476190476175,0.0075090476190476175,0.031538,10.5,13.0,16.5,93,False,,,,True,
1985,怀柔区,monotone_stock_proxy,1.0,MAIN,,,5.0,0.23809523809523808,0.23809523809523808,4,B4,0.0,0.0,0.0,0.0,14.0,17.0,22.0,93,False,,,,True,
1985,怀柔区,monotone_stock_proxy,1.0,MAIN,,,5.0,0.23809523809523808,0.23809523809523808,5,B5+,0.0,0.0,0.0,0.0,17.5,21.0,27.5,93,False,,,,True,
1986,怀柔区,monotone_stock_proxy,1.0,MAIN,,,5.0,0.23809523809523808,0.23809523809523808,1,B1,0.612742,0.14589095238095237,0.23809523809523808,1.0,3.5,5.0,5.5,93,False,,,,True,
1986,怀柔区,monotone_stock_proxy,1.0,MAIN,,,5.0,0.23809523809523808,0.23809523809523808,2,B2,0.35572,0.08469523809523809,0.09220428571428571,0.387258,7.0,9.0,11.0,93,False,,,,True,
1986,怀柔区,monotone_stock_proxy,1.0,MAIN,,,5.0,0.23809523809523808,0.23809523809523808,3,B3,0.031538,0.0075090476190476175,0.0075090476190476175,0.031538,10.5,13.0,16.5,93,False,,,,True,
1986,怀柔区,monotone_stock_proxy,1.0,MAIN,,,5.0,0.23809523809523808,0.23809523809523808,4,B4,0.0,0.0,0.0,0.0,14.0,17.0,22.0,93,False,,,,True,
1986,怀柔区,monotone_stock_proxy,1.0,MAIN,,,5.0,0.23809523809523808,0.23809523809523808,5,B5+,0.0,0.0,0.0,0.0,17.5,21.0,27.5,93,False,,,,True,
1987,怀柔区,monotone_stock_proxy,1.0,MAIN,,,5.0,0.23809523809523808,0.23809523809523808,1,B1,0.612742,0.14589095238095237,0.23809523809523808,1.0,3.5,5.0,5.5,93,False,,,,True,
1987,怀柔区,monotone_stock_proxy,1.0,MAIN,,,5.0,0.23809523809523808,0.23809523809523808,2,B2,0.35572,0.08469523809523809,0.09220428571428571,0.387258,7.0,9.0,11.0,93,False,,,,True,
1987,怀柔区,monotone_stock_proxy,1.0,MAIN,,,5.0,0.23809523809523808,0.23809523809523808,3,B3,0.031538,0.0075090476190476175,0.0075090476190476175,0.031538,10.5,13.0,16.5,93,False,,,,True,
1987,怀柔区,monotone_stock_proxy,1.0,MAIN,,,5.0,0.23809523809523808,0.23809523809523808,4,B4,0.0,0.0,0.0,0.0,14.0,17.0,22.0,93,False,,,,True,
1987,怀柔区,monotone_stock_proxy,1.0,MAIN,,,5.0,0.23809523809523808,0.23809523809523808,5,B5+,0.0,0.0,0.0,0.0,17.5,21.0,27.5,93,False,,,,True,
1988,怀柔区,monotone_stock_proxy,1.0,MAIN,,,5.0,0.23809523809523808,0.23809523809523808,1,B1,0.612742,0.14589095238095237,0.23809523809523808,1.0,3.5,5.0,5.5,93,False,,,,True,
1988,怀柔区,monotone_stock_proxy,1.0,MAIN,,,5.0,0.23809523809523808,0.23809523809523808,2,B2,0.35572,0.08469523809523809,0.09220428571428571,0.387258,7.0,9.0,11.0,93,False,,,,True,
1988,怀柔区,monotone_stock_proxy,1.0,MAIN,,,5.0,0.23809523809523808,0.23809523809523808,3,B3,0.031538,0.0075090476190476175,0.0075090476190476175,0.031538,10.5,13.0,16.5,93,False,,,,True,
1988,怀柔区,monotone_stock_proxy,1.0,MAIN,,,5.0,0.23809523809523808,0.23809523809523808,4,B4,0.0,0.0,0.0,0.0,14.0,17.0,22.0,93,False,,,,True,
1988,怀柔区,monotone_stock_proxy,1.0,MAIN,,,5.0,0.23809523809523808,0.23809523809523808,5,B5+,0.0,0.0,0.0,0.0,17.5,21.0,27.5,93,False,,,,True,
1989,怀柔区,monotone_stock_proxy,1.0,MAIN,,,5.0,0.23809523809523808,0.23809523809523808,1,B1,0.612742,0.14589095238095237,0.23809523809523808,1.0,3.5,5.0,5.5,93,False,,,,True,
1989,怀柔区,monotone_stock_proxy,1.0,MAIN,,,5.0,0.23809523809523808,0.23809523809523808,2,B2,0.35572,0.08469523809523809,0.09220428571428571,0.387258,7.0,9.0,11.0,93,False,,,,True,
1989,怀柔区,monotone_stock_proxy,1.0,MAIN,,,5.0,0.23809523809523808,0.23809523809523808,3,B3,0.031538,0.0075090476190476175,0.0075090476190476175,0.031538,10.5,13.0,16.5,93,False,,,,True,
1989,怀柔区,monotone_stock_proxy,1.0,MAIN,,,5.0,0.23809523809523808,0.23809523809523808,4,B4,0.0,0.0,0.0,0.0,14.0,17.0,22.0,93,False,,,,True,
1989,怀柔区,monotone_stock_proxy,1.0,MAIN,,,5.0,0.23809523809523808,0.23809523809523808,5,B5+,0.0,0.0,0.0,0.0,17.5,21.0,27.5,93,False,,,,True,
1990,怀柔区,monotone_stock_proxy,1.0,MAIN,2.0,5.0,5.0,0.23809523809523808,0.23809523809523808,1,B1,0.612742,0.14589095238095237,0.23809523809523808,1.0,3.5,5.0,5.5,93,False,,,,False,
1990,怀柔区,monotone_stock_proxy,1.0,MAIN,2.0,5.0,5.0,0.23809523809523808,0.23809523809523808,2,B2,0.35572,0.08469523809523809,0.09220428571428571,0.387258,7.0,9.0,11.0,93,False,,,,False,
1990,怀柔区,monotone_stock_proxy,1.0,MAIN,2.0,5.0,5.0,0.23809523809523808,0.23809523809523808,3,B3,0.031538,0.0075090476190476175,0.0075090476190476175,0.031538,10.5,13.0,16.5,93,False,,,,False,
1990,怀柔区,monotone_stock_proxy,1.0,MAIN,2.0,5.0,5.0,0.23809523809523808,0.23809523809523808,4,B4,0.0,0.0,0.0,0.0,14.0,17.0,22.0,93,False,,,,False,
1990,怀柔区,monotone_stock_proxy,1.0,MAIN,2.0,5.0,5.0,0.23809523809523808,0.23809523809523808,5,B5+,0.0,0.0,0.0,0.0,17.5,21.0,27.5,93,False,,,,False,
1991,怀柔区,monotone_stock_proxy,1.0,MAIN,,,6.0,0.2857142857142857,0.2857142857142857,1,B1,0.612742,0.17506914285714284,0.2857142857142857,1.0,3.5,5.0,5.5,93,False,,,,True,
1991,怀柔区,monotone_stock_proxy,1.0,MAIN,,,6.0,0.2857142857142857,0.2857142857142857,2,B2,0.35572,0.1016342857142857,0.11064514285714284,0.387258,7.0,9.0,11.0,93,False,,,,True,
1991,怀柔区,monotone_stock_proxy,1.0,MAIN,,,6.0,0.2857142857142857,0.2857142857142857,3,B3,0.031538,0.009010857142857142,0.009010857142857142,0.031538,10.5,13.0,16.5,93,False,,,,True,
1991,怀柔区,monotone_stock_proxy,1.0,MAIN,,,6.0,0.2857142857142857,0.2857142857142857,4,B4,0.0,0.0,0.0,0.0,14.0,17.0,22.0,93,False,,,,True,
1991,怀柔区,monotone_stock_proxy,1.0,MAIN,,,6.0,0.2857142857142857,0.2857142857142857,5,B5+,0.0,0.0,0.0,0.0,17.5,21.0,27.5,93,False,,,,True,
1992,怀柔区,monotone_stock_proxy,1.0,MAIN,,,7.0,0.3333333333333333,0.3333333333333333,1,B1,0.612742,0.20424733333333334,0.3333333333333333,1.0,3.5,5.0,5.5,93,False,,,,True,
1992,怀柔区,monotone_stock_proxy,1.0,MAIN,,,7.0,0.3333333333333333,0.3333333333333333,2,B2,0.35572,0.11857333333333332,0.12908599999999998,0.387258,7.0,9.0,11.0,93,False,,,,True,
1992,怀柔区,monotone_stock_proxy,1.0,MAIN,,,7.0,0.3333333333333333,0.3333333333333333,3,B3,0.031538,0.010512666666666665,0.010512666666666665,0.031538,10.5,13.0,16.5,93,False,,,,True,
1992,怀柔区,monotone_stock_proxy,1.0,MAIN,,,7.0,0.3333333333333333,0.3333333333333333,4,B4,0.0,0.0,0.0,0.0,14.0,17.0,22.0,93,False,,,,True,
1992,怀柔区,monotone_stock_proxy,1.0,MAIN,,,7.0,0.3333333333333333,0.3333333333333333,5,B5+,0.0,0.0,0.0,0.0,17.5,21.0,27.5,93,False,,,,True,
1993,怀柔区,monotone_stock_proxy,1.0,MAIN,,,8.0,0.38095238095238093,0.38095238095238093,1,B1,0.612742,0.2334255238095238,0.38095238095238093,1.0,3.5,5.0,5.5,93,False,,,,True,
1993,怀柔区,monotone_stock_proxy,1.0,MAIN,,,8.0,0.38095238095238093,0.38095238095238093,2,B2,0.35572,0.13551238095238094,0.14752685714285713,0.387258,7.0,9.0,11.0,93,False,,,,True,
1993,怀柔区,monotone_stock_proxy,1.0,MAIN,,,8.0,0.38095238095238093,0.38095238095238093,3,B3,0.031538,0.012014476190476188,0.012014476190476188,0.031538,10.5,13.0,16.5,93,False,,,,True,
1993,怀柔区,monotone_stock_proxy,1.0,MAIN,,,8.0,0.38095238095238093,0.38095238095238093,4,B4,0.0,0.0,0.0,0.0,14.0,17.0,22.0,93,False,,,,True,
1993,怀柔区,monotone_stock_proxy,1.0,MAIN,,,8.0,0.38095238095238093,0.38095238095238093,5,B5+,0.0,0.0,0.0,0.0,17.5,21.0,27.5,93,False,,,,True,
1994,怀柔区,monotone_stock_proxy,1.0,MAIN,,,9.0,0.42857142857142855,0.42857142857142855,1,B1,0.612742,0.2626037142857143,0.42857142857142855,1.0,3.5,5.0,5.5,93,False,,,,True,
1994,怀柔区,monotone_stock_proxy,1.0,MAIN,,,9.0,0.42857142857142855,0.42857142857142855,2,B2,0.35572,0.15245142857142854,0.16596771428571427,0.387258,7.0,9.0,11.0,93,False,,,,True,
1994,怀柔区,monotone_stock_proxy,1.0,MAIN,,,9.0,0.42857142857142855,0.42857142857142855,3,B3,0.031538,0.013516285714285712,0.013516285714285712,0.031538,10.5,13.0,16.5,93,False,,,,True,
1994,怀柔区,monotone_stock_proxy,1.0,MAIN,,,9.0,0.42857142857142855,0.42857142857142855,4,B4,0.0,0.0,0.0,0.0,14.0,17.0,22.0,93,False,,,,True,
1994,怀柔区,monotone_stock_proxy,1.0,MAIN,,,9.0,0.42857142857142855,0.42857142857142855,5,B5+,0.0,0.0,0.0,0.0,17.5,21.0,27.5,93,False,,,,True,
1995,怀柔区,monotone_stock_proxy,1.0,MAIN,10.0,10.0,10.0,0.47619047619047616,0.47619047619047616,1,B1,0.612742,0.29178190476190474,0.47619047619047616,1.0,3.5,5.0,5.5,93,False,,,,False,
1995,怀柔区,monotone_stock_proxy,1.0,MAIN,10.0,10.0,10.0,0.47619047619047616,0.47619047619047616,2,B2,0.35572,0.16939047619047617,0.18440857142857142,0.387258,7.0,9.0,11.0,93,False,,,,False,
1995,怀柔区,monotone_stock_proxy,1.0,MAIN,10.0,10.0,10.0,0.47619047619047616,0.47619047619047616,3,B3,0.031538,0.015018095238095235,0.015018095238095235,0.031538,10.5,13.0,16.5,93,False,,,,False,
1995,怀柔区,monotone_stock_proxy,1.0,MAIN,10.0,10.0,10.0,0.47619047619047616,0.47619047619047616,4,B4,0.0,0.0,0.0,0.0,14.0,17.0,22.0,93,False,,,,False,
1995,怀柔区,monotone_stock_proxy,1.0,MAIN,10.0,10.0,10.0,0.47619047619047616,0.47619047619047616,5,B5+,0.0,0.0,0.0,0.0,17.5,21.0,27.5,93,False,,,,False,
1996,怀柔区,monotone_stock_proxy,1.0,MAIN,,,10.4,0.49523809523809526,0.4952380952380952,1,B1,0.612742,0.30345318095238094,0.4952380952380952,1.0,3.5,5.0,5.5,93,False,,,,True,
1996,怀柔区,monotone_stock_proxy,1.0,MAIN,,,10.4,0.49523809523809526,0.4952380952380952,2,B2,0.35572,0.1761660952380952,0.19178491428571426,0.387258,7.0,9.0,11.0,93,False,,,,True,
1996,怀柔区,monotone_stock_proxy,1.0,MAIN,,,10.4,0.49523809523809526,0.4952380952380952,3,B3,0.031538,0.015618819047619045,0.015618819047619045,0.031538,10.5,13.0,16.5,93,False,,,,True,
1996,怀柔区,monotone_stock_proxy,1.0,MAIN,,,10.4,0.49523809523809526,0.4952380952380952,4,B4,0.0,0.0,0.0,0.0,14.0,17.0,22.0,93,False,,,,True,
1996,怀柔区,monotone_stock_proxy,1.0,MAIN,,,10.4,0.49523809523809526,0.4952380952380952,5,B5+,0.0,0.0,0.0,0.0,17.5,21.0,27.5,93,False,,,,True,
1997,怀柔区,monotone_stock_proxy,1.0,MAIN,,,10.8,0.5142857142857143,0.5142857142857142,1,B1,0.612742,0.31512445714285714,0.5142857142857142,1.0,3.5,5.0,5.5,93,False,,,,True,
1997,怀柔区,monotone_stock_proxy,1.0,MAIN,,,10.8,0.5142857142857143,0.5142857142857142,2,B2,0.35572,0.18294171428571426,0.19916125714285712,0.387258,7.0,9.0,11.0,93,False,,,,True,
1997,怀柔区,monotone_stock_proxy,1.0,MAIN,,,10.8,0.5142857142857143,0.5142857142857142,3,B3,0.031538,0.016219542857142853,0.016219542857142853,0.031538,10.5,13.0,16.5,93,False,,,,True,
1997,怀柔区,monotone_stock_proxy,1.0,MAIN,,,10.8,0.5142857142857143,0.5142857142857142,4,B4,0.0,0.0,0.0,0.0,14.0,17.0,22.0,93,False,,,,True,
1997,怀柔区,monotone_stock_proxy,1.0,MAIN,,,10.8,0.5142857142857143,0.5142857142857142,5,B5+,0.0,0.0,0.0,0.0,17.5,21.0,27.5,93,False,,,,True,
1998,怀柔区,monotone_stock_proxy,1.0,MAIN,,,11.2,0.5333333333333333,0.5333333333333333,1,B1,0.612742,0.32679573333333334,0.5333333333333333,1.0,3.5,5.0,5.5,93,False,,,,True,
1998,怀柔区,monotone_stock_proxy,1.0,MAIN,,,11.2,0.5333333333333333,0.5333333333333333,2,B2,0.35572,0.18971733333333332,0.2065376,0.387258,7.0,9.0,11.0,93,False,,,,True,
1998,怀柔区,monotone_stock_proxy,1.0,MAIN,,,11.2,0.5333333333333333,0.5333333333333333,3,B3,0.031538,0.016820266666666663,0.016820266666666663,0.031538,10.5,13.0,16.5,93,False,,,,True,
1998,怀柔区,monotone_stock_proxy,1.0,MAIN,,,11.2,0.5333333333333333,0.5333333333333333,4,B4,0.0,0.0,0.0,0.0,14.0,17.0,22.0,93,False,,,,True,
1998,怀柔区,monotone_stock_proxy,1.0,MAIN,,,11.2,0.5333333333333333,0.5333333333333333,5,B5+,0.0,0.0,0.0,0.0,17.5,21.0,27.5,93,False,,,,True,
1999,怀柔区,monotone_stock_proxy,1.0,MAIN,,,11.6,0.5523809523809524,0.5523809523809524,1,B1,0.612742,0.33846700952380954,0.5523809523809524,1.0,3.5,5.0,5.5,93,False,,,,True,
1999,怀柔区,monotone_stock_proxy,1.0,MAIN,,,11.6,0.5523809523809524,0.5523809523809524,2,B2,0.35572,0.19649295238095238,0.21391394285714285,0.387258,7.0,9.0,11.0,93,False,,,,True,
1999,怀柔区,monotone_stock_proxy,1.0,MAIN,,,11.6,0.5523809523809524,0.5523809523809524,3,B3,0.031538,0.017420990476190477,0.017420990476190477,0.031538,10.5,13.0,16.5,93,False,,,,True,
1999,怀柔区,monotone_stock_proxy,1.0,MAIN,,,11.6,0.5523809523809524,0.5523809523809524,4,B4,0.0,0.0,0.0,0.0,14.0,17.0,22.0,93,False,,,,True,
1999,怀柔区,monotone_stock_proxy,1.0,MAIN,,,11.6,0.5523809523809524,0.5523809523809524,5,B5+,0.0,0.0,0.0,0.0,17.5,21.0,27.5,93,False,,,,True,
2000,怀柔区,monotone_stock_proxy,1.0,MAIN,12.0,12.0,12.0,0.5714285714285714,0.5714285714285714,1,B1,0.612742,0.3501382857142857,0.5714285714285714,1.0,3.5,5.0,5.5,93,False,,,,False,
2000,怀柔区,monotone_stock_proxy,1.0,MAIN,12.0,12.0,12.0,0.5714285714285714,0.5714285714285714,2,B2,0.35572,0.2032685714285714,0.2212902857142857,0.387258,7.0,9.0,11.0,93,False,,,,False,
2000,怀柔区,monotone_stock_proxy,1.0,MAIN,12.0,12.0,12.0,0.5714285714285714,0.5714285714285714,3,B3,0.031538,0.018021714285714283,0.018021714285714283,0.031538,10.5,13.0,16.5,93,False,,,,False,
2000,怀柔区,monotone_stock_proxy,1.0,MAIN,12.0,12.0,12.0,0.5714285714285714,0.5714285714285714,4,B4,0.0,0.0,0.0,0.0,14.0,17.0,22.0,93,False,,,,False,
2000,怀柔区,monotone_stock_proxy,1.0,MAIN,12.0,12.0,12.0,0.5714285714285714,0.5714285714285714,5,B5+,0.0,0.0,0.0,0.0,17.5,21.0,27.5,93,False,,,,False,
2001,怀柔区,monotone_stock_proxy,1.0,MAIN,,,13.4,0.6380952380952382,0.638095238095238,1,B1,0.612742,0.39098775238095235,0.638095238095238,1.0,3.5,5.0,5.5,93,False,,,,True,
2001,怀柔区,monotone_stock_proxy,1.0,MAIN,,,13.4,0.6380952380952382,0.638095238095238,2,B2,0.35572,0.22698323809523807,0.2471074857142857,0.387258,7.0,9.0,11.0,93,False,,,,True,
2001,怀柔区,monotone_stock_proxy,1.0,MAIN,,,13.4,0.6380952380952382,0.638095238095238,3,B3,0.031538,0.020124247619047617,0.020124247619047617,0.031538,10.5,13.0,16.5,93,False,,,,True,
2001,怀柔区,monotone_stock_proxy,1.0,MAIN,,,13.4,0.6380952380952382,0.638095238095238,4,B4,0.0,0.0,0.0,0.0,14.0,17.0,22.0,93,False,,,,True,
2001,怀柔区,monotone_stock_proxy,1.0,MAIN,,,13.4,0.6380952380952382,0.638095238095238,5,B5+,0.0,0.0,0.0,0.0,17.5,21.0,27.5,93,False,,,,True,
2002,怀柔区,monotone_stock_proxy,1.0,MAIN,,,14.8,0.7047619047619048,0.7047619047619047,1,B1,0.612742,0.431837219047619,0.7047619047619047,1.0,3.5,5.0,5.5,93,False,,,,True,
2002,怀柔区,monotone_stock_proxy,1.0,MAIN,,,14.8,0.7047619047619048,0.7047619047619047,2,B2,0.35572,0.25069790476190473,0.2729246857142857,0.387258,7.0,9.0,11.0,93,False,,,,True,
2002,怀柔区,monotone_stock_proxy,1.0,MAIN,,,14.8,0.7047619047619048,0.7047619047619047,3,B3,0.031538,0.022226780952380946,0.022226780952380946,0.031538,10.5,13.0,16.5,93,False,,,,True,
2002,怀柔区,monotone_stock_proxy,1.0,MAIN,,,14.8,0.7047619047619048,0.7047619047619047,4,B4,0.0,0.0,0.0,0.0,14.0,17.0,22.0,93,False,,,,True,
2002,怀柔区,monotone_stock_proxy,1.0,MAIN,,,14.8,0.7047619047619048,0.7047619047619047,5,B5+,0.0,0.0,0.0,0.0,17.5,21.0,27.5,93,False,,,,True,
2003,怀柔区,monotone_stock_proxy,1.0,MAIN,,,16.2,0.7714285714285714,0.7714285714285714,1,B1,0.612742,0.4726866857142857,0.7714285714285714,1.0,3.5,5.0,5.5,93,False,,,,True,
2003,怀柔区,monotone_stock_proxy,1.0,MAIN,,,16.2,0.7714285714285714,0.7714285714285714,2,B2,0.35572,0.2744125714285714,0.29874188571428567,0.387258,7.0,9.0,11.0,93,False,,,,True,
2003,怀柔区,monotone_stock_proxy,1.0,MAIN,,,16.2,0.7714285714285714,0.7714285714285714,3,B3,0.031538,0.02432931428571428,0.02432931428571428,0.031538,10.5,13.0,16.5,93,False,,,,True,
2003,怀柔区,monotone_stock_proxy,1.0,MAIN,,,16.2,0.7714285714285714,0.7714285714285714,4,B4,0.0,0.0,0.0,0.0,14.0,17.0,22.0,93,False,,,,True,
2003,怀柔区,monotone_stock_proxy,1.0,MAIN,,,16.2,0.7714285714285714,0.7714285714285714,5,B5+,0.0,0.0,0.0,0.0,17.5,21.0,27.5,93,False,,,,True,
2004,怀柔区,monotone_stock_proxy,1.0,MAIN,,,17.6,0.8380952380952381,0.8380952380952381,1,B1,0.612742,0.5135361523809524,0.8380952380952381,1.0,3.5,5.0,5.5,93,False,,,,True,
2004,怀柔区,monotone_stock_proxy,1.0,MAIN,,,17.6,0.8380952380952381,0.8380952380952381,2,B2,0.35572,0.2981272380952381,0.3245590857142857,0.387258,7.0,9.0,11.0,93,False,,,,True,
2004,怀柔区,monotone_stock_proxy,1.0,MAIN,,,17.6,0.8380952380952381,0.8380952380952381,3,B3,0.031538,0.026431847619047617,0.026431847619047617,0.031538,10.5,13.0,16.5,93,False,,,,True,
2004,怀柔区,monotone_stock_proxy,1.0,MAIN,,,17.6,0.8380952380952381,0.8380952380952381,4,B4,0.0,0.0,0.0,0.0,14.0,17.0,22.0,93,False,,,,True,
2004,怀柔区,monotone_stock_proxy,1.0,MAIN,,,17.6,0.8380952380952381,0.8380952380952381,5,B5+,0.0,0.0,0.0,0.0,17.5,21.0,27.5,93,False,,,,True,
2005,怀柔区,monotone_stock_proxy,1.0,MAIN,19.0,19.0,19.0,0.9047619047619048,0.9047619047619048,1,B1,0.612742,0.5543856190476191,0.9047619047619048,1.0,3.5,5.0,5.5,93,False,,,,False,
2005,怀柔区,monotone_stock_proxy,1.0,MAIN,19.0,19.0,19.0,0.9047619047619048,0.9047619047619048,2,B2,0.35572,0.3218419047619048,0.3503762857142857,0.387258,7.0,9.0,11.0,93,False,,,,False,
2005,怀柔区,monotone_stock_proxy,1.0,MAIN,19.0,19.0,19.0,0.9047619047619048,0.9047619047619048,3,B3,0.031538,0.02853438095238095,0.02853438095238095,0.031538,10.5,13.0,16.5,93,False,,,,False,
2005,怀柔区,monotone_stock_proxy,1.0,MAIN,19.0,19.0,19.0,0.9047619047619048,0.9047619047619048,4,B4,0.0,0.0,0.0,0.0,14.0,17.0,22.0,93,False,,,,False,
2005,怀柔区,monotone_stock_proxy,1.0,MAIN,19.0,19.0,19.0,0.9047619047619048,0.9047619047619048,5,B5+,0.0,0.0,0.0,0.0,17.5,21.0,27.5,93,False,,,,False,
2006,怀柔区,monotone_stock_proxy,1.0,MAIN,,,19.2,0.9142857142857143,0.9142857142857143,1,B1,0.612742,0.5602212571428571,0.9142857142857143,1.0,3.5,5.0,5.5,93,False,,,,True,
2006,怀柔区,monotone_stock_proxy,1.0,MAIN,,,19.2,0.9142857142857143,0.9142857142857143,2,B2,0.35572,0.32522971428571423,0.3540644571428571,0.387258,7.0,9.0,11.0,93,False,,,,True,
2006,怀柔区,monotone_stock_proxy,1.0,MAIN,,,19.2,0.9142857142857143,0.9142857142857143,3,B3,0.031538,0.028834742857142853,0.028834742857142853,0.031538,10.5,13.0,16.5,93,False,,,,True,
2006,怀柔区,monotone_stock_proxy,1.0,MAIN,,,19.2,0.9142857142857143,0.9142857142857143,4,B4,0.0,0.0,0.0,0.0,14.0,17.0,22.0,93,False,,,,True,
2006,怀柔区,monotone_stock_proxy,1.0,MAIN,,,19.2,0.9142857142857143,0.9142857142857143,5,B5+,0.0,0.0,0.0,0.0,17.5,21.0,27.5,93,False,,,,True,
2007,怀柔区,monotone_stock_proxy,1.0,MAIN,,,19.4,0.9238095238095237,0.9238095238095237,1,B1,0.612742,0.5660568952380952,0.9238095238095237,1.0,3.5,5.0,5.5,93,False,,,,True,
2007,怀柔区,monotone_stock_proxy,1.0,MAIN,,,19.4,0.9238095238095237,0.9238095238095237,2,B2,0.35572,0.32861752380952375,0.35775262857142853,0.387258,7.0,9.0,11.0,93,False,,,,True,
2007,怀柔区,monotone_stock_proxy,1.0,MAIN,,,19.4,0.9238095238095237,0.9238095238095237,3,B3,0.031538,0.029135104761904757,0.029135104761904757,0.031538,10.5,13.0,16.5,93,False,,,,True,
2007,怀柔区,monotone_stock_proxy,1.0,MAIN,,,19.4,0.9238095238095237,0.9238095238095237,4,B4,0.0,0.0,0.0,0.0,14.0,17.0,22.0,93,False,,,,True,
2007,怀柔区,monotone_stock_proxy,1.0,MAIN,,,19.4,0.9238095238095237,0.9238095238095237,5,B5+,0.0,0.0,0.0,0.0,17.5,21.0,27.5,93,False,,,,True,
2008,怀柔区,monotone_stock_proxy,1.0,MAIN,,,19.6,0.9333333333333333,0.9333333333333333,1,B1,0.612742,0.5718925333333333,0.9333333333333333,1.0,3.5,5.0,5.5,93,False,,,,True,
2008,怀柔区,monotone_stock_proxy,1.0,MAIN,,,19.6,0.9333333333333333,0.9333333333333333,2,B2,0.35572,0.3320053333333333,0.3614408,0.387258,7.0,9.0,11.0,93,False,,,,True,
2008,怀柔区,monotone_stock_proxy,1.0,MAIN,,,19.6,0.9333333333333333,0.9333333333333333,3,B3,0.031538,0.029435466666666663,0.029435466666666663,0.031538,10.5,13.0,16.5,93,False,,,,True,
2008,怀柔区,monotone_stock_proxy,1.0,MAIN,,,19.6,0.9333333333333333,0.9333333333333333,4,B4,0.0,0.0,0.0,0.0,14.0,17.0,22.0,93,False,,,,True,
2008,怀柔区,monotone_stock_proxy,1.0,MAIN,,,19.6,0.9333333333333333,0.9333333333333333,5,B5+,0.0,0.0,0.0,0.0,17.5,21.0,27.5,93,False,,,,True,
2009,怀柔区,monotone_stock_proxy,1.0,MAIN,,,19.8,0.9428571428571428,0.9428571428571428,1,B1,0.612742,0.5777281714285715,0.9428571428571428,1.0,3.5,5.0,5.5,93,False,,,,True,
2009,怀柔区,monotone_stock_proxy,1.0,MAIN,,,19.8,0.9428571428571428,0.9428571428571428,2,B2,0.35572,0.33539314285714283,0.3651289714285714,0.387258,7.0,9.0,11.0,93,False,,,,True,
2009,怀柔区,monotone_stock_proxy,1.0,MAIN,,,19.8,0.9428571428571428,0.9428571428571428,3,B3,0.031538,0.029735828571428567,0.029735828571428567,0.031538,10.5,13.0,16.5,93,False,,,,True,
2009,怀柔区,monotone_stock_proxy,1.0,MAIN,,,19.8,0.9428571428571428,0.9428571428571428,4,B4,0.0,0.0,0.0,0.0,14.0,17.0,22.0,93,False,,,,True,
2009,怀柔区,monotone_stock_proxy,1.0,MAIN,,,19.8,0.9428571428571428,0.9428571428571428,5,B5+,0.0,0.0,0.0,0.0,17.5,21.0,27.5,93,False,,,,True,
2010,怀柔区,monotone_stock_proxy,1.0,MAIN,20.0,20.0,20.0,0.9523809523809523,0.9523809523809523,1,B1,0.612742,0.5835638095238095,0.9523809523809523,1.0,3.5,5.0,5.5,93,False,,,,False,
2010,怀柔区,monotone_stock_proxy,1.0,MAIN,20.0,20.0,20.0,0.9523809523809523,0.9523809523809523,2,B2,0.35572,0.33878095238095235,0.36881714285714284,0.387258,7.0,9.0,11.0,93,False,,,,False,
2010,怀柔区,monotone_stock_proxy,1.0,MAIN,20.0,20.0,20.0,0.9523809523809523,0.9523809523809523,3,B3,0.031538,0.03003619047619047,0.03003619047619047,0.031538,10.5,13.0,16.5,93,False,,,,False,
2010,怀柔区,monotone_stock_proxy,1.0,MAIN,20.0,20.0,20.0,0.9523809523809523,0.9523809523809523,4,B4,0.0,0.0,0.0,0.0,14.0,17.0,22.0,93,False,,,,False,
2010,怀柔区,monotone_stock_proxy,1.0,MAIN,20.0,20.0,20.0,0.9523809523809523,0.9523809523809523,5,B5+,0.0,0.0,0.0,0.0,17.5,21.0,27.5,93,False,,,,False,
2011,怀柔区,monotone_stock_proxy,1.0,MAIN,,,20.0,0.9523809523809523,0.9523809523809523,1,B1,0.612742,0.5835638095238095,0.9523809523809523,1.0,3.5,5.0,5.5,93,False,,,,True,
2011,怀柔区,monotone_stock_proxy,1.0,MAIN,,,20.0,0.9523809523809523,0.9523809523809523,2,B2,0.35572,0.33878095238095235,0.36881714285714284,0.387258,7.0,9.0,11.0,93,False,,,,True,
2011,怀柔区,monotone_stock_proxy,1.0,MAIN,,,20.0,0.9523809523809523,0.9523809523809523,3,B3,0.031538,0.03003619047619047,0.03003619047619047,0.031538,10.5,13.0,16.5,93,False,,,,True,
2011,怀柔区,monotone_stock_proxy,1.0,MAIN,,,20.0,0.9523809523809523,0.9523809523809523,4,B4,0.0,0.0,0.0,0.0,14.0,17.0,22.0,93,False,,,,True,
2011,怀柔区,monotone_stock_proxy,1.0,MAIN,,,20.0,0.9523809523809523,0.9523809523809523,5,B5+,0.0,0.0,0.0,0.0,17.5,21.0,27.5,93,False,,,,True,
2012,怀柔区,monotone_stock_proxy,1.0,MAIN,,,20.0,0.9523809523809523,0.9523809523809523,1,B1,0.612742,0.5835638095238095,0.9523809523809523,1.0,3.5,5.0,5.5,93,False,,,,True,
2012,怀柔区,monotone_stock_proxy,1.0,MAIN,,,20.0,0.9523809523809523,0.9523809523809523,2,B2,0.35572,0.33878095238095235,0.36881714285714284,0.387258,7.0,9.0,11.0,93,False,,,,True,
2012,怀柔区,monotone_stock_proxy,1.0,MAIN,,,20.0,0.9523809523809523,0.9523809523809523,3,B3,0.031538,0.03003619047619047,0.03003619047619047,0.031538,10.5,13.0,16.5,93,False,,,,True,
2012,怀柔区,monotone_stock_proxy,1.0,MAIN,,,20.0,0.9523809523809523,0.9523809523809523,4,B4,0.0,0.0,0.0,0.0,14.0,17.0,22.0,93,False,,,,True,
2012,怀柔区,monotone_stock_proxy,1.0,MAIN,,,20.0,0.9523809523809523,0.9523809523809523,5,B5+,0.0,0.0,0.0,0.0,17.5,21.0,27.5,93,False,,,,True,
2013,怀柔区,monotone_stock_proxy,1.0,MAIN,,,20.0,0.9523809523809523,0.9523809523809523,1,B1,0.612742,0.5835638095238095,0.9523809523809523,1.0,3.5,5.0,5.5,93,False,,,,True,
2013,怀柔区,monotone_stock_proxy,1.0,MAIN,,,20.0,0.9523809523809523,0.9523809523809523,2,B2,0.35572,0.33878095238095235,0.36881714285714284,0.387258,7.0,9.0,11.0,93,False,,,,True,
2013,怀柔区,monotone_stock_proxy,1.0,MAIN,,,20.0,0.9523809523809523,0.9523809523809523,3,B3,0.031538,0.03003619047619047,0.03003619047619047,0.031538,10.5,13.0,16.5,93,False,,,,True,
2013,怀柔区,monotone_stock_proxy,1.0,MAIN,,,20.0,0.9523809523809523,0.9523809523809523,4,B4,0.0,0.0,0.0,0.0,14.0,17.0,22.0,93,False,,,,True,
2013,怀柔区,monotone_stock_proxy,1.0,MAIN,,,20.0,0.9523809523809523,0.9523809523809523,5,B5+,0.0,0.0,0.0,0.0,17.5,21.0,27.5,93,False,,,,True,
2014,怀柔区,monotone_stock_proxy,1.0,MAIN,,,20.0,0.9523809523809523,0.9523809523809523,1,B1,0.612742,0.5835638095238095,0.9523809523809523,1.0,3.5,5.0,5.5,93,False,,,,True,
2014,怀柔区,monotone_stock_proxy,1.0,MAIN,,,20.0,0.9523809523809523,0.9523809523809523,2,B2,0.35572,0.33878095238095235,0.36881714285714284,0.387258,7.0,9.0,11.0,93,False,,,,True,
2014,怀柔区,monotone_stock_proxy,1.0,MAIN,,,20.0,0.9523809523809523,0.9523809523809523,3,B3,0.031538,0.03003619047619047,0.03003619047619047,0.031538,10.5,13.0,16.5,93,False,,,,True,
2014,怀柔区,monotone_stock_proxy,1.0,MAIN,,,20.0,0.9523809523809523,0.9523809523809523,4,B4,0.0,0.0,0.0,0.0,14.0,17.0,22.0,93,False,,,,True,
2014,怀柔区,monotone_stock_proxy,1.0,MAIN,,,20.0,0.9523809523809523,0.9523809523809523,5,B5+,0.0,0.0,0.0,0.0,17.5,21.0,27.5,93,False,,,,True,
2015,怀柔区,monotone_stock_proxy,1.0,MAIN,20.0,20.0,20.0,0.9523809523809523,0.9523809523809523,1,B1,0.612742,0.5835638095238095,0.9523809523809523,1.0,3.5,5.0,5.5,93,False,,,,False,
2015,怀柔区,monotone_stock_proxy,1.0,MAIN,20.0,20.0,20.0,0.9523809523809523,0.9523809523809523,2,B2,0.35572,0.33878095238095235,0.36881714285714284,0.387258,7.0,9.0,11.0,93,False,,,,False,
2015,怀柔区,monotone_stock_proxy,1.0,MAIN,20.0,20.0,20.0,0.9523809523809523,0.9523809523809523,3,B3,0.031538,0.03003619047619047,0.03003619047619047,0.031538,10.5,13.0,16.5,93,False,,,,False,
2015,怀柔区,monotone_stock_proxy,1.0,MAIN,20.0,20.0,20.0,0.9523809523809523,0.9523809523809523,4,B4,0.0,0.0,0.0,0.0,14.0,17.0,22.0,93,False,,,,False,
2015,怀柔区,monotone_stock_proxy,1.0,MAIN,20.0,20.0,20.0,0.9523809523809523,0.9523809523809523,5,B5+,0.0,0.0,0.0,0.0,17.5,21.0,27.5,93,False,,,,False,
2016,怀柔区,monotone_stock_proxy,1.0,MAIN,,,20.2,0.9619047619047618,0.9619047619047618,1,B1,0.612742,0.5893994476190476,0.9619047619047618,1.0,3.5,5.0,5.5,93,False,,,,True,
2016,怀柔区,monotone_stock_proxy,1.0,MAIN,,,20.2,0.9619047619047618,0.9619047619047618,2,B2,0.35572,0.34216876190476186,0.37250531428571426,0.387258,7.0,9.0,11.0,93,False,,,,True,
2016,怀柔区,monotone_stock_proxy,1.0,MAIN,,,20.2,0.9619047619047618,0.9619047619047618,3,B3,0.031538,0.030336552380952377,0.030336552380952377,0.031538,10.5,13.0,16.5,93,False,,,,True,
2016,怀柔区,monotone_stock_proxy,1.0,MAIN,,,20.2,0.9619047619047618,0.9619047619047618,4,B4,0.0,0.0,0.0,0.0,14.0,17.0,22.0,93,False,,,,True,
2016,怀柔区,monotone_stock_proxy,1.0,MAIN,,,20.2,0.9619047619047618,0.9619047619047618,5,B5+,0.0,0.0,0.0,0.0,17.5,21.0,27.5,93,False,,,,True,
2017,怀柔区,monotone_stock_proxy,1.0,MAIN,,,20.4,0.9714285714285713,0.9714285714285714,1,B1,0.612742,0.5952350857142857,0.9714285714285714,1.0,3.5,5.0,5.5,93,False,,,,True,
2017,怀柔区,monotone_stock_proxy,1.0,MAIN,,,20.4,0.9714285714285713,0.9714285714285714,2,B2,0.35572,0.3455565714285714,0.3761934857142857,0.387258,7.0,9.0,11.0,93,False,,,,True,
2017,怀柔区,monotone_stock_proxy,1.0,MAIN,,,20.4,0.9714285714285713,0.9714285714285714,3,B3,0.031538,0.030636914285714283,0.030636914285714283,0.031538,10.5,13.0,16.5,93,False,,,,True,
2017,怀柔区,monotone_stock_proxy,1.0,MAIN,,,20.4,0.9714285714285713,0.9714285714285714,4,B4,0.0,0.0,0.0,0.0,14.0,17.0,22.0,93,False,,,,True,
2017,怀柔区,monotone_stock_proxy,1.0,MAIN,,,20.4,0.9714285714285713,0.9714285714285714,5,B5+,0.0,0.0,0.0,0.0,17.5,21.0,27.5,93,False,,,,True,
2018,怀柔区,monotone_stock_proxy,1.0,MAIN,,,20.6,0.980952380952381,0.9809523809523809,1,B1,0.612742,0.6010707238095238,0.9809523809523809,1.0,3.5,5.0,5.5,93,False,,,,True,
2018,怀柔区,monotone_stock_proxy,1.0,MAIN,,,20.6,0.980952380952381,0.9809523809523809,2,B2,0.35572,0.3489443809523809,0.3798816571428571,0.387258,7.0,9.0,11.0,93,False,,,,True,
2018,怀柔区,monotone_stock_proxy,1.0,MAIN,,,20.6,0.980952380952381,0.9809523809523809,3,B3,0.031538,0.030937276190476187,0.030937276190476187,0.031538,10.5,13.0,16.5,93,False,,,,True,
2018,怀柔区,monotone_stock_proxy,1.0,MAIN,,,20.6,0.980952380952381,0.9809523809523809,4,B4,0.0,0.0,0.0,0.0,14.0,17.0,22.0,93,False,,,,True,
2018,怀柔区,monotone_stock_proxy,1.0,MAIN,,,20.6,0.980952380952381,0.9809523809523809,5,B5+,0.0,0.0,0.0,0.0,17.5,21.0,27.5,93,False,,,,True,
2019,怀柔区,monotone_stock_proxy,1.0,MAIN,,,20.8,0.9904761904761905,0.9904761904761905,1,B1,0.612742,0.6069063619047619,0.9904761904761905,1.0,3.5,5.0,5.5,93,False,,,,True,
2019,怀柔区,monotone_stock_proxy,1.0,MAIN,,,20.8,0.9904761904761905,0.9904761904761905,2,B2,0.35572,0.35233219047619047,0.3835698285714286,0.387258,7.0,9.0,11.0,93,False,,,,True,
2019,怀柔区,monotone_stock_proxy,1.0,MAIN,,,20.8,0.9904761904761905,0.9904761904761905,3,B3,0.031538,0.031237638095238093,0.031237638095238093,0.031538,10.5,13.0,16.5,93,False,,,,True,
2019,怀柔区,monotone_stock_proxy,1.0,MAIN,,,20.8,0.9904761904761905,0.9904761904761905,4,B4,0.0,0.0,0.0,0.0,14.0,17.0,22.0,93,False,,,,True,
2019,怀柔区,monotone_stock_proxy,1.0,MAIN,,,20.8,0.9904761904761905,0.9904761904761905,5,B5+,0.0,0.0,0.0,0.0,17.5,21.0,27.5,93,False,,,,True,
2020,怀柔区,monotone_stock_proxy,1.0,MAIN,21.0,21.0,21.0,1.0,1.0,1,B1,0.612742,0.612742,1.0,1.0,3.5,5.0,5.5,93,False,,,,False,
2020,怀柔区,monotone_stock_proxy,1.0,MAIN,21.0,21.0,21.0,1.0,1.0,2,B2,0.35572,0.35572,0.387258,0.387258,7.0,9.0,11.0,93,False,,,,False,
2020,怀柔区,monotone_stock_proxy,1.0,MAIN,21.0,21.0,21.0,1.0,1.0,3,B3,0.031538,0.031538,0.031538,0.031538,10.5,13.0,16.5,93,False,,,,False,
2020,怀柔区,monotone_stock_proxy,1.0,MAIN,21.0,21.0,21.0,1.0,1.0,4,B4,0.0,0.0,0.0,0.0,14.0,17.0,22.0,93,False,,,,False,
2020,怀柔区,monotone_stock_proxy,1.0,MAIN,21.0,21.0,21.0,1.0,1.0,5,B5+,0.0,0.0,0.0,0.0,17.5,21.0,27.5,93,False,,,,False,
1980,房山区,monotone_stock_proxy,1.0,MAIN,28.0,28.0,28.0,0.3684210526315789,0.3684210526315789,1,B1,0.508974,0.18751673684210526,0.3684210526315789,1.0,3.5,5.0,5.5,261,False,,,,False,
1980,房山区,monotone_stock_proxy,1.0,MAIN,28.0,28.0,28.0,0.3684210526315789,0.3684210526315789,2,B2,0.392446,0.14458536842105263,0.1809043157894737,0.491026,7.0,9.0,11.0,261,False,,,,False,
1980,房山区,monotone_stock_proxy,1.0,MAIN,28.0,28.0,28.0,0.3684210526315789,0.3684210526315789,3,B3,0.09858,0.03631894736842105,0.03631894736842105,0.09858,10.5,13.0,16.5,261,False,,,,False,
1980,房山区,monotone_stock_proxy,1.0,MAIN,28.0,28.0,28.0,0.3684210526315789,0.3684210526315789,4,B4,0.0,0.0,0.0,0.0,14.0,17.0,22.0,261,False,,,,False,
1980,房山区,monotone_stock_proxy,1.0,MAIN,28.0,28.0,28.0,0.3684210526315789,0.3684210526315789,5,B5+,0.0,0.0,0.0,0.0,17.5,21.0,27.5,261,False,,,,False,
1981,房山区,monotone_stock_proxy,1.0,MAIN,,,28.0,0.3684210526315789,0.3684210526315789,1,B1,0.508974,0.18751673684210526,0.3684210526315789,1.0,3.5,5.0,5.5,261,False,,,,True,
1981,房山区,monotone_stock_proxy,1.0,MAIN,,,28.0,0.3684210526315789,0.3684210526315789,2,B2,0.392446,0.14458536842105263,0.1809043157894737,0.491026,7.0,9.0,11.0,261,False,,,,True,
1981,房山区,monotone_stock_proxy,1.0,MAIN,,,28.0,0.3684210526315789,0.3684210526315789,3,B3,0.09858,0.03631894736842105,0.03631894736842105,0.09858,10.5,13.0,16.5,261,False,,,,True,
1981,房山区,monotone_stock_proxy,1.0,MAIN,,,28.0,0.3684210526315789,0.3684210526315789,4,B4,0.0,0.0,0.0,0.0,14.0,17.0,22.0,261,False,,,,True,
1981,房山区,monotone_stock_proxy,1.0,MAIN,,,28.0,0.3684210526315789,0.3684210526315789,5,B5+,0.0,0.0,0.0,0.0,17.5,21.0,27.5,261,False,,,,True,
1982,房山区,monotone_stock_proxy,1.0,MAIN,,,28.0,0.3684210526315789,0.3684210526315789,1,B1,0.508974,0.18751673684210526,0.3684210526315789,1.0,3.5,5.0,5.5,261,False,,,,True,
1982,房山区,monotone_stock_proxy,1.0,MAIN,,,28.0,0.3684210526315789,0.3684210526315789,2,B2,0.392446,0.14458536842105263,0.1809043157894737,0.491026,7.0,9.0,11.0,261,False,,,,True,
1982,房山区,monotone_stock_proxy,1.0,MAIN,,,28.0,0.3684210526315789,0.3684210526315789,3,B3,0.09858,0.03631894736842105,0.03631894736842105,0.09858,10.5,13.0,16.5,261,False,,,,True,
1982,房山区,monotone_stock_proxy,1.0,MAIN,,,28.0,0.3684210526315789,0.3684210526315789,4,B4,0.0,0.0,0.0,0.0,14.0,17.0,22.0,261,False,,,,True,
1982,房山区,monotone_stock_proxy,1.0,MAIN,,,28.0,0.3684210526315789,0.3684210526315789,5,B5+,0.0,0.0,0.0,0.0,17.5,21.0,27.5,261,False,,,,True,
1983,房山区,monotone_stock_proxy,1.0,MAIN,,,28.0,0.3684210526315789,0.3684210526315789,1,B1,0.508974,0.18751673684210526,0.3684210526315789,1.0,3.5,5.0,5.5,261,False,,,,True,
1983,房山区,monotone_stock_proxy,1.0,MAIN,,,28.0,0.3684210526315789,0.3684210526315789,2,B2,0.392446,0.14458536842105263,0.1809043157894737,0.491026,7.0,9.0,11.0,261,False,,,,True,
1983,房山区,monotone_stock_proxy,1.0,MAIN,,,28.0,0.3684210526315789,0.3684210526315789,3,B3,0.09858,0.03631894736842105,0.03631894736842105,0.09858,10.5,13.0,16.5,261,False,,,,True,
1983,房山区,monotone_stock_proxy,1.0,MAIN,,,28.0,0.3684210526315789,0.3684210526315789,4,B4,0.0,0.0,0.0,0.0,14.0,17.0,22.0,261,False,,,,True,
1983,房山区,monotone_stock_proxy,1.0,MAIN,,,28.0,0.3684210526315789,0.3684210526315789,5,B5+,0.0,0.0,0.0,0.0,17.5,21.0,27.5,261,False,,,,True,
1984,房山区,monotone_stock_proxy,1.0,MAIN,,,28.0,0.3684210526315789,0.3684210526315789,1,B1,0.508974,0.18751673684210526,0.3684210526315789,1.0,3.5,5.0,5.5,261,False,,,,True,
1984,房山区,monotone_stock_proxy,1.0,MAIN,,,28.0,0.3684210526315789,0.3684210526315789,2,B2,0.392446,0.14458536842105263,0.1809043157894737,0.491026,7.0,9.0,11.0,261,False,,,,True,
1984,房山区,monotone_stock_proxy,1.0,MAIN,,,28.0,0.3684210526315789,0.3684210526315789,3,B3,0.09858,0.03631894736842105,0.03631894736842105,0.09858,10.5,13.0,16.5,261,False,,,,True,
1984,房山区,monotone_stock_proxy,1.0,MAIN,,,28.0,0.3684210526315789,0.3684210526315789,4,B4,0.0,0.0,0.0,0.0,14.0,17.0,22.0,261,False,,,,True,
1984,房山区,monotone_stock_proxy,1.0,MAIN,,,28.0,0.3684210526315789,0.3684210526315789,5,B5+,0.0,0.0,0.0,0.0,17.5,21.0,27.5,261,False,,,,True,
1985,房山区,monotone_stock_proxy,1.0,MAIN,,,28.0,0.3684210526315789,0.3684210526315789,1,B1,0.508974,0.18751673684210526,0.3684210526315789,1.0,3.5,5.0,5.5,261,False,,,,True,
1985,房山区,monotone_stock_proxy,1.0,MAIN,,,28.0,0.3684210526315789,0.3684210526315789,2,B2,0.392446,0.14458536842105263,0.1809043157894737,0.491026,7.0,9.0,11.0,261,False,,,,True,
1985,房山区,monotone_stock_proxy,1.0,MAIN,,,28.0,0.3684210526315789,0.3684210526315789,3,B3,0.09858,0.03631894736842105,0.03631894736842105,0.09858,10.5,13.0,16.5,261,False,,,,True,
1985,房山区,monotone_stock_proxy,1.0,MAIN,,,28.0,0.3684210526315789,0.3684210526315789,4,B4,0.0,0.0,0.0,0.0,14.0,17.0,22.0,261,False,,,,True,
1985,房山区,monotone_stock_proxy,1.0,MAIN,,,28.0,0.3684210526315789,0.3684210526315789,5,B5+,0.0,0.0,0.0,0.0,17.5,21.0,27.5,261,False,,,,True,
1986,房山区,monotone_stock_proxy,1.0,MAIN,,,28.0,0.3684210526315789,0.3684210526315789,1,B1,0.508974,0.18751673684210526,0.3684210526315789,1.0,3.5,5.0,5.5,261,False,,,,True,
1986,房山区,monotone_stock_proxy,1.0,MAIN,,,28.0,0.3684210526315789,0.3684210526315789,2,B2,0.392446,0.14458536842105263,0.1809043157894737,0.491026,7.0,9.0,11.0,261,False,,,,True,
1986,房山区,monotone_stock_proxy,1.0,MAIN,,,28.0,0.3684210526315789,0.3684210526315789,3,B3,0.09858,0.03631894736842105,0.03631894736842105,0.09858,10.5,13.0,16.5,261,False,,,,True,
1986,房山区,monotone_stock_proxy,1.0,MAIN,,,28.0,0.3684210526315789,0.3684210526315789,4,B4,0.0,0.0,0.0,0.0,14.0,17.0,22.0,261,False,,,,True,
1986,房山区,monotone_stock_proxy,1.0,MAIN,,,28.0,0.3684210526315789,0.3684210526315789,5,B5+,0.0,0.0,0.0,0.0,17.5,21.0,27.5,261,False,,,,True,
1987,房山区,monotone_stock_proxy,1.0,MAIN,,,28.0,0.3684210526315789,0.3684210526315789,1,B1,0.508974,0.18751673684210526,0.3684210526315789,1.0,3.5,5.0,5.5,261,False,,,,True,
1987,房山区,monotone_stock_proxy,1.0,MAIN,,,28.0,0.3684210526315789,0.3684210526315789,2,B2,0.392446,0.14458536842105263,0.1809043157894737,0.491026,7.0,9.0,11.0,261,False,,,,True,
1987,房山区,monotone_stock_proxy,1.0,MAIN,,,28.0,0.3684210526315789,0.3684210526315789,3,B3,0.09858,0.03631894736842105,0.03631894736842105,0.09858,10.5,13.0,16.5,261,False,,,,True,
1987,房山区,monotone_stock_proxy,1.0,MAIN,,,28.0,0.3684210526315789,0.3684210526315789,4,B4,0.0,0.0,0.0,0.0,14.0,17.0,22.0,261,False,,,,True,
1987,房山区,monotone_stock_proxy,1.0,MAIN,,,28.0,0.3684210526315789,0.3684210526315789,5,B5+,0.0,0.0,0.0,0.0,17.5,21.0,27.5,261,False,,,,True,
1988,房山区,monotone_stock_proxy,1.0,MAIN,,,28.0,0.3684210526315789,0.3684210526315789,1,B1,0.508974,0.18751673684210526,0.3684210526315789,1.0,3.5,5.0,5.5,261,False,,,,True,
1988,房山区,monotone_stock_proxy,1.0,MAIN,,,28.0,0.3684210526315789,0.3684210526315789,2,B2,0.392446,0.14458536842105263,0.1809043157894737,0.491026,7.0,9.0,11.0,261,False,,,,True,
1988,房山区,monotone_stock_proxy,1.0,MAIN,,,28.0,0.3684210526315789,0.3684210526315789,3,B3,0.09858,0.03631894736842105,0.03631894736842105,0.09858,10.5,13.0,16.5,261,False,,,,True,
1988,房山区,monotone_stock_proxy,1.0,MAIN,,,28.0,0.3684210526315789,0.3684210526315789,4,B4,0.0,0.0,0.0,0.0,14.0,17.0,22.0,261,False,,,,True,
1988,房山区,monotone_stock_proxy,1.0,MAIN,,,28.0,0.3684210526315789,0.3684210526315789,5,B5+,0.0,0.0,0.0,0.0,17.5,21.0,27.5,261,False,,,,True,
1989,房山区,monotone_stock_proxy,1.0,MAIN,,,28.0,0.3684210526315789,0.3684210526315789,1,B1,0.508974,0.18751673684210526,0.3684210526315789,1.0,3.5,5.0,5.5,261,False,,,,True,
1989,房山区,monotone_stock_proxy,1.0,MAIN,,,28.0,0.3684210526315789,0.3684210526315789,2,B2,0.392446,0.14458536842105263,0.1809043157894737,0.491026,7.0,9.0,11.0,261,False,,,,True,
1989,房山区,monotone_stock_proxy,1.0,MAIN,,,28.0,0.3684210526315789,0.3684210526315789,3,B3,0.09858,0.03631894736842105,0.03631894736842105,0.09858,10.5,13.0,16.5,261,False,,,,True,
1989,房山区,monotone_stock_proxy,1.0,MAIN,,,28.0,0.3684210526315789,0.3684210526315789,4,B4,0.0,0.0,0.0,0.0,14.0,17.0,22.0,261,False,,,,True,
1989,房山区,monotone_stock_proxy,1.0,MAIN,,,28.0,0.3684210526315789,0.3684210526315789,5,B5+,0.0,0.0,0.0,0.0,17.5,21.0,27.5,261,False,,,,True,
1990,房山区,monotone_stock_proxy,1.0,MAIN,23.0,28.0,28.0,0.3684210526315789,0.3684210526315789,1,B1,0.508974,0.18751673684210526,0.3684210526315789,1.0,3.5,5.0,5.5,261,False,,,,False,
1990,房山区,monotone_stock_proxy,1.0,MAIN,23.0,28.0,28.0,0.3684210526315789,0.3684210526315789,2,B2,0.392446,0.14458536842105263,0.1809043157894737,0.491026,7.0,9.0,11.0,261,False,,,,False,
1990,房山区,monotone_stock_proxy,1.0,MAIN,23.0,28.0,28.0,0.3684210526315789,0.3684210526315789,3,B3,0.09858,0.03631894736842105,0.03631894736842105,0.09858,10.5,13.0,16.5,261,False,,,,False,
1990,房山区,monotone_stock_proxy,1.0,MAIN,23.0,28.0,28.0,0.3684210526315789,0.3684210526315789,4,B4,0.0,0.0,0.0,0.0,14.0,17.0,22.0,261,False,,,,False,
1990,房山区,monotone_stock_proxy,1.0,MAIN,23.0,28.0,28.0,0.3684210526315789,0.3684210526315789,5,B5+,0.0,0.0,0.0,0.0,17.5,21.0,27.5,261,False,,,,False,
1991,房山区,monotone_stock_proxy,1.0,MAIN,,,33.0,0.4342105263157895,0.43421052631578944,1,B1,0.508974,0.22100186842105263,0.43421052631578944,1.0,3.5,5.0,5.5,261,False,,,,True,
1991,房山区,monotone_stock_proxy,1.0,MAIN,,,33.0,0.4342105263157895,0.43421052631578944,2,B2,0.392446,0.1704041842105263,0.21320865789473684,0.491026,7.0,9.0,11.0,261,False,,,,True,
1991,房山区,monotone_stock_proxy,1.0,MAIN,,,33.0,0.4342105263157895,0.43421052631578944,3,B3,0.09858,0.042804473684210524,0.042804473684210524,0.09858,10.5,13.0,16.5,261,False,,,,True,
1991,房山区,monotone_stock_proxy,1.0,MAIN,,,33.0,0.4342105263157895,0.43421052631578944,4,B4,0.0,0.0,0.0,0.0,14.0,17.0,22.0,261,False,,,,True,
1991,房山区,monotone_stock_proxy,1.0,MAIN,,,33.0,0.4342105263157895,0.43421052631578944,5,B5+,0.0,0.0,0.0,0.0,17.5,21.0,27.5,261,False,,,,True,
1992,房山区,monotone_stock_proxy,1.0,MAIN,,,38.0,0.5,0.5,1,B1,0.508974,0.254487,0.5,1.0,3.5,5.0,5.5,261,False,,,,True,
1992,房山区,monotone_stock_proxy,1.0,MAIN,,,38.0,0.5,0.5,2,B2,0.392446,0.196223,0.245513,0.491026,7.0,9.0,11.0,261,False,,,,True,
1992,房山区,monotone_stock_proxy,1.0,MAIN,,,38.0,0.5,0.5,3,B3,0.09858,0.04929,0.04929,0.09858,10.5,13.0,16.5,261,False,,,,True,
1992,房山区,monotone_stock_proxy,1.0,MAIN,,,38.0,0.5,0.5,4,B4,0.0,0.0,0.0,0.0,14.0,17.0,22.0,261,False,,,,True,
1992,房山区,monotone_stock_proxy,1.0,MAIN,,,38.0,0.5,0.5,5,B5+,0.0,0.0,0.0,0.0,17.5,21.0,27.5,261,False,,,,True,
1993,房山区,monotone_stock_proxy,1.0,MAIN,,,43.0,0.5657894736842105,0.5657894736842105,1,B1,0.508974,0.28797213157894735,0.5657894736842105,1.0,3.5,5.0,5.5,261,False,,,,True,
1993,房山区,monotone_stock_proxy,1.0,MAIN,,,43.0,0.5657894736842105,0.5657894736842105,2,B2,0.392446,0.22204181578947368,0.27781734210526315,0.491026,7.0,9.0,11.0,261,False,,,,True,
1993,房山区,monotone_stock_proxy,1.0,MAIN,,,43.0,0.5657894736842105,0.5657894736842105,3,B3,0.09858,0.05577552631578947,0.05577552631578947,0.09858,10.5,13.0,16.5,261,False,,,,True,
1993,房山区,monotone_stock_proxy,1.0,MAIN,,,43.0,0.5657894736842105,0.5657894736842105,4,B4,0.0,0.0,0.0,0.0,14.0,17.0,22.0,261,False,,,,True,
1993,房山区,monotone_stock_proxy,1.0,MAIN,,,43.0,0.5657894736842105,0.5657894736842105,5,B5+,0.0,0.0,0.0,0.0,17.5,21.0,27.5,261,False,,,,True,
1994,房山区,monotone_stock_proxy,1.0,MAIN,,,48.0,0.631578947368421,0.631578947368421,1,B1,0.508974,0.32145726315789475,0.631578947368421,1.0,3.5,5.0,5.5,261,False,,,,True,
1994,房山区,monotone_stock_proxy,1.0,MAIN,,,48.0,0.631578947368421,0.631578947368421,2,B2,0.392446,0.24786063157894736,0.3101216842105263,0.491026,7.0,9.0,11.0,261,False,,,,True,
1994,房山区,monotone_stock_proxy,1.0,MAIN,,,48.0,0.631578947368421,0.631578947368421,3,B3,0.09858,0.062261052631578946,0.062261052631578946,0.09858,10.5,13.0,16.5,261,False,,,,True,
1994,房山区,monotone_stock_proxy,1.0,MAIN,,,48.0,0.631578947368421,0.631578947368421,4,B4,0.0,0.0,0.0,0.0,14.0,17.0,22.0,261,False,,,,True,
1994,房山区,monotone_stock_proxy,1.0,MAIN,,,48.0,0.631578947368421,0.631578947368421,5,B5+,0.0,0.0,0.0,0.0,17.5,21.0,27.5,261,False,,,,True,
1995,房山区,monotone_stock_proxy,1.0,MAIN,53.0,53.0,53.0,0.6973684210526315,0.6973684210526315,1,B1,0.508974,0.3549423947368421,0.6973684210526315,1.0,3.5,5.0,5.5,261,False,,,,False,
1995,房山区,monotone_stock_proxy,1.0,MAIN,53.0,53.0,53.0,0.6973684210526315,0.6973684210526315,2,B2,0.392446,0.27367944736842104,0.34242602631578944,0.491026,7.0,9.0,11.0,261,False,,,,False,
1995,房山区,monotone_stock_proxy,1.0,MAIN,53.0,53.0,53.0,0.6973684210526315,0.6973684210526315,3,B3,0.09858,0.06874657894736842,0.06874657894736842,0.09858,10.5,13.0,16.5,261,False,,,,False,
1995,房山区,monotone_stock_proxy,1.0,MAIN,53.0,53.0,53.0,0.6973684210526315,0.6973684210526315,4,B4,0.0,0.0,0.0,0.0,14.0,17.0,22.0,261,False,,,,False,
1995,房山区,monotone_stock_proxy,1.0,MAIN,53.0,53.0,53.0,0.6973684210526315,0.6973684210526315,5,B5+,0.0,0.0,0.0,0.0,17.5,21.0,27.5,261,False,,,,False,
1996,房山区,monotone_stock_proxy,1.0,MAIN,,,53.0,0.6973684210526315,0.6973684210526315,1,B1,0.508974,0.3549423947368421,0.6973684210526315,1.0,3.5,5.0,5.5,261,False,,,,True,
1996,房山区,monotone_stock_proxy,1.0,MAIN,,,53.0,0.6973684210526315,0.6973684210526315,2,B2,0.392446,0.27367944736842104,0.34242602631578944,0.491026,7.0,9.0,11.0,261,False,,,,True,
1996,房山区,monotone_stock_proxy,1.0,MAIN,,,53.0,0.6973684210526315,0.6973684210526315,3,B3,0.09858,0.06874657894736842,0.06874657894736842,0.09858,10.5,13.0,16.5,261,False,,,,True,
1996,房山区,monotone_stock_proxy,1.0,MAIN,,,53.0,0.6973684210526315,0.6973684210526315,4,B4,0.0,0.0,0.0,0.0,14.0,17.0,22.0,261,False,,,,True,
1996,房山区,monotone_stock_proxy,1.0,MAIN,,,53.0,0.6973684210526315,0.6973684210526315,5,B5+,0.0,0.0,0.0,0.0,17.5,21.0,27.5,261,False,,,,True,
1997,房山区,monotone_stock_proxy,1.0,MAIN,,,53.0,0.6973684210526315,0.6973684210526315,1,B1,0.508974,0.3549423947368421,0.6973684210526315,1.0,3.5,5.0,5.5,261,False,,,,True,
1997,房山区,monotone_stock_proxy,1.0,MAIN,,,53.0,0.6973684210526315,0.6973684210526315,2,B2,0.392446,0.27367944736842104,0.34242602631578944,0.491026,7.0,9.0,11.0,261,False,,,,True,
1997,房山区,monotone_stock_proxy,1.0,MAIN,,,53.0,0.6973684210526315,0.6973684210526315,3,B3,0.09858,0.06874657894736842,0.06874657894736842,0.09858,10.5,13.0,16.5,261,False,,,,True,
1997,房山区,monotone_stock_proxy,1.0,MAIN,,,53.0,0.6973684210526315,0.6973684210526315,4,B4,0.0,0.0,0.0,0.0,14.0,17.0,22.0,261,False,,,,True,
1997,房山区,monotone_stock_proxy,1.0,MAIN,,,53.0,0.6973684210526315,0.6973684210526315,5,B5+,0.0,0.0,0.0,0.0,17.5,21.0,27.5,261,False,,,,True,
1998,房山区,monotone_stock_proxy,1.0,MAIN,,,53.0,0.6973684210526315,0.6973684210526315,1,B1,0.508974,0.3549423947368421,0.6973684210526315,1.0,3.5,5.0,5.5,261,False,,,,True,
1998,房山区,monotone_stock_proxy,1.0,MAIN,,,53.0,0.6973684210526315,0.6973684210526315,2,B2,0.392446,0.27367944736842104,0.34242602631578944,0.491026,7.0,9.0,11.0,261,False,,,,True,
1998,房山区,monotone_stock_proxy,1.0,MAIN,,,53.0,0.6973684210526315,0.6973684210526315,3,B3,0.09858,0.06874657894736842,0.06874657894736842,0.09858,10.5,13.0,16.5,261,False,,,,True,
1998,房山区,monotone_stock_proxy,1.0,MAIN,,,53.0,0.6973684210526315,0.6973684210526315,4,B4,0.0,0.0,0.0,0.0,14.0,17.0,22.0,261,False,,,,True,
1998,房山区,monotone_stock_proxy,1.0,MAIN,,,53.0,0.6973684210526315,0.6973684210526315,5,B5+,0.0,0.0,0.0,0.0,17.5,21.0,27.5,261,False,,,,True,
1999,房山区,monotone_stock_proxy,1.0,MAIN,,,53.0,0.6973684210526315,0.6973684210526315,1,B1,0.508974,0.3549423947368421,0.6973684210526315,1.0,3.5,5.0,5.5,261,False,,,,True,
1999,房山区,monotone_stock_proxy,1.0,MAIN,,,53.0,0.6973684210526315,0.6973684210526315,2,B2,0.392446,0.27367944736842104,0.34242602631578944,0.491026,7.0,9.0,11.0,261,False,,,,True,
1999,房山区,monotone_stock_proxy,1.0,MAIN,,,53.0,0.6973684210526315,0.6973684210526315,3,B3,0.09858,0.06874657894736842,0.06874657894736842,0.09858,10.5,13.0,16.5,261,False,,,,True,
1999,房山区,monotone_stock_proxy,1.0,MAIN,,,53.0,0.6973684210526315,0.6973684210526315,4,B4,0.0,0.0,0.0,0.0,14.0,17.0,22.0,261,False,,,,True,
1999,房山区,monotone_stock_proxy,1.0,MAIN,,,53.0,0.6973684210526315,0.6973684210526315,5,B5+,0.0,0.0,0.0,0.0,17.5,21.0,27.5,261,False,,,,True,
2000,房山区,monotone_stock_proxy,1.0,MAIN,49.0,53.0,53.0,0.6973684210526315,0.6973684210526315,1,B1,0.508974,0.3549423947368421,0.6973684210526315,1.0,3.5,5.0,5.5,261,False,,,,False,
2000,房山区,monotone_stock_proxy,1.0,MAIN,49.0,53.0,53.0,0.6973684210526315,0.6973684210526315,2,B2,0.392446,0.27367944736842104,0.34242602631578944,0.491026,7.0,9.0,11.0,261,False,,,,False,
2000,房山区,monotone_stock_proxy,1.0,MAIN,49.0,53.0,53.0,0.6973684210526315,0.6973684210526315,3,B3,0.09858,0.06874657894736842,0.06874657894736842,0.09858,10.5,13.0,16.5,261,False,,,,False,
2000,房山区,monotone_stock_proxy,1.0,MAIN,49.0,53.0,53.0,0.6973684210526315,0.6973684210526315,4,B4,0.0,0.0,0.0,0.0,14.0,17.0,22.0,261,False,,,,False,
2000,房山区,monotone_stock_proxy,1.0,MAIN,49.0,53.0,53.0,0.6973684210526315,0.6973684210526315,5,B5+,0.0,0.0,0.0,0.0,17.5,21.0,27.5,261,False,,,,False,
2001,房山区,monotone_stock_proxy,1.0,MAIN,,,54.8,0.7210526315789473,0.7210526315789473,1,B1,0.508974,0.3669970421052631,0.7210526315789473,1.0,3.5,5.0,5.5,261,False,,,,True,
2001,房山区,monotone_stock_proxy,1.0,MAIN,,,54.8,0.7210526315789473,0.7210526315789473,2,B2,0.392446,0.28297422105263154,0.3540555894736842,0.491026,7.0,9.0,11.0,261,False,,,,True,
2001,房山区,monotone_stock_proxy,1.0,MAIN,,,54.8,0.7210526315789473,0.7210526315789473,3,B3,0.09858,0.07108136842105263,0.07108136842105263,0.09858,10.5,13.0,16.5,261,False,,,,True,
2001,房山区,monotone_stock_proxy,1.0,MAIN,,,54.8,0.7210526315789473,0.7210526315789473,4,B4,0.0,0.0,0.0,0.0,14.0,17.0,22.0,261,False,,,,True,
2001,房山区,monotone_stock_proxy,1.0,MAIN,,,54.8,0.7210526315789473,0.7210526315789473,5,B5+,0.0,0.0,0.0,0.0,17.5,21.0,27.5,261,False,,,,True,
2002,房山区,monotone_stock_proxy,1.0,MAIN,,,56.6,0.7447368421052631,0.7447368421052631,1,B1,0.508974,0.37905168947368423,0.7447368421052631,1.0,3.5,5.0,5.5,261,False,,,,True,
2002,房山区,monotone_stock_proxy,1.0,MAIN,,,56.6,0.7447368421052631,0.7447368421052631,2,B2,0.392446,0.2922689947368421,0.36568515263157897,0.491026,7.0,9.0,11.0,261,False,,,,True,
2002,房山区,monotone_stock_proxy,1.0,MAIN,,,56.6,0.7447368421052631,0.7447368421052631,3,B3,0.09858,0.07341615789473684,0.07341615789473684,0.09858,10.5,13.0,16.5,261,False,,,,True,
2002,房山区,monotone_stock_proxy,1.0,MAIN,,,56.6,0.7447368421052631,0.7447368421052631,4,B4,0.0,0.0,0.0,0.0,14.0,17.0,22.0,261,False,,,,True,
2002,房山区,monotone_stock_proxy,1.0,MAIN,,,56.6,0.7447368421052631,0.7447368421052631,5,B5+,0.0,0.0,0.0,0.0,17.5,21.0,27.5,261,False,,,,True,
2003,房山区,monotone_stock_proxy,1.0,MAIN,,,58.4,0.7684210526315789,0.7684210526315789,1,B1,0.508974,0.3911063368421053,0.7684210526315789,1.0,3.5,5.0,5.5,261,False,,,,True,
2003,房山区,monotone_stock_proxy,1.0,MAIN,,,58.4,0.7684210526315789,0.7684210526315789,2,B2,0.392446,0.30156376842105265,0.3773147157894737,0.491026,7.0,9.0,11.0,261,False,,,,True,
2003,房山区,monotone_stock_proxy,1.0,MAIN,,,58.4,0.7684210526315789,0.7684210526315789,3,B3,0.09858,0.07575094736842104,0.07575094736842104,0.09858,10.5,13.0,16.5,261,False,,,,True,
2003,房山区,monotone_stock_proxy,1.0,MAIN,,,58.4,0.7684210526315789,0.7684210526315789,4,B4,0.0,0.0,0.0,0.0,14.0,17.0,22.0,261,False,,,,True,
2003,房山区,monotone_stock_proxy,1.0,MAIN,,,58.4,0.7684210526315789,0.7684210526315789,5,B5+,0.0,0.0,0.0,0.0,17.5,21.0,27.5,261,False,,,,True,
2004,房山区,monotone_stock_proxy,1.0,MAIN,,,60.2,0.7921052631578948,0.7921052631578948,1,B1,0.508974,0.4031609842105264,0.7921052631578948,1.0,3.5,5.0,5.5,261,False,,,,True,
2004,房山区,monotone_stock_proxy,1.0,MAIN,,,60.2,0.7921052631578948,0.7921052631578948,2,B2,0.392446,0.3108585421052632,0.38894427894736844,0.491026,7.0,9.0,11.0,261,False,,,,True,
2004,房山区,monotone_stock_proxy,1.0,MAIN,,,60.2,0.7921052631578948,0.7921052631578948,3,B3,0.09858,0.07808573684210526,0.07808573684210526,0.09858,10.5,13.0,16.5,261,False,,,,True,
2004,房山区,monotone_stock_proxy,1.0,MAIN,,,60.2,0.7921052631578948,0.7921052631578948,4,B4,0.0,0.0,0.0,0.0,14.0,17.0,22.0,261,False,,,,True,
2004,房山区,monotone_stock_proxy,1.0,MAIN,,,60.2,0.7921052631578948,0.7921052631578948,5,B5+,0.0,0.0,0.0,0.0,17.5,21.0,27.5,261,False,,,,True,
2005,房山区,monotone_stock_proxy,1.0,MAIN,62.0,62.0,62.0,0.8157894736842105,0.8157894736842105,1,B1,0.508974,0.41521563157894736,0.8157894736842105,1.0,3.5,5.0,5.5,261,False,,,,False,
2005,房山区,monotone_stock_proxy,1.0,MAIN,62.0,62.0,62.0,0.8157894736842105,0.8157894736842105,2,B2,0.392446,0.3201533157894737,0.40057384210526314,0.491026,7.0,9.0,11.0,261,False,,,,False,
2005,房山区,monotone_stock_proxy,1.0,MAIN,62.0,62.0,62.0,0.8157894736842105,0.8157894736842105,3,B3,0.09858,0.08042052631578947,0.08042052631578947,0.09858,10.5,13.0,16.5,261,False,,,,False,
2005,房山区,monotone_stock_proxy,1.0,MAIN,62.0,62.0,62.0,0.8157894736842105,0.8157894736842105,4,B4,0.0,0.0,0.0,0.0,14.0,17.0,22.0,261,False,,,,False,
2005,房山区,monotone_stock_proxy,1.0,MAIN,62.0,62.0,62.0,0.8157894736842105,0.8157894736842105,5,B5+,0.0,0.0,0.0,0.0,17.5,21.0,27.5,261,False,,,,False,
2006,房山区,monotone_stock_proxy,1.0,MAIN,,,64.6,0.85,0.85,1,B1,0.508974,0.4326279,0.85,1.0,3.5,5.0,5.5,261,False,,,,True,
2006,房山区,monotone_stock_proxy,1.0,MAIN,,,64.6,0.85,0.85,2,B2,0.392446,0.3335791,0.4173721,0.491026,7.0,9.0,11.0,261,False,,,,True,
2006,房山区,monotone_stock_proxy,1.0,MAIN,,,64.6,0.85,0.85,3,B3,0.09858,0.08379299999999999,0.08379299999999999,0.09858,10.5,13.0,16.5,261,False,,,,True,
2006,房山区,monotone_stock_proxy,1.0,MAIN,,,64.6,0.85,0.85,4,B4,0.0,0.0,0.0,0.0,14.0,17.0,22.0,261,False,,,,True,
2006,房山区,monotone_stock_proxy,1.0,MAIN,,,64.6,0.85,0.85,5,B5+,0.0,0.0,0.0,0.0,17.5,21.0,27.5,261,False,,,,True,
2007,房山区,monotone_stock_proxy,1.0,MAIN,,,67.2,0.8842105263157896,0.8842105263157894,1,B1,0.508974,0.45004016842105266,0.8842105263157894,1.0,3.5,5.0,5.5,261,False,,,,True,
2007,房山区,monotone_stock_proxy,1.0,MAIN,,,67.2,0.8842105263157896,0.8842105263157894,2,B2,0.392446,0.34700488421052633,0.43417035789473685,0.491026,7.0,9.0,11.0,261,False,,,,True,
2007,房山区,monotone_stock_proxy,1.0,MAIN,,,67.2,0.8842105263157896,0.8842105263157894,3,B3,0.09858,0.08716547368421053,0.08716547368421053,0.09858,10.5,13.0,16.5,261,False,,,,True,
2007,房山区,monotone_stock_proxy,1.0,MAIN,,,67.2,0.8842105263157896,0.8842105263157894,4,B4,0.0,0.0,0.0,0.0,14.0,17.0,22.0,261,False,,,,True,
2007,房山区,monotone_stock_proxy,1.0,MAIN,,,67.2,0.8842105263157896,0.8842105263157894,5,B5+,0.0,0.0,0.0,0.0,17.5,21.0,27.5,261,False,,,,True,
2008,房山区,monotone_stock_proxy,1.0,MAIN,,,69.8,0.9184210526315789,0.9184210526315789,1,B1,0.508974,0.4674524368421053,0.9184210526315789,1.0,3.5,5.0,5.5,261,False,,,,True,
2008,房山区,monotone_stock_proxy,1.0,MAIN,,,69.8,0.9184210526315789,0.9184210526315789,2,B2,0.392446,0.36043066842105265,0.45096861578947367,0.491026,7.0,9.0,11.0,261,False,,,,True,
2008,房山区,monotone_stock_proxy,1.0,MAIN,,,69.8,0.9184210526315789,0.9184210526315789,3,B3,0.09858,0.09053794736842105,0.09053794736842105,0.09858,10.5,13.0,16.5,261,False,,,,True,
2008,房山区,monotone_stock_proxy,1.0,MAIN,,,69.8,0.9184210526315789,0.9184210526315789,4,B4,0.0,0.0,0.0,0.0,14.0,17.0,22.0,261,False,,,,True,
2008,房山区,monotone_stock_proxy,1.0,MAIN,,,69.8,0.9184210526315789,0.9184210526315789,5,B5+,0.0,0.0,0.0,0.0,17.5,21.0,27.5,261,False,,,,True,
2009,房山区,monotone_stock_proxy,1.0,MAIN,,,72.4,0.9526315789473685,0.9526315789473684,1,B1,0.508974,0.4848647052631579,0.9526315789473684,1.0,3.5,5.0,5.5,261,False,,,,True,
2009,房山区,monotone_stock_proxy,1.0,MAIN,,,72.4,0.9526315789473685,0.9526315789473684,2,B2,0.392446,0.37385645263157896,0.46776687368421055,0.491026,7.0,9.0,11.0,261,False,,,,True,
2009,房山区,monotone_stock_proxy,1.0,MAIN,,,72.4,0.9526315789473685,0.9526315789473684,3,B3,0.09858,0.09391042105263157,0.09391042105263157,0.09858,10.5,13.0,16.5,261,False,,,,True,
2009,房山区,monotone_stock_proxy,1.0,MAIN,,,72.4,0.9526315789473685,0.9526315789473684,4,B4,0.0,0.0,0.0,0.0,14.0,17.0,22.0,261,False,,,,True,
2009,房山区,monotone_stock_proxy,1.0,MAIN,,,72.4,0.9526315789473685,0.9526315789473684,5,B5+,0.0,0.0,0.0,0.0,17.5,21.0,27.5,261,False,,,,True,
2010,房山区,monotone_stock_proxy,1.0,MAIN,75.0,75.0,75.0,0.9868421052631579,0.9868421052631579,1,B1,0.508974,0.5022769736842105,0.9868421052631579,1.0,3.5,5.0,5.5,261,False,,,,False,
2010,房山区,monotone_stock_proxy,1.0,MAIN,75.0,75.0,75.0,0.9868421052631579,0.9868421052631579,2,B2,0.392446,0.3872822368421053,0.4845651315789474,0.491026,7.0,9.0,11.0,261,False,,,,False,
2010,房山区,monotone_stock_proxy,1.0,MAIN,75.0,75.0,75.0,0.9868421052631579,0.9868421052631579,3,B3,0.09858,0.0972828947368421,0.0972828947368421,0.09858,10.5,13.0,16.5,261,False,,,,False,
2010,房山区,monotone_stock_proxy,1.0,MAIN,75.0,75.0,75.0,0.9868421052631579,0.9868421052631579,4,B4,0.0,0.0,0.0,0.0,14.0,17.0,22.0,261,False,,,,False,
2010,房山区,monotone_stock_proxy,1.0,MAIN,75.0,75.0,75.0,0.9868421052631579,0.9868421052631579,5,B5+,0.0,0.0,0.0,0.0,17.5,21.0,27.5,261,False,,,,False,
2011,房山区,monotone_stock_proxy,1.0,MAIN,,,75.2,0.9894736842105264,0.9894736842105263,1,B1,0.508974,0.5036163789473684,0.9894736842105263,1.0,3.5,5.0,5.5,261,False,,,,True,
2011,房山区,monotone_stock_proxy,1.0,MAIN,,,75.2,0.9894736842105264,0.9894736842105263,2,B2,0.392446,0.3883149894736842,0.4858573052631579,0.491026,7.0,9.0,11.0,261,False,,,,True,
2011,房山区,monotone_stock_proxy,1.0,MAIN,,,75.2,0.9894736842105264,0.9894736842105263,3,B3,0.09858,0.09754231578947369,0.09754231578947369,0.09858,10.5,13.0,16.5,261,False,,,,True,
2011,房山区,monotone_stock_proxy,1.0,MAIN,,,75.2,0.9894736842105264,0.9894736842105263,4,B4,0.0,0.0,0.0,0.0,14.0,17.0,22.0,261,False,,,,True,
2011,房山区,monotone_stock_proxy,1.0,MAIN,,,75.2,0.9894736842105264,0.9894736842105263,5,B5+,0.0,0.0,0.0,0.0,17.5,21.0,27.5,261,False,,,,True,
2012,房山区,monotone_stock_proxy,1.0,MAIN,,,75.4,0.9921052631578948,0.9921052631578947,1,B1,0.508974,0.5049557842105263,0.9921052631578947,1.0,3.5,5.0,5.5,261,False,,,,True,
2012,房山区,monotone_stock_proxy,1.0,MAIN,,,75.4,0.9921052631578948,0.9921052631578947,2,B2,0.392446,0.3893477421052632,0.48714947894736843,0.491026,7.0,9.0,11.0,261,False,,,,True,
2012,房山区,monotone_stock_proxy,1.0,MAIN,,,75.4,0.9921052631578948,0.9921052631578947,3,B3,0.09858,0.09780173684210526,0.09780173684210526,0.09858,10.5,13.0,16.5,261,False,,,,True,
2012,房山区,monotone_stock_proxy,1.0,MAIN,,,75.4,0.9921052631578948,0.9921052631578947,4,B4,0.0,0.0,0.0,0.0,14.0,17.0,22.0,261,False,,,,True,
2012,房山区,monotone_stock_proxy,1.0,MAIN,,,75.4,0.9921052631578948,0.9921052631578947,5,B5+,0.0,0.0,0.0,0.0,17.5,21.0,27.5,261,False,,,,True,
2013,房山区,monotone_stock_proxy,1.0,MAIN,,,75.6,0.994736842105263,0.9947368421052631,1,B1,0.508974,0.5062951894736842,0.9947368421052631,1.0,3.5,5.0,5.5,261,False,,,,True,
2013,房山区,monotone_stock_proxy,1.0,MAIN,,,75.6,0.994736842105263,0.9947368421052631,2,B2,0.392446,0.3903804947368421,0.48844165263157896,0.491026,7.0,9.0,11.0,261,False,,,,True,
2013,房山区,monotone_stock_proxy,1.0,MAIN,,,75.6,0.994736842105263,0.9947368421052631,3,B3,0.09858,0.09806115789473684,0.09806115789473684,0.09858,10.5,13.0,16.5,261,False,,,,True,
2013,房山区,monotone_stock_proxy,1.0,MAIN,,,75.6,0.994736842105263,0.9947368421052631,4,B4,0.0,0.0,0.0,0.0,14.0,17.0,22.0,261,False,,,,True,
2013,房山区,monotone_stock_proxy,1.0,MAIN,,,75.6,0.994736842105263,0.9947368421052631,5,B5+,0.0,0.0,0.0,0.0,17.5,21.0,27.5,261,False,,,,True,
2014,房山区,monotone_stock_proxy,1.0,MAIN,,,75.8,0.9973684210526316,0.9973684210526316,1,B1,0.508974,0.5076345947368421,0.9973684210526316,1.0,3.5,5.0,5.5,261,False,,,,True,
2014,房山区,monotone_stock_proxy,1.0,MAIN,,,75.8,0.9973684210526316,0.9973684210526316,2,B2,0.392446,0.3914132473684211,0.4897338263157895,0.491026,7.0,9.0,11.0,261,False,,,,True,
2014,房山区,monotone_stock_proxy,1.0,MAIN,,,75.8,0.9973684210526316,0.9973684210526316,3,B3,0.09858,0.09832057894736843,0.09832057894736843,0.09858,10.5,13.0,16.5,261,False,,,,True,
2014,房山区,monotone_stock_proxy,1.0,MAIN,,,75.8,0.9973684210526316,0.9973684210526316,4,B4,0.0,0.0,0.0,0.0,14.0,17.0,22.0,261,False,,,,True,
2014,房山区,monotone_stock_proxy,1.0,MAIN,,,75.8,0.9973684210526316,0.9973684210526316,5,B5+,0.0,0.0,0.0,0.0,17.5,21.0,27.5,261,False,,,,True,
2015,房山区,monotone_stock_proxy,1.0,MAIN,76.0,76.0,76.0,1.0,1.0,1,B1,0.508974,0.508974,1.0,1.0,3.5,5.0,5.5,261,False,,,,False,
2015,房山区,monotone_stock_proxy,1.0,MAIN,76.0,76.0,76.0,1.0,1.0,2,B2,0.392446,0.392446,0.491026,0.491026,7.0,9.0,11.0,261,False,,,,False,
2015,房山区,monotone_stock_proxy,1.0,MAIN,76.0,76.0,76.0,1.0,1.0,3,B3,0.09858,0.09858,0.09858,0.09858,10.5,13.0,16.5,261,False,,,,False,
2015,房山区,monotone_stock_proxy,1.0,MAIN,76.0,76.0,76.0,1.0,1.0,4,B4,0.0,0.0,0.0,0.0,14.0,17.0,22.0,261,False,,,,False,
2015,房山区,monotone_stock_proxy,1.0,MAIN,76.0,76.0,76.0,1.0,1.0,5,B5+,0.0,0.0,0.0,0.0,17.5,21.0,27.5,261,False,,,,False,
2016,房山区,monotone_stock_proxy,1.0,MAIN,,,76.0,1.0,1.0,1,B1,0.508974,0.508974,1.0,1.0,3.5,5.0,5.5,261,False,,,,True,
2016,房山区,monotone_stock_proxy,1.0,MAIN,,,76.0,1.0,1.0,2,B2,0.392446,0.392446,0.491026,0.491026,7.0,9.0,11.0,261,False,,,,True,
2016,房山区,monotone_stock_proxy,1.0,MAIN,,,76.0,1.0,1.0,3,B3,0.09858,0.09858,0.09858,0.09858,10.5,13.0,16.5,261,False,,,,True,
2016,房山区,monotone_stock_proxy,1.0,MAIN,,,76.0,1.0,1.0,4,B4,0.0,0.0,0.0,0.0,14.0,17.0,22.0,261,False,,,,True,
2016,房山区,monotone_stock_proxy,1.0,MAIN,,,76.0,1.0,1.0,5,B5+,0.0,0.0,0.0,0.0,17.5,21.0,27.5,261,False,,,,True,
2017,房山区,monotone_stock_proxy,1.0,MAIN,,,76.0,1.0,1.0,1,B1,0.508974,0.508974,1.0,1.0,3.5,5.0,5.5,261,False,,,,True,
2017,房山区,monotone_stock_proxy,1.0,MAIN,,,76.0,1.0,1.0,2,B2,0.392446,0.392446,0.491026,0.491026,7.0,9.0,11.0,261,False,,,,True,
2017,房山区,monotone_stock_proxy,1.0,MAIN,,,76.0,1.0,1.0,3,B3,0.09858,0.09858,0.09858,0.09858,10.5,13.0,16.5,261,False,,,,True,
2017,房山区,monotone_stock_proxy,1.0,MAIN,,,76.0,1.0,1.0,4,B4,0.0,0.0,0.0,0.0,14.0,17.0,22.0,261,False,,,,True,
2017,房山区,monotone_stock_proxy,1.0,MAIN,,,76.0,1.0,1.0,5,B5+,0.0,0.0,0.0,0.0,17.5,21.0,27.5,261,False,,,,True,
2018,房山区,monotone_stock_proxy,1.0,MAIN,,,76.0,1.0,1.0,1,B1,0.508974,0.508974,1.0,1.0,3.5,5.0,5.5,261,False,,,,True,
2018,房山区,monotone_stock_proxy,1.0,MAIN,,,76.0,1.0,1.0,2,B2,0.392446,0.392446,0.491026,0.491026,7.0,9.0,11.0,261,False,,,,True,
2018,房山区,monotone_stock_proxy,1.0,MAIN,,,76.0,1.0,1.0,3,B3,0.09858,0.09858,0.09858,0.09858,10.5,13.0,16.5,261,False,,,,True,
2018,房山区,monotone_stock_proxy,1.0,MAIN,,,76.0,1.0,1.0,4,B4,0.0,0.0,0.0,0.0,14.0,17.0,22.0,261,False,,,,True,
2018,房山区,monotone_stock_proxy,1.0,MAIN,,,76.0,1.0,1.0,5,B5+,0.0,0.0,0.0,0.0,17.5,21.0,27.5,261,False,,,,True,
2019,房山区,monotone_stock_proxy,1.0,MAIN,,,76.0,1.0,1.0,1,B1,0.508974,0.508974,1.0,1.0,3.5,5.0,5.5,261,False,,,,True,
2019,房山区,monotone_stock_proxy,1.0,MAIN,,,76.0,1.0,1.0,2,B2,0.392446,0.392446,0.491026,0.491026,7.0,9.0,11.0,261,False,,,,True,
2019,房山区,monotone_stock_proxy,1.0,MAIN,,,76.0,1.0,1.0,3,B3,0.09858,0.09858,0.09858,0.09858,10.5,13.0,16.5,261,False,,,,True,
2019,房山区,monotone_stock_proxy,1.0,MAIN,,,76.0,1.0,1.0,4,B4,0.0,0.0,0.0,0.0,14.0,17.0,22.0,261,False,,,,True,
2019,房山区,monotone_stock_proxy,1.0,MAIN,,,76.0,1.0,1.0,5,B5+,0.0,0.0,0.0,0.0,17.5,21.0,27.5,261,False,,,,True,
2020,房山区,monotone_stock_proxy,1.0,MAIN,41.0,76.0,76.0,1.0,1.0,1,B1,0.508974,0.508974,1.0,1.0,3.5,5.0,5.5,261,False,,,,False,
2020,房山区,monotone_stock_proxy,1.0,MAIN,41.0,76.0,76.0,1.0,1.0,2,B2,0.392446,0.392446,0.491026,0.491026,7.0,9.0,11.0,261,False,,,,False,
2020,房山区,monotone_stock_proxy,1.0,MAIN,41.0,76.0,76.0,1.0,1.0,3,B3,0.09858,0.09858,0.09858,0.09858,10.5,13.0,16.5,261,False,,,,False,
2020,房山区,monotone_stock_proxy,1.0,MAIN,41.0,76.0,76.0,1.0,1.0,4,B4,0.0,0.0,0.0,0.0,14.0,17.0,22.0,261,False,,,,False,
2020,房山区,monotone_stock_proxy,1.0,MAIN,41.0,76.0,76.0,1.0,1.0,5,B5+,0.0,0.0,0.0,0.0,17.5,21.0,27.5,261,False,,,,False,
1980,昌平区,monotone_stock_proxy,1.0,MAIN,14.0,14.0,14.0,0.10144927536231885,0.10144927536231885,1,B1,0.634569,0.06437656521739131,0.10144937681159423,1.0000010000000001,3.5,5.0,5.5,475,False,,,,False,
1980,昌平区,monotone_stock_proxy,1.0,MAIN,14.0,14.0,14.0,0.10144927536231885,0.10144927536231885,2,B2,0.322011,0.032667782608695656,0.0370728115942029,0.365432,7.0,9.0,11.0,475,False,,,,False,
1980,昌平区,monotone_stock_proxy,1.0,MAIN,14.0,14.0,14.0,0.10144927536231885,0.10144927536231885,3,B3,0.042129,0.004273956521739131,0.004405028985507247,0.043421,10.5,13.0,16.5,475,False,,,,False,
1980,昌平区,monotone_stock_proxy,1.0,MAIN,14.0,14.0,14.0,0.10144927536231885,0.10144927536231885,4,B4,0.001292,0.00013107246376811596,0.00013107246376811596,0.001292,14.0,17.0,22.0,475,False,,,,False,
1980,昌平区,monotone_stock_proxy,1.0,MAIN,14.0,14.0,14.0,0.10144927536231885,0.10144927536231885,5,B5+,0.0,0.0,0.0,0.0,17.5,21.0,27.5,475,False,,,,False,
1981,昌平区,monotone_stock_proxy,1.0,MAIN,,,14.1,0.10217391304347825,0.10217391304347827,1,B1,0.634569,0.06483639782608697,0.10217401521739132,1.0000010000000001,3.5,5.0,5.5,475,False,,,,True,
1981,昌平区,monotone_stock_proxy,1.0,MAIN,,,14.1,0.10217391304347825,0.10217391304347827,2,B2,0.322011,0.03290112391304348,0.03733761739130435,0.365432,7.0,9.0,11.0,475,False,,,,True,
1981,昌平区,monotone_stock_proxy,1.0,MAIN,,,14.1,0.10217391304347825,0.10217391304347827,3,B3,0.042129,0.004304484782608696,0.00443649347826087,0.043421,10.5,13.0,16.5,475,False,,,,True,
1981,昌平区,monotone_stock_proxy,1.0,MAIN,,,14.1,0.10217391304347825,0.10217391304347827,4,B4,0.001292,0.00013200869565217391,0.00013200869565217391,0.001292,14.0,17.0,22.0,475,False,,,,True,
1981,昌平区,monotone_stock_proxy,1.0,MAIN,,,14.1,0.10217391304347825,0.10217391304347827,5,B5+,0.0,0.0,0.0,0.0,17.5,21.0,27.5,475,False,,,,True,
1982,昌平区,monotone_stock_proxy,1.0,MAIN,,,14.2,0.10289855072463767,0.10289855072463769,1,B1,0.634569,0.06529623043478262,0.10289865362318842,1.0000010000000001,3.5,5.0,5.5,475,False,,,,True,
1982,昌平区,monotone_stock_proxy,1.0,MAIN,,,14.2,0.10289855072463767,0.10289855072463769,2,B2,0.322011,0.03313446521739131,0.0376024231884058,0.365432,7.0,9.0,11.0,475,False,,,,True,
1982,昌平区,monotone_stock_proxy,1.0,MAIN,,,14.2,0.10289855072463767,0.10289855072463769,3,B3,0.042129,0.004335013043478261,0.0044679579710144935,0.043421,10.5,13.0,16.5,475,False,,,,True,
1982,昌平区,monotone_stock_proxy,1.0,MAIN,,,14.2,0.10289855072463767,0.10289855072463769,4,B4,0.001292,0.0001329449275362319,0.0001329449275362319,0.001292,14.0,17.0,22.0,475,False,,,,True,
1982,昌平区,monotone_stock_proxy,1.0,MAIN,,,14.2,0.10289855072463767,0.10289855072463769,5,B5+,0.0,0.0,0.0,0.0,17.5,21.0,27.5,475,False,,,,True,
1983,昌平区,monotone_stock_proxy,1.0,MAIN,,,14.3,0.10362318840579711,0.10362318840579711,1,B1,0.634569,0.06575606304347827,0.10362329202898553,1.0000010000000001,3.5,5.0,5.5,475,False,,,,True,
1983,昌平区,monotone_stock_proxy,1.0,MAIN,,,14.3,0.10362318840579711,0.10362318840579711,2,B2,0.322011,0.03336780652173913,0.03786722898550725,0.365432,7.0,9.0,11.0,475,False,,,,True,
1983,昌平区,monotone_stock_proxy,1.0,MAIN,,,14.3,0.10362318840579711,0.10362318840579711,3,B3,0.042129,0.004365541304347826,0.004499422463768116,0.043421,10.5,13.0,16.5,475,False,,,,True,
1983,昌平区,monotone_stock_proxy,1.0,MAIN,,,14.3,0.10362318840579711,0.10362318840579711,4,B4,0.001292,0.00013388115942028985,0.00013388115942028985,0.001292,14.0,17.0,22.0,475,False,,,,True,
1983,昌平区,monotone_stock_proxy,1.0,MAIN,,,14.3,0.10362318840579711,0.10362318840579711,5,B5+,0.0,0.0,0.0,0.0,17.5,21.0,27.5,475,False,,,,True,
1984,昌平区,monotone_stock_proxy,1.0,MAIN,,,14.4,0.10434782608695653,0.10434782608695653,1,B1,0.634569,0.06621589565217392,0.10434793043478263,1.0000010000000001,3.5,5.0,5.5,475,False,,,,True,
1984,昌平区,monotone_stock_proxy,1.0,MAIN,,,14.4,0.10434782608695653,0.10434782608695653,2,B2,0.322011,0.03360114782608696,0.038132034782608695,0.365432,7.0,9.0,11.0,475,False,,,,True,
1984,昌平区,monotone_stock_proxy,1.0,MAIN,,,14.4,0.10434782608695653,0.10434782608695653,3,B3,0.042129,0.004396069565217392,0.00453088695652174,0.043421,10.5,13.0,16.5,475,False,,,,True,
1984,昌平区,monotone_stock_proxy,1.0,MAIN,,,14.4,0.10434782608695653,0.10434782608695653,4,B4,0.001292,0.00013481739130434783,0.00013481739130434783,0.001292,14.0,17.0,22.0,475,False,,,,True,
1984,昌平区,monotone_stock_proxy,1.0,MAIN,,,14.4,0.10434782608695653,0.10434782608695653,5,B5+,0.0,0.0,0.0,0.0,17.5,21.0,27.5,475,False,,,,True,
1985,昌平区,monotone_stock_proxy,1.0,MAIN,,,14.5,0.10507246376811594,0.10507246376811594,1,B1,0.634569,0.06667572826086957,0.10507256884057972,1.0000010000000001,3.5,5.0,5.5,475,False,,,,True,
1985,昌平区,monotone_stock_proxy,1.0,MAIN,,,14.5,0.10507246376811594,0.10507246376811594,2,B2,0.322011,0.03383448913043478,0.03839684057971014,0.365432,7.0,9.0,11.0,475,False,,,,True,
1985,昌平区,monotone_stock_proxy,1.0,MAIN,,,14.5,0.10507246376811594,0.10507246376811594,3,B3,0.042129,0.004426597826086957,0.004562351449275363,0.043421,10.5,13.0,16.5,475,False,,,,True,
1985,昌平区,monotone_stock_proxy,1.0,MAIN,,,14.5,0.10507246376811594,0.10507246376811594,4,B4,0.001292,0.00013575362318840579,0.00013575362318840579,0.001292,14.0,17.0,22.0,475,False,,,,True,
1985,昌平区,monotone_stock_proxy,1.0,MAIN,,,14.5,0.10507246376811594,0.10507246376811594,5,B5+,0.0,0.0,0.0,0.0,17.5,21.0,27.5,475,False,,,,True,
1986,昌平区,monotone_stock_proxy,1.0,MAIN,,,14.6,0.10579710144927536,0.10579710144927536,1,B1,0.634569,0.06713556086956522,0.10579720724637683,1.0000010000000001,3.5,5.0,5.5,475,False,,,,True,
1986,昌平区,monotone_stock_proxy,1.0,MAIN,,,14.6,0.10579710144927536,0.10579710144927536,2,B2,0.322011,0.034067830434782606,0.03866164637681159,0.365432,7.0,9.0,11.0,475,False,,,,True,
1986,昌平区,monotone_stock_proxy,1.0,MAIN,,,14.6,0.10579710144927536,0.10579710144927536,3,B3,0.042129,0.0044571260869565215,0.004593815942028985,0.043421,10.5,13.0,16.5,475,False,,,,True,
1986,昌平区,monotone_stock_proxy,1.0,MAIN,,,14.6,0.10579710144927536,0.10579710144927536,4,B4,0.001292,0.00013668985507246377,0.00013668985507246377,0.001292,14.0,17.0,22.0,475,False,,,,True,
1986,昌平区,monotone_stock_proxy,1.0,MAIN,,,14.6,0.10579710144927536,0.10579710144927536,5,B5+,0.0,0.0,0.0,0.0,17.5,21.0,27.5,475,False,,,,True,
1987,昌平区,monotone_stock_proxy,1.0,MAIN,,,14.7,0.10652173913043478,0.10652173913043478,1,B1,0.634569,0.06759539347826088,0.10652184565217393,1.0000010000000001,3.5,5.0,5.5,475,False,,,,True,
1987,昌平区,monotone_stock_proxy,1.0,MAIN,,,14.7,0.10652173913043478,0.10652173913043478,2,B2,0.322011,0.034301171739130436,0.03892645217391304,0.365432,7.0,9.0,11.0,475,False,,,,True,
1987,昌平区,monotone_stock_proxy,1.0,MAIN,,,14.7,0.10652173913043478,0.10652173913043478,3,B3,0.042129,0.004487654347826087,0.004625280434782609,0.043421,10.5,13.0,16.5,475,False,,,,True,
1987,昌平区,monotone_stock_proxy,1.0,MAIN,,,14.7,0.10652173913043478,0.10652173913043478,4,B4,0.001292,0.00013762608695652172,0.00013762608695652172,0.001292,14.0,17.0,22.0,475,False,,,,True,
1987,昌平区,monotone_stock_proxy,1.0,MAIN,,,14.7,0.10652173913043478,0.10652173913043478,5,B5+,0.0,0.0,0.0,0.0,17.5,21.0,27.5,475,False,,,,True,
1988,昌平区,monotone_stock_proxy,1.0,MAIN,,,14.8,0.10724637681159421,0.1072463768115942,1,B1,0.634569,0.06805522608695652,0.10724648405797102,1.0000010000000001,3.5,5.0,5.5,475,False,,,,True,
1988,昌平区,monotone_stock_proxy,1.0,MAIN,,,14.8,0.10724637681159421,0.1072463768115942,2,B2,0.322011,0.03453451304347826,0.03919125797101449,0.365432,7.0,9.0,11.0,475,False,,,,True,
1988,昌平区,monotone_stock_proxy,1.0,MAIN,,,14.8,0.10724637681159421,0.1072463768115942,3,B3,0.042129,0.004518182608695652,0.004656744927536232,0.043421,10.5,13.0,16.5,475,False,,,,True,
1988,昌平区,monotone_stock_proxy,1.0,MAIN,,,14.8,0.10724637681159421,0.1072463768115942,4,B4,0.001292,0.0001385623188405797,0.0001385623188405797,0.001292,14.0,17.0,22.0,475,False,,,,True,
1988,昌平区,monotone_stock_proxy,1.0,MAIN,,,14.8,0.10724637681159421,0.1072463768115942,5,B5+,0.0,0.0,0.0,0.0,17.5,21.0,27.5,475,False,,,,True,
1989,昌平区,monotone_stock_proxy,1.0,MAIN,,,14.9,0.10797101449275362,0.10797101449275362,1,B1,0.634569,0.06851505869565218,0.10797112246376812,1.0000010000000001,3.5,5.0,5.5,475,False,,,,True,
1989,昌平区,monotone_stock_proxy,1.0,MAIN,,,14.9,0.10797101449275362,0.10797101449275362,2,B2,0.322011,0.03476785434782609,0.03945606376811594,0.365432,7.0,9.0,11.0,475,False,,,,True,
1989,昌平区,monotone_stock_proxy,1.0,MAIN,,,14.9,0.10797101449275362,0.10797101449275362,3,B3,0.042129,0.004548710869565218,0.0046882094202898555,0.043421,10.5,13.0,16.5,475,False,,,,True,
1989,昌平区,monotone_stock_proxy,1.0,MAIN,,,14.9,0.10797101449275362,0.10797101449275362,4,B4,0.001292,0.00013949855072463769,0.00013949855072463769,0.001292,14.0,17.0,22.0,475,False,,,,True,
1989,昌平区,monotone_stock_proxy,1.0,MAIN,,,14.9,0.10797101449275362,0.10797101449275362,5,B5+,0.0,0.0,0.0,0.0,17.5,21.0,27.5,475,False,,,,True,
1990,昌平区,monotone_stock_proxy,1.0,MAIN,15.0,15.0,15.0,0.10869565217391304,0.10869565217391304,1,B1,0.634569,0.06897489130434784,0.10869576086956523,1.0000010000000001,3.5,5.0,5.5,475,False,,,,False,
1990,昌平区,monotone_stock_proxy,1.0,MAIN,15.0,15.0,15.0,0.10869565217391304,0.10869565217391304,2,B2,0.322011,0.03500119565217391,0.039720869565217386,0.365432,7.0,9.0,11.0,475,False,,,,False,
1990,昌平区,monotone_stock_proxy,1.0,MAIN,15.0,15.0,15.0,0.10869565217391304,0.10869565217391304,3,B3,0.042129,0.0045792391304347825,0.004719673913043478,0.043421,10.5,13.0,16.5,475,False,,,,False,
1990,昌平区,monotone_stock_proxy,1.0,MAIN,15.0,15.0,15.0,0.10869565217391304,0.10869565217391304,4,B4,0.001292,0.00014043478260869564,0.00014043478260869564,0.001292,14.0,17.0,22.0,475,False,,,,False,
1990,昌平区,monotone_stock_proxy,1.0,MAIN,15.0,15.0,15.0,0.10869565217391304,0.10869565217391304,5,B5+,0.0,0.0,0.0,0.0,17.5,21.0,27.5,475,False,,,,False,
1991,昌平区,monotone_stock_proxy,1.0,MAIN,,,28.6,0.20724637681159422,0.2072463768115942,1,B1,0.634569,0.13151212608695653,0.20724658405797103,1.0000010000000001,3.5,5.0,5.5,475,False,,,,True,
1991,昌平区,monotone_stock_proxy,1.0,MAIN,,,28.6,0.20724637681159422,0.2072463768115942,2,B2,0.322011,0.06673561304347826,0.07573445797101448,0.365432,7.0,9.0,11.0,475,False,,,,True,
1991,昌平区,monotone_stock_proxy,1.0,MAIN,,,28.6,0.20724637681159422,0.2072463768115942,3,B3,0.042129,0.008731082608695652,0.00899884492753623,0.043421,10.5,13.0,16.5,475,False,,,,True,
1991,昌平区,monotone_stock_proxy,1.0,MAIN,,,28.6,0.20724637681159422,0.2072463768115942,4,B4,0.001292,0.0002677623188405797,0.0002677623188405797,0.001292,14.0,17.0,22.0,475,False,,,,True,
1991,昌平区,monotone_stock_proxy,1.0,MAIN,,,28.6,0.20724637681159422,0.2072463768115942,5,B5+,0.0,0.0,0.0,0.0,17.5,21.0,27.5,475,False,,,,True,
1992,昌平区,monotone_stock_proxy,1.0,MAIN,,,42.2,0.3057971014492754,0.30579710144927535,1,B1,0.634569,0.19404936086956523,0.30579740724637683,1.0000010000000001,3.5,5.0,5.5,475,False,,,,True,
1992,昌平区,monotone_stock_proxy,1.0,MAIN,,,42.2,0.3057971014492754,0.30579710144927535,2,B2,0.322011,0.0984700304347826,0.11174804637681159,0.365432,7.0,9.0,11.0,475,False,,,,True,
1992,昌平区,monotone_stock_proxy,1.0,MAIN,,,42.2,0.3057971014492754,0.30579710144927535,3,B3,0.042129,0.012882926086956521,0.013278015942028985,0.043421,10.5,13.0,16.5,475,False,,,,True,
1992,昌平区,monotone_stock_proxy,1.0,MAIN,,,42.2,0.3057971014492754,0.30579710144927535,4,B4,0.001292,0.00039508985507246373,0.00039508985507246373,0.001292,14.0,17.0,22.0,475,False,,,,True,
1992,昌平区,monotone_stock_proxy,1.0,MAIN,,,42.2,0.3057971014492754,0.30579710144927535,5,B5+,0.0,0.0,0.0,0.0,17.5,21.0,27.5,475,False,,,,True,
1993,昌平区,monotone_stock_proxy,1.0,MAIN,,,55.8,0.4043478260869565,0.4043478260869565,1,B1,0.634569,0.25658659565217395,0.4043482304347827,1.0000010000000001,3.5,5.0,5.5,475,False,,,,True,
1993,昌平区,monotone_stock_proxy,1.0,MAIN,,,55.8,0.4043478260869565,0.4043478260869565,2,B2,0.322011,0.13020444782608695,0.14776163478260868,0.365432,7.0,9.0,11.0,475,False,,,,True,
1993,昌平区,monotone_stock_proxy,1.0,MAIN,,,55.8,0.4043478260869565,0.4043478260869565,3,B3,0.042129,0.017034769565217392,0.01755718695652174,0.043421,10.5,13.0,16.5,475,False,,,,True,
1993,昌平区,monotone_stock_proxy,1.0,MAIN,,,55.8,0.4043478260869565,0.4043478260869565,4,B4,0.001292,0.0005224173913043478,0.0005224173913043478,0.001292,14.0,17.0,22.0,475,False,,,,True,
1993,昌平区,monotone_stock_proxy,1.0,MAIN,,,55.8,0.4043478260869565,0.4043478260869565,5,B5+,0.0,0.0,0.0,0.0,17.5,21.0,27.5,475,False,,,,True,
1994,昌平区,monotone_stock_proxy,1.0,MAIN,,,69.4,0.5028985507246377,0.5028985507246377,1,B1,0.634569,0.31912383043478265,0.5028990536231885,1.0000010000000001,3.5,5.0,5.5,475,False,,,,True,
1994,昌平区,monotone_stock_proxy,1.0,MAIN,,,69.4,0.5028985507246377,0.5028985507246377,2,B2,0.322011,0.16193886521739131,0.1837752231884058,0.365432,7.0,9.0,11.0,475,False,,,,True,
1994,昌平区,monotone_stock_proxy,1.0,MAIN,,,69.4,0.5028985507246377,0.5028985507246377,3,B3,0.042129,0.021186613043478263,0.021836357971014495,0.043421,10.5,13.0,16.5,475,False,,,,True,
1994,昌平区,monotone_stock_proxy,1.0,MAIN,,,69.4,0.5028985507246377,0.5028985507246377,4,B4,0.001292,0.0006497449275362319,0.0006497449275362319,0.001292,14.0,17.0,22.0,475,False,,,,True,
1994,昌平区,monotone_stock_proxy,1.0,MAIN,,,69.4,0.5028985507246377,0.5028985507246377,5,B5+,0.0,0.0,0.0,0.0,17.5,21.0,27.5,475,False,,,,True,
1995,昌平区,monotone_stock_proxy,1.0,MAIN,83.0,83.0,83.0,0.6014492753623188,0.6014492753623188,1,B1,0.634569,0.38166106521739135,0.6014498768115943,1.0000010000000001,3.5,5.0,5.5,475,False,,,,False,
1995,昌平区,monotone_stock_proxy,1.0,MAIN,83.0,83.0,83.0,0.6014492753623188,0.6014492753623188,2,B2,0.322011,0.19367328260869565,0.21978881159420288,0.365432,7.0,9.0,11.0,475,False,,,,False,
1995,昌平区,monotone_stock_proxy,1.0,MAIN,83.0,83.0,83.0,0.6014492753623188,0.6014492753623188,3,B3,0.042129,0.02533845652173913,0.026115528985507248,0.043421,10.5,13.0,16.5,475,False,,,,False,
1995,昌平区,monotone_stock_proxy,1.0,MAIN,83.0,83.0,83.0,0.6014492753623188,0.6014492753623188,4,B4,0.001292,0.0007770724637681159,0.0007770724637681159,0.001292,14.0,17.0,22.0,475,False,,,,False,
1995,昌平区,monotone_stock_proxy,1.0,MAIN,83.0,83.0,83.0,0.6014492753623188,0.6014492753623188,5,B5+,0.0,0.0,0.0,0.0,17.5,21.0,27.5,475,False,,,,False,
1996,昌平区,monotone_stock_proxy,1.0,MAIN,,,83.0,0.6014492753623188,0.6014492753623188,1,B1,0.634569,0.38166106521739135,0.6014498768115943,1.0000010000000001,3.5,5.0,5.5,475,False,,,,True,
1996,昌平区,monotone_stock_proxy,1.0,MAIN,,,83.0,0.6014492753623188,0.6014492753623188,2,B2,0.322011,0.19367328260869565,0.21978881159420288,0.365432,7.0,9.0,11.0,475,False,,,,True,
1996,昌平区,monotone_stock_proxy,1.0,MAIN,,,83.0,0.6014492753623188,0.6014492753623188,3,B3,0.042129,0.02533845652173913,0.026115528985507248,0.043421,10.5,13.0,16.5,475,False,,,,True,
1996,昌平区,monotone_stock_proxy,1.0,MAIN,,,83.0,0.6014492753623188,0.6014492753623188,4,B4,0.001292,0.0007770724637681159,0.0007770724637681159,0.001292,14.0,17.0,22.0,475,False,,,,True,
1996,昌平区,monotone_stock_proxy,1.0,MAIN,,,83.0,0.6014492753623188,0.6014492753623188,5,B5+,0.0,0.0,0.0,0.0,17.5,21.0,27.5,475,False,,,,True,
1997,昌平区,monotone_stock_proxy,1.0,MAIN,,,83.0,0.6014492753623188,0.6014492753623188,1,B1,0.634569,0.38166106521739135,0.6014498768115943,1.0000010000000001,3.5,5.0,5.5,475,False,,,,True,
1997,昌平区,monotone_stock_proxy,1.0,MAIN,,,83.0,0.6014492753623188,0.6014492753623188,2,B2,0.322011,0.19367328260869565,0.21978881159420288,0.365432,7.0,9.0,11.0,475,False,,,,True,
1997,昌平区,monotone_stock_proxy,1.0,MAIN,,,83.0,0.6014492753623188,0.6014492753623188,3,B3,0.042129,0.02533845652173913,0.026115528985507248,0.043421,10.5,13.0,16.5,475,False,,,,True,
1997,昌平区,monotone_stock_proxy,1.0,MAIN,,,83.0,0.6014492753623188,0.6014492753623188,4,B4,0.001292,0.0007770724637681159,0.0007770724637681159,0.001292,14.0,17.0,22.0,475,False,,,,True,
1997,昌平区,monotone_stock_proxy,1.0,MAIN,,,83.0,0.6014492753623188,0.6014492753623188,5,B5+,0.0,0.0,0.0,0.0,17.5,21.0,27.5,475,False,,,,True,
1998,昌平区,monotone_stock_proxy,1.0,MAIN,,,83.0,0.6014492753623188,0.6014492753623188,1,B1,0.634569,0.38166106521739135,0.6014498768115943,1.0000010000000001,3.5,5.0,5.5,475,False,,,,True,
1998,昌平区,monotone_stock_proxy,1.0,MAIN,,,83.0,0.6014492753623188,0.6014492753623188,2,B2,0.322011,0.19367328260869565,0.21978881159420288,0.365432,7.0,9.0,11.0,475,False,,,,True,
1998,昌平区,monotone_stock_proxy,1.0,MAIN,,,83.0,0.6014492753623188,0.6014492753623188,3,B3,0.042129,0.02533845652173913,0.026115528985507248,0.043421,10.5,13.0,16.5,475,False,,,,True,
1998,昌平区,monotone_stock_proxy,1.0,MAIN,,,83.0,0.6014492753623188,0.6014492753623188,4,B4,0.001292,0.0007770724637681159,0.0007770724637681159,0.001292,14.0,17.0,22.0,475,False,,,,True,
1998,昌平区,monotone_stock_proxy,1.0,MAIN,,,83.0,0.6014492753623188,0.6014492753623188,5,B5+,0.0,0.0,0.0,0.0,17.5,21.0,27.5,475,False,,,,True,
1999,昌平区,monotone_stock_proxy,1.0,MAIN,,,83.0,0.6014492753623188,0.6014492753623188,1,B1,0.634569,0.38166106521739135,0.6014498768115943,1.0000010000000001,3.5,5.0,5.5,475,False,,,,True,
1999,昌平区,monotone_stock_proxy,1.0,MAIN,,,83.0,0.6014492753623188,0.6014492753623188,2,B2,0.322011,0.19367328260869565,0.21978881159420288,0.365432,7.0,9.0,11.0,475,False,,,,True,
1999,昌平区,monotone_stock_proxy,1.0,MAIN,,,83.0,0.6014492753623188,0.6014492753623188,3,B3,0.042129,0.02533845652173913,0.026115528985507248,0.043421,10.5,13.0,16.5,475,False,,,,True,
1999,昌平区,monotone_stock_proxy,1.0,MAIN,,,83.0,0.6014492753623188,0.6014492753623188,4,B4,0.001292,0.0007770724637681159,0.0007770724637681159,0.001292,14.0,17.0,22.0,475,False,,,,True,
1999,昌平区,monotone_stock_proxy,1.0,MAIN,,,83.0,0.6014492753623188,0.6014492753623188,5,B5+,0.0,0.0,0.0,0.0,17.5,21.0,27.5,475,False,,,,True,
2000,昌平区,monotone_stock_proxy,1.0,MAIN,55.0,83.0,83.0,0.6014492753623188,0.6014492753623188,1,B1,0.634569,0.38166106521739135,0.6014498768115943,1.0000010000000001,3.5,5.0,5.5,475,False,,,,False,
2000,昌平区,monotone_stock_proxy,1.0,MAIN,55.0,83.0,83.0,0.6014492753623188,0.6014492753623188,2,B2,0.322011,0.19367328260869565,0.21978881159420288,0.365432,7.0,9.0,11.0,475,False,,,,False,
2000,昌平区,monotone_stock_proxy,1.0,MAIN,55.0,83.0,83.0,0.6014492753623188,0.6014492753623188,3,B3,0.042129,0.02533845652173913,0.026115528985507248,0.043421,10.5,13.0,16.5,475,False,,,,False,
2000,昌平区,monotone_stock_proxy,1.0,MAIN,55.0,83.0,83.0,0.6014492753623188,0.6014492753623188,4,B4,0.001292,0.0007770724637681159,0.0007770724637681159,0.001292,14.0,17.0,22.0,475,False,,,,False,
2000,昌平区,monotone_stock_proxy,1.0,MAIN,55.0,83.0,83.0,0.6014492753623188,0.6014492753623188,5,B5+,0.0,0.0,0.0,0.0,17.5,21.0,27.5,475,False,,,,False,
2001,昌平区,monotone_stock_proxy,1.0,MAIN,,,88.8,0.6434782608695652,0.6434782608695653,1,B1,0.634569,0.4083313565217392,0.6434789043478263,1.0000010000000001,3.5,5.0,5.5,475,False,,,,True,
2001,昌平区,monotone_stock_proxy,1.0,MAIN,,,88.8,0.6434782608695652,0.6434782608695653,2,B2,0.322011,0.2072070782608696,0.23514754782608696,0.365432,7.0,9.0,11.0,475,False,,,,True,
2001,昌平区,monotone_stock_proxy,1.0,MAIN,,,88.8,0.6434782608695652,0.6434782608695653,3,B3,0.042129,0.027109095652173915,0.027940469565217396,0.043421,10.5,13.0,16.5,475,False,,,,True,
2001,昌平区,monotone_stock_proxy,1.0,MAIN,,,88.8,0.6434782608695652,0.6434782608695653,4,B4,0.001292,0.0008313739130434783,0.0008313739130434783,0.001292,14.0,17.0,22.0,475,False,,,,True,
2001,昌平区,monotone_stock_proxy,1.0,MAIN,,,88.8,0.6434782608695652,0.6434782608695653,5,B5+,0.0,0.0,0.0,0.0,17.5,21.0,27.5,475,False,,,,True,
2002,昌平区,monotone_stock_proxy,1.0,MAIN,,,94.6,0.6855072463768116,0.6855072463768116,1,B1,0.634569,0.43500164782608697,0.6855079318840581,1.0000010000000001,3.5,5.0,5.5,475,False,,,,True,
2002,昌平区,monotone_stock_proxy,1.0,MAIN,,,94.6,0.6855072463768116,0.6855072463768116,2,B2,0.322011,0.22074087391304348,0.250506284057971,0.365432,7.0,9.0,11.0,475,False,,,,True,
2002,昌平区,monotone_stock_proxy,1.0,MAIN,,,94.6,0.6855072463768116,0.6855072463768116,3,B3,0.042129,0.028879734782608697,0.029765410144927538,0.043421,10.5,13.0,16.5,475,False,,,,True,
2002,昌平区,monotone_stock_proxy,1.0,MAIN,,,94.6,0.6855072463768116,0.6855072463768116,4,B4,0.001292,0.0008856753623188406,0.0008856753623188406,0.001292,14.0,17.0,22.0,475,False,,,,True,
2002,昌平区,monotone_stock_proxy,1.0,MAIN,,,94.6,0.6855072463768116,0.6855072463768116,5,B5+,0.0,0.0,0.0,0.0,17.5,21.0,27.5,475,False,,,,True,
2003,昌平区,monotone_stock_proxy,1.0,MAIN,,,100.4,0.727536231884058,0.727536231884058,1,B1,0.634569,0.46167193913043486,0.7275369594202901,1.0000010000000001,3.5,5.0,5.5,475,False,,,,True,
2003,昌平区,monotone_stock_proxy,1.0,MAIN,,,100.4,0.727536231884058,0.727536231884058,2,B2,0.322011,0.2342746695652174,0.2658650202898551,0.365432,7.0,9.0,11.0,475,False,,,,True,
2003,昌平区,monotone_stock_proxy,1.0,MAIN,,,100.4,0.727536231884058,0.727536231884058,3,B3,0.042129,0.03065037391304348,0.031590350724637686,0.043421,10.5,13.0,16.5,475,False,,,,True,
2003,昌平区,monotone_stock_proxy,1.0,MAIN,,,100.4,0.727536231884058,0.727536231884058,4,B4,0.001292,0.0009399768115942029,0.0009399768115942029,0.001292,14.0,17.0,22.0,475,False,,,,True,
2003,昌平区,monotone_stock_proxy,1.0,MAIN,,,100.4,0.727536231884058,0.727536231884058,5,B5+,0.0,0.0,0.0,0.0,17.5,21.0,27.5,475,False,,,,True,
2004,昌平区,monotone_stock_proxy,1.0,MAIN,,,106.2,0.7695652173913043,0.7695652173913043,1,B1,0.634569,0.48834223043478264,0.7695659869565219,1.0000010000000001,3.5,5.0,5.5,475,False,,,,True,
2004,昌平区,monotone_stock_proxy,1.0,MAIN,,,106.2,0.7695652173913043,0.7695652173913043,2,B2,0.322011,0.2478084652173913,0.2812237565217391,0.365432,7.0,9.0,11.0,475,False,,,,True,
2004,昌平区,monotone_stock_proxy,1.0,MAIN,,,106.2,0.7695652173913043,0.7695652173913043,3,B3,0.042129,0.03242101304347826,0.033415291304347824,0.043421,10.5,13.0,16.5,475,False,,,,True,
2004,昌平区,monotone_stock_proxy,1.0,MAIN,,,106.2,0.7695652173913043,0.7695652173913043,4,B4,0.001292,0.0009942782608695652,0.0009942782608695652,0.001292,14.0,17.0,22.0,475,False,,,,True,
2004,昌平区,monotone_stock_proxy,1.0,MAIN,,,106.2,0.7695652173913043,0.7695652173913043,5,B5+,0.0,0.0,0.0,0.0,17.5,21.0,27.5,475,False,,,,True,
2005,昌平区,monotone_stock_proxy,1.0,MAIN,112.0,112.0,112.0,0.8115942028985508,0.8115942028985508,1,B1,0.634569,0.5150125217391305,0.8115950144927538,1.0000010000000001,3.5,5.0,5.5,475,False,,,,False,
2005,昌平区,monotone_stock_proxy,1.0,MAIN,112.0,112.0,112.0,0.8115942028985508,0.8115942028985508,2,B2,0.322011,0.26134226086956525,0.2965824927536232,0.365432,7.0,9.0,11.0,475,False,,,,False,
2005,昌平区,monotone_stock_proxy,1.0,MAIN,112.0,112.0,112.0,0.8115942028985508,0.8115942028985508,3,B3,0.042129,0.03419165217391305,0.035240231884057976,0.043421,10.5,13.0,16.5,475,False,,,,False,
2005,昌平区,monotone_stock_proxy,1.0,MAIN,112.0,112.0,112.0,0.8115942028985508,0.8115942028985508,4,B4,0.001292,0.0010485797101449277,0.0010485797101449277,0.001292,14.0,17.0,22.0,475,False,,,,False,
2005,昌平区,monotone_stock_proxy,1.0,MAIN,112.0,112.0,112.0,0.8115942028985508,0.8115942028985508,5,B5+,0.0,0.0,0.0,0.0,17.5,21.0,27.5,475,False,,,,False,
2006,昌平区,monotone_stock_proxy,1.0,MAIN,,,116.8,0.8463768115942029,0.846376811594203,1,B1,0.634569,0.5370844869565218,0.8463776579710147,1.0000010000000001,3.5,5.0,5.5,475,False,,,,True,
2006,昌平区,monotone_stock_proxy,1.0,MAIN,,,116.8,0.8463768115942029,0.846376811594203,2,B2,0.322011,0.2725426434782609,0.3092931710144928,0.365432,7.0,9.0,11.0,475,False,,,,True,
2006,昌平区,monotone_stock_proxy,1.0,MAIN,,,116.8,0.8463768115942029,0.846376811594203,3,B3,0.042129,0.03565700869565218,0.03675052753623189,0.043421,10.5,13.0,16.5,475,False,,,,True,
2006,昌平区,monotone_stock_proxy,1.0,MAIN,,,116.8,0.8463768115942029,0.846376811594203,4,B4,0.001292,0.0010935188405797101,0.0010935188405797101,0.001292,14.0,17.0,22.0,475,False,,,,True,
2006,昌平区,monotone_stock_proxy,1.0,MAIN,,,116.8,0.8463768115942029,0.846376811594203,5,B5+,0.0,0.0,0.0,0.0,17.5,21.0,27.5,475,False,,,,True,
2007,昌平区,monotone_stock_proxy,1.0,MAIN,,,121.6,0.881159420289855,0.8811594202898552,1,B1,0.634569,0.5591564521739132,0.8811603014492756,1.0000010000000001,3.5,5.0,5.5,475,False,,,,True,
2007,昌平区,monotone_stock_proxy,1.0,MAIN,,,121.6,0.881159420289855,0.8811594202898552,2,B2,0.322011,0.28374302608695656,0.32200384927536235,0.365432,7.0,9.0,11.0,475,False,,,,True,
2007,昌平区,monotone_stock_proxy,1.0,MAIN,,,121.6,0.881159420289855,0.8811594202898552,3,B3,0.042129,0.03712236521739131,0.038260823188405804,0.043421,10.5,13.0,16.5,475,False,,,,True,
2007,昌平区,monotone_stock_proxy,1.0,MAIN,,,121.6,0.881159420289855,0.8811594202898552,4,B4,0.001292,0.0011384579710144928,0.0011384579710144928,0.001292,14.0,17.0,22.0,475,False,,,,True,
2007,昌平区,monotone_stock_proxy,1.0,MAIN,,,121.6,0.881159420289855,0.8811594202898552,5,B5+,0.0,0.0,0.0,0.0,17.5,21.0,27.5,475,False,,,,True,
2008,昌平区,monotone_stock_proxy,1.0,MAIN,,,126.4,0.9159420289855073,0.9159420289855073,1,B1,0.634569,0.5812284173913044,0.9159429449275364,1.0000010000000001,3.5,5.0,5.5,475,False,,,,True,
2008,昌平区,monotone_stock_proxy,1.0,MAIN,,,126.4,0.9159420289855073,0.9159420289855073,2,B2,0.322011,0.29494340869565217,0.3347145275362319,0.365432,7.0,9.0,11.0,475,False,,,,True,
2008,昌平区,monotone_stock_proxy,1.0,MAIN,,,126.4,0.9159420289855073,0.9159420289855073,3,B3,0.042129,0.038587721739130436,0.03977111884057971,0.043421,10.5,13.0,16.5,475,False,,,,True,
2008,昌平区,monotone_stock_proxy,1.0,MAIN,,,126.4,0.9159420289855073,0.9159420289855073,4,B4,0.001292,0.0011833971014492753,0.0011833971014492753,0.001292,14.0,17.0,22.0,475,False,,,,True,
2008,昌平区,monotone_stock_proxy,1.0,MAIN,,,126.4,0.9159420289855073,0.9159420289855073,5,B5+,0.0,0.0,0.0,0.0,17.5,21.0,27.5,475,False,,,,True,
2009,昌平区,monotone_stock_proxy,1.0,MAIN,,,131.2,0.9507246376811593,0.9507246376811594,1,B1,0.634569,0.6033003826086957,0.9507255884057972,1.0000010000000001,3.5,5.0,5.5,475,False,,,,True,
2009,昌平区,monotone_stock_proxy,1.0,MAIN,,,131.2,0.9507246376811593,0.9507246376811594,2,B2,0.322011,0.3061437913043478,0.34742520579710146,0.365432,7.0,9.0,11.0,475,False,,,,True,
2009,昌平区,monotone_stock_proxy,1.0,MAIN,,,131.2,0.9507246376811593,0.9507246376811594,3,B3,0.042129,0.04005307826086957,0.041281414492753625,0.043421,10.5,13.0,16.5,475,False,,,,True,
2009,昌平区,monotone_stock_proxy,1.0,MAIN,,,131.2,0.9507246376811593,0.9507246376811594,4,B4,0.001292,0.001228336231884058,0.001228336231884058,0.001292,14.0,17.0,22.0,475,False,,,,True,
2009,昌平区,monotone_stock_proxy,1.0,MAIN,,,131.2,0.9507246376811593,0.9507246376811594,5,B5+,0.0,0.0,0.0,0.0,17.5,21.0,27.5,475,False,,,,True,
2010,昌平区,monotone_stock_proxy,1.0,MAIN,136.0,136.0,136.0,0.9855072463768116,0.9855072463768116,1,B1,0.634569,0.6253723478260871,0.9855082318840581,1.0000010000000001,3.5,5.0,5.5,475,False,,,,False,
2010,昌平区,monotone_stock_proxy,1.0,MAIN,136.0,136.0,136.0,0.9855072463768116,0.9855072463768116,2,B2,0.322011,0.3173441739130435,0.36013588405797103,0.365432,7.0,9.0,11.0,475,False,,,,False,
2010,昌平区,monotone_stock_proxy,1.0,MAIN,136.0,136.0,136.0,0.9855072463768116,0.9855072463768116,3,B3,0.042129,0.0415184347826087,0.04279171014492754,0.043421,10.5,13.0,16.5,475,False,,,,False,
2010,昌平区,monotone_stock_proxy,1.0,MAIN,136.0,136.0,136.0,0.9855072463768116,0.9855072463768116,4,B4,0.001292,0.0012732753623188407,0.0012732753623188407,0.001292,14.0,17.0,22.0,475,False,,,,False,
2010,昌平区,monotone_stock_proxy,1.0,MAIN,136.0,136.0,136.0,0.9855072463768116,0.9855072463768116,5,B5+,0.0,0.0,0.0,0.0,17.5,21.0,27.5,475,False,,,,False,
2011,昌平区,monotone_stock_proxy,1.0,MAIN,,,136.4,0.9884057971014493,0.9884057971014493,1,B1,0.634569,0.6272116782608697,0.9884067855072465,1.0000010000000001,3.5,5.0,5.5,475,False,,,,True,
2011,昌平区,monotone_stock_proxy,1.0,MAIN,,,136.4,0.9884057971014493,0.9884057971014493,2,B2,0.322011,0.3182775391304348,0.36119510724637677,0.365432,7.0,9.0,11.0,475,False,,,,True,
2011,昌平区,monotone_stock_proxy,1.0,MAIN,,,136.4,0.9884057971014493,0.9884057971014493,3,B3,0.042129,0.041640547826086956,0.04291756811594203,0.043421,10.5,13.0,16.5,475,False,,,,True,
2011,昌平区,monotone_stock_proxy,1.0,MAIN,,,136.4,0.9884057971014493,0.9884057971014493,4,B4,0.001292,0.0012770202898550725,0.0012770202898550725,0.001292,14.0,17.0,22.0,475,False,,,,True,
2011,昌平区,monotone_stock_proxy,1.0,MAIN,,,136.4,0.9884057971014493,0.9884057971014493,5,B5+,0.0,0.0,0.0,0.0,17.5,21.0,27.5,475,False,,,,True,
2012,昌平区,monotone_stock_proxy,1.0,MAIN,,,136.8,0.991304347826087,0.991304347826087,1,B1,0.634569,0.6290510086956522,0.991305339130435,1.0000010000000001,3.5,5.0,5.5,475,False,,,,True,
2012,昌平区,monotone_stock_proxy,1.0,MAIN,,,136.8,0.991304347826087,0.991304347826087,2,B2,0.322011,0.3192109043478261,0.3622543304347826,0.365432,7.0,9.0,11.0,475,False,,,,True,
2012,昌平区,monotone_stock_proxy,1.0,MAIN,,,136.8,0.991304347826087,0.991304347826087,3,B3,0.042129,0.04176266086956522,0.04304342608695653,0.043421,10.5,13.0,16.5,475,False,,,,True,
2012,昌平区,monotone_stock_proxy,1.0,MAIN,,,136.8,0.991304347826087,0.991304347826087,4,B4,0.001292,0.0012807652173913043,0.0012807652173913043,0.001292,14.0,17.0,22.0,475,False,,,,True,
2012,昌平区,monotone_stock_proxy,1.0,MAIN,,,136.8,0.991304347826087,0.991304347826087,5,B5+,0.0,0.0,0.0,0.0,17.5,21.0,27.5,475,False,,,,True,
2013,昌平区,monotone_stock_proxy,1.0,MAIN,,,137.2,0.9942028985507245,0.9942028985507246,1,B1,0.634569,0.6308903391304348,0.9942038927536233,1.0000010000000001,3.5,5.0,5.5,475,False,,,,True,
2013,昌平区,monotone_stock_proxy,1.0,MAIN,,,137.2,0.9942028985507245,0.9942028985507246,2,B2,0.322011,0.32014426956521735,0.3633135536231884,0.365432,7.0,9.0,11.0,475,False,,,,True,
2013,昌平区,monotone_stock_proxy,1.0,MAIN,,,137.2,0.9942028985507245,0.9942028985507246,3,B3,0.042129,0.04188477391304348,0.04316928405797101,0.043421,10.5,13.0,16.5,475,False,,,,True,
2013,昌平区,monotone_stock_proxy,1.0,MAIN,,,137.2,0.9942028985507245,0.9942028985507246,4,B4,0.001292,0.0012845101449275361,0.0012845101449275361,0.001292,14.0,17.0,22.0,475,False,,,,True,
2013,昌平区,monotone_stock_proxy,1.0,MAIN,,,137.2,0.9942028985507245,0.9942028985507246,5,B5+,0.0,0.0,0.0,0.0,17.5,21.0,27.5,475,False,,,,True,
2014,昌平区,monotone_stock_proxy,1.0,MAIN,,,137.6,0.9971014492753623,0.9971014492753624,1,B1,0.634569,0.6327296695652175,0.9971024463768118,1.0000010000000001,3.5,5.0,5.5,475,False,,,,True,
2014,昌平区,monotone_stock_proxy,1.0,MAIN,,,137.6,0.9971014492753623,0.9971014492753624,2,B2,0.322011,0.3210776347826087,0.3643727768115942,0.365432,7.0,9.0,11.0,475,False,,,,True,
2014,昌平区,monotone_stock_proxy,1.0,MAIN,,,137.6,0.9971014492753623,0.9971014492753624,3,B3,0.042129,0.042006886956521744,0.04329514202898551,0.043421,10.5,13.0,16.5,475,False,,,,True,
2014,昌平区,monotone_stock_proxy,1.0,MAIN,,,137.6,0.9971014492753623,0.9971014492753624,4,B4,0.001292,0.0012882550724637681,0.0012882550724637681,0.001292,14.0,17.0,22.0,475,False,,,,True,
2014,昌平区,monotone_stock_proxy,1.0,MAIN,,,137.6,0.9971014492753623,0.9971014492753624,5,B5+,0.0,0.0,0.0,0.0,17.5,21.0,27.5,475,False,,,,True,
2015,昌平区,monotone_stock_proxy,1.0,MAIN,138.0,138.0,138.0,1.0,1.0,1,B1,0.634569,0.634569,1.0000010000000001,1.0000010000000001,3.5,5.0,5.5,475,False,,,,False,
2015,昌平区,monotone_stock_proxy,1.0,MAIN,138.0,138.0,138.0,1.0,1.0,2,B2,0.322011,0.322011,0.365432,0.365432,7.0,9.0,11.0,475,False,,,,False,
2015,昌平区,monotone_stock_proxy,1.0,MAIN,138.0,138.0,138.0,1.0,1.0,3,B3,0.042129,0.042129,0.043421,0.043421,10.5,13.0,16.5,475,False,,,,False,
2015,昌平区,monotone_stock_proxy,1.0,MAIN,138.0,138.0,138.0,1.0,1.0,4,B4,0.001292,0.001292,0.001292,0.001292,14.0,17.0,22.0,475,False,,,,False,
2015,昌平区,monotone_stock_proxy,1.0,MAIN,138.0,138.0,138.0,1.0,1.0,5,B5+,0.0,0.0,0.0,0.0,17.5,21.0,27.5,475,False,,,,False,
2016,昌平区,monotone_stock_proxy,1.0,MAIN,,,138.0,1.0,1.0,1,B1,0.634569,0.634569,1.0000010000000001,1.0000010000000001,3.5,5.0,5.5,475,False,,,,True,
2016,昌平区,monotone_stock_proxy,1.0,MAIN,,,138.0,1.0,1.0,2,B2,0.322011,0.322011,0.365432,0.365432,7.0,9.0,11.0,475,False,,,,True,
2016,昌平区,monotone_stock_proxy,1.0,MAIN,,,138.0,1.0,1.0,3,B3,0.042129,0.042129,0.043421,0.043421,10.5,13.0,16.5,475,False,,,,True,
2016,昌平区,monotone_stock_proxy,1.0,MAIN,,,138.0,1.0,1.0,4,B4,0.001292,0.001292,0.001292,0.001292,14.0,17.0,22.0,475,False,,,,True,
2016,昌平区,monotone_stock_proxy,1.0,MAIN,,,138.0,1.0,1.0,5,B5+,0.0,0.0,0.0,0.0,17.5,21.0,27.5,475,False,,,,True,
2017,昌平区,monotone_stock_proxy,1.0,MAIN,,,138.0,1.0,1.0,1,B1,0.634569,0.634569,1.0000010000000001,1.0000010000000001,3.5,5.0,5.5,475,False,,,,True,
2017,昌平区,monotone_stock_proxy,1.0,MAIN,,,138.0,1.0,1.0,2,B2,0.322011,0.322011,0.365432,0.365432,7.0,9.0,11.0,475,False,,,,True,
2017,昌平区,monotone_stock_proxy,1.0,MAIN,,,138.0,1.0,1.0,3,B3,0.042129,0.042129,0.043421,0.043421,10.5,13.0,16.5,475,False,,,,True,
2017,昌平区,monotone_stock_proxy,1.0,MAIN,,,138.0,1.0,1.0,4,B4,0.001292,0.001292,0.001292,0.001292,14.0,17.0,22.0,475,False,,,,True,
2017,昌平区,monotone_stock_proxy,1.0,MAIN,,,138.0,1.0,1.0,5,B5+,0.0,0.0,0.0,0.0,17.5,21.0,27.5,475,False,,,,True,
2018,昌平区,monotone_stock_proxy,1.0,MAIN,,,138.0,1.0,1.0,1,B1,0.634569,0.634569,1.0000010000000001,1.0000010000000001,3.5,5.0,5.5,475,False,,,,True,
2018,昌平区,monotone_stock_proxy,1.0,MAIN,,,138.0,1.0,1.0,2,B2,0.322011,0.322011,0.365432,0.365432,7.0,9.0,11.0,475,False,,,,True,
2018,昌平区,monotone_stock_proxy,1.0,MAIN,,,138.0,1.0,1.0,3,B3,0.042129,0.042129,0.043421,0.043421,10.5,13.0,16.5,475,False,,,,True,
2018,昌平区,monotone_stock_proxy,1.0,MAIN,,,138.0,1.0,1.0,4,B4,0.001292,0.001292,0.001292,0.001292,14.0,17.0,22.0,475,False,,,,True,
2018,昌平区,monotone_stock_proxy,1.0,MAIN,,,138.0,1.0,1.0,5,B5+,0.0,0.0,0.0,0.0,17.5,21.0,27.5,475,False,,,,True,
2019,昌平区,monotone_stock_proxy,1.0,MAIN,,,138.0,1.0,1.0,1,B1,0.634569,0.634569,1.0000010000000001,1.0000010000000001,3.5,5.0,5.5,475,False,,,,True,
2019,昌平区,monotone_stock_proxy,1.0,MAIN,,,138.0,1.0,1.0,2,B2,0.322011,0.322011,0.365432,0.365432,7.0,9.0,11.0,475,False,,,,True,
2019,昌平区,monotone_stock_proxy,1.0,MAIN,,,138.0,1.0,1.0,3,B3,0.042129,0.042129,0.043421,0.043421,10.5,13.0,16.5,475,False,,,,True,
2019,昌平区,monotone_stock_proxy,1.0,MAIN,,,138.0,1.0,1.0,4,B4,0.001292,0.001292,0.001292,0.001292,14.0,17.0,22.0,475,False,,,,True,
2019,昌平区,monotone_stock_proxy,1.0,MAIN,,,138.0,1.0,1.0,5,B5+,0.0,0.0,0.0,0.0,17.5,21.0,27.5,475,False,,,,True,
2020,昌平区,monotone_stock_proxy,1.0,MAIN,137.0,138.0,138.0,1.0,1.0,1,B1,0.634569,0.634569,1.0000010000000001,1.0000010000000001,3.5,5.0,5.5,475,False,,,,False,
2020,昌平区,monotone_stock_proxy,1.0,MAIN,137.0,138.0,138.0,1.0,1.0,2,B2,0.322011,0.322011,0.365432,0.365432,7.0,9.0,11.0,475,False,,,,False,
2020,昌平区,monotone_stock_proxy,1.0,MAIN,137.0,138.0,138.0,1.0,1.0,3,B3,0.042129,0.042129,0.043421,0.043421,10.5,13.0,16.5,475,False,,,,False,
2020,昌平区,monotone_stock_proxy,1.0,MAIN,137.0,138.0,138.0,1.0,1.0,4,B4,0.001292,0.001292,0.001292,0.001292,14.0,17.0,22.0,475,False,,,,False,
2020,昌平区,monotone_stock_proxy,1.0,MAIN,137.0,138.0,138.0,1.0,1.0,5,B5+,0.0,0.0,0.0,0.0,17.5,21.0,27.5,475,False,,,,False,
1980,朝阳区,monotone_stock_proxy,1.0,MAIN,84.0,84.0,84.0,0.2553191489361702,0.2553191489361702,1,B1,0.8037521962478037,0.2052133267015669,0.25531914893617014,0.9999999999999999,3.5,5.0,5.5,52,False,,,,False,
1980,朝阳区,monotone_stock_proxy,1.0,MAIN,84.0,84.0,84.0,0.2553191489361702,0.2553191489361702,2,B2,0.15184584815415184,0.03876915272020898,0.05010582223460329,0.19624780375219622,7.0,9.0,11.0,52,False,,,,False,
1980,朝阳区,monotone_stock_proxy,1.0,MAIN,84.0,84.0,84.0,0.2553191489361702,0.2553191489361702,3,B3,0.042009957990042,0.010725946720861787,0.011336669514394312,0.04440195559804439,10.5,13.0,16.5,52,False,,,,False,
1980,朝阳区,monotone_stock_proxy,1.0,MAIN,84.0,84.0,84.0,0.2553191489361702,0.2553191489361702,4,B4,0.002391997608002392,0.0006107227935325256,0.0006107227935325256,0.002391997608002392,14.0,17.0,22.0,52,False,,,,False,
1980,朝阳区,monotone_stock_proxy,1.0,MAIN,84.0,84.0,84.0,0.2553191489361702,0.2553191489361702,5,B5+,0.0,0.0,0.0,0.0,17.5,21.0,27.5,52,False,,,,False,
1981,朝阳区,monotone_stock_proxy,1.0,MAIN,,,84.0,0.2553191489361702,0.2553191489361702,1,B1,0.8037521962478037,0.2052133267015669,0.25531914893617014,0.9999999999999999,3.5,5.0,5.5,52,False,,,,True,
1981,朝阳区,monotone_stock_proxy,1.0,MAIN,,,84.0,0.2553191489361702,0.2553191489361702,2,B2,0.15184584815415184,0.03876915272020898,0.05010582223460329,0.19624780375219622,7.0,9.0,11.0,52,False,,,,True,
1981,朝阳区,monotone_stock_proxy,1.0,MAIN,,,84.0,0.2553191489361702,0.2553191489361702,3,B3,0.042009957990042,0.010725946720861787,0.011336669514394312,0.04440195559804439,10.5,13.0,16.5,52,False,,,,True,
1981,朝阳区,monotone_stock_proxy,1.0,MAIN,,,84.0,0.2553191489361702,0.2553191489361702,4,B4,0.002391997608002392,0.0006107227935325256,0.0006107227935325256,0.002391997608002392,14.0,17.0,22.0,52,False,,,,True,
1981,朝阳区,monotone_stock_proxy,1.0,MAIN,,,84.0,0.2553191489361702,0.2553191489361702,5,B5+,0.0,0.0,0.0,0.0,17.5,21.0,27.5,52,False,,,,True,
1982,朝阳区,monotone_stock_proxy,1.0,MAIN,,,84.0,0.2553191489361702,0.2553191489361702,1,B1,0.8037521962478037,0.2052133267015669,0.25531914893617014,0.9999999999999999,3.5,5.0,5.5,52,False,,,,True,
1982,朝阳区,monotone_stock_proxy,1.0,MAIN,,,84.0,0.2553191489361702,0.2553191489361702,2,B2,0.15184584815415184,0.03876915272020898,0.05010582223460329,0.19624780375219622,7.0,9.0,11.0,52,False,,,,True,
1982,朝阳区,monotone_stock_proxy,1.0,MAIN,,,84.0,0.2553191489361702,0.2553191489361702,3,B3,0.042009957990042,0.010725946720861787,0.011336669514394312,0.04440195559804439,10.5,13.0,16.5,52,False,,,,True,
1982,朝阳区,monotone_stock_proxy,1.0,MAIN,,,84.0,0.2553191489361702,0.2553191489361702,4,B4,0.002391997608002392,0.0006107227935325256,0.0006107227935325256,0.002391997608002392,14.0,17.0,22.0,52,False,,,,True,
1982,朝阳区,monotone_stock_proxy,1.0,MAIN,,,84.0,0.2553191489361702,0.2553191489361702,5,B5+,0.0,0.0,0.0,0.0,17.5,21.0,27.5,52,False,,,,True,
1983,朝阳区,monotone_stock_proxy,1.0,MAIN,,,84.0,0.2553191489361702,0.2553191489361702,1,B1,0.8037521962478037,0.2052133267015669,0.25531914893617014,0.9999999999999999,3.5,5.0,5.5,52,False,,,,True,
1983,朝阳区,monotone_stock_proxy,1.0,MAIN,,,84.0,0.2553191489361702,0.2553191489361702,2,B2,0.15184584815415184,0.03876915272020898,0.05010582223460329,0.19624780375219622,7.0,9.0,11.0,52,False,,,,True,
1983,朝阳区,monotone_stock_proxy,1.0,MAIN,,,84.0,0.2553191489361702,0.2553191489361702,3,B3,0.042009957990042,0.010725946720861787,0.011336669514394312,0.04440195559804439,10.5,13.0,16.5,52,False,,,,True,
1983,朝阳区,monotone_stock_proxy,1.0,MAIN,,,84.0,0.2553191489361702,0.2553191489361702,4,B4,0.002391997608002392,0.0006107227935325256,0.0006107227935325256,0.002391997608002392,14.0,17.0,22.0,52,False,,,,True,
1983,朝阳区,monotone_stock_proxy,1.0,MAIN,,,84.0,0.2553191489361702,0.2553191489361702,5,B5+,0.0,0.0,0.0,0.0,17.5,21.0,27.5,52,False,,,,True,
1984,朝阳区,monotone_stock_proxy,1.0,MAIN,,,84.0,0.2553191489361702,0.2553191489361702,1,B1,0.8037521962478037,0.2052133267015669,0.25531914893617014,0.9999999999999999,3.5,5.0,5.5,52,False,,,,True,
1984,朝阳区,monotone_stock_proxy,1.0,MAIN,,,84.0,0.2553191489361702,0.2553191489361702,2,B2,0.15184584815415184,0.03876915272020898,0.05010582223460329,0.19624780375219622,7.0,9.0,11.0,52,False,,,,True,
1984,朝阳区,monotone_stock_proxy,1.0,MAIN,,,84.0,0.2553191489361702,0.2553191489361702,3,B3,0.042009957990042,0.010725946720861787,0.011336669514394312,0.04440195559804439,10.5,13.0,16.5,52,False,,,,True,
1984,朝阳区,monotone_stock_proxy,1.0,MAIN,,,84.0,0.2553191489361702,0.2553191489361702,4,B4,0.002391997608002392,0.0006107227935325256,0.0006107227935325256,0.002391997608002392,14.0,17.0,22.0,52,False,,,,True,
1984,朝阳区,monotone_stock_proxy,1.0,MAIN,,,84.0,0.2553191489361702,0.2553191489361702,5,B5+,0.0,0.0,0.0,0.0,17.5,21.0,27.5,52,False,,,,True,
1985,朝阳区,monotone_stock_proxy,1.0,MAIN,,,84.0,0.2553191489361702,0.2553191489361702,1,B1,0.8037521962478037,0.2052133267015669,0.25531914893617014,0.9999999999999999,3.5,5.0,5.5,52,False,,,,True,
1985,朝阳区,monotone_stock_proxy,1.0,MAIN,,,84.0,0.2553191489361702,0.2553191489361702,2,B2,0.15184584815415184,0.03876915272020898,0.05010582223460329,0.19624780375219622,7.0,9.0,11.0,52,False,,,,True,
1985,朝阳区,monotone_stock_proxy,1.0,MAIN,,,84.0,0.2553191489361702,0.2553191489361702,3,B3,0.042009957990042,0.010725946720861787,0.011336669514394312,0.04440195559804439,10.5,13.0,16.5,52,False,,,,True,
1985,朝阳区,monotone_stock_proxy,1.0,MAIN,,,84.0,0.2553191489361702,0.2553191489361702,4,B4,0.002391997608002392,0.0006107227935325256,0.0006107227935325256,0.002391997608002392,14.0,17.0,22.0,52,False,,,,True,
1985,朝阳区,monotone_stock_proxy,1.0,MAIN,,,84.0,0.2553191489361702,0.2553191489361702,5,B5+,0.0,0.0,0.0,0.0,17.5,21.0,27.5,52,False,,,,True,
1986,朝阳区,monotone_stock_proxy,1.0,MAIN,,,84.0,0.2553191489361702,0.2553191489361702,1,B1,0.8037521962478037,0.2052133267015669,0.25531914893617014,0.9999999999999999,3.5,5.0,5.5,52,False,,,,True,
1986,朝阳区,monotone_stock_proxy,1.0,MAIN,,,84.0,0.2553191489361702,0.2553191489361702,2,B2,0.15184584815415184,0.03876915272020898,0.05010582223460329,0.19624780375219622,7.0,9.0,11.0,52,False,,,,True,
1986,朝阳区,monotone_stock_proxy,1.0,MAIN,,,84.0,0.2553191489361702,0.2553191489361702,3,B3,0.042009957990042,0.010725946720861787,0.011336669514394312,0.04440195559804439,10.5,13.0,16.5,52,False,,,,True,
1986,朝阳区,monotone_stock_proxy,1.0,MAIN,,,84.0,0.2553191489361702,0.2553191489361702,4,B4,0.002391997608002392,0.0006107227935325256,0.0006107227935325256,0.002391997608002392,14.0,17.0,22.0,52,False,,,,True,
1986,朝阳区,monotone_stock_proxy,1.0,MAIN,,,84.0,0.2553191489361702,0.2553191489361702,5,B5+,0.0,0.0,0.0,0.0,17.5,21.0,27.5,52,False,,,,True,
1987,朝阳区,monotone_stock_proxy,1.0,MAIN,,,84.0,0.2553191489361702,0.2553191489361702,1,B1,0.8037521962478037,0.2052133267015669,0.25531914893617014,0.9999999999999999,3.5,5.0,5.5,52,False,,,,True,
1987,朝阳区,monotone_stock_proxy,1.0,MAIN,,,84.0,0.2553191489361702,0.2553191489361702,2,B2,0.15184584815415184,0.03876915272020898,0.05010582223460329,0.19624780375219622,7.0,9.0,11.0,52,False,,,,True,
1987,朝阳区,monotone_stock_proxy,1.0,MAIN,,,84.0,0.2553191489361702,0.2553191489361702,3,B3,0.042009957990042,0.010725946720861787,0.011336669514394312,0.04440195559804439,10.5,13.0,16.5,52,False,,,,True,
1987,朝阳区,monotone_stock_proxy,1.0,MAIN,,,84.0,0.2553191489361702,0.2553191489361702,4,B4,0.002391997608002392,0.0006107227935325256,0.0006107227935325256,0.002391997608002392,14.0,17.0,22.0,52,False,,,,True,
1987,朝阳区,monotone_stock_proxy,1.0,MAIN,,,84.0,0.2553191489361702,0.2553191489361702,5,B5+,0.0,0.0,0.0,0.0,17.5,21.0,27.5,52,False,,,,True,
1988,朝阳区,monotone_stock_proxy,1.0,MAIN,,,84.0,0.2553191489361702,0.2553191489361702,1,B1,0.8037521962478037,0.2052133267015669,0.25531914893617014,0.9999999999999999,3.5,5.0,5.5,52,False,,,,True,
1988,朝阳区,monotone_stock_proxy,1.0,MAIN,,,84.0,0.2553191489361702,0.2553191489361702,2,B2,0.15184584815415184,0.03876915272020898,0.05010582223460329,0.19624780375219622,7.0,9.0,11.0,52,False,,,,True,
1988,朝阳区,monotone_stock_proxy,1.0,MAIN,,,84.0,0.2553191489361702,0.2553191489361702,3,B3,0.042009957990042,0.010725946720861787,0.011336669514394312,0.04440195559804439,10.5,13.0,16.5,52,False,,,,True,
1988,朝阳区,monotone_stock_proxy,1.0,MAIN,,,84.0,0.2553191489361702,0.2553191489361702,4,B4,0.002391997608002392,0.0006107227935325256,0.0006107227935325256,0.002391997608002392,14.0,17.0,22.0,52,False,,,,True,
1988,朝阳区,monotone_stock_proxy,1.0,MAIN,,,84.0,0.2553191489361702,0.2553191489361702,5,B5+,0.0,0.0,0.0,0.0,17.5,21.0,27.5,52,False,,,,True,
1989,朝阳区,monotone_stock_proxy,1.0,MAIN,,,84.0,0.2553191489361702,0.2553191489361702,1,B1,0.8037521962478037,0.2052133267015669,0.25531914893617014,0.9999999999999999,3.5,5.0,5.5,52,False,,,,True,
1989,朝阳区,monotone_stock_proxy,1.0,MAIN,,,84.0,0.2553191489361702,0.2553191489361702,2,B2,0.15184584815415184,0.03876915272020898,0.05010582223460329,0.19624780375219622,7.0,9.0,11.0,52,False,,,,True,
1989,朝阳区,monotone_stock_proxy,1.0,MAIN,,,84.0,0.2553191489361702,0.2553191489361702,3,B3,0.042009957990042,0.010725946720861787,0.011336669514394312,0.04440195559804439,10.5,13.0,16.5,52,False,,,,True,
1989,朝阳区,monotone_stock_proxy,1.0,MAIN,,,84.0,0.2553191489361702,0.2553191489361702,4,B4,0.002391997608002392,0.0006107227935325256,0.0006107227935325256,0.002391997608002392,14.0,17.0,22.0,52,False,,,,True,
1989,朝阳区,monotone_stock_proxy,1.0,MAIN,,,84.0,0.2553191489361702,0.2553191489361702,5,B5+,0.0,0.0,0.0,0.0,17.5,21.0,27.5,52,False,,,,True,
1990,朝阳区,monotone_stock_proxy,1.0,MAIN,82.0,84.0,84.0,0.2553191489361702,0.2553191489361702,1,B1,0.8037521962478037,0.2052133267015669,0.25531914893617014,0.9999999999999999,3.5,5.0,5.5,52,False,,,,False,
1990,朝阳区,monotone_stock_proxy,1.0,MAIN,82.0,84.0,84.0,0.2553191489361702,0.2553191489361702,2,B2,0.15184584815415184,0.03876915272020898,0.05010582223460329,0.19624780375219622,7.0,9.0,11.0,52,False,,,,False,
1990,朝阳区,monotone_stock_proxy,1.0,MAIN,82.0,84.0,84.0,0.2553191489361702,0.2553191489361702,3,B3,0.042009957990042,0.010725946720861787,0.011336669514394312,0.04440195559804439,10.5,13.0,16.5,52,False,,,,False,
1990,朝阳区,monotone_stock_proxy,1.0,MAIN,82.0,84.0,84.0,0.2553191489361702,0.2553191489361702,4,B4,0.002391997608002392,0.0006107227935325256,0.0006107227935325256,0.002391997608002392,14.0,17.0,22.0,52,False,,,,False,
1990,朝阳区,monotone_stock_proxy,1.0,MAIN,82.0,84.0,84.0,0.2553191489361702,0.2553191489361702,5,B5+,0.0,0.0,0.0,0.0,17.5,21.0,27.5,52,False,,,,False,
1991,朝阳区,monotone_stock_proxy,1.0,MAIN,,,115.6,0.35136778115501516,0.3513677811550152,1,B1,0.8037521962478037,0.2824126257940611,0.35136778115501516,0.9999999999999999,3.5,5.0,5.5,52,False,,,,True,
1991,朝阳区,monotone_stock_proxy,1.0,MAIN,,,115.6,0.35136778115501516,0.3513677811550152,2,B2,0.15184584815415184,0.05335373874352569,0.06895515536095405,0.19624780375219622,7.0,9.0,11.0,52,False,,,,True,
1991,朝阳区,monotone_stock_proxy,1.0,MAIN,,,115.6,0.35136778115501516,0.3513677811550152,3,B3,0.042009957990042,0.01476094572537646,0.015601416617428365,0.04440195559804439,10.5,13.0,16.5,52,False,,,,True,
1991,朝阳区,monotone_stock_proxy,1.0,MAIN,,,115.6,0.35136778115501516,0.3513677811550152,4,B4,0.002391997608002392,0.0008404708920519043,0.0008404708920519043,0.002391997608002392,14.0,17.0,22.0,52,False,,,,True,
1991,朝阳区,monotone_stock_proxy,1.0,MAIN,,,115.6,0.35136778115501516,0.3513677811550152,5,B5+,0.0,0.0,0.0,0.0,17.5,21.0,27.5,52,False,,,,True,
1992,朝阳区,monotone_stock_proxy,1.0,MAIN,,,147.2,0.4474164133738601,0.4474164133738602,1,B1,0.8037521962478037,0.3596119248865553,0.4474164133738601,0.9999999999999999,3.5,5.0,5.5,52,False,,,,True,
1992,朝阳区,monotone_stock_proxy,1.0,MAIN,,,147.2,0.4474164133738601,0.4474164133738602,2,B2,0.15184584815415184,0.0679383247668424,0.08780448848730481,0.19624780375219622,7.0,9.0,11.0,52,False,,,,True,
1992,朝阳区,monotone_stock_proxy,1.0,MAIN,,,147.2,0.4474164133738601,0.4474164133738602,3,B3,0.042009957990042,0.018795944729891132,0.019866163720462415,0.04440195559804439,10.5,13.0,16.5,52,False,,,,True,
1992,朝阳区,monotone_stock_proxy,1.0,MAIN,,,147.2,0.4474164133738601,0.4474164133738602,4,B4,0.002391997608002392,0.001070218990571283,0.001070218990571283,0.002391997608002392,14.0,17.0,22.0,52,False,,,,True,
1992,朝阳区,monotone_stock_proxy,1.0,MAIN,,,147.2,0.4474164133738601,0.4474164133738602,5,B5+,0.0,0.0,0.0,0.0,17.5,21.0,27.5,52,False,,,,True,
1993,朝阳区,monotone_stock_proxy,1.0,MAIN,,,178.8,0.5434650455927053,0.5434650455927053,1,B1,0.8037521962478037,0.4368112239790496,0.5434650455927051,0.9999999999999999,3.5,5.0,5.5,52,False,,,,True,
1993,朝阳区,monotone_stock_proxy,1.0,MAIN,,,178.8,0.5434650455927053,0.5434650455927053,2,B2,0.15184584815415184,0.08252291079015912,0.1066538216136556,0.19624780375219622,7.0,9.0,11.0,52,False,,,,True,
1993,朝阳区,monotone_stock_proxy,1.0,MAIN,,,178.8,0.5434650455927053,0.5434650455927053,3,B3,0.042009957990042,0.022830943734405806,0.02413091082349647,0.04440195559804439,10.5,13.0,16.5,52,False,,,,True,
1993,朝阳区,monotone_stock_proxy,1.0,MAIN,,,178.8,0.5434650455927053,0.5434650455927053,4,B4,0.002391997608002392,0.0012999670890906617,0.0012999670890906617,0.002391997608002392,14.0,17.0,22.0,52,False,,,,True,
1993,朝阳区,monotone_stock_proxy,1.0,MAIN,,,178.8,0.5434650455927053,0.5434650455927053,5,B5+,0.0,0.0,0.0,0.0,17.5,21.0,27.5,52,False,,,,True,
1994,朝阳区,monotone_stock_proxy,1.0,MAIN,,,210.4,0.6395136778115502,0.6395136778115502,1,B1,0.8037521962478037,0.5140105230715438,0.6395136778115501,0.9999999999999999,3.5,5.0,5.5,52,False,,,,True,
1994,朝阳区,monotone_stock_proxy,1.0,MAIN,,,210.4,0.6395136778115502,0.6395136778115502,2,B2,0.15184584815415184,0.09710749681347583,0.12550315474000634,0.19624780375219622,7.0,9.0,11.0,52,False,,,,True,
1994,朝阳区,monotone_stock_proxy,1.0,MAIN,,,210.4,0.6395136778115502,0.6395136778115502,3,B3,0.042009957990042,0.02686594273892048,0.02839565792653052,0.04440195559804439,10.5,13.0,16.5,52,False,,,,True,
1994,朝阳区,monotone_stock_proxy,1.0,MAIN,,,210.4,0.6395136778115502,0.6395136778115502,4,B4,0.002391997608002392,0.0015297151876100404,0.0015297151876100404,0.002391997608002392,14.0,17.0,22.0,52,False,,,,True,
1994,朝阳区,monotone_stock_proxy,1.0,MAIN,,,210.4,0.6395136778115502,0.6395136778115502,5,B5+,0.0,0.0,0.0,0.0,17.5,21.0,27.5,52,False,,,,True,
1995,朝阳区,monotone_stock_proxy,1.0,MAIN,242.0,242.0,242.0,0.7355623100303952,0.7355623100303952,1,B1,0.8037521962478037,0.5912098221640381,0.7355623100303951,0.9999999999999999,3.5,5.0,5.5,52,False,,,,False,
1995,朝阳区,monotone_stock_proxy,1.0,MAIN,242.0,242.0,242.0,0.7355623100303952,0.7355623100303952,2,B2,0.15184584815415184,0.11169208283679254,0.1443524878663571,0.19624780375219622,7.0,9.0,11.0,52,False,,,,False,
1995,朝阳区,monotone_stock_proxy,1.0,MAIN,242.0,242.0,242.0,0.7355623100303952,0.7355623100303952,3,B3,0.042009957990042,0.03090094174343515,0.03266040502956457,0.04440195559804439,10.5,13.0,16.5,52,False,,,,False,
1995,朝阳区,monotone_stock_proxy,1.0,MAIN,242.0,242.0,242.0,0.7355623100303952,0.7355623100303952,4,B4,0.002391997608002392,0.001759463286129419,0.001759463286129419,0.002391997608002392,14.0,17.0,22.0,52,False,,,,False,
1995,朝阳区,monotone_stock_proxy,1.0,MAIN,242.0,242.0,242.0,0.7355623100303952,0.7355623100303952,5,B5+,0.0,0.0,0.0,0.0,17.5,21.0,27.5,52,False,,,,False,
1996,朝阳区,monotone_stock_proxy,1.0,MAIN,,,243.0,0.7386018237082067,0.7386018237082067,1,B1,0.8037521962478037,0.5936528379581043,0.7386018237082066,0.9999999999999999,3.5,5.0,5.5,52,False,,,,True,
1996,朝阳区,monotone_stock_proxy,1.0,MAIN,,,243.0,0.7386018237082067,0.7386018237082067,2,B2,0.15184584815415184,0.11215362036917598,0.14494898575010237,0.19624780375219622,7.0,9.0,11.0,52,False,,,,True,
1996,朝阳区,monotone_stock_proxy,1.0,MAIN,,,243.0,0.7386018237082067,0.7386018237082067,3,B3,0.042009957990042,0.031028631585350172,0.03279536538092641,0.04440195559804439,10.5,13.0,16.5,52,False,,,,True,
1996,朝阳区,monotone_stock_proxy,1.0,MAIN,,,243.0,0.7386018237082067,0.7386018237082067,4,B4,0.002391997608002392,0.0017667337955762348,0.0017667337955762348,0.002391997608002392,14.0,17.0,22.0,52,False,,,,True,
1996,朝阳区,monotone_stock_proxy,1.0,MAIN,,,243.0,0.7386018237082067,0.7386018237082067,5,B5+,0.0,0.0,0.0,0.0,17.5,21.0,27.5,52,False,,,,True,
1997,朝阳区,monotone_stock_proxy,1.0,MAIN,,,244.0,0.7416413373860182,0.7416413373860182,1,B1,0.8037521962478037,0.5960958537521706,0.7416413373860181,0.9999999999999999,3.5,5.0,5.5,52,False,,,,True,
1997,朝阳区,monotone_stock_proxy,1.0,MAIN,,,244.0,0.7416413373860182,0.7416413373860182,2,B2,0.15184584815415184,0.11261515790155942,0.14554548363384764,0.19624780375219622,7.0,9.0,11.0,52,False,,,,True,
1997,朝阳区,monotone_stock_proxy,1.0,MAIN,,,244.0,0.7416413373860182,0.7416413373860182,3,B3,0.042009957990042,0.031156321427265193,0.03293032573228824,0.04440195559804439,10.5,13.0,16.5,52,False,,,,True,
1997,朝阳区,monotone_stock_proxy,1.0,MAIN,,,244.0,0.7416413373860182,0.7416413373860182,4,B4,0.002391997608002392,0.0017740043050230505,0.0017740043050230505,0.002391997608002392,14.0,17.0,22.0,52,False,,,,True,
1997,朝阳区,monotone_stock_proxy,1.0,MAIN,,,244.0,0.7416413373860182,0.7416413373860182,5,B5+,0.0,0.0,0.0,0.0,17.5,21.0,27.5,52,False,,,,True,
1998,朝阳区,monotone_stock_proxy,1.0,MAIN,,,245.0,0.7446808510638298,0.7446808510638299,1,B1,0.8037521962478037,0.5985388695462368,0.7446808510638298,0.9999999999999999,3.5,5.0,5.5,52,False,,,,True,
1998,朝阳区,monotone_stock_proxy,1.0,MAIN,,,245.0,0.7446808510638298,0.7446808510638299,2,B2,0.15184584815415184,0.11307669543394287,0.14614198151759294,0.19624780375219622,7.0,9.0,11.0,52,False,,,,True,
1998,朝阳区,monotone_stock_proxy,1.0,MAIN,,,245.0,0.7446808510638298,0.7446808510638299,3,B3,0.042009957990042,0.03128401126918021,0.03306528608365008,0.04440195559804439,10.5,13.0,16.5,52,False,,,,True,
1998,朝阳区,monotone_stock_proxy,1.0,MAIN,,,245.0,0.7446808510638298,0.7446808510638299,4,B4,0.002391997608002392,0.0017812748144698663,0.0017812748144698663,0.002391997608002392,14.0,17.0,22.0,52,False,,,,True,
1998,朝阳区,monotone_stock_proxy,1.0,MAIN,,,245.0,0.7446808510638298,0.7446808510638299,5,B5+,0.0,0.0,0.0,0.0,17.5,21.0,27.5,52,False,,,,True,
1999,朝阳区,monotone_stock_proxy,1.0,MAIN,,,246.0,0.7477203647416414,0.7477203647416414,1,B1,0.8037521962478037,0.6009818853403031,0.7477203647416413,0.9999999999999999,3.5,5.0,5.5,52,False,,,,True,
1999,朝阳区,monotone_stock_proxy,1.0,MAIN,,,246.0,0.7477203647416414,0.7477203647416414,2,B2,0.15184584815415184,0.1135382329663263,0.14673847940133822,0.19624780375219622,7.0,9.0,11.0,52,False,,,,True,
1999,朝阳区,monotone_stock_proxy,1.0,MAIN,,,246.0,0.7477203647416414,0.7477203647416414,3,B3,0.042009957990042,0.03141170111109524,0.03320024643501192,0.04440195559804439,10.5,13.0,16.5,52,False,,,,True,
1999,朝阳区,monotone_stock_proxy,1.0,MAIN,,,246.0,0.7477203647416414,0.7477203647416414,4,B4,0.002391997608002392,0.0017885453239166822,0.0017885453239166822,0.002391997608002392,14.0,17.0,22.0,52,False,,,,True,
1999,朝阳区,monotone_stock_proxy,1.0,MAIN,,,246.0,0.7477203647416414,0.7477203647416414,5,B5+,0.0,0.0,0.0,0.0,17.5,21.0,27.5,52,False,,,,True,
2000,朝阳区,monotone_stock_proxy,1.0,MAIN,247.0,247.0,247.0,0.7507598784194529,0.7507598784194529,1,B1,0.8037521962478037,0.6034249011343693,0.7507598784194528,0.9999999999999999,3.5,5.0,5.5,52,False,,,,False,
2000,朝阳区,monotone_stock_proxy,1.0,MAIN,247.0,247.0,247.0,0.7507598784194529,0.7507598784194529,2,B2,0.15184584815415184,0.11399977049870974,0.1473349772850835,0.19624780375219622,7.0,9.0,11.0,52,False,,,,False,
2000,朝阳区,monotone_stock_proxy,1.0,MAIN,247.0,247.0,247.0,0.7507598784194529,0.7507598784194529,3,B3,0.042009957990042,0.031539390953010255,0.03333520678637376,0.04440195559804439,10.5,13.0,16.5,52,False,,,,False,
2000,朝阳区,monotone_stock_proxy,1.0,MAIN,247.0,247.0,247.0,0.7507598784194529,0.7507598784194529,4,B4,0.002391997608002392,0.0017958158333634979,0.0017958158333634979,0.002391997608002392,14.0,17.0,22.0,52,False,,,,False,
2000,朝阳区,monotone_stock_proxy,1.0,MAIN,247.0,247.0,247.0,0.7507598784194529,0.7507598784194529,5,B5+,0.0,0.0,0.0,0.0,17.5,21.0,27.5,52,False,,,,False,
2001,朝阳区,monotone_stock_proxy,1.0,MAIN,,,252.4,0.7671732522796353,0.7671732522796353,1,B1,0.8037521962478037,0.6166171864223272,0.7671732522796352,0.9999999999999999,3.5,5.0,5.5,52,False,,,,True,
2001,朝阳区,monotone_stock_proxy,1.0,MAIN,,,252.4,0.7671732522796353,0.7671732522796353,2,B2,0.15184584815415184,0.11649207317358032,0.150556065857308,0.19624780375219622,7.0,9.0,11.0,52,False,,,,True,
2001,朝阳区,monotone_stock_proxy,1.0,MAIN,,,252.4,0.7671732522796353,0.7671732522796353,3,B3,0.042009957990042,0.03222891609935137,0.03406399268372767,0.04440195559804439,10.5,13.0,16.5,52,False,,,,True,
2001,朝阳区,monotone_stock_proxy,1.0,MAIN,,,252.4,0.7671732522796353,0.7671732522796353,4,B4,0.002391997608002392,0.0018350765843763031,0.0018350765843763031,0.002391997608002392,14.0,17.0,22.0,52,False,,,,True,
2001,朝阳区,monotone_stock_proxy,1.0,MAIN,,,252.4,0.7671732522796353,0.7671732522796353,5,B5+,0.0,0.0,0.0,0.0,17.5,21.0,27.5,52,False,,,,True,
2002,朝阳区,monotone_stock_proxy,1.0,MAIN,,,257.8,0.7835866261398177,0.7835866261398177,1,B1,0.8037521962478037,0.6298094717102851,0.7835866261398176,0.9999999999999999,3.5,5.0,5.5,52,False,,,,True,
2002,朝阳区,monotone_stock_proxy,1.0,MAIN,,,257.8,0.7835866261398177,0.7835866261398177,2,B2,0.15184584815415184,0.1189843758484509,0.1537771544295325,0.19624780375219622,7.0,9.0,11.0,52,False,,,,True,
2002,朝阳区,monotone_stock_proxy,1.0,MAIN,,,257.8,0.7835866261398177,0.7835866261398177,3,B3,0.042009957990042,0.03291844124569249,0.034792778581081596,0.04440195559804439,10.5,13.0,16.5,52,False,,,,True,
2002,朝阳区,monotone_stock_proxy,1.0,MAIN,,,257.8,0.7835866261398177,0.7835866261398177,4,B4,0.002391997608002392,0.0018743373353891082,0.0018743373353891082,0.002391997608002392,14.0,17.0,22.0,52,False,,,,True,
2002,朝阳区,monotone_stock_proxy,1.0,MAIN,,,257.8,0.7835866261398177,0.7835866261398177,5,B5+,0.0,0.0,0.0,0.0,17.5,21.0,27.5,52,False,,,,True,
2003,朝阳区,monotone_stock_proxy,1.0,MAIN,,,263.2,0.7999999999999999,0.7999999999999999,1,B1,0.8037521962478037,0.6430017569982429,0.7999999999999998,0.9999999999999999,3.5,5.0,5.5,52,False,,,,True,
2003,朝阳区,monotone_stock_proxy,1.0,MAIN,,,263.2,0.7999999999999999,0.7999999999999999,2,B2,0.15184584815415184,0.12147667852332146,0.15699824300175697,0.19624780375219622,7.0,9.0,11.0,52,False,,,,True,
2003,朝阳区,monotone_stock_proxy,1.0,MAIN,,,263.2,0.7999999999999999,0.7999999999999999,3,B3,0.042009957990042,0.033607966392033596,0.03552156447843551,0.04440195559804439,10.5,13.0,16.5,52,False,,,,True,
2003,朝阳区,monotone_stock_proxy,1.0,MAIN,,,263.2,0.7999999999999999,0.7999999999999999,4,B4,0.002391997608002392,0.0019135980864019133,0.0019135980864019133,0.002391997608002392,14.0,17.0,22.0,52,False,,,,True,
2003,朝阳区,monotone_stock_proxy,1.0,MAIN,,,263.2,0.7999999999999999,0.7999999999999999,5,B5+,0.0,0.0,0.0,0.0,17.5,21.0,27.5,52,False,,,,True,
2004,朝阳区,monotone_stock_proxy,1.0,MAIN,,,268.6,0.8164133738601824,0.8164133738601823,1,B1,0.8037521962478037,0.6561940422862008,0.8164133738601822,0.9999999999999999,3.5,5.0,5.5,52,False,,,,True,
2004,朝阳区,monotone_stock_proxy,1.0,MAIN,,,268.6,0.8164133738601824,0.8164133738601823,2,B2,0.15184584815415184,0.12396898119819204,0.16021933157398147,0.19624780375219622,7.0,9.0,11.0,52,False,,,,True,
2004,朝阳区,monotone_stock_proxy,1.0,MAIN,,,268.6,0.8164133738601824,0.8164133738601823,3,B3,0.042009957990042,0.03429749153837471,0.03625035037578943,0.04440195559804439,10.5,13.0,16.5,52,False,,,,True,
2004,朝阳区,monotone_stock_proxy,1.0,MAIN,,,268.6,0.8164133738601824,0.8164133738601823,4,B4,0.002391997608002392,0.0019528588374147185,0.0019528588374147185,0.002391997608002392,14.0,17.0,22.0,52,False,,,,True,
2004,朝阳区,monotone_stock_proxy,1.0,MAIN,,,268.6,0.8164133738601824,0.8164133738601823,5,B5+,0.0,0.0,0.0,0.0,17.5,21.0,27.5,52,False,,,,True,
2005,朝阳区,monotone_stock_proxy,1.0,MAIN,274.0,274.0,274.0,0.8328267477203647,0.8328267477203647,1,B1,0.8037521962478037,0.6693863275741586,0.8328267477203646,0.9999999999999999,3.5,5.0,5.5,52,False,,,,False,
2005,朝阳区,monotone_stock_proxy,1.0,MAIN,274.0,274.0,274.0,0.8328267477203647,0.8328267477203647,2,B2,0.15184584815415184,0.1264612838730626,0.16344042014620597,0.19624780375219622,7.0,9.0,11.0,52,False,,,,False,
2005,朝阳区,monotone_stock_proxy,1.0,MAIN,274.0,274.0,274.0,0.8328267477203647,0.8328267477203647,3,B3,0.042009957990042,0.03498701668471583,0.03697913627314335,0.04440195559804439,10.5,13.0,16.5,52,False,,,,False,
2005,朝阳区,monotone_stock_proxy,1.0,MAIN,274.0,274.0,274.0,0.8328267477203647,0.8328267477203647,4,B4,0.002391997608002392,0.001992119588427524,0.001992119588427524,0.002391997608002392,14.0,17.0,22.0,52,False,,,,False,
2005,朝阳区,monotone_stock_proxy,1.0,MAIN,274.0,274.0,274.0,0.8328267477203647,0.8328267477203647,5,B5+,0.0,0.0,0.0,0.0,17.5,21.0,27.5,52,False,,,,False,
2006,朝阳区,monotone_stock_proxy,1.0,MAIN,,,281.2,0.8547112462006079,0.8547112462006079,1,B1,0.8037521962478037,0.6869760412914359,0.8547112462006078,0.9999999999999999,3.5,5.0,5.5,52,False,,,,True,
2006,朝阳区,monotone_stock_proxy,1.0,MAIN,,,281.2,0.8547112462006079,0.8547112462006079,2,B2,0.15184584815415184,0.12978435410622338,0.16773520490917196,0.19624780375219622,7.0,9.0,11.0,52,False,,,,True,
2006,朝阳区,monotone_stock_proxy,1.0,MAIN,,,281.2,0.8547112462006079,0.8547112462006079,3,B3,0.042009957990042,0.03590638354650398,0.03795085080294858,0.04440195559804439,10.5,13.0,16.5,52,False,,,,True,
2006,朝阳区,monotone_stock_proxy,1.0,MAIN,,,281.2,0.8547112462006079,0.8547112462006079,4,B4,0.002391997608002392,0.0020444672564445977,0.0020444672564445977,0.002391997608002392,14.0,17.0,22.0,52,False,,,,True,
2006,朝阳区,monotone_stock_proxy,1.0,MAIN,,,281.2,0.8547112462006079,0.8547112462006079,5,B5+,0.0,0.0,0.0,0.0,17.5,21.0,27.5,52,False,,,,True,
2007,朝阳区,monotone_stock_proxy,1.0,MAIN,,,288.4,0.876595744680851,0.876595744680851,1,B1,0.8037521962478037,0.704565755008713,0.8765957446808509,0.9999999999999999,3.5,5.0,5.5,52,False,,,,True,
2007,朝阳区,monotone_stock_proxy,1.0,MAIN,,,288.4,0.876595744680851,0.876595744680851,2,B2,0.15184584815415184,0.13310742433938416,0.17202998967213795,0.19624780375219622,7.0,9.0,11.0,52,False,,,,True,
2007,朝阳区,monotone_stock_proxy,1.0,MAIN,,,288.4,0.876595744680851,0.876595744680851,3,B3,0.042009957990042,0.036825750408292134,0.0389225653327538,0.04440195559804439,10.5,13.0,16.5,52,False,,,,True,
2007,朝阳区,monotone_stock_proxy,1.0,MAIN,,,288.4,0.876595744680851,0.876595744680851,4,B4,0.002391997608002392,0.002096814924461671,0.002096814924461671,0.002391997608002392,14.0,17.0,22.0,52,False,,,,True,
2007,朝阳区,monotone_stock_proxy,1.0,MAIN,,,288.4,0.876595744680851,0.876595744680851,5,B5+,0.0,0.0,0.0,0.0,17.5,21.0,27.5,52,False,,,,True,
2008,朝阳区,monotone_stock_proxy,1.0,MAIN,,,295.6,0.8984802431610943,0.8984802431610942,1,B1,0.8037521962478037,0.7221554687259901,0.8984802431610941,0.9999999999999999,3.5,5.0,5.5,52,False,,,,True,
2008,朝阳区,monotone_stock_proxy,1.0,MAIN,,,295.6,0.8984802431610943,0.8984802431610942,2,B2,0.15184584815415184,0.13643049457254494,0.17632477443510394,0.19624780375219622,7.0,9.0,11.0,52,False,,,,True,
2008,朝阳区,monotone_stock_proxy,1.0,MAIN,,,295.6,0.8984802431610943,0.8984802431610942,3,B3,0.042009957990042,0.037745117270080286,0.039894279862559036,0.04440195559804439,10.5,13.0,16.5,52,False,,,,True,
2008,朝阳区,monotone_stock_proxy,1.0,MAIN,,,295.6,0.8984802431610943,0.8984802431610942,4,B4,0.002391997608002392,0.0021491625924787445,0.0021491625924787445,0.002391997608002392,14.0,17.0,22.0,52,False,,,,True,
2008,朝阳区,monotone_stock_proxy,1.0,MAIN,,,295.6,0.8984802431610943,0.8984802431610942,5,B5+,0.0,0.0,0.0,0.0,17.5,21.0,27.5,52,False,,,,True,
2009,朝阳区,monotone_stock_proxy,1.0,MAIN,,,302.8,0.9203647416413374,0.9203647416413374,1,B1,0.8037521962478037,0.7397451824432674,0.9203647416413373,0.9999999999999999,3.5,5.0,5.5,52,False,,,,True,
2009,朝阳区,monotone_stock_proxy,1.0,MAIN,,,302.8,0.9203647416413374,0.9203647416413374,2,B2,0.15184584815415184,0.1397535648057057,0.18061955919806996,0.19624780375219622,7.0,9.0,11.0,52,False,,,,True,
2009,朝阳区,monotone_stock_proxy,1.0,MAIN,,,302.8,0.9203647416413374,0.9203647416413374,3,B3,0.042009957990042,0.038664484131868446,0.04086599439236426,0.04440195559804439,10.5,13.0,16.5,52,False,,,,True,
2009,朝阳区,monotone_stock_proxy,1.0,MAIN,,,302.8,0.9203647416413374,0.9203647416413374,4,B4,0.002391997608002392,0.0022015102604958183,0.0022015102604958183,0.002391997608002392,14.0,17.0,22.0,52,False,,,,True,
2009,朝阳区,monotone_stock_proxy,1.0,MAIN,,,302.8,0.9203647416413374,0.9203647416413374,5,B5+,0.0,0.0,0.0,0.0,17.5,21.0,27.5,52,False,,,,True,
2010,朝阳区,monotone_stock_proxy,1.0,MAIN,310.0,310.0,310.0,0.9422492401215805,0.9422492401215805,1,B1,0.8037521962478037,0.7573348961605445,0.9422492401215804,0.9999999999999999,3.5,5.0,5.5,52,False,,,,False,
2010,朝阳区,monotone_stock_proxy,1.0,MAIN,310.0,310.0,310.0,0.9422492401215805,0.9422492401215805,2,B2,0.15184584815415184,0.14307663503886647,0.18491434396103595,0.19624780375219622,7.0,9.0,11.0,52,False,,,,False,
2010,朝阳区,monotone_stock_proxy,1.0,MAIN,310.0,310.0,310.0,0.9422492401215805,0.9422492401215805,3,B3,0.042009957990042,0.03958385099365659,0.04183770892216949,0.04440195559804439,10.5,13.0,16.5,52,False,,,,False,
2010,朝阳区,monotone_stock_proxy,1.0,MAIN,310.0,310.0,310.0,0.9422492401215805,0.9422492401215805,4,B4,0.002391997608002392,0.0022538579285128917,0.0022538579285128917,0.002391997608002392,14.0,17.0,22.0,52,False,,,,False,
2010,朝阳区,monotone_stock_proxy,1.0,MAIN,310.0,310.0,310.0,0.9422492401215805,0.9422492401215805,5,B5+,0.0,0.0,0.0,0.0,17.5,21.0,27.5,52,False,,,,False,
2011,朝阳区,monotone_stock_proxy,1.0,MAIN,,,310.0,0.9422492401215805,0.9422492401215805,1,B1,0.8037521962478037,0.7573348961605445,0.9422492401215804,0.9999999999999999,3.5,5.0,5.5,52,False,,,,True,
2011,朝阳区,monotone_stock_proxy,1.0,MAIN,,,310.0,0.9422492401215805,0.9422492401215805,2,B2,0.15184584815415184,0.14307663503886647,0.18491434396103595,0.19624780375219622,7.0,9.0,11.0,52,False,,,,True,
2011,朝阳区,monotone_stock_proxy,1.0,MAIN,,,310.0,0.9422492401215805,0.9422492401215805,3,B3,0.042009957990042,0.03958385099365659,0.04183770892216949,0.04440195559804439,10.5,13.0,16.5,52,False,,,,True,
2011,朝阳区,monotone_stock_proxy,1.0,MAIN,,,310.0,0.9422492401215805,0.9422492401215805,4,B4,0.002391997608002392,0.0022538579285128917,0.0022538579285128917,0.002391997608002392,14.0,17.0,22.0,52,False,,,,True,
2011,朝阳区,monotone_stock_proxy,1.0,MAIN,,,310.0,0.9422492401215805,0.9422492401215805,5,B5+,0.0,0.0,0.0,0.0,17.5,21.0,27.5,52,False,,,,True,
2012,朝阳区,monotone_stock_proxy,1.0,MAIN,,,310.0,0.9422492401215805,0.9422492401215805,1,B1,0.8037521962478037,0.7573348961605445,0.9422492401215804,0.9999999999999999,3.5,5.0,5.5,52,False,,,,True,
2012,朝阳区,monotone_stock_proxy,1.0,MAIN,,,310.0,0.9422492401215805,0.9422492401215805,2,B2,0.15184584815415184,0.14307663503886647,0.18491434396103595,0.19624780375219622,7.0,9.0,11.0,52,False,,,,True,
2012,朝阳区,monotone_stock_proxy,1.0,MAIN,,,310.0,0.9422492401215805,0.9422492401215805,3,B3,0.042009957990042,0.03958385099365659,0.04183770892216949,0.04440195559804439,10.5,13.0,16.5,52,False,,,,True,
2012,朝阳区,monotone_stock_proxy,1.0,MAIN,,,310.0,0.9422492401215805,0.9422492401215805,4,B4,0.002391997608002392,0.0022538579285128917,0.0022538579285128917,0.002391997608002392,14.0,17.0,22.0,52,False,,,,True,
2012,朝阳区,monotone_stock_proxy,1.0,MAIN,,,310.0,0.9422492401215805,0.9422492401215805,5,B5+,0.0,0.0,0.0,0.0,17.5,21.0,27.5,52,False,,,,True,
2013,朝阳区,monotone_stock_proxy,1.0,MAIN,,,310.0,0.9422492401215805,0.9422492401215805,1,B1,0.8037521962478037,0.7573348961605445,0.9422492401215804,0.9999999999999999,3.5,5.0,5.5,52,False,,,,True,
2013,朝阳区,monotone_stock_proxy,1.0,MAIN,,,310.0,0.9422492401215805,0.9422492401215805,2,B2,0.15184584815415184,0.14307663503886647,0.18491434396103595,0.19624780375219622,7.0,9.0,11.0,52,False,,,,True,
2013,朝阳区,monotone_stock_proxy,1.0,MAIN,,,310.0,0.9422492401215805,0.9422492401215805,3,B3,0.042009957990042,0.03958385099365659,0.04183770892216949,0.04440195559804439,10.5,13.0,16.5,52,False,,,,True,
2013,朝阳区,monotone_stock_proxy,1.0,MAIN,,,310.0,0.9422492401215805,0.9422492401215805,4,B4,0.002391997608002392,0.0022538579285128917,0.0022538579285128917,0.002391997608002392,14.0,17.0,22.0,52,False,,,,True,
2013,朝阳区,monotone_stock_proxy,1.0,MAIN,,,310.0,0.9422492401215805,0.9422492401215805,5,B5+,0.0,0.0,0.0,0.0,17.5,21.0,27.5,52,False,,,,True,
2014,朝阳区,monotone_stock_proxy,1.0,MAIN,,,310.0,0.9422492401215805,0.9422492401215805,1,B1,0.8037521962478037,0.7573348961605445,0.9422492401215804,0.9999999999999999,3.5,5.0,5.5,52,False,,,,True,
2014,朝阳区,monotone_stock_proxy,1.0,MAIN,,,310.0,0.9422492401215805,0.9422492401215805,2,B2,0.15184584815415184,0.14307663503886647,0.18491434396103595,0.19624780375219622,7.0,9.0,11.0,52,False,,,,True,
2014,朝阳区,monotone_stock_proxy,1.0,MAIN,,,310.0,0.9422492401215805,0.9422492401215805,3,B3,0.042009957990042,0.03958385099365659,0.04183770892216949,0.04440195559804439,10.5,13.0,16.5,52,False,,,,True,
2014,朝阳区,monotone_stock_proxy,1.0,MAIN,,,310.0,0.9422492401215805,0.9422492401215805,4,B4,0.002391997608002392,0.0022538579285128917,0.0022538579285128917,0.002391997608002392,14.0,17.0,22.0,52,False,,,,True,
2014,朝阳区,monotone_stock_proxy,1.0,MAIN,,,310.0,0.9422492401215805,0.9422492401215805,5,B5+,0.0,0.0,0.0,0.0,17.5,21.0,27.5,52,False,,,,True,
2015,朝阳区,monotone_stock_proxy,1.0,MAIN,310.0,310.0,310.0,0.9422492401215805,0.9422492401215805,1,B1,0.8037521962478037,0.7573348961605445,0.9422492401215804,0.9999999999999999,3.5,5.0,5.5,52,False,,,,False,
2015,朝阳区,monotone_stock_proxy,1.0,MAIN,310.0,310.0,310.0,0.9422492401215805,0.9422492401215805,2,B2,0.15184584815415184,0.14307663503886647,0.18491434396103595,0.19624780375219622,7.0,9.0,11.0,52,False,,,,False,
2015,朝阳区,monotone_stock_proxy,1.0,MAIN,310.0,310.0,310.0,0.9422492401215805,0.9422492401215805,3,B3,0.042009957990042,0.03958385099365659,0.04183770892216949,0.04440195559804439,10.5,13.0,16.5,52,False,,,,False,
2015,朝阳区,monotone_stock_proxy,1.0,MAIN,310.0,310.0,310.0,0.9422492401215805,0.9422492401215805,4,B4,0.002391997608002392,0.0022538579285128917,0.0022538579285128917,0.002391997608002392,14.0,17.0,22.0,52,False,,,,False,
2015,朝阳区,monotone_stock_proxy,1.0,MAIN,310.0,310.0,310.0,0.9422492401215805,0.9422492401215805,5,B5+,0.0,0.0,0.0,0.0,17.5,21.0,27.5,52,False,,,,False,
2016,朝阳区,monotone_stock_proxy,1.0,MAIN,,,313.8,0.9537993920972645,0.9537993920972644,1,B1,0.8037521962478037,0.7666183561779963,0.9537993920972643,0.9999999999999999,3.5,5.0,5.5,52,False,,,,True,
2016,朝阳区,monotone_stock_proxy,1.0,MAIN,,,313.8,0.9537993920972645,0.9537993920972644,2,B2,0.15184584815415184,0.14483047766192353,0.187181035919268,0.19624780375219622,7.0,9.0,11.0,52,False,,,,True,
2016,朝阳区,monotone_stock_proxy,1.0,MAIN,,,313.8,0.9537993920972645,0.9537993920972644,3,B3,0.042009957990042,0.040069072392933676,0.04235055825734447,0.04440195559804439,10.5,13.0,16.5,52,False,,,,True,
2016,朝阳区,monotone_stock_proxy,1.0,MAIN,,,313.8,0.9537993920972645,0.9537993920972644,4,B4,0.002391997608002392,0.002281485864410792,0.002281485864410792,0.002391997608002392,14.0,17.0,22.0,52,False,,,,True,
2016,朝阳区,monotone_stock_proxy,1.0,MAIN,,,313.8,0.9537993920972645,0.9537993920972644,5,B5+,0.0,0.0,0.0,0.0,17.5,21.0,27.5,52,False,,,,True,
2017,朝阳区,monotone_stock_proxy,1.0,MAIN,,,317.6,0.9653495440729484,0.9653495440729483,1,B1,0.8037521962478037,0.7759018161954482,0.9653495440729482,0.9999999999999999,3.5,5.0,5.5,52,False,,,,True,
2017,朝阳区,monotone_stock_proxy,1.0,MAIN,,,317.6,0.9653495440729484,0.9653495440729483,2,B2,0.15184584815415184,0.1465843202849806,0.18944772787750006,0.19624780375219622,7.0,9.0,11.0,52,False,,,,True,
2017,朝阳区,monotone_stock_proxy,1.0,MAIN,,,317.6,0.9653495440729484,0.9653495440729483,3,B3,0.042009957990042,0.040554293792210754,0.04286340759251945,0.04440195559804439,10.5,13.0,16.5,52,False,,,,True,
2017,朝阳区,monotone_stock_proxy,1.0,MAIN,,,317.6,0.9653495440729484,0.9653495440729483,4,B4,0.002391997608002392,0.002309113800308692,0.002309113800308692,0.002391997608002392,14.0,17.0,22.0,52,False,,,,True,
2017,朝阳区,monotone_stock_proxy,1.0,MAIN,,,317.6,0.9653495440729484,0.9653495440729483,5,B5+,0.0,0.0,0.0,0.0,17.5,21.0,27.5,52,False,,,,True,
2018,朝阳区,monotone_stock_proxy,1.0,MAIN,,,321.4,0.9768996960486321,0.9768996960486322,1,B1,0.8037521962478037,0.7851852762129,0.9768996960486321,0.9999999999999999,3.5,5.0,5.5,52,False,,,,True,
2018,朝阳区,monotone_stock_proxy,1.0,MAIN,,,321.4,0.9768996960486321,0.9768996960486322,2,B2,0.15184584815415184,0.1483381629080377,0.19171441983573212,0.19624780375219622,7.0,9.0,11.0,52,False,,,,True,
2018,朝阳区,monotone_stock_proxy,1.0,MAIN,,,321.4,0.9768996960486321,0.9768996960486322,3,B3,0.042009957990042,0.04103951519148784,0.04337625692769443,0.04440195559804439,10.5,13.0,16.5,52,False,,,,True,
2018,朝阳区,monotone_stock_proxy,1.0,MAIN,,,321.4,0.9768996960486321,0.9768996960486322,4,B4,0.002391997608002392,0.002336741736206592,0.002336741736206592,0.002391997608002392,14.0,17.0,22.0,52,False,,,,True,
2018,朝阳区,monotone_stock_proxy,1.0,MAIN,,,321.4,0.9768996960486321,0.9768996960486322,5,B5+,0.0,0.0,0.0,0.0,17.5,21.0,27.5,52,False,,,,True,
2019,朝阳区,monotone_stock_proxy,1.0,MAIN,,,325.2,0.9884498480243161,0.9884498480243161,1,B1,0.8037521962478037,0.7944687362303519,0.988449848024316,0.9999999999999999,3.5,5.0,5.5,52,False,,,,True,
2019,朝阳区,monotone_stock_proxy,1.0,MAIN,,,325.2,0.9884498480243161,0.9884498480243161,2,B2,0.15184584815415184,0.15009200553109475,0.19398111179396416,0.19624780375219622,7.0,9.0,11.0,52,False,,,,True,
2019,朝阳区,monotone_stock_proxy,1.0,MAIN,,,325.2,0.9884498480243161,0.9884498480243161,3,B3,0.042009957990042,0.04152473659076492,0.04388910626286941,0.04440195559804439,10.5,13.0,16.5,52,False,,,,True,
2019,朝阳区,monotone_stock_proxy,1.0,MAIN,,,325.2,0.9884498480243161,0.9884498480243161,4,B4,0.002391997608002392,0.0023643696721044917,0.0023643696721044917,0.002391997608002392,14.0,17.0,22.0,52,False,,,,True,
2019,朝阳区,monotone_stock_proxy,1.0,MAIN,,,325.2,0.9884498480243161,0.9884498480243161,5,B5+,0.0,0.0,0.0,0.0,17.5,21.0,27.5,52,False,,,,True,
2020,朝阳区,monotone_stock_proxy,1.0,MAIN,329.0,329.0,329.0,1.0,1.0,1,B1,0.8037521962478037,0.8037521962478037,0.9999999999999999,0.9999999999999999,3.5,5.0,5.5,52,False,,,,False,
2020,朝阳区,monotone_stock_proxy,1.0,MAIN,329.0,329.0,329.0,1.0,1.0,2,B2,0.15184584815415184,0.15184584815415184,0.19624780375219622,0.19624780375219622,7.0,9.0,11.0,52,False,,,,False,
2020,朝阳区,monotone_stock_proxy,1.0,MAIN,329.0,329.0,329.0,1.0,1.0,3,B3,0.042009957990042,0.042009957990042,0.04440195559804439,0.04440195559804439,10.5,13.0,16.5,52,False,,,,False,
2020,朝阳区,monotone_stock_proxy,1.0,MAIN,329.0,329.0,329.0,1.0,1.0,4,B4,0.002391997608002392,0.002391997608002392,0.002391997608002392,0.002391997608002392,14.0,17.0,22.0,52,False,,,,False,
2020,朝阳区,monotone_stock_proxy,1.0,MAIN,329.0,329.0,329.0,1.0,1.0,5,B5+,0.0,0.0,0.0,0.0,17.5,21.0,27.5,52,False,,,,False,
1980,海淀区,monotone_stock_proxy,1.0,MAIN,95.0,95.0,95.0,0.42035398230088494,0.42035398230088494,1,B1,0.794037,0.33377661504424777,0.42035398230088494,1.0,3.5,5.0,5.5,183,False,,,,False,
1980,海淀区,monotone_stock_proxy,1.0,MAIN,95.0,95.0,95.0,0.42035398230088494,0.42035398230088494,2,B2,0.167361,0.07035086283185842,0.08657736725663717,0.205963,7.0,9.0,11.0,183,False,,,,False,
1980,海淀区,monotone_stock_proxy,1.0,MAIN,95.0,95.0,95.0,0.42035398230088494,0.42035398230088494,3,B3,0.024045,0.010107411504424778,0.01622650442477876,0.038602,10.5,13.0,16.5,183,False,,,,False,
1980,海淀区,monotone_stock_proxy,1.0,MAIN,95.0,95.0,95.0,0.42035398230088494,0.42035398230088494,4,B4,0.014557,0.006119092920353983,0.006119092920353983,0.014557,14.0,17.0,22.0,183,False,,,,False,
1980,海淀区,monotone_stock_proxy,1.0,MAIN,95.0,95.0,95.0,0.42035398230088494,0.42035398230088494,5,B5+,0.0,0.0,0.0,0.0,17.5,21.0,27.5,183,False,,,,False,
1981,海淀区,monotone_stock_proxy,1.0,MAIN,,,95.0,0.42035398230088494,0.42035398230088494,1,B1,0.794037,0.33377661504424777,0.42035398230088494,1.0,3.5,5.0,5.5,183,False,,,,True,
1981,海淀区,monotone_stock_proxy,1.0,MAIN,,,95.0,0.42035398230088494,0.42035398230088494,2,B2,0.167361,0.07035086283185842,0.08657736725663717,0.205963,7.0,9.0,11.0,183,False,,,,True,
1981,海淀区,monotone_stock_proxy,1.0,MAIN,,,95.0,0.42035398230088494,0.42035398230088494,3,B3,0.024045,0.010107411504424778,0.01622650442477876,0.038602,10.5,13.0,16.5,183,False,,,,True,
1981,海淀区,monotone_stock_proxy,1.0,MAIN,,,95.0,0.42035398230088494,0.42035398230088494,4,B4,0.014557,0.006119092920353983,0.006119092920353983,0.014557,14.0,17.0,22.0,183,False,,,,True,
1981,海淀区,monotone_stock_proxy,1.0,MAIN,,,95.0,0.42035398230088494,0.42035398230088494,5,B5+,0.0,0.0,0.0,0.0,17.5,21.0,27.5,183,False,,,,True,
1982,海淀区,monotone_stock_proxy,1.0,MAIN,,,95.0,0.42035398230088494,0.42035398230088494,1,B1,0.794037,0.33377661504424777,0.42035398230088494,1.0,3.5,5.0,5.5,183,False,,,,True,
1982,海淀区,monotone_stock_proxy,1.0,MAIN,,,95.0,0.42035398230088494,0.42035398230088494,2,B2,0.167361,0.07035086283185842,0.08657736725663717,0.205963,7.0,9.0,11.0,183,False,,,,True,
1982,海淀区,monotone_stock_proxy,1.0,MAIN,,,95.0,0.42035398230088494,0.42035398230088494,3,B3,0.024045,0.010107411504424778,0.01622650442477876,0.038602,10.5,13.0,16.5,183,False,,,,True,
1982,海淀区,monotone_stock_proxy,1.0,MAIN,,,95.0,0.42035398230088494,0.42035398230088494,4,B4,0.014557,0.006119092920353983,0.006119092920353983,0.014557,14.0,17.0,22.0,183,False,,,,True,
1982,海淀区,monotone_stock_proxy,1.0,MAIN,,,95.0,0.42035398230088494,0.42035398230088494,5,B5+,0.0,0.0,0.0,0.0,17.5,21.0,27.5,183,False,,,,True,
1983,海淀区,monotone_stock_proxy,1.0,MAIN,,,95.0,0.42035398230088494,0.42035398230088494,1,B1,0.794037,0.33377661504424777,0.42035398230088494,1.0,3.5,5.0,5.5,183,False,,,,True,
1983,海淀区,monotone_stock_proxy,1.0,MAIN,,,95.0,0.42035398230088494,0.42035398230088494,2,B2,0.167361,0.07035086283185842,0.08657736725663717,0.205963,7.0,9.0,11.0,183,False,,,,True,
1983,海淀区,monotone_stock_proxy,1.0,MAIN,,,95.0,0.42035398230088494,0.42035398230088494,3,B3,0.024045,0.010107411504424778,0.01622650442477876,0.038602,10.5,13.0,16.5,183,False,,,,True,
1983,海淀区,monotone_stock_proxy,1.0,MAIN,,,95.0,0.42035398230088494,0.42035398230088494,4,B4,0.014557,0.006119092920353983,0.006119092920353983,0.014557,14.0,17.0,22.0,183,False,,,,True,
1983,海淀区,monotone_stock_proxy,1.0,MAIN,,,95.0,0.42035398230088494,0.42035398230088494,5,B5+,0.0,0.0,0.0,0.0,17.5,21.0,27.5,183,False,,,,True,
1984,海淀区,monotone_stock_proxy,1.0,MAIN,,,95.0,0.42035398230088494,0.42035398230088494,1,B1,0.794037,0.33377661504424777,0.42035398230088494,1.0,3.5,5.0,5.5,183,False,,,,True,
1984,海淀区,monotone_stock_proxy,1.0,MAIN,,,95.0,0.42035398230088494,0.42035398230088494,2,B2,0.167361,0.07035086283185842,0.08657736725663717,0.205963,7.0,9.0,11.0,183,False,,,,True,
1984,海淀区,monotone_stock_proxy,1.0,MAIN,,,95.0,0.42035398230088494,0.42035398230088494,3,B3,0.024045,0.010107411504424778,0.01622650442477876,0.038602,10.5,13.0,16.5,183,False,,,,True,
1984,海淀区,monotone_stock_proxy,1.0,MAIN,,,95.0,0.42035398230088494,0.42035398230088494,4,B4,0.014557,0.006119092920353983,0.006119092920353983,0.014557,14.0,17.0,22.0,183,False,,,,True,
1984,海淀区,monotone_stock_proxy,1.0,MAIN,,,95.0,0.42035398230088494,0.42035398230088494,5,B5+,0.0,0.0,0.0,0.0,17.5,21.0,27.5,183,False,,,,True,
1985,海淀区,monotone_stock_proxy,1.0,MAIN,,,95.0,0.42035398230088494,0.42035398230088494,1,B1,0.794037,0.33377661504424777,0.42035398230088494,1.0,3.5,5.0,5.5,183,False,,,,True,
1985,海淀区,monotone_stock_proxy,1.0,MAIN,,,95.0,0.42035398230088494,0.42035398230088494,2,B2,0.167361,0.07035086283185842,0.08657736725663717,0.205963,7.0,9.0,11.0,183,False,,,,True,
1985,海淀区,monotone_stock_proxy,1.0,MAIN,,,95.0,0.42035398230088494,0.42035398230088494,3,B3,0.024045,0.010107411504424778,0.01622650442477876,0.038602,10.5,13.0,16.5,183,False,,,,True,
1985,海淀区,monotone_stock_proxy,1.0,MAIN,,,95.0,0.42035398230088494,0.42035398230088494,4,B4,0.014557,0.006119092920353983,0.006119092920353983,0.014557,14.0,17.0,22.0,183,False,,,,True,
1985,海淀区,monotone_stock_proxy,1.0,MAIN,,,95.0,0.42035398230088494,0.42035398230088494,5,B5+,0.0,0.0,0.0,0.0,17.5,21.0,27.5,183,False,,,,True,
1986,海淀区,monotone_stock_proxy,1.0,MAIN,,,95.0,0.42035398230088494,0.42035398230088494,1,B1,0.794037,0.33377661504424777,0.42035398230088494,1.0,3.5,5.0,5.5,183,False,,,,True,
1986,海淀区,monotone_stock_proxy,1.0,MAIN,,,95.0,0.42035398230088494,0.42035398230088494,2,B2,0.167361,0.07035086283185842,0.08657736725663717,0.205963,7.0,9.0,11.0,183,False,,,,True,
1986,海淀区,monotone_stock_proxy,1.0,MAIN,,,95.0,0.42035398230088494,0.42035398230088494,3,B3,0.024045,0.010107411504424778,0.01622650442477876,0.038602,10.5,13.0,16.5,183,False,,,,True,
1986,海淀区,monotone_stock_proxy,1.0,MAIN,,,95.0,0.42035398230088494,0.42035398230088494,4,B4,0.014557,0.006119092920353983,0.006119092920353983,0.014557,14.0,17.0,22.0,183,False,,,,True,
1986,海淀区,monotone_stock_proxy,1.0,MAIN,,,95.0,0.42035398230088494,0.42035398230088494,5,B5+,0.0,0.0,0.0,0.0,17.5,21.0,27.5,183,False,,,,True,
1987,海淀区,monotone_stock_proxy,1.0,MAIN,,,95.0,0.42035398230088494,0.42035398230088494,1,B1,0.794037,0.33377661504424777,0.42035398230088494,1.0,3.5,5.0,5.5,183,False,,,,True,
1987,海淀区,monotone_stock_proxy,1.0,MAIN,,,95.0,0.42035398230088494,0.42035398230088494,2,B2,0.167361,0.07035086283185842,0.08657736725663717,0.205963,7.0,9.0,11.0,183,False,,,,True,
1987,海淀区,monotone_stock_proxy,1.0,MAIN,,,95.0,0.42035398230088494,0.42035398230088494,3,B3,0.024045,0.010107411504424778,0.01622650442477876,0.038602,10.5,13.0,16.5,183,False,,,,True,
1987,海淀区,monotone_stock_proxy,1.0,MAIN,,,95.0,0.42035398230088494,0.42035398230088494,4,B4,0.014557,0.006119092920353983,0.006119092920353983,0.014557,14.0,17.0,22.0,183,False,,,,True,
1987,海淀区,monotone_stock_proxy,1.0,MAIN,,,95.0,0.42035398230088494,0.42035398230088494,5,B5+,0.0,0.0,0.0,0.0,17.5,21.0,27.5,183,False,,,,True,
1988,海淀区,monotone_stock_proxy,1.0,MAIN,,,95.0,0.42035398230088494,0.42035398230088494,1,B1,0.794037,0.33377661504424777,0.42035398230088494,1.0,3.5,5.0,5.5,183,False,,,,True,
1988,海淀区,monotone_stock_proxy,1.0,MAIN,,,95.0,0.42035398230088494,0.42035398230088494,2,B2,0.167361,0.07035086283185842,0.08657736725663717,0.205963,7.0,9.0,11.0,183,False,,,,True,
1988,海淀区,monotone_stock_proxy,1.0,MAIN,,,95.0,0.42035398230088494,0.42035398230088494,3,B3,0.024045,0.010107411504424778,0.01622650442477876,0.038602,10.5,13.0,16.5,183,False,,,,True,
1988,海淀区,monotone_stock_proxy,1.0,MAIN,,,95.0,0.42035398230088494,0.42035398230088494,4,B4,0.014557,0.006119092920353983,0.006119092920353983,0.014557,14.0,17.0,22.0,183,False,,,,True,
1988,海淀区,monotone_stock_proxy,1.0,MAIN,,,95.0,0.42035398230088494,0.42035398230088494,5,B5+,0.0,0.0,0.0,0.0,17.5,21.0,27.5,183,False,,,,True,
1989,海淀区,monotone_stock_proxy,1.0,MAIN,,,95.0,0.42035398230088494,0.42035398230088494,1,B1,0.794037,0.33377661504424777,0.42035398230088494,1.0,3.5,5.0,5.5,183,False,,,,True,
1989,海淀区,monotone_stock_proxy,1.0,MAIN,,,95.0,0.42035398230088494,0.42035398230088494,2,B2,0.167361,0.07035086283185842,0.08657736725663717,0.205963,7.0,9.0,11.0,183,False,,,,True,
1989,海淀区,monotone_stock_proxy,1.0,MAIN,,,95.0,0.42035398230088494,0.42035398230088494,3,B3,0.024045,0.010107411504424778,0.01622650442477876,0.038602,10.5,13.0,16.5,183,False,,,,True,
1989,海淀区,monotone_stock_proxy,1.0,MAIN,,,95.0,0.42035398230088494,0.42035398230088494,4,B4,0.014557,0.006119092920353983,0.006119092920353983,0.014557,14.0,17.0,22.0,183,False,,,,True,
1989,海淀区,monotone_stock_proxy,1.0,MAIN,,,95.0,0.42035398230088494,0.42035398230088494,5,B5+,0.0,0.0,0.0,0.0,17.5,21.0,27.5,183,False,,,,True,
1990,海淀区,monotone_stock_proxy,1.0,MAIN,95.0,95.0,95.0,0.42035398230088494,0.42035398230088494,1,B1,0.794037,0.33377661504424777,0.42035398230088494,1.0,3.5,5.0,5.5,183,False,,,,False,
1990,海淀区,monotone_stock_proxy,1.0,MAIN,95.0,95.0,95.0,0.42035398230088494,0.42035398230088494,2,B2,0.167361,0.07035086283185842,0.08657736725663717,0.205963,7.0,9.0,11.0,183,False,,,,False,
1990,海淀区,monotone_stock_proxy,1.0,MAIN,95.0,95.0,95.0,0.42035398230088494,0.42035398230088494,3,B3,0.024045,0.010107411504424778,0.01622650442477876,0.038602,10.5,13.0,16.5,183,False,,,,False,
1990,海淀区,monotone_stock_proxy,1.0,MAIN,95.0,95.0,95.0,0.42035398230088494,0.42035398230088494,4,B4,0.014557,0.006119092920353983,0.006119092920353983,0.014557,14.0,17.0,22.0,183,False,,,,False,
1990,海淀区,monotone_stock_proxy,1.0,MAIN,95.0,95.0,95.0,0.42035398230088494,0.42035398230088494,5,B5+,0.0,0.0,0.0,0.0,17.5,21.0,27.5,183,False,,,,False,
1991,海淀区,monotone_stock_proxy,1.0,MAIN,,,110.6,0.4893805309734513,0.4893805309734513,1,B1,0.794037,0.38858624867256636,0.4893805309734513,1.0,3.5,5.0,5.5,183,False,,,,True,
1991,海淀区,monotone_stock_proxy,1.0,MAIN,,,110.6,0.4893805309734513,0.4893805309734513,2,B2,0.167361,0.08190321504424779,0.10079428230088495,0.205963,7.0,9.0,11.0,183,False,,,,True,
1991,海淀区,monotone_stock_proxy,1.0,MAIN,,,110.6,0.4893805309734513,0.4893805309734513,3,B3,0.024045,0.011767154867256636,0.018891067256637167,0.038602,10.5,13.0,16.5,183,False,,,,True,
1991,海淀区,monotone_stock_proxy,1.0,MAIN,,,110.6,0.4893805309734513,0.4893805309734513,4,B4,0.014557,0.007123912389380531,0.007123912389380531,0.014557,14.0,17.0,22.0,183,False,,,,True,
1991,海淀区,monotone_stock_proxy,1.0,MAIN,,,110.6,0.4893805309734513,0.4893805309734513,5,B5+,0.0,0.0,0.0,0.0,17.5,21.0,27.5,183,False,,,,True,
1992,海淀区,monotone_stock_proxy,1.0,MAIN,,,126.2,0.5584070796460177,0.5584070796460177,1,B1,0.794037,0.4433958823008849,0.5584070796460177,1.0,3.5,5.0,5.5,183,False,,,,True,
1992,海淀区,monotone_stock_proxy,1.0,MAIN,,,126.2,0.5584070796460177,0.5584070796460177,2,B2,0.167361,0.09345556725663717,0.11501119734513274,0.205963,7.0,9.0,11.0,183,False,,,,True,
1992,海淀区,monotone_stock_proxy,1.0,MAIN,,,126.2,0.5584070796460177,0.5584070796460177,3,B3,0.024045,0.013426898230088495,0.02155563008849557,0.038602,10.5,13.0,16.5,183,False,,,,True,
1992,海淀区,monotone_stock_proxy,1.0,MAIN,,,126.2,0.5584070796460177,0.5584070796460177,4,B4,0.014557,0.00812873185840708,0.00812873185840708,0.014557,14.0,17.0,22.0,183,False,,,,True,
1992,海淀区,monotone_stock_proxy,1.0,MAIN,,,126.2,0.5584070796460177,0.5584070796460177,5,B5+,0.0,0.0,0.0,0.0,17.5,21.0,27.5,183,False,,,,True,
1993,海淀区,monotone_stock_proxy,1.0,MAIN,,,141.8,0.6274336283185841,0.6274336283185841,1,B1,0.794037,0.49820551592920354,0.6274336283185841,1.0,3.5,5.0,5.5,183,False,,,,True,
1993,海淀区,monotone_stock_proxy,1.0,MAIN,,,141.8,0.6274336283185841,0.6274336283185841,2,B2,0.167361,0.10500791946902656,0.12922811238938053,0.205963,7.0,9.0,11.0,183,False,,,,True,
1993,海淀区,monotone_stock_proxy,1.0,MAIN,,,141.8,0.6274336283185841,0.6274336283185841,3,B3,0.024045,0.015086641592920355,0.024220192920353982,0.038602,10.5,13.0,16.5,183,False,,,,True,
1993,海淀区,monotone_stock_proxy,1.0,MAIN,,,141.8,0.6274336283185841,0.6274336283185841,4,B4,0.014557,0.009133551327433629,0.009133551327433629,0.014557,14.0,17.0,22.0,183,False,,,,True,
1993,海淀区,monotone_stock_proxy,1.0,MAIN,,,141.8,0.6274336283185841,0.6274336283185841,5,B5+,0.0,0.0,0.0,0.0,17.5,21.0,27.5,183,False,,,,True,
1994,海淀区,monotone_stock_proxy,1.0,MAIN,,,157.4,0.6964601769911505,0.6964601769911505,1,B1,0.794037,0.5530151495575222,0.6964601769911505,1.0,3.5,5.0,5.5,183,False,,,,True,
1994,海淀区,monotone_stock_proxy,1.0,MAIN,,,157.4,0.6964601769911505,0.6964601769911505,2,B2,0.167361,0.11656027168141594,0.14344502743362833,0.205963,7.0,9.0,11.0,183,False,,,,True,
1994,海淀区,monotone_stock_proxy,1.0,MAIN,,,157.4,0.6964601769911505,0.6964601769911505,3,B3,0.024045,0.016746384955752213,0.02688475575221239,0.038602,10.5,13.0,16.5,183,False,,,,True,
1994,海淀区,monotone_stock_proxy,1.0,MAIN,,,157.4,0.6964601769911505,0.6964601769911505,4,B4,0.014557,0.010138370796460178,0.010138370796460178,0.014557,14.0,17.0,22.0,183,False,,,,True,
1994,海淀区,monotone_stock_proxy,1.0,MAIN,,,157.4,0.6964601769911505,0.6964601769911505,5,B5+,0.0,0.0,0.0,0.0,17.5,21.0,27.5,183,False,,,,True,
1995,海淀区,monotone_stock_proxy,1.0,MAIN,173.0,173.0,173.0,0.7654867256637168,0.7654867256637168,1,B1,0.794037,0.6078247831858407,0.7654867256637168,1.0,3.5,5.0,5.5,183,False,,,,False,
1995,海淀区,monotone_stock_proxy,1.0,MAIN,173.0,173.0,173.0,0.7654867256637168,0.7654867256637168,2,B2,0.167361,0.12811262389380532,0.1576619424778761,0.205963,7.0,9.0,11.0,183,False,,,,False,
1995,海淀区,monotone_stock_proxy,1.0,MAIN,173.0,173.0,173.0,0.7654867256637168,0.7654867256637168,3,B3,0.024045,0.01840612831858407,0.029549318584070793,0.038602,10.5,13.0,16.5,183,False,,,,False,
1995,海淀区,monotone_stock_proxy,1.0,MAIN,173.0,173.0,173.0,0.7654867256637168,0.7654867256637168,4,B4,0.014557,0.011143190265486725,0.011143190265486725,0.014557,14.0,17.0,22.0,183,False,,,,False,
1995,海淀区,monotone_stock_proxy,1.0,MAIN,173.0,173.0,173.0,0.7654867256637168,0.7654867256637168,5,B5+,0.0,0.0,0.0,0.0,17.5,21.0,27.5,183,False,,,,False,
1996,海淀区,monotone_stock_proxy,1.0,MAIN,,,173.0,0.7654867256637168,0.7654867256637168,1,B1,0.794037,0.6078247831858407,0.7654867256637168,1.0,3.5,5.0,5.5,183,False,,,,True,
1996,海淀区,monotone_stock_proxy,1.0,MAIN,,,173.0,0.7654867256637168,0.7654867256637168,2,B2,0.167361,0.12811262389380532,0.1576619424778761,0.205963,7.0,9.0,11.0,183,False,,,,True,
1996,海淀区,monotone_stock_proxy,1.0,MAIN,,,173.0,0.7654867256637168,0.7654867256637168,3,B3,0.024045,0.01840612831858407,0.029549318584070793,0.038602,10.5,13.0,16.5,183,False,,,,True,
1996,海淀区,monotone_stock_proxy,1.0,MAIN,,,173.0,0.7654867256637168,0.7654867256637168,4,B4,0.014557,0.011143190265486725,0.011143190265486725,0.014557,14.0,17.0,22.0,183,False,,,,True,
1996,海淀区,monotone_stock_proxy,1.0,MAIN,,,173.0,0.7654867256637168,0.7654867256637168,5,B5+,0.0,0.0,0.0,0.0,17.5,21.0,27.5,183,False,,,,True,
1997,海淀区,monotone_stock_proxy,1.0,MAIN,,,173.0,0.7654867256637168,0.7654867256637168,1,B1,0.794037,0.6078247831858407,0.7654867256637168,1.0,3.5,5.0,5.5,183,False,,,,True,
1997,海淀区,monotone_stock_proxy,1.0,MAIN,,,173.0,0.7654867256637168,0.7654867256637168,2,B2,0.167361,0.12811262389380532,0.1576619424778761,0.205963,7.0,9.0,11.0,183,False,,,,True,
1997,海淀区,monotone_stock_proxy,1.0,MAIN,,,173.0,0.7654867256637168,0.7654867256637168,3,B3,0.024045,0.01840612831858407,0.029549318584070793,0.038602,10.5,13.0,16.5,183,False,,,,True,
1997,海淀区,monotone_stock_proxy,1.0,MAIN,,,173.0,0.7654867256637168,0.7654867256637168,4,B4,0.014557,0.011143190265486725,0.011143190265486725,0.014557,14.0,17.0,22.0,183,False,,,,True,
1997,海淀区,monotone_stock_proxy,1.0,MAIN,,,173.0,0.7654867256637168,0.7654867256637168,5,B5+,0.0,0.0,0.0,0.0,17.5,21.0,27.5,183,False,,,,True,
1998,海淀区,monotone_stock_proxy,1.0,MAIN,,,173.0,0.7654867256637168,0.7654867256637168,1,B1,0.794037,0.6078247831858407,0.7654867256637168,1.0,3.5,5.0,5.5,183,False,,,,True,
1998,海淀区,monotone_stock_proxy,1.0,MAIN,,,173.0,0.7654867256637168,0.7654867256637168,2,B2,0.167361,0.12811262389380532,0.1576619424778761,0.205963,7.0,9.0,11.0,183,False,,,,True,
1998,海淀区,monotone_stock_proxy,1.0,MAIN,,,173.0,0.7654867256637168,0.7654867256637168,3,B3,0.024045,0.01840612831858407,0.029549318584070793,0.038602,10.5,13.0,16.5,183,False,,,,True,
1998,海淀区,monotone_stock_proxy,1.0,MAIN,,,173.0,0.7654867256637168,0.7654867256637168,4,B4,0.014557,0.011143190265486725,0.011143190265486725,0.014557,14.0,17.0,22.0,183,False,,,,True,
1998,海淀区,monotone_stock_proxy,1.0,MAIN,,,173.0,0.7654867256637168,0.7654867256637168,5,B5+,0.0,0.0,0.0,0.0,17.5,21.0,27.5,183,False,,,,True,
1999,海淀区,monotone_stock_proxy,1.0,MAIN,,,173.0,0.7654867256637168,0.7654867256637168,1,B1,0.794037,0.6078247831858407,0.7654867256637168,1.0,3.5,5.0,5.5,183,False,,,,True,
1999,海淀区,monotone_stock_proxy,1.0,MAIN,,,173.0,0.7654867256637168,0.7654867256637168,2,B2,0.167361,0.12811262389380532,0.1576619424778761,0.205963,7.0,9.0,11.0,183,False,,,,True,
1999,海淀区,monotone_stock_proxy,1.0,MAIN,,,173.0,0.7654867256637168,0.7654867256637168,3,B3,0.024045,0.01840612831858407,0.029549318584070793,0.038602,10.5,13.0,16.5,183,False,,,,True,
1999,海淀区,monotone_stock_proxy,1.0,MAIN,,,173.0,0.7654867256637168,0.7654867256637168,4,B4,0.014557,0.011143190265486725,0.011143190265486725,0.014557,14.0,17.0,22.0,183,False,,,,True,
1999,海淀区,monotone_stock_proxy,1.0,MAIN,,,173.0,0.7654867256637168,0.7654867256637168,5,B5+,0.0,0.0,0.0,0.0,17.5,21.0,27.5,183,False,,,,True,
2000,海淀区,monotone_stock_proxy,1.0,MAIN,163.0,173.0,173.0,0.7654867256637168,0.7654867256637168,1,B1,0.794037,0.6078247831858407,0.7654867256637168,1.0,3.5,5.0,5.5,183,False,,,,False,
2000,海淀区,monotone_stock_proxy,1.0,MAIN,163.0,173.0,173.0,0.7654867256637168,0.7654867256637168,2,B2,0.167361,0.12811262389380532,0.1576619424778761,0.205963,7.0,9.0,11.0,183,False,,,,False,
2000,海淀区,monotone_stock_proxy,1.0,MAIN,163.0,173.0,173.0,0.7654867256637168,0.7654867256637168,3,B3,0.024045,0.01840612831858407,0.029549318584070793,0.038602,10.5,13.0,16.5,183,False,,,,False,
2000,海淀区,monotone_stock_proxy,1.0,MAIN,163.0,173.0,173.0,0.7654867256637168,0.7654867256637168,4,B4,0.014557,0.011143190265486725,0.011143190265486725,0.014557,14.0,17.0,22.0,183,False,,,,False,
2000,海淀区,monotone_stock_proxy,1.0,MAIN,163.0,173.0,173.0,0.7654867256637168,0.7654867256637168,5,B5+,0.0,0.0,0.0,0.0,17.5,21.0,27.5,183,False,,,,False,
2001,海淀区,monotone_stock_proxy,1.0,MAIN,,,175.4,0.7761061946902655,0.7761061946902654,1,B1,0.794037,0.6162570345132743,0.7761061946902654,1.0,3.5,5.0,5.5,183,False,,,,True,
2001,海淀区,monotone_stock_proxy,1.0,MAIN,,,175.4,0.7761061946902655,0.7761061946902654,2,B2,0.167361,0.1298899088495575,0.15984916017699113,0.205963,7.0,9.0,11.0,183,False,,,,True,
2001,海淀区,monotone_stock_proxy,1.0,MAIN,,,175.4,0.7761061946902655,0.7761061946902654,3,B3,0.024045,0.01866147345132743,0.029959251327433625,0.038602,10.5,13.0,16.5,183,False,,,,True,
2001,海淀区,monotone_stock_proxy,1.0,MAIN,,,175.4,0.7761061946902655,0.7761061946902654,4,B4,0.014557,0.011297777876106195,0.011297777876106195,0.014557,14.0,17.0,22.0,183,False,,,,True,
2001,海淀区,monotone_stock_proxy,1.0,MAIN,,,175.4,0.7761061946902655,0.7761061946902654,5,B5+,0.0,0.0,0.0,0.0,17.5,21.0,27.5,183,False,,,,True,
2002,海淀区,monotone_stock_proxy,1.0,MAIN,,,177.8,0.7867256637168142,0.7867256637168142,1,B1,0.794037,0.6246892858407079,0.7867256637168142,1.0,3.5,5.0,5.5,183,False,,,,True,
2002,海淀区,monotone_stock_proxy,1.0,MAIN,,,177.8,0.7867256637168142,0.7867256637168142,2,B2,0.167361,0.13166719380530975,0.1620363778761062,0.205963,7.0,9.0,11.0,183,False,,,,True,
2002,海淀区,monotone_stock_proxy,1.0,MAIN,,,177.8,0.7867256637168142,0.7867256637168142,3,B3,0.024045,0.018916818584070797,0.03036918407079646,0.038602,10.5,13.0,16.5,183,False,,,,True,
2002,海淀区,monotone_stock_proxy,1.0,MAIN,,,177.8,0.7867256637168142,0.7867256637168142,4,B4,0.014557,0.011452365486725664,0.011452365486725664,0.014557,14.0,17.0,22.0,183,False,,,,True,
2002,海淀区,monotone_stock_proxy,1.0,MAIN,,,177.8,0.7867256637168142,0.7867256637168142,5,B5+,0.0,0.0,0.0,0.0,17.5,21.0,27.5,183,False,,,,True,
2003,海淀区,monotone_stock_proxy,1.0,MAIN,,,180.2,0.7973451327433628,0.7973451327433628,1,B1,0.794037,0.6331215371681416,0.7973451327433628,1.0,3.5,5.0,5.5,183,False,,,,True,
2003,海淀区,monotone_stock_proxy,1.0,MAIN,,,180.2,0.7973451327433628,0.7973451327433628,2,B2,0.167361,0.13344447876106194,0.16422359557522123,0.205963,7.0,9.0,11.0,183,False,,,,True,
2003,海淀区,monotone_stock_proxy,1.0,MAIN,,,180.2,0.7973451327433628,0.7973451327433628,3,B3,0.024045,0.01917216371681416,0.03077911681415929,0.038602,10.5,13.0,16.5,183,False,,,,True,
2003,海淀区,monotone_stock_proxy,1.0,MAIN,,,180.2,0.7973451327433628,0.7973451327433628,4,B4,0.014557,0.011606953097345133,0.011606953097345133,0.014557,14.0,17.0,22.0,183,False,,,,True,
2003,海淀区,monotone_stock_proxy,1.0,MAIN,,,180.2,0.7973451327433628,0.7973451327433628,5,B5+,0.0,0.0,0.0,0.0,17.5,21.0,27.5,183,False,,,,True,
2004,海淀区,monotone_stock_proxy,1.0,MAIN,,,182.6,0.8079646017699115,0.8079646017699116,1,B1,0.794037,0.6415537884955753,0.8079646017699116,1.0,3.5,5.0,5.5,183,False,,,,True,
2004,海淀区,monotone_stock_proxy,1.0,MAIN,,,182.6,0.8079646017699115,0.8079646017699116,2,B2,0.167361,0.1352217637168142,0.1664108132743363,0.205963,7.0,9.0,11.0,183,False,,,,True,
2004,海淀区,monotone_stock_proxy,1.0,MAIN,,,182.6,0.8079646017699115,0.8079646017699116,3,B3,0.024045,0.019427508849557525,0.031189049557522126,0.038602,10.5,13.0,16.5,183,False,,,,True,
2004,海淀区,monotone_stock_proxy,1.0,MAIN,,,182.6,0.8079646017699115,0.8079646017699116,4,B4,0.014557,0.011761540707964603,0.011761540707964603,0.014557,14.0,17.0,22.0,183,False,,,,True,
2004,海淀区,monotone_stock_proxy,1.0,MAIN,,,182.6,0.8079646017699115,0.8079646017699116,5,B5+,0.0,0.0,0.0,0.0,17.5,21.0,27.5,183,False,,,,True,
2005,海淀区,monotone_stock_proxy,1.0,MAIN,185.0,185.0,185.0,0.8185840707964602,0.8185840707964602,1,B1,0.794037,0.6499860398230088,0.8185840707964602,1.0,3.5,5.0,5.5,183,False,,,,False,
2005,海淀区,monotone_stock_proxy,1.0,MAIN,185.0,185.0,185.0,0.8185840707964602,0.8185840707964602,2,B2,0.167361,0.13699904867256638,0.16859803097345136,0.205963,7.0,9.0,11.0,183,False,,,,False,
2005,海淀区,monotone_stock_proxy,1.0,MAIN,185.0,185.0,185.0,0.8185840707964602,0.8185840707964602,3,B3,0.024045,0.019682853982300887,0.031598982300884954,0.038602,10.5,13.0,16.5,183,False,,,,False,
2005,海淀区,monotone_stock_proxy,1.0,MAIN,185.0,185.0,185.0,0.8185840707964602,0.8185840707964602,4,B4,0.014557,0.011916128318584072,0.011916128318584072,0.014557,14.0,17.0,22.0,183,False,,,,False,
2005,海淀区,monotone_stock_proxy,1.0,MAIN,185.0,185.0,185.0,0.8185840707964602,0.8185840707964602,5,B5+,0.0,0.0,0.0,0.0,17.5,21.0,27.5,183,False,,,,False,
2006,海淀区,monotone_stock_proxy,1.0,MAIN,,,186.2,0.8238938053097344,0.8238938053097346,1,B1,0.794037,0.6542021654867257,0.8238938053097346,1.0,3.5,5.0,5.5,183,False,,,,True,
2006,海淀区,monotone_stock_proxy,1.0,MAIN,,,186.2,0.8238938053097344,0.8238938053097346,2,B2,0.167361,0.1378876911504425,0.16969163982300886,0.205963,7.0,9.0,11.0,183,False,,,,True,
2006,海淀区,monotone_stock_proxy,1.0,MAIN,,,186.2,0.8238938053097344,0.8238938053097346,3,B3,0.024045,0.019810526548672568,0.03180394867256637,0.038602,10.5,13.0,16.5,183,False,,,,True,
2006,海淀区,monotone_stock_proxy,1.0,MAIN,,,186.2,0.8238938053097344,0.8238938053097346,4,B4,0.014557,0.011993422123893807,0.011993422123893807,0.014557,14.0,17.0,22.0,183,False,,,,True,
2006,海淀区,monotone_stock_proxy,1.0,MAIN,,,186.2,0.8238938053097344,0.8238938053097346,5,B5+,0.0,0.0,0.0,0.0,17.5,21.0,27.5,183,False,,,,True,
2007,海淀区,monotone_stock_proxy,1.0,MAIN,,,187.4,0.8292035398230089,0.8292035398230089,1,B1,0.794037,0.6584182911504425,0.8292035398230089,1.0,3.5,5.0,5.5,183,False,,,,True,
2007,海淀区,monotone_stock_proxy,1.0,MAIN,,,187.4,0.8292035398230089,0.8292035398230089,2,B2,0.167361,0.1387763336283186,0.1707852486725664,0.205963,7.0,9.0,11.0,183,False,,,,True,
2007,海淀区,monotone_stock_proxy,1.0,MAIN,,,187.4,0.8292035398230089,0.8292035398230089,3,B3,0.024045,0.01993819911504425,0.032008915044247785,0.038602,10.5,13.0,16.5,183,False,,,,True,
2007,海淀区,monotone_stock_proxy,1.0,MAIN,,,187.4,0.8292035398230089,0.8292035398230089,4,B4,0.014557,0.01207071592920354,0.01207071592920354,0.014557,14.0,17.0,22.0,183,False,,,,True,
2007,海淀区,monotone_stock_proxy,1.0,MAIN,,,187.4,0.8292035398230089,0.8292035398230089,5,B5+,0.0,0.0,0.0,0.0,17.5,21.0,27.5,183,False,,,,True,
2008,海淀区,monotone_stock_proxy,1.0,MAIN,,,188.6,0.8345132743362832,0.8345132743362832,1,B1,0.794037,0.6626344168141592,0.8345132743362832,1.0,3.5,5.0,5.5,183,False,,,,True,
2008,海淀区,monotone_stock_proxy,1.0,MAIN,,,188.6,0.8345132743362832,0.8345132743362832,2,B2,0.167361,0.1396649761061947,0.1718788575221239,0.205963,7.0,9.0,11.0,183,False,,,,True,
2008,海淀区,monotone_stock_proxy,1.0,MAIN,,,188.6,0.8345132743362832,0.8345132743362832,3,B3,0.024045,0.02006587168141593,0.0322138814159292,0.038602,10.5,13.0,16.5,183,False,,,,True,
2008,海淀区,monotone_stock_proxy,1.0,MAIN,,,188.6,0.8345132743362832,0.8345132743362832,4,B4,0.014557,0.012148009734513274,0.012148009734513274,0.014557,14.0,17.0,22.0,183,False,,,,True,
2008,海淀区,monotone_stock_proxy,1.0,MAIN,,,188.6,0.8345132743362832,0.8345132743362832,5,B5+,0.0,0.0,0.0,0.0,17.5,21.0,27.5,183,False,,,,True,
2009,海淀区,monotone_stock_proxy,1.0,MAIN,,,189.8,0.8398230088495575,0.8398230088495575,1,B1,0.794037,0.6668505424778761,0.8398230088495575,1.0,3.5,5.0,5.5,183,False,,,,True,
2009,海淀区,monotone_stock_proxy,1.0,MAIN,,,189.8,0.8398230088495575,0.8398230088495575,2,B2,0.167361,0.1405536185840708,0.17297246637168143,0.205963,7.0,9.0,11.0,183,False,,,,True,
2009,海淀区,monotone_stock_proxy,1.0,MAIN,,,189.8,0.8398230088495575,0.8398230088495575,3,B3,0.024045,0.02019354424778761,0.032418847787610616,0.038602,10.5,13.0,16.5,183,False,,,,True,
2009,海淀区,monotone_stock_proxy,1.0,MAIN,,,189.8,0.8398230088495575,0.8398230088495575,4,B4,0.014557,0.012225303539823009,0.012225303539823009,0.014557,14.0,17.0,22.0,183,False,,,,True,
2009,海淀区,monotone_stock_proxy,1.0,MAIN,,,189.8,0.8398230088495575,0.8398230088495575,5,B5+,0.0,0.0,0.0,0.0,17.5,21.0,27.5,183,False,,,,True,
2010,海淀区,monotone_stock_proxy,1.0,MAIN,191.0,191.0,191.0,0.8451327433628318,0.8451327433628318,1,B1,0.794037,0.6710666681415929,0.8451327433628318,1.0,3.5,5.0,5.5,183,False,,,,False,
2010,海淀区,monotone_stock_proxy,1.0,MAIN,191.0,191.0,191.0,0.8451327433628318,0.8451327433628318,2,B2,0.167361,0.1414422610619469,0.17406607522123893,0.205963,7.0,9.0,11.0,183,False,,,,False,
2010,海淀区,monotone_stock_proxy,1.0,MAIN,191.0,191.0,191.0,0.8451327433628318,0.8451327433628318,3,B3,0.024045,0.02032121681415929,0.03262381415929203,0.038602,10.5,13.0,16.5,183,False,,,,False,
2010,海淀区,monotone_stock_proxy,1.0,MAIN,191.0,191.0,191.0,0.8451327433628318,0.8451327433628318,4,B4,0.014557,0.012302597345132744,0.012302597345132744,0.014557,14.0,17.0,22.0,183,False,,,,False,
2010,海淀区,monotone_stock_proxy,1.0,MAIN,191.0,191.0,191.0,0.8451327433628318,0.8451327433628318,5,B5+,0.0,0.0,0.0,0.0,17.5,21.0,27.5,183,False,,,,False,
2011,海淀区,monotone_stock_proxy,1.0,MAIN,,,191.0,0.8451327433628318,0.8451327433628318,1,B1,0.794037,0.6710666681415929,0.8451327433628318,1.0,3.5,5.0,5.5,183,False,,,,True,
2011,海淀区,monotone_stock_proxy,1.0,MAIN,,,191.0,0.8451327433628318,0.8451327433628318,2,B2,0.167361,0.1414422610619469,0.17406607522123893,0.205963,7.0,9.0,11.0,183,False,,,,True,
2011,海淀区,monotone_stock_proxy,1.0,MAIN,,,191.0,0.8451327433628318,0.8451327433628318,3,B3,0.024045,0.02032121681415929,0.03262381415929203,0.038602,10.5,13.0,16.5,183,False,,,,True,
2011,海淀区,monotone_stock_proxy,1.0,MAIN,,,191.0,0.8451327433628318,0.8451327433628318,4,B4,0.014557,0.012302597345132744,0.012302597345132744,0.014557,14.0,17.0,22.0,183,False,,,,True,
2011,海淀区,monotone_stock_proxy,1.0,MAIN,,,191.0,0.8451327433628318,0.8451327433628318,5,B5+,0.0,0.0,0.0,0.0,17.5,21.0,27.5,183,False,,,,True,
2012,海淀区,monotone_stock_proxy,1.0,MAIN,,,191.0,0.8451327433628318,0.8451327433628318,1,B1,0.794037,0.6710666681415929,0.8451327433628318,1.0,3.5,5.0,5.5,183,False,,,,True,
2012,海淀区,monotone_stock_proxy,1.0,MAIN,,,191.0,0.8451327433628318,0.8451327433628318,2,B2,0.167361,0.1414422610619469,0.17406607522123893,0.205963,7.0,9.0,11.0,183,False,,,,True,
2012,海淀区,monotone_stock_proxy,1.0,MAIN,,,191.0,0.8451327433628318,0.8451327433628318,3,B3,0.024045,0.02032121681415929,0.03262381415929203,0.038602,10.5,13.0,16.5,183,False,,,,True,
2012,海淀区,monotone_stock_proxy,1.0,MAIN,,,191.0,0.8451327433628318,0.8451327433628318,4,B4,0.014557,0.012302597345132744,0.012302597345132744,0.014557,14.0,17.0,22.0,183,False,,,,True,
2012,海淀区,monotone_stock_proxy,1.0,MAIN,,,191.0,0.8451327433628318,0.8451327433628318,5,B5+,0.0,0.0,0.0,0.0,17.5,21.0,27.5,183,False,,,,True,
2013,海淀区,monotone_stock_proxy,1.0,MAIN,,,191.0,0.8451327433628318,0.8451327433628318,1,B1,0.794037,0.6710666681415929,0.8451327433628318,1.0,3.5,5.0,5.5,183,False,,,,True,
2013,海淀区,monotone_stock_proxy,1.0,MAIN,,,191.0,0.8451327433628318,0.8451327433628318,2,B2,0.167361,0.1414422610619469,0.17406607522123893,0.205963,7.0,9.0,11.0,183,False,,,,True,
2013,海淀区,monotone_stock_proxy,1.0,MAIN,,,191.0,0.8451327433628318,0.8451327433628318,3,B3,0.024045,0.02032121681415929,0.03262381415929203,0.038602,10.5,13.0,16.5,183,False,,,,True,
2013,海淀区,monotone_stock_proxy,1.0,MAIN,,,191.0,0.8451327433628318,0.8451327433628318,4,B4,0.014557,0.012302597345132744,0.012302597345132744,0.014557,14.0,17.0,22.0,183,False,,,,True,
2013,海淀区,monotone_stock_proxy,1.0,MAIN,,,191.0,0.8451327433628318,0.8451327433628318,5,B5+,0.0,0.0,0.0,0.0,17.5,21.0,27.5,183,False,,,,True,
2014,海淀区,monotone_stock_proxy,1.0,MAIN,,,191.0,0.8451327433628318,0.8451327433628318,1,B1,0.794037,0.6710666681415929,0.8451327433628318,1.0,3.5,5.0,5.5,183,False,,,,True,
2014,海淀区,monotone_stock_proxy,1.0,MAIN,,,191.0,0.8451327433628318,0.8451327433628318,2,B2,0.167361,0.1414422610619469,0.17406607522123893,0.205963,7.0,9.0,11.0,183,False,,,,True,
2014,海淀区,monotone_stock_proxy,1.0,MAIN,,,191.0,0.8451327433628318,0.8451327433628318,3,B3,0.024045,0.02032121681415929,0.03262381415929203,0.038602,10.5,13.0,16.5,183,False,,,,True,
2014,海淀区,monotone_stock_proxy,1.0,MAIN,,,191.0,0.8451327433628318,0.8451327433628318,4,B4,0.014557,0.012302597345132744,0.012302597345132744,0.014557,14.0,17.0,22.0,183,False,,,,True,
2014,海淀区,monotone_stock_proxy,1.0,MAIN,,,191.0,0.8451327433628318,0.8451327433628318,5,B5+,0.0,0.0,0.0,0.0,17.5,21.0,27.5,183,False,,,,True,
2015,海淀区,monotone_stock_proxy,1.0,MAIN,190.0,191.0,191.0,0.8451327433628318,0.8451327433628318,1,B1,0.794037,0.6710666681415929,0.8451327433628318,1.0,3.5,5.0,5.5,183,False,,,,False,
2015,海淀区,monotone_stock_proxy,1.0,MAIN,190.0,191.0,191.0,0.8451327433628318,0.8451327433628318,2,B2,0.167361,0.1414422610619469,0.17406607522123893,0.205963,7.0,9.0,11.0,183,False,,,,False,
2015,海淀区,monotone_stock_proxy,1.0,MAIN,190.0,191.0,191.0,0.8451327433628318,0.8451327433628318,3,B3,0.024045,0.02032121681415929,0.03262381415929203,0.038602,10.5,13.0,16.5,183,False,,,,False,
2015,海淀区,monotone_stock_proxy,1.0,MAIN,190.0,191.0,191.0,0.8451327433628318,0.8451327433628318,4,B4,0.014557,0.012302597345132744,0.012302597345132744,0.014557,14.0,17.0,22.0,183,False,,,,False,
2015,海淀区,monotone_stock_proxy,1.0,MAIN,190.0,191.0,191.0,0.8451327433628318,0.8451327433628318,5,B5+,0.0,0.0,0.0,0.0,17.5,21.0,27.5,183,False,,,,False,
2016,海淀区,monotone_stock_proxy,1.0,MAIN,,,198.0,0.8761061946902655,0.8761061946902655,1,B1,0.794037,0.6956607345132744,0.8761061946902655,1.0,3.5,5.0,5.5,183,False,,,,True,
2016,海淀区,monotone_stock_proxy,1.0,MAIN,,,198.0,0.8761061946902655,0.8761061946902655,2,B2,0.167361,0.14662600884955754,0.18044546017699117,0.205963,7.0,9.0,11.0,183,False,,,,True,
2016,海淀区,monotone_stock_proxy,1.0,MAIN,,,198.0,0.8761061946902655,0.8761061946902655,3,B3,0.024045,0.021065973451327435,0.03381945132743363,0.038602,10.5,13.0,16.5,183,False,,,,True,
2016,海淀区,monotone_stock_proxy,1.0,MAIN,,,198.0,0.8761061946902655,0.8761061946902655,4,B4,0.014557,0.012753477876106195,0.012753477876106195,0.014557,14.0,17.0,22.0,183,False,,,,True,
2016,海淀区,monotone_stock_proxy,1.0,MAIN,,,198.0,0.8761061946902655,0.8761061946902655,5,B5+,0.0,0.0,0.0,0.0,17.5,21.0,27.5,183,False,,,,True,
2017,海淀区,monotone_stock_proxy,1.0,MAIN,,,205.0,0.9070796460176991,0.9070796460176991,1,B1,0.794037,0.7202548008849557,0.9070796460176991,1.0,3.5,5.0,5.5,183,False,,,,True,
2017,海淀区,monotone_stock_proxy,1.0,MAIN,,,205.0,0.9070796460176991,0.9070796460176991,2,B2,0.167361,0.15180975663716814,0.18682484513274336,0.205963,7.0,9.0,11.0,183,False,,,,True,
2017,海淀区,monotone_stock_proxy,1.0,MAIN,,,205.0,0.9070796460176991,0.9070796460176991,3,B3,0.024045,0.021810730088495576,0.03501508849557522,0.038602,10.5,13.0,16.5,183,False,,,,True,
2017,海淀区,monotone_stock_proxy,1.0,MAIN,,,205.0,0.9070796460176991,0.9070796460176991,4,B4,0.014557,0.013204358407079645,0.013204358407079645,0.014557,14.0,17.0,22.0,183,False,,,,True,
2017,海淀区,monotone_stock_proxy,1.0,MAIN,,,205.0,0.9070796460176991,0.9070796460176991,5,B5+,0.0,0.0,0.0,0.0,17.5,21.0,27.5,183,False,,,,True,
2018,海淀区,monotone_stock_proxy,1.0,MAIN,,,212.0,0.9380530973451328,0.9380530973451328,1,B1,0.794037,0.7448488672566371,0.9380530973451328,1.0,3.5,5.0,5.5,183,False,,,,True,
2018,海淀区,monotone_stock_proxy,1.0,MAIN,,,212.0,0.9380530973451328,0.9380530973451328,2,B2,0.167361,0.15699350442477877,0.19320423008849558,0.205963,7.0,9.0,11.0,183,False,,,,True,
2018,海淀区,monotone_stock_proxy,1.0,MAIN,,,212.0,0.9380530973451328,0.9380530973451328,3,B3,0.024045,0.022555486725663716,0.03621072566371681,0.038602,10.5,13.0,16.5,183,False,,,,True,
2018,海淀区,monotone_stock_proxy,1.0,MAIN,,,212.0,0.9380530973451328,0.9380530973451328,4,B4,0.014557,0.013655238938053099,0.013655238938053099,0.014557,14.0,17.0,22.0,183,False,,,,True,
2018,海淀区,monotone_stock_proxy,1.0,MAIN,,,212.0,0.9380530973451328,0.9380530973451328,5,B5+,0.0,0.0,0.0,0.0,17.5,21.0,27.5,183,False,,,,True,
2019,海淀区,monotone_stock_proxy,1.0,MAIN,,,219.0,0.9690265486725663,0.9690265486725664,1,B1,0.794037,0.7694429336283186,0.9690265486725664,1.0,3.5,5.0,5.5,183,False,,,,True,
2019,海淀区,monotone_stock_proxy,1.0,MAIN,,,219.0,0.9690265486725663,0.9690265486725664,2,B2,0.167361,0.1621772522123894,0.19958361504424782,0.205963,7.0,9.0,11.0,183,False,,,,True,
2019,海淀区,monotone_stock_proxy,1.0,MAIN,,,219.0,0.9690265486725663,0.9690265486725664,3,B3,0.024045,0.02330024336283186,0.03740636283185841,0.038602,10.5,13.0,16.5,183,False,,,,True,
2019,海淀区,monotone_stock_proxy,1.0,MAIN,,,219.0,0.9690265486725663,0.9690265486725664,4,B4,0.014557,0.01410611946902655,0.01410611946902655,0.014557,14.0,17.0,22.0,183,False,,,,True,
2019,海淀区,monotone_stock_proxy,1.0,MAIN,,,219.0,0.9690265486725663,0.9690265486725664,5,B5+,0.0,0.0,0.0,0.0,17.5,21.0,27.5,183,False,,,,True,
2020,海淀区,monotone_stock_proxy,1.0,MAIN,226.0,226.0,226.0,1.0,1.0,1,B1,0.794037,0.794037,1.0,1.0,3.5,5.0,5.5,183,False,,,,False,
2020,海淀区,monotone_stock_proxy,1.0,MAIN,226.0,226.0,226.0,1.0,1.0,2,B2,0.167361,0.167361,0.205963,0.205963,7.0,9.0,11.0,183,False,,,,False,
2020,海淀区,monotone_stock_proxy,1.0,MAIN,226.0,226.0,226.0,1.0,1.0,3,B3,0.024045,0.024045,0.038602,0.038602,10.5,13.0,16.5,183,False,,,,False,
2020,海淀区,monotone_stock_proxy,1.0,MAIN,226.0,226.0,226.0,1.0,1.0,4,B4,0.014557,0.014557,0.014557,0.014557,14.0,17.0,22.0,183,False,,,,False,
2020,海淀区,monotone_stock_proxy,1.0,MAIN,226.0,226.0,226.0,1.0,1.0,5,B5+,0.0,0.0,0.0,0.0,17.5,21.0,27.5,183,False,,,,False,
1980,石景山区,monotone_stock_proxy,1.0,MAIN,40.0,40.0,40.0,0.6666666666666666,0.6666666666666666,1,B1,0.522801,0.34853399999999995,0.6666673333333333,1.000001,3.5,5.0,5.5,90,False,,,,False,
1980,石景山区,monotone_stock_proxy,1.0,MAIN,40.0,40.0,40.0,0.6666666666666666,0.6666666666666666,2,B2,0.365129,0.24341933333333332,0.31813333333333327,0.47719999999999996,7.0,9.0,11.0,90,False,,,,False,
1980,石景山区,monotone_stock_proxy,1.0,MAIN,40.0,40.0,40.0,0.6666666666666666,0.6666666666666666,3,B3,0.075708,0.050471999999999996,0.074714,0.112071,10.5,13.0,16.5,90,False,,,,False,
1980,石景山区,monotone_stock_proxy,1.0,MAIN,40.0,40.0,40.0,0.6666666666666666,0.6666666666666666,4,B4,0.036363,0.024242,0.024242,0.036363,14.0,17.0,22.0,90,False,,,,False,
1980,石景山区,monotone_stock_proxy,1.0,MAIN,40.0,40.0,40.0,0.6666666666666666,0.6666666666666666,5,B5+,0.0,0.0,0.0,0.0,17.5,21.0,27.5,90,False,,,,False,
1981,石景山区,monotone_stock_proxy,1.0,MAIN,,,40.0,0.6666666666666666,0.6666666666666666,1,B1,0.522801,0.34853399999999995,0.6666673333333333,1.000001,3.5,5.0,5.5,90,False,,,,True,
1981,石景山区,monotone_stock_proxy,1.0,MAIN,,,40.0,0.6666666666666666,0.6666666666666666,2,B2,0.365129,0.24341933333333332,0.31813333333333327,0.47719999999999996,7.0,9.0,11.0,90,False,,,,True,
1981,石景山区,monotone_stock_proxy,1.0,MAIN,,,40.0,0.6666666666666666,0.6666666666666666,3,B3,0.075708,0.050471999999999996,0.074714,0.112071,10.5,13.0,16.5,90,False,,,,True,
1981,石景山区,monotone_stock_proxy,1.0,MAIN,,,40.0,0.6666666666666666,0.6666666666666666,4,B4,0.036363,0.024242,0.024242,0.036363,14.0,17.0,22.0,90,False,,,,True,
1981,石景山区,monotone_stock_proxy,1.0,MAIN,,,40.0,0.6666666666666666,0.6666666666666666,5,B5+,0.0,0.0,0.0,0.0,17.5,21.0,27.5,90,False,,,,True,
1982,石景山区,monotone_stock_proxy,1.0,MAIN,,,40.0,0.6666666666666666,0.6666666666666666,1,B1,0.522801,0.34853399999999995,0.6666673333333333,1.000001,3.5,5.0,5.5,90,False,,,,True,
1982,石景山区,monotone_stock_proxy,1.0,MAIN,,,40.0,0.6666666666666666,0.6666666666666666,2,B2,0.365129,0.24341933333333332,0.31813333333333327,0.47719999999999996,7.0,9.0,11.0,90,False,,,,True,
1982,石景山区,monotone_stock_proxy,1.0,MAIN,,,40.0,0.6666666666666666,0.6666666666666666,3,B3,0.075708,0.050471999999999996,0.074714,0.112071,10.5,13.0,16.5,90,False,,,,True,
1982,石景山区,monotone_stock_proxy,1.0,MAIN,,,40.0,0.6666666666666666,0.6666666666666666,4,B4,0.036363,0.024242,0.024242,0.036363,14.0,17.0,22.0,90,False,,,,True,
1982,石景山区,monotone_stock_proxy,1.0,MAIN,,,40.0,0.6666666666666666,0.6666666666666666,5,B5+,0.0,0.0,0.0,0.0,17.5,21.0,27.5,90,False,,,,True,
1983,石景山区,monotone_stock_proxy,1.0,MAIN,,,40.0,0.6666666666666666,0.6666666666666666,1,B1,0.522801,0.34853399999999995,0.6666673333333333,1.000001,3.5,5.0,5.5,90,False,,,,True,
1983,石景山区,monotone_stock_proxy,1.0,MAIN,,,40.0,0.6666666666666666,0.6666666666666666,2,B2,0.365129,0.24341933333333332,0.31813333333333327,0.47719999999999996,7.0,9.0,11.0,90,False,,,,True,
1983,石景山区,monotone_stock_proxy,1.0,MAIN,,,40.0,0.6666666666666666,0.6666666666666666,3,B3,0.075708,0.050471999999999996,0.074714,0.112071,10.5,13.0,16.5,90,False,,,,True,
1983,石景山区,monotone_stock_proxy,1.0,MAIN,,,40.0,0.6666666666666666,0.6666666666666666,4,B4,0.036363,0.024242,0.024242,0.036363,14.0,17.0,22.0,90,False,,,,True,
1983,石景山区,monotone_stock_proxy,1.0,MAIN,,,40.0,0.6666666666666666,0.6666666666666666,5,B5+,0.0,0.0,0.0,0.0,17.5,21.0,27.5,90,False,,,,True,
1984,石景山区,monotone_stock_proxy,1.0,MAIN,,,40.0,0.6666666666666666,0.6666666666666666,1,B1,0.522801,0.34853399999999995,0.6666673333333333,1.000001,3.5,5.0,5.5,90,False,,,,True,
1984,石景山区,monotone_stock_proxy,1.0,MAIN,,,40.0,0.6666666666666666,0.6666666666666666,2,B2,0.365129,0.24341933333333332,0.31813333333333327,0.47719999999999996,7.0,9.0,11.0,90,False,,,,True,
1984,石景山区,monotone_stock_proxy,1.0,MAIN,,,40.0,0.6666666666666666,0.6666666666666666,3,B3,0.075708,0.050471999999999996,0.074714,0.112071,10.5,13.0,16.5,90,False,,,,True,
1984,石景山区,monotone_stock_proxy,1.0,MAIN,,,40.0,0.6666666666666666,0.6666666666666666,4,B4,0.036363,0.024242,0.024242,0.036363,14.0,17.0,22.0,90,False,,,,True,
1984,石景山区,monotone_stock_proxy,1.0,MAIN,,,40.0,0.6666666666666666,0.6666666666666666,5,B5+,0.0,0.0,0.0,0.0,17.5,21.0,27.5,90,False,,,,True,
1985,石景山区,monotone_stock_proxy,1.0,MAIN,,,40.0,0.6666666666666666,0.6666666666666666,1,B1,0.522801,0.34853399999999995,0.6666673333333333,1.000001,3.5,5.0,5.5,90,False,,,,True,
1985,石景山区,monotone_stock_proxy,1.0,MAIN,,,40.0,0.6666666666666666,0.6666666666666666,2,B2,0.365129,0.24341933333333332,0.31813333333333327,0.47719999999999996,7.0,9.0,11.0,90,False,,,,True,
1985,石景山区,monotone_stock_proxy,1.0,MAIN,,,40.0,0.6666666666666666,0.6666666666666666,3,B3,0.075708,0.050471999999999996,0.074714,0.112071,10.5,13.0,16.5,90,False,,,,True,
1985,石景山区,monotone_stock_proxy,1.0,MAIN,,,40.0,0.6666666666666666,0.6666666666666666,4,B4,0.036363,0.024242,0.024242,0.036363,14.0,17.0,22.0,90,False,,,,True,
1985,石景山区,monotone_stock_proxy,1.0,MAIN,,,40.0,0.6666666666666666,0.6666666666666666,5,B5+,0.0,0.0,0.0,0.0,17.5,21.0,27.5,90,False,,,,True,
1986,石景山区,monotone_stock_proxy,1.0,MAIN,,,40.0,0.6666666666666666,0.6666666666666666,1,B1,0.522801,0.34853399999999995,0.6666673333333333,1.000001,3.5,5.0,5.5,90,False,,,,True,
1986,石景山区,monotone_stock_proxy,1.0,MAIN,,,40.0,0.6666666666666666,0.6666666666666666,2,B2,0.365129,0.24341933333333332,0.31813333333333327,0.47719999999999996,7.0,9.0,11.0,90,False,,,,True,
1986,石景山区,monotone_stock_proxy,1.0,MAIN,,,40.0,0.6666666666666666,0.6666666666666666,3,B3,0.075708,0.050471999999999996,0.074714,0.112071,10.5,13.0,16.5,90,False,,,,True,
1986,石景山区,monotone_stock_proxy,1.0,MAIN,,,40.0,0.6666666666666666,0.6666666666666666,4,B4,0.036363,0.024242,0.024242,0.036363,14.0,17.0,22.0,90,False,,,,True,
1986,石景山区,monotone_stock_proxy,1.0,MAIN,,,40.0,0.6666666666666666,0.6666666666666666,5,B5+,0.0,0.0,0.0,0.0,17.5,21.0,27.5,90,False,,,,True,
1987,石景山区,monotone_stock_proxy,1.0,MAIN,,,40.0,0.6666666666666666,0.6666666666666666,1,B1,0.522801,0.34853399999999995,0.6666673333333333,1.000001,3.5,5.0,5.5,90,False,,,,True,
1987,石景山区,monotone_stock_proxy,1.0,MAIN,,,40.0,0.6666666666666666,0.6666666666666666,2,B2,0.365129,0.24341933333333332,0.31813333333333327,0.47719999999999996,7.0,9.0,11.0,90,False,,,,True,
1987,石景山区,monotone_stock_proxy,1.0,MAIN,,,40.0,0.6666666666666666,0.6666666666666666,3,B3,0.075708,0.050471999999999996,0.074714,0.112071,10.5,13.0,16.5,90,False,,,,True,
1987,石景山区,monotone_stock_proxy,1.0,MAIN,,,40.0,0.6666666666666666,0.6666666666666666,4,B4,0.036363,0.024242,0.024242,0.036363,14.0,17.0,22.0,90,False,,,,True,
1987,石景山区,monotone_stock_proxy,1.0,MAIN,,,40.0,0.6666666666666666,0.6666666666666666,5,B5+,0.0,0.0,0.0,0.0,17.5,21.0,27.5,90,False,,,,True,
1988,石景山区,monotone_stock_proxy,1.0,MAIN,,,40.0,0.6666666666666666,0.6666666666666666,1,B1,0.522801,0.34853399999999995,0.6666673333333333,1.000001,3.5,5.0,5.5,90,False,,,,True,
1988,石景山区,monotone_stock_proxy,1.0,MAIN,,,40.0,0.6666666666666666,0.6666666666666666,2,B2,0.365129,0.24341933333333332,0.31813333333333327,0.47719999999999996,7.0,9.0,11.0,90,False,,,,True,
1988,石景山区,monotone_stock_proxy,1.0,MAIN,,,40.0,0.6666666666666666,0.6666666666666666,3,B3,0.075708,0.050471999999999996,0.074714,0.112071,10.5,13.0,16.5,90,False,,,,True,
1988,石景山区,monotone_stock_proxy,1.0,MAIN,,,40.0,0.6666666666666666,0.6666666666666666,4,B4,0.036363,0.024242,0.024242,0.036363,14.0,17.0,22.0,90,False,,,,True,
1988,石景山区,monotone_stock_proxy,1.0,MAIN,,,40.0,0.6666666666666666,0.6666666666666666,5,B5+,0.0,0.0,0.0,0.0,17.5,21.0,27.5,90,False,,,,True,
1989,石景山区,monotone_stock_proxy,1.0,MAIN,,,40.0,0.6666666666666666,0.6666666666666666,1,B1,0.522801,0.34853399999999995,0.6666673333333333,1.000001,3.5,5.0,5.5,90,False,,,,True,
1989,石景山区,monotone_stock_proxy,1.0,MAIN,,,40.0,0.6666666666666666,0.6666666666666666,2,B2,0.365129,0.24341933333333332,0.31813333333333327,0.47719999999999996,7.0,9.0,11.0,90,False,,,,True,
1989,石景山区,monotone_stock_proxy,1.0,MAIN,,,40.0,0.6666666666666666,0.6666666666666666,3,B3,0.075708,0.050471999999999996,0.074714,0.112071,10.5,13.0,16.5,90,False,,,,True,
1989,石景山区,monotone_stock_proxy,1.0,MAIN,,,40.0,0.6666666666666666,0.6666666666666666,4,B4,0.036363,0.024242,0.024242,0.036363,14.0,17.0,22.0,90,False,,,,True,
1989,石景山区,monotone_stock_proxy,1.0,MAIN,,,40.0,0.6666666666666666,0.6666666666666666,5,B5+,0.0,0.0,0.0,0.0,17.5,21.0,27.5,90,False,,,,True,
1990,石景山区,monotone_stock_proxy,1.0,MAIN,36.0,40.0,40.0,0.6666666666666666,0.6666666666666666,1,B1,0.522801,0.34853399999999995,0.6666673333333333,1.000001,3.5,5.0,5.5,90,False,,,,False,
1990,石景山区,monotone_stock_proxy,1.0,MAIN,36.0,40.0,40.0,0.6666666666666666,0.6666666666666666,2,B2,0.365129,0.24341933333333332,0.31813333333333327,0.47719999999999996,7.0,9.0,11.0,90,False,,,,False,
1990,石景山区,monotone_stock_proxy,1.0,MAIN,36.0,40.0,40.0,0.6666666666666666,0.6666666666666666,3,B3,0.075708,0.050471999999999996,0.074714,0.112071,10.5,13.0,16.5,90,False,,,,False,
1990,石景山区,monotone_stock_proxy,1.0,MAIN,36.0,40.0,40.0,0.6666666666666666,0.6666666666666666,4,B4,0.036363,0.024242,0.024242,0.036363,14.0,17.0,22.0,90,False,,,,False,
1990,石景山区,monotone_stock_proxy,1.0,MAIN,36.0,40.0,40.0,0.6666666666666666,0.6666666666666666,5,B5+,0.0,0.0,0.0,0.0,17.5,21.0,27.5,90,False,,,,False,
1991,石景山区,monotone_stock_proxy,1.0,MAIN,,,44.0,0.7333333333333333,0.7333333333333333,1,B1,0.522801,0.38338739999999993,0.7333340666666666,1.000001,3.5,5.0,5.5,90,False,,,,True,
1991,石景山区,monotone_stock_proxy,1.0,MAIN,,,44.0,0.7333333333333333,0.7333333333333333,2,B2,0.365129,0.2677612666666666,0.34994666666666663,0.47719999999999996,7.0,9.0,11.0,90,False,,,,True,
1991,石景山区,monotone_stock_proxy,1.0,MAIN,,,44.0,0.7333333333333333,0.7333333333333333,3,B3,0.075708,0.0555192,0.08218539999999999,0.112071,10.5,13.0,16.5,90,False,,,,True,
1991,石景山区,monotone_stock_proxy,1.0,MAIN,,,44.0,0.7333333333333333,0.7333333333333333,4,B4,0.036363,0.026666199999999998,0.026666199999999998,0.036363,14.0,17.0,22.0,90,False,,,,True,
1991,石景山区,monotone_stock_proxy,1.0,MAIN,,,44.0,0.7333333333333333,0.7333333333333333,5,B5+,0.0,0.0,0.0,0.0,17.5,21.0,27.5,90,False,,,,True,
1992,石景山区,monotone_stock_proxy,1.0,MAIN,,,48.0,0.8,0.8,1,B1,0.522801,0.41824079999999997,0.8000008,1.000001,3.5,5.0,5.5,90,False,,,,True,
1992,石景山区,monotone_stock_proxy,1.0,MAIN,,,48.0,0.8,0.8,2,B2,0.365129,0.2921032,0.38176,0.47719999999999996,7.0,9.0,11.0,90,False,,,,True,
1992,石景山区,monotone_stock_proxy,1.0,MAIN,,,48.0,0.8,0.8,3,B3,0.075708,0.0605664,0.08965680000000001,0.112071,10.5,13.0,16.5,90,False,,,,True,
1992,石景山区,monotone_stock_proxy,1.0,MAIN,,,48.0,0.8,0.8,4,B4,0.036363,0.029090400000000002,0.029090400000000002,0.036363,14.0,17.0,22.0,90,False,,,,True,
1992,石景山区,monotone_stock_proxy,1.0,MAIN,,,48.0,0.8,0.8,5,B5+,0.0,0.0,0.0,0.0,17.5,21.0,27.5,90,False,,,,True,
1993,石景山区,monotone_stock_proxy,1.0,MAIN,,,52.0,0.8666666666666667,0.8666666666666667,1,B1,0.522801,0.4530942,0.8666675333333332,1.000001,3.5,5.0,5.5,90,False,,,,True,
1993,石景山区,monotone_stock_proxy,1.0,MAIN,,,52.0,0.8666666666666667,0.8666666666666667,2,B2,0.365129,0.31644513333333335,0.4135733333333333,0.47719999999999996,7.0,9.0,11.0,90,False,,,,True,
1993,石景山区,monotone_stock_proxy,1.0,MAIN,,,52.0,0.8666666666666667,0.8666666666666667,3,B3,0.075708,0.0656136,0.09712820000000001,0.112071,10.5,13.0,16.5,90,False,,,,True,
1993,石景山区,monotone_stock_proxy,1.0,MAIN,,,52.0,0.8666666666666667,0.8666666666666667,4,B4,0.036363,0.031514600000000004,0.031514600000000004,0.036363,14.0,17.0,22.0,90,False,,,,True,
1993,石景山区,monotone_stock_proxy,1.0,MAIN,,,52.0,0.8666666666666667,0.8666666666666667,5,B5+,0.0,0.0,0.0,0.0,17.5,21.0,27.5,90,False,,,,True,
1994,石景山区,monotone_stock_proxy,1.0,MAIN,,,56.0,0.9333333333333333,0.9333333333333333,1,B1,0.522801,0.4879476,0.9333342666666666,1.000001,3.5,5.0,5.5,90,False,,,,True,
1994,石景山区,monotone_stock_proxy,1.0,MAIN,,,56.0,0.9333333333333333,0.9333333333333333,2,B2,0.365129,0.34078706666666664,0.44538666666666665,0.47719999999999996,7.0,9.0,11.0,90,False,,,,True,
1994,石景山区,monotone_stock_proxy,1.0,MAIN,,,56.0,0.9333333333333333,0.9333333333333333,3,B3,0.075708,0.0706608,0.1045996,0.112071,10.5,13.0,16.5,90,False,,,,True,
1994,石景山区,monotone_stock_proxy,1.0,MAIN,,,56.0,0.9333333333333333,0.9333333333333333,4,B4,0.036363,0.0339388,0.0339388,0.036363,14.0,17.0,22.0,90,False,,,,True,
1994,石景山区,monotone_stock_proxy,1.0,MAIN,,,56.0,0.9333333333333333,0.9333333333333333,5,B5+,0.0,0.0,0.0,0.0,17.5,21.0,27.5,90,False,,,,True,
1995,石景山区,monotone_stock_proxy,1.0,MAIN,60.0,60.0,60.0,1.0,1.0,1,B1,0.522801,0.522801,1.000001,1.000001,3.5,5.0,5.5,90,False,,,,False,
1995,石景山区,monotone_stock_proxy,1.0,MAIN,60.0,60.0,60.0,1.0,1.0,2,B2,0.365129,0.365129,0.47719999999999996,0.47719999999999996,7.0,9.0,11.0,90,False,,,,False,
1995,石景山区,monotone_stock_proxy,1.0,MAIN,60.0,60.0,60.0,1.0,1.0,3,B3,0.075708,0.075708,0.112071,0.112071,10.5,13.0,16.5,90,False,,,,False,
1995,石景山区,monotone_stock_proxy,1.0,MAIN,60.0,60.0,60.0,1.0,1.0,4,B4,0.036363,0.036363,0.036363,0.036363,14.0,17.0,22.0,90,False,,,,False,
1995,石景山区,monotone_stock_proxy,1.0,MAIN,60.0,60.0,60.0,1.0,1.0,5,B5+,0.0,0.0,0.0,0.0,17.5,21.0,27.5,90,False,,,,False,
1996,石景山区,monotone_stock_proxy,1.0,MAIN,,,60.0,1.0,1.0,1,B1,0.522801,0.522801,1.000001,1.000001,3.5,5.0,5.5,90,False,,,,True,
1996,石景山区,monotone_stock_proxy,1.0,MAIN,,,60.0,1.0,1.0,2,B2,0.365129,0.365129,0.47719999999999996,0.47719999999999996,7.0,9.0,11.0,90,False,,,,True,
1996,石景山区,monotone_stock_proxy,1.0,MAIN,,,60.0,1.0,1.0,3,B3,0.075708,0.075708,0.112071,0.112071,10.5,13.0,16.5,90,False,,,,True,
1996,石景山区,monotone_stock_proxy,1.0,MAIN,,,60.0,1.0,1.0,4,B4,0.036363,0.036363,0.036363,0.036363,14.0,17.0,22.0,90,False,,,,True,
1996,石景山区,monotone_stock_proxy,1.0,MAIN,,,60.0,1.0,1.0,5,B5+,0.0,0.0,0.0,0.0,17.5,21.0,27.5,90,False,,,,True,
1997,石景山区,monotone_stock_proxy,1.0,MAIN,,,60.0,1.0,1.0,1,B1,0.522801,0.522801,1.000001,1.000001,3.5,5.0,5.5,90,False,,,,True,
1997,石景山区,monotone_stock_proxy,1.0,MAIN,,,60.0,1.0,1.0,2,B2,0.365129,0.365129,0.47719999999999996,0.47719999999999996,7.0,9.0,11.0,90,False,,,,True,
1997,石景山区,monotone_stock_proxy,1.0,MAIN,,,60.0,1.0,1.0,3,B3,0.075708,0.075708,0.112071,0.112071,10.5,13.0,16.5,90,False,,,,True,
1997,石景山区,monotone_stock_proxy,1.0,MAIN,,,60.0,1.0,1.0,4,B4,0.036363,0.036363,0.036363,0.036363,14.0,17.0,22.0,90,False,,,,True,
1997,石景山区,monotone_stock_proxy,1.0,MAIN,,,60.0,1.0,1.0,5,B5+,0.0,0.0,0.0,0.0,17.5,21.0,27.5,90,False,,,,True,
1998,石景山区,monotone_stock_proxy,1.0,MAIN,,,60.0,1.0,1.0,1,B1,0.522801,0.522801,1.000001,1.000001,3.5,5.0,5.5,90,False,,,,True,
1998,石景山区,monotone_stock_proxy,1.0,MAIN,,,60.0,1.0,1.0,2,B2,0.365129,0.365129,0.47719999999999996,0.47719999999999996,7.0,9.0,11.0,90,False,,,,True,
1998,石景山区,monotone_stock_proxy,1.0,MAIN,,,60.0,1.0,1.0,3,B3,0.075708,0.075708,0.112071,0.112071,10.5,13.0,16.5,90,False,,,,True,
1998,石景山区,monotone_stock_proxy,1.0,MAIN,,,60.0,1.0,1.0,4,B4,0.036363,0.036363,0.036363,0.036363,14.0,17.0,22.0,90,False,,,,True,
1998,石景山区,monotone_stock_proxy,1.0,MAIN,,,60.0,1.0,1.0,5,B5+,0.0,0.0,0.0,0.0,17.5,21.0,27.5,90,False,,,,True,
1999,石景山区,monotone_stock_proxy,1.0,MAIN,,,60.0,1.0,1.0,1,B1,0.522801,0.522801,1.000001,1.000001,3.5,5.0,5.5,90,False,,,,True,
1999,石景山区,monotone_stock_proxy,1.0,MAIN,,,60.0,1.0,1.0,2,B2,0.365129,0.365129,0.47719999999999996,0.47719999999999996,7.0,9.0,11.0,90,False,,,,True,
1999,石景山区,monotone_stock_proxy,1.0,MAIN,,,60.0,1.0,1.0,3,B3,0.075708,0.075708,0.112071,0.112071,10.5,13.0,16.5,90,False,,,,True,
1999,石景山区,monotone_stock_proxy,1.0,MAIN,,,60.0,1.0,1.0,4,B4,0.036363,0.036363,0.036363,0.036363,14.0,17.0,22.0,90,False,,,,True,
1999,石景山区,monotone_stock_proxy,1.0,MAIN,,,60.0,1.0,1.0,5,B5+,0.0,0.0,0.0,0.0,17.5,21.0,27.5,90,False,,,,True,
2000,石景山区,monotone_stock_proxy,1.0,MAIN,57.0,60.0,60.0,1.0,1.0,1,B1,0.522801,0.522801,1.000001,1.000001,3.5,5.0,5.5,90,False,,,,False,
2000,石景山区,monotone_stock_proxy,1.0,MAIN,57.0,60.0,60.0,1.0,1.0,2,B2,0.365129,0.365129,0.47719999999999996,0.47719999999999996,7.0,9.0,11.0,90,False,,,,False,
2000,石景山区,monotone_stock_proxy,1.0,MAIN,57.0,60.0,60.0,1.0,1.0,3,B3,0.075708,0.075708,0.112071,0.112071,10.5,13.0,16.5,90,False,,,,False,
2000,石景山区,monotone_stock_proxy,1.0,MAIN,57.0,60.0,60.0,1.0,1.0,4,B4,0.036363,0.036363,0.036363,0.036363,14.0,17.0,22.0,90,False,,,,False,
2000,石景山区,monotone_stock_proxy,1.0,MAIN,57.0,60.0,60.0,1.0,1.0,5,B5+,0.0,0.0,0.0,0.0,17.5,21.0,27.5,90,False,,,,False,
2001,石景山区,monotone_stock_proxy,1.0,MAIN,,,60.0,1.0,1.0,1,B1,0.522801,0.522801,1.000001,1.000001,3.5,5.0,5.5,90,False,,,,True,
2001,石景山区,monotone_stock_proxy,1.0,MAIN,,,60.0,1.0,1.0,2,B2,0.365129,0.365129,0.47719999999999996,0.47719999999999996,7.0,9.0,11.0,90,False,,,,True,
2001,石景山区,monotone_stock_proxy,1.0,MAIN,,,60.0,1.0,1.0,3,B3,0.075708,0.075708,0.112071,0.112071,10.5,13.0,16.5,90,False,,,,True,
2001,石景山区,monotone_stock_proxy,1.0,MAIN,,,60.0,1.0,1.0,4,B4,0.036363,0.036363,0.036363,0.036363,14.0,17.0,22.0,90,False,,,,True,
2001,石景山区,monotone_stock_proxy,1.0,MAIN,,,60.0,1.0,1.0,5,B5+,0.0,0.0,0.0,0.0,17.5,21.0,27.5,90,False,,,,True,
2002,石景山区,monotone_stock_proxy,1.0,MAIN,,,60.0,1.0,1.0,1,B1,0.522801,0.522801,1.000001,1.000001,3.5,5.0,5.5,90,False,,,,True,
2002,石景山区,monotone_stock_proxy,1.0,MAIN,,,60.0,1.0,1.0,2,B2,0.365129,0.365129,0.47719999999999996,0.47719999999999996,7.0,9.0,11.0,90,False,,,,True,
2002,石景山区,monotone_stock_proxy,1.0,MAIN,,,60.0,1.0,1.0,3,B3,0.075708,0.075708,0.112071,0.112071,10.5,13.0,16.5,90,False,,,,True,
2002,石景山区,monotone_stock_proxy,1.0,MAIN,,,60.0,1.0,1.0,4,B4,0.036363,0.036363,0.036363,0.036363,14.0,17.0,22.0,90,False,,,,True,
2002,石景山区,monotone_stock_proxy,1.0,MAIN,,,60.0,1.0,1.0,5,B5+,0.0,0.0,0.0,0.0,17.5,21.0,27.5,90,False,,,,True,
2003,石景山区,monotone_stock_proxy,1.0,MAIN,,,60.0,1.0,1.0,1,B1,0.522801,0.522801,1.000001,1.000001,3.5,5.0,5.5,90,False,,,,True,
2003,石景山区,monotone_stock_proxy,1.0,MAIN,,,60.0,1.0,1.0,2,B2,0.365129,0.365129,0.47719999999999996,0.47719999999999996,7.0,9.0,11.0,90,False,,,,True,
2003,石景山区,monotone_stock_proxy,1.0,MAIN,,,60.0,1.0,1.0,3,B3,0.075708,0.075708,0.112071,0.112071,10.5,13.0,16.5,90,False,,,,True,
2003,石景山区,monotone_stock_proxy,1.0,MAIN,,,60.0,1.0,1.0,4,B4,0.036363,0.036363,0.036363,0.036363,14.0,17.0,22.0,90,False,,,,True,
2003,石景山区,monotone_stock_proxy,1.0,MAIN,,,60.0,1.0,1.0,5,B5+,0.0,0.0,0.0,0.0,17.5,21.0,27.5,90,False,,,,True,
2004,石景山区,monotone_stock_proxy,1.0,MAIN,,,60.0,1.0,1.0,1,B1,0.522801,0.522801,1.000001,1.000001,3.5,5.0,5.5,90,False,,,,True,
2004,石景山区,monotone_stock_proxy,1.0,MAIN,,,60.0,1.0,1.0,2,B2,0.365129,0.365129,0.47719999999999996,0.47719999999999996,7.0,9.0,11.0,90,False,,,,True,
2004,石景山区,monotone_stock_proxy,1.0,MAIN,,,60.0,1.0,1.0,3,B3,0.075708,0.075708,0.112071,0.112071,10.5,13.0,16.5,90,False,,,,True,
2004,石景山区,monotone_stock_proxy,1.0,MAIN,,,60.0,1.0,1.0,4,B4,0.036363,0.036363,0.036363,0.036363,14.0,17.0,22.0,90,False,,,,True,
2004,石景山区,monotone_stock_proxy,1.0,MAIN,,,60.0,1.0,1.0,5,B5+,0.0,0.0,0.0,0.0,17.5,21.0,27.5,90,False,,,,True,
2005,石景山区,monotone_stock_proxy,1.0,MAIN,57.0,60.0,60.0,1.0,1.0,1,B1,0.522801,0.522801,1.000001,1.000001,3.5,5.0,5.5,90,False,,,,False,
2005,石景山区,monotone_stock_proxy,1.0,MAIN,57.0,60.0,60.0,1.0,1.0,2,B2,0.365129,0.365129,0.47719999999999996,0.47719999999999996,7.0,9.0,11.0,90,False,,,,False,
2005,石景山区,monotone_stock_proxy,1.0,MAIN,57.0,60.0,60.0,1.0,1.0,3,B3,0.075708,0.075708,0.112071,0.112071,10.5,13.0,16.5,90,False,,,,False,
2005,石景山区,monotone_stock_proxy,1.0,MAIN,57.0,60.0,60.0,1.0,1.0,4,B4,0.036363,0.036363,0.036363,0.036363,14.0,17.0,22.0,90,False,,,,False,
2005,石景山区,monotone_stock_proxy,1.0,MAIN,57.0,60.0,60.0,1.0,1.0,5,B5+,0.0,0.0,0.0,0.0,17.5,21.0,27.5,90,False,,,,False,
2006,石景山区,monotone_stock_proxy,1.0,MAIN,,,60.0,1.0,1.0,1,B1,0.522801,0.522801,1.000001,1.000001,3.5,5.0,5.5,90,False,,,,True,
2006,石景山区,monotone_stock_proxy,1.0,MAIN,,,60.0,1.0,1.0,2,B2,0.365129,0.365129,0.47719999999999996,0.47719999999999996,7.0,9.0,11.0,90,False,,,,True,
2006,石景山区,monotone_stock_proxy,1.0,MAIN,,,60.0,1.0,1.0,3,B3,0.075708,0.075708,0.112071,0.112071,10.5,13.0,16.5,90,False,,,,True,
2006,石景山区,monotone_stock_proxy,1.0,MAIN,,,60.0,1.0,1.0,4,B4,0.036363,0.036363,0.036363,0.036363,14.0,17.0,22.0,90,False,,,,True,
2006,石景山区,monotone_stock_proxy,1.0,MAIN,,,60.0,1.0,1.0,5,B5+,0.0,0.0,0.0,0.0,17.5,21.0,27.5,90,False,,,,True,
2007,石景山区,monotone_stock_proxy,1.0,MAIN,,,60.0,1.0,1.0,1,B1,0.522801,0.522801,1.000001,1.000001,3.5,5.0,5.5,90,False,,,,True,
2007,石景山区,monotone_stock_proxy,1.0,MAIN,,,60.0,1.0,1.0,2,B2,0.365129,0.365129,0.47719999999999996,0.47719999999999996,7.0,9.0,11.0,90,False,,,,True,
2007,石景山区,monotone_stock_proxy,1.0,MAIN,,,60.0,1.0,1.0,3,B3,0.075708,0.075708,0.112071,0.112071,10.5,13.0,16.5,90,False,,,,True,
2007,石景山区,monotone_stock_proxy,1.0,MAIN,,,60.0,1.0,1.0,4,B4,0.036363,0.036363,0.036363,0.036363,14.0,17.0,22.0,90,False,,,,True,
2007,石景山区,monotone_stock_proxy,1.0,MAIN,,,60.0,1.0,1.0,5,B5+,0.0,0.0,0.0,0.0,17.5,21.0,27.5,90,False,,,,True,
2008,石景山区,monotone_stock_proxy,1.0,MAIN,,,60.0,1.0,1.0,1,B1,0.522801,0.522801,1.000001,1.000001,3.5,5.0,5.5,90,False,,,,True,
2008,石景山区,monotone_stock_proxy,1.0,MAIN,,,60.0,1.0,1.0,2,B2,0.365129,0.365129,0.47719999999999996,0.47719999999999996,7.0,9.0,11.0,90,False,,,,True,
2008,石景山区,monotone_stock_proxy,1.0,MAIN,,,60.0,1.0,1.0,3,B3,0.075708,0.075708,0.112071,0.112071,10.5,13.0,16.5,90,False,,,,True,
2008,石景山区,monotone_stock_proxy,1.0,MAIN,,,60.0,1.0,1.0,4,B4,0.036363,0.036363,0.036363,0.036363,14.0,17.0,22.0,90,False,,,,True,
2008,石景山区,monotone_stock_proxy,1.0,MAIN,,,60.0,1.0,1.0,5,B5+,0.0,0.0,0.0,0.0,17.5,21.0,27.5,90,False,,,,True,
2009,石景山区,monotone_stock_proxy,1.0,MAIN,,,60.0,1.0,1.0,1,B1,0.522801,0.522801,1.000001,1.000001,3.5,5.0,5.5,90,False,,,,True,
2009,石景山区,monotone_stock_proxy,1.0,MAIN,,,60.0,1.0,1.0,2,B2,0.365129,0.365129,0.47719999999999996,0.47719999999999996,7.0,9.0,11.0,90,False,,,,True,
2009,石景山区,monotone_stock_proxy,1.0,MAIN,,,60.0,1.0,1.0,3,B3,0.075708,0.075708,0.112071,0.112071,10.5,13.0,16.5,90,False,,,,True,
2009,石景山区,monotone_stock_proxy,1.0,MAIN,,,60.0,1.0,1.0,4,B4,0.036363,0.036363,0.036363,0.036363,14.0,17.0,22.0,90,False,,,,True,
2009,石景山区,monotone_stock_proxy,1.0,MAIN,,,60.0,1.0,1.0,5,B5+,0.0,0.0,0.0,0.0,17.5,21.0,27.5,90,False,,,,True,
2010,石景山区,monotone_stock_proxy,1.0,MAIN,58.0,60.0,60.0,1.0,1.0,1,B1,0.522801,0.522801,1.000001,1.000001,3.5,5.0,5.5,90,False,,,,False,
2010,石景山区,monotone_stock_proxy,1.0,MAIN,58.0,60.0,60.0,1.0,1.0,2,B2,0.365129,0.365129,0.47719999999999996,0.47719999999999996,7.0,9.0,11.0,90,False,,,,False,
2010,石景山区,monotone_stock_proxy,1.0,MAIN,58.0,60.0,60.0,1.0,1.0,3,B3,0.075708,0.075708,0.112071,0.112071,10.5,13.0,16.5,90,False,,,,False,
2010,石景山区,monotone_stock_proxy,1.0,MAIN,58.0,60.0,60.0,1.0,1.0,4,B4,0.036363,0.036363,0.036363,0.036363,14.0,17.0,22.0,90,False,,,,False,
2010,石景山区,monotone_stock_proxy,1.0,MAIN,58.0,60.0,60.0,1.0,1.0,5,B5+,0.0,0.0,0.0,0.0,17.5,21.0,27.5,90,False,,,,False,
2011,石景山区,monotone_stock_proxy,1.0,MAIN,,,60.0,1.0,1.0,1,B1,0.522801,0.522801,1.000001,1.000001,3.5,5.0,5.5,90,False,,,,True,
2011,石景山区,monotone_stock_proxy,1.0,MAIN,,,60.0,1.0,1.0,2,B2,0.365129,0.365129,0.47719999999999996,0.47719999999999996,7.0,9.0,11.0,90,False,,,,True,
2011,石景山区,monotone_stock_proxy,1.0,MAIN,,,60.0,1.0,1.0,3,B3,0.075708,0.075708,0.112071,0.112071,10.5,13.0,16.5,90,False,,,,True,
2011,石景山区,monotone_stock_proxy,1.0,MAIN,,,60.0,1.0,1.0,4,B4,0.036363,0.036363,0.036363,0.036363,14.0,17.0,22.0,90,False,,,,True,
2011,石景山区,monotone_stock_proxy,1.0,MAIN,,,60.0,1.0,1.0,5,B5+,0.0,0.0,0.0,0.0,17.5,21.0,27.5,90,False,,,,True,
2012,石景山区,monotone_stock_proxy,1.0,MAIN,,,60.0,1.0,1.0,1,B1,0.522801,0.522801,1.000001,1.000001,3.5,5.0,5.5,90,False,,,,True,
2012,石景山区,monotone_stock_proxy,1.0,MAIN,,,60.0,1.0,1.0,2,B2,0.365129,0.365129,0.47719999999999996,0.47719999999999996,7.0,9.0,11.0,90,False,,,,True,
2012,石景山区,monotone_stock_proxy,1.0,MAIN,,,60.0,1.0,1.0,3,B3,0.075708,0.075708,0.112071,0.112071,10.5,13.0,16.5,90,False,,,,True,
2012,石景山区,monotone_stock_proxy,1.0,MAIN,,,60.0,1.0,1.0,4,B4,0.036363,0.036363,0.036363,0.036363,14.0,17.0,22.0,90,False,,,,True,
2012,石景山区,monotone_stock_proxy,1.0,MAIN,,,60.0,1.0,1.0,5,B5+,0.0,0.0,0.0,0.0,17.5,21.0,27.5,90,False,,,,True,
2013,石景山区,monotone_stock_proxy,1.0,MAIN,,,60.0,1.0,1.0,1,B1,0.522801,0.522801,1.000001,1.000001,3.5,5.0,5.5,90,False,,,,True,
2013,石景山区,monotone_stock_proxy,1.0,MAIN,,,60.0,1.0,1.0,2,B2,0.365129,0.365129,0.47719999999999996,0.47719999999999996,7.0,9.0,11.0,90,False,,,,True,
2013,石景山区,monotone_stock_proxy,1.0,MAIN,,,60.0,1.0,1.0,3,B3,0.075708,0.075708,0.112071,0.112071,10.5,13.0,16.5,90,False,,,,True,
2013,石景山区,monotone_stock_proxy,1.0,MAIN,,,60.0,1.0,1.0,4,B4,0.036363,0.036363,0.036363,0.036363,14.0,17.0,22.0,90,False,,,,True,
2013,石景山区,monotone_stock_proxy,1.0,MAIN,,,60.0,1.0,1.0,5,B5+,0.0,0.0,0.0,0.0,17.5,21.0,27.5,90,False,,,,True,
2014,石景山区,monotone_stock_proxy,1.0,MAIN,,,60.0,1.0,1.0,1,B1,0.522801,0.522801,1.000001,1.000001,3.5,5.0,5.5,90,False,,,,True,
2014,石景山区,monotone_stock_proxy,1.0,MAIN,,,60.0,1.0,1.0,2,B2,0.365129,0.365129,0.47719999999999996,0.47719999999999996,7.0,9.0,11.0,90,False,,,,True,
2014,石景山区,monotone_stock_proxy,1.0,MAIN,,,60.0,1.0,1.0,3,B3,0.075708,0.075708,0.112071,0.112071,10.5,13.0,16.5,90,False,,,,True,
2014,石景山区,monotone_stock_proxy,1.0,MAIN,,,60.0,1.0,1.0,4,B4,0.036363,0.036363,0.036363,0.036363,14.0,17.0,22.0,90,False,,,,True,
2014,石景山区,monotone_stock_proxy,1.0,MAIN,,,60.0,1.0,1.0,5,B5+,0.0,0.0,0.0,0.0,17.5,21.0,27.5,90,False,,,,True,
2015,石景山区,monotone_stock_proxy,1.0,MAIN,58.0,60.0,60.0,1.0,1.0,1,B1,0.522801,0.522801,1.000001,1.000001,3.5,5.0,5.5,90,False,,,,False,
2015,石景山区,monotone_stock_proxy,1.0,MAIN,58.0,60.0,60.0,1.0,1.0,2,B2,0.365129,0.365129,0.47719999999999996,0.47719999999999996,7.0,9.0,11.0,90,False,,,,False,
2015,石景山区,monotone_stock_proxy,1.0,MAIN,58.0,60.0,60.0,1.0,1.0,3,B3,0.075708,0.075708,0.112071,0.112071,10.5,13.0,16.5,90,False,,,,False,
2015,石景山区,monotone_stock_proxy,1.0,MAIN,58.0,60.0,60.0,1.0,1.0,4,B4,0.036363,0.036363,0.036363,0.036363,14.0,17.0,22.0,90,False,,,,False,
2015,石景山区,monotone_stock_proxy,1.0,MAIN,58.0,60.0,60.0,1.0,1.0,5,B5+,0.0,0.0,0.0,0.0,17.5,21.0,27.5,90,False,,,,False,
2016,石景山区,monotone_stock_proxy,1.0,MAIN,,,60.0,1.0,1.0,1,B1,0.522801,0.522801,1.000001,1.000001,3.5,5.0,5.5,90,False,,,,True,
2016,石景山区,monotone_stock_proxy,1.0,MAIN,,,60.0,1.0,1.0,2,B2,0.365129,0.365129,0.47719999999999996,0.47719999999999996,7.0,9.0,11.0,90,False,,,,True,
2016,石景山区,monotone_stock_proxy,1.0,MAIN,,,60.0,1.0,1.0,3,B3,0.075708,0.075708,0.112071,0.112071,10.5,13.0,16.5,90,False,,,,True,
2016,石景山区,monotone_stock_proxy,1.0,MAIN,,,60.0,1.0,1.0,4,B4,0.036363,0.036363,0.036363,0.036363,14.0,17.0,22.0,90,False,,,,True,
2016,石景山区,monotone_stock_proxy,1.0,MAIN,,,60.0,1.0,1.0,5,B5+,0.0,0.0,0.0,0.0,17.5,21.0,27.5,90,False,,,,True,
2017,石景山区,monotone_stock_proxy,1.0,MAIN,,,60.0,1.0,1.0,1,B1,0.522801,0.522801,1.000001,1.000001,3.5,5.0,5.5,90,False,,,,True,
2017,石景山区,monotone_stock_proxy,1.0,MAIN,,,60.0,1.0,1.0,2,B2,0.365129,0.365129,0.47719999999999996,0.47719999999999996,7.0,9.0,11.0,90,False,,,,True,
2017,石景山区,monotone_stock_proxy,1.0,MAIN,,,60.0,1.0,1.0,3,B3,0.075708,0.075708,0.112071,0.112071,10.5,13.0,16.5,90,False,,,,True,
2017,石景山区,monotone_stock_proxy,1.0,MAIN,,,60.0,1.0,1.0,4,B4,0.036363,0.036363,0.036363,0.036363,14.0,17.0,22.0,90,False,,,,True,
2017,石景山区,monotone_stock_proxy,1.0,MAIN,,,60.0,1.0,1.0,5,B5+,0.0,0.0,0.0,0.0,17.5,21.0,27.5,90,False,,,,True,
2018,石景山区,monotone_stock_proxy,1.0,MAIN,,,60.0,1.0,1.0,1,B1,0.522801,0.522801,1.000001,1.000001,3.5,5.0,5.5,90,False,,,,True,
2018,石景山区,monotone_stock_proxy,1.0,MAIN,,,60.0,1.0,1.0,2,B2,0.365129,0.365129,0.47719999999999996,0.47719999999999996,7.0,9.0,11.0,90,False,,,,True,
2018,石景山区,monotone_stock_proxy,1.0,MAIN,,,60.0,1.0,1.0,3,B3,0.075708,0.075708,0.112071,0.112071,10.5,13.0,16.5,90,False,,,,True,
2018,石景山区,monotone_stock_proxy,1.0,MAIN,,,60.0,1.0,1.0,4,B4,0.036363,0.036363,0.036363,0.036363,14.0,17.0,22.0,90,False,,,,True,
2018,石景山区,monotone_stock_proxy,1.0,MAIN,,,60.0,1.0,1.0,5,B5+,0.0,0.0,0.0,0.0,17.5,21.0,27.5,90,False,,,,True,
2019,石景山区,monotone_stock_proxy,1.0,MAIN,,,60.0,1.0,1.0,1,B1,0.522801,0.522801,1.000001,1.000001,3.5,5.0,5.5,90,False,,,,True,
2019,石景山区,monotone_stock_proxy,1.0,MAIN,,,60.0,1.0,1.0,2,B2,0.365129,0.365129,0.47719999999999996,0.47719999999999996,7.0,9.0,11.0,90,False,,,,True,
2019,石景山区,monotone_stock_proxy,1.0,MAIN,,,60.0,1.0,1.0,3,B3,0.075708,0.075708,0.112071,0.112071,10.5,13.0,16.5,90,False,,,,True,
2019,石景山区,monotone_stock_proxy,1.0,MAIN,,,60.0,1.0,1.0,4,B4,0.036363,0.036363,0.036363,0.036363,14.0,17.0,22.0,90,False,,,,True,
2019,石景山区,monotone_stock_proxy,1.0,MAIN,,,60.0,1.0,1.0,5,B5+,0.0,0.0,0.0,0.0,17.5,21.0,27.5,90,False,,,,True,
2020,石景山区,monotone_stock_proxy,1.0,MAIN,56.0,60.0,60.0,1.0,1.0,1,B1,0.522801,0.522801,1.000001,1.000001,3.5,5.0,5.5,90,False,,,,False,
2020,石景山区,monotone_stock_proxy,1.0,MAIN,56.0,60.0,60.0,1.0,1.0,2,B2,0.365129,0.365129,0.47719999999999996,0.47719999999999996,7.0,9.0,11.0,90,False,,,,False,
2020,石景山区,monotone_stock_proxy,1.0,MAIN,56.0,60.0,60.0,1.0,1.0,3,B3,0.075708,0.075708,0.112071,0.112071,10.5,13.0,16.5,90,False,,,,False,
2020,石景山区,monotone_stock_proxy,1.0,MAIN,56.0,60.0,60.0,1.0,1.0,4,B4,0.036363,0.036363,0.036363,0.036363,14.0,17.0,22.0,90,False,,,,False,
2020,石景山区,monotone_stock_proxy,1.0,MAIN,56.0,60.0,60.0,1.0,1.0,5,B5+,0.0,0.0,0.0,0.0,17.5,21.0,27.5,90,False,,,,False,
1980,西城区,monotone_stock_proxy,1.0,MAIN,48.0,48.0,48.0,0.9056603773584906,0.9056603773584906,1,B1,0.471367,0.4268984150943396,0.9056603773584906,1.0,3.5,5.0,5.5,122,False,,,,False,
1980,西城区,monotone_stock_proxy,1.0,MAIN,48.0,48.0,48.0,0.9056603773584906,0.9056603773584906,2,B2,0.285539,0.25860135849056604,0.47876196226415096,0.528633,7.0,9.0,11.0,122,False,,,,False,
1980,西城区,monotone_stock_proxy,1.0,MAIN,48.0,48.0,48.0,0.9056603773584906,0.9056603773584906,3,B3,0.171068,0.15492950943396228,0.22016060377358493,0.243094,10.5,13.0,16.5,122,False,,,,False,
1980,西城区,monotone_stock_proxy,1.0,MAIN,48.0,48.0,48.0,0.9056603773584906,0.9056603773584906,4,B4,0.072026,0.06523109433962265,0.06523109433962265,0.072026,14.0,17.0,22.0,122,False,,,,False,
1980,西城区,monotone_stock_proxy,1.0,MAIN,48.0,48.0,48.0,0.9056603773584906,0.9056603773584906,5,B5+,0.0,0.0,0.0,0.0,17.5,21.0,27.5,122,False,,,,False,
1981,西城区,monotone_stock_proxy,1.0,MAIN,,,48.5,0.9150943396226415,0.9150943396226415,1,B1,0.471367,0.43134527358490565,0.9150943396226415,1.0,3.5,5.0,5.5,122,False,,,,True,
1981,西城区,monotone_stock_proxy,1.0,MAIN,,,48.5,0.9150943396226415,0.9150943396226415,2,B2,0.285539,0.26129512264150945,0.4837490660377359,0.528633,7.0,9.0,11.0,122,False,,,,True,
1981,西城区,monotone_stock_proxy,1.0,MAIN,,,48.5,0.9150943396226415,0.9150943396226415,3,B3,0.171068,0.15654335849056603,0.22245394339622643,0.243094,10.5,13.0,16.5,122,False,,,,True,
1981,西城区,monotone_stock_proxy,1.0,MAIN,,,48.5,0.9150943396226415,0.9150943396226415,4,B4,0.072026,0.06591058490566039,0.06591058490566039,0.072026,14.0,17.0,22.0,122,False,,,,True,
1981,西城区,monotone_stock_proxy,1.0,MAIN,,,48.5,0.9150943396226415,0.9150943396226415,5,B5+,0.0,0.0,0.0,0.0,17.5,21.0,27.5,122,False,,,,True,
1982,西城区,monotone_stock_proxy,1.0,MAIN,,,49.0,0.9245283018867925,0.9245283018867925,1,B1,0.471367,0.4357921320754717,0.9245283018867925,1.0,3.5,5.0,5.5,122,False,,,,True,
1982,西城区,monotone_stock_proxy,1.0,MAIN,,,49.0,0.9245283018867925,0.9245283018867925,2,B2,0.285539,0.2639888867924528,0.4887361698113208,0.528633,7.0,9.0,11.0,122,False,,,,True,
1982,西城区,monotone_stock_proxy,1.0,MAIN,,,49.0,0.9245283018867925,0.9245283018867925,3,B3,0.171068,0.1581572075471698,0.22474728301886793,0.243094,10.5,13.0,16.5,122,False,,,,True,
1982,西城区,monotone_stock_proxy,1.0,MAIN,,,49.0,0.9245283018867925,0.9245283018867925,4,B4,0.072026,0.06659007547169812,0.06659007547169812,0.072026,14.0,17.0,22.0,122,False,,,,True,
1982,西城区,monotone_stock_proxy,1.0,MAIN,,,49.0,0.9245283018867925,0.9245283018867925,5,B5+,0.0,0.0,0.0,0.0,17.5,21.0,27.5,122,False,,,,True,
1983,西城区,monotone_stock_proxy,1.0,MAIN,,,49.5,0.9339622641509434,0.9339622641509434,1,B1,0.471367,0.4402389905660377,0.9339622641509434,1.0,3.5,5.0,5.5,122,False,,,,True,
1983,西城区,monotone_stock_proxy,1.0,MAIN,,,49.5,0.9339622641509434,0.9339622641509434,2,B2,0.285539,0.2666826509433962,0.4937232735849057,0.528633,7.0,9.0,11.0,122,False,,,,True,
1983,西城区,monotone_stock_proxy,1.0,MAIN,,,49.5,0.9339622641509434,0.9339622641509434,3,B3,0.171068,0.15977105660377358,0.22704062264150945,0.243094,10.5,13.0,16.5,122,False,,,,True,
1983,西城区,monotone_stock_proxy,1.0,MAIN,,,49.5,0.9339622641509434,0.9339622641509434,4,B4,0.072026,0.06726956603773586,0.06726956603773586,0.072026,14.0,17.0,22.0,122,False,,,,True,
1983,西城区,monotone_stock_proxy,1.0,MAIN,,,49.5,0.9339622641509434,0.9339622641509434,5,B5+,0.0,0.0,0.0,0.0,17.5,21.0,27.5,122,False,,,,True,
1984,西城区,monotone_stock_proxy,1.0,MAIN,,,50.0,0.9433962264150944,0.9433962264150944,1,B1,0.471367,0.44468584905660374,0.9433962264150944,1.0,3.5,5.0,5.5,122,False,,,,True,
1984,西城区,monotone_stock_proxy,1.0,MAIN,,,50.0,0.9433962264150944,0.9433962264150944,2,B2,0.285539,0.2693764150943396,0.4987103773584906,0.528633,7.0,9.0,11.0,122,False,,,,True,
1984,西城区,monotone_stock_proxy,1.0,MAIN,,,50.0,0.9433962264150944,0.9433962264150944,3,B3,0.171068,0.16138490566037736,0.22933396226415095,0.243094,10.5,13.0,16.5,122,False,,,,True,
1984,西城区,monotone_stock_proxy,1.0,MAIN,,,50.0,0.9433962264150944,0.9433962264150944,4,B4,0.072026,0.0679490566037736,0.0679490566037736,0.072026,14.0,17.0,22.0,122,False,,,,True,
1984,西城区,monotone_stock_proxy,1.0,MAIN,,,50.0,0.9433962264150944,0.9433962264150944,5,B5+,0.0,0.0,0.0,0.0,17.5,21.0,27.5,122,False,,,,True,
1985,西城区,monotone_stock_proxy,1.0,MAIN,,,50.5,0.9528301886792453,0.9528301886792453,1,B1,0.471367,0.4491327075471698,0.9528301886792453,1.0,3.5,5.0,5.5,122,False,,,,True,
1985,西城区,monotone_stock_proxy,1.0,MAIN,,,50.5,0.9528301886792453,0.9528301886792453,2,B2,0.285539,0.272070179245283,0.5036974811320755,0.528633,7.0,9.0,11.0,122,False,,,,True,
1985,西城区,monotone_stock_proxy,1.0,MAIN,,,50.5,0.9528301886792453,0.9528301886792453,3,B3,0.171068,0.16299875471698114,0.23162730188679245,0.243094,10.5,13.0,16.5,122,False,,,,True,
1985,西城区,monotone_stock_proxy,1.0,MAIN,,,50.5,0.9528301886792453,0.9528301886792453,4,B4,0.072026,0.06862854716981133,0.06862854716981133,0.072026,14.0,17.0,22.0,122,False,,,,True,
1985,西城区,monotone_stock_proxy,1.0,MAIN,,,50.5,0.9528301886792453,0.9528301886792453,5,B5+,0.0,0.0,0.0,0.0,17.5,21.0,27.5,122,False,,,,True,
1986,西城区,monotone_stock_proxy,1.0,MAIN,,,51.0,0.9622641509433962,0.9622641509433962,1,B1,0.471367,0.45357956603773586,0.9622641509433962,1.0,3.5,5.0,5.5,122,False,,,,True,
1986,西城区,monotone_stock_proxy,1.0,MAIN,,,51.0,0.9622641509433962,0.9622641509433962,2,B2,0.285539,0.2747639433962264,0.5086845849056604,0.528633,7.0,9.0,11.0,122,False,,,,True,
1986,西城区,monotone_stock_proxy,1.0,MAIN,,,51.0,0.9622641509433962,0.9622641509433962,3,B3,0.171068,0.16461260377358491,0.23392064150943398,0.243094,10.5,13.0,16.5,122,False,,,,True,
1986,西城区,monotone_stock_proxy,1.0,MAIN,,,51.0,0.9622641509433962,0.9622641509433962,4,B4,0.072026,0.06930803773584907,0.06930803773584907,0.072026,14.0,17.0,22.0,122,False,,,,True,
1986,西城区,monotone_stock_proxy,1.0,MAIN,,,51.0,0.9622641509433962,0.9622641509433962,5,B5+,0.0,0.0,0.0,0.0,17.5,21.0,27.5,122,False,,,,True,
1987,西城区,monotone_stock_proxy,1.0,MAIN,,,51.5,0.9716981132075472,0.9716981132075472,1,B1,0.471367,0.4580264245283019,0.9716981132075472,1.0,3.5,5.0,5.5,122,False,,,,True,
1987,西城区,monotone_stock_proxy,1.0,MAIN,,,51.5,0.9716981132075472,0.9716981132075472,2,B2,0.285539,0.2774577075471698,0.5136716886792453,0.528633,7.0,9.0,11.0,122,False,,,,True,
1987,西城区,monotone_stock_proxy,1.0,MAIN,,,51.5,0.9716981132075472,0.9716981132075472,3,B3,0.171068,0.16622645283018866,0.23621398113207548,0.243094,10.5,13.0,16.5,122,False,,,,True,
1987,西城区,monotone_stock_proxy,1.0,MAIN,,,51.5,0.9716981132075472,0.9716981132075472,4,B4,0.072026,0.0699875283018868,0.0699875283018868,0.072026,14.0,17.0,22.0,122,False,,,,True,
1987,西城区,monotone_stock_proxy,1.0,MAIN,,,51.5,0.9716981132075472,0.9716981132075472,5,B5+,0.0,0.0,0.0,0.0,17.5,21.0,27.5,122,False,,,,True,
1988,西城区,monotone_stock_proxy,1.0,MAIN,,,52.0,0.9811320754716981,0.9811320754716981,1,B1,0.471367,0.4624732830188679,0.9811320754716981,1.0,3.5,5.0,5.5,122,False,,,,True,
1988,西城区,monotone_stock_proxy,1.0,MAIN,,,52.0,0.9811320754716981,0.9811320754716981,2,B2,0.285539,0.2801514716981132,0.5186587924528302,0.528633,7.0,9.0,11.0,122,False,,,,True,
1988,西城区,monotone_stock_proxy,1.0,MAIN,,,52.0,0.9811320754716981,0.9811320754716981,3,B3,0.171068,0.16784030188679244,0.23850732075471698,0.243094,10.5,13.0,16.5,122,False,,,,True,
1988,西城区,monotone_stock_proxy,1.0,MAIN,,,52.0,0.9811320754716981,0.9811320754716981,4,B4,0.072026,0.07066701886792454,0.07066701886792454,0.072026,14.0,17.0,22.0,122,False,,,,True,
1988,西城区,monotone_stock_proxy,1.0,MAIN,,,52.0,0.9811320754716981,0.9811320754716981,5,B5+,0.0,0.0,0.0,0.0,17.5,21.0,27.5,122,False,,,,True,
1989,西城区,monotone_stock_proxy,1.0,MAIN,,,52.5,0.9905660377358491,0.9905660377358491,1,B1,0.471367,0.46692014150943395,0.9905660377358491,1.0,3.5,5.0,5.5,122,False,,,,True,
1989,西城区,monotone_stock_proxy,1.0,MAIN,,,52.5,0.9905660377358491,0.9905660377358491,2,B2,0.285539,0.2828452358490566,0.5236458962264151,0.528633,7.0,9.0,11.0,122,False,,,,True,
1989,西城区,monotone_stock_proxy,1.0,MAIN,,,52.5,0.9905660377358491,0.9905660377358491,3,B3,0.171068,0.16945415094339622,0.2408006603773585,0.243094,10.5,13.0,16.5,122,False,,,,True,
1989,西城区,monotone_stock_proxy,1.0,MAIN,,,52.5,0.9905660377358491,0.9905660377358491,4,B4,0.072026,0.07134650943396227,0.07134650943396227,0.072026,14.0,17.0,22.0,122,False,,,,True,
1989,西城区,monotone_stock_proxy,1.0,MAIN,,,52.5,0.9905660377358491,0.9905660377358491,5,B5+,0.0,0.0,0.0,0.0,17.5,21.0,27.5,122,False,,,,True,
1990,西城区,monotone_stock_proxy,1.0,MAIN,53.0,53.0,53.0,1.0,1.0,1,B1,0.471367,0.471367,1.0,1.0,3.5,5.0,5.5,122,False,,,,False,
1990,西城区,monotone_stock_proxy,1.0,MAIN,53.0,53.0,53.0,1.0,1.0,2,B2,0.285539,0.285539,0.528633,0.528633,7.0,9.0,11.0,122,False,,,,False,
1990,西城区,monotone_stock_proxy,1.0,MAIN,53.0,53.0,53.0,1.0,1.0,3,B3,0.171068,0.171068,0.243094,0.243094,10.5,13.0,16.5,122,False,,,,False,
1990,西城区,monotone_stock_proxy,1.0,MAIN,53.0,53.0,53.0,1.0,1.0,4,B4,0.072026,0.072026,0.072026,0.072026,14.0,17.0,22.0,122,False,,,,False,
1990,西城区,monotone_stock_proxy,1.0,MAIN,53.0,53.0,53.0,1.0,1.0,5,B5+,0.0,0.0,0.0,0.0,17.5,21.0,27.5,122,False,,,,False,
1991,西城区,monotone_stock_proxy,1.0,MAIN,,,53.0,1.0,1.0,1,B1,0.471367,0.471367,1.0,1.0,3.5,5.0,5.5,122,False,,,,True,
1991,西城区,monotone_stock_proxy,1.0,MAIN,,,53.0,1.0,1.0,2,B2,0.285539,0.285539,0.528633,0.528633,7.0,9.0,11.0,122,False,,,,True,
1991,西城区,monotone_stock_proxy,1.0,MAIN,,,53.0,1.0,1.0,3,B3,0.171068,0.171068,0.243094,0.243094,10.5,13.0,16.5,122,False,,,,True,
1991,西城区,monotone_stock_proxy,1.0,MAIN,,,53.0,1.0,1.0,4,B4,0.072026,0.072026,0.072026,0.072026,14.0,17.0,22.0,122,False,,,,True,
1991,西城区,monotone_stock_proxy,1.0,MAIN,,,53.0,1.0,1.0,5,B5+,0.0,0.0,0.0,0.0,17.5,21.0,27.5,122,False,,,,True,
1992,西城区,monotone_stock_proxy,1.0,MAIN,,,53.0,1.0,1.0,1,B1,0.471367,0.471367,1.0,1.0,3.5,5.0,5.5,122,False,,,,True,
1992,西城区,monotone_stock_proxy,1.0,MAIN,,,53.0,1.0,1.0,2,B2,0.285539,0.285539,0.528633,0.528633,7.0,9.0,11.0,122,False,,,,True,
1992,西城区,monotone_stock_proxy,1.0,MAIN,,,53.0,1.0,1.0,3,B3,0.171068,0.171068,0.243094,0.243094,10.5,13.0,16.5,122,False,,,,True,
1992,西城区,monotone_stock_proxy,1.0,MAIN,,,53.0,1.0,1.0,4,B4,0.072026,0.072026,0.072026,0.072026,14.0,17.0,22.0,122,False,,,,True,
1992,西城区,monotone_stock_proxy,1.0,MAIN,,,53.0,1.0,1.0,5,B5+,0.0,0.0,0.0,0.0,17.5,21.0,27.5,122,False,,,,True,
1993,西城区,monotone_stock_proxy,1.0,MAIN,,,53.0,1.0,1.0,1,B1,0.471367,0.471367,1.0,1.0,3.5,5.0,5.5,122,False,,,,True,
1993,西城区,monotone_stock_proxy,1.0,MAIN,,,53.0,1.0,1.0,2,B2,0.285539,0.285539,0.528633,0.528633,7.0,9.0,11.0,122,False,,,,True,
1993,西城区,monotone_stock_proxy,1.0,MAIN,,,53.0,1.0,1.0,3,B3,0.171068,0.171068,0.243094,0.243094,10.5,13.0,16.5,122,False,,,,True,
1993,西城区,monotone_stock_proxy,1.0,MAIN,,,53.0,1.0,1.0,4,B4,0.072026,0.072026,0.072026,0.072026,14.0,17.0,22.0,122,False,,,,True,
1993,西城区,monotone_stock_proxy,1.0,MAIN,,,53.0,1.0,1.0,5,B5+,0.0,0.0,0.0,0.0,17.5,21.0,27.5,122,False,,,,True,
1994,西城区,monotone_stock_proxy,1.0,MAIN,,,53.0,1.0,1.0,1,B1,0.471367,0.471367,1.0,1.0,3.5,5.0,5.5,122,False,,,,True,
1994,西城区,monotone_stock_proxy,1.0,MAIN,,,53.0,1.0,1.0,2,B2,0.285539,0.285539,0.528633,0.528633,7.0,9.0,11.0,122,False,,,,True,
1994,西城区,monotone_stock_proxy,1.0,MAIN,,,53.0,1.0,1.0,3,B3,0.171068,0.171068,0.243094,0.243094,10.5,13.0,16.5,122,False,,,,True,
1994,西城区,monotone_stock_proxy,1.0,MAIN,,,53.0,1.0,1.0,4,B4,0.072026,0.072026,0.072026,0.072026,14.0,17.0,22.0,122,False,,,,True,
1994,西城区,monotone_stock_proxy,1.0,MAIN,,,53.0,1.0,1.0,5,B5+,0.0,0.0,0.0,0.0,17.5,21.0,27.5,122,False,,,,True,
1995,西城区,monotone_stock_proxy,1.0,MAIN,50.0,53.0,53.0,1.0,1.0,1,B1,0.471367,0.471367,1.0,1.0,3.5,5.0,5.5,122,False,,,,False,
1995,西城区,monotone_stock_proxy,1.0,MAIN,50.0,53.0,53.0,1.0,1.0,2,B2,0.285539,0.285539,0.528633,0.528633,7.0,9.0,11.0,122,False,,,,False,
1995,西城区,monotone_stock_proxy,1.0,MAIN,50.0,53.0,53.0,1.0,1.0,3,B3,0.171068,0.171068,0.243094,0.243094,10.5,13.0,16.5,122,False,,,,False,
1995,西城区,monotone_stock_proxy,1.0,MAIN,50.0,53.0,53.0,1.0,1.0,4,B4,0.072026,0.072026,0.072026,0.072026,14.0,17.0,22.0,122,False,,,,False,
1995,西城区,monotone_stock_proxy,1.0,MAIN,50.0,53.0,53.0,1.0,1.0,5,B5+,0.0,0.0,0.0,0.0,17.5,21.0,27.5,122,False,,,,False,
1996,西城区,monotone_stock_proxy,1.0,MAIN,,,53.0,1.0,1.0,1,B1,0.471367,0.471367,1.0,1.0,3.5,5.0,5.5,122,False,,,,True,
1996,西城区,monotone_stock_proxy,1.0,MAIN,,,53.0,1.0,1.0,2,B2,0.285539,0.285539,0.528633,0.528633,7.0,9.0,11.0,122,False,,,,True,
1996,西城区,monotone_stock_proxy,1.0,MAIN,,,53.0,1.0,1.0,3,B3,0.171068,0.171068,0.243094,0.243094,10.5,13.0,16.5,122,False,,,,True,
1996,西城区,monotone_stock_proxy,1.0,MAIN,,,53.0,1.0,1.0,4,B4,0.072026,0.072026,0.072026,0.072026,14.0,17.0,22.0,122,False,,,,True,
1996,西城区,monotone_stock_proxy,1.0,MAIN,,,53.0,1.0,1.0,5,B5+,0.0,0.0,0.0,0.0,17.5,21.0,27.5,122,False,,,,True,
1997,西城区,monotone_stock_proxy,1.0,MAIN,,,53.0,1.0,1.0,1,B1,0.471367,0.471367,1.0,1.0,3.5,5.0,5.5,122,False,,,,True,
1997,西城区,monotone_stock_proxy,1.0,MAIN,,,53.0,1.0,1.0,2,B2,0.285539,0.285539,0.528633,0.528633,7.0,9.0,11.0,122,False,,,,True,
1997,西城区,monotone_stock_proxy,1.0,MAIN,,,53.0,1.0,1.0,3,B3,0.171068,0.171068,0.243094,0.243094,10.5,13.0,16.5,122,False,,,,True,
1997,西城区,monotone_stock_proxy,1.0,MAIN,,,53.0,1.0,1.0,4,B4,0.072026,0.072026,0.072026,0.072026,14.0,17.0,22.0,122,False,,,,True,
1997,西城区,monotone_stock_proxy,1.0,MAIN,,,53.0,1.0,1.0,5,B5+,0.0,0.0,0.0,0.0,17.5,21.0,27.5,122,False,,,,True,
1998,西城区,monotone_stock_proxy,1.0,MAIN,,,53.0,1.0,1.0,1,B1,0.471367,0.471367,1.0,1.0,3.5,5.0,5.5,122,False,,,,True,
1998,西城区,monotone_stock_proxy,1.0,MAIN,,,53.0,1.0,1.0,2,B2,0.285539,0.285539,0.528633,0.528633,7.0,9.0,11.0,122,False,,,,True,
1998,西城区,monotone_stock_proxy,1.0,MAIN,,,53.0,1.0,1.0,3,B3,0.171068,0.171068,0.243094,0.243094,10.5,13.0,16.5,122,False,,,,True,
1998,西城区,monotone_stock_proxy,1.0,MAIN,,,53.0,1.0,1.0,4,B4,0.072026,0.072026,0.072026,0.072026,14.0,17.0,22.0,122,False,,,,True,
1998,西城区,monotone_stock_proxy,1.0,MAIN,,,53.0,1.0,1.0,5,B5+,0.0,0.0,0.0,0.0,17.5,21.0,27.5,122,False,,,,True,
1999,西城区,monotone_stock_proxy,1.0,MAIN,,,53.0,1.0,1.0,1,B1,0.471367,0.471367,1.0,1.0,3.5,5.0,5.5,122,False,,,,True,
1999,西城区,monotone_stock_proxy,1.0,MAIN,,,53.0,1.0,1.0,2,B2,0.285539,0.285539,0.528633,0.528633,7.0,9.0,11.0,122,False,,,,True,
1999,西城区,monotone_stock_proxy,1.0,MAIN,,,53.0,1.0,1.0,3,B3,0.171068,0.171068,0.243094,0.243094,10.5,13.0,16.5,122,False,,,,True,
1999,西城区,monotone_stock_proxy,1.0,MAIN,,,53.0,1.0,1.0,4,B4,0.072026,0.072026,0.072026,0.072026,14.0,17.0,22.0,122,False,,,,True,
1999,西城区,monotone_stock_proxy,1.0,MAIN,,,53.0,1.0,1.0,5,B5+,0.0,0.0,0.0,0.0,17.5,21.0,27.5,122,False,,,,True,
2000,西城区,monotone_stock_proxy,1.0,MAIN,48.0,53.0,53.0,1.0,1.0,1,B1,0.471367,0.471367,1.0,1.0,3.5,5.0,5.5,122,False,,,,False,
2000,西城区,monotone_stock_proxy,1.0,MAIN,48.0,53.0,53.0,1.0,1.0,2,B2,0.285539,0.285539,0.528633,0.528633,7.0,9.0,11.0,122,False,,,,False,
2000,西城区,monotone_stock_proxy,1.0,MAIN,48.0,53.0,53.0,1.0,1.0,3,B3,0.171068,0.171068,0.243094,0.243094,10.5,13.0,16.5,122,False,,,,False,
2000,西城区,monotone_stock_proxy,1.0,MAIN,48.0,53.0,53.0,1.0,1.0,4,B4,0.072026,0.072026,0.072026,0.072026,14.0,17.0,22.0,122,False,,,,False,
2000,西城区,monotone_stock_proxy,1.0,MAIN,48.0,53.0,53.0,1.0,1.0,5,B5+,0.0,0.0,0.0,0.0,17.5,21.0,27.5,122,False,,,,False,
2001,西城区,monotone_stock_proxy,1.0,MAIN,,,53.0,1.0,1.0,1,B1,0.471367,0.471367,1.0,1.0,3.5,5.0,5.5,122,False,,,,True,
2001,西城区,monotone_stock_proxy,1.0,MAIN,,,53.0,1.0,1.0,2,B2,0.285539,0.285539,0.528633,0.528633,7.0,9.0,11.0,122,False,,,,True,
2001,西城区,monotone_stock_proxy,1.0,MAIN,,,53.0,1.0,1.0,3,B3,0.171068,0.171068,0.243094,0.243094,10.5,13.0,16.5,122,False,,,,True,
2001,西城区,monotone_stock_proxy,1.0,MAIN,,,53.0,1.0,1.0,4,B4,0.072026,0.072026,0.072026,0.072026,14.0,17.0,22.0,122,False,,,,True,
2001,西城区,monotone_stock_proxy,1.0,MAIN,,,53.0,1.0,1.0,5,B5+,0.0,0.0,0.0,0.0,17.5,21.0,27.5,122,False,,,,True,
2002,西城区,monotone_stock_proxy,1.0,MAIN,,,53.0,1.0,1.0,1,B1,0.471367,0.471367,1.0,1.0,3.5,5.0,5.5,122,False,,,,True,
2002,西城区,monotone_stock_proxy,1.0,MAIN,,,53.0,1.0,1.0,2,B2,0.285539,0.285539,0.528633,0.528633,7.0,9.0,11.0,122,False,,,,True,
2002,西城区,monotone_stock_proxy,1.0,MAIN,,,53.0,1.0,1.0,3,B3,0.171068,0.171068,0.243094,0.243094,10.5,13.0,16.5,122,False,,,,True,
2002,西城区,monotone_stock_proxy,1.0,MAIN,,,53.0,1.0,1.0,4,B4,0.072026,0.072026,0.072026,0.072026,14.0,17.0,22.0,122,False,,,,True,
2002,西城区,monotone_stock_proxy,1.0,MAIN,,,53.0,1.0,1.0,5,B5+,0.0,0.0,0.0,0.0,17.5,21.0,27.5,122,False,,,,True,
2003,西城区,monotone_stock_proxy,1.0,MAIN,,,53.0,1.0,1.0,1,B1,0.471367,0.471367,1.0,1.0,3.5,5.0,5.5,122,False,,,,True,
2003,西城区,monotone_stock_proxy,1.0,MAIN,,,53.0,1.0,1.0,2,B2,0.285539,0.285539,0.528633,0.528633,7.0,9.0,11.0,122,False,,,,True,
2003,西城区,monotone_stock_proxy,1.0,MAIN,,,53.0,1.0,1.0,3,B3,0.171068,0.171068,0.243094,0.243094,10.5,13.0,16.5,122,False,,,,True,
2003,西城区,monotone_stock_proxy,1.0,MAIN,,,53.0,1.0,1.0,4,B4,0.072026,0.072026,0.072026,0.072026,14.0,17.0,22.0,122,False,,,,True,
2003,西城区,monotone_stock_proxy,1.0,MAIN,,,53.0,1.0,1.0,5,B5+,0.0,0.0,0.0,0.0,17.5,21.0,27.5,122,False,,,,True,
2004,西城区,monotone_stock_proxy,1.0,MAIN,,,53.0,1.0,1.0,1,B1,0.471367,0.471367,1.0,1.0,3.5,5.0,5.5,122,False,,,,True,
2004,西城区,monotone_stock_proxy,1.0,MAIN,,,53.0,1.0,1.0,2,B2,0.285539,0.285539,0.528633,0.528633,7.0,9.0,11.0,122,False,,,,True,
2004,西城区,monotone_stock_proxy,1.0,MAIN,,,53.0,1.0,1.0,3,B3,0.171068,0.171068,0.243094,0.243094,10.5,13.0,16.5,122,False,,,,True,
2004,西城区,monotone_stock_proxy,1.0,MAIN,,,53.0,1.0,1.0,4,B4,0.072026,0.072026,0.072026,0.072026,14.0,17.0,22.0,122,False,,,,True,
2004,西城区,monotone_stock_proxy,1.0,MAIN,,,53.0,1.0,1.0,5,B5+,0.0,0.0,0.0,0.0,17.5,21.0,27.5,122,False,,,,True,
2005,西城区,monotone_stock_proxy,1.0,MAIN,48.0,53.0,53.0,1.0,1.0,1,B1,0.471367,0.471367,1.0,1.0,3.5,5.0,5.5,122,False,,,,False,
2005,西城区,monotone_stock_proxy,1.0,MAIN,48.0,53.0,53.0,1.0,1.0,2,B2,0.285539,0.285539,0.528633,0.528633,7.0,9.0,11.0,122,False,,,,False,
2005,西城区,monotone_stock_proxy,1.0,MAIN,48.0,53.0,53.0,1.0,1.0,3,B3,0.171068,0.171068,0.243094,0.243094,10.5,13.0,16.5,122,False,,,,False,
2005,西城区,monotone_stock_proxy,1.0,MAIN,48.0,53.0,53.0,1.0,1.0,4,B4,0.072026,0.072026,0.072026,0.072026,14.0,17.0,22.0,122,False,,,,False,
2005,西城区,monotone_stock_proxy,1.0,MAIN,48.0,53.0,53.0,1.0,1.0,5,B5+,0.0,0.0,0.0,0.0,17.5,21.0,27.5,122,False,,,,False,
2006,西城区,monotone_stock_proxy,1.0,MAIN,,,53.0,1.0,1.0,1,B1,0.471367,0.471367,1.0,1.0,3.5,5.0,5.5,122,False,,,,True,
2006,西城区,monotone_stock_proxy,1.0,MAIN,,,53.0,1.0,1.0,2,B2,0.285539,0.285539,0.528633,0.528633,7.0,9.0,11.0,122,False,,,,True,
2006,西城区,monotone_stock_proxy,1.0,MAIN,,,53.0,1.0,1.0,3,B3,0.171068,0.171068,0.243094,0.243094,10.5,13.0,16.5,122,False,,,,True,
2006,西城区,monotone_stock_proxy,1.0,MAIN,,,53.0,1.0,1.0,4,B4,0.072026,0.072026,0.072026,0.072026,14.0,17.0,22.0,122,False,,,,True,
2006,西城区,monotone_stock_proxy,1.0,MAIN,,,53.0,1.0,1.0,5,B5+,0.0,0.0,0.0,0.0,17.5,21.0,27.5,122,False,,,,True,
2007,西城区,monotone_stock_proxy,1.0,MAIN,,,53.0,1.0,1.0,1,B1,0.471367,0.471367,1.0,1.0,3.5,5.0,5.5,122,False,,,,True,
2007,西城区,monotone_stock_proxy,1.0,MAIN,,,53.0,1.0,1.0,2,B2,0.285539,0.285539,0.528633,0.528633,7.0,9.0,11.0,122,False,,,,True,
2007,西城区,monotone_stock_proxy,1.0,MAIN,,,53.0,1.0,1.0,3,B3,0.171068,0.171068,0.243094,0.243094,10.5,13.0,16.5,122,False,,,,True,
2007,西城区,monotone_stock_proxy,1.0,MAIN,,,53.0,1.0,1.0,4,B4,0.072026,0.072026,0.072026,0.072026,14.0,17.0,22.0,122,False,,,,True,
2007,西城区,monotone_stock_proxy,1.0,MAIN,,,53.0,1.0,1.0,5,B5+,0.0,0.0,0.0,0.0,17.5,21.0,27.5,122,False,,,,True,
2008,西城区,monotone_stock_proxy,1.0,MAIN,,,53.0,1.0,1.0,1,B1,0.471367,0.471367,1.0,1.0,3.5,5.0,5.5,122,False,,,,True,
2008,西城区,monotone_stock_proxy,1.0,MAIN,,,53.0,1.0,1.0,2,B2,0.285539,0.285539,0.528633,0.528633,7.0,9.0,11.0,122,False,,,,True,
2008,西城区,monotone_stock_proxy,1.0,MAIN,,,53.0,1.0,1.0,3,B3,0.171068,0.171068,0.243094,0.243094,10.5,13.0,16.5,122,False,,,,True,
2008,西城区,monotone_stock_proxy,1.0,MAIN,,,53.0,1.0,1.0,4,B4,0.072026,0.072026,0.072026,0.072026,14.0,17.0,22.0,122,False,,,,True,
2008,西城区,monotone_stock_proxy,1.0,MAIN,,,53.0,1.0,1.0,5,B5+,0.0,0.0,0.0,0.0,17.5,21.0,27.5,122,False,,,,True,
2009,西城区,monotone_stock_proxy,1.0,MAIN,,,53.0,1.0,1.0,1,B1,0.471367,0.471367,1.0,1.0,3.5,5.0,5.5,122,False,,,,True,
2009,西城区,monotone_stock_proxy,1.0,MAIN,,,53.0,1.0,1.0,2,B2,0.285539,0.285539,0.528633,0.528633,7.0,9.0,11.0,122,False,,,,True,
2009,西城区,monotone_stock_proxy,1.0,MAIN,,,53.0,1.0,1.0,3,B3,0.171068,0.171068,0.243094,0.243094,10.5,13.0,16.5,122,False,,,,True,
2009,西城区,monotone_stock_proxy,1.0,MAIN,,,53.0,1.0,1.0,4,B4,0.072026,0.072026,0.072026,0.072026,14.0,17.0,22.0,122,False,,,,True,
2009,西城区,monotone_stock_proxy,1.0,MAIN,,,53.0,1.0,1.0,5,B5+,0.0,0.0,0.0,0.0,17.5,21.0,27.5,122,False,,,,True,
2010,西城区,monotone_stock_proxy,1.0,MAIN,48.0,53.0,53.0,1.0,1.0,1,B1,0.471367,0.471367,1.0,1.0,3.5,5.0,5.5,122,False,,,,False,
2010,西城区,monotone_stock_proxy,1.0,MAIN,48.0,53.0,53.0,1.0,1.0,2,B2,0.285539,0.285539,0.528633,0.528633,7.0,9.0,11.0,122,False,,,,False,
2010,西城区,monotone_stock_proxy,1.0,MAIN,48.0,53.0,53.0,1.0,1.0,3,B3,0.171068,0.171068,0.243094,0.243094,10.5,13.0,16.5,122,False,,,,False,
2010,西城区,monotone_stock_proxy,1.0,MAIN,48.0,53.0,53.0,1.0,1.0,4,B4,0.072026,0.072026,0.072026,0.072026,14.0,17.0,22.0,122,False,,,,False,
2010,西城区,monotone_stock_proxy,1.0,MAIN,48.0,53.0,53.0,1.0,1.0,5,B5+,0.0,0.0,0.0,0.0,17.5,21.0,27.5,122,False,,,,False,
2011,西城区,monotone_stock_proxy,1.0,MAIN,,,53.0,1.0,1.0,1,B1,0.471367,0.471367,1.0,1.0,3.5,5.0,5.5,122,False,,,,True,
2011,西城区,monotone_stock_proxy,1.0,MAIN,,,53.0,1.0,1.0,2,B2,0.285539,0.285539,0.528633,0.528633,7.0,9.0,11.0,122,False,,,,True,
2011,西城区,monotone_stock_proxy,1.0,MAIN,,,53.0,1.0,1.0,3,B3,0.171068,0.171068,0.243094,0.243094,10.5,13.0,16.5,122,False,,,,True,
2011,西城区,monotone_stock_proxy,1.0,MAIN,,,53.0,1.0,1.0,4,B4,0.072026,0.072026,0.072026,0.072026,14.0,17.0,22.0,122,False,,,,True,
2011,西城区,monotone_stock_proxy,1.0,MAIN,,,53.0,1.0,1.0,5,B5+,0.0,0.0,0.0,0.0,17.5,21.0,27.5,122,False,,,,True,
2012,西城区,monotone_stock_proxy,1.0,MAIN,,,53.0,1.0,1.0,1,B1,0.471367,0.471367,1.0,1.0,3.5,5.0,5.5,122,False,,,,True,
2012,西城区,monotone_stock_proxy,1.0,MAIN,,,53.0,1.0,1.0,2,B2,0.285539,0.285539,0.528633,0.528633,7.0,9.0,11.0,122,False,,,,True,
2012,西城区,monotone_stock_proxy,1.0,MAIN,,,53.0,1.0,1.0,3,B3,0.171068,0.171068,0.243094,0.243094,10.5,13.0,16.5,122,False,,,,True,
2012,西城区,monotone_stock_proxy,1.0,MAIN,,,53.0,1.0,1.0,4,B4,0.072026,0.072026,0.072026,0.072026,14.0,17.0,22.0,122,False,,,,True,
2012,西城区,monotone_stock_proxy,1.0,MAIN,,,53.0,1.0,1.0,5,B5+,0.0,0.0,0.0,0.0,17.5,21.0,27.5,122,False,,,,True,
2013,西城区,monotone_stock_proxy,1.0,MAIN,,,53.0,1.0,1.0,1,B1,0.471367,0.471367,1.0,1.0,3.5,5.0,5.5,122,False,,,,True,
2013,西城区,monotone_stock_proxy,1.0,MAIN,,,53.0,1.0,1.0,2,B2,0.285539,0.285539,0.528633,0.528633,7.0,9.0,11.0,122,False,,,,True,
2013,西城区,monotone_stock_proxy,1.0,MAIN,,,53.0,1.0,1.0,3,B3,0.171068,0.171068,0.243094,0.243094,10.5,13.0,16.5,122,False,,,,True,
2013,西城区,monotone_stock_proxy,1.0,MAIN,,,53.0,1.0,1.0,4,B4,0.072026,0.072026,0.072026,0.072026,14.0,17.0,22.0,122,False,,,,True,
2013,西城区,monotone_stock_proxy,1.0,MAIN,,,53.0,1.0,1.0,5,B5+,0.0,0.0,0.0,0.0,17.5,21.0,27.5,122,False,,,,True,
2014,西城区,monotone_stock_proxy,1.0,MAIN,,,53.0,1.0,1.0,1,B1,0.471367,0.471367,1.0,1.0,3.5,5.0,5.5,122,False,,,,True,
2014,西城区,monotone_stock_proxy,1.0,MAIN,,,53.0,1.0,1.0,2,B2,0.285539,0.285539,0.528633,0.528633,7.0,9.0,11.0,122,False,,,,True,
2014,西城区,monotone_stock_proxy,1.0,MAIN,,,53.0,1.0,1.0,3,B3,0.171068,0.171068,0.243094,0.243094,10.5,13.0,16.5,122,False,,,,True,
2014,西城区,monotone_stock_proxy,1.0,MAIN,,,53.0,1.0,1.0,4,B4,0.072026,0.072026,0.072026,0.072026,14.0,17.0,22.0,122,False,,,,True,
2014,西城区,monotone_stock_proxy,1.0,MAIN,,,53.0,1.0,1.0,5,B5+,0.0,0.0,0.0,0.0,17.5,21.0,27.5,122,False,,,,True,
2015,西城区,monotone_stock_proxy,1.0,MAIN,48.0,53.0,53.0,1.0,1.0,1,B1,0.471367,0.471367,1.0,1.0,3.5,5.0,5.5,122,False,,,,False,
2015,西城区,monotone_stock_proxy,1.0,MAIN,48.0,53.0,53.0,1.0,1.0,2,B2,0.285539,0.285539,0.528633,0.528633,7.0,9.0,11.0,122,False,,,,False,
2015,西城区,monotone_stock_proxy,1.0,MAIN,48.0,53.0,53.0,1.0,1.0,3,B3,0.171068,0.171068,0.243094,0.243094,10.5,13.0,16.5,122,False,,,,False,
2015,西城区,monotone_stock_proxy,1.0,MAIN,48.0,53.0,53.0,1.0,1.0,4,B4,0.072026,0.072026,0.072026,0.072026,14.0,17.0,22.0,122,False,,,,False,
2015,西城区,monotone_stock_proxy,1.0,MAIN,48.0,53.0,53.0,1.0,1.0,5,B5+,0.0,0.0,0.0,0.0,17.5,21.0,27.5,122,False,,,,False,
2016,西城区,monotone_stock_proxy,1.0,MAIN,,,53.0,1.0,1.0,1,B1,0.471367,0.471367,1.0,1.0,3.5,5.0,5.5,122,False,,,,True,
2016,西城区,monotone_stock_proxy,1.0,MAIN,,,53.0,1.0,1.0,2,B2,0.285539,0.285539,0.528633,0.528633,7.0,9.0,11.0,122,False,,,,True,
2016,西城区,monotone_stock_proxy,1.0,MAIN,,,53.0,1.0,1.0,3,B3,0.171068,0.171068,0.243094,0.243094,10.5,13.0,16.5,122,False,,,,True,
2016,西城区,monotone_stock_proxy,1.0,MAIN,,,53.0,1.0,1.0,4,B4,0.072026,0.072026,0.072026,0.072026,14.0,17.0,22.0,122,False,,,,True,
2016,西城区,monotone_stock_proxy,1.0,MAIN,,,53.0,1.0,1.0,5,B5+,0.0,0.0,0.0,0.0,17.5,21.0,27.5,122,False,,,,True,
2017,西城区,monotone_stock_proxy,1.0,MAIN,,,53.0,1.0,1.0,1,B1,0.471367,0.471367,1.0,1.0,3.5,5.0,5.5,122,False,,,,True,
2017,西城区,monotone_stock_proxy,1.0,MAIN,,,53.0,1.0,1.0,2,B2,0.285539,0.285539,0.528633,0.528633,7.0,9.0,11.0,122,False,,,,True,
2017,西城区,monotone_stock_proxy,1.0,MAIN,,,53.0,1.0,1.0,3,B3,0.171068,0.171068,0.243094,0.243094,10.5,13.0,16.5,122,False,,,,True,
2017,西城区,monotone_stock_proxy,1.0,MAIN,,,53.0,1.0,1.0,4,B4,0.072026,0.072026,0.072026,0.072026,14.0,17.0,22.0,122,False,,,,True,
2017,西城区,monotone_stock_proxy,1.0,MAIN,,,53.0,1.0,1.0,5,B5+,0.0,0.0,0.0,0.0,17.5,21.0,27.5,122,False,,,,True,
2018,西城区,monotone_stock_proxy,1.0,MAIN,,,53.0,1.0,1.0,1,B1,0.471367,0.471367,1.0,1.0,3.5,5.0,5.5,122,False,,,,True,
2018,西城区,monotone_stock_proxy,1.0,MAIN,,,53.0,1.0,1.0,2,B2,0.285539,0.285539,0.528633,0.528633,7.0,9.0,11.0,122,False,,,,True,
2018,西城区,monotone_stock_proxy,1.0,MAIN,,,53.0,1.0,1.0,3,B3,0.171068,0.171068,0.243094,0.243094,10.5,13.0,16.5,122,False,,,,True,
2018,西城区,monotone_stock_proxy,1.0,MAIN,,,53.0,1.0,1.0,4,B4,0.072026,0.072026,0.072026,0.072026,14.0,17.0,22.0,122,False,,,,True,
2018,西城区,monotone_stock_proxy,1.0,MAIN,,,53.0,1.0,1.0,5,B5+,0.0,0.0,0.0,0.0,17.5,21.0,27.5,122,False,,,,True,
2019,西城区,monotone_stock_proxy,1.0,MAIN,,,53.0,1.0,1.0,1,B1,0.471367,0.471367,1.0,1.0,3.5,5.0,5.5,122,False,,,,True,
2019,西城区,monotone_stock_proxy,1.0,MAIN,,,53.0,1.0,1.0,2,B2,0.285539,0.285539,0.528633,0.528633,7.0,9.0,11.0,122,False,,,,True,
2019,西城区,monotone_stock_proxy,1.0,MAIN,,,53.0,1.0,1.0,3,B3,0.171068,0.171068,0.243094,0.243094,10.5,13.0,16.5,122,False,,,,True,
2019,西城区,monotone_stock_proxy,1.0,MAIN,,,53.0,1.0,1.0,4,B4,0.072026,0.072026,0.072026,0.072026,14.0,17.0,22.0,122,False,,,,True,
2019,西城区,monotone_stock_proxy,1.0,MAIN,,,53.0,1.0,1.0,5,B5+,0.0,0.0,0.0,0.0,17.5,21.0,27.5,122,False,,,,True,
2020,西城区,monotone_stock_proxy,1.0,MAIN,50.0,53.0,53.0,1.0,1.0,1,B1,0.471367,0.471367,1.0,1.0,3.5,5.0,5.5,122,False,,,,False,
2020,西城区,monotone_stock_proxy,1.0,MAIN,50.0,53.0,53.0,1.0,1.0,2,B2,0.285539,0.285539,0.528633,0.528633,7.0,9.0,11.0,122,False,,,,False,
2020,西城区,monotone_stock_proxy,1.0,MAIN,50.0,53.0,53.0,1.0,1.0,3,B3,0.171068,0.171068,0.243094,0.243094,10.5,13.0,16.5,122,False,,,,False,
2020,西城区,monotone_stock_proxy,1.0,MAIN,50.0,53.0,53.0,1.0,1.0,4,B4,0.072026,0.072026,0.072026,0.072026,14.0,17.0,22.0,122,False,,,,False,
2020,西城区,monotone_stock_proxy,1.0,MAIN,50.0,53.0,53.0,1.0,1.0,5,B5+,0.0,0.0,0.0,0.0,17.5,21.0,27.5,122,False,,,,False,
1980,通州区,monotone_stock_proxy,1.0,MAIN,16.0,16.0,16.0,0.16842105263157894,0.16842105263157894,1,B1,0.562538,0.09474324210526315,0.16842105263157894,1.0,3.5,5.0,5.5,351,False,,,,False,
1980,通州区,monotone_stock_proxy,1.0,MAIN,16.0,16.0,16.0,0.16842105263157894,0.16842105263157894,2,B2,0.38115,0.0641936842105263,0.07367781052631579,0.437462,7.0,9.0,11.0,351,False,,,,False,
1980,通州区,monotone_stock_proxy,1.0,MAIN,16.0,16.0,16.0,0.16842105263157894,0.16842105263157894,3,B3,0.056312,0.009484126315789473,0.009484126315789473,0.056312,10.5,13.0,16.5,351,False,,,,False,
1980,通州区,monotone_stock_proxy,1.0,MAIN,16.0,16.0,16.0,0.16842105263157894,0.16842105263157894,4,B4,0.0,0.0,0.0,0.0,14.0,17.0,22.0,351,False,,,,False,
1980,通州区,monotone_stock_proxy,1.0,MAIN,16.0,16.0,16.0,0.16842105263157894,0.16842105263157894,5,B5+,0.0,0.0,0.0,0.0,17.5,21.0,27.5,351,False,,,,False,
1981,通州区,monotone_stock_proxy,1.0,MAIN,,,16.0,0.16842105263157894,0.16842105263157894,1,B1,0.562538,0.09474324210526315,0.16842105263157894,1.0,3.5,5.0,5.5,351,False,,,,True,
1981,通州区,monotone_stock_proxy,1.0,MAIN,,,16.0,0.16842105263157894,0.16842105263157894,2,B2,0.38115,0.0641936842105263,0.07367781052631579,0.437462,7.0,9.0,11.0,351,False,,,,True,
1981,通州区,monotone_stock_proxy,1.0,MAIN,,,16.0,0.16842105263157894,0.16842105263157894,3,B3,0.056312,0.009484126315789473,0.009484126315789473,0.056312,10.5,13.0,16.5,351,False,,,,True,
1981,通州区,monotone_stock_proxy,1.0,MAIN,,,16.0,0.16842105263157894,0.16842105263157894,4,B4,0.0,0.0,0.0,0.0,14.0,17.0,22.0,351,False,,,,True,
1981,通州区,monotone_stock_proxy,1.0,MAIN,,,16.0,0.16842105263157894,0.16842105263157894,5,B5+,0.0,0.0,0.0,0.0,17.5,21.0,27.5,351,False,,,,True,
1982,通州区,monotone_stock_proxy,1.0,MAIN,,,16.0,0.16842105263157894,0.16842105263157894,1,B1,0.562538,0.09474324210526315,0.16842105263157894,1.0,3.5,5.0,5.5,351,False,,,,True,
1982,通州区,monotone_stock_proxy,1.0,MAIN,,,16.0,0.16842105263157894,0.16842105263157894,2,B2,0.38115,0.0641936842105263,0.07367781052631579,0.437462,7.0,9.0,11.0,351,False,,,,True,
1982,通州区,monotone_stock_proxy,1.0,MAIN,,,16.0,0.16842105263157894,0.16842105263157894,3,B3,0.056312,0.009484126315789473,0.009484126315789473,0.056312,10.5,13.0,16.5,351,False,,,,True,
1982,通州区,monotone_stock_proxy,1.0,MAIN,,,16.0,0.16842105263157894,0.16842105263157894,4,B4,0.0,0.0,0.0,0.0,14.0,17.0,22.0,351,False,,,,True,
1982,通州区,monotone_stock_proxy,1.0,MAIN,,,16.0,0.16842105263157894,0.16842105263157894,5,B5+,0.0,0.0,0.0,0.0,17.5,21.0,27.5,351,False,,,,True,
1983,通州区,monotone_stock_proxy,1.0,MAIN,,,16.0,0.16842105263157894,0.16842105263157894,1,B1,0.562538,0.09474324210526315,0.16842105263157894,1.0,3.5,5.0,5.5,351,False,,,,True,
1983,通州区,monotone_stock_proxy,1.0,MAIN,,,16.0,0.16842105263157894,0.16842105263157894,2,B2,0.38115,0.0641936842105263,0.07367781052631579,0.437462,7.0,9.0,11.0,351,False,,,,True,
1983,通州区,monotone_stock_proxy,1.0,MAIN,,,16.0,0.16842105263157894,0.16842105263157894,3,B3,0.056312,0.009484126315789473,0.009484126315789473,0.056312,10.5,13.0,16.5,351,False,,,,True,
1983,通州区,monotone_stock_proxy,1.0,MAIN,,,16.0,0.16842105263157894,0.16842105263157894,4,B4,0.0,0.0,0.0,0.0,14.0,17.0,22.0,351,False,,,,True,
1983,通州区,monotone_stock_proxy,1.0,MAIN,,,16.0,0.16842105263157894,0.16842105263157894,5,B5+,0.0,0.0,0.0,0.0,17.5,21.0,27.5,351,False,,,,True,
1984,通州区,monotone_stock_proxy,1.0,MAIN,,,16.0,0.16842105263157894,0.16842105263157894,1,B1,0.562538,0.09474324210526315,0.16842105263157894,1.0,3.5,5.0,5.5,351,False,,,,True,
1984,通州区,monotone_stock_proxy,1.0,MAIN,,,16.0,0.16842105263157894,0.16842105263157894,2,B2,0.38115,0.0641936842105263,0.07367781052631579,0.437462,7.0,9.0,11.0,351,False,,,,True,
1984,通州区,monotone_stock_proxy,1.0,MAIN,,,16.0,0.16842105263157894,0.16842105263157894,3,B3,0.056312,0.009484126315789473,0.009484126315789473,0.056312,10.5,13.0,16.5,351,False,,,,True,
1984,通州区,monotone_stock_proxy,1.0,MAIN,,,16.0,0.16842105263157894,0.16842105263157894,4,B4,0.0,0.0,0.0,0.0,14.0,17.0,22.0,351,False,,,,True,
1984,通州区,monotone_stock_proxy,1.0,MAIN,,,16.0,0.16842105263157894,0.16842105263157894,5,B5+,0.0,0.0,0.0,0.0,17.5,21.0,27.5,351,False,,,,True,
1985,通州区,monotone_stock_proxy,1.0,MAIN,,,16.0,0.16842105263157894,0.16842105263157894,1,B1,0.562538,0.09474324210526315,0.16842105263157894,1.0,3.5,5.0,5.5,351,False,,,,True,
1985,通州区,monotone_stock_proxy,1.0,MAIN,,,16.0,0.16842105263157894,0.16842105263157894,2,B2,0.38115,0.0641936842105263,0.07367781052631579,0.437462,7.0,9.0,11.0,351,False,,,,True,
1985,通州区,monotone_stock_proxy,1.0,MAIN,,,16.0,0.16842105263157894,0.16842105263157894,3,B3,0.056312,0.009484126315789473,0.009484126315789473,0.056312,10.5,13.0,16.5,351,False,,,,True,
1985,通州区,monotone_stock_proxy,1.0,MAIN,,,16.0,0.16842105263157894,0.16842105263157894,4,B4,0.0,0.0,0.0,0.0,14.0,17.0,22.0,351,False,,,,True,
1985,通州区,monotone_stock_proxy,1.0,MAIN,,,16.0,0.16842105263157894,0.16842105263157894,5,B5+,0.0,0.0,0.0,0.0,17.5,21.0,27.5,351,False,,,,True,
1986,通州区,monotone_stock_proxy,1.0,MAIN,,,16.0,0.16842105263157894,0.16842105263157894,1,B1,0.562538,0.09474324210526315,0.16842105263157894,1.0,3.5,5.0,5.5,351,False,,,,True,
1986,通州区,monotone_stock_proxy,1.0,MAIN,,,16.0,0.16842105263157894,0.16842105263157894,2,B2,0.38115,0.0641936842105263,0.07367781052631579,0.437462,7.0,9.0,11.0,351,False,,,,True,
1986,通州区,monotone_stock_proxy,1.0,MAIN,,,16.0,0.16842105263157894,0.16842105263157894,3,B3,0.056312,0.009484126315789473,0.009484126315789473,0.056312,10.5,13.0,16.5,351,False,,,,True,
1986,通州区,monotone_stock_proxy,1.0,MAIN,,,16.0,0.16842105263157894,0.16842105263157894,4,B4,0.0,0.0,0.0,0.0,14.0,17.0,22.0,351,False,,,,True,
1986,通州区,monotone_stock_proxy,1.0,MAIN,,,16.0,0.16842105263157894,0.16842105263157894,5,B5+,0.0,0.0,0.0,0.0,17.5,21.0,27.5,351,False,,,,True,
1987,通州区,monotone_stock_proxy,1.0,MAIN,,,16.0,0.16842105263157894,0.16842105263157894,1,B1,0.562538,0.09474324210526315,0.16842105263157894,1.0,3.5,5.0,5.5,351,False,,,,True,
1987,通州区,monotone_stock_proxy,1.0,MAIN,,,16.0,0.16842105263157894,0.16842105263157894,2,B2,0.38115,0.0641936842105263,0.07367781052631579,0.437462,7.0,9.0,11.0,351,False,,,,True,
1987,通州区,monotone_stock_proxy,1.0,MAIN,,,16.0,0.16842105263157894,0.16842105263157894,3,B3,0.056312,0.009484126315789473,0.009484126315789473,0.056312,10.5,13.0,16.5,351,False,,,,True,
1987,通州区,monotone_stock_proxy,1.0,MAIN,,,16.0,0.16842105263157894,0.16842105263157894,4,B4,0.0,0.0,0.0,0.0,14.0,17.0,22.0,351,False,,,,True,
1987,通州区,monotone_stock_proxy,1.0,MAIN,,,16.0,0.16842105263157894,0.16842105263157894,5,B5+,0.0,0.0,0.0,0.0,17.5,21.0,27.5,351,False,,,,True,
1988,通州区,monotone_stock_proxy,1.0,MAIN,,,16.0,0.16842105263157894,0.16842105263157894,1,B1,0.562538,0.09474324210526315,0.16842105263157894,1.0,3.5,5.0,5.5,351,False,,,,True,
1988,通州区,monotone_stock_proxy,1.0,MAIN,,,16.0,0.16842105263157894,0.16842105263157894,2,B2,0.38115,0.0641936842105263,0.07367781052631579,0.437462,7.0,9.0,11.0,351,False,,,,True,
1988,通州区,monotone_stock_proxy,1.0,MAIN,,,16.0,0.16842105263157894,0.16842105263157894,3,B3,0.056312,0.009484126315789473,0.009484126315789473,0.056312,10.5,13.0,16.5,351,False,,,,True,
1988,通州区,monotone_stock_proxy,1.0,MAIN,,,16.0,0.16842105263157894,0.16842105263157894,4,B4,0.0,0.0,0.0,0.0,14.0,17.0,22.0,351,False,,,,True,
1988,通州区,monotone_stock_proxy,1.0,MAIN,,,16.0,0.16842105263157894,0.16842105263157894,5,B5+,0.0,0.0,0.0,0.0,17.5,21.0,27.5,351,False,,,,True,
1989,通州区,monotone_stock_proxy,1.0,MAIN,,,16.0,0.16842105263157894,0.16842105263157894,1,B1,0.562538,0.09474324210526315,0.16842105263157894,1.0,3.5,5.0,5.5,351,False,,,,True,
1989,通州区,monotone_stock_proxy,1.0,MAIN,,,16.0,0.16842105263157894,0.16842105263157894,2,B2,0.38115,0.0641936842105263,0.07367781052631579,0.437462,7.0,9.0,11.0,351,False,,,,True,
1989,通州区,monotone_stock_proxy,1.0,MAIN,,,16.0,0.16842105263157894,0.16842105263157894,3,B3,0.056312,0.009484126315789473,0.009484126315789473,0.056312,10.5,13.0,16.5,351,False,,,,True,
1989,通州区,monotone_stock_proxy,1.0,MAIN,,,16.0,0.16842105263157894,0.16842105263157894,4,B4,0.0,0.0,0.0,0.0,14.0,17.0,22.0,351,False,,,,True,
1989,通州区,monotone_stock_proxy,1.0,MAIN,,,16.0,0.16842105263157894,0.16842105263157894,5,B5+,0.0,0.0,0.0,0.0,17.5,21.0,27.5,351,False,,,,True,
1990,通州区,monotone_stock_proxy,1.0,MAIN,16.0,16.0,16.0,0.16842105263157894,0.16842105263157894,1,B1,0.562538,0.09474324210526315,0.16842105263157894,1.0,3.5,5.0,5.5,351,False,,,,False,
1990,通州区,monotone_stock_proxy,1.0,MAIN,16.0,16.0,16.0,0.16842105263157894,0.16842105263157894,2,B2,0.38115,0.0641936842105263,0.07367781052631579,0.437462,7.0,9.0,11.0,351,False,,,,False,
1990,通州区,monotone_stock_proxy,1.0,MAIN,16.0,16.0,16.0,0.16842105263157894,0.16842105263157894,3,B3,0.056312,0.009484126315789473,0.009484126315789473,0.056312,10.5,13.0,16.5,351,False,,,,False,
1990,通州区,monotone_stock_proxy,1.0,MAIN,16.0,16.0,16.0,0.16842105263157894,0.16842105263157894,4,B4,0.0,0.0,0.0,0.0,14.0,17.0,22.0,351,False,,,,False,
1990,通州区,monotone_stock_proxy,1.0,MAIN,16.0,16.0,16.0,0.16842105263157894,0.16842105263157894,5,B5+,0.0,0.0,0.0,0.0,17.5,21.0,27.5,351,False,,,,False,
1991,通州区,monotone_stock_proxy,1.0,MAIN,,,21.2,0.2231578947368421,0.2231578947368421,1,B1,0.562538,0.12553479578947369,0.2231578947368421,1.0,3.5,5.0,5.5,351,False,,,,True,
1991,通州区,monotone_stock_proxy,1.0,MAIN,,,21.2,0.2231578947368421,0.2231578947368421,2,B2,0.38115,0.08505663157894737,0.09762309894736843,0.437462,7.0,9.0,11.0,351,False,,,,True,
1991,通州区,monotone_stock_proxy,1.0,MAIN,,,21.2,0.2231578947368421,0.2231578947368421,3,B3,0.056312,0.012566467368421054,0.012566467368421054,0.056312,10.5,13.0,16.5,351,False,,,,True,
1991,通州区,monotone_stock_proxy,1.0,MAIN,,,21.2,0.2231578947368421,0.2231578947368421,4,B4,0.0,0.0,0.0,0.0,14.0,17.0,22.0,351,False,,,,True,
1991,通州区,monotone_stock_proxy,1.0,MAIN,,,21.2,0.2231578947368421,0.2231578947368421,5,B5+,0.0,0.0,0.0,0.0,17.5,21.0,27.5,351,False,,,,True,
1992,通州区,monotone_stock_proxy,1.0,MAIN,,,26.4,0.27789473684210525,0.27789473684210525,1,B1,0.562538,0.1563263494736842,0.27789473684210525,1.0,3.5,5.0,5.5,351,False,,,,True,
1992,通州区,monotone_stock_proxy,1.0,MAIN,,,26.4,0.27789473684210525,0.27789473684210525,2,B2,0.38115,0.1059195789473684,0.12156838736842106,0.437462,7.0,9.0,11.0,351,False,,,,True,
1992,通州区,monotone_stock_proxy,1.0,MAIN,,,26.4,0.27789473684210525,0.27789473684210525,3,B3,0.056312,0.01564880842105263,0.01564880842105263,0.056312,10.5,13.0,16.5,351,False,,,,True,
1992,通州区,monotone_stock_proxy,1.0,MAIN,,,26.4,0.27789473684210525,0.27789473684210525,4,B4,0.0,0.0,0.0,0.0,14.0,17.0,22.0,351,False,,,,True,
1992,通州区,monotone_stock_proxy,1.0,MAIN,,,26.4,0.27789473684210525,0.27789473684210525,5,B5+,0.0,0.0,0.0,0.0,17.5,21.0,27.5,351,False,,,,True,
1993,通州区,monotone_stock_proxy,1.0,MAIN,,,31.6,0.33263157894736844,0.3326315789473684,1,B1,0.562538,0.1871179031578947,0.3326315789473684,1.0,3.5,5.0,5.5,351,False,,,,True,
1993,通州区,monotone_stock_proxy,1.0,MAIN,,,31.6,0.33263157894736844,0.3326315789473684,2,B2,0.38115,0.12678252631578946,0.1455136757894737,0.437462,7.0,9.0,11.0,351,False,,,,True,
1993,通州区,monotone_stock_proxy,1.0,MAIN,,,31.6,0.33263157894736844,0.3326315789473684,3,B3,0.056312,0.01873114947368421,0.01873114947368421,0.056312,10.5,13.0,16.5,351,False,,,,True,
1993,通州区,monotone_stock_proxy,1.0,MAIN,,,31.6,0.33263157894736844,0.3326315789473684,4,B4,0.0,0.0,0.0,0.0,14.0,17.0,22.0,351,False,,,,True,
1993,通州区,monotone_stock_proxy,1.0,MAIN,,,31.6,0.33263157894736844,0.3326315789473684,5,B5+,0.0,0.0,0.0,0.0,17.5,21.0,27.5,351,False,,,,True,
1994,通州区,monotone_stock_proxy,1.0,MAIN,,,36.8,0.38736842105263153,0.3873684210526316,1,B1,0.562538,0.21790945684210525,0.3873684210526316,1.0,3.5,5.0,5.5,351,False,,,,True,
1994,通州区,monotone_stock_proxy,1.0,MAIN,,,36.8,0.38736842105263153,0.3873684210526316,2,B2,0.38115,0.14764547368421052,0.16945896421052634,0.437462,7.0,9.0,11.0,351,False,,,,True,
1994,通州区,monotone_stock_proxy,1.0,MAIN,,,36.8,0.38736842105263153,0.3873684210526316,3,B3,0.056312,0.02181349052631579,0.02181349052631579,0.056312,10.5,13.0,16.5,351,False,,,,True,
1994,通州区,monotone_stock_proxy,1.0,MAIN,,,36.8,0.38736842105263153,0.3873684210526316,4,B4,0.0,0.0,0.0,0.0,14.0,17.0,22.0,351,False,,,,True,
1994,通州区,monotone_stock_proxy,1.0,MAIN,,,36.8,0.38736842105263153,0.3873684210526316,5,B5+,0.0,0.0,0.0,0.0,17.5,21.0,27.5,351,False,,,,True,
1995,通州区,monotone_stock_proxy,1.0,MAIN,42.0,42.0,42.0,0.4421052631578947,0.4421052631578947,1,B1,0.562538,0.24870101052631577,0.4421052631578947,1.0,3.5,5.0,5.5,351,False,,,,False,
1995,通州区,monotone_stock_proxy,1.0,MAIN,42.0,42.0,42.0,0.4421052631578947,0.4421052631578947,2,B2,0.38115,0.16850842105263156,0.19340425263157895,0.437462,7.0,9.0,11.0,351,False,,,,False,
1995,通州区,monotone_stock_proxy,1.0,MAIN,42.0,42.0,42.0,0.4421052631578947,0.4421052631578947,3,B3,0.056312,0.02489583157894737,0.02489583157894737,0.056312,10.5,13.0,16.5,351,False,,,,False,
1995,通州区,monotone_stock_proxy,1.0,MAIN,42.0,42.0,42.0,0.4421052631578947,0.4421052631578947,4,B4,0.0,0.0,0.0,0.0,14.0,17.0,22.0,351,False,,,,False,
1995,通州区,monotone_stock_proxy,1.0,MAIN,42.0,42.0,42.0,0.4421052631578947,0.4421052631578947,5,B5+,0.0,0.0,0.0,0.0,17.5,21.0,27.5,351,False,,,,False,
1996,通州区,monotone_stock_proxy,1.0,MAIN,,,42.0,0.4421052631578947,0.4421052631578947,1,B1,0.562538,0.24870101052631577,0.4421052631578947,1.0,3.5,5.0,5.5,351,False,,,,True,
1996,通州区,monotone_stock_proxy,1.0,MAIN,,,42.0,0.4421052631578947,0.4421052631578947,2,B2,0.38115,0.16850842105263156,0.19340425263157895,0.437462,7.0,9.0,11.0,351,False,,,,True,
1996,通州区,monotone_stock_proxy,1.0,MAIN,,,42.0,0.4421052631578947,0.4421052631578947,3,B3,0.056312,0.02489583157894737,0.02489583157894737,0.056312,10.5,13.0,16.5,351,False,,,,True,
1996,通州区,monotone_stock_proxy,1.0,MAIN,,,42.0,0.4421052631578947,0.4421052631578947,4,B4,0.0,0.0,0.0,0.0,14.0,17.0,22.0,351,False,,,,True,
1996,通州区,monotone_stock_proxy,1.0,MAIN,,,42.0,0.4421052631578947,0.4421052631578947,5,B5+,0.0,0.0,0.0,0.0,17.5,21.0,27.5,351,False,,,,True,
1997,通州区,monotone_stock_proxy,1.0,MAIN,,,42.0,0.4421052631578947,0.4421052631578947,1,B1,0.562538,0.24870101052631577,0.4421052631578947,1.0,3.5,5.0,5.5,351,False,,,,True,
1997,通州区,monotone_stock_proxy,1.0,MAIN,,,42.0,0.4421052631578947,0.4421052631578947,2,B2,0.38115,0.16850842105263156,0.19340425263157895,0.437462,7.0,9.0,11.0,351,False,,,,True,
1997,通州区,monotone_stock_proxy,1.0,MAIN,,,42.0,0.4421052631578947,0.4421052631578947,3,B3,0.056312,0.02489583157894737,0.02489583157894737,0.056312,10.5,13.0,16.5,351,False,,,,True,
1997,通州区,monotone_stock_proxy,1.0,MAIN,,,42.0,0.4421052631578947,0.4421052631578947,4,B4,0.0,0.0,0.0,0.0,14.0,17.0,22.0,351,False,,,,True,
1997,通州区,monotone_stock_proxy,1.0,MAIN,,,42.0,0.4421052631578947,0.4421052631578947,5,B5+,0.0,0.0,0.0,0.0,17.5,21.0,27.5,351,False,,,,True,
1998,通州区,monotone_stock_proxy,1.0,MAIN,,,42.0,0.4421052631578947,0.4421052631578947,1,B1,0.562538,0.24870101052631577,0.4421052631578947,1.0,3.5,5.0,5.5,351,False,,,,True,
1998,通州区,monotone_stock_proxy,1.0,MAIN,,,42.0,0.4421052631578947,0.4421052631578947,2,B2,0.38115,0.16850842105263156,0.19340425263157895,0.437462,7.0,9.0,11.0,351,False,,,,True,
1998,通州区,monotone_stock_proxy,1.0,MAIN,,,42.0,0.4421052631578947,0.4421052631578947,3,B3,0.056312,0.02489583157894737,0.02489583157894737,0.056312,10.5,13.0,16.5,351,False,,,,True,
1998,通州区,monotone_stock_proxy,1.0,MAIN,,,42.0,0.4421052631578947,0.4421052631578947,4,B4,0.0,0.0,0.0,0.0,14.0,17.0,22.0,351,False,,,,True,
1998,通州区,monotone_stock_proxy,1.0,MAIN,,,42.0,0.4421052631578947,0.4421052631578947,5,B5+,0.0,0.0,0.0,0.0,17.5,21.0,27.5,351,False,,,,True,
1999,通州区,monotone_stock_proxy,1.0,MAIN,,,42.0,0.4421052631578947,0.4421052631578947,1,B1,0.562538,0.24870101052631577,0.4421052631578947,1.0,3.5,5.0,5.5,351,False,,,,True,
1999,通州区,monotone_stock_proxy,1.0,MAIN,,,42.0,0.4421052631578947,0.4421052631578947,2,B2,0.38115,0.16850842105263156,0.19340425263157895,0.437462,7.0,9.0,11.0,351,False,,,,True,
1999,通州区,monotone_stock_proxy,1.0,MAIN,,,42.0,0.4421052631578947,0.4421052631578947,3,B3,0.056312,0.02489583157894737,0.02489583157894737,0.056312,10.5,13.0,16.5,351,False,,,,True,
1999,通州区,monotone_stock_proxy,1.0,MAIN,,,42.0,0.4421052631578947,0.4421052631578947,4,B4,0.0,0.0,0.0,0.0,14.0,17.0,22.0,351,False,,,,True,
1999,通州区,monotone_stock_proxy,1.0,MAIN,,,42.0,0.4421052631578947,0.4421052631578947,5,B5+,0.0,0.0,0.0,0.0,17.5,21.0,27.5,351,False,,,,True,
2000,通州区,monotone_stock_proxy,1.0,MAIN,37.0,42.0,42.0,0.4421052631578947,0.4421052631578947,1,B1,0.562538,0.24870101052631577,0.4421052631578947,1.0,3.5,5.0,5.5,351,False,,,,False,
2000,通州区,monotone_stock_proxy,1.0,MAIN,37.0,42.0,42.0,0.4421052631578947,0.4421052631578947,2,B2,0.38115,0.16850842105263156,0.19340425263157895,0.437462,7.0,9.0,11.0,351,False,,,,False,
2000,通州区,monotone_stock_proxy,1.0,MAIN,37.0,42.0,42.0,0.4421052631578947,0.4421052631578947,3,B3,0.056312,0.02489583157894737,0.02489583157894737,0.056312,10.5,13.0,16.5,351,False,,,,False,
2000,通州区,monotone_stock_proxy,1.0,MAIN,37.0,42.0,42.0,0.4421052631578947,0.4421052631578947,4,B4,0.0,0.0,0.0,0.0,14.0,17.0,22.0,351,False,,,,False,
2000,通州区,monotone_stock_proxy,1.0,MAIN,37.0,42.0,42.0,0.4421052631578947,0.4421052631578947,5,B5+,0.0,0.0,0.0,0.0,17.5,21.0,27.5,351,False,,,,False,
2001,通州区,monotone_stock_proxy,1.0,MAIN,,,44.6,0.4694736842105263,0.4694736842105263,1,B1,0.562538,0.26409678736842107,0.4694736842105263,1.0,3.5,5.0,5.5,351,False,,,,True,
2001,通州区,monotone_stock_proxy,1.0,MAIN,,,44.6,0.4694736842105263,0.4694736842105263,2,B2,0.38115,0.1789398947368421,0.20537689684210528,0.437462,7.0,9.0,11.0,351,False,,,,True,
2001,通州区,monotone_stock_proxy,1.0,MAIN,,,44.6,0.4694736842105263,0.4694736842105263,3,B3,0.056312,0.026437002105263157,0.026437002105263157,0.056312,10.5,13.0,16.5,351,False,,,,True,
2001,通州区,monotone_stock_proxy,1.0,MAIN,,,44.6,0.4694736842105263,0.4694736842105263,4,B4,0.0,0.0,0.0,0.0,14.0,17.0,22.0,351,False,,,,True,
2001,通州区,monotone_stock_proxy,1.0,MAIN,,,44.6,0.4694736842105263,0.4694736842105263,5,B5+,0.0,0.0,0.0,0.0,17.5,21.0,27.5,351,False,,,,True,
2002,通州区,monotone_stock_proxy,1.0,MAIN,,,47.2,0.4968421052631579,0.4968421052631579,1,B1,0.562538,0.2794925642105263,0.4968421052631579,1.0,3.5,5.0,5.5,351,False,,,,True,
2002,通州区,monotone_stock_proxy,1.0,MAIN,,,47.2,0.4968421052631579,0.4968421052631579,2,B2,0.38115,0.18937136842105262,0.2173495410526316,0.437462,7.0,9.0,11.0,351,False,,,,True,
2002,通州区,monotone_stock_proxy,1.0,MAIN,,,47.2,0.4968421052631579,0.4968421052631579,3,B3,0.056312,0.027978172631578948,0.027978172631578948,0.056312,10.5,13.0,16.5,351,False,,,,True,
2002,通州区,monotone_stock_proxy,1.0,MAIN,,,47.2,0.4968421052631579,0.4968421052631579,4,B4,0.0,0.0,0.0,0.0,14.0,17.0,22.0,351,False,,,,True,
2002,通州区,monotone_stock_proxy,1.0,MAIN,,,47.2,0.4968421052631579,0.4968421052631579,5,B5+,0.0,0.0,0.0,0.0,17.5,21.0,27.5,351,False,,,,True,
2003,通州区,monotone_stock_proxy,1.0,MAIN,,,49.8,0.5242105263157895,0.5242105263157895,1,B1,0.562538,0.29488834105263156,0.5242105263157895,1.0,3.5,5.0,5.5,351,False,,,,True,
2003,通州区,monotone_stock_proxy,1.0,MAIN,,,49.8,0.5242105263157895,0.5242105263157895,2,B2,0.38115,0.19980284210526314,0.2293221852631579,0.437462,7.0,9.0,11.0,351,False,,,,True,
2003,通州区,monotone_stock_proxy,1.0,MAIN,,,49.8,0.5242105263157895,0.5242105263157895,3,B3,0.056312,0.029519343157894735,0.029519343157894735,0.056312,10.5,13.0,16.5,351,False,,,,True,
2003,通州区,monotone_stock_proxy,1.0,MAIN,,,49.8,0.5242105263157895,0.5242105263157895,4,B4,0.0,0.0,0.0,0.0,14.0,17.0,22.0,351,False,,,,True,
2003,通州区,monotone_stock_proxy,1.0,MAIN,,,49.8,0.5242105263157895,0.5242105263157895,5,B5+,0.0,0.0,0.0,0.0,17.5,21.0,27.5,351,False,,,,True,
2004,通州区,monotone_stock_proxy,1.0,MAIN,,,52.4,0.5515789473684211,0.5515789473684211,1,B1,0.562538,0.3102841178947368,0.5515789473684211,1.0,3.5,5.0,5.5,351,False,,,,True,
2004,通州区,monotone_stock_proxy,1.0,MAIN,,,52.4,0.5515789473684211,0.5515789473684211,2,B2,0.38115,0.21023431578947369,0.24129482947368422,0.437462,7.0,9.0,11.0,351,False,,,,True,
2004,通州区,monotone_stock_proxy,1.0,MAIN,,,52.4,0.5515789473684211,0.5515789473684211,3,B3,0.056312,0.031060513684210526,0.031060513684210526,0.056312,10.5,13.0,16.5,351,False,,,,True,
2004,通州区,monotone_stock_proxy,1.0,MAIN,,,52.4,0.5515789473684211,0.5515789473684211,4,B4,0.0,0.0,0.0,0.0,14.0,17.0,22.0,351,False,,,,True,
2004,通州区,monotone_stock_proxy,1.0,MAIN,,,52.4,0.5515789473684211,0.5515789473684211,5,B5+,0.0,0.0,0.0,0.0,17.5,21.0,27.5,351,False,,,,True,
2005,通州区,monotone_stock_proxy,1.0,MAIN,55.0,55.0,55.0,0.5789473684210527,0.5789473684210527,1,B1,0.562538,0.3256798947368421,0.5789473684210527,1.0,3.5,5.0,5.5,351,False,,,,False,
2005,通州区,monotone_stock_proxy,1.0,MAIN,55.0,55.0,55.0,0.5789473684210527,0.5789473684210527,2,B2,0.38115,0.2206657894736842,0.25326747368421054,0.437462,7.0,9.0,11.0,351,False,,,,False,
2005,通州区,monotone_stock_proxy,1.0,MAIN,55.0,55.0,55.0,0.5789473684210527,0.5789473684210527,3,B3,0.056312,0.03260168421052632,0.03260168421052632,0.056312,10.5,13.0,16.5,351,False,,,,False,
2005,通州区,monotone_stock_proxy,1.0,MAIN,55.0,55.0,55.0,0.5789473684210527,0.5789473684210527,4,B4,0.0,0.0,0.0,0.0,14.0,17.0,22.0,351,False,,,,False,
2005,通州区,monotone_stock_proxy,1.0,MAIN,55.0,55.0,55.0,0.5789473684210527,0.5789473684210527,5,B5+,0.0,0.0,0.0,0.0,17.5,21.0,27.5,351,False,,,,False,
2006,通州区,monotone_stock_proxy,1.0,MAIN,,,57.6,0.6063157894736843,0.6063157894736843,1,B1,0.562538,0.34107567157894736,0.6063157894736843,1.0,3.5,5.0,5.5,351,False,,,,True,
2006,通州区,monotone_stock_proxy,1.0,MAIN,,,57.6,0.6063157894736843,0.6063157894736843,2,B2,0.38115,0.23109726315789475,0.2652401178947369,0.437462,7.0,9.0,11.0,351,False,,,,True,
2006,通州区,monotone_stock_proxy,1.0,MAIN,,,57.6,0.6063157894736843,0.6063157894736843,3,B3,0.056312,0.03414285473684211,0.03414285473684211,0.056312,10.5,13.0,16.5,351,False,,,,True,
2006,通州区,monotone_stock_proxy,1.0,MAIN,,,57.6,0.6063157894736843,0.6063157894736843,4,B4,0.0,0.0,0.0,0.0,14.0,17.0,22.0,351,False,,,,True,
2006,通州区,monotone_stock_proxy,1.0,MAIN,,,57.6,0.6063157894736843,0.6063157894736843,5,B5+,0.0,0.0,0.0,0.0,17.5,21.0,27.5,351,False,,,,True,
2007,通州区,monotone_stock_proxy,1.0,MAIN,,,60.2,0.6336842105263158,0.6336842105263158,1,B1,0.562538,0.35647144842105266,0.6336842105263158,1.0,3.5,5.0,5.5,351,False,,,,True,
2007,通州区,monotone_stock_proxy,1.0,MAIN,,,60.2,0.6336842105263158,0.6336842105263158,2,B2,0.38115,0.24152873684210527,0.2772127621052632,0.437462,7.0,9.0,11.0,351,False,,,,True,
2007,通州区,monotone_stock_proxy,1.0,MAIN,,,60.2,0.6336842105263158,0.6336842105263158,3,B3,0.056312,0.0356840252631579,0.0356840252631579,0.056312,10.5,13.0,16.5,351,False,,,,True,
2007,通州区,monotone_stock_proxy,1.0,MAIN,,,60.2,0.6336842105263158,0.6336842105263158,4,B4,0.0,0.0,0.0,0.0,14.0,17.0,22.0,351,False,,,,True,
2007,通州区,monotone_stock_proxy,1.0,MAIN,,,60.2,0.6336842105263158,0.6336842105263158,5,B5+,0.0,0.0,0.0,0.0,17.5,21.0,27.5,351,False,,,,True,
2008,通州区,monotone_stock_proxy,1.0,MAIN,,,62.8,0.6610526315789473,0.6610526315789473,1,B1,0.562538,0.37186722526315785,0.6610526315789473,1.0,3.5,5.0,5.5,351,False,,,,True,
2008,通州区,monotone_stock_proxy,1.0,MAIN,,,62.8,0.6610526315789473,0.6610526315789473,2,B2,0.38115,0.2519602105263158,0.2891854063157895,0.437462,7.0,9.0,11.0,351,False,,,,True,
2008,通州区,monotone_stock_proxy,1.0,MAIN,,,62.8,0.6610526315789473,0.6610526315789473,3,B3,0.056312,0.03722519578947368,0.03722519578947368,0.056312,10.5,13.0,16.5,351,False,,,,True,
2008,通州区,monotone_stock_proxy,1.0,MAIN,,,62.8,0.6610526315789473,0.6610526315789473,4,B4,0.0,0.0,0.0,0.0,14.0,17.0,22.0,351,False,,,,True,
2008,通州区,monotone_stock_proxy,1.0,MAIN,,,62.8,0.6610526315789473,0.6610526315789473,5,B5+,0.0,0.0,0.0,0.0,17.5,21.0,27.5,351,False,,,,True,
2009,通州区,monotone_stock_proxy,1.0,MAIN,,,65.4,0.688421052631579,0.6884210526315789,1,B1,0.562538,0.38726300210526315,0.6884210526315789,1.0,3.5,5.0,5.5,351,False,,,,True,
2009,通州区,monotone_stock_proxy,1.0,MAIN,,,65.4,0.688421052631579,0.6884210526315789,2,B2,0.38115,0.2623916842105263,0.3011580505263158,0.437462,7.0,9.0,11.0,351,False,,,,True,
2009,通州区,monotone_stock_proxy,1.0,MAIN,,,65.4,0.688421052631579,0.6884210526315789,3,B3,0.056312,0.038766366315789474,0.038766366315789474,0.056312,10.5,13.0,16.5,351,False,,,,True,
2009,通州区,monotone_stock_proxy,1.0,MAIN,,,65.4,0.688421052631579,0.6884210526315789,4,B4,0.0,0.0,0.0,0.0,14.0,17.0,22.0,351,False,,,,True,
2009,通州区,monotone_stock_proxy,1.0,MAIN,,,65.4,0.688421052631579,0.6884210526315789,5,B5+,0.0,0.0,0.0,0.0,17.5,21.0,27.5,351,False,,,,True,
2010,通州区,monotone_stock_proxy,1.0,MAIN,68.0,68.0,68.0,0.7157894736842105,0.7157894736842105,1,B1,0.562538,0.4026587789473684,0.7157894736842105,1.0,3.5,5.0,5.5,351,False,,,,False,
2010,通州区,monotone_stock_proxy,1.0,MAIN,68.0,68.0,68.0,0.7157894736842105,0.7157894736842105,2,B2,0.38115,0.2728231578947368,0.31313069473684213,0.437462,7.0,9.0,11.0,351,False,,,,False,
2010,通州区,monotone_stock_proxy,1.0,MAIN,68.0,68.0,68.0,0.7157894736842105,0.7157894736842105,3,B3,0.056312,0.040307536842105265,0.040307536842105265,0.056312,10.5,13.0,16.5,351,False,,,,False,
2010,通州区,monotone_stock_proxy,1.0,MAIN,68.0,68.0,68.0,0.7157894736842105,0.7157894736842105,4,B4,0.0,0.0,0.0,0.0,14.0,17.0,22.0,351,False,,,,False,
2010,通州区,monotone_stock_proxy,1.0,MAIN,68.0,68.0,68.0,0.7157894736842105,0.7157894736842105,5,B5+,0.0,0.0,0.0,0.0,17.5,21.0,27.5,351,False,,,,False,
2011,通州区,monotone_stock_proxy,1.0,MAIN,,,68.4,0.7200000000000001,0.72,1,B1,0.562538,0.40502735999999995,0.72,1.0,3.5,5.0,5.5,351,False,,,,True,
2011,通州区,monotone_stock_proxy,1.0,MAIN,,,68.4,0.7200000000000001,0.72,2,B2,0.38115,0.274428,0.31497264,0.437462,7.0,9.0,11.0,351,False,,,,True,
2011,通州区,monotone_stock_proxy,1.0,MAIN,,,68.4,0.7200000000000001,0.72,3,B3,0.056312,0.04054464,0.04054464,0.056312,10.5,13.0,16.5,351,False,,,,True,
2011,通州区,monotone_stock_proxy,1.0,MAIN,,,68.4,0.7200000000000001,0.72,4,B4,0.0,0.0,0.0,0.0,14.0,17.0,22.0,351,False,,,,True,
2011,通州区,monotone_stock_proxy,1.0,MAIN,,,68.4,0.7200000000000001,0.72,5,B5+,0.0,0.0,0.0,0.0,17.5,21.0,27.5,351,False,,,,True,
2012,通州区,monotone_stock_proxy,1.0,MAIN,,,68.8,0.7242105263157894,0.7242105263157894,1,B1,0.562538,0.40739594105263155,0.7242105263157894,1.0,3.5,5.0,5.5,351,False,,,,True,
2012,通州区,monotone_stock_proxy,1.0,MAIN,,,68.8,0.7242105263157894,0.7242105263157894,2,B2,0.38115,0.27603284210526313,0.31681458526315787,0.437462,7.0,9.0,11.0,351,False,,,,True,
2012,通州区,monotone_stock_proxy,1.0,MAIN,,,68.8,0.7242105263157894,0.7242105263157894,3,B3,0.056312,0.040781743157894734,0.040781743157894734,0.056312,10.5,13.0,16.5,351,False,,,,True,
2012,通州区,monotone_stock_proxy,1.0,MAIN,,,68.8,0.7242105263157894,0.7242105263157894,4,B4,0.0,0.0,0.0,0.0,14.0,17.0,22.0,351,False,,,,True,
2012,通州区,monotone_stock_proxy,1.0,MAIN,,,68.8,0.7242105263157894,0.7242105263157894,5,B5+,0.0,0.0,0.0,0.0,17.5,21.0,27.5,351,False,,,,True,
2013,通州区,monotone_stock_proxy,1.0,MAIN,,,69.2,0.728421052631579,0.728421052631579,1,B1,0.562538,0.40976452210526315,0.728421052631579,1.0,3.5,5.0,5.5,351,False,,,,True,
2013,通州区,monotone_stock_proxy,1.0,MAIN,,,69.2,0.728421052631579,0.728421052631579,2,B2,0.38115,0.2776376842105263,0.3186565305263158,0.437462,7.0,9.0,11.0,351,False,,,,True,
2013,通州区,monotone_stock_proxy,1.0,MAIN,,,69.2,0.728421052631579,0.728421052631579,3,B3,0.056312,0.041018846315789476,0.041018846315789476,0.056312,10.5,13.0,16.5,351,False,,,,True,
2013,通州区,monotone_stock_proxy,1.0,MAIN,,,69.2,0.728421052631579,0.728421052631579,4,B4,0.0,0.0,0.0,0.0,14.0,17.0,22.0,351,False,,,,True,
2013,通州区,monotone_stock_proxy,1.0,MAIN,,,69.2,0.728421052631579,0.728421052631579,5,B5+,0.0,0.0,0.0,0.0,17.5,21.0,27.5,351,False,,,,True,
2014,通州区,monotone_stock_proxy,1.0,MAIN,,,69.6,0.7326315789473684,0.7326315789473684,1,B1,0.562538,0.4121331031578947,0.7326315789473684,1.0,3.5,5.0,5.5,351,False,,,,True,
2014,通州区,monotone_stock_proxy,1.0,MAIN,,,69.6,0.7326315789473684,0.7326315789473684,2,B2,0.38115,0.27924252631578944,0.3204984757894737,0.437462,7.0,9.0,11.0,351,False,,,,True,
2014,通州区,monotone_stock_proxy,1.0,MAIN,,,69.6,0.7326315789473684,0.7326315789473684,3,B3,0.056312,0.04125594947368421,0.04125594947368421,0.056312,10.5,13.0,16.5,351,False,,,,True,
2014,通州区,monotone_stock_proxy,1.0,MAIN,,,69.6,0.7326315789473684,0.7326315789473684,4,B4,0.0,0.0,0.0,0.0,14.0,17.0,22.0,351,False,,,,True,
2014,通州区,monotone_stock_proxy,1.0,MAIN,,,69.6,0.7326315789473684,0.7326315789473684,5,B5+,0.0,0.0,0.0,0.0,17.5,21.0,27.5,351,False,,,,True,
2015,通州区,monotone_stock_proxy,1.0,MAIN,70.0,70.0,70.0,0.7368421052631579,0.7368421052631579,1,B1,0.562538,0.4145016842105263,0.7368421052631579,1.0,3.5,5.0,5.5,351,False,,,,False,
2015,通州区,monotone_stock_proxy,1.0,MAIN,70.0,70.0,70.0,0.7368421052631579,0.7368421052631579,2,B2,0.38115,0.2808473684210526,0.32234042105263155,0.437462,7.0,9.0,11.0,351,False,,,,False,
2015,通州区,monotone_stock_proxy,1.0,MAIN,70.0,70.0,70.0,0.7368421052631579,0.7368421052631579,3,B3,0.056312,0.041493052631578944,0.041493052631578944,0.056312,10.5,13.0,16.5,351,False,,,,False,
2015,通州区,monotone_stock_proxy,1.0,MAIN,70.0,70.0,70.0,0.7368421052631579,0.7368421052631579,4,B4,0.0,0.0,0.0,0.0,14.0,17.0,22.0,351,False,,,,False,
2015,通州区,monotone_stock_proxy,1.0,MAIN,70.0,70.0,70.0,0.7368421052631579,0.7368421052631579,5,B5+,0.0,0.0,0.0,0.0,17.5,21.0,27.5,351,False,,,,False,
2016,通州区,monotone_stock_proxy,1.0,MAIN,,,75.0,0.7894736842105263,0.7894736842105263,1,B1,0.562538,0.44410894736842105,0.7894736842105263,1.0,3.5,5.0,5.5,351,False,,,,True,
2016,通州区,monotone_stock_proxy,1.0,MAIN,,,75.0,0.7894736842105263,0.7894736842105263,2,B2,0.38115,0.3009078947368421,0.3453647368421053,0.437462,7.0,9.0,11.0,351,False,,,,True,
2016,通州区,monotone_stock_proxy,1.0,MAIN,,,75.0,0.7894736842105263,0.7894736842105263,3,B3,0.056312,0.04445684210526316,0.04445684210526316,0.056312,10.5,13.0,16.5,351,False,,,,True,
2016,通州区,monotone_stock_proxy,1.0,MAIN,,,75.0,0.7894736842105263,0.7894736842105263,4,B4,0.0,0.0,0.0,0.0,14.0,17.0,22.0,351,False,,,,True,
2016,通州区,monotone_stock_proxy,1.0,MAIN,,,75.0,0.7894736842105263,0.7894736842105263,5,B5+,0.0,0.0,0.0,0.0,17.5,21.0,27.5,351,False,,,,True,
2017,通州区,monotone_stock_proxy,1.0,MAIN,,,80.0,0.8421052631578947,0.8421052631578947,1,B1,0.562538,0.47371621052631574,0.8421052631578947,1.0,3.5,5.0,5.5,351,False,,,,True,
2017,通州区,monotone_stock_proxy,1.0,MAIN,,,80.0,0.8421052631578947,0.8421052631578947,2,B2,0.38115,0.32096842105263157,0.36838905263157895,0.437462,7.0,9.0,11.0,351,False,,,,True,
2017,通州区,monotone_stock_proxy,1.0,MAIN,,,80.0,0.8421052631578947,0.8421052631578947,3,B3,0.056312,0.04742063157894737,0.04742063157894737,0.056312,10.5,13.0,16.5,351,False,,,,True,
2017,通州区,monotone_stock_proxy,1.0,MAIN,,,80.0,0.8421052631578947,0.8421052631578947,4,B4,0.0,0.0,0.0,0.0,14.0,17.0,22.0,351,False,,,,True,
2017,通州区,monotone_stock_proxy,1.0,MAIN,,,80.0,0.8421052631578947,0.8421052631578947,5,B5+,0.0,0.0,0.0,0.0,17.5,21.0,27.5,351,False,,,,True,
2018,通州区,monotone_stock_proxy,1.0,MAIN,,,85.0,0.8947368421052632,0.8947368421052632,1,B1,0.562538,0.5033234736842105,0.8947368421052632,1.0,3.5,5.0,5.5,351,False,,,,True,
2018,通州区,monotone_stock_proxy,1.0,MAIN,,,85.0,0.8947368421052632,0.8947368421052632,2,B2,0.38115,0.34102894736842104,0.3914133684210527,0.437462,7.0,9.0,11.0,351,False,,,,True,
2018,通州区,monotone_stock_proxy,1.0,MAIN,,,85.0,0.8947368421052632,0.8947368421052632,3,B3,0.056312,0.05038442105263158,0.05038442105263158,0.056312,10.5,13.0,16.5,351,False,,,,True,
2018,通州区,monotone_stock_proxy,1.0,MAIN,,,85.0,0.8947368421052632,0.8947368421052632,4,B4,0.0,0.0,0.0,0.0,14.0,17.0,22.0,351,False,,,,True,
2018,通州区,monotone_stock_proxy,1.0,MAIN,,,85.0,0.8947368421052632,0.8947368421052632,5,B5+,0.0,0.0,0.0,0.0,17.5,21.0,27.5,351,False,,,,True,
2019,通州区,monotone_stock_proxy,1.0,MAIN,,,90.0,0.9473684210526315,0.9473684210526316,1,B1,0.562538,0.5329307368421052,0.9473684210526316,1.0,3.5,5.0,5.5,351,False,,,,True,
2019,通州区,monotone_stock_proxy,1.0,MAIN,,,90.0,0.9473684210526315,0.9473684210526316,2,B2,0.38115,0.3610894736842105,0.41443768421052635,0.437462,7.0,9.0,11.0,351,False,,,,True,
2019,通州区,monotone_stock_proxy,1.0,MAIN,,,90.0,0.9473684210526315,0.9473684210526316,3,B3,0.056312,0.0533482105263158,0.0533482105263158,0.056312,10.5,13.0,16.5,351,False,,,,True,
2019,通州区,monotone_stock_proxy,1.0,MAIN,,,90.0,0.9473684210526315,0.9473684210526316,4,B4,0.0,0.0,0.0,0.0,14.0,17.0,22.0,351,False,,,,True,
2019,通州区,monotone_stock_proxy,1.0,MAIN,,,90.0,0.9473684210526315,0.9473684210526316,5,B5+,0.0,0.0,0.0,0.0,17.5,21.0,27.5,351,False,,,,True,
2020,通州区,monotone_stock_proxy,1.0,MAIN,95.0,95.0,95.0,1.0,1.0,1,B1,0.562538,0.562538,1.0,1.0,3.5,5.0,5.5,351,False,,,,False,
2020,通州区,monotone_stock_proxy,1.0,MAIN,95.0,95.0,95.0,1.0,1.0,2,B2,0.38115,0.38115,0.437462,0.437462,7.0,9.0,11.0,351,False,,,,False,
2020,通州区,monotone_stock_proxy,1.0,MAIN,95.0,95.0,95.0,1.0,1.0,3,B3,0.056312,0.056312,0.056312,0.056312,10.5,13.0,16.5,351,False,,,,False,
2020,通州区,monotone_stock_proxy,1.0,MAIN,95.0,95.0,95.0,1.0,1.0,4,B4,0.0,0.0,0.0,0.0,14.0,17.0,22.0,351,False,,,,False,
2020,通州区,monotone_stock_proxy,1.0,MAIN,95.0,95.0,95.0,1.0,1.0,5,B5+,0.0,0.0,0.0,0.0,17.5,21.0,27.5,351,False,,,,False,
1980,门头沟区,monotone_stock_proxy,1.0,MAIN,15.0,15.0,15.0,0.4411764705882353,0.4411764705882353,1,B1,0.408381,0.18016808823529412,0.4411764705882353,1.0,3.5,5.0,5.5,79,False,,,,False,
1980,门头沟区,monotone_stock_proxy,1.0,MAIN,15.0,15.0,15.0,0.4411764705882353,0.4411764705882353,2,B2,0.340843,0.15037191176470588,0.26100838235294116,0.591619,7.0,9.0,11.0,79,False,,,,False,
1980,门头沟区,monotone_stock_proxy,1.0,MAIN,15.0,15.0,15.0,0.4411764705882353,0.4411764705882353,3,B3,0.228597,0.10085161764705881,0.1106364705882353,0.250776,10.5,13.0,16.5,79,False,,,,False,
1980,门头沟区,monotone_stock_proxy,1.0,MAIN,15.0,15.0,15.0,0.4411764705882353,0.4411764705882353,4,B4,0.022179,0.00978485294117647,0.00978485294117647,0.022179,14.0,17.0,22.0,79,False,,,,False,
1980,门头沟区,monotone_stock_proxy,1.0,MAIN,15.0,15.0,15.0,0.4411764705882353,0.4411764705882353,5,B5+,0.0,0.0,0.0,0.0,17.5,21.0,27.5,79,False,,,,False,
1981,门头沟区,monotone_stock_proxy,1.0,MAIN,,,15.0,0.4411764705882353,0.4411764705882353,1,B1,0.408381,0.18016808823529412,0.4411764705882353,1.0,3.5,5.0,5.5,79,False,,,,True,
1981,门头沟区,monotone_stock_proxy,1.0,MAIN,,,15.0,0.4411764705882353,0.4411764705882353,2,B2,0.340843,0.15037191176470588,0.26100838235294116,0.591619,7.0,9.0,11.0,79,False,,,,True,
1981,门头沟区,monotone_stock_proxy,1.0,MAIN,,,15.0,0.4411764705882353,0.4411764705882353,3,B3,0.228597,0.10085161764705881,0.1106364705882353,0.250776,10.5,13.0,16.5,79,False,,,,True,
1981,门头沟区,monotone_stock_proxy,1.0,MAIN,,,15.0,0.4411764705882353,0.4411764705882353,4,B4,0.022179,0.00978485294117647,0.00978485294117647,0.022179,14.0,17.0,22.0,79,False,,,,True,
1981,门头沟区,monotone_stock_proxy,1.0,MAIN,,,15.0,0.4411764705882353,0.4411764705882353,5,B5+,0.0,0.0,0.0,0.0,17.5,21.0,27.5,79,False,,,,True,
1982,门头沟区,monotone_stock_proxy,1.0,MAIN,,,15.0,0.4411764705882353,0.4411764705882353,1,B1,0.408381,0.18016808823529412,0.4411764705882353,1.0,3.5,5.0,5.5,79,False,,,,True,
1982,门头沟区,monotone_stock_proxy,1.0,MAIN,,,15.0,0.4411764705882353,0.4411764705882353,2,B2,0.340843,0.15037191176470588,0.26100838235294116,0.591619,7.0,9.0,11.0,79,False,,,,True,
1982,门头沟区,monotone_stock_proxy,1.0,MAIN,,,15.0,0.4411764705882353,0.4411764705882353,3,B3,0.228597,0.10085161764705881,0.1106364705882353,0.250776,10.5,13.0,16.5,79,False,,,,True,
1982,门头沟区,monotone_stock_proxy,1.0,MAIN,,,15.0,0.4411764705882353,0.4411764705882353,4,B4,0.022179,0.00978485294117647,0.00978485294117647,0.022179,14.0,17.0,22.0,79,False,,,,True,
1982,门头沟区,monotone_stock_proxy,1.0,MAIN,,,15.0,0.4411764705882353,0.4411764705882353,5,B5+,0.0,0.0,0.0,0.0,17.5,21.0,27.5,79,False,,,,True,
1983,门头沟区,monotone_stock_proxy,1.0,MAIN,,,15.0,0.4411764705882353,0.4411764705882353,1,B1,0.408381,0.18016808823529412,0.4411764705882353,1.0,3.5,5.0,5.5,79,False,,,,True,
1983,门头沟区,monotone_stock_proxy,1.0,MAIN,,,15.0,0.4411764705882353,0.4411764705882353,2,B2,0.340843,0.15037191176470588,0.26100838235294116,0.591619,7.0,9.0,11.0,79,False,,,,True,
1983,门头沟区,monotone_stock_proxy,1.0,MAIN,,,15.0,0.4411764705882353,0.4411764705882353,3,B3,0.228597,0.10085161764705881,0.1106364705882353,0.250776,10.5,13.0,16.5,79,False,,,,True,
1983,门头沟区,monotone_stock_proxy,1.0,MAIN,,,15.0,0.4411764705882353,0.4411764705882353,4,B4,0.022179,0.00978485294117647,0.00978485294117647,0.022179,14.0,17.0,22.0,79,False,,,,True,
1983,门头沟区,monotone_stock_proxy,1.0,MAIN,,,15.0,0.4411764705882353,0.4411764705882353,5,B5+,0.0,0.0,0.0,0.0,17.5,21.0,27.5,79,False,,,,True,
1984,门头沟区,monotone_stock_proxy,1.0,MAIN,,,15.0,0.4411764705882353,0.4411764705882353,1,B1,0.408381,0.18016808823529412,0.4411764705882353,1.0,3.5,5.0,5.5,79,False,,,,True,
1984,门头沟区,monotone_stock_proxy,1.0,MAIN,,,15.0,0.4411764705882353,0.4411764705882353,2,B2,0.340843,0.15037191176470588,0.26100838235294116,0.591619,7.0,9.0,11.0,79,False,,,,True,
1984,门头沟区,monotone_stock_proxy,1.0,MAIN,,,15.0,0.4411764705882353,0.4411764705882353,3,B3,0.228597,0.10085161764705881,0.1106364705882353,0.250776,10.5,13.0,16.5,79,False,,,,True,
1984,门头沟区,monotone_stock_proxy,1.0,MAIN,,,15.0,0.4411764705882353,0.4411764705882353,4,B4,0.022179,0.00978485294117647,0.00978485294117647,0.022179,14.0,17.0,22.0,79,False,,,,True,
1984,门头沟区,monotone_stock_proxy,1.0,MAIN,,,15.0,0.4411764705882353,0.4411764705882353,5,B5+,0.0,0.0,0.0,0.0,17.5,21.0,27.5,79,False,,,,True,
1985,门头沟区,monotone_stock_proxy,1.0,MAIN,,,15.0,0.4411764705882353,0.4411764705882353,1,B1,0.408381,0.18016808823529412,0.4411764705882353,1.0,3.5,5.0,5.5,79,False,,,,True,
1985,门头沟区,monotone_stock_proxy,1.0,MAIN,,,15.0,0.4411764705882353,0.4411764705882353,2,B2,0.340843,0.15037191176470588,0.26100838235294116,0.591619,7.0,9.0,11.0,79,False,,,,True,
1985,门头沟区,monotone_stock_proxy,1.0,MAIN,,,15.0,0.4411764705882353,0.4411764705882353,3,B3,0.228597,0.10085161764705881,0.1106364705882353,0.250776,10.5,13.0,16.5,79,False,,,,True,
1985,门头沟区,monotone_stock_proxy,1.0,MAIN,,,15.0,0.4411764705882353,0.4411764705882353,4,B4,0.022179,0.00978485294117647,0.00978485294117647,0.022179,14.0,17.0,22.0,79,False,,,,True,
1985,门头沟区,monotone_stock_proxy,1.0,MAIN,,,15.0,0.4411764705882353,0.4411764705882353,5,B5+,0.0,0.0,0.0,0.0,17.5,21.0,27.5,79,False,,,,True,
1986,门头沟区,monotone_stock_proxy,1.0,MAIN,,,15.0,0.4411764705882353,0.4411764705882353,1,B1,0.408381,0.18016808823529412,0.4411764705882353,1.0,3.5,5.0,5.5,79,False,,,,True,
1986,门头沟区,monotone_stock_proxy,1.0,MAIN,,,15.0,0.4411764705882353,0.4411764705882353,2,B2,0.340843,0.15037191176470588,0.26100838235294116,0.591619,7.0,9.0,11.0,79,False,,,,True,
1986,门头沟区,monotone_stock_proxy,1.0,MAIN,,,15.0,0.4411764705882353,0.4411764705882353,3,B3,0.228597,0.10085161764705881,0.1106364705882353,0.250776,10.5,13.0,16.5,79,False,,,,True,
1986,门头沟区,monotone_stock_proxy,1.0,MAIN,,,15.0,0.4411764705882353,0.4411764705882353,4,B4,0.022179,0.00978485294117647,0.00978485294117647,0.022179,14.0,17.0,22.0,79,False,,,,True,
1986,门头沟区,monotone_stock_proxy,1.0,MAIN,,,15.0,0.4411764705882353,0.4411764705882353,5,B5+,0.0,0.0,0.0,0.0,17.5,21.0,27.5,79,False,,,,True,
1987,门头沟区,monotone_stock_proxy,1.0,MAIN,,,15.0,0.4411764705882353,0.4411764705882353,1,B1,0.408381,0.18016808823529412,0.4411764705882353,1.0,3.5,5.0,5.5,79,False,,,,True,
1987,门头沟区,monotone_stock_proxy,1.0,MAIN,,,15.0,0.4411764705882353,0.4411764705882353,2,B2,0.340843,0.15037191176470588,0.26100838235294116,0.591619,7.0,9.0,11.0,79,False,,,,True,
1987,门头沟区,monotone_stock_proxy,1.0,MAIN,,,15.0,0.4411764705882353,0.4411764705882353,3,B3,0.228597,0.10085161764705881,0.1106364705882353,0.250776,10.5,13.0,16.5,79,False,,,,True,
1987,门头沟区,monotone_stock_proxy,1.0,MAIN,,,15.0,0.4411764705882353,0.4411764705882353,4,B4,0.022179,0.00978485294117647,0.00978485294117647,0.022179,14.0,17.0,22.0,79,False,,,,True,
1987,门头沟区,monotone_stock_proxy,1.0,MAIN,,,15.0,0.4411764705882353,0.4411764705882353,5,B5+,0.0,0.0,0.0,0.0,17.5,21.0,27.5,79,False,,,,True,
1988,门头沟区,monotone_stock_proxy,1.0,MAIN,,,15.0,0.4411764705882353,0.4411764705882353,1,B1,0.408381,0.18016808823529412,0.4411764705882353,1.0,3.5,5.0,5.5,79,False,,,,True,
1988,门头沟区,monotone_stock_proxy,1.0,MAIN,,,15.0,0.4411764705882353,0.4411764705882353,2,B2,0.340843,0.15037191176470588,0.26100838235294116,0.591619,7.0,9.0,11.0,79,False,,,,True,
1988,门头沟区,monotone_stock_proxy,1.0,MAIN,,,15.0,0.4411764705882353,0.4411764705882353,3,B3,0.228597,0.10085161764705881,0.1106364705882353,0.250776,10.5,13.0,16.5,79,False,,,,True,
1988,门头沟区,monotone_stock_proxy,1.0,MAIN,,,15.0,0.4411764705882353,0.4411764705882353,4,B4,0.022179,0.00978485294117647,0.00978485294117647,0.022179,14.0,17.0,22.0,79,False,,,,True,
1988,门头沟区,monotone_stock_proxy,1.0,MAIN,,,15.0,0.4411764705882353,0.4411764705882353,5,B5+,0.0,0.0,0.0,0.0,17.5,21.0,27.5,79,False,,,,True,
1989,门头沟区,monotone_stock_proxy,1.0,MAIN,,,15.0,0.4411764705882353,0.4411764705882353,1,B1,0.408381,0.18016808823529412,0.4411764705882353,1.0,3.5,5.0,5.5,79,False,,,,True,
1989,门头沟区,monotone_stock_proxy,1.0,MAIN,,,15.0,0.4411764705882353,0.4411764705882353,2,B2,0.340843,0.15037191176470588,0.26100838235294116,0.591619,7.0,9.0,11.0,79,False,,,,True,
1989,门头沟区,monotone_stock_proxy,1.0,MAIN,,,15.0,0.4411764705882353,0.4411764705882353,3,B3,0.228597,0.10085161764705881,0.1106364705882353,0.250776,10.5,13.0,16.5,79,False,,,,True,
1989,门头沟区,monotone_stock_proxy,1.0,MAIN,,,15.0,0.4411764705882353,0.4411764705882353,4,B4,0.022179,0.00978485294117647,0.00978485294117647,0.022179,14.0,17.0,22.0,79,False,,,,True,
1989,门头沟区,monotone_stock_proxy,1.0,MAIN,,,15.0,0.4411764705882353,0.4411764705882353,5,B5+,0.0,0.0,0.0,0.0,17.5,21.0,27.5,79,False,,,,True,
1990,门头沟区,monotone_stock_proxy,1.0,MAIN,11.0,15.0,15.0,0.4411764705882353,0.4411764705882353,1,B1,0.408381,0.18016808823529412,0.4411764705882353,1.0,3.5,5.0,5.5,79,False,,,,False,
1990,门头沟区,monotone_stock_proxy,1.0,MAIN,11.0,15.0,15.0,0.4411764705882353,0.4411764705882353,2,B2,0.340843,0.15037191176470588,0.26100838235294116,0.591619,7.0,9.0,11.0,79,False,,,,False,
1990,门头沟区,monotone_stock_proxy,1.0,MAIN,11.0,15.0,15.0,0.4411764705882353,0.4411764705882353,3,B3,0.228597,0.10085161764705881,0.1106364705882353,0.250776,10.5,13.0,16.5,79,False,,,,False,
1990,门头沟区,monotone_stock_proxy,1.0,MAIN,11.0,15.0,15.0,0.4411764705882353,0.4411764705882353,4,B4,0.022179,0.00978485294117647,0.00978485294117647,0.022179,14.0,17.0,22.0,79,False,,,,False,
1990,门头沟区,monotone_stock_proxy,1.0,MAIN,11.0,15.0,15.0,0.4411764705882353,0.4411764705882353,5,B5+,0.0,0.0,0.0,0.0,17.5,21.0,27.5,79,False,,,,False,
1991,门头沟区,monotone_stock_proxy,1.0,MAIN,,,15.2,0.44705882352941173,0.44705882352941173,1,B1,0.408381,0.18257032941176468,0.44705882352941173,1.0,3.5,5.0,5.5,79,False,,,,True,
1991,门头沟区,monotone_stock_proxy,1.0,MAIN,,,15.2,0.44705882352941173,0.44705882352941173,2,B2,0.340843,0.1523768705882353,0.264488494117647,0.591619,7.0,9.0,11.0,79,False,,,,True,
1991,门头沟区,monotone_stock_proxy,1.0,MAIN,,,15.2,0.44705882352941173,0.44705882352941173,3,B3,0.228597,0.10219630588235293,0.11211162352941176,0.250776,10.5,13.0,16.5,79,False,,,,True,
1991,门头沟区,monotone_stock_proxy,1.0,MAIN,,,15.2,0.44705882352941173,0.44705882352941173,4,B4,0.022179,0.009915317647058823,0.009915317647058823,0.022179,14.0,17.0,22.0,79,False,,,,True,
1991,门头沟区,monotone_stock_proxy,1.0,MAIN,,,15.2,0.44705882352941173,0.44705882352941173,5,B5+,0.0,0.0,0.0,0.0,17.5,21.0,27.5,79,False,,,,True,
1992,门头沟区,monotone_stock_proxy,1.0,MAIN,,,15.4,0.45294117647058824,0.45294117647058824,1,B1,0.408381,0.1849725705882353,0.45294117647058824,1.0,3.5,5.0,5.5,79,False,,,,True,
1992,门头沟区,monotone_stock_proxy,1.0,MAIN,,,15.4,0.45294117647058824,0.45294117647058824,2,B2,0.340843,0.1543818294117647,0.26796860588235294,0.591619,7.0,9.0,11.0,79,False,,,,True,
1992,门头沟区,monotone_stock_proxy,1.0,MAIN,,,15.4,0.45294117647058824,0.45294117647058824,3,B3,0.228597,0.10354099411764706,0.11358677647058824,0.250776,10.5,13.0,16.5,79,False,,,,True,
1992,门头沟区,monotone_stock_proxy,1.0,MAIN,,,15.4,0.45294117647058824,0.45294117647058824,4,B4,0.022179,0.010045782352941178,0.010045782352941178,0.022179,14.0,17.0,22.0,79,False,,,,True,
1992,门头沟区,monotone_stock_proxy,1.0,MAIN,,,15.4,0.45294117647058824,0.45294117647058824,5,B5+,0.0,0.0,0.0,0.0,17.5,21.0,27.5,79,False,,,,True,
1993,门头沟区,monotone_stock_proxy,1.0,MAIN,,,15.6,0.4588235294117647,0.4588235294117647,1,B1,0.408381,0.18737481176470588,0.4588235294117647,1.0,3.5,5.0,5.5,79,False,,,,True,
1993,门头沟区,monotone_stock_proxy,1.0,MAIN,,,15.6,0.4588235294117647,0.4588235294117647,2,B2,0.340843,0.15638678823529412,0.2714487176470588,0.591619,7.0,9.0,11.0,79,False,,,,True,
1993,门头沟区,monotone_stock_proxy,1.0,MAIN,,,15.6,0.4588235294117647,0.4588235294117647,3,B3,0.228597,0.10488568235294117,0.1150619294117647,0.250776,10.5,13.0,16.5,79,False,,,,True,
1993,门头沟区,monotone_stock_proxy,1.0,MAIN,,,15.6,0.4588235294117647,0.4588235294117647,4,B4,0.022179,0.010176247058823529,0.010176247058823529,0.022179,14.0,17.0,22.0,79,False,,,,True,
1993,门头沟区,monotone_stock_proxy,1.0,MAIN,,,15.6,0.4588235294117647,0.4588235294117647,5,B5+,0.0,0.0,0.0,0.0,17.5,21.0,27.5,79,False,,,,True,
1994,门头沟区,monotone_stock_proxy,1.0,MAIN,,,15.8,0.4647058823529412,0.4647058823529412,1,B1,0.408381,0.18977705294117647,0.4647058823529412,1.0,3.5,5.0,5.5,79,False,,,,True,
1994,门头沟区,monotone_stock_proxy,1.0,MAIN,,,15.8,0.4647058823529412,0.4647058823529412,2,B2,0.340843,0.15839174705882353,0.2749288294117647,0.591619,7.0,9.0,11.0,79,False,,,,True,
1994,门头沟区,monotone_stock_proxy,1.0,MAIN,,,15.8,0.4647058823529412,0.4647058823529412,3,B3,0.228597,0.1062303705882353,0.11653708235294118,0.250776,10.5,13.0,16.5,79,False,,,,True,
1994,门头沟区,monotone_stock_proxy,1.0,MAIN,,,15.8,0.4647058823529412,0.4647058823529412,4,B4,0.022179,0.010306711764705883,0.010306711764705883,0.022179,14.0,17.0,22.0,79,False,,,,True,
1994,门头沟区,monotone_stock_proxy,1.0,MAIN,,,15.8,0.4647058823529412,0.4647058823529412,5,B5+,0.0,0.0,0.0,0.0,17.5,21.0,27.5,79,False,,,,True,
1995,门头沟区,monotone_stock_proxy,1.0,MAIN,16.0,16.0,16.0,0.47058823529411764,0.47058823529411764,1,B1,0.408381,0.19217929411764706,0.47058823529411764,1.0,3.5,5.0,5.5,79,False,,,,False,
1995,门头沟区,monotone_stock_proxy,1.0,MAIN,16.0,16.0,16.0,0.47058823529411764,0.47058823529411764,2,B2,0.340843,0.16039670588235294,0.2784089411764706,0.591619,7.0,9.0,11.0,79,False,,,,False,
1995,门头沟区,monotone_stock_proxy,1.0,MAIN,16.0,16.0,16.0,0.47058823529411764,0.47058823529411764,3,B3,0.228597,0.10757505882352941,0.11801223529411764,0.250776,10.5,13.0,16.5,79,False,,,,False,
1995,门头沟区,monotone_stock_proxy,1.0,MAIN,16.0,16.0,16.0,0.47058823529411764,0.47058823529411764,4,B4,0.022179,0.010437176470588236,0.010437176470588236,0.022179,14.0,17.0,22.0,79,False,,,,False,
1995,门头沟区,monotone_stock_proxy,1.0,MAIN,16.0,16.0,16.0,0.47058823529411764,0.47058823529411764,5,B5+,0.0,0.0,0.0,0.0,17.5,21.0,27.5,79,False,,,,False,
1996,门头沟区,monotone_stock_proxy,1.0,MAIN,,,16.4,0.48235294117647054,0.4823529411764706,1,B1,0.408381,0.19698377647058823,0.4823529411764706,1.0,3.5,5.0,5.5,79,False,,,,True,
1996,门头沟区,monotone_stock_proxy,1.0,MAIN,,,16.4,0.48235294117647054,0.4823529411764706,2,B2,0.340843,0.16440662352941177,0.28536916470588236,0.591619,7.0,9.0,11.0,79,False,,,,True,
1996,门头沟区,monotone_stock_proxy,1.0,MAIN,,,16.4,0.48235294117647054,0.4823529411764706,3,B3,0.228597,0.11026443529411764,0.1209625411764706,0.250776,10.5,13.0,16.5,79,False,,,,True,
1996,门头沟区,monotone_stock_proxy,1.0,MAIN,,,16.4,0.48235294117647054,0.4823529411764706,4,B4,0.022179,0.010698105882352942,0.010698105882352942,0.022179,14.0,17.0,22.0,79,False,,,,True,
1996,门头沟区,monotone_stock_proxy,1.0,MAIN,,,16.4,0.48235294117647054,0.4823529411764706,5,B5+,0.0,0.0,0.0,0.0,17.5,21.0,27.5,79,False,,,,True,
1997,门头沟区,monotone_stock_proxy,1.0,MAIN,,,16.8,0.49411764705882355,0.49411764705882355,1,B1,0.408381,0.2017882588235294,0.49411764705882355,1.0,3.5,5.0,5.5,79,False,,,,True,
1997,门头沟区,monotone_stock_proxy,1.0,MAIN,,,16.8,0.49411764705882355,0.49411764705882355,2,B2,0.340843,0.1684165411764706,0.29232938823529414,0.591619,7.0,9.0,11.0,79,False,,,,True,
1997,门头沟区,monotone_stock_proxy,1.0,MAIN,,,16.8,0.49411764705882355,0.49411764705882355,3,B3,0.228597,0.11295381176470588,0.12391284705882354,0.250776,10.5,13.0,16.5,79,False,,,,True,
1997,门头沟区,monotone_stock_proxy,1.0,MAIN,,,16.8,0.49411764705882355,0.49411764705882355,4,B4,0.022179,0.010959035294117648,0.010959035294117648,0.022179,14.0,17.0,22.0,79,False,,,,True,
1997,门头沟区,monotone_stock_proxy,1.0,MAIN,,,16.8,0.49411764705882355,0.49411764705882355,5,B5+,0.0,0.0,0.0,0.0,17.5,21.0,27.5,79,False,,,,True,
1998,门头沟区,monotone_stock_proxy,1.0,MAIN,,,17.2,0.5058823529411764,0.5058823529411764,1,B1,0.408381,0.20659274117647058,0.5058823529411764,1.0,3.5,5.0,5.5,79,False,,,,True,
1998,门头沟区,monotone_stock_proxy,1.0,MAIN,,,17.2,0.5058823529411764,0.5058823529411764,2,B2,0.340843,0.17242645882352942,0.29928961176470587,0.591619,7.0,9.0,11.0,79,False,,,,True,
1998,门头沟区,monotone_stock_proxy,1.0,MAIN,,,17.2,0.5058823529411764,0.5058823529411764,3,B3,0.228597,0.11564318823529411,0.12686315294117648,0.250776,10.5,13.0,16.5,79,False,,,,True,
1998,门头沟区,monotone_stock_proxy,1.0,MAIN,,,17.2,0.5058823529411764,0.5058823529411764,4,B4,0.022179,0.011219964705882353,0.011219964705882353,0.022179,14.0,17.0,22.0,79,False,,,,True,
1998,门头沟区,monotone_stock_proxy,1.0,MAIN,,,17.2,0.5058823529411764,0.5058823529411764,5,B5+,0.0,0.0,0.0,0.0,17.5,21.0,27.5,79,False,,,,True,
1999,门头沟区,monotone_stock_proxy,1.0,MAIN,,,17.6,0.5176470588235295,0.5176470588235295,1,B1,0.408381,0.2113972235294118,0.5176470588235295,1.0,3.5,5.0,5.5,79,False,,,,True,
1999,门头沟区,monotone_stock_proxy,1.0,MAIN,,,17.6,0.5176470588235295,0.5176470588235295,2,B2,0.340843,0.17643637647058827,0.3062498352941177,0.591619,7.0,9.0,11.0,79,False,,,,True,
1999,门头沟区,monotone_stock_proxy,1.0,MAIN,,,17.6,0.5176470588235295,0.5176470588235295,3,B3,0.228597,0.11833256470588237,0.12981345882352943,0.250776,10.5,13.0,16.5,79,False,,,,True,
1999,门头沟区,monotone_stock_proxy,1.0,MAIN,,,17.6,0.5176470588235295,0.5176470588235295,4,B4,0.022179,0.01148089411764706,0.01148089411764706,0.022179,14.0,17.0,22.0,79,False,,,,True,
1999,门头沟区,monotone_stock_proxy,1.0,MAIN,,,17.6,0.5176470588235295,0.5176470588235295,5,B5+,0.0,0.0,0.0,0.0,17.5,21.0,27.5,79,False,,,,True,
2000,门头沟区,monotone_stock_proxy,1.0,MAIN,18.0,18.0,18.0,0.5294117647058824,0.5294117647058824,1,B1,0.408381,0.21620170588235293,0.5294117647058824,1.0,3.5,5.0,5.5,79,False,,,,False,
2000,门头沟区,monotone_stock_proxy,1.0,MAIN,18.0,18.0,18.0,0.5294117647058824,0.5294117647058824,2,B2,0.340843,0.18044629411764707,0.3132100588235294,0.591619,7.0,9.0,11.0,79,False,,,,False,
2000,门头沟区,monotone_stock_proxy,1.0,MAIN,18.0,18.0,18.0,0.5294117647058824,0.5294117647058824,3,B3,0.228597,0.12102194117647058,0.13276376470588236,0.250776,10.5,13.0,16.5,79,False,,,,False,
2000,门头沟区,monotone_stock_proxy,1.0,MAIN,18.0,18.0,18.0,0.5294117647058824,0.5294117647058824,4,B4,0.022179,0.011741823529411765,0.011741823529411765,0.022179,14.0,17.0,22.0,79,False,,,,False,
2000,门头沟区,monotone_stock_proxy,1.0,MAIN,18.0,18.0,18.0,0.5294117647058824,0.5294117647058824,5,B5+,0.0,0.0,0.0,0.0,17.5,21.0,27.5,79,False,,,,False,
2001,门头沟区,monotone_stock_proxy,1.0,MAIN,,,20.2,0.5941176470588235,0.5941176470588235,1,B1,0.408381,0.2426263588235294,0.5941176470588235,1.0,3.5,5.0,5.5,79,False,,,,True,
2001,门头沟区,monotone_stock_proxy,1.0,MAIN,,,20.2,0.5941176470588235,0.5941176470588235,2,B2,0.340843,0.2025008411764706,0.35149128823529413,0.591619,7.0,9.0,11.0,79,False,,,,True,
2001,门头沟区,monotone_stock_proxy,1.0,MAIN,,,20.2,0.5941176470588235,0.5941176470588235,3,B3,0.228597,0.13581351176470588,0.14899044705882353,0.250776,10.5,13.0,16.5,79,False,,,,True,
2001,门头沟区,monotone_stock_proxy,1.0,MAIN,,,20.2,0.5941176470588235,0.5941176470588235,4,B4,0.022179,0.013176935294117648,0.013176935294117648,0.022179,14.0,17.0,22.0,79,False,,,,True,
2001,门头沟区,monotone_stock_proxy,1.0,MAIN,,,20.2,0.5941176470588235,0.5941176470588235,5,B5+,0.0,0.0,0.0,0.0,17.5,21.0,27.5,79,False,,,,True,
2002,门头沟区,monotone_stock_proxy,1.0,MAIN,,,22.4,0.6588235294117647,0.6588235294117647,1,B1,0.408381,0.26905101176470586,0.6588235294117647,1.0,3.5,5.0,5.5,79,False,,,,True,
2002,门头沟区,monotone_stock_proxy,1.0,MAIN,,,22.4,0.6588235294117647,0.6588235294117647,2,B2,0.340843,0.2245553882352941,0.38977251764705884,0.591619,7.0,9.0,11.0,79,False,,,,True,
2002,门头沟区,monotone_stock_proxy,1.0,MAIN,,,22.4,0.6588235294117647,0.6588235294117647,3,B3,0.228597,0.15060508235294118,0.1652171294117647,0.250776,10.5,13.0,16.5,79,False,,,,True,
2002,门头沟区,monotone_stock_proxy,1.0,MAIN,,,22.4,0.6588235294117647,0.6588235294117647,4,B4,0.022179,0.014612047058823529,0.014612047058823529,0.022179,14.0,17.0,22.0,79,False,,,,True,
2002,门头沟区,monotone_stock_proxy,1.0,MAIN,,,22.4,0.6588235294117647,0.6588235294117647,5,B5+,0.0,0.0,0.0,0.0,17.5,21.0,27.5,79,False,,,,True,
2003,门头沟区,monotone_stock_proxy,1.0,MAIN,,,24.6,0.723529411764706,0.7235294117647059,1,B1,0.408381,0.2954756647058823,0.7235294117647059,1.0,3.5,5.0,5.5,79,False,,,,True,
2003,门头沟区,monotone_stock_proxy,1.0,MAIN,,,24.6,0.723529411764706,0.7235294117647059,2,B2,0.340843,0.24660993529411765,0.42805374705882354,0.591619,7.0,9.0,11.0,79,False,,,,True,
2003,门头沟区,monotone_stock_proxy,1.0,MAIN,,,24.6,0.723529411764706,0.7235294117647059,3,B3,0.228597,0.16539665294117648,0.18144381176470586,0.250776,10.5,13.0,16.5,79,False,,,,True,
2003,门头沟区,monotone_stock_proxy,1.0,MAIN,,,24.6,0.723529411764706,0.7235294117647059,4,B4,0.022179,0.016047158823529414,0.016047158823529414,0.022179,14.0,17.0,22.0,79,False,,,,True,
2003,门头沟区,monotone_stock_proxy,1.0,MAIN,,,24.6,0.723529411764706,0.7235294117647059,5,B5+,0.0,0.0,0.0,0.0,17.5,21.0,27.5,79,False,,,,True,
2004,门头沟区,monotone_stock_proxy,1.0,MAIN,,,26.8,0.788235294117647,0.788235294117647,1,B1,0.408381,0.3219003176470588,0.788235294117647,1.0,3.5,5.0,5.5,79,False,,,,True,
2004,门头沟区,monotone_stock_proxy,1.0,MAIN,,,26.8,0.788235294117647,0.788235294117647,2,B2,0.340843,0.26866448235294116,0.46633497647058825,0.591619,7.0,9.0,11.0,79,False,,,,True,
2004,门头沟区,monotone_stock_proxy,1.0,MAIN,,,26.8,0.788235294117647,0.788235294117647,3,B3,0.228597,0.18018822352941175,0.19767049411764706,0.250776,10.5,13.0,16.5,79,False,,,,True,
2004,门头沟区,monotone_stock_proxy,1.0,MAIN,,,26.8,0.788235294117647,0.788235294117647,4,B4,0.022179,0.017482270588235295,0.017482270588235295,0.022179,14.0,17.0,22.0,79,False,,,,True,
2004,门头沟区,monotone_stock_proxy,1.0,MAIN,,,26.8,0.788235294117647,0.788235294117647,5,B5+,0.0,0.0,0.0,0.0,17.5,21.0,27.5,79,False,,,,True,
2005,门头沟区,monotone_stock_proxy,1.0,MAIN,29.0,29.0,29.0,0.8529411764705882,0.8529411764705882,1,B1,0.408381,0.34832497058823525,0.8529411764705882,1.0,3.5,5.0,5.5,79,False,,,,False,
2005,门头沟区,monotone_stock_proxy,1.0,MAIN,29.0,29.0,29.0,0.8529411764705882,0.8529411764705882,2,B2,0.340843,0.2907190294117647,0.5046162058823529,0.591619,7.0,9.0,11.0,79,False,,,,False,
2005,门头沟区,monotone_stock_proxy,1.0,MAIN,29.0,29.0,29.0,0.8529411764705882,0.8529411764705882,3,B3,0.228597,0.19497979411764704,0.21389717647058823,0.250776,10.5,13.0,16.5,79,False,,,,False,
2005,门头沟区,monotone_stock_proxy,1.0,MAIN,29.0,29.0,29.0,0.8529411764705882,0.8529411764705882,4,B4,0.022179,0.018917382352941176,0.018917382352941176,0.022179,14.0,17.0,22.0,79,False,,,,False,
2005,门头沟区,monotone_stock_proxy,1.0,MAIN,29.0,29.0,29.0,0.8529411764705882,0.8529411764705882,5,B5+,0.0,0.0,0.0,0.0,17.5,21.0,27.5,79,False,,,,False,
2006,门头沟区,monotone_stock_proxy,1.0,MAIN,,,29.2,0.8588235294117647,0.8588235294117647,1,B1,0.408381,0.35072721176470584,0.8588235294117647,1.0,3.5,5.0,5.5,79,False,,,,True,
2006,门头沟区,monotone_stock_proxy,1.0,MAIN,,,29.2,0.8588235294117647,0.8588235294117647,2,B2,0.340843,0.2927239882352941,0.5080963176470588,0.591619,7.0,9.0,11.0,79,False,,,,True,
2006,门头沟区,monotone_stock_proxy,1.0,MAIN,,,29.2,0.8588235294117647,0.8588235294117647,3,B3,0.228597,0.19632448235294117,0.21537232941176468,0.250776,10.5,13.0,16.5,79,False,,,,True,
2006,门头沟区,monotone_stock_proxy,1.0,MAIN,,,29.2,0.8588235294117647,0.8588235294117647,4,B4,0.022179,0.01904784705882353,0.01904784705882353,0.022179,14.0,17.0,22.0,79,False,,,,True,
2006,门头沟区,monotone_stock_proxy,1.0,MAIN,,,29.2,0.8588235294117647,0.8588235294117647,5,B5+,0.0,0.0,0.0,0.0,17.5,21.0,27.5,79,False,,,,True,
2007,门头沟区,monotone_stock_proxy,1.0,MAIN,,,29.4,0.8647058823529411,0.8647058823529411,1,B1,0.408381,0.3531294529411764,0.8647058823529411,1.0,3.5,5.0,5.5,79,False,,,,True,
2007,门头沟区,monotone_stock_proxy,1.0,MAIN,,,29.4,0.8647058823529411,0.8647058823529411,2,B2,0.340843,0.2947289470588235,0.5115764294117646,0.591619,7.0,9.0,11.0,79,False,,,,True,
2007,门头沟区,monotone_stock_proxy,1.0,MAIN,,,29.4,0.8647058823529411,0.8647058823529411,3,B3,0.228597,0.19766917058823527,0.21684748235294116,0.250776,10.5,13.0,16.5,79,False,,,,True,
2007,门头沟区,monotone_stock_proxy,1.0,MAIN,,,29.4,0.8647058823529411,0.8647058823529411,4,B4,0.022179,0.019178311764705882,0.019178311764705882,0.022179,14.0,17.0,22.0,79,False,,,,True,
2007,门头沟区,monotone_stock_proxy,1.0,MAIN,,,29.4,0.8647058823529411,0.8647058823529411,5,B5+,0.0,0.0,0.0,0.0,17.5,21.0,27.5,79,False,,,,True,
2008,门头沟区,monotone_stock_proxy,1.0,MAIN,,,29.6,0.8705882352941177,0.8705882352941177,1,B1,0.408381,0.35553169411764707,0.8705882352941177,1.0,3.5,5.0,5.5,79,False,,,,True,
2008,门头沟区,monotone_stock_proxy,1.0,MAIN,,,29.6,0.8705882352941177,0.8705882352941177,2,B2,0.340843,0.29673390588235293,0.5150565411764706,0.591619,7.0,9.0,11.0,79,False,,,,True,
2008,门头沟区,monotone_stock_proxy,1.0,MAIN,,,29.6,0.8705882352941177,0.8705882352941177,3,B3,0.228597,0.1990138588235294,0.21832263529411766,0.250776,10.5,13.0,16.5,79,False,,,,True,
2008,门头沟区,monotone_stock_proxy,1.0,MAIN,,,29.6,0.8705882352941177,0.8705882352941177,4,B4,0.022179,0.019308776470588235,0.019308776470588235,0.022179,14.0,17.0,22.0,79,False,,,,True,
2008,门头沟区,monotone_stock_proxy,1.0,MAIN,,,29.6,0.8705882352941177,0.8705882352941177,5,B5+,0.0,0.0,0.0,0.0,17.5,21.0,27.5,79,False,,,,True,
2009,门头沟区,monotone_stock_proxy,1.0,MAIN,,,29.8,0.8764705882352941,0.8764705882352941,1,B1,0.408381,0.35793393529411766,0.8764705882352941,1.0,3.5,5.0,5.5,79,False,,,,True,
2009,门头沟区,monotone_stock_proxy,1.0,MAIN,,,29.8,0.8764705882352941,0.8764705882352941,2,B2,0.340843,0.29873886470588235,0.5185366529411765,0.591619,7.0,9.0,11.0,79,False,,,,True,
2009,门头沟区,monotone_stock_proxy,1.0,MAIN,,,29.8,0.8764705882352941,0.8764705882352941,3,B3,0.228597,0.20035854705882353,0.2197977882352941,0.250776,10.5,13.0,16.5,79,False,,,,True,
2009,门头沟区,monotone_stock_proxy,1.0,MAIN,,,29.8,0.8764705882352941,0.8764705882352941,4,B4,0.022179,0.019439241176470588,0.019439241176470588,0.022179,14.0,17.0,22.0,79,False,,,,True,
2009,门头沟区,monotone_stock_proxy,1.0,MAIN,,,29.8,0.8764705882352941,0.8764705882352941,5,B5+,0.0,0.0,0.0,0.0,17.5,21.0,27.5,79,False,,,,True,
2010,门头沟区,monotone_stock_proxy,1.0,MAIN,30.0,30.0,30.0,0.8823529411764706,0.8823529411764706,1,B1,0.408381,0.36033617647058824,0.8823529411764706,1.0,3.5,5.0,5.5,79,False,,,,False,
2010,门头沟区,monotone_stock_proxy,1.0,MAIN,30.0,30.0,30.0,0.8823529411764706,0.8823529411764706,2,B2,0.340843,0.30074382352941176,0.5220167647058823,0.591619,7.0,9.0,11.0,79,False,,,,False,
2010,门头沟区,monotone_stock_proxy,1.0,MAIN,30.0,30.0,30.0,0.8823529411764706,0.8823529411764706,3,B3,0.228597,0.20170323529411763,0.2212729411764706,0.250776,10.5,13.0,16.5,79,False,,,,False,
2010,门头沟区,monotone_stock_proxy,1.0,MAIN,30.0,30.0,30.0,0.8823529411764706,0.8823529411764706,4,B4,0.022179,0.01956970588235294,0.01956970588235294,0.022179,14.0,17.0,22.0,79,False,,,,False,
2010,门头沟区,monotone_stock_proxy,1.0,MAIN,30.0,30.0,30.0,0.8823529411764706,0.8823529411764706,5,B5+,0.0,0.0,0.0,0.0,17.5,21.0,27.5,79,False,,,,False,
2011,门头沟区,monotone_stock_proxy,1.0,MAIN,,,30.8,0.9058823529411765,0.9058823529411765,1,B1,0.408381,0.3699451411764706,0.9058823529411765,1.0,3.5,5.0,5.5,79,False,,,,True,
2011,门头沟区,monotone_stock_proxy,1.0,MAIN,,,30.8,0.9058823529411765,0.9058823529411765,2,B2,0.340843,0.3087636588235294,0.5359372117647059,0.591619,7.0,9.0,11.0,79,False,,,,True,
2011,门头沟区,monotone_stock_proxy,1.0,MAIN,,,30.8,0.9058823529411765,0.9058823529411765,3,B3,0.228597,0.2070819882352941,0.22717355294117647,0.250776,10.5,13.0,16.5,79,False,,,,True,
2011,门头沟区,monotone_stock_proxy,1.0,MAIN,,,30.8,0.9058823529411765,0.9058823529411765,4,B4,0.022179,0.020091564705882355,0.020091564705882355,0.022179,14.0,17.0,22.0,79,False,,,,True,
2011,门头沟区,monotone_stock_proxy,1.0,MAIN,,,30.8,0.9058823529411765,0.9058823529411765,5,B5+,0.0,0.0,0.0,0.0,17.5,21.0,27.5,79,False,,,,True,
2012,门头沟区,monotone_stock_proxy,1.0,MAIN,,,31.6,0.9294117647058824,0.9294117647058824,1,B1,0.408381,0.37955410588235294,0.9294117647058824,1.0,3.5,5.0,5.5,79,False,,,,True,
2012,门头沟区,monotone_stock_proxy,1.0,MAIN,,,31.6,0.9294117647058824,0.9294117647058824,2,B2,0.340843,0.31678349411764706,0.5498576588235294,0.591619,7.0,9.0,11.0,79,False,,,,True,
2012,门头沟区,monotone_stock_proxy,1.0,MAIN,,,31.6,0.9294117647058824,0.9294117647058824,3,B3,0.228597,0.2124607411764706,0.23307416470588235,0.250776,10.5,13.0,16.5,79,False,,,,True,
2012,门头沟区,monotone_stock_proxy,1.0,MAIN,,,31.6,0.9294117647058824,0.9294117647058824,4,B4,0.022179,0.020613423529411767,0.020613423529411767,0.022179,14.0,17.0,22.0,79,False,,,,True,
2012,门头沟区,monotone_stock_proxy,1.0,MAIN,,,31.6,0.9294117647058824,0.9294117647058824,5,B5+,0.0,0.0,0.0,0.0,17.5,21.0,27.5,79,False,,,,True,
2013,门头沟区,monotone_stock_proxy,1.0,MAIN,,,32.4,0.9529411764705882,0.9529411764705882,1,B1,0.408381,0.3891630705882353,0.9529411764705882,1.0,3.5,5.0,5.5,79,False,,,,True,
2013,门头沟区,monotone_stock_proxy,1.0,MAIN,,,32.4,0.9529411764705882,0.9529411764705882,2,B2,0.340843,0.3248033294117647,0.5637781058823529,0.591619,7.0,9.0,11.0,79,False,,,,True,
2013,门头沟区,monotone_stock_proxy,1.0,MAIN,,,32.4,0.9529411764705882,0.9529411764705882,3,B3,0.228597,0.21783949411764705,0.2389747764705882,0.250776,10.5,13.0,16.5,79,False,,,,True,
2013,门头沟区,monotone_stock_proxy,1.0,MAIN,,,32.4,0.9529411764705882,0.9529411764705882,4,B4,0.022179,0.021135282352941175,0.021135282352941175,0.022179,14.0,17.0,22.0,79,False,,,,True,
2013,门头沟区,monotone_stock_proxy,1.0,MAIN,,,32.4,0.9529411764705882,0.9529411764705882,5,B5+,0.0,0.0,0.0,0.0,17.5,21.0,27.5,79,False,,,,True,
2014,门头沟区,monotone_stock_proxy,1.0,MAIN,,,33.2,0.9764705882352942,0.9764705882352941,1,B1,0.408381,0.39877203529411764,0.9764705882352941,1.0,3.5,5.0,5.5,79,False,,,,True,
2014,门头沟区,monotone_stock_proxy,1.0,MAIN,,,33.2,0.9764705882352942,0.9764705882352941,2,B2,0.340843,0.33282316470588236,0.5776985529411764,0.591619,7.0,9.0,11.0,79,False,,,,True,
2014,门头沟区,monotone_stock_proxy,1.0,MAIN,,,33.2,0.9764705882352942,0.9764705882352941,3,B3,0.228597,0.2232182470588235,0.24487538823529412,0.250776,10.5,13.0,16.5,79,False,,,,True,
2014,门头沟区,monotone_stock_proxy,1.0,MAIN,,,33.2,0.9764705882352942,0.9764705882352941,4,B4,0.022179,0.02165714117647059,0.02165714117647059,0.022179,14.0,17.0,22.0,79,False,,,,True,
2014,门头沟区,monotone_stock_proxy,1.0,MAIN,,,33.2,0.9764705882352942,0.9764705882352941,5,B5+,0.0,0.0,0.0,0.0,17.5,21.0,27.5,79,False,,,,True,
2015,门头沟区,monotone_stock_proxy,1.0,MAIN,34.0,34.0,34.0,1.0,1.0,1,B1,0.408381,0.408381,1.0,1.0,3.5,5.0,5.5,79,False,,,,False,
2015,门头沟区,monotone_stock_proxy,1.0,MAIN,34.0,34.0,34.0,1.0,1.0,2,B2,0.340843,0.340843,0.591619,0.591619,7.0,9.0,11.0,79,False,,,,False,
2015,门头沟区,monotone_stock_proxy,1.0,MAIN,34.0,34.0,34.0,1.0,1.0,3,B3,0.228597,0.228597,0.250776,0.250776,10.5,13.0,16.5,79,False,,,,False,
2015,门头沟区,monotone_stock_proxy,1.0,MAIN,34.0,34.0,34.0,1.0,1.0,4,B4,0.022179,0.022179,0.022179,0.022179,14.0,17.0,22.0,79,False,,,,False,
2015,门头沟区,monotone_stock_proxy,1.0,MAIN,34.0,34.0,34.0,1.0,1.0,5,B5+,0.0,0.0,0.0,0.0,17.5,21.0,27.5,79,False,,,,False,
2016,门头沟区,monotone_stock_proxy,1.0,MAIN,,,34.0,1.0,1.0,1,B1,0.408381,0.408381,1.0,1.0,3.5,5.0,5.5,79,False,,,,True,
2016,门头沟区,monotone_stock_proxy,1.0,MAIN,,,34.0,1.0,1.0,2,B2,0.340843,0.340843,0.591619,0.591619,7.0,9.0,11.0,79,False,,,,True,
2016,门头沟区,monotone_stock_proxy,1.0,MAIN,,,34.0,1.0,1.0,3,B3,0.228597,0.228597,0.250776,0.250776,10.5,13.0,16.5,79,False,,,,True,
2016,门头沟区,monotone_stock_proxy,1.0,MAIN,,,34.0,1.0,1.0,4,B4,0.022179,0.022179,0.022179,0.022179,14.0,17.0,22.0,79,False,,,,True,
2016,门头沟区,monotone_stock_proxy,1.0,MAIN,,,34.0,1.0,1.0,5,B5+,0.0,0.0,0.0,0.0,17.5,21.0,27.5,79,False,,,,True,
2017,门头沟区,monotone_stock_proxy,1.0,MAIN,,,34.0,1.0,1.0,1,B1,0.408381,0.408381,1.0,1.0,3.5,5.0,5.5,79,False,,,,True,
2017,门头沟区,monotone_stock_proxy,1.0,MAIN,,,34.0,1.0,1.0,2,B2,0.340843,0.340843,0.591619,0.591619,7.0,9.0,11.0,79,False,,,,True,
2017,门头沟区,monotone_stock_proxy,1.0,MAIN,,,34.0,1.0,1.0,3,B3,0.228597,0.228597,0.250776,0.250776,10.5,13.0,16.5,79,False,,,,True,
2017,门头沟区,monotone_stock_proxy,1.0,MAIN,,,34.0,1.0,1.0,4,B4,0.022179,0.022179,0.022179,0.022179,14.0,17.0,22.0,79,False,,,,True,
2017,门头沟区,monotone_stock_proxy,1.0,MAIN,,,34.0,1.0,1.0,5,B5+,0.0,0.0,0.0,0.0,17.5,21.0,27.5,79,False,,,,True,
2018,门头沟区,monotone_stock_proxy,1.0,MAIN,,,34.0,1.0,1.0,1,B1,0.408381,0.408381,1.0,1.0,3.5,5.0,5.5,79,False,,,,True,
2018,门头沟区,monotone_stock_proxy,1.0,MAIN,,,34.0,1.0,1.0,2,B2,0.340843,0.340843,0.591619,0.591619,7.0,9.0,11.0,79,False,,,,True,
2018,门头沟区,monotone_stock_proxy,1.0,MAIN,,,34.0,1.0,1.0,3,B3,0.228597,0.228597,0.250776,0.250776,10.5,13.0,16.5,79,False,,,,True,
2018,门头沟区,monotone_stock_proxy,1.0,MAIN,,,34.0,1.0,1.0,4,B4,0.022179,0.022179,0.022179,0.022179,14.0,17.0,22.0,79,False,,,,True,
2018,门头沟区,monotone_stock_proxy,1.0,MAIN,,,34.0,1.0,1.0,5,B5+,0.0,0.0,0.0,0.0,17.5,21.0,27.5,79,False,,,,True,
2019,门头沟区,monotone_stock_proxy,1.0,MAIN,,,34.0,1.0,1.0,1,B1,0.408381,0.408381,1.0,1.0,3.5,5.0,5.5,79,False,,,,True,
2019,门头沟区,monotone_stock_proxy,1.0,MAIN,,,34.0,1.0,1.0,2,B2,0.340843,0.340843,0.591619,0.591619,7.0,9.0,11.0,79,False,,,,True,
2019,门头沟区,monotone_stock_proxy,1.0,MAIN,,,34.0,1.0,1.0,3,B3,0.228597,0.228597,0.250776,0.250776,10.5,13.0,16.5,79,False,,,,True,
2019,门头沟区,monotone_stock_proxy,1.0,MAIN,,,34.0,1.0,1.0,4,B4,0.022179,0.022179,0.022179,0.022179,14.0,17.0,22.0,79,False,,,,True,
2019,门头沟区,monotone_stock_proxy,1.0,MAIN,,,34.0,1.0,1.0,5,B5+,0.0,0.0,0.0,0.0,17.5,21.0,27.5,79,False,,,,True,
2020,门头沟区,monotone_stock_proxy,1.0,MAIN,16.0,34.0,34.0,1.0,1.0,1,B1,0.408381,0.408381,1.0,1.0,3.5,5.0,5.5,79,False,,,,False,
2020,门头沟区,monotone_stock_proxy,1.0,MAIN,16.0,34.0,34.0,1.0,1.0,2,B2,0.340843,0.340843,0.591619,0.591619,7.0,9.0,11.0,79,False,,,,False,
2020,门头沟区,monotone_stock_proxy,1.0,MAIN,16.0,34.0,34.0,1.0,1.0,3,B3,0.228597,0.228597,0.250776,0.250776,10.5,13.0,16.5,79,False,,,,False,
2020,门头沟区,monotone_stock_proxy,1.0,MAIN,16.0,34.0,34.0,1.0,1.0,4,B4,0.022179,0.022179,0.022179,0.022179,14.0,17.0,22.0,79,False,,,,False,
2020,门头沟区,monotone_stock_proxy,1.0,MAIN,16.0,34.0,34.0,1.0,1.0,5,B5+,0.0,0.0,0.0,0.0,17.5,21.0,27.5,79,False,,,,False,
1980,顺义区,monotone_stock_proxy,1.0,MAIN,7.0,7.0,7.0,0.16666666666666666,0.16666666666666666,1,B1,0.71489,0.11914833333333333,0.16666666666666666,1.0,3.5,5.0,5.5,197,False,,,,False,
1980,顺义区,monotone_stock_proxy,1.0,MAIN,7.0,7.0,7.0,0.16666666666666666,0.16666666666666666,2,B2,0.26725,0.04454166666666666,0.04751833333333333,0.28511,7.0,9.0,11.0,197,False,,,,False,
1980,顺义区,monotone_stock_proxy,1.0,MAIN,7.0,7.0,7.0,0.16666666666666666,0.16666666666666666,3,B3,0.01786,0.0029766666666666665,0.0029766666666666665,0.01786,10.5,13.0,16.5,197,False,,,,False,
1980,顺义区,monotone_stock_proxy,1.0,MAIN,7.0,7.0,7.0,0.16666666666666666,0.16666666666666666,4,B4,0.0,0.0,0.0,0.0,14.0,17.0,22.0,197,False,,,,False,
1980,顺义区,monotone_stock_proxy,1.0,MAIN,7.0,7.0,7.0,0.16666666666666666,0.16666666666666666,5,B5+,0.0,0.0,0.0,0.0,17.5,21.0,27.5,197,False,,,,False,
1981,顺义区,monotone_stock_proxy,1.0,MAIN,,,7.6,0.18095238095238095,0.18095238095238095,1,B1,0.71489,0.12936104761904763,0.18095238095238095,1.0,3.5,5.0,5.5,197,False,,,,True,
1981,顺义区,monotone_stock_proxy,1.0,MAIN,,,7.6,0.18095238095238095,0.18095238095238095,2,B2,0.26725,0.048359523809523804,0.05159133333333333,0.28511,7.0,9.0,11.0,197,False,,,,True,
1981,顺义区,monotone_stock_proxy,1.0,MAIN,,,7.6,0.18095238095238095,0.18095238095238095,3,B3,0.01786,0.003231809523809524,0.003231809523809524,0.01786,10.5,13.0,16.5,197,False,,,,True,
1981,顺义区,monotone_stock_proxy,1.0,MAIN,,,7.6,0.18095238095238095,0.18095238095238095,4,B4,0.0,0.0,0.0,0.0,14.0,17.0,22.0,197,False,,,,True,
1981,顺义区,monotone_stock_proxy,1.0,MAIN,,,7.6,0.18095238095238095,0.18095238095238095,5,B5+,0.0,0.0,0.0,0.0,17.5,21.0,27.5,197,False,,,,True,
1982,顺义区,monotone_stock_proxy,1.0,MAIN,,,8.2,0.1952380952380952,0.19523809523809524,1,B1,0.71489,0.13957376190476192,0.19523809523809524,1.0,3.5,5.0,5.5,197,False,,,,True,
1982,顺义区,monotone_stock_proxy,1.0,MAIN,,,8.2,0.1952380952380952,0.19523809523809524,2,B2,0.26725,0.05217738095238095,0.05566433333333333,0.28511,7.0,9.0,11.0,197,False,,,,True,
1982,顺义区,monotone_stock_proxy,1.0,MAIN,,,8.2,0.1952380952380952,0.19523809523809524,3,B3,0.01786,0.003486952380952381,0.003486952380952381,0.01786,10.5,13.0,16.5,197,False,,,,True,
1982,顺义区,monotone_stock_proxy,1.0,MAIN,,,8.2,0.1952380952380952,0.19523809523809524,4,B4,0.0,0.0,0.0,0.0,14.0,17.0,22.0,197,False,,,,True,
1982,顺义区,monotone_stock_proxy,1.0,MAIN,,,8.2,0.1952380952380952,0.19523809523809524,5,B5+,0.0,0.0,0.0,0.0,17.5,21.0,27.5,197,False,,,,True,
1983,顺义区,monotone_stock_proxy,1.0,MAIN,,,8.8,0.20952380952380953,0.20952380952380953,1,B1,0.71489,0.1497864761904762,0.20952380952380953,1.0,3.5,5.0,5.5,197,False,,,,True,
1983,顺义区,monotone_stock_proxy,1.0,MAIN,,,8.8,0.20952380952380953,0.20952380952380953,2,B2,0.26725,0.05599523809523809,0.05973733333333333,0.28511,7.0,9.0,11.0,197,False,,,,True,
1983,顺义区,monotone_stock_proxy,1.0,MAIN,,,8.8,0.20952380952380953,0.20952380952380953,3,B3,0.01786,0.0037420952380952384,0.0037420952380952384,0.01786,10.5,13.0,16.5,197,False,,,,True,
1983,顺义区,monotone_stock_proxy,1.0,MAIN,,,8.8,0.20952380952380953,0.20952380952380953,4,B4,0.0,0.0,0.0,0.0,14.0,17.0,22.0,197,False,,,,True,
1983,顺义区,monotone_stock_proxy,1.0,MAIN,,,8.8,0.20952380952380953,0.20952380952380953,5,B5+,0.0,0.0,0.0,0.0,17.5,21.0,27.5,197,False,,,,True,
1984,顺义区,monotone_stock_proxy,1.0,MAIN,,,9.4,0.22380952380952382,0.22380952380952382,1,B1,0.71489,0.1599991904761905,0.22380952380952382,1.0,3.5,5.0,5.5,197,False,,,,True,
1984,顺义区,monotone_stock_proxy,1.0,MAIN,,,9.4,0.22380952380952382,0.22380952380952382,2,B2,0.26725,0.059813095238095235,0.06381033333333333,0.28511,7.0,9.0,11.0,197,False,,,,True,
1984,顺义区,monotone_stock_proxy,1.0,MAIN,,,9.4,0.22380952380952382,0.22380952380952382,3,B3,0.01786,0.003997238095238095,0.003997238095238095,0.01786,10.5,13.0,16.5,197,False,,,,True,
1984,顺义区,monotone_stock_proxy,1.0,MAIN,,,9.4,0.22380952380952382,0.22380952380952382,4,B4,0.0,0.0,0.0,0.0,14.0,17.0,22.0,197,False,,,,True,
1984,顺义区,monotone_stock_proxy,1.0,MAIN,,,9.4,0.22380952380952382,0.22380952380952382,5,B5+,0.0,0.0,0.0,0.0,17.5,21.0,27.5,197,False,,,,True,
1985,顺义区,monotone_stock_proxy,1.0,MAIN,,,10.0,0.23809523809523808,0.23809523809523808,1,B1,0.71489,0.17021190476190476,0.23809523809523808,1.0,3.5,5.0,5.5,197,False,,,,True,
1985,顺义区,monotone_stock_proxy,1.0,MAIN,,,10.0,0.23809523809523808,0.23809523809523808,2,B2,0.26725,0.06363095238095237,0.06788333333333332,0.28511,7.0,9.0,11.0,197,False,,,,True,
1985,顺义区,monotone_stock_proxy,1.0,MAIN,,,10.0,0.23809523809523808,0.23809523809523808,3,B3,0.01786,0.004252380952380952,0.004252380952380952,0.01786,10.5,13.0,16.5,197,False,,,,True,
1985,顺义区,monotone_stock_proxy,1.0,MAIN,,,10.0,0.23809523809523808,0.23809523809523808,4,B4,0.0,0.0,0.0,0.0,14.0,17.0,22.0,197,False,,,,True,
1985,顺义区,monotone_stock_proxy,1.0,MAIN,,,10.0,0.23809523809523808,0.23809523809523808,5,B5+,0.0,0.0,0.0,0.0,17.5,21.0,27.5,197,False,,,,True,
1986,顺义区,monotone_stock_proxy,1.0,MAIN,,,10.6,0.2523809523809524,0.2523809523809524,1,B1,0.71489,0.18042461904761906,0.2523809523809524,1.0,3.5,5.0,5.5,197,False,,,,True,
1986,顺义区,monotone_stock_proxy,1.0,MAIN,,,10.6,0.2523809523809524,0.2523809523809524,2,B2,0.26725,0.06744880952380952,0.07195633333333333,0.28511,7.0,9.0,11.0,197,False,,,,True,
1986,顺义区,monotone_stock_proxy,1.0,MAIN,,,10.6,0.2523809523809524,0.2523809523809524,3,B3,0.01786,0.004507523809523809,0.004507523809523809,0.01786,10.5,13.0,16.5,197,False,,,,True,
1986,顺义区,monotone_stock_proxy,1.0,MAIN,,,10.6,0.2523809523809524,0.2523809523809524,4,B4,0.0,0.0,0.0,0.0,14.0,17.0,22.0,197,False,,,,True,
1986,顺义区,monotone_stock_proxy,1.0,MAIN,,,10.6,0.2523809523809524,0.2523809523809524,5,B5+,0.0,0.0,0.0,0.0,17.5,21.0,27.5,197,False,,,,True,
1987,顺义区,monotone_stock_proxy,1.0,MAIN,,,11.2,0.26666666666666666,0.26666666666666666,1,B1,0.71489,0.19063733333333333,0.26666666666666666,1.0,3.5,5.0,5.5,197,False,,,,True,
1987,顺义区,monotone_stock_proxy,1.0,MAIN,,,11.2,0.26666666666666666,0.26666666666666666,2,B2,0.26725,0.07126666666666666,0.07602933333333332,0.28511,7.0,9.0,11.0,197,False,,,,True,
1987,顺义区,monotone_stock_proxy,1.0,MAIN,,,11.2,0.26666666666666666,0.26666666666666666,3,B3,0.01786,0.004762666666666667,0.004762666666666667,0.01786,10.5,13.0,16.5,197,False,,,,True,
1987,顺义区,monotone_stock_proxy,1.0,MAIN,,,11.2,0.26666666666666666,0.26666666666666666,4,B4,0.0,0.0,0.0,0.0,14.0,17.0,22.0,197,False,,,,True,
1987,顺义区,monotone_stock_proxy,1.0,MAIN,,,11.2,0.26666666666666666,0.26666666666666666,5,B5+,0.0,0.0,0.0,0.0,17.5,21.0,27.5,197,False,,,,True,
1988,顺义区,monotone_stock_proxy,1.0,MAIN,,,11.8,0.28095238095238095,0.28095238095238095,1,B1,0.71489,0.20085004761904762,0.28095238095238095,1.0,3.5,5.0,5.5,197,False,,,,True,
1988,顺义区,monotone_stock_proxy,1.0,MAIN,,,11.8,0.28095238095238095,0.28095238095238095,2,B2,0.26725,0.07508452380952381,0.08010233333333333,0.28511,7.0,9.0,11.0,197,False,,,,True,
1988,顺义区,monotone_stock_proxy,1.0,MAIN,,,11.8,0.28095238095238095,0.28095238095238095,3,B3,0.01786,0.005017809523809524,0.005017809523809524,0.01786,10.5,13.0,16.5,197,False,,,,True,
1988,顺义区,monotone_stock_proxy,1.0,MAIN,,,11.8,0.28095238095238095,0.28095238095238095,4,B4,0.0,0.0,0.0,0.0,14.0,17.0,22.0,197,False,,,,True,
1988,顺义区,monotone_stock_proxy,1.0,MAIN,,,11.8,0.28095238095238095,0.28095238095238095,5,B5+,0.0,0.0,0.0,0.0,17.5,21.0,27.5,197,False,,,,True,
1989,顺义区,monotone_stock_proxy,1.0,MAIN,,,12.4,0.29523809523809524,0.29523809523809524,1,B1,0.71489,0.21106276190476192,0.29523809523809524,1.0,3.5,5.0,5.5,197,False,,,,True,
1989,顺义区,monotone_stock_proxy,1.0,MAIN,,,12.4,0.29523809523809524,0.29523809523809524,2,B2,0.26725,0.07890238095238095,0.08417533333333332,0.28511,7.0,9.0,11.0,197,False,,,,True,
1989,顺义区,monotone_stock_proxy,1.0,MAIN,,,12.4,0.29523809523809524,0.29523809523809524,3,B3,0.01786,0.005272952380952382,0.005272952380952382,0.01786,10.5,13.0,16.5,197,False,,,,True,
1989,顺义区,monotone_stock_proxy,1.0,MAIN,,,12.4,0.29523809523809524,0.29523809523809524,4,B4,0.0,0.0,0.0,0.0,14.0,17.0,22.0,197,False,,,,True,
1989,顺义区,monotone_stock_proxy,1.0,MAIN,,,12.4,0.29523809523809524,0.29523809523809524,5,B5+,0.0,0.0,0.0,0.0,17.5,21.0,27.5,197,False,,,,True,
1990,顺义区,monotone_stock_proxy,1.0,MAIN,13.0,13.0,13.0,0.30952380952380953,0.30952380952380953,1,B1,0.71489,0.22127547619047622,0.30952380952380953,1.0,3.5,5.0,5.5,197,False,,,,False,
1990,顺义区,monotone_stock_proxy,1.0,MAIN,13.0,13.0,13.0,0.30952380952380953,0.30952380952380953,2,B2,0.26725,0.0827202380952381,0.08824833333333333,0.28511,7.0,9.0,11.0,197,False,,,,False,
1990,顺义区,monotone_stock_proxy,1.0,MAIN,13.0,13.0,13.0,0.30952380952380953,0.30952380952380953,3,B3,0.01786,0.005528095238095238,0.005528095238095238,0.01786,10.5,13.0,16.5,197,False,,,,False,
1990,顺义区,monotone_stock_proxy,1.0,MAIN,13.0,13.0,13.0,0.30952380952380953,0.30952380952380953,4,B4,0.0,0.0,0.0,0.0,14.0,17.0,22.0,197,False,,,,False,
1990,顺义区,monotone_stock_proxy,1.0,MAIN,13.0,13.0,13.0,0.30952380952380953,0.30952380952380953,5,B5+,0.0,0.0,0.0,0.0,17.5,21.0,27.5,197,False,,,,False,
1991,顺义区,monotone_stock_proxy,1.0,MAIN,,,18.2,0.4333333333333333,0.43333333333333335,1,B1,0.71489,0.3097856666666667,0.43333333333333335,1.0,3.5,5.0,5.5,197,False,,,,True,
1991,顺义区,monotone_stock_proxy,1.0,MAIN,,,18.2,0.4333333333333333,0.43333333333333335,2,B2,0.26725,0.11580833333333333,0.12354766666666667,0.28511,7.0,9.0,11.0,197,False,,,,True,
1991,顺义区,monotone_stock_proxy,1.0,MAIN,,,18.2,0.4333333333333333,0.43333333333333335,3,B3,0.01786,0.007739333333333334,0.007739333333333334,0.01786,10.5,13.0,16.5,197,False,,,,True,
1991,顺义区,monotone_stock_proxy,1.0,MAIN,,,18.2,0.4333333333333333,0.43333333333333335,4,B4,0.0,0.0,0.0,0.0,14.0,17.0,22.0,197,False,,,,True,
1991,顺义区,monotone_stock_proxy,1.0,MAIN,,,18.2,0.4333333333333333,0.43333333333333335,5,B5+,0.0,0.0,0.0,0.0,17.5,21.0,27.5,197,False,,,,True,
1992,顺义区,monotone_stock_proxy,1.0,MAIN,,,23.4,0.5571428571428572,0.5571428571428572,1,B1,0.71489,0.39829585714285715,0.5571428571428572,1.0,3.5,5.0,5.5,197,False,,,,True,
1992,顺义区,monotone_stock_proxy,1.0,MAIN,,,23.4,0.5571428571428572,0.5571428571428572,2,B2,0.26725,0.14889642857142857,0.158847,0.28511,7.0,9.0,11.0,197,False,,,,True,
1992,顺义区,monotone_stock_proxy,1.0,MAIN,,,23.4,0.5571428571428572,0.5571428571428572,3,B3,0.01786,0.00995057142857143,0.00995057142857143,0.01786,10.5,13.0,16.5,197,False,,,,True,
1992,顺义区,monotone_stock_proxy,1.0,MAIN,,,23.4,0.5571428571428572,0.5571428571428572,4,B4,0.0,0.0,0.0,0.0,14.0,17.0,22.0,197,False,,,,True,
1992,顺义区,monotone_stock_proxy,1.0,MAIN,,,23.4,0.5571428571428572,0.5571428571428572,5,B5+,0.0,0.0,0.0,0.0,17.5,21.0,27.5,197,False,,,,True,
1993,顺义区,monotone_stock_proxy,1.0,MAIN,,,28.6,0.680952380952381,0.680952380952381,1,B1,0.71489,0.48680604761904767,0.680952380952381,1.0,3.5,5.0,5.5,197,False,,,,True,
1993,顺义区,monotone_stock_proxy,1.0,MAIN,,,28.6,0.680952380952381,0.680952380952381,2,B2,0.26725,0.18198452380952382,0.1941463333333333,0.28511,7.0,9.0,11.0,197,False,,,,True,
1993,顺义区,monotone_stock_proxy,1.0,MAIN,,,28.6,0.680952380952381,0.680952380952381,3,B3,0.01786,0.012161809523809524,0.012161809523809524,0.01786,10.5,13.0,16.5,197,False,,,,True,
1993,顺义区,monotone_stock_proxy,1.0,MAIN,,,28.6,0.680952380952381,0.680952380952381,4,B4,0.0,0.0,0.0,0.0,14.0,17.0,22.0,197,False,,,,True,
1993,顺义区,monotone_stock_proxy,1.0,MAIN,,,28.6,0.680952380952381,0.680952380952381,5,B5+,0.0,0.0,0.0,0.0,17.5,21.0,27.5,197,False,,,,True,
1994,顺义区,monotone_stock_proxy,1.0,MAIN,,,33.8,0.8047619047619047,0.8047619047619048,1,B1,0.71489,0.5753162380952381,0.8047619047619048,1.0,3.5,5.0,5.5,197,False,,,,True,
1994,顺义区,monotone_stock_proxy,1.0,MAIN,,,33.8,0.8047619047619047,0.8047619047619048,2,B2,0.26725,0.21507261904761904,0.22944566666666666,0.28511,7.0,9.0,11.0,197,False,,,,True,
1994,顺义区,monotone_stock_proxy,1.0,MAIN,,,33.8,0.8047619047619047,0.8047619047619048,3,B3,0.01786,0.01437304761904762,0.01437304761904762,0.01786,10.5,13.0,16.5,197,False,,,,True,
1994,顺义区,monotone_stock_proxy,1.0,MAIN,,,33.8,0.8047619047619047,0.8047619047619048,4,B4,0.0,0.0,0.0,0.0,14.0,17.0,22.0,197,False,,,,True,
1994,顺义区,monotone_stock_proxy,1.0,MAIN,,,33.8,0.8047619047619047,0.8047619047619048,5,B5+,0.0,0.0,0.0,0.0,17.5,21.0,27.5,197,False,,,,True,
1995,顺义区,monotone_stock_proxy,1.0,MAIN,39.0,39.0,39.0,0.9285714285714286,0.9285714285714286,1,B1,0.71489,0.6638264285714286,0.9285714285714286,1.0,3.5,5.0,5.5,197,False,,,,False,
1995,顺义区,monotone_stock_proxy,1.0,MAIN,39.0,39.0,39.0,0.9285714285714286,0.9285714285714286,2,B2,0.26725,0.2481607142857143,0.264745,0.28511,7.0,9.0,11.0,197,False,,,,False,
1995,顺义区,monotone_stock_proxy,1.0,MAIN,39.0,39.0,39.0,0.9285714285714286,0.9285714285714286,3,B3,0.01786,0.016584285714285715,0.016584285714285715,0.01786,10.5,13.0,16.5,197,False,,,,False,
1995,顺义区,monotone_stock_proxy,1.0,MAIN,39.0,39.0,39.0,0.9285714285714286,0.9285714285714286,4,B4,0.0,0.0,0.0,0.0,14.0,17.0,22.0,197,False,,,,False,
1995,顺义区,monotone_stock_proxy,1.0,MAIN,39.0,39.0,39.0,0.9285714285714286,0.9285714285714286,5,B5+,0.0,0.0,0.0,0.0,17.5,21.0,27.5,197,False,,,,False,
1996,顺义区,monotone_stock_proxy,1.0,MAIN,,,39.0,0.9285714285714286,0.9285714285714286,1,B1,0.71489,0.6638264285714286,0.9285714285714286,1.0,3.5,5.0,5.5,197,False,,,,True,
1996,顺义区,monotone_stock_proxy,1.0,MAIN,,,39.0,0.9285714285714286,0.9285714285714286,2,B2,0.26725,0.2481607142857143,0.264745,0.28511,7.0,9.0,11.0,197,False,,,,True,
1996,顺义区,monotone_stock_proxy,1.0,MAIN,,,39.0,0.9285714285714286,0.9285714285714286,3,B3,0.01786,0.016584285714285715,0.016584285714285715,0.01786,10.5,13.0,16.5,197,False,,,,True,
1996,顺义区,monotone_stock_proxy,1.0,MAIN,,,39.0,0.9285714285714286,0.9285714285714286,4,B4,0.0,0.0,0.0,0.0,14.0,17.0,22.0,197,False,,,,True,
1996,顺义区,monotone_stock_proxy,1.0,MAIN,,,39.0,0.9285714285714286,0.9285714285714286,5,B5+,0.0,0.0,0.0,0.0,17.5,21.0,27.5,197,False,,,,True,
1997,顺义区,monotone_stock_proxy,1.0,MAIN,,,39.0,0.9285714285714286,0.9285714285714286,1,B1,0.71489,0.6638264285714286,0.9285714285714286,1.0,3.5,5.0,5.5,197,False,,,,True,
1997,顺义区,monotone_stock_proxy,1.0,MAIN,,,39.0,0.9285714285714286,0.9285714285714286,2,B2,0.26725,0.2481607142857143,0.264745,0.28511,7.0,9.0,11.0,197,False,,,,True,
1997,顺义区,monotone_stock_proxy,1.0,MAIN,,,39.0,0.9285714285714286,0.9285714285714286,3,B3,0.01786,0.016584285714285715,0.016584285714285715,0.01786,10.5,13.0,16.5,197,False,,,,True,
1997,顺义区,monotone_stock_proxy,1.0,MAIN,,,39.0,0.9285714285714286,0.9285714285714286,4,B4,0.0,0.0,0.0,0.0,14.0,17.0,22.0,197,False,,,,True,
1997,顺义区,monotone_stock_proxy,1.0,MAIN,,,39.0,0.9285714285714286,0.9285714285714286,5,B5+,0.0,0.0,0.0,0.0,17.5,21.0,27.5,197,False,,,,True,
1998,顺义区,monotone_stock_proxy,1.0,MAIN,,,39.0,0.9285714285714286,0.9285714285714286,1,B1,0.71489,0.6638264285714286,0.9285714285714286,1.0,3.5,5.0,5.5,197,False,,,,True,
1998,顺义区,monotone_stock_proxy,1.0,MAIN,,,39.0,0.9285714285714286,0.9285714285714286,2,B2,0.26725,0.2481607142857143,0.264745,0.28511,7.0,9.0,11.0,197,False,,,,True,
1998,顺义区,monotone_stock_proxy,1.0,MAIN,,,39.0,0.9285714285714286,0.9285714285714286,3,B3,0.01786,0.016584285714285715,0.016584285714285715,0.01786,10.5,13.0,16.5,197,False,,,,True,
1998,顺义区,monotone_stock_proxy,1.0,MAIN,,,39.0,0.9285714285714286,0.9285714285714286,4,B4,0.0,0.0,0.0,0.0,14.0,17.0,22.0,197,False,,,,True,
1998,顺义区,monotone_stock_proxy,1.0,MAIN,,,39.0,0.9285714285714286,0.9285714285714286,5,B5+,0.0,0.0,0.0,0.0,17.5,21.0,27.5,197,False,,,,True,
1999,顺义区,monotone_stock_proxy,1.0,MAIN,,,39.0,0.9285714285714286,0.9285714285714286,1,B1,0.71489,0.6638264285714286,0.9285714285714286,1.0,3.5,5.0,5.5,197,False,,,,True,
1999,顺义区,monotone_stock_proxy,1.0,MAIN,,,39.0,0.9285714285714286,0.9285714285714286,2,B2,0.26725,0.2481607142857143,0.264745,0.28511,7.0,9.0,11.0,197,False,,,,True,
1999,顺义区,monotone_stock_proxy,1.0,MAIN,,,39.0,0.9285714285714286,0.9285714285714286,3,B3,0.01786,0.016584285714285715,0.016584285714285715,0.01786,10.5,13.0,16.5,197,False,,,,True,
1999,顺义区,monotone_stock_proxy,1.0,MAIN,,,39.0,0.9285714285714286,0.9285714285714286,4,B4,0.0,0.0,0.0,0.0,14.0,17.0,22.0,197,False,,,,True,
1999,顺义区,monotone_stock_proxy,1.0,MAIN,,,39.0,0.9285714285714286,0.9285714285714286,5,B5+,0.0,0.0,0.0,0.0,17.5,21.0,27.5,197,False,,,,True,
2000,顺义区,monotone_stock_proxy,1.0,MAIN,20.0,39.0,39.0,0.9285714285714286,0.9285714285714286,1,B1,0.71489,0.6638264285714286,0.9285714285714286,1.0,3.5,5.0,5.5,197,False,,,,False,
2000,顺义区,monotone_stock_proxy,1.0,MAIN,20.0,39.0,39.0,0.9285714285714286,0.9285714285714286,2,B2,0.26725,0.2481607142857143,0.264745,0.28511,7.0,9.0,11.0,197,False,,,,False,
2000,顺义区,monotone_stock_proxy,1.0,MAIN,20.0,39.0,39.0,0.9285714285714286,0.9285714285714286,3,B3,0.01786,0.016584285714285715,0.016584285714285715,0.01786,10.5,13.0,16.5,197,False,,,,False,
2000,顺义区,monotone_stock_proxy,1.0,MAIN,20.0,39.0,39.0,0.9285714285714286,0.9285714285714286,4,B4,0.0,0.0,0.0,0.0,14.0,17.0,22.0,197,False,,,,False,
2000,顺义区,monotone_stock_proxy,1.0,MAIN,20.0,39.0,39.0,0.9285714285714286,0.9285714285714286,5,B5+,0.0,0.0,0.0,0.0,17.5,21.0,27.5,197,False,,,,False,
2001,顺义区,monotone_stock_proxy,1.0,MAIN,,,39.0,0.9285714285714286,0.9285714285714286,1,B1,0.71489,0.6638264285714286,0.9285714285714286,1.0,3.5,5.0,5.5,197,False,,,,True,
2001,顺义区,monotone_stock_proxy,1.0,MAIN,,,39.0,0.9285714285714286,0.9285714285714286,2,B2,0.26725,0.2481607142857143,0.264745,0.28511,7.0,9.0,11.0,197,False,,,,True,
2001,顺义区,monotone_stock_proxy,1.0,MAIN,,,39.0,0.9285714285714286,0.9285714285714286,3,B3,0.01786,0.016584285714285715,0.016584285714285715,0.01786,10.5,13.0,16.5,197,False,,,,True,
2001,顺义区,monotone_stock_proxy,1.0,MAIN,,,39.0,0.9285714285714286,0.9285714285714286,4,B4,0.0,0.0,0.0,0.0,14.0,17.0,22.0,197,False,,,,True,
2001,顺义区,monotone_stock_proxy,1.0,MAIN,,,39.0,0.9285714285714286,0.9285714285714286,5,B5+,0.0,0.0,0.0,0.0,17.5,21.0,27.5,197,False,,,,True,
2002,顺义区,monotone_stock_proxy,1.0,MAIN,,,39.0,0.9285714285714286,0.9285714285714286,1,B1,0.71489,0.6638264285714286,0.9285714285714286,1.0,3.5,5.0,5.5,197,False,,,,True,
2002,顺义区,monotone_stock_proxy,1.0,MAIN,,,39.0,0.9285714285714286,0.9285714285714286,2,B2,0.26725,0.2481607142857143,0.264745,0.28511,7.0,9.0,11.0,197,False,,,,True,
2002,顺义区,monotone_stock_proxy,1.0,MAIN,,,39.0,0.9285714285714286,0.9285714285714286,3,B3,0.01786,0.016584285714285715,0.016584285714285715,0.01786,10.5,13.0,16.5,197,False,,,,True,
2002,顺义区,monotone_stock_proxy,1.0,MAIN,,,39.0,0.9285714285714286,0.9285714285714286,4,B4,0.0,0.0,0.0,0.0,14.0,17.0,22.0,197,False,,,,True,
2002,顺义区,monotone_stock_proxy,1.0,MAIN,,,39.0,0.9285714285714286,0.9285714285714286,5,B5+,0.0,0.0,0.0,0.0,17.5,21.0,27.5,197,False,,,,True,
2003,顺义区,monotone_stock_proxy,1.0,MAIN,,,39.0,0.9285714285714286,0.9285714285714286,1,B1,0.71489,0.6638264285714286,0.9285714285714286,1.0,3.5,5.0,5.5,197,False,,,,True,
2003,顺义区,monotone_stock_proxy,1.0,MAIN,,,39.0,0.9285714285714286,0.9285714285714286,2,B2,0.26725,0.2481607142857143,0.264745,0.28511,7.0,9.0,11.0,197,False,,,,True,
2003,顺义区,monotone_stock_proxy,1.0,MAIN,,,39.0,0.9285714285714286,0.9285714285714286,3,B3,0.01786,0.016584285714285715,0.016584285714285715,0.01786,10.5,13.0,16.5,197,False,,,,True,
2003,顺义区,monotone_stock_proxy,1.0,MAIN,,,39.0,0.9285714285714286,0.9285714285714286,4,B4,0.0,0.0,0.0,0.0,14.0,17.0,22.0,197,False,,,,True,
2003,顺义区,monotone_stock_proxy,1.0,MAIN,,,39.0,0.9285714285714286,0.9285714285714286,5,B5+,0.0,0.0,0.0,0.0,17.5,21.0,27.5,197,False,,,,True,
2004,顺义区,monotone_stock_proxy,1.0,MAIN,,,39.0,0.9285714285714286,0.9285714285714286,1,B1,0.71489,0.6638264285714286,0.9285714285714286,1.0,3.5,5.0,5.5,197,False,,,,True,
2004,顺义区,monotone_stock_proxy,1.0,MAIN,,,39.0,0.9285714285714286,0.9285714285714286,2,B2,0.26725,0.2481607142857143,0.264745,0.28511,7.0,9.0,11.0,197,False,,,,True,
2004,顺义区,monotone_stock_proxy,1.0,MAIN,,,39.0,0.9285714285714286,0.9285714285714286,3,B3,0.01786,0.016584285714285715,0.016584285714285715,0.01786,10.5,13.0,16.5,197,False,,,,True,
2004,顺义区,monotone_stock_proxy,1.0,MAIN,,,39.0,0.9285714285714286,0.9285714285714286,4,B4,0.0,0.0,0.0,0.0,14.0,17.0,22.0,197,False,,,,True,
2004,顺义区,monotone_stock_proxy,1.0,MAIN,,,39.0,0.9285714285714286,0.9285714285714286,5,B5+,0.0,0.0,0.0,0.0,17.5,21.0,27.5,197,False,,,,True,
2005,顺义区,monotone_stock_proxy,1.0,MAIN,38.0,39.0,39.0,0.9285714285714286,0.9285714285714286,1,B1,0.71489,0.6638264285714286,0.9285714285714286,1.0,3.5,5.0,5.5,197,False,,,,False,
2005,顺义区,monotone_stock_proxy,1.0,MAIN,38.0,39.0,39.0,0.9285714285714286,0.9285714285714286,2,B2,0.26725,0.2481607142857143,0.264745,0.28511,7.0,9.0,11.0,197,False,,,,False,
2005,顺义区,monotone_stock_proxy,1.0,MAIN,38.0,39.0,39.0,0.9285714285714286,0.9285714285714286,3,B3,0.01786,0.016584285714285715,0.016584285714285715,0.01786,10.5,13.0,16.5,197,False,,,,False,
2005,顺义区,monotone_stock_proxy,1.0,MAIN,38.0,39.0,39.0,0.9285714285714286,0.9285714285714286,4,B4,0.0,0.0,0.0,0.0,14.0,17.0,22.0,197,False,,,,False,
2005,顺义区,monotone_stock_proxy,1.0,MAIN,38.0,39.0,39.0,0.9285714285714286,0.9285714285714286,5,B5+,0.0,0.0,0.0,0.0,17.5,21.0,27.5,197,False,,,,False,
2006,顺义区,monotone_stock_proxy,1.0,MAIN,,,39.2,0.9333333333333333,0.9333333333333333,1,B1,0.71489,0.6672306666666667,0.9333333333333333,1.0,3.5,5.0,5.5,197,False,,,,True,
2006,顺义区,monotone_stock_proxy,1.0,MAIN,,,39.2,0.9333333333333333,0.9333333333333333,2,B2,0.26725,0.2494333333333333,0.26610266666666665,0.28511,7.0,9.0,11.0,197,False,,,,True,
2006,顺义区,monotone_stock_proxy,1.0,MAIN,,,39.2,0.9333333333333333,0.9333333333333333,3,B3,0.01786,0.016669333333333335,0.016669333333333335,0.01786,10.5,13.0,16.5,197,False,,,,True,
2006,顺义区,monotone_stock_proxy,1.0,MAIN,,,39.2,0.9333333333333333,0.9333333333333333,4,B4,0.0,0.0,0.0,0.0,14.0,17.0,22.0,197,False,,,,True,
2006,顺义区,monotone_stock_proxy,1.0,MAIN,,,39.2,0.9333333333333333,0.9333333333333333,5,B5+,0.0,0.0,0.0,0.0,17.5,21.0,27.5,197,False,,,,True,
2007,顺义区,monotone_stock_proxy,1.0,MAIN,,,39.4,0.9380952380952381,0.9380952380952381,1,B1,0.71489,0.6706349047619048,0.9380952380952381,1.0,3.5,5.0,5.5,197,False,,,,True,
2007,顺义区,monotone_stock_proxy,1.0,MAIN,,,39.4,0.9380952380952381,0.9380952380952381,2,B2,0.26725,0.2507059523809524,0.2674603333333333,0.28511,7.0,9.0,11.0,197,False,,,,True,
2007,顺义区,monotone_stock_proxy,1.0,MAIN,,,39.4,0.9380952380952381,0.9380952380952381,3,B3,0.01786,0.016754380952380955,0.016754380952380955,0.01786,10.5,13.0,16.5,197,False,,,,True,
2007,顺义区,monotone_stock_proxy,1.0,MAIN,,,39.4,0.9380952380952381,0.9380952380952381,4,B4,0.0,0.0,0.0,0.0,14.0,17.0,22.0,197,False,,,,True,
2007,顺义区,monotone_stock_proxy,1.0,MAIN,,,39.4,0.9380952380952381,0.9380952380952381,5,B5+,0.0,0.0,0.0,0.0,17.5,21.0,27.5,197,False,,,,True,
2008,顺义区,monotone_stock_proxy,1.0,MAIN,,,39.6,0.9428571428571428,0.9428571428571428,1,B1,0.71489,0.6740391428571428,0.9428571428571428,1.0,3.5,5.0,5.5,197,False,,,,True,
2008,顺义区,monotone_stock_proxy,1.0,MAIN,,,39.6,0.9428571428571428,0.9428571428571428,2,B2,0.26725,0.2519785714285714,0.26881799999999995,0.28511,7.0,9.0,11.0,197,False,,,,True,
2008,顺义区,monotone_stock_proxy,1.0,MAIN,,,39.6,0.9428571428571428,0.9428571428571428,3,B3,0.01786,0.01683942857142857,0.01683942857142857,0.01786,10.5,13.0,16.5,197,False,,,,True,
2008,顺义区,monotone_stock_proxy,1.0,MAIN,,,39.6,0.9428571428571428,0.9428571428571428,4,B4,0.0,0.0,0.0,0.0,14.0,17.0,22.0,197,False,,,,True,
2008,顺义区,monotone_stock_proxy,1.0,MAIN,,,39.6,0.9428571428571428,0.9428571428571428,5,B5+,0.0,0.0,0.0,0.0,17.5,21.0,27.5,197,False,,,,True,
2009,顺义区,monotone_stock_proxy,1.0,MAIN,,,39.8,0.9476190476190476,0.9476190476190476,1,B1,0.71489,0.677443380952381,0.9476190476190476,1.0,3.5,5.0,5.5,197,False,,,,True,
2009,顺义区,monotone_stock_proxy,1.0,MAIN,,,39.8,0.9476190476190476,0.9476190476190476,2,B2,0.26725,0.25325119047619044,0.27017566666666665,0.28511,7.0,9.0,11.0,197,False,,,,True,
2009,顺义区,monotone_stock_proxy,1.0,MAIN,,,39.8,0.9476190476190476,0.9476190476190476,3,B3,0.01786,0.01692447619047619,0.01692447619047619,0.01786,10.5,13.0,16.5,197,False,,,,True,
2009,顺义区,monotone_stock_proxy,1.0,MAIN,,,39.8,0.9476190476190476,0.9476190476190476,4,B4,0.0,0.0,0.0,0.0,14.0,17.0,22.0,197,False,,,,True,
2009,顺义区,monotone_stock_proxy,1.0,MAIN,,,39.8,0.9476190476190476,0.9476190476190476,5,B5+,0.0,0.0,0.0,0.0,17.5,21.0,27.5,197,False,,,,True,
2010,顺义区,monotone_stock_proxy,1.0,MAIN,40.0,40.0,40.0,0.9523809523809523,0.9523809523809523,1,B1,0.71489,0.680847619047619,0.9523809523809523,1.0,3.5,5.0,5.5,197,False,,,,False,
2010,顺义区,monotone_stock_proxy,1.0,MAIN,40.0,40.0,40.0,0.9523809523809523,0.9523809523809523,2,B2,0.26725,0.2545238095238095,0.2715333333333333,0.28511,7.0,9.0,11.0,197,False,,,,False,
2010,顺义区,monotone_stock_proxy,1.0,MAIN,40.0,40.0,40.0,0.9523809523809523,0.9523809523809523,3,B3,0.01786,0.017009523809523808,0.017009523809523808,0.01786,10.5,13.0,16.5,197,False,,,,False,
2010,顺义区,monotone_stock_proxy,1.0,MAIN,40.0,40.0,40.0,0.9523809523809523,0.9523809523809523,4,B4,0.0,0.0,0.0,0.0,14.0,17.0,22.0,197,False,,,,False,
2010,顺义区,monotone_stock_proxy,1.0,MAIN,40.0,40.0,40.0,0.9523809523809523,0.9523809523809523,5,B5+,0.0,0.0,0.0,0.0,17.5,21.0,27.5,197,False,,,,False,
2011,顺义区,monotone_stock_proxy,1.0,MAIN,,,40.4,0.9619047619047618,0.9619047619047618,1,B1,0.71489,0.6876560952380952,0.9619047619047618,1.0,3.5,5.0,5.5,197,False,,,,True,
2011,顺义区,monotone_stock_proxy,1.0,MAIN,,,40.4,0.9619047619047618,0.9619047619047618,2,B2,0.26725,0.2570690476190476,0.27424866666666664,0.28511,7.0,9.0,11.0,197,False,,,,True,
2011,顺义区,monotone_stock_proxy,1.0,MAIN,,,40.4,0.9619047619047618,0.9619047619047618,3,B3,0.01786,0.017179619047619048,0.017179619047619048,0.01786,10.5,13.0,16.5,197,False,,,,True,
2011,顺义区,monotone_stock_proxy,1.0,MAIN,,,40.4,0.9619047619047618,0.9619047619047618,4,B4,0.0,0.0,0.0,0.0,14.0,17.0,22.0,197,False,,,,True,
2011,顺义区,monotone_stock_proxy,1.0,MAIN,,,40.4,0.9619047619047618,0.9619047619047618,5,B5+,0.0,0.0,0.0,0.0,17.5,21.0,27.5,197,False,,,,True,
2012,顺义区,monotone_stock_proxy,1.0,MAIN,,,40.8,0.9714285714285713,0.9714285714285714,1,B1,0.71489,0.6944645714285714,0.9714285714285714,1.0,3.5,5.0,5.5,197,False,,,,True,
2012,顺义区,monotone_stock_proxy,1.0,MAIN,,,40.8,0.9714285714285713,0.9714285714285714,2,B2,0.26725,0.2596142857142857,0.276964,0.28511,7.0,9.0,11.0,197,False,,,,True,
2012,顺义区,monotone_stock_proxy,1.0,MAIN,,,40.8,0.9714285714285713,0.9714285714285714,3,B3,0.01786,0.017349714285714288,0.017349714285714288,0.01786,10.5,13.0,16.5,197,False,,,,True,
2012,顺义区,monotone_stock_proxy,1.0,MAIN,,,40.8,0.9714285714285713,0.9714285714285714,4,B4,0.0,0.0,0.0,0.0,14.0,17.0,22.0,197,False,,,,True,
2012,顺义区,monotone_stock_proxy,1.0,MAIN,,,40.8,0.9714285714285713,0.9714285714285714,5,B5+,0.0,0.0,0.0,0.0,17.5,21.0,27.5,197,False,,,,True,
2013,顺义区,monotone_stock_proxy,1.0,MAIN,,,41.2,0.980952380952381,0.9809523809523809,1,B1,0.71489,0.7012730476190476,0.9809523809523809,1.0,3.5,5.0,5.5,197,False,,,,True,
2013,顺义区,monotone_stock_proxy,1.0,MAIN,,,41.2,0.980952380952381,0.9809523809523809,2,B2,0.26725,0.2621595238095238,0.2796793333333333,0.28511,7.0,9.0,11.0,197,False,,,,True,
2013,顺义区,monotone_stock_proxy,1.0,MAIN,,,41.2,0.980952380952381,0.9809523809523809,3,B3,0.01786,0.017519809523809524,0.017519809523809524,0.01786,10.5,13.0,16.5,197,False,,,,True,
2013,顺义区,monotone_stock_proxy,1.0,MAIN,,,41.2,0.980952380952381,0.9809523809523809,4,B4,0.0,0.0,0.0,0.0,14.0,17.0,22.0,197,False,,,,True,
2013,顺义区,monotone_stock_proxy,1.0,MAIN,,,41.2,0.980952380952381,0.9809523809523809,5,B5+,0.0,0.0,0.0,0.0,17.5,21.0,27.5,197,False,,,,True,
2014,顺义区,monotone_stock_proxy,1.0,MAIN,,,41.6,0.9904761904761905,0.9904761904761905,1,B1,0.71489,0.7080815238095238,0.9904761904761905,1.0,3.5,5.0,5.5,197,False,,,,True,
2014,顺义区,monotone_stock_proxy,1.0,MAIN,,,41.6,0.9904761904761905,0.9904761904761905,2,B2,0.26725,0.2647047619047619,0.2823946666666666,0.28511,7.0,9.0,11.0,197,False,,,,True,
2014,顺义区,monotone_stock_proxy,1.0,MAIN,,,41.6,0.9904761904761905,0.9904761904761905,3,B3,0.01786,0.017689904761904764,0.017689904761904764,0.01786,10.5,13.0,16.5,197,False,,,,True,
2014,顺义区,monotone_stock_proxy,1.0,MAIN,,,41.6,0.9904761904761905,0.9904761904761905,4,B4,0.0,0.0,0.0,0.0,14.0,17.0,22.0,197,False,,,,True,
2014,顺义区,monotone_stock_proxy,1.0,MAIN,,,41.6,0.9904761904761905,0.9904761904761905,5,B5+,0.0,0.0,0.0,0.0,17.5,21.0,27.5,197,False,,,,True,
2015,顺义区,monotone_stock_proxy,1.0,MAIN,42.0,42.0,42.0,1.0,1.0,1,B1,0.71489,0.71489,1.0,1.0,3.5,5.0,5.5,197,False,,,,False,
2015,顺义区,monotone_stock_proxy,1.0,MAIN,42.0,42.0,42.0,1.0,1.0,2,B2,0.26725,0.26725,0.28511,0.28511,7.0,9.0,11.0,197,False,,,,False,
2015,顺义区,monotone_stock_proxy,1.0,MAIN,42.0,42.0,42.0,1.0,1.0,3,B3,0.01786,0.01786,0.01786,0.01786,10.5,13.0,16.5,197,False,,,,False,
2015,顺义区,monotone_stock_proxy,1.0,MAIN,42.0,42.0,42.0,1.0,1.0,4,B4,0.0,0.0,0.0,0.0,14.0,17.0,22.0,197,False,,,,False,
2015,顺义区,monotone_stock_proxy,1.0,MAIN,42.0,42.0,42.0,1.0,1.0,5,B5+,0.0,0.0,0.0,0.0,17.5,21.0,27.5,197,False,,,,False,
2016,顺义区,monotone_stock_proxy,1.0,MAIN,,,42.0,1.0,1.0,1,B1,0.71489,0.71489,1.0,1.0,3.5,5.0,5.5,197,False,,,,True,
2016,顺义区,monotone_stock_proxy,1.0,MAIN,,,42.0,1.0,1.0,2,B2,0.26725,0.26725,0.28511,0.28511,7.0,9.0,11.0,197,False,,,,True,
2016,顺义区,monotone_stock_proxy,1.0,MAIN,,,42.0,1.0,1.0,3,B3,0.01786,0.01786,0.01786,0.01786,10.5,13.0,16.5,197,False,,,,True,
2016,顺义区,monotone_stock_proxy,1.0,MAIN,,,42.0,1.0,1.0,4,B4,0.0,0.0,0.0,0.0,14.0,17.0,22.0,197,False,,,,True,
2016,顺义区,monotone_stock_proxy,1.0,MAIN,,,42.0,1.0,1.0,5,B5+,0.0,0.0,0.0,0.0,17.5,21.0,27.5,197,False,,,,True,
2017,顺义区,monotone_stock_proxy,1.0,MAIN,,,42.0,1.0,1.0,1,B1,0.71489,0.71489,1.0,1.0,3.5,5.0,5.5,197,False,,,,True,
2017,顺义区,monotone_stock_proxy,1.0,MAIN,,,42.0,1.0,1.0,2,B2,0.26725,0.26725,0.28511,0.28511,7.0,9.0,11.0,197,False,,,,True,
2017,顺义区,monotone_stock_proxy,1.0,MAIN,,,42.0,1.0,1.0,3,B3,0.01786,0.01786,0.01786,0.01786,10.5,13.0,16.5,197,False,,,,True,
2017,顺义区,monotone_stock_proxy,1.0,MAIN,,,42.0,1.0,1.0,4,B4,0.0,0.0,0.0,0.0,14.0,17.0,22.0,197,False,,,,True,
2017,顺义区,monotone_stock_proxy,1.0,MAIN,,,42.0,1.0,1.0,5,B5+,0.0,0.0,0.0,0.0,17.5,21.0,27.5,197,False,,,,True,
2018,顺义区,monotone_stock_proxy,1.0,MAIN,,,42.0,1.0,1.0,1,B1,0.71489,0.71489,1.0,1.0,3.5,5.0,5.5,197,False,,,,True,
2018,顺义区,monotone_stock_proxy,1.0,MAIN,,,42.0,1.0,1.0,2,B2,0.26725,0.26725,0.28511,0.28511,7.0,9.0,11.0,197,False,,,,True,
2018,顺义区,monotone_stock_proxy,1.0,MAIN,,,42.0,1.0,1.0,3,B3,0.01786,0.01786,0.01786,0.01786,10.5,13.0,16.5,197,False,,,,True,
2018,顺义区,monotone_stock_proxy,1.0,MAIN,,,42.0,1.0,1.0,4,B4,0.0,0.0,0.0,0.0,14.0,17.0,22.0,197,False,,,,True,
2018,顺义区,monotone_stock_proxy,1.0,MAIN,,,42.0,1.0,1.0,5,B5+,0.0,0.0,0.0,0.0,17.5,21.0,27.5,197,False,,,,True,
2019,顺义区,monotone_stock_proxy,1.0,MAIN,,,42.0,1.0,1.0,1,B1,0.71489,0.71489,1.0,1.0,3.5,5.0,5.5,197,False,,,,True,
2019,顺义区,monotone_stock_proxy,1.0,MAIN,,,42.0,1.0,1.0,2,B2,0.26725,0.26725,0.28511,0.28511,7.0,9.0,11.0,197,False,,,,True,
2019,顺义区,monotone_stock_proxy,1.0,MAIN,,,42.0,1.0,1.0,3,B3,0.01786,0.01786,0.01786,0.01786,10.5,13.0,16.5,197,False,,,,True,
2019,顺义区,monotone_stock_proxy,1.0,MAIN,,,42.0,1.0,1.0,4,B4,0.0,0.0,0.0,0.0,14.0,17.0,22.0,197,False,,,,True,
2019,顺义区,monotone_stock_proxy,1.0,MAIN,,,42.0,1.0,1.0,5,B5+,0.0,0.0,0.0,0.0,17.5,21.0,27.5,197,False,,,,True,
2020,顺义区,monotone_stock_proxy,1.0,MAIN,36.0,42.0,42.0,1.0,1.0,1,B1,0.71489,0.71489,1.0,1.0,3.5,5.0,5.5,197,False,,,,False,
2020,顺义区,monotone_stock_proxy,1.0,MAIN,36.0,42.0,42.0,1.0,1.0,2,B2,0.26725,0.26725,0.28511,0.28511,7.0,9.0,11.0,197,False,,,,False,
2020,顺义区,monotone_stock_proxy,1.0,MAIN,36.0,42.0,42.0,1.0,1.0,3,B3,0.01786,0.01786,0.01786,0.01786,10.5,13.0,16.5,197,False,,,,False,
2020,顺义区,monotone_stock_proxy,1.0,MAIN,36.0,42.0,42.0,1.0,1.0,4,B4,0.0,0.0,0.0,0.0,14.0,17.0,22.0,197,False,,,,False,
2020,顺义区,monotone_stock_proxy,1.0,MAIN,36.0,42.0,42.0,1.0,1.0,5,B5+,0.0,0.0,0.0,0.0,17.5,21.0,27.5,197,False,,,,False,
