year,district,lucc_treatment,beta,analysis_role,urban_land_area_raw_km2,urban_land_area_stock_proxy_km2,urban_land_area_used_km2,urban_land_ratio_to_2020,underground_space_index_2020eq1,layer_no,layer_bucket,layer_fraction,layer_area_index,area_at_or_deeper_index,area_at_or_deeper_fraction,depth_shallow_m,depth_central_m,depth_deep_m,n_assets_profile,absolute_backcast_available,estimated_underground_area_m2,layer_area_m2,area_at_or_deeper_m2,interpolation_flag,qc_flag
1980,东城区,raw_snapshot,1.0,RAW_SENSITIVITY,42.0,42.0,42.0,1.0,1.0,1,B1,0.588156,0.588156,1.0,1.0,3.5,5.0,5.5,126,False,,,,False,
1980,东城区,raw_snapshot,1.0,RAW_SENSITIVITY,42.0,42.0,42.0,1.0,1.0,2,B2,0.236361,0.236361,0.411844,0.411844,7.0,9.0,11.0,126,False,,,,False,
1980,东城区,raw_snapshot,1.0,RAW_SENSITIVITY,42.0,42.0,42.0,1.0,1.0,3,B3,0.133549,0.133549,0.175483,0.175483,10.5,13.0,16.5,126,False,,,,False,
1980,东城区,raw_snapshot,1.0,RAW_SENSITIVITY,42.0,42.0,42.0,1.0,1.0,4,B4,0.041934,0.041934,0.041934,0.041934,14.0,17.0,22.0,126,False,,,,False,
1980,东城区,raw_snapshot,1.0,RAW_SENSITIVITY,42.0,42.0,42.0,1.0,1.0,5,B5+,0.0,0.0,0.0,0.0,17.5,21.0,27.5,126,False,,,,False,
1981,东城区,raw_snapshot,1.0,RAW_SENSITIVITY,,,41.8,0.9952380952380951,0.9952380952380953,1,B1,0.588156,0.5853552571428572,0.9952380952380953,1.0,3.5,5.0,5.5,126,False,,,,True,
1981,东城区,raw_snapshot,1.0,RAW_SENSITIVITY,,,41.8,0.9952380952380951,0.9952380952380953,2,B2,0.236361,0.23523547142857143,0.40988283809523807,0.411844,7.0,9.0,11.0,126,False,,,,True,
1981,东城区,raw_snapshot,1.0,RAW_SENSITIVITY,,,41.8,0.9952380952380951,0.9952380952380953,3,B3,0.133549,0.13291305238095238,0.17464736666666666,0.175483,10.5,13.0,16.5,126,False,,,,True,
1981,东城区,raw_snapshot,1.0,RAW_SENSITIVITY,,,41.8,0.9952380952380951,0.9952380952380953,4,B4,0.041934,0.04173431428571429,0.04173431428571429,0.041934,14.0,17.0,22.0,126,False,,,,True,
1981,东城区,raw_snapshot,1.0,RAW_SENSITIVITY,,,41.8,0.9952380952380951,0.9952380952380953,5,B5+,0.0,0.0,0.0,0.0,17.5,21.0,27.5,126,False,,,,True,
1982,东城区,raw_snapshot,1.0,RAW_SENSITIVITY,,,41.6,0.9904761904761905,0.9904761904761905,1,B1,0.588156,0.5825545142857144,0.9904761904761905,1.0,3.5,5.0,5.5,126,False,,,,True,
1982,东城区,raw_snapshot,1.0,RAW_SENSITIVITY,,,41.6,0.9904761904761905,0.9904761904761905,2,B2,0.236361,0.23410994285714284,0.4079216761904762,0.411844,7.0,9.0,11.0,126,False,,,,True,
1982,东城区,raw_snapshot,1.0,RAW_SENSITIVITY,,,41.6,0.9904761904761905,0.9904761904761905,3,B3,0.133549,0.13227710476190477,0.17381173333333333,0.175483,10.5,13.0,16.5,126,False,,,,True,
1982,东城区,raw_snapshot,1.0,RAW_SENSITIVITY,,,41.6,0.9904761904761905,0.9904761904761905,4,B4,0.041934,0.041534628571428575,0.041534628571428575,0.041934,14.0,17.0,22.0,126,False,,,,True,
1982,东城区,raw_snapshot,1.0,RAW_SENSITIVITY,,,41.6,0.9904761904761905,0.9904761904761905,5,B5+,0.0,0.0,0.0,0.0,17.5,21.0,27.5,126,False,,,,True,
1983,东城区,raw_snapshot,1.0,RAW_SENSITIVITY,,,41.4,0.9857142857142857,0.9857142857142857,1,B1,0.588156,0.5797537714285714,0.9857142857142857,1.0,3.5,5.0,5.5,126,False,,,,True,
1983,东城区,raw_snapshot,1.0,RAW_SENSITIVITY,,,41.4,0.9857142857142857,0.9857142857142857,2,B2,0.236361,0.23298441428571426,0.4059605142857142,0.411844,7.0,9.0,11.0,126,False,,,,True,
1983,东城区,raw_snapshot,1.0,RAW_SENSITIVITY,,,41.4,0.9857142857142857,0.9857142857142857,3,B3,0.133549,0.13164115714285712,0.1729761,0.175483,10.5,13.0,16.5,126,False,,,,True,
1983,东城区,raw_snapshot,1.0,RAW_SENSITIVITY,,,41.4,0.9857142857142857,0.9857142857142857,4,B4,0.041934,0.041334942857142856,0.041334942857142856,0.041934,14.0,17.0,22.0,126,False,,,,True,
1983,东城区,raw_snapshot,1.0,RAW_SENSITIVITY,,,41.4,0.9857142857142857,0.9857142857142857,5,B5+,0.0,0.0,0.0,0.0,17.5,21.0,27.5,126,False,,,,True,
1984,东城区,raw_snapshot,1.0,RAW_SENSITIVITY,,,41.2,0.980952380952381,0.9809523809523809,1,B1,0.588156,0.5769530285714286,0.9809523809523809,1.0,3.5,5.0,5.5,126,False,,,,True,
1984,东城区,raw_snapshot,1.0,RAW_SENSITIVITY,,,41.2,0.980952380952381,0.9809523809523809,2,B2,0.236361,0.2318588857142857,0.40399935238095236,0.411844,7.0,9.0,11.0,126,False,,,,True,
1984,东城区,raw_snapshot,1.0,RAW_SENSITIVITY,,,41.2,0.980952380952381,0.9809523809523809,3,B3,0.133549,0.1310052095238095,0.17214046666666666,0.175483,10.5,13.0,16.5,126,False,,,,True,
1984,东城区,raw_snapshot,1.0,RAW_SENSITIVITY,,,41.2,0.980952380952381,0.9809523809523809,4,B4,0.041934,0.04113525714285714,0.04113525714285714,0.041934,14.0,17.0,22.0,126,False,,,,True,
1984,东城区,raw_snapshot,1.0,RAW_SENSITIVITY,,,41.2,0.980952380952381,0.9809523809523809,5,B5+,0.0,0.0,0.0,0.0,17.5,21.0,27.5,126,False,,,,True,
1985,东城区,raw_snapshot,1.0,RAW_SENSITIVITY,,,41.0,0.9761904761904762,0.9761904761904762,1,B1,0.588156,0.5741522857142857,0.9761904761904762,1.0,3.5,5.0,5.5,126,False,,,,True,
1985,东城区,raw_snapshot,1.0,RAW_SENSITIVITY,,,41.0,0.9761904761904762,0.9761904761904762,2,B2,0.236361,0.23073335714285712,0.40203819047619044,0.411844,7.0,9.0,11.0,126,False,,,,True,
1985,东城区,raw_snapshot,1.0,RAW_SENSITIVITY,,,41.0,0.9761904761904762,0.9761904761904762,3,B3,0.133549,0.1303692619047619,0.17130483333333332,0.175483,10.5,13.0,16.5,126,False,,,,True,
1985,东城区,raw_snapshot,1.0,RAW_SENSITIVITY,,,41.0,0.9761904761904762,0.9761904761904762,4,B4,0.041934,0.040935571428571425,0.040935571428571425,0.041934,14.0,17.0,22.0,126,False,,,,True,
1985,东城区,raw_snapshot,1.0,RAW_SENSITIVITY,,,41.0,0.9761904761904762,0.9761904761904762,5,B5+,0.0,0.0,0.0,0.0,17.5,21.0,27.5,126,False,,,,True,
1986,东城区,raw_snapshot,1.0,RAW_SENSITIVITY,,,40.8,0.9714285714285713,0.9714285714285714,1,B1,0.588156,0.5713515428571428,0.9714285714285714,1.0,3.5,5.0,5.5,126,False,,,,True,
1986,东城区,raw_snapshot,1.0,RAW_SENSITIVITY,,,40.8,0.9714285714285713,0.9714285714285714,2,B2,0.236361,0.22960782857142856,0.4000770285714286,0.411844,7.0,9.0,11.0,126,False,,,,True,
1986,东城区,raw_snapshot,1.0,RAW_SENSITIVITY,,,40.8,0.9714285714285713,0.9714285714285714,3,B3,0.133549,0.12973331428571427,0.1704692,0.175483,10.5,13.0,16.5,126,False,,,,True,
1986,东城区,raw_snapshot,1.0,RAW_SENSITIVITY,,,40.8,0.9714285714285713,0.9714285714285714,4,B4,0.041934,0.04073588571428571,0.04073588571428571,0.041934,14.0,17.0,22.0,126,False,,,,True,
1986,东城区,raw_snapshot,1.0,RAW_SENSITIVITY,,,40.8,0.9714285714285713,0.9714285714285714,5,B5+,0.0,0.0,0.0,0.0,17.5,21.0,27.5,126,False,,,,True,
1987,东城区,raw_snapshot,1.0,RAW_SENSITIVITY,,,40.6,0.9666666666666667,0.9666666666666667,1,B1,0.588156,0.5685508,0.9666666666666667,1.0,3.5,5.0,5.5,126,False,,,,True,
1987,东城区,raw_snapshot,1.0,RAW_SENSITIVITY,,,40.6,0.9666666666666667,0.9666666666666667,2,B2,0.236361,0.2284823,0.39811586666666665,0.411844,7.0,9.0,11.0,126,False,,,,True,
1987,东城区,raw_snapshot,1.0,RAW_SENSITIVITY,,,40.6,0.9666666666666667,0.9666666666666667,3,B3,0.133549,0.12909736666666666,0.16963356666666668,0.175483,10.5,13.0,16.5,126,False,,,,True,
1987,东城区,raw_snapshot,1.0,RAW_SENSITIVITY,,,40.6,0.9666666666666667,0.9666666666666667,4,B4,0.041934,0.0405362,0.0405362,0.041934,14.0,17.0,22.0,126,False,,,,True,
1987,东城区,raw_snapshot,1.0,RAW_SENSITIVITY,,,40.6,0.9666666666666667,0.9666666666666667,5,B5+,0.0,0.0,0.0,0.0,17.5,21.0,27.5,126,False,,,,True,
1988,东城区,raw_snapshot,1.0,RAW_SENSITIVITY,,,40.4,0.9619047619047618,0.9619047619047618,1,B1,0.588156,0.5657500571428571,0.9619047619047618,1.0,3.5,5.0,5.5,126,False,,,,True,
1988,东城区,raw_snapshot,1.0,RAW_SENSITIVITY,,,40.4,0.9619047619047618,0.9619047619047618,2,B2,0.236361,0.22735677142857139,0.39615470476190473,0.411844,7.0,9.0,11.0,126,False,,,,True,
1988,东城区,raw_snapshot,1.0,RAW_SENSITIVITY,,,40.4,0.9619047619047618,0.9619047619047618,3,B3,0.133549,0.12846141904761904,0.16879793333333332,0.175483,10.5,13.0,16.5,126,False,,,,True,
1988,东城区,raw_snapshot,1.0,RAW_SENSITIVITY,,,40.4,0.9619047619047618,0.9619047619047618,4,B4,0.041934,0.04033651428571428,0.04033651428571428,0.041934,14.0,17.0,22.0,126,False,,,,True,
1988,东城区,raw_snapshot,1.0,RAW_SENSITIVITY,,,40.4,0.9619047619047618,0.9619047619047618,5,B5+,0.0,0.0,0.0,0.0,17.5,21.0,27.5,126,False,,,,True,
1989,东城区,raw_snapshot,1.0,RAW_SENSITIVITY,,,40.2,0.9571428571428572,0.9571428571428571,1,B1,0.588156,0.5629493142857143,0.9571428571428571,1.0,3.5,5.0,5.5,126,False,,,,True,
1989,东城区,raw_snapshot,1.0,RAW_SENSITIVITY,,,40.2,0.9571428571428572,0.9571428571428571,2,B2,0.236361,0.22623124285714283,0.3941935428571428,0.411844,7.0,9.0,11.0,126,False,,,,True,
1989,东城区,raw_snapshot,1.0,RAW_SENSITIVITY,,,40.2,0.9571428571428572,0.9571428571428571,3,B3,0.133549,0.12782547142857142,0.16796229999999998,0.175483,10.5,13.0,16.5,126,False,,,,True,
1989,东城区,raw_snapshot,1.0,RAW_SENSITIVITY,,,40.2,0.9571428571428572,0.9571428571428571,4,B4,0.041934,0.04013682857142857,0.04013682857142857,0.041934,14.0,17.0,22.0,126,False,,,,True,
1989,东城区,raw_snapshot,1.0,RAW_SENSITIVITY,,,40.2,0.9571428571428572,0.9571428571428571,5,B5+,0.0,0.0,0.0,0.0,17.5,21.0,27.5,126,False,,,,True,
1990,东城区,raw_snapshot,1.0,RAW_SENSITIVITY,40.0,42.0,40.0,0.9523809523809523,0.9523809523809523,1,B1,0.588156,0.5601485714285714,0.9523809523809523,1.0,3.5,5.0,5.5,126,False,,,,False,
1990,东城区,raw_snapshot,1.0,RAW_SENSITIVITY,40.0,42.0,40.0,0.9523809523809523,0.9523809523809523,2,B2,0.236361,0.22510571428571427,0.39223238095238094,0.411844,7.0,9.0,11.0,126,False,,,,False,
1990,东城区,raw_snapshot,1.0,RAW_SENSITIVITY,40.0,42.0,40.0,0.9523809523809523,0.9523809523809523,3,B3,0.133549,0.1271895238095238,0.16712666666666665,0.175483,10.5,13.0,16.5,126,False,,,,False,
1990,东城区,raw_snapshot,1.0,RAW_SENSITIVITY,40.0,42.0,40.0,0.9523809523809523,0.9523809523809523,4,B4,0.041934,0.03993714285714285,0.03993714285714285,0.041934,14.0,17.0,22.0,126,False,,,,False,
1990,东城区,raw_snapshot,1.0,RAW_SENSITIVITY,40.0,42.0,40.0,0.9523809523809523,0.9523809523809523,5,B5+,0.0,0.0,0.0,0.0,17.5,21.0,27.5,126,False,,,,False,
1991,东城区,raw_snapshot,1.0,RAW_SENSITIVITY,,,40.4,0.9619047619047618,0.9619047619047618,1,B1,0.588156,0.5657500571428571,0.9619047619047618,1.0,3.5,5.0,5.5,126,False,,,,True,
1991,东城区,raw_snapshot,1.0,RAW_SENSITIVITY,,,40.4,0.9619047619047618,0.9619047619047618,2,B2,0.236361,0.22735677142857139,0.39615470476190473,0.411844,7.0,9.0,11.0,126,False,,,,True,
1991,东城区,raw_snapshot,1.0,RAW_SENSITIVITY,,,40.4,0.9619047619047618,0.9619047619047618,3,B3,0.133549,0.12846141904761904,0.16879793333333332,0.175483,10.5,13.0,16.5,126,False,,,,True,
1991,东城区,raw_snapshot,1.0,RAW_SENSITIVITY,,,40.4,0.9619047619047618,0.9619047619047618,4,B4,0.041934,0.04033651428571428,0.04033651428571428,0.041934,14.0,17.0,22.0,126,False,,,,True,
1991,东城区,raw_snapshot,1.0,RAW_SENSITIVITY,,,40.4,0.9619047619047618,0.9619047619047618,5,B5+,0.0,0.0,0.0,0.0,17.5,21.0,27.5,126,False,,,,True,
1992,东城区,raw_snapshot,1.0,RAW_SENSITIVITY,,,40.8,0.9714285714285713,0.9714285714285714,1,B1,0.588156,0.5713515428571428,0.9714285714285714,1.0,3.5,5.0,5.5,126,False,,,,True,
1992,东城区,raw_snapshot,1.0,RAW_SENSITIVITY,,,40.8,0.9714285714285713,0.9714285714285714,2,B2,0.236361,0.22960782857142856,0.4000770285714286,0.411844,7.0,9.0,11.0,126,False,,,,True,
1992,东城区,raw_snapshot,1.0,RAW_SENSITIVITY,,,40.8,0.9714285714285713,0.9714285714285714,3,B3,0.133549,0.12973331428571427,0.1704692,0.175483,10.5,13.0,16.5,126,False,,,,True,
1992,东城区,raw_snapshot,1.0,RAW_SENSITIVITY,,,40.8,0.9714285714285713,0.9714285714285714,4,B4,0.041934,0.04073588571428571,0.04073588571428571,0.041934,14.0,17.0,22.0,126,False,,,,True,
1992,东城区,raw_snapshot,1.0,RAW_SENSITIVITY,,,40.8,0.9714285714285713,0.9714285714285714,5,B5+,0.0,0.0,0.0,0.0,17.5,21.0,27.5,126,False,,,,True,
1993,东城区,raw_snapshot,1.0,RAW_SENSITIVITY,,,41.2,0.980952380952381,0.9809523809523809,1,B1,0.588156,0.5769530285714286,0.9809523809523809,1.0,3.5,5.0,5.5,126,False,,,,True,
1993,东城区,raw_snapshot,1.0,RAW_SENSITIVITY,,,41.2,0.980952380952381,0.9809523809523809,2,B2,0.236361,0.2318588857142857,0.40399935238095236,0.411844,7.0,9.0,11.0,126,False,,,,True,
1993,东城区,raw_snapshot,1.0,RAW_SENSITIVITY,,,41.2,0.980952380952381,0.9809523809523809,3,B3,0.133549,0.1310052095238095,0.17214046666666666,0.175483,10.5,13.0,16.5,126,False,,,,True,
1993,东城区,raw_snapshot,1.0,RAW_SENSITIVITY,,,41.2,0.980952380952381,0.9809523809523809,4,B4,0.041934,0.04113525714285714,0.04113525714285714,0.041934,14.0,17.0,22.0,126,False,,,,True,
1993,东城区,raw_snapshot,1.0,RAW_SENSITIVITY,,,41.2,0.980952380952381,0.9809523809523809,5,B5+,0.0,0.0,0.0,0.0,17.5,21.0,27.5,126,False,,,,True,
1994,东城区,raw_snapshot,1.0,RAW_SENSITIVITY,,,41.6,0.9904761904761905,0.9904761904761905,1,B1,0.588156,0.5825545142857144,0.9904761904761905,1.0,3.5,5.0,5.5,126,False,,,,True,
1994,东城区,raw_snapshot,1.0,RAW_SENSITIVITY,,,41.6,0.9904761904761905,0.9904761904761905,2,B2,0.236361,0.23410994285714284,0.4079216761904762,0.411844,7.0,9.0,11.0,126,False,,,,True,
1994,东城区,raw_snapshot,1.0,RAW_SENSITIVITY,,,41.6,0.9904761904761905,0.9904761904761905,3,B3,0.133549,0.13227710476190477,0.17381173333333333,0.175483,10.5,13.0,16.5,126,False,,,,True,
1994,东城区,raw_snapshot,1.0,RAW_SENSITIVITY,,,41.6,0.9904761904761905,0.9904761904761905,4,B4,0.041934,0.041534628571428575,0.041534628571428575,0.041934,14.0,17.0,22.0,126,False,,,,True,
1994,东城区,raw_snapshot,1.0,RAW_SENSITIVITY,,,41.6,0.9904761904761905,0.9904761904761905,5,B5+,0.0,0.0,0.0,0.0,17.5,21.0,27.5,126,False,,,,True,
1995,东城区,raw_snapshot,1.0,RAW_SENSITIVITY,42.0,42.0,42.0,1.0,1.0,1,B1,0.588156,0.588156,1.0,1.0,3.5,5.0,5.5,126,False,,,,False,
1995,东城区,raw_snapshot,1.0,RAW_SENSITIVITY,42.0,42.0,42.0,1.0,1.0,2,B2,0.236361,0.236361,0.411844,0.411844,7.0,9.0,11.0,126,False,,,,False,
1995,东城区,raw_snapshot,1.0,RAW_SENSITIVITY,42.0,42.0,42.0,1.0,1.0,3,B3,0.133549,0.133549,0.175483,0.175483,10.5,13.0,16.5,126,False,,,,False,
1995,东城区,raw_snapshot,1.0,RAW_SENSITIVITY,42.0,42.0,42.0,1.0,1.0,4,B4,0.041934,0.041934,0.041934,0.041934,14.0,17.0,22.0,126,False,,,,False,
1995,东城区,raw_snapshot,1.0,RAW_SENSITIVITY,42.0,42.0,42.0,1.0,1.0,5,B5+,0.0,0.0,0.0,0.0,17.5,21.0,27.5,126,False,,,,False,
1996,东城区,raw_snapshot,1.0,RAW_SENSITIVITY,,,42.0,1.0,1.0,1,B1,0.588156,0.588156,1.0,1.0,3.5,5.0,5.5,126,False,,,,True,
1996,东城区,raw_snapshot,1.0,RAW_SENSITIVITY,,,42.0,1.0,1.0,2,B2,0.236361,0.236361,0.411844,0.411844,7.0,9.0,11.0,126,False,,,,True,
1996,东城区,raw_snapshot,1.0,RAW_SENSITIVITY,,,42.0,1.0,1.0,3,B3,0.133549,0.133549,0.175483,0.175483,10.5,13.0,16.5,126,False,,,,True,
1996,东城区,raw_snapshot,1.0,RAW_SENSITIVITY,,,42.0,1.0,1.0,4,B4,0.041934,0.041934,0.041934,0.041934,14.0,17.0,22.0,126,False,,,,True,
1996,东城区,raw_snapshot,1.0,RAW_SENSITIVITY,,,42.0,1.0,1.0,5,B5+,0.0,0.0,0.0,0.0,17.5,21.0,27.5,126,False,,,,True,
1997,东城区,raw_snapshot,1.0,RAW_SENSITIVITY,,,42.0,1.0,1.0,1,B1,0.588156,0.588156,1.0,1.0,3.5,5.0,5.5,126,False,,,,True,
1997,东城区,raw_snapshot,1.0,RAW_SENSITIVITY,,,42.0,1.0,1.0,2,B2,0.236361,0.236361,0.411844,0.411844,7.0,9.0,11.0,126,False,,,,True,
1997,东城区,raw_snapshot,1.0,RAW_SENSITIVITY,,,42.0,1.0,1.0,3,B3,0.133549,0.133549,0.175483,0.175483,10.5,13.0,16.5,126,False,,,,True,
1997,东城区,raw_snapshot,1.0,RAW_SENSITIVITY,,,42.0,1.0,1.0,4,B4,0.041934,0.041934,0.041934,0.041934,14.0,17.0,22.0,126,False,,,,True,
1997,东城区,raw_snapshot,1.0,RAW_SENSITIVITY,,,42.0,1.0,1.0,5,B5+,0.0,0.0,0.0,0.0,17.5,21.0,27.5,126,False,,,,True,
1998,东城区,raw_snapshot,1.0,RAW_SENSITIVITY,,,42.0,1.0,1.0,1,B1,0.588156,0.588156,1.0,1.0,3.5,5.0,5.5,126,False,,,,True,
1998,东城区,raw_snapshot,1.0,RAW_SENSITIVITY,,,42.0,1.0,1.0,2,B2,0.236361,0.236361,0.411844,0.411844,7.0,9.0,11.0,126,False,,,,True,
1998,东城区,raw_snapshot,1.0,RAW_SENSITIVITY,,,42.0,1.0,1.0,3,B3,0.133549,0.133549,0.175483,0.175483,10.5,13.0,16.5,126,False,,,,True,
1998,东城区,raw_snapshot,1.0,RAW_SENSITIVITY,,,42.0,1.0,1.0,4,B4,0.041934,0.041934,0.041934,0.041934,14.0,17.0,22.0,126,False,,,,True,
1998,东城区,raw_snapshot,1.0,RAW_SENSITIVITY,,,42.0,1.0,1.0,5,B5+,0.0,0.0,0.0,0.0,17.5,21.0,27.5,126,False,,,,True,
1999,东城区,raw_snapshot,1.0,RAW_SENSITIVITY,,,42.0,1.0,1.0,1,B1,0.588156,0.588156,1.0,1.0,3.5,5.0,5.5,126,False,,,,True,
1999,东城区,raw_snapshot,1.0,RAW_SENSITIVITY,,,42.0,1.0,1.0,2,B2,0.236361,0.236361,0.411844,0.411844,7.0,9.0,11.0,126,False,,,,True,
1999,东城区,raw_snapshot,1.0,RAW_SENSITIVITY,,,42.0,1.0,1.0,3,B3,0.133549,0.133549,0.175483,0.175483,10.5,13.0,16.5,126,False,,,,True,
1999,东城区,raw_snapshot,1.0,RAW_SENSITIVITY,,,42.0,1.0,1.0,4,B4,0.041934,0.041934,0.041934,0.041934,14.0,17.0,22.0,126,False,,,,True,
1999,东城区,raw_snapshot,1.0,RAW_SENSITIVITY,,,42.0,1.0,1.0,5,B5+,0.0,0.0,0.0,0.0,17.5,21.0,27.5,126,False,,,,True,
2000,东城区,raw_snapshot,1.0,RAW_SENSITIVITY,42.0,42.0,42.0,1.0,1.0,1,B1,0.588156,0.588156,1.0,1.0,3.5,5.0,5.5,126,False,,,,False,
2000,东城区,raw_snapshot,1.0,RAW_SENSITIVITY,42.0,42.0,42.0,1.0,1.0,2,B2,0.236361,0.236361,0.411844,0.411844,7.0,9.0,11.0,126,False,,,,False,
2000,东城区,raw_snapshot,1.0,RAW_SENSITIVITY,42.0,42.0,42.0,1.0,1.0,3,B3,0.133549,0.133549,0.175483,0.175483,10.5,13.0,16.5,126,False,,,,False,
2000,东城区,raw_snapshot,1.0,RAW_SENSITIVITY,42.0,42.0,42.0,1.0,1.0,4,B4,0.041934,0.041934,0.041934,0.041934,14.0,17.0,22.0,126,False,,,,False,
2000,东城区,raw_snapshot,1.0,RAW_SENSITIVITY,42.0,42.0,42.0,1.0,1.0,5,B5+,0.0,0.0,0.0,0.0,17.5,21.0,27.5,126,False,,,,False,
2001,东城区,raw_snapshot,1.0,RAW_SENSITIVITY,,,42.0,1.0,1.0,1,B1,0.588156,0.588156,1.0,1.0,3.5,5.0,5.5,126,False,,,,True,
2001,东城区,raw_snapshot,1.0,RAW_SENSITIVITY,,,42.0,1.0,1.0,2,B2,0.236361,0.236361,0.411844,0.411844,7.0,9.0,11.0,126,False,,,,True,
2001,东城区,raw_snapshot,1.0,RAW_SENSITIVITY,,,42.0,1.0,1.0,3,B3,0.133549,0.133549,0.175483,0.175483,10.5,13.0,16.5,126,False,,,,True,
2001,东城区,raw_snapshot,1.0,RAW_SENSITIVITY,,,42.0,1.0,1.0,4,B4,0.041934,0.041934,0.041934,0.041934,14.0,17.0,22.0,126,False,,,,True,
2001,东城区,raw_snapshot,1.0,RAW_SENSITIVITY,,,42.0,1.0,1.0,5,B5+,0.0,0.0,0.0,0.0,17.5,21.0,27.5,126,False,,,,True,
2002,东城区,raw_snapshot,1.0,RAW_SENSITIVITY,,,42.0,1.0,1.0,1,B1,0.588156,0.588156,1.0,1.0,3.5,5.0,5.5,126,False,,,,True,
2002,东城区,raw_snapshot,1.0,RAW_SENSITIVITY,,,42.0,1.0,1.0,2,B2,0.236361,0.236361,0.411844,0.411844,7.0,9.0,11.0,126,False,,,,True,
2002,东城区,raw_snapshot,1.0,RAW_SENSITIVITY,,,42.0,1.0,1.0,3,B3,0.133549,0.133549,0.175483,0.175483,10.5,13.0,16.5,126,False,,,,True,
2002,东城区,raw_snapshot,1.0,RAW_SENSITIVITY,,,42.0,1.0,1.0,4,B4,0.041934,0.041934,0.041934,0.041934,14.0,17.0,22.0,126,False,,,,True,
2002,东城区,raw_snapshot,1.0,RAW_SENSITIVITY,,,42.0,1.0,1.0,5,B5+,0.0,0.0,0.0,0.0,17.5,21.0,27.5,126,False,,,,True,
2003,东城区,raw_snapshot,1.0,RAW_SENSITIVITY,,,42.0,1.0,1.0,1,B1,0.588156,0.588156,1.0,1.0,3.5,5.0,5.5,126,False,,,,True,
2003,东城区,raw_snapshot,1.0,RAW_SENSITIVITY,,,42.0,1.0,1.0,2,B2,0.236361,0.236361,0.411844,0.411844,7.0,9.0,11.0,126,False,,,,True,
2003,东城区,raw_snapshot,1.0,RAW_SENSITIVITY,,,42.0,1.0,1.0,3,B3,0.133549,0.133549,0.175483,0.175483,10.5,13.0,16.5,126,False,,,,True,
2003,东城区,raw_snapshot,1.0,RAW_SENSITIVITY,,,42.0,1.0,1.0,4,B4,0.041934,0.041934,0.041934,0.041934,14.0,17.0,22.0,126,False,,,,True,
2003,东城区,raw_snapshot,1.0,RAW_SENSITIVITY,,,42.0,1.0,1.0,5,B5+,0.0,0.0,0.0,0.0,17.5,21.0,27.5,126,False,,,,True,
2004,东城区,raw_snapshot,1.0,RAW_SENSITIVITY,,,42.0,1.0,1.0,1,B1,0.588156,0.588156,1.0,1.0,3.5,5.0,5.5,126,False,,,,True,
2004,东城区,raw_snapshot,1.0,RAW_SENSITIVITY,,,42.0,1.0,1.0,2,B2,0.236361,0.236361,0.411844,0.411844,7.0,9.0,11.0,126,False,,,,True,
2004,东城区,raw_snapshot,1.0,RAW_SENSITIVITY,,,42.0,1.0,1.0,3,B3,0.133549,0.133549,0.175483,0.175483,10.5,13.0,16.5,126,False,,,,True,
2004,东城区,raw_snapshot,1.0,RAW_SENSITIVITY,,,42.0,1.0,1.0,4,B4,0.041934,0.041934,0.041934,0.041934,14.0,17.0,22.0,126,False,,,,True,
2004,东城区,raw_snapshot,1.0,RAW_SENSITIVITY,,,42.0,1.0,1.0,5,B5+,0.0,0.0,0.0,0.0,17.5,21.0,27.5,126,False,,,,True,
2005,东城区,raw_snapshot,1.0,RAW_SENSITIVITY,42.0,42.0,42.0,1.0,1.0,1,B1,0.588156,0.588156,1.0,1.0,3.5,5.0,5.5,126,False,,,,False,
2005,东城区,raw_snapshot,1.0,RAW_SENSITIVITY,42.0,42.0,42.0,1.0,1.0,2,B2,0.236361,0.236361,0.411844,0.411844,7.0,9.0,11.0,126,False,,,,False,
2005,东城区,raw_snapshot,1.0,RAW_SENSITIVITY,42.0,42.0,42.0,1.0,1.0,3,B3,0.133549,0.133549,0.175483,0.175483,10.5,13.0,16.5,126,False,,,,False,
2005,东城区,raw_snapshot,1.0,RAW_SENSITIVITY,42.0,42.0,42.0,1.0,1.0,4,B4,0.041934,0.041934,0.041934,0.041934,14.0,17.0,22.0,126,False,,,,False,
2005,东城区,raw_snapshot,1.0,RAW_SENSITIVITY,42.0,42.0,42.0,1.0,1.0,5,B5+,0.0,0.0,0.0,0.0,17.5,21.0,27.5,126,False,,,,False,
2006,东城区,raw_snapshot,1.0,RAW_SENSITIVITY,,,42.0,1.0,1.0,1,B1,0.588156,0.588156,1.0,1.0,3.5,5.0,5.5,126,False,,,,True,
2006,东城区,raw_snapshot,1.0,RAW_SENSITIVITY,,,42.0,1.0,1.0,2,B2,0.236361,0.236361,0.411844,0.411844,7.0,9.0,11.0,126,False,,,,True,
2006,东城区,raw_snapshot,1.0,RAW_SENSITIVITY,,,42.0,1.0,1.0,3,B3,0.133549,0.133549,0.175483,0.175483,10.5,13.0,16.5,126,False,,,,True,
2006,东城区,raw_snapshot,1.0,RAW_SENSITIVITY,,,42.0,1.0,1.0,4,B4,0.041934,0.041934,0.041934,0.041934,14.0,17.0,22.0,126,False,,,,True,
2006,东城区,raw_snapshot,1.0,RAW_SENSITIVITY,,,42.0,1.0,1.0,5,B5+,0.0,0.0,0.0,0.0,17.5,21.0,27.5,126,False,,,,True,
2007,东城区,raw_snapshot,1.0,RAW_SENSITIVITY,,,42.0,1.0,1.0,1,B1,0.588156,0.588156,1.0,1.0,3.5,5.0,5.5,126,False,,,,True,
2007,东城区,raw_snapshot,1.0,RAW_SENSITIVITY,,,42.0,1.0,1.0,2,B2,0.236361,0.236361,0.411844,0.411844,7.0,9.0,11.0,126,False,,,,True,
2007,东城区,raw_snapshot,1.0,RAW_SENSITIVITY,,,42.0,1.0,1.0,3,B3,0.133549,0.133549,0.175483,0.175483,10.5,13.0,16.5,126,False,,,,True,
2007,东城区,raw_snapshot,1.0,RAW_SENSITIVITY,,,42.0,1.0,1.0,4,B4,0.041934,0.041934,0.041934,0.041934,14.0,17.0,22.0,126,False,,,,True,
2007,东城区,raw_snapshot,1.0,RAW_SENSITIVITY,,,42.0,1.0,1.0,5,B5+,0.0,0.0,0.0,0.0,17.5,21.0,27.5,126,False,,,,True,
2008,东城区,raw_snapshot,1.0,RAW_SENSITIVITY,,,42.0,1.0,1.0,1,B1,0.588156,0.588156,1.0,1.0,3.5,5.0,5.5,126,False,,,,True,
2008,东城区,raw_snapshot,1.0,RAW_SENSITIVITY,,,42.0,1.0,1.0,2,B2,0.236361,0.236361,0.411844,0.411844,7.0,9.0,11.0,126,False,,,,True,
2008,东城区,raw_snapshot,1.0,RAW_SENSITIVITY,,,42.0,1.0,1.0,3,B3,0.133549,0.133549,0.175483,0.175483,10.5,13.0,16.5,126,False,,,,True,
2008,东城区,raw_snapshot,1.0,RAW_SENSITIVITY,,,42.0,1.0,1.0,4,B4,0.041934,0.041934,0.041934,0.041934,14.0,17.0,22.0,126,False,,,,True,
2008,东城区,raw_snapshot,1.0,RAW_SENSITIVITY,,,42.0,1.0,1.0,5,B5+,0.0,0.0,0.0,0.0,17.5,21.0,27.5,126,False,,,,True,
2009,东城区,raw_snapshot,1.0,RAW_SENSITIVITY,,,42.0,1.0,1.0,1,B1,0.588156,0.588156,1.0,1.0,3.5,5.0,5.5,126,False,,,,True,
2009,东城区,raw_snapshot,1.0,RAW_SENSITIVITY,,,42.0,1.0,1.0,2,B2,0.236361,0.236361,0.411844,0.411844,7.0,9.0,11.0,126,False,,,,True,
2009,东城区,raw_snapshot,1.0,RAW_SENSITIVITY,,,42.0,1.0,1.0,3,B3,0.133549,0.133549,0.175483,0.175483,10.5,13.0,16.5,126,False,,,,True,
2009,东城区,raw_snapshot,1.0,RAW_SENSITIVITY,,,42.0,1.0,1.0,4,B4,0.041934,0.041934,0.041934,0.041934,14.0,17.0,22.0,126,False,,,,True,
2009,东城区,raw_snapshot,1.0,RAW_SENSITIVITY,,,42.0,1.0,1.0,5,B5+,0.0,0.0,0.0,0.0,17.5,21.0,27.5,126,False,,,,True,
2010,东城区,raw_snapshot,1.0,RAW_SENSITIVITY,42.0,42.0,42.0,1.0,1.0,1,B1,0.588156,0.588156,1.0,1.0,3.5,5.0,5.5,126,False,,,,False,
2010,东城区,raw_snapshot,1.0,RAW_SENSITIVITY,42.0,42.0,42.0,1.0,1.0,2,B2,0.236361,0.236361,0.411844,0.411844,7.0,9.0,11.0,126,False,,,,False,
2010,东城区,raw_snapshot,1.0,RAW_SENSITIVITY,42.0,42.0,42.0,1.0,1.0,3,B3,0.133549,0.133549,0.175483,0.175483,10.5,13.0,16.5,126,False,,,,False,
2010,东城区,raw_snapshot,1.0,RAW_SENSITIVITY,42.0,42.0,42.0,1.0,1.0,4,B4,0.041934,0.041934,0.041934,0.041934,14.0,17.0,22.0,126,False,,,,False,
2010,东城区,raw_snapshot,1.0,RAW_SENSITIVITY,42.0,42.0,42.0,1.0,1.0,5,B5+,0.0,0.0,0.0,0.0,17.5,21.0,27.5,126,False,,,,False,
2011,东城区,raw_snapshot,1.0,RAW_SENSITIVITY,,,42.0,1.0,1.0,1,B1,0.588156,0.588156,1.0,1.0,3.5,5.0,5.5,126,False,,,,True,
2011,东城区,raw_snapshot,1.0,RAW_SENSITIVITY,,,42.0,1.0,1.0,2,B2,0.236361,0.236361,0.411844,0.411844,7.0,9.0,11.0,126,False,,,,True,
2011,东城区,raw_snapshot,1.0,RAW_SENSITIVITY,,,42.0,1.0,1.0,3,B3,0.133549,0.133549,0.175483,0.175483,10.5,13.0,16.5,126,False,,,,True,
2011,东城区,raw_snapshot,1.0,RAW_SENSITIVITY,,,42.0,1.0,1.0,4,B4,0.041934,0.041934,0.041934,0.041934,14.0,17.0,22.0,126,False,,,,True,
2011,东城区,raw_snapshot,1.0,RAW_SENSITIVITY,,,42.0,1.0,1.0,5,B5+,0.0,0.0,0.0,0.0,17.5,21.0,27.5,126,False,,,,True,
2012,东城区,raw_snapshot,1.0,RAW_SENSITIVITY,,,42.0,1.0,1.0,1,B1,0.588156,0.588156,1.0,1.0,3.5,5.0,5.5,126,False,,,,True,
2012,东城区,raw_snapshot,1.0,RAW_SENSITIVITY,,,42.0,1.0,1.0,2,B2,0.236361,0.236361,0.411844,0.411844,7.0,9.0,11.0,126,False,,,,True,
2012,东城区,raw_snapshot,1.0,RAW_SENSITIVITY,,,42.0,1.0,1.0,3,B3,0.133549,0.133549,0.175483,0.175483,10.5,13.0,16.5,126,False,,,,True,
2012,东城区,raw_snapshot,1.0,RAW_SENSITIVITY,,,42.0,1.0,1.0,4,B4,0.041934,0.041934,0.041934,0.041934,14.0,17.0,22.0,126,False,,,,True,
2012,东城区,raw_snapshot,1.0,RAW_SENSITIVITY,,,42.0,1.0,1.0,5,B5+,0.0,0.0,0.0,0.0,17.5,21.0,27.5,126,False,,,,True,
2013,东城区,raw_snapshot,1.0,RAW_SENSITIVITY,,,42.0,1.0,1.0,1,B1,0.588156,0.588156,1.0,1.0,3.5,5.0,5.5,126,False,,,,True,
2013,东城区,raw_snapshot,1.0,RAW_SENSITIVITY,,,42.0,1.0,1.0,2,B2,0.236361,0.236361,0.411844,0.411844,7.0,9.0,11.0,126,False,,,,True,
2013,东城区,raw_snapshot,1.0,RAW_SENSITIVITY,,,42.0,1.0,1.0,3,B3,0.133549,0.133549,0.175483,0.175483,10.5,13.0,16.5,126,False,,,,True,
2013,东城区,raw_snapshot,1.0,RAW_SENSITIVITY,,,42.0,1.0,1.0,4,B4,0.041934,0.041934,0.041934,0.041934,14.0,17.0,22.0,126,False,,,,True,
2013,东城区,raw_snapshot,1.0,RAW_SENSITIVITY,,,42.0,1.0,1.0,5,B5+,0.0,0.0,0.0,0.0,17.5,21.0,27.5,126,False,,,,True,
2014,东城区,raw_snapshot,1.0,RAW_SENSITIVITY,,,42.0,1.0,1.0,1,B1,0.588156,0.588156,1.0,1.0,3.5,5.0,5.5,126,False,,,,True,
2014,东城区,raw_snapshot,1.0,RAW_SENSITIVITY,,,42.0,1.0,1.0,2,B2,0.236361,0.236361,0.411844,0.411844,7.0,9.0,11.0,126,False,,,,True,
2014,东城区,raw_snapshot,1.0,RAW_SENSITIVITY,,,42.0,1.0,1.0,3,B3,0.133549,0.133549,0.175483,0.175483,10.5,13.0,16.5,126,False,,,,True,
2014,东城区,raw_snapshot,1.0,RAW_SENSITIVITY,,,42.0,1.0,1.0,4,B4,0.041934,0.041934,0.041934,0.041934,14.0,17.0,22.0,126,False,,,,True,
2014,东城区,raw_snapshot,1.0,RAW_SENSITIVITY,,,42.0,1.0,1.0,5,B5+,0.0,0.0,0.0,0.0,17.5,21.0,27.5,126,False,,,,True,
2015,东城区,raw_snapshot,1.0,RAW_SENSITIVITY,42.0,42.0,42.0,1.0,1.0,1,B1,0.588156,0.588156,1.0,1.0,3.5,5.0,5.5,126,False,,,,False,
2015,东城区,raw_snapshot,1.0,RAW_SENSITIVITY,42.0,42.0,42.0,1.0,1.0,2,B2,0.236361,0.236361,0.411844,0.411844,7.0,9.0,11.0,126,False,,,,False,
2015,东城区,raw_snapshot,1.0,RAW_SENSITIVITY,42.0,42.0,42.0,1.0,1.0,3,B3,0.133549,0.133549,0.175483,0.175483,10.5,13.0,16.5,126,False,,,,False,
2015,东城区,raw_snapshot,1.0,RAW_SENSITIVITY,42.0,42.0,42.0,1.0,1.0,4,B4,0.041934,0.041934,0.041934,0.041934,14.0,17.0,22.0,126,False,,,,False,
2015,东城区,raw_snapshot,1.0,RAW_SENSITIVITY,42.0,42.0,42.0,1.0,1.0,5,B5+,0.0,0.0,0.0,0.0,17.5,21.0,27.5,126,False,,,,False,
2016,东城区,raw_snapshot,1.0,RAW_SENSITIVITY,,,42.0,1.0,1.0,1,B1,0.588156,0.588156,1.0,1.0,3.5,5.0,5.5,126,False,,,,True,
2016,东城区,raw_snapshot,1.0,RAW_SENSITIVITY,,,42.0,1.0,1.0,2,B2,0.236361,0.236361,0.411844,0.411844,7.0,9.0,11.0,126,False,,,,True,
2016,东城区,raw_snapshot,1.0,RAW_SENSITIVITY,,,42.0,1.0,1.0,3,B3,0.133549,0.133549,0.175483,0.175483,10.5,13.0,16.5,126,False,,,,True,
2016,东城区,raw_snapshot,1.0,RAW_SENSITIVITY,,,42.0,1.0,1.0,4,B4,0.041934,0.041934,0.041934,0.041934,14.0,17.0,22.0,126,False,,,,True,
2016,东城区,raw_snapshot,1.0,RAW_SENSITIVITY,,,42.0,1.0,1.0,5,B5+,0.0,0.0,0.0,0.0,17.5,21.0,27.5,126,False,,,,True,
2017,东城区,raw_snapshot,1.0,RAW_SENSITIVITY,,,42.0,1.0,1.0,1,B1,0.588156,0.588156,1.0,1.0,3.5,5.0,5.5,126,False,,,,True,
2017,东城区,raw_snapshot,1.0,RAW_SENSITIVITY,,,42.0,1.0,1.0,2,B2,0.236361,0.236361,0.411844,0.411844,7.0,9.0,11.0,126,False,,,,True,
2017,东城区,raw_snapshot,1.0,RAW_SENSITIVITY,,,42.0,1.0,1.0,3,B3,0.133549,0.133549,0.175483,0.175483,10.5,13.0,16.5,126,False,,,,True,
2017,东城区,raw_snapshot,1.0,RAW_SENSITIVITY,,,42.0,1.0,1.0,4,B4,0.041934,0.041934,0.041934,0.041934,14.0,17.0,22.0,126,False,,,,True,
2017,东城区,raw_snapshot,1.0,RAW_SENSITIVITY,,,42.0,1.0,1.0,5,B5+,0.0,0.0,0.0,0.0,17.5,21.0,27.5,126,False,,,,True,
2018,东城区,raw_snapshot,1.0,RAW_SENSITIVITY,,,42.0,1.0,1.0,1,B1,0.588156,0.588156,1.0,1.0,3.5,5.0,5.5,126,False,,,,True,
2018,东城区,raw_snapshot,1.0,RAW_SENSITIVITY,,,42.0,1.0,1.0,2,B2,0.236361,0.236361,0.411844,0.411844,7.0,9.0,11.0,126,False,,,,True,
2018,东城区,raw_snapshot,1.0,RAW_SENSITIVITY,,,42.0,1.0,1.0,3,B3,0.133549,0.133549,0.175483,0.175483,10.5,13.0,16.5,126,False,,,,True,
2018,东城区,raw_snapshot,1.0,RAW_SENSITIVITY,,,42.0,1.0,1.0,4,B4,0.041934,0.041934,0.041934,0.041934,14.0,17.0,22.0,126,False,,,,True,
2018,东城区,raw_snapshot,1.0,RAW_SENSITIVITY,,,42.0,1.0,1.0,5,B5+,0.0,0.0,0.0,0.0,17.5,21.0,27.5,126,False,,,,True,
2019,东城区,raw_snapshot,1.0,RAW_SENSITIVITY,,,42.0,1.0,1.0,1,B1,0.588156,0.588156,1.0,1.0,3.5,5.0,5.5,126,False,,,,True,
2019,东城区,raw_snapshot,1.0,RAW_SENSITIVITY,,,42.0,1.0,1.0,2,B2,0.236361,0.236361,0.411844,0.411844,7.0,9.0,11.0,126,False,,,,True,
2019,东城区,raw_snapshot,1.0,RAW_SENSITIVITY,,,42.0,1.0,1.0,3,B3,0.133549,0.133549,0.175483,0.175483,10.5,13.0,16.5,126,False,,,,True,
2019,东城区,raw_snapshot,1.0,RAW_SENSITIVITY,,,42.0,1.0,1.0,4,B4,0.041934,0.041934,0.041934,0.041934,14.0,17.0,22.0,126,False,,,,True,
2019,东城区,raw_snapshot,1.0,RAW_SENSITIVITY,,,42.0,1.0,1.0,5,B5+,0.0,0.0,0.0,0.0,17.5,21.0,27.5,126,False,,,,True,
2020,东城区,raw_snapshot,1.0,RAW_SENSITIVITY,42.0,42.0,42.0,1.0,1.0,1,B1,0.588156,0.588156,1.0,1.0,3.5,5.0,5.5,126,False,,,,False,
2020,东城区,raw_snapshot,1.0,RAW_SENSITIVITY,42.0,42.0,42.0,1.0,1.0,2,B2,0.236361,0.236361,0.411844,0.411844,7.0,9.0,11.0,126,False,,,,False,
2020,东城区,raw_snapshot,1.0,RAW_SENSITIVITY,42.0,42.0,42.0,1.0,1.0,3,B3,0.133549,0.133549,0.175483,0.175483,10.5,13.0,16.5,126,False,,,,False,
2020,东城区,raw_snapshot,1.0,RAW_SENSITIVITY,42.0,42.0,42.0,1.0,1.0,4,B4,0.041934,0.041934,0.041934,0.041934,14.0,17.0,22.0,126,False,,,,False,
2020,东城区,raw_snapshot,1.0,RAW_SENSITIVITY,42.0,42.0,42.0,1.0,1.0,5,B5+,0.0,0.0,0.0,0.0,17.5,21.0,27.5,126,False,,,,False,
1980,丰台区,raw_snapshot,1.0,RAW_SENSITIVITY,61.0,61.0,61.0,0.3609467455621302,0.3609467455621302,1,B1,0.496998,0.17938981065088758,0.3609467455621302,1.0,3.5,5.0,5.5,246,False,,,,False,
1980,丰台区,raw_snapshot,1.0,RAW_SENSITIVITY,61.0,61.0,61.0,0.3609467455621302,0.3609467455621302,2,B2,0.323116,0.11662766863905326,0.18155693491124264,0.5030020000000001,7.0,9.0,11.0,246,False,,,,False,
1980,丰台区,raw_snapshot,1.0,RAW_SENSITIVITY,61.0,61.0,61.0,0.3609467455621302,0.3609467455621302,3,B3,0.148102,0.05345693491124261,0.06492926627218935,0.17988600000000002,10.5,13.0,16.5,246,False,,,,False,
1980,丰台区,raw_snapshot,1.0,RAW_SENSITIVITY,61.0,61.0,61.0,0.3609467455621302,0.3609467455621302,4,B4,0.031784,0.011472331360946745,0.011472331360946745,0.031784,14.0,17.0,22.0,246,False,,,,False,
1980,丰台区,raw_snapshot,1.0,RAW_SENSITIVITY,61.0,61.0,61.0,0.3609467455621302,0.3609467455621302,5,B5+,0.0,0.0,0.0,0.0,17.5,21.0,27.5,246,False,,,,False,
1981,丰台区,raw_snapshot,1.0,RAW_SENSITIVITY,,,61.3,0.36272189349112427,0.36272189349112427,1,B1,0.496998,0.18027205562130177,0.36272189349112427,1.0,3.5,5.0,5.5,246,False,,,,True,
1981,丰台区,raw_snapshot,1.0,RAW_SENSITIVITY,,,61.3,0.36272189349112427,0.36272189349112427,2,B2,0.323116,0.11720124733727812,0.18244983786982252,0.5030020000000001,7.0,9.0,11.0,246,False,,,,True,
1981,丰台区,raw_snapshot,1.0,RAW_SENSITIVITY,,,61.3,0.36272189349112427,0.36272189349112427,3,B3,0.148102,0.05371983786982249,0.06524859053254439,0.17988600000000002,10.5,13.0,16.5,246,False,,,,True,
1981,丰台区,raw_snapshot,1.0,RAW_SENSITIVITY,,,61.3,0.36272189349112427,0.36272189349112427,4,B4,0.031784,0.011528752662721894,0.011528752662721894,0.031784,14.0,17.0,22.0,246,False,,,,True,
1981,丰台区,raw_snapshot,1.0,RAW_SENSITIVITY,,,61.3,0.36272189349112427,0.36272189349112427,5,B5+,0.0,0.0,0.0,0.0,17.5,21.0,27.5,246,False,,,,True,
1982,丰台区,raw_snapshot,1.0,RAW_SENSITIVITY,,,61.6,0.36449704142011835,0.36449704142011835,1,B1,0.496998,0.18115430059171597,0.36449704142011835,1.0,3.5,5.0,5.5,246,False,,,,True,
1982,丰台区,raw_snapshot,1.0,RAW_SENSITIVITY,,,61.6,0.36449704142011835,0.36449704142011835,2,B2,0.323116,0.11777482603550296,0.1833427408284024,0.5030020000000001,7.0,9.0,11.0,246,False,,,,True,
1982,丰台区,raw_snapshot,1.0,RAW_SENSITIVITY,,,61.6,0.36449704142011835,0.36449704142011835,3,B3,0.148102,0.05398274082840237,0.06556791479289942,0.17988600000000002,10.5,13.0,16.5,246,False,,,,True,
1982,丰台区,raw_snapshot,1.0,RAW_SENSITIVITY,,,61.6,0.36449704142011835,0.36449704142011835,4,B4,0.031784,0.011585173964497042,0.011585173964497042,0.031784,14.0,17.0,22.0,246,False,,,,True,
1982,丰台区,raw_snapshot,1.0,RAW_SENSITIVITY,,,61.6,0.36449704142011835,0.36449704142011835,5,B5+,0.0,0.0,0.0,0.0,17.5,21.0,27.5,246,False,,,,True,
1983,丰台区,raw_snapshot,1.0,RAW_SENSITIVITY,,,61.9,0.36627218934911243,0.36627218934911243,1,B1,0.496998,0.18203654556213017,0.36627218934911243,1.0,3.5,5.0,5.5,246,False,,,,True,
1983,丰台区,raw_snapshot,1.0,RAW_SENSITIVITY,,,61.9,0.36627218934911243,0.36627218934911243,2,B2,0.323116,0.11834840473372782,0.18423564378698226,0.5030020000000001,7.0,9.0,11.0,246,False,,,,True,
1983,丰台区,raw_snapshot,1.0,RAW_SENSITIVITY,,,61.9,0.36627218934911243,0.36627218934911243,3,B3,0.148102,0.05424564378698225,0.06588723905325444,0.17988600000000002,10.5,13.0,16.5,246,False,,,,True,
1983,丰台区,raw_snapshot,1.0,RAW_SENSITIVITY,,,61.9,0.36627218934911243,0.36627218934911243,4,B4,0.031784,0.01164159526627219,0.01164159526627219,0.031784,14.0,17.0,22.0,246,False,,,,True,
1983,丰台区,raw_snapshot,1.0,RAW_SENSITIVITY,,,61.9,0.36627218934911243,0.36627218934911243,5,B5+,0.0,0.0,0.0,0.0,17.5,21.0,27.5,246,False,,,,True,
1984,丰台区,raw_snapshot,1.0,RAW_SENSITIVITY,,,62.2,0.3680473372781065,0.3680473372781065,1,B1,0.496998,0.18291879053254437,0.3680473372781065,1.0,3.5,5.0,5.5,246,False,,,,True,
1984,丰台区,raw_snapshot,1.0,RAW_SENSITIVITY,,,62.2,0.3680473372781065,0.3680473372781065,2,B2,0.323116,0.11892198343195266,0.18512854674556214,0.5030020000000001,7.0,9.0,11.0,246,False,,,,True,
1984,丰台区,raw_snapshot,1.0,RAW_SENSITIVITY,,,62.2,0.3680473372781065,0.3680473372781065,3,B3,0.148102,0.05450854674556214,0.06620656331360948,0.17988600000000002,10.5,13.0,16.5,246,False,,,,True,
1984,丰台区,raw_snapshot,1.0,RAW_SENSITIVITY,,,62.2,0.3680473372781065,0.3680473372781065,4,B4,0.031784,0.011698016568047337,0.011698016568047337,0.031784,14.0,17.0,22.0,246,False,,,,True,
1984,丰台区,raw_snapshot,1.0,RAW_SENSITIVITY,,,62.2,0.3680473372781065,0.3680473372781065,5,B5+,0.0,0.0,0.0,0.0,17.5,21.0,27.5,246,False,,,,True,
1985,丰台区,raw_snapshot,1.0,RAW_SENSITIVITY,,,62.5,0.3698224852071006,0.3698224852071006,1,B1,0.496998,0.18380103550295857,0.3698224852071006,1.0,3.5,5.0,5.5,246,False,,,,True,
1985,丰台区,raw_snapshot,1.0,RAW_SENSITIVITY,,,62.5,0.3698224852071006,0.3698224852071006,2,B2,0.323116,0.11949556213017752,0.18602144970414203,0.5030020000000001,7.0,9.0,11.0,246,False,,,,True,
1985,丰台区,raw_snapshot,1.0,RAW_SENSITIVITY,,,62.5,0.3698224852071006,0.3698224852071006,3,B3,0.148102,0.054771449704142015,0.0665258875739645,0.17988600000000002,10.5,13.0,16.5,246,False,,,,True,
1985,丰台区,raw_snapshot,1.0,RAW_SENSITIVITY,,,62.5,0.3698224852071006,0.3698224852071006,4,B4,0.031784,0.011754437869822484,0.011754437869822484,0.031784,14.0,17.0,22.0,246,False,,,,True,
1985,丰台区,raw_snapshot,1.0,RAW_SENSITIVITY,,,62.5,0.3698224852071006,0.3698224852071006,5,B5+,0.0,0.0,0.0,0.0,17.5,21.0,27.5,246,False,,,,True,
1986,丰台区,raw_snapshot,1.0,RAW_SENSITIVITY,,,62.8,0.3715976331360947,0.3715976331360947,1,B1,0.496998,0.1846832804733728,0.3715976331360947,1.0,3.5,5.0,5.5,246,False,,,,True,
1986,丰台区,raw_snapshot,1.0,RAW_SENSITIVITY,,,62.8,0.3715976331360947,0.3715976331360947,2,B2,0.323116,0.12006914082840237,0.1869143526627219,0.5030020000000001,7.0,9.0,11.0,246,False,,,,True,
1986,丰台区,raw_snapshot,1.0,RAW_SENSITIVITY,,,62.8,0.3715976331360947,0.3715976331360947,3,B3,0.148102,0.0550343526627219,0.06684521183431953,0.17988600000000002,10.5,13.0,16.5,246,False,,,,True,
1986,丰台区,raw_snapshot,1.0,RAW_SENSITIVITY,,,62.8,0.3715976331360947,0.3715976331360947,4,B4,0.031784,0.011810859171597634,0.011810859171597634,0.031784,14.0,17.0,22.0,246,False,,,,True,
1986,丰台区,raw_snapshot,1.0,RAW_SENSITIVITY,,,62.8,0.3715976331360947,0.3715976331360947,5,B5+,0.0,0.0,0.0,0.0,17.5,21.0,27.5,246,False,,,,True,
1987,丰台区,raw_snapshot,1.0,RAW_SENSITIVITY,,,63.1,0.37337278106508875,0.37337278106508875,1,B1,0.496998,0.185565525443787,0.37337278106508875,1.0,3.5,5.0,5.5,246,False,,,,True,
1987,丰台区,raw_snapshot,1.0,RAW_SENSITIVITY,,,63.1,0.37337278106508875,0.37337278106508875,2,B2,0.323116,0.12064271952662722,0.1878072556213018,0.5030020000000001,7.0,9.0,11.0,246,False,,,,True,
1987,丰台区,raw_snapshot,1.0,RAW_SENSITIVITY,,,63.1,0.37337278106508875,0.37337278106508875,3,B3,0.148102,0.05529725562130178,0.06716453609467456,0.17988600000000002,10.5,13.0,16.5,246,False,,,,True,
1987,丰台区,raw_snapshot,1.0,RAW_SENSITIVITY,,,63.1,0.37337278106508875,0.37337278106508875,4,B4,0.031784,0.011867280473372781,0.011867280473372781,0.031784,14.0,17.0,22.0,246,False,,,,True,
1987,丰台区,raw_snapshot,1.0,RAW_SENSITIVITY,,,63.1,0.37337278106508875,0.37337278106508875,5,B5+,0.0,0.0,0.0,0.0,17.5,21.0,27.5,246,False,,,,True,
1988,丰台区,raw_snapshot,1.0,RAW_SENSITIVITY,,,63.4,0.37514792899408284,0.37514792899408284,1,B1,0.496998,0.18644777041420119,0.37514792899408284,1.0,3.5,5.0,5.5,246,False,,,,True,
1988,丰台区,raw_snapshot,1.0,RAW_SENSITIVITY,,,63.4,0.37514792899408284,0.37514792899408284,2,B2,0.323116,0.12121629822485208,0.18870015857988168,0.5030020000000001,7.0,9.0,11.0,246,False,,,,True,
1988,丰台区,raw_snapshot,1.0,RAW_SENSITIVITY,,,63.4,0.37514792899408284,0.37514792899408284,3,B3,0.148102,0.05556015857988166,0.0674838603550296,0.17988600000000002,10.5,13.0,16.5,246,False,,,,True,
1988,丰台区,raw_snapshot,1.0,RAW_SENSITIVITY,,,63.4,0.37514792899408284,0.37514792899408284,4,B4,0.031784,0.011923701775147929,0.011923701775147929,0.031784,14.0,17.0,22.0,246,False,,,,True,
1988,丰台区,raw_snapshot,1.0,RAW_SENSITIVITY,,,63.4,0.37514792899408284,0.37514792899408284,5,B5+,0.0,0.0,0.0,0.0,17.5,21.0,27.5,246,False,,,,True,
1989,丰台区,raw_snapshot,1.0,RAW_SENSITIVITY,,,63.7,0.3769230769230769,0.3769230769230769,1,B1,0.496998,0.18733001538461538,0.3769230769230769,1.0,3.5,5.0,5.5,246,False,,,,True,
1989,丰台区,raw_snapshot,1.0,RAW_SENSITIVITY,,,63.7,0.3769230769230769,0.3769230769230769,2,B2,0.323116,0.12178987692307693,0.18959306153846156,0.5030020000000001,7.0,9.0,11.0,246,False,,,,True,
1989,丰台区,raw_snapshot,1.0,RAW_SENSITIVITY,,,63.7,0.3769230769230769,0.3769230769230769,3,B3,0.148102,0.05582306153846154,0.06780318461538462,0.17988600000000002,10.5,13.0,16.5,246,False,,,,True,
1989,丰台区,raw_snapshot,1.0,RAW_SENSITIVITY,,,63.7,0.3769230769230769,0.3769230769230769,4,B4,0.031784,0.011980123076923076,0.011980123076923076,0.031784,14.0,17.0,22.0,246,False,,,,True,
1989,丰台区,raw_snapshot,1.0,RAW_SENSITIVITY,,,63.7,0.3769230769230769,0.3769230769230769,5,B5+,0.0,0.0,0.0,0.0,17.5,21.0,27.5,246,False,,,,True,
1990,丰台区,raw_snapshot,1.0,RAW_SENSITIVITY,64.0,64.0,64.0,0.378698224852071,0.378698224852071,1,B1,0.496998,0.18821226035502958,0.378698224852071,1.0,3.5,5.0,5.5,246,False,,,,False,
1990,丰台区,raw_snapshot,1.0,RAW_SENSITIVITY,64.0,64.0,64.0,0.378698224852071,0.378698224852071,2,B2,0.323116,0.12236345562130178,0.19048596449704144,0.5030020000000001,7.0,9.0,11.0,246,False,,,,False,
1990,丰台区,raw_snapshot,1.0,RAW_SENSITIVITY,64.0,64.0,64.0,0.378698224852071,0.378698224852071,3,B3,0.148102,0.056085964497041424,0.06812250887573965,0.17988600000000002,10.5,13.0,16.5,246,False,,,,False,
1990,丰台区,raw_snapshot,1.0,RAW_SENSITIVITY,64.0,64.0,64.0,0.378698224852071,0.378698224852071,4,B4,0.031784,0.012036544378698225,0.012036544378698225,0.031784,14.0,17.0,22.0,246,False,,,,False,
1990,丰台区,raw_snapshot,1.0,RAW_SENSITIVITY,64.0,64.0,64.0,0.378698224852071,0.378698224852071,5,B5+,0.0,0.0,0.0,0.0,17.5,21.0,27.5,246,False,,,,False,
1991,丰台区,raw_snapshot,1.0,RAW_SENSITIVITY,,,83.8,0.49585798816568044,0.4958579881656805,1,B1,0.496998,0.24644042840236688,0.4958579881656805,1.0,3.5,5.0,5.5,246,False,,,,True,
1991,丰台区,raw_snapshot,1.0,RAW_SENSITIVITY,,,83.8,0.49585798816568044,0.4958579881656805,2,B2,0.323116,0.16021964970414201,0.24941755976331365,0.5030020000000001,7.0,9.0,11.0,246,False,,,,True,
1991,丰台区,raw_snapshot,1.0,RAW_SENSITIVITY,,,83.8,0.49585798816568044,0.4958579881656805,3,B3,0.148102,0.07343755976331362,0.08919791005917162,0.17988600000000002,10.5,13.0,16.5,246,False,,,,True,
1991,丰台区,raw_snapshot,1.0,RAW_SENSITIVITY,,,83.8,0.49585798816568044,0.4958579881656805,4,B4,0.031784,0.01576035029585799,0.01576035029585799,0.031784,14.0,17.0,22.0,246,False,,,,True,
1991,丰台区,raw_snapshot,1.0,RAW_SENSITIVITY,,,83.8,0.49585798816568044,0.4958579881656805,5,B5+,0.0,0.0,0.0,0.0,17.5,21.0,27.5,246,False,,,,True,
1992,丰台区,raw_snapshot,1.0,RAW_SENSITIVITY,,,103.6,0.6130177514792899,0.61301775147929,1,B1,0.496998,0.3046685964497042,0.61301775147929,1.0,3.5,5.0,5.5,246,False,,,,True,
1992,丰台区,raw_snapshot,1.0,RAW_SENSITIVITY,,,103.6,0.6130177514792899,0.61301775147929,2,B2,0.323116,0.1980758437869823,0.3083491550295859,0.5030020000000001,7.0,9.0,11.0,246,False,,,,True,
1992,丰台区,raw_snapshot,1.0,RAW_SENSITIVITY,,,103.6,0.6130177514792899,0.61301775147929,3,B3,0.148102,0.09078915502958582,0.11027331124260357,0.17988600000000002,10.5,13.0,16.5,246,False,,,,True,
1992,丰台区,raw_snapshot,1.0,RAW_SENSITIVITY,,,103.6,0.6130177514792899,0.61301775147929,4,B4,0.031784,0.019484156213017755,0.019484156213017755,0.031784,14.0,17.0,22.0,246,False,,,,True,
1992,丰台区,raw_snapshot,1.0,RAW_SENSITIVITY,,,103.6,0.6130177514792899,0.61301775147929,5,B5+,0.0,0.0,0.0,0.0,17.5,21.0,27.5,246,False,,,,True,
1993,丰台区,raw_snapshot,1.0,RAW_SENSITIVITY,,,123.4,0.7301775147928995,0.7301775147928995,1,B1,0.496998,0.36289676449704145,0.7301775147928995,1.0,3.5,5.0,5.5,246,False,,,,True,
1993,丰台区,raw_snapshot,1.0,RAW_SENSITIVITY,,,123.4,0.7301775147928995,0.7301775147928995,2,B2,0.323116,0.23593203786982253,0.36728075029585805,0.5030020000000001,7.0,9.0,11.0,246,False,,,,True,
1993,丰台区,raw_snapshot,1.0,RAW_SENSITIVITY,,,123.4,0.7301775147928995,0.7301775147928995,3,B3,0.148102,0.10814075029585801,0.13134871242603552,0.17988600000000002,10.5,13.0,16.5,246,False,,,,True,
1993,丰台区,raw_snapshot,1.0,RAW_SENSITIVITY,,,123.4,0.7301775147928995,0.7301775147928995,4,B4,0.031784,0.023207962130177517,0.023207962130177517,0.031784,14.0,17.0,22.0,246,False,,,,True,
1993,丰台区,raw_snapshot,1.0,RAW_SENSITIVITY,,,123.4,0.7301775147928995,0.7301775147928995,5,B5+,0.0,0.0,0.0,0.0,17.5,21.0,27.5,246,False,,,,True,
1994,丰台区,raw_snapshot,1.0,RAW_SENSITIVITY,,,143.2,0.8473372781065088,0.8473372781065089,1,B1,0.496998,0.4211249325443787,0.8473372781065089,1.0,3.5,5.0,5.5,246,False,,,,True,
1994,丰台区,raw_snapshot,1.0,RAW_SENSITIVITY,,,143.2,0.8473372781065088,0.8473372781065089,2,B2,0.323116,0.2737882319526628,0.4262123455621303,0.5030020000000001,7.0,9.0,11.0,246,False,,,,True,
1994,丰台区,raw_snapshot,1.0,RAW_SENSITIVITY,,,143.2,0.8473372781065088,0.8473372781065089,3,B3,0.148102,0.1254923455621302,0.15242411360946748,0.17988600000000002,10.5,13.0,16.5,246,False,,,,True,
1994,丰台区,raw_snapshot,1.0,RAW_SENSITIVITY,,,143.2,0.8473372781065088,0.8473372781065089,4,B4,0.031784,0.026931768047337278,0.026931768047337278,0.031784,14.0,17.0,22.0,246,False,,,,True,
1994,丰台区,raw_snapshot,1.0,RAW_SENSITIVITY,,,143.2,0.8473372781065088,0.8473372781065089,5,B5+,0.0,0.0,0.0,0.0,17.5,21.0,27.5,246,False,,,,True,
1995,丰台区,raw_snapshot,1.0,RAW_SENSITIVITY,163.0,163.0,163.0,0.9644970414201184,0.9644970414201184,1,B1,0.496998,0.479353100591716,0.9644970414201184,1.0,3.5,5.0,5.5,246,False,,,,False,
1995,丰台区,raw_snapshot,1.0,RAW_SENSITIVITY,163.0,163.0,163.0,0.9644970414201184,0.9644970414201184,2,B2,0.323116,0.31164442603550296,0.48514394082840245,0.5030020000000001,7.0,9.0,11.0,246,False,,,,False,
1995,丰台区,raw_snapshot,1.0,RAW_SENSITIVITY,163.0,163.0,163.0,0.9644970414201184,0.9644970414201184,3,B3,0.148102,0.14284394082840238,0.17349951479289943,0.17988600000000002,10.5,13.0,16.5,246,False,,,,False,
1995,丰台区,raw_snapshot,1.0,RAW_SENSITIVITY,163.0,163.0,163.0,0.9644970414201184,0.9644970414201184,4,B4,0.031784,0.030655573964497043,0.030655573964497043,0.031784,14.0,17.0,22.0,246,False,,,,False,
1995,丰台区,raw_snapshot,1.0,RAW_SENSITIVITY,163.0,163.0,163.0,0.9644970414201184,0.9644970414201184,5,B5+,0.0,0.0,0.0,0.0,17.5,21.0,27.5,246,False,,,,False,
1996,丰台区,raw_snapshot,1.0,RAW_SENSITIVITY,,,165.6,0.9798816568047337,0.9798816568047337,1,B1,0.496998,0.486999223668639,0.9798816568047337,1.0,3.5,5.0,5.5,246,False,,,,True,
1996,丰台区,raw_snapshot,1.0,RAW_SENSITIVITY,,,165.6,0.9798816568047337,0.9798816568047337,2,B2,0.323116,0.3166154414201183,0.4928824331360947,0.5030020000000001,7.0,9.0,11.0,246,False,,,,True,
1996,丰台区,raw_snapshot,1.0,RAW_SENSITIVITY,,,165.6,0.9798816568047337,0.9798816568047337,3,B3,0.148102,0.1451224331360947,0.17626699171597635,0.17988600000000002,10.5,13.0,16.5,246,False,,,,True,
1996,丰台区,raw_snapshot,1.0,RAW_SENSITIVITY,,,165.6,0.9798816568047337,0.9798816568047337,4,B4,0.031784,0.031144558579881656,0.031144558579881656,0.031784,14.0,17.0,22.0,246,False,,,,True,
1996,丰台区,raw_snapshot,1.0,RAW_SENSITIVITY,,,165.6,0.9798816568047337,0.9798816568047337,5,B5+,0.0,0.0,0.0,0.0,17.5,21.0,27.5,246,False,,,,True,
1997,丰台区,raw_snapshot,1.0,RAW_SENSITIVITY,,,168.2,0.995266272189349,0.9952662721893492,1,B1,0.496998,0.49464534674556215,0.9952662721893492,1.0,3.5,5.0,5.5,246,False,,,,True,
1997,丰台区,raw_snapshot,1.0,RAW_SENSITIVITY,,,168.2,0.995266272189349,0.9952662721893492,2,B2,0.323116,0.32158645680473374,0.5006209254437871,0.5030020000000001,7.0,9.0,11.0,246,False,,,,True,
1997,丰台区,raw_snapshot,1.0,RAW_SENSITIVITY,,,168.2,0.995266272189349,0.9952662721893492,3,B3,0.148102,0.147400925443787,0.17903446863905328,0.17988600000000002,10.5,13.0,16.5,246,False,,,,True,
1997,丰台区,raw_snapshot,1.0,RAW_SENSITIVITY,,,168.2,0.995266272189349,0.9952662721893492,4,B4,0.031784,0.031633543195266275,0.031633543195266275,0.031784,14.0,17.0,22.0,246,False,,,,True,
1997,丰台区,raw_snapshot,1.0,RAW_SENSITIVITY,,,168.2,0.995266272189349,0.9952662721893492,5,B5+,0.0,0.0,0.0,0.0,17.5,21.0,27.5,246,False,,,,True,
1998,丰台区,raw_snapshot,1.0,RAW_SENSITIVITY,,,170.8,1.0106508875739646,1.0106508875739646,1,B1,0.496998,0.5022914698224853,1.0106508875739646,1.0,3.5,5.0,5.5,246,False,,,,True,
1998,丰台区,raw_snapshot,1.0,RAW_SENSITIVITY,,,170.8,1.0106508875739646,1.0106508875739646,2,B2,0.323116,0.32655747218934916,0.5083594177514794,0.5030020000000001,7.0,9.0,11.0,246,False,,,,True,
1998,丰台区,raw_snapshot,1.0,RAW_SENSITIVITY,,,170.8,1.0106508875739646,1.0106508875739646,3,B3,0.148102,0.1496794177514793,0.18180194556213022,0.17988600000000002,10.5,13.0,16.5,246,False,,,,True,
1998,丰台区,raw_snapshot,1.0,RAW_SENSITIVITY,,,170.8,1.0106508875739646,1.0106508875739646,4,B4,0.031784,0.03212252781065089,0.03212252781065089,0.031784,14.0,17.0,22.0,246,False,,,,True,
1998,丰台区,raw_snapshot,1.0,RAW_SENSITIVITY,,,170.8,1.0106508875739646,1.0106508875739646,5,B5+,0.0,0.0,0.0,0.0,17.5,21.0,27.5,246,False,,,,True,
1999,丰台区,raw_snapshot,1.0,RAW_SENSITIVITY,,,173.4,1.02603550295858,1.02603550295858,1,B1,0.496998,0.5099375928994083,1.02603550295858,1.0,3.5,5.0,5.5,246,False,,,,True,
1999,丰台区,raw_snapshot,1.0,RAW_SENSITIVITY,,,173.4,1.02603550295858,1.02603550295858,2,B2,0.323116,0.3315284875739645,0.5160979100591717,0.5030020000000001,7.0,9.0,11.0,246,False,,,,True,
1999,丰台区,raw_snapshot,1.0,RAW_SENSITIVITY,,,173.4,1.02603550295858,1.02603550295858,3,B3,0.148102,0.1519579100591716,0.18456942248520714,0.17988600000000002,10.5,13.0,16.5,246,False,,,,True,
1999,丰台区,raw_snapshot,1.0,RAW_SENSITIVITY,,,173.4,1.02603550295858,1.02603550295858,4,B4,0.031784,0.0326115124260355,0.0326115124260355,0.031784,14.0,17.0,22.0,246,False,,,,True,
1999,丰台区,raw_snapshot,1.0,RAW_SENSITIVITY,,,173.4,1.02603550295858,1.02603550295858,5,B5+,0.0,0.0,0.0,0.0,17.5,21.0,27.5,246,False,,,,True,
2000,丰台区,raw_snapshot,1.0,RAW_SENSITIVITY,176.0,176.0,176.0,1.0414201183431953,1.0414201183431953,1,B1,0.496998,0.5175837159763313,1.0414201183431953,1.0,3.5,5.0,5.5,246,False,,,,False,
2000,丰台区,raw_snapshot,1.0,RAW_SENSITIVITY,176.0,176.0,176.0,1.0414201183431953,1.0414201183431953,2,B2,0.323116,0.3364995029585799,0.523836402366864,0.5030020000000001,7.0,9.0,11.0,246,False,,,,False,
2000,丰台区,raw_snapshot,1.0,RAW_SENSITIVITY,176.0,176.0,176.0,1.0414201183431953,1.0414201183431953,3,B3,0.148102,0.15423640236686392,0.18733689940828405,0.17988600000000002,10.5,13.0,16.5,246,False,,,,False,
2000,丰台区,raw_snapshot,1.0,RAW_SENSITIVITY,176.0,176.0,176.0,1.0414201183431953,1.0414201183431953,4,B4,0.031784,0.03310049704142012,0.03310049704142012,0.031784,14.0,17.0,22.0,246,False,,,,False,
2000,丰台区,raw_snapshot,1.0,RAW_SENSITIVITY,176.0,176.0,176.0,1.0414201183431953,1.0414201183431953,5,B5+,0.0,0.0,0.0,0.0,17.5,21.0,27.5,246,False,,,,False,
2001,丰台区,raw_snapshot,1.0,RAW_SENSITIVITY,,,178.0,1.0532544378698225,1.0532544378698225,1,B1,0.496998,0.523465349112426,1.0532544378698225,1.0,3.5,5.0,5.5,246,False,,,,True,
2001,丰台区,raw_snapshot,1.0,RAW_SENSITIVITY,,,178.0,1.0532544378698225,1.0532544378698225,2,B2,0.323116,0.3403233609467456,0.5297890887573965,0.5030020000000001,7.0,9.0,11.0,246,False,,,,True,
2001,丰台区,raw_snapshot,1.0,RAW_SENSITIVITY,,,178.0,1.0532544378698225,1.0532544378698225,3,B3,0.148102,0.15598908875739648,0.1894657278106509,0.17988600000000002,10.5,13.0,16.5,246,False,,,,True,
2001,丰台区,raw_snapshot,1.0,RAW_SENSITIVITY,,,178.0,1.0532544378698225,1.0532544378698225,4,B4,0.031784,0.03347663905325444,0.03347663905325444,0.031784,14.0,17.0,22.0,246,False,,,,True,
2001,丰台区,raw_snapshot,1.0,RAW_SENSITIVITY,,,178.0,1.0532544378698225,1.0532544378698225,5,B5+,0.0,0.0,0.0,0.0,17.5,21.0,27.5,246,False,,,,True,
2002,丰台区,raw_snapshot,1.0,RAW_SENSITIVITY,,,180.0,1.0650887573964498,1.0650887573964498,1,B1,0.496998,0.5293469822485207,1.0650887573964498,1.0,3.5,5.0,5.5,246,False,,,,True,
2002,丰台区,raw_snapshot,1.0,RAW_SENSITIVITY,,,180.0,1.0650887573964498,1.0650887573964498,2,B2,0.323116,0.3441472189349113,0.5357417751479291,0.5030020000000001,7.0,9.0,11.0,246,False,,,,True,
2002,丰台区,raw_snapshot,1.0,RAW_SENSITIVITY,,,180.0,1.0650887573964498,1.0650887573964498,3,B3,0.148102,0.15774177514792903,0.1915945562130178,0.17988600000000002,10.5,13.0,16.5,246,False,,,,True,
2002,丰台区,raw_snapshot,1.0,RAW_SENSITIVITY,,,180.0,1.0650887573964498,1.0650887573964498,4,B4,0.031784,0.03385278106508876,0.03385278106508876,0.031784,14.0,17.0,22.0,246,False,,,,True,
2002,丰台区,raw_snapshot,1.0,RAW_SENSITIVITY,,,180.0,1.0650887573964498,1.0650887573964498,5,B5+,0.0,0.0,0.0,0.0,17.5,21.0,27.5,246,False,,,,True,
2003,丰台区,raw_snapshot,1.0,RAW_SENSITIVITY,,,182.0,1.0769230769230769,1.0769230769230769,1,B1,0.496998,0.5352286153846153,1.0769230769230769,1.0,3.5,5.0,5.5,246,False,,,,True,
2003,丰台区,raw_snapshot,1.0,RAW_SENSITIVITY,,,182.0,1.0769230769230769,1.0769230769230769,2,B2,0.323116,0.34797107692307694,0.5416944615384616,0.5030020000000001,7.0,9.0,11.0,246,False,,,,True,
2003,丰台区,raw_snapshot,1.0,RAW_SENSITIVITY,,,182.0,1.0769230769230769,1.0769230769230769,3,B3,0.148102,0.15949446153846153,0.19372338461538463,0.17988600000000002,10.5,13.0,16.5,246,False,,,,True,
2003,丰台区,raw_snapshot,1.0,RAW_SENSITIVITY,,,182.0,1.0769230769230769,1.0769230769230769,4,B4,0.031784,0.03422892307692307,0.03422892307692307,0.031784,14.0,17.0,22.0,246,False,,,,True,
2003,丰台区,raw_snapshot,1.0,RAW_SENSITIVITY,,,182.0,1.0769230769230769,1.0769230769230769,5,B5+,0.0,0.0,0.0,0.0,17.5,21.0,27.5,246,False,,,,True,
2004,丰台区,raw_snapshot,1.0,RAW_SENSITIVITY,,,184.0,1.0887573964497042,1.0887573964497042,1,B1,0.496998,0.5411102485207101,1.0887573964497042,1.0,3.5,5.0,5.5,246,False,,,,True,
2004,丰台区,raw_snapshot,1.0,RAW_SENSITIVITY,,,184.0,1.0887573964497042,1.0887573964497042,2,B2,0.323116,0.35179493491124264,0.5476471479289942,0.5030020000000001,7.0,9.0,11.0,246,False,,,,True,
2004,丰台区,raw_snapshot,1.0,RAW_SENSITIVITY,,,184.0,1.0887573964497042,1.0887573964497042,3,B3,0.148102,0.16124714792899408,0.1958522130177515,0.17988600000000002,10.5,13.0,16.5,246,False,,,,True,
2004,丰台区,raw_snapshot,1.0,RAW_SENSITIVITY,,,184.0,1.0887573964497042,1.0887573964497042,4,B4,0.031784,0.034605065088757395,0.034605065088757395,0.031784,14.0,17.0,22.0,246,False,,,,True,
2004,丰台区,raw_snapshot,1.0,RAW_SENSITIVITY,,,184.0,1.0887573964497042,1.0887573964497042,5,B5+,0.0,0.0,0.0,0.0,17.5,21.0,27.5,246,False,,,,True,
2005,丰台区,raw_snapshot,1.0,RAW_SENSITIVITY,186.0,186.0,186.0,1.1005917159763314,1.1005917159763314,1,B1,0.496998,0.5469918816568048,1.1005917159763314,1.0,3.5,5.0,5.5,246,False,,,,False,
2005,丰台区,raw_snapshot,1.0,RAW_SENSITIVITY,186.0,186.0,186.0,1.1005917159763314,1.1005917159763314,2,B2,0.323116,0.35561879289940834,0.5535998343195268,0.5030020000000001,7.0,9.0,11.0,246,False,,,,False,
2005,丰台区,raw_snapshot,1.0,RAW_SENSITIVITY,186.0,186.0,186.0,1.1005917159763314,1.1005917159763314,3,B3,0.148102,0.16299983431952664,0.19798104142011838,0.17988600000000002,10.5,13.0,16.5,246,False,,,,False,
2005,丰台区,raw_snapshot,1.0,RAW_SENSITIVITY,186.0,186.0,186.0,1.1005917159763314,1.1005917159763314,4,B4,0.031784,0.034981207100591716,0.034981207100591716,0.031784,14.0,17.0,22.0,246,False,,,,False,
2005,丰台区,raw_snapshot,1.0,RAW_SENSITIVITY,186.0,186.0,186.0,1.1005917159763314,1.1005917159763314,5,B5+,0.0,0.0,0.0,0.0,17.5,21.0,27.5,246,False,,,,False,
2006,丰台区,raw_snapshot,1.0,RAW_SENSITIVITY,,,186.4,1.1029585798816568,1.1029585798816568,1,B1,0.496998,0.5481682082840237,1.1029585798816568,1.0,3.5,5.0,5.5,246,False,,,,True,
2006,丰台区,raw_snapshot,1.0,RAW_SENSITIVITY,,,186.4,1.1029585798816568,1.1029585798816568,2,B2,0.323116,0.35638356449704145,0.5547903715976332,0.5030020000000001,7.0,9.0,11.0,246,False,,,,True,
2006,丰台区,raw_snapshot,1.0,RAW_SENSITIVITY,,,186.4,1.1029585798816568,1.1029585798816568,3,B3,0.148102,0.16335037159763316,0.19840680710059175,0.17988600000000002,10.5,13.0,16.5,246,False,,,,True,
2006,丰台区,raw_snapshot,1.0,RAW_SENSITIVITY,,,186.4,1.1029585798816568,1.1029585798816568,4,B4,0.031784,0.03505643550295858,0.03505643550295858,0.031784,14.0,17.0,22.0,246,False,,,,True,
2006,丰台区,raw_snapshot,1.0,RAW_SENSITIVITY,,,186.4,1.1029585798816568,1.1029585798816568,5,B5+,0.0,0.0,0.0,0.0,17.5,21.0,27.5,246,False,,,,True,
2007,丰台区,raw_snapshot,1.0,RAW_SENSITIVITY,,,186.8,1.1053254437869824,1.1053254437869822,1,B1,0.496998,0.5493445349112426,1.1053254437869822,1.0,3.5,5.0,5.5,246,False,,,,True,
2007,丰台区,raw_snapshot,1.0,RAW_SENSITIVITY,,,186.8,1.1053254437869824,1.1053254437869822,2,B2,0.323116,0.35714833609467456,0.5559809088757397,0.5030020000000001,7.0,9.0,11.0,246,False,,,,True,
2007,丰台区,raw_snapshot,1.0,RAW_SENSITIVITY,,,186.8,1.1053254437869824,1.1053254437869822,3,B3,0.148102,0.16370090887573965,0.1988325727810651,0.17988600000000002,10.5,13.0,16.5,246,False,,,,True,
2007,丰台区,raw_snapshot,1.0,RAW_SENSITIVITY,,,186.8,1.1053254437869824,1.1053254437869822,4,B4,0.031784,0.03513166390532544,0.03513166390532544,0.031784,14.0,17.0,22.0,246,False,,,,True,
2007,丰台区,raw_snapshot,1.0,RAW_SENSITIVITY,,,186.8,1.1053254437869824,1.1053254437869822,5,B5+,0.0,0.0,0.0,0.0,17.5,21.0,27.5,246,False,,,,True,
2008,丰台区,raw_snapshot,1.0,RAW_SENSITIVITY,,,187.2,1.1076923076923075,1.1076923076923078,1,B1,0.496998,0.5505208615384616,1.1076923076923078,1.0,3.5,5.0,5.5,246,False,,,,True,
2008,丰台区,raw_snapshot,1.0,RAW_SENSITIVITY,,,187.2,1.1076923076923075,1.1076923076923078,2,B2,0.323116,0.3579131076923077,0.5571714461538463,0.5030020000000001,7.0,9.0,11.0,246,False,,,,True,
2008,丰台区,raw_snapshot,1.0,RAW_SENSITIVITY,,,187.2,1.1076923076923075,1.1076923076923078,3,B3,0.148102,0.16405144615384618,0.19925833846153848,0.17988600000000002,10.5,13.0,16.5,246,False,,,,True,
2008,丰台区,raw_snapshot,1.0,RAW_SENSITIVITY,,,187.2,1.1076923076923075,1.1076923076923078,4,B4,0.031784,0.03520689230769231,0.03520689230769231,0.031784,14.0,17.0,22.0,246,False,,,,True,
2008,丰台区,raw_snapshot,1.0,RAW_SENSITIVITY,,,187.2,1.1076923076923075,1.1076923076923078,5,B5+,0.0,0.0,0.0,0.0,17.5,21.0,27.5,246,False,,,,True,
2009,丰台区,raw_snapshot,1.0,RAW_SENSITIVITY,,,187.6,1.1100591715976331,1.1100591715976331,1,B1,0.496998,0.5516971881656805,1.1100591715976331,1.0,3.5,5.0,5.5,246,False,,,,True,
2009,丰台区,raw_snapshot,1.0,RAW_SENSITIVITY,,,187.6,1.1100591715976331,1.1100591715976331,2,B2,0.323116,0.3586778792899408,0.5583619834319528,0.5030020000000001,7.0,9.0,11.0,246,False,,,,True,
2009,丰台区,raw_snapshot,1.0,RAW_SENSITIVITY,,,187.6,1.1100591715976331,1.1100591715976331,3,B3,0.148102,0.16440198343195267,0.19968410414201185,0.17988600000000002,10.5,13.0,16.5,246,False,,,,True,
2009,丰台区,raw_snapshot,1.0,RAW_SENSITIVITY,,,187.6,1.1100591715976331,1.1100591715976331,4,B4,0.031784,0.03528212071005917,0.03528212071005917,0.031784,14.0,17.0,22.0,246,False,,,,True,
2009,丰台区,raw_snapshot,1.0,RAW_SENSITIVITY,,,187.6,1.1100591715976331,1.1100591715976331,5,B5+,0.0,0.0,0.0,0.0,17.5,21.0,27.5,246,False,,,,True,
2010,丰台区,raw_snapshot,1.0,RAW_SENSITIVITY,188.0,188.0,188.0,1.1124260355029585,1.1124260355029585,1,B1,0.496998,0.5528735147928994,1.1124260355029585,1.0,3.5,5.0,5.5,246,False,,,,False,
2010,丰台区,raw_snapshot,1.0,RAW_SENSITIVITY,188.0,188.0,188.0,1.1124260355029585,1.1124260355029585,2,B2,0.323116,0.35944265088757393,0.5595525207100592,0.5030020000000001,7.0,9.0,11.0,246,False,,,,False,
2010,丰台区,raw_snapshot,1.0,RAW_SENSITIVITY,188.0,188.0,188.0,1.1124260355029585,1.1124260355029585,3,B3,0.148102,0.16475252071005916,0.20010986982248521,0.17988600000000002,10.5,13.0,16.5,246,False,,,,False,
2010,丰台区,raw_snapshot,1.0,RAW_SENSITIVITY,188.0,188.0,188.0,1.1124260355029585,1.1124260355029585,4,B4,0.031784,0.03535734911242603,0.03535734911242603,0.031784,14.0,17.0,22.0,246,False,,,,False,
2010,丰台区,raw_snapshot,1.0,RAW_SENSITIVITY,188.0,188.0,188.0,1.1124260355029585,1.1124260355029585,5,B5+,0.0,0.0,0.0,0.0,17.5,21.0,27.5,246,False,,,,False,
2011,丰台区,raw_snapshot,1.0,RAW_SENSITIVITY,,,188.4,1.114792899408284,1.1147928994082839,1,B1,0.496998,0.5540498414201183,1.1147928994082839,1.0,3.5,5.0,5.5,246,False,,,,True,
2011,丰台区,raw_snapshot,1.0,RAW_SENSITIVITY,,,188.4,1.114792899408284,1.1147928994082839,2,B2,0.323116,0.36020742248520704,0.5607430579881657,0.5030020000000001,7.0,9.0,11.0,246,False,,,,True,
2011,丰台区,raw_snapshot,1.0,RAW_SENSITIVITY,,,188.4,1.114792899408284,1.1147928994082839,3,B3,0.148102,0.16510305798816566,0.20053563550295858,0.17988600000000002,10.5,13.0,16.5,246,False,,,,True,
2011,丰台区,raw_snapshot,1.0,RAW_SENSITIVITY,,,188.4,1.114792899408284,1.1147928994082839,4,B4,0.031784,0.035432577514792896,0.035432577514792896,0.031784,14.0,17.0,22.0,246,False,,,,True,
2011,丰台区,raw_snapshot,1.0,RAW_SENSITIVITY,,,188.4,1.114792899408284,1.1147928994082839,5,B5+,0.0,0.0,0.0,0.0,17.5,21.0,27.5,246,False,,,,True,
2012,丰台区,raw_snapshot,1.0,RAW_SENSITIVITY,,,188.8,1.1171597633136094,1.1171597633136094,1,B1,0.496998,0.5552261680473373,1.1171597633136094,1.0,3.5,5.0,5.5,246,False,,,,True,
2012,丰台区,raw_snapshot,1.0,RAW_SENSITIVITY,,,188.8,1.1171597633136094,1.1171597633136094,2,B2,0.323116,0.36097219408284026,0.5619335952662723,0.5030020000000001,7.0,9.0,11.0,246,False,,,,True,
2012,丰台区,raw_snapshot,1.0,RAW_SENSITIVITY,,,188.8,1.1171597633136094,1.1171597633136094,3,B3,0.148102,0.1654535952662722,0.20096140118343198,0.17988600000000002,10.5,13.0,16.5,246,False,,,,True,
2012,丰台区,raw_snapshot,1.0,RAW_SENSITIVITY,,,188.8,1.1171597633136094,1.1171597633136094,4,B4,0.031784,0.03550780591715976,0.03550780591715976,0.031784,14.0,17.0,22.0,246,False,,,,True,
2012,丰台区,raw_snapshot,1.0,RAW_SENSITIVITY,,,188.8,1.1171597633136094,1.1171597633136094,5,B5+,0.0,0.0,0.0,0.0,17.5,21.0,27.5,246,False,,,,True,
2013,丰台区,raw_snapshot,1.0,RAW_SENSITIVITY,,,189.2,1.1195266272189348,1.1195266272189348,1,B1,0.496998,0.5564024946745562,1.1195266272189348,1.0,3.5,5.0,5.5,246,False,,,,True,
2013,丰台区,raw_snapshot,1.0,RAW_SENSITIVITY,,,189.2,1.1195266272189348,1.1195266272189348,2,B2,0.323116,0.36173696568047337,0.5631241325443788,0.5030020000000001,7.0,9.0,11.0,246,False,,,,True,
2013,丰台区,raw_snapshot,1.0,RAW_SENSITIVITY,,,189.2,1.1195266272189348,1.1195266272189348,3,B3,0.148102,0.1658041325443787,0.20138716686390531,0.17988600000000002,10.5,13.0,16.5,246,False,,,,True,
2013,丰台区,raw_snapshot,1.0,RAW_SENSITIVITY,,,189.2,1.1195266272189348,1.1195266272189348,4,B4,0.031784,0.03558303431952663,0.03558303431952663,0.031784,14.0,17.0,22.0,246,False,,,,True,
2013,丰台区,raw_snapshot,1.0,RAW_SENSITIVITY,,,189.2,1.1195266272189348,1.1195266272189348,5,B5+,0.0,0.0,0.0,0.0,17.5,21.0,27.5,246,False,,,,True,
2014,丰台区,raw_snapshot,1.0,RAW_SENSITIVITY,,,189.6,1.1218934911242604,1.1218934911242604,1,B1,0.496998,0.5575788213017752,1.1218934911242604,1.0,3.5,5.0,5.5,246,False,,,,True,
2014,丰台区,raw_snapshot,1.0,RAW_SENSITIVITY,,,189.6,1.1218934911242604,1.1218934911242604,2,B2,0.323116,0.36250173727810653,0.5643146698224853,0.5030020000000001,7.0,9.0,11.0,246,False,,,,True,
2014,丰台区,raw_snapshot,1.0,RAW_SENSITIVITY,,,189.6,1.1218934911242604,1.1218934911242604,3,B3,0.148102,0.16615466982248522,0.20181293254437874,0.17988600000000002,10.5,13.0,16.5,246,False,,,,True,
2014,丰台区,raw_snapshot,1.0,RAW_SENSITIVITY,,,189.6,1.1218934911242604,1.1218934911242604,4,B4,0.031784,0.03565826272189349,0.03565826272189349,0.031784,14.0,17.0,22.0,246,False,,,,True,
2014,丰台区,raw_snapshot,1.0,RAW_SENSITIVITY,,,189.6,1.1218934911242604,1.1218934911242604,5,B5+,0.0,0.0,0.0,0.0,17.5,21.0,27.5,246,False,,,,True,
2015,丰台区,raw_snapshot,1.0,RAW_SENSITIVITY,190.0,190.0,190.0,1.1242603550295858,1.1242603550295858,1,B1,0.496998,0.5587551479289941,1.1242603550295858,1.0,3.5,5.0,5.5,246,False,,,,False,
2015,丰台区,raw_snapshot,1.0,RAW_SENSITIVITY,190.0,190.0,190.0,1.1242603550295858,1.1242603550295858,2,B2,0.323116,0.36326650887573964,0.5655052071005918,0.5030020000000001,7.0,9.0,11.0,246,False,,,,False,
2015,丰台区,raw_snapshot,1.0,RAW_SENSITIVITY,190.0,190.0,190.0,1.1242603550295858,1.1242603550295858,3,B3,0.148102,0.16650520710059172,0.20223869822485208,0.17988600000000002,10.5,13.0,16.5,246,False,,,,False,
2015,丰台区,raw_snapshot,1.0,RAW_SENSITIVITY,190.0,190.0,190.0,1.1242603550295858,1.1242603550295858,4,B4,0.031784,0.03573349112426035,0.03573349112426035,0.031784,14.0,17.0,22.0,246,False,,,,False,
2015,丰台区,raw_snapshot,1.0,RAW_SENSITIVITY,190.0,190.0,190.0,1.1242603550295858,1.1242603550295858,5,B5+,0.0,0.0,0.0,0.0,17.5,21.0,27.5,246,False,,,,False,
2016,丰台区,raw_snapshot,1.0,RAW_SENSITIVITY,,,185.8,1.0994082840236687,1.0994082840236685,1,B1,0.496998,0.5464037183431952,1.0994082840236685,1.0,3.5,5.0,5.5,246,False,,,,True,
2016,丰台区,raw_snapshot,1.0,RAW_SENSITIVITY,,,185.8,1.0994082840236687,1.0994082840236685,2,B2,0.323116,0.3552364071005917,0.5530045656804734,0.5030020000000001,7.0,9.0,11.0,246,False,,,,True,
2016,丰台区,raw_snapshot,1.0,RAW_SENSITIVITY,,,185.8,1.0994082840236687,1.0994082840236685,3,B3,0.148102,0.16282456568047338,0.19776815857988167,0.17988600000000002,10.5,13.0,16.5,246,False,,,,True,
2016,丰台区,raw_snapshot,1.0,RAW_SENSITIVITY,,,185.8,1.0994082840236687,1.0994082840236685,4,B4,0.031784,0.03494359289940828,0.03494359289940828,0.031784,14.0,17.0,22.0,246,False,,,,True,
2016,丰台区,raw_snapshot,1.0,RAW_SENSITIVITY,,,185.8,1.0994082840236687,1.0994082840236685,5,B5+,0.0,0.0,0.0,0.0,17.5,21.0,27.5,246,False,,,,True,
2017,丰台区,raw_snapshot,1.0,RAW_SENSITIVITY,,,181.6,1.0745562130177515,1.0745562130177515,1,B1,0.496998,0.5340522887573964,1.0745562130177515,1.0,3.5,5.0,5.5,246,False,,,,True,
2017,丰台区,raw_snapshot,1.0,RAW_SENSITIVITY,,,181.6,1.0745562130177515,1.0745562130177515,2,B2,0.323116,0.34720630532544383,0.5405039242603551,0.5030020000000001,7.0,9.0,11.0,246,False,,,,True,
2017,丰台区,raw_snapshot,1.0,RAW_SENSITIVITY,,,181.6,1.0745562130177515,1.0745562130177515,3,B3,0.148102,0.15914392426035504,0.19329761893491126,0.17988600000000002,10.5,13.0,16.5,246,False,,,,True,
2017,丰台区,raw_snapshot,1.0,RAW_SENSITIVITY,,,181.6,1.0745562130177515,1.0745562130177515,4,B4,0.031784,0.034153694674556215,0.034153694674556215,0.031784,14.0,17.0,22.0,246,False,,,,True,
2017,丰台区,raw_snapshot,1.0,RAW_SENSITIVITY,,,181.6,1.0745562130177515,1.0745562130177515,5,B5+,0.0,0.0,0.0,0.0,17.5,21.0,27.5,246,False,,,,True,
2018,丰台区,raw_snapshot,1.0,RAW_SENSITIVITY,,,177.4,1.0497041420118343,1.0497041420118343,1,B1,0.496998,0.5217008591715976,1.0497041420118343,1.0,3.5,5.0,5.5,246,False,,,,True,
2018,丰台区,raw_snapshot,1.0,RAW_SENSITIVITY,,,177.4,1.0497041420118343,1.0497041420118343,2,B2,0.323116,0.3391762035502959,0.5280032828402367,0.5030020000000001,7.0,9.0,11.0,246,False,,,,True,
2018,丰台区,raw_snapshot,1.0,RAW_SENSITIVITY,,,177.4,1.0497041420118343,1.0497041420118343,3,B3,0.148102,0.1554632828402367,0.18882707928994083,0.17988600000000002,10.5,13.0,16.5,246,False,,,,True,
2018,丰台区,raw_snapshot,1.0,RAW_SENSITIVITY,,,177.4,1.0497041420118343,1.0497041420118343,4,B4,0.031784,0.03336379644970414,0.03336379644970414,0.031784,14.0,17.0,22.0,246,False,,,,True,
2018,丰台区,raw_snapshot,1.0,RAW_SENSITIVITY,,,177.4,1.0497041420118343,1.0497041420118343,5,B5+,0.0,0.0,0.0,0.0,17.5,21.0,27.5,246,False,,,,True,
2019,丰台区,raw_snapshot,1.0,RAW_SENSITIVITY,,,173.2,1.024852071005917,1.0248520710059172,1,B1,0.496998,0.5093494295857989,1.0248520710059172,1.0,3.5,5.0,5.5,246,False,,,,True,
2019,丰台区,raw_snapshot,1.0,RAW_SENSITIVITY,,,173.2,1.024852071005917,1.0248520710059172,2,B2,0.323116,0.33114610177514797,0.5155026414201185,0.5030020000000001,7.0,9.0,11.0,246,False,,,,True,
2019,丰台区,raw_snapshot,1.0,RAW_SENSITIVITY,,,173.2,1.024852071005917,1.0248520710059172,3,B3,0.148102,0.15178264142011838,0.18435653964497045,0.17988600000000002,10.5,13.0,16.5,246,False,,,,True,
2019,丰台区,raw_snapshot,1.0,RAW_SENSITIVITY,,,173.2,1.024852071005917,1.0248520710059172,4,B4,0.031784,0.03257389822485207,0.03257389822485207,0.031784,14.0,17.0,22.0,246,False,,,,True,
2019,丰台区,raw_snapshot,1.0,RAW_SENSITIVITY,,,173.2,1.024852071005917,1.0248520710059172,5,B5+,0.0,0.0,0.0,0.0,17.5,21.0,27.5,246,False,,,,True,
2020,丰台区,raw_snapshot,1.0,RAW_SENSITIVITY,169.0,190.0,169.0,1.0,1.0,1,B1,0.496998,0.496998,1.0,1.0,3.5,5.0,5.5,246,False,,,,False,
2020,丰台区,raw_snapshot,1.0,RAW_SENSITIVITY,169.0,190.0,169.0,1.0,1.0,2,B2,0.323116,0.323116,0.5030020000000001,0.5030020000000001,7.0,9.0,11.0,246,False,,,,False,
2020,丰台区,raw_snapshot,1.0,RAW_SENSITIVITY,169.0,190.0,169.0,1.0,1.0,3,B3,0.148102,0.148102,0.17988600000000002,0.17988600000000002,10.5,13.0,16.5,246,False,,,,False,
2020,丰台区,raw_snapshot,1.0,RAW_SENSITIVITY,169.0,190.0,169.0,1.0,1.0,4,B4,0.031784,0.031784,0.031784,0.031784,14.0,17.0,22.0,246,False,,,,False,
2020,丰台区,raw_snapshot,1.0,RAW_SENSITIVITY,169.0,190.0,169.0,1.0,1.0,5,B5+,0.0,0.0,0.0,0.0,17.5,21.0,27.5,246,False,,,,False,
1980,大兴区,raw_snapshot,1.0,RAW_SENSITIVITY,9.0,9.0,9.0,0.043478260869565216,0.043478260869565216,1,B1,0.524891,0.022821347826086955,0.043478260869565216,1.0,3.5,5.0,5.5,790,False,,,,False,
1980,大兴区,raw_snapshot,1.0,RAW_SENSITIVITY,9.0,9.0,9.0,0.043478260869565216,0.043478260869565216,2,B2,0.387622,0.01685313043478261,0.02065691304347826,0.475109,7.0,9.0,11.0,790,False,,,,False,
1980,大兴区,raw_snapshot,1.0,RAW_SENSITIVITY,9.0,9.0,9.0,0.043478260869565216,0.043478260869565216,3,B3,0.077494,0.0033693043478260866,0.003803782608695652,0.087487,10.5,13.0,16.5,790,False,,,,False,
1980,大兴区,raw_snapshot,1.0,RAW_SENSITIVITY,9.0,9.0,9.0,0.043478260869565216,0.043478260869565216,4,B4,0.009993,0.00043447826086956523,0.00043447826086956523,0.009993,14.0,17.0,22.0,790,False,,,,False,
1980,大兴区,raw_snapshot,1.0,RAW_SENSITIVITY,9.0,9.0,9.0,0.043478260869565216,0.043478260869565216,5,B5+,0.0,0.0,0.0,0.0,17.5,21.0,27.5,790,False,,,,False,
1981,大兴区,raw_snapshot,1.0,RAW_SENSITIVITY,,,9.0,0.043478260869565216,0.043478260869565216,1,B1,0.524891,0.022821347826086955,0.043478260869565216,1.0,3.5,5.0,5.5,790,False,,,,True,
1981,大兴区,raw_snapshot,1.0,RAW_SENSITIVITY,,,9.0,0.043478260869565216,0.043478260869565216,2,B2,0.387622,0.01685313043478261,0.02065691304347826,0.475109,7.0,9.0,11.0,790,False,,,,True,
1981,大兴区,raw_snapshot,1.0,RAW_SENSITIVITY,,,9.0,0.043478260869565216,0.043478260869565216,3,B3,0.077494,0.0033693043478260866,0.003803782608695652,0.087487,10.5,13.0,16.5,790,False,,,,True,
1981,大兴区,raw_snapshot,1.0,RAW_SENSITIVITY,,,9.0,0.043478260869565216,0.043478260869565216,4,B4,0.009993,0.00043447826086956523,0.00043447826086956523,0.009993,14.0,17.0,22.0,790,False,,,,True,
1981,大兴区,raw_snapshot,1.0,RAW_SENSITIVITY,,,9.0,0.043478260869565216,0.043478260869565216,5,B5+,0.0,0.0,0.0,0.0,17.5,21.0,27.5,790,False,,,,True,
1982,大兴区,raw_snapshot,1.0,RAW_SENSITIVITY,,,9.0,0.043478260869565216,0.043478260869565216,1,B1,0.524891,0.022821347826086955,0.043478260869565216,1.0,3.5,5.0,5.5,790,False,,,,True,
1982,大兴区,raw_snapshot,1.0,RAW_SENSITIVITY,,,9.0,0.043478260869565216,0.043478260869565216,2,B2,0.387622,0.01685313043478261,0.02065691304347826,0.475109,7.0,9.0,11.0,790,False,,,,True,
1982,大兴区,raw_snapshot,1.0,RAW_SENSITIVITY,,,9.0,0.043478260869565216,0.043478260869565216,3,B3,0.077494,0.0033693043478260866,0.003803782608695652,0.087487,10.5,13.0,16.5,790,False,,,,True,
1982,大兴区,raw_snapshot,1.0,RAW_SENSITIVITY,,,9.0,0.043478260869565216,0.043478260869565216,4,B4,0.009993,0.00043447826086956523,0.00043447826086956523,0.009993,14.0,17.0,22.0,790,False,,,,True,
1982,大兴区,raw_snapshot,1.0,RAW_SENSITIVITY,,,9.0,0.043478260869565216,0.043478260869565216,5,B5+,0.0,0.0,0.0,0.0,17.5,21.0,27.5,790,False,,,,True,
1983,大兴区,raw_snapshot,1.0,RAW_SENSITIVITY,,,9.0,0.043478260869565216,0.043478260869565216,1,B1,0.524891,0.022821347826086955,0.043478260869565216,1.0,3.5,5.0,5.5,790,False,,,,True,
1983,大兴区,raw_snapshot,1.0,RAW_SENSITIVITY,,,9.0,0.043478260869565216,0.043478260869565216,2,B2,0.387622,0.01685313043478261,0.02065691304347826,0.475109,7.0,9.0,11.0,790,False,,,,True,
1983,大兴区,raw_snapshot,1.0,RAW_SENSITIVITY,,,9.0,0.043478260869565216,0.043478260869565216,3,B3,0.077494,0.0033693043478260866,0.003803782608695652,0.087487,10.5,13.0,16.5,790,False,,,,True,
1983,大兴区,raw_snapshot,1.0,RAW_SENSITIVITY,,,9.0,0.043478260869565216,0.043478260869565216,4,B4,0.009993,0.00043447826086956523,0.00043447826086956523,0.009993,14.0,17.0,22.0,790,False,,,,True,
1983,大兴区,raw_snapshot,1.0,RAW_SENSITIVITY,,,9.0,0.043478260869565216,0.043478260869565216,5,B5+,0.0,0.0,0.0,0.0,17.5,21.0,27.5,790,False,,,,True,
1984,大兴区,raw_snapshot,1.0,RAW_SENSITIVITY,,,9.0,0.043478260869565216,0.043478260869565216,1,B1,0.524891,0.022821347826086955,0.043478260869565216,1.0,3.5,5.0,5.5,790,False,,,,True,
1984,大兴区,raw_snapshot,1.0,RAW_SENSITIVITY,,,9.0,0.043478260869565216,0.043478260869565216,2,B2,0.387622,0.01685313043478261,0.02065691304347826,0.475109,7.0,9.0,11.0,790,False,,,,True,
1984,大兴区,raw_snapshot,1.0,RAW_SENSITIVITY,,,9.0,0.043478260869565216,0.043478260869565216,3,B3,0.077494,0.0033693043478260866,0.003803782608695652,0.087487,10.5,13.0,16.5,790,False,,,,True,
1984,大兴区,raw_snapshot,1.0,RAW_SENSITIVITY,,,9.0,0.043478260869565216,0.043478260869565216,4,B4,0.009993,0.00043447826086956523,0.00043447826086956523,0.009993,14.0,17.0,22.0,790,False,,,,True,
1984,大兴区,raw_snapshot,1.0,RAW_SENSITIVITY,,,9.0,0.043478260869565216,0.043478260869565216,5,B5+,0.0,0.0,0.0,0.0,17.5,21.0,27.5,790,False,,,,True,
1985,大兴区,raw_snapshot,1.0,RAW_SENSITIVITY,,,9.0,0.043478260869565216,0.043478260869565216,1,B1,0.524891,0.022821347826086955,0.043478260869565216,1.0,3.5,5.0,5.5,790,False,,,,True,
1985,大兴区,raw_snapshot,1.0,RAW_SENSITIVITY,,,9.0,0.043478260869565216,0.043478260869565216,2,B2,0.387622,0.01685313043478261,0.02065691304347826,0.475109,7.0,9.0,11.0,790,False,,,,True,
1985,大兴区,raw_snapshot,1.0,RAW_SENSITIVITY,,,9.0,0.043478260869565216,0.043478260869565216,3,B3,0.077494,0.0033693043478260866,0.003803782608695652,0.087487,10.5,13.0,16.5,790,False,,,,True,
1985,大兴区,raw_snapshot,1.0,RAW_SENSITIVITY,,,9.0,0.043478260869565216,0.043478260869565216,4,B4,0.009993,0.00043447826086956523,0.00043447826086956523,0.009993,14.0,17.0,22.0,790,False,,,,True,
1985,大兴区,raw_snapshot,1.0,RAW_SENSITIVITY,,,9.0,0.043478260869565216,0.043478260869565216,5,B5+,0.0,0.0,0.0,0.0,17.5,21.0,27.5,790,False,,,,True,
1986,大兴区,raw_snapshot,1.0,RAW_SENSITIVITY,,,9.0,0.043478260869565216,0.043478260869565216,1,B1,0.524891,0.022821347826086955,0.043478260869565216,1.0,3.5,5.0,5.5,790,False,,,,True,
1986,大兴区,raw_snapshot,1.0,RAW_SENSITIVITY,,,9.0,0.043478260869565216,0.043478260869565216,2,B2,0.387622,0.01685313043478261,0.02065691304347826,0.475109,7.0,9.0,11.0,790,False,,,,True,
1986,大兴区,raw_snapshot,1.0,RAW_SENSITIVITY,,,9.0,0.043478260869565216,0.043478260869565216,3,B3,0.077494,0.0033693043478260866,0.003803782608695652,0.087487,10.5,13.0,16.5,790,False,,,,True,
1986,大兴区,raw_snapshot,1.0,RAW_SENSITIVITY,,,9.0,0.043478260869565216,0.043478260869565216,4,B4,0.009993,0.00043447826086956523,0.00043447826086956523,0.009993,14.0,17.0,22.0,790,False,,,,True,
1986,大兴区,raw_snapshot,1.0,RAW_SENSITIVITY,,,9.0,0.043478260869565216,0.043478260869565216,5,B5+,0.0,0.0,0.0,0.0,17.5,21.0,27.5,790,False,,,,True,
1987,大兴区,raw_snapshot,1.0,RAW_SENSITIVITY,,,9.0,0.043478260869565216,0.043478260869565216,1,B1,0.524891,0.022821347826086955,0.043478260869565216,1.0,3.5,5.0,5.5,790,False,,,,True,
1987,大兴区,raw_snapshot,1.0,RAW_SENSITIVITY,,,9.0,0.043478260869565216,0.043478260869565216,2,B2,0.387622,0.01685313043478261,0.02065691304347826,0.475109,7.0,9.0,11.0,790,False,,,,True,
1987,大兴区,raw_snapshot,1.0,RAW_SENSITIVITY,,,9.0,0.043478260869565216,0.043478260869565216,3,B3,0.077494,0.0033693043478260866,0.003803782608695652,0.087487,10.5,13.0,16.5,790,False,,,,True,
1987,大兴区,raw_snapshot,1.0,RAW_SENSITIVITY,,,9.0,0.043478260869565216,0.043478260869565216,4,B4,0.009993,0.00043447826086956523,0.00043447826086956523,0.009993,14.0,17.0,22.0,790,False,,,,True,
1987,大兴区,raw_snapshot,1.0,RAW_SENSITIVITY,,,9.0,0.043478260869565216,0.043478260869565216,5,B5+,0.0,0.0,0.0,0.0,17.5,21.0,27.5,790,False,,,,True,
1988,大兴区,raw_snapshot,1.0,RAW_SENSITIVITY,,,9.0,0.043478260869565216,0.043478260869565216,1,B1,0.524891,0.022821347826086955,0.043478260869565216,1.0,3.5,5.0,5.5,790,False,,,,True,
1988,大兴区,raw_snapshot,1.0,RAW_SENSITIVITY,,,9.0,0.043478260869565216,0.043478260869565216,2,B2,0.387622,0.01685313043478261,0.02065691304347826,0.475109,7.0,9.0,11.0,790,False,,,,True,
1988,大兴区,raw_snapshot,1.0,RAW_SENSITIVITY,,,9.0,0.043478260869565216,0.043478260869565216,3,B3,0.077494,0.0033693043478260866,0.003803782608695652,0.087487,10.5,13.0,16.5,790,False,,,,True,
1988,大兴区,raw_snapshot,1.0,RAW_SENSITIVITY,,,9.0,0.043478260869565216,0.043478260869565216,4,B4,0.009993,0.00043447826086956523,0.00043447826086956523,0.009993,14.0,17.0,22.0,790,False,,,,True,
1988,大兴区,raw_snapshot,1.0,RAW_SENSITIVITY,,,9.0,0.043478260869565216,0.043478260869565216,5,B5+,0.0,0.0,0.0,0.0,17.5,21.0,27.5,790,False,,,,True,
1989,大兴区,raw_snapshot,1.0,RAW_SENSITIVITY,,,9.0,0.043478260869565216,0.043478260869565216,1,B1,0.524891,0.022821347826086955,0.043478260869565216,1.0,3.5,5.0,5.5,790,False,,,,True,
1989,大兴区,raw_snapshot,1.0,RAW_SENSITIVITY,,,9.0,0.043478260869565216,0.043478260869565216,2,B2,0.387622,0.01685313043478261,0.02065691304347826,0.475109,7.0,9.0,11.0,790,False,,,,True,
1989,大兴区,raw_snapshot,1.0,RAW_SENSITIVITY,,,9.0,0.043478260869565216,0.043478260869565216,3,B3,0.077494,0.0033693043478260866,0.003803782608695652,0.087487,10.5,13.0,16.5,790,False,,,,True,
1989,大兴区,raw_snapshot,1.0,RAW_SENSITIVITY,,,9.0,0.043478260869565216,0.043478260869565216,4,B4,0.009993,0.00043447826086956523,0.00043447826086956523,0.009993,14.0,17.0,22.0,790,False,,,,True,
1989,大兴区,raw_snapshot,1.0,RAW_SENSITIVITY,,,9.0,0.043478260869565216,0.043478260869565216,5,B5+,0.0,0.0,0.0,0.0,17.5,21.0,27.5,790,False,,,,True,
1990,大兴区,raw_snapshot,1.0,RAW_SENSITIVITY,9.0,9.0,9.0,0.043478260869565216,0.043478260869565216,1,B1,0.524891,0.022821347826086955,0.043478260869565216,1.0,3.5,5.0,5.5,790,False,,,,False,
1990,大兴区,raw_snapshot,1.0,RAW_SENSITIVITY,9.0,9.0,9.0,0.043478260869565216,0.043478260869565216,2,B2,0.387622,0.01685313043478261,0.02065691304347826,0.475109,7.0,9.0,11.0,790,False,,,,False,
1990,大兴区,raw_snapshot,1.0,RAW_SENSITIVITY,9.0,9.0,9.0,0.043478260869565216,0.043478260869565216,3,B3,0.077494,0.0033693043478260866,0.003803782608695652,0.087487,10.5,13.0,16.5,790,False,,,,False,
1990,大兴区,raw_snapshot,1.0,RAW_SENSITIVITY,9.0,9.0,9.0,0.043478260869565216,0.043478260869565216,4,B4,0.009993,0.00043447826086956523,0.00043447826086956523,0.009993,14.0,17.0,22.0,790,False,,,,False,
1990,大兴区,raw_snapshot,1.0,RAW_SENSITIVITY,9.0,9.0,9.0,0.043478260869565216,0.043478260869565216,5,B5+,0.0,0.0,0.0,0.0,17.5,21.0,27.5,790,False,,,,False,
1991,大兴区,raw_snapshot,1.0,RAW_SENSITIVITY,,,19.6,0.09468599033816426,0.09468599033816426,1,B1,0.524891,0.04969982415458937,0.09468599033816426,1.0,3.5,5.0,5.5,790,False,,,,True,
1991,大兴区,raw_snapshot,1.0,RAW_SENSITIVITY,,,19.6,0.09468599033816426,0.09468599033816426,2,B2,0.387622,0.03670237294685991,0.044986166183574886,0.475109,7.0,9.0,11.0,790,False,,,,True,
1991,大兴区,raw_snapshot,1.0,RAW_SENSITIVITY,,,19.6,0.09468599033816426,0.09468599033816426,3,B3,0.077494,0.007337596135265701,0.008283793236714977,0.087487,10.5,13.0,16.5,790,False,,,,True,
1991,大兴区,raw_snapshot,1.0,RAW_SENSITIVITY,,,19.6,0.09468599033816426,0.09468599033816426,4,B4,0.009993,0.0009461971014492755,0.0009461971014492755,0.009993,14.0,17.0,22.0,790,False,,,,True,
1991,大兴区,raw_snapshot,1.0,RAW_SENSITIVITY,,,19.6,0.09468599033816426,0.09468599033816426,5,B5+,0.0,0.0,0.0,0.0,17.5,21.0,27.5,790,False,,,,True,
1992,大兴区,raw_snapshot,1.0,RAW_SENSITIVITY,,,30.200000000000003,0.1458937198067633,0.1458937198067633,1,B1,0.524891,0.07657830048309179,0.1458937198067633,1.0,3.5,5.0,5.5,790,False,,,,True,
1992,大兴区,raw_snapshot,1.0,RAW_SENSITIVITY,,,30.200000000000003,0.1458937198067633,0.1458937198067633,2,B2,0.387622,0.05655161545893721,0.06931541932367151,0.475109,7.0,9.0,11.0,790,False,,,,True,
1992,大兴区,raw_snapshot,1.0,RAW_SENSITIVITY,,,30.200000000000003,0.1458937198067633,0.1458937198067633,3,B3,0.077494,0.011305887922705314,0.0127638038647343,0.087487,10.5,13.0,16.5,790,False,,,,True,
1992,大兴区,raw_snapshot,1.0,RAW_SENSITIVITY,,,30.200000000000003,0.1458937198067633,0.1458937198067633,4,B4,0.009993,0.0014579159420289856,0.0014579159420289856,0.009993,14.0,17.0,22.0,790,False,,,,True,
1992,大兴区,raw_snapshot,1.0,RAW_SENSITIVITY,,,30.200000000000003,0.1458937198067633,0.1458937198067633,5,B5+,0.0,0.0,0.0,0.0,17.5,21.0,27.5,790,False,,,,True,
1993,大兴区,raw_snapshot,1.0,RAW_SENSITIVITY,,,40.8,0.1971014492753623,0.19710144927536233,1,B1,0.524891,0.10345677681159421,0.19710144927536233,1.0,3.5,5.0,5.5,790,False,,,,True,
1993,大兴区,raw_snapshot,1.0,RAW_SENSITIVITY,,,40.8,0.1971014492753623,0.19710144927536233,2,B2,0.387622,0.07640085797101451,0.09364467246376812,0.475109,7.0,9.0,11.0,790,False,,,,True,
1993,大兴区,raw_snapshot,1.0,RAW_SENSITIVITY,,,40.8,0.1971014492753623,0.19710144927536233,3,B3,0.077494,0.015274179710144928,0.017243814492753622,0.087487,10.5,13.0,16.5,790,False,,,,True,
1993,大兴区,raw_snapshot,1.0,RAW_SENSITIVITY,,,40.8,0.1971014492753623,0.19710144927536233,4,B4,0.009993,0.001969634782608696,0.001969634782608696,0.009993,14.0,17.0,22.0,790,False,,,,True,
1993,大兴区,raw_snapshot,1.0,RAW_SENSITIVITY,,,40.8,0.1971014492753623,0.19710144927536233,5,B5+,0.0,0.0,0.0,0.0,17.5,21.0,27.5,790,False,,,,True,
1994,大兴区,raw_snapshot,1.0,RAW_SENSITIVITY,,,51.400000000000006,0.24830917874396138,0.24830917874396138,1,B1,0.524891,0.13033525314009664,0.24830917874396138,1.0,3.5,5.0,5.5,790,False,,,,True,
1994,大兴区,raw_snapshot,1.0,RAW_SENSITIVITY,,,51.400000000000006,0.24830917874396138,0.24830917874396138,2,B2,0.387622,0.09625010048309181,0.11797392560386474,0.475109,7.0,9.0,11.0,790,False,,,,True,
1994,大兴区,raw_snapshot,1.0,RAW_SENSITIVITY,,,51.400000000000006,0.24830917874396138,0.24830917874396138,3,B3,0.077494,0.019242471497584544,0.02172382512077295,0.087487,10.5,13.0,16.5,790,False,,,,True,
1994,大兴区,raw_snapshot,1.0,RAW_SENSITIVITY,,,51.400000000000006,0.24830917874396138,0.24830917874396138,4,B4,0.009993,0.002481353623188406,0.002481353623188406,0.009993,14.0,17.0,22.0,790,False,,,,True,
1994,大兴区,raw_snapshot,1.0,RAW_SENSITIVITY,,,51.400000000000006,0.24830917874396138,0.24830917874396138,5,B5+,0.0,0.0,0.0,0.0,17.5,21.0,27.5,790,False,,,,True,
1995,大兴区,raw_snapshot,1.0,RAW_SENSITIVITY,62.0,62.0,62.0,0.2995169082125604,0.2995169082125604,1,B1,0.524891,0.15721372946859904,0.2995169082125604,1.0,3.5,5.0,5.5,790,False,,,,False,
1995,大兴区,raw_snapshot,1.0,RAW_SENSITIVITY,62.0,62.0,62.0,0.2995169082125604,0.2995169082125604,2,B2,0.387622,0.1160993429951691,0.14230317874396134,0.475109,7.0,9.0,11.0,790,False,,,,False,
1995,大兴区,raw_snapshot,1.0,RAW_SENSITIVITY,62.0,62.0,62.0,0.2995169082125604,0.2995169082125604,3,B3,0.077494,0.023210763285024152,0.02620383574879227,0.087487,10.5,13.0,16.5,790,False,,,,False,
1995,大兴区,raw_snapshot,1.0,RAW_SENSITIVITY,62.0,62.0,62.0,0.2995169082125604,0.2995169082125604,4,B4,0.009993,0.0029930724637681158,0.0029930724637681158,0.009993,14.0,17.0,22.0,790,False,,,,False,
1995,大兴区,raw_snapshot,1.0,RAW_SENSITIVITY,62.0,62.0,62.0,0.2995169082125604,0.2995169082125604,5,B5+,0.0,0.0,0.0,0.0,17.5,21.0,27.5,790,False,,,,False,
1996,大兴区,raw_snapshot,1.0,RAW_SENSITIVITY,,,62.4,0.30144927536231886,0.30144927536231886,1,B1,0.524891,0.1582280115942029,0.30144927536231886,1.0,3.5,5.0,5.5,790,False,,,,True,
1996,大兴区,raw_snapshot,1.0,RAW_SENSITIVITY,,,62.4,0.30144927536231886,0.30144927536231886,2,B2,0.387622,0.11684837101449276,0.14322126376811595,0.475109,7.0,9.0,11.0,790,False,,,,True,
1996,大兴区,raw_snapshot,1.0,RAW_SENSITIVITY,,,62.4,0.30144927536231886,0.30144927536231886,3,B3,0.077494,0.023360510144927536,0.02637289275362319,0.087487,10.5,13.0,16.5,790,False,,,,True,
1996,大兴区,raw_snapshot,1.0,RAW_SENSITIVITY,,,62.4,0.30144927536231886,0.30144927536231886,4,B4,0.009993,0.0030123826086956526,0.0030123826086956526,0.009993,14.0,17.0,22.0,790,False,,,,True,
1996,大兴区,raw_snapshot,1.0,RAW_SENSITIVITY,,,62.4,0.30144927536231886,0.30144927536231886,5,B5+,0.0,0.0,0.0,0.0,17.5,21.0,27.5,790,False,,,,True,
1997,大兴区,raw_snapshot,1.0,RAW_SENSITIVITY,,,62.8,0.3033816425120773,0.3033816425120773,1,B1,0.524891,0.15924229371980675,0.3033816425120773,1.0,3.5,5.0,5.5,790,False,,,,True,
1997,大兴区,raw_snapshot,1.0,RAW_SENSITIVITY,,,62.8,0.3033816425120773,0.3033816425120773,2,B2,0.387622,0.11759739903381643,0.14413934879227053,0.475109,7.0,9.0,11.0,790,False,,,,True,
1997,大兴区,raw_snapshot,1.0,RAW_SENSITIVITY,,,62.8,0.3033816425120773,0.3033816425120773,3,B3,0.077494,0.023510257004830913,0.026541949758454104,0.087487,10.5,13.0,16.5,790,False,,,,True,
1997,大兴区,raw_snapshot,1.0,RAW_SENSITIVITY,,,62.8,0.3033816425120773,0.3033816425120773,4,B4,0.009993,0.003031692753623188,0.003031692753623188,0.009993,14.0,17.0,22.0,790,False,,,,True,
1997,大兴区,raw_snapshot,1.0,RAW_SENSITIVITY,,,62.8,0.3033816425120773,0.3033816425120773,5,B5+,0.0,0.0,0.0,0.0,17.5,21.0,27.5,790,False,,,,True,
1998,大兴区,raw_snapshot,1.0,RAW_SENSITIVITY,,,63.2,0.30531400966183575,0.30531400966183575,1,B1,0.524891,0.16025657584541061,0.30531400966183575,1.0,3.5,5.0,5.5,790,False,,,,True,
1998,大兴区,raw_snapshot,1.0,RAW_SENSITIVITY,,,63.2,0.30531400966183575,0.30531400966183575,2,B2,0.387622,0.11834642705314011,0.14505743381642514,0.475109,7.0,9.0,11.0,790,False,,,,True,
1998,大兴区,raw_snapshot,1.0,RAW_SENSITIVITY,,,63.2,0.30531400966183575,0.30531400966183575,3,B3,0.077494,0.023660003864734297,0.026711006763285024,0.087487,10.5,13.0,16.5,790,False,,,,True,
1998,大兴区,raw_snapshot,1.0,RAW_SENSITIVITY,,,63.2,0.30531400966183575,0.30531400966183575,4,B4,0.009993,0.003051002898550725,0.003051002898550725,0.009993,14.0,17.0,22.0,790,False,,,,True,
1998,大兴区,raw_snapshot,1.0,RAW_SENSITIVITY,,,63.2,0.30531400966183575,0.30531400966183575,5,B5+,0.0,0.0,0.0,0.0,17.5,21.0,27.5,790,False,,,,True,
1999,大兴区,raw_snapshot,1.0,RAW_SENSITIVITY,,,63.6,0.3072463768115942,0.30724637681159417,1,B1,0.524891,0.16127085797101448,0.30724637681159417,1.0,3.5,5.0,5.5,790,False,,,,True,
1999,大兴区,raw_snapshot,1.0,RAW_SENSITIVITY,,,63.6,0.3072463768115942,0.30724637681159417,2,B2,0.387622,0.11909545507246376,0.1459755188405797,0.475109,7.0,9.0,11.0,790,False,,,,True,
1999,大兴区,raw_snapshot,1.0,RAW_SENSITIVITY,,,63.6,0.3072463768115942,0.30724637681159417,3,B3,0.077494,0.023809750724637677,0.026880063768115938,0.087487,10.5,13.0,16.5,790,False,,,,True,
1999,大兴区,raw_snapshot,1.0,RAW_SENSITIVITY,,,63.6,0.3072463768115942,0.30724637681159417,4,B4,0.009993,0.003070313043478261,0.003070313043478261,0.009993,14.0,17.0,22.0,790,False,,,,True,
1999,大兴区,raw_snapshot,1.0,RAW_SENSITIVITY,,,63.6,0.3072463768115942,0.30724637681159417,5,B5+,0.0,0.0,0.0,0.0,17.5,21.0,27.5,790,False,,,,True,
2000,大兴区,raw_snapshot,1.0,RAW_SENSITIVITY,64.0,64.0,64.0,0.30917874396135264,0.30917874396135264,1,B1,0.524891,0.16228514009661835,0.30917874396135264,1.0,3.5,5.0,5.5,790,False,,,,False,
2000,大兴区,raw_snapshot,1.0,RAW_SENSITIVITY,64.0,64.0,64.0,0.30917874396135264,0.30917874396135264,2,B2,0.387622,0.11984448309178744,0.1468936038647343,0.475109,7.0,9.0,11.0,790,False,,,,False,
2000,大兴区,raw_snapshot,1.0,RAW_SENSITIVITY,64.0,64.0,64.0,0.30917874396135264,0.30917874396135264,3,B3,0.077494,0.02395949758454106,0.02704912077294686,0.087487,10.5,13.0,16.5,790,False,,,,False,
2000,大兴区,raw_snapshot,1.0,RAW_SENSITIVITY,64.0,64.0,64.0,0.30917874396135264,0.30917874396135264,4,B4,0.009993,0.003089623188405797,0.003089623188405797,0.009993,14.0,17.0,22.0,790,False,,,,False,
2000,大兴区,raw_snapshot,1.0,RAW_SENSITIVITY,64.0,64.0,64.0,0.30917874396135264,0.30917874396135264,5,B5+,0.0,0.0,0.0,0.0,17.5,21.0,27.5,790,False,,,,False,
2001,大兴区,raw_snapshot,1.0,RAW_SENSITIVITY,,,76.4,0.3690821256038648,0.3690821256038647,1,B1,0.524891,0.19372788599033816,0.3690821256038647,1.0,3.5,5.0,5.5,790,False,,,,True,
2001,大兴区,raw_snapshot,1.0,RAW_SENSITIVITY,,,76.4,0.3690821256038648,0.3690821256038647,2,B2,0.387622,0.14306435169082127,0.17535423961352656,0.475109,7.0,9.0,11.0,790,False,,,,True,
2001,大兴区,raw_snapshot,1.0,RAW_SENSITIVITY,,,76.4,0.3690821256038648,0.3690821256038647,3,B3,0.077494,0.02860165024154589,0.03228988792270531,0.087487,10.5,13.0,16.5,790,False,,,,True,
2001,大兴区,raw_snapshot,1.0,RAW_SENSITIVITY,,,76.4,0.3690821256038648,0.3690821256038647,4,B4,0.009993,0.00368823768115942,0.00368823768115942,0.009993,14.0,17.0,22.0,790,False,,,,True,
2001,大兴区,raw_snapshot,1.0,RAW_SENSITIVITY,,,76.4,0.3690821256038648,0.3690821256038647,5,B5+,0.0,0.0,0.0,0.0,17.5,21.0,27.5,790,False,,,,True,
2002,大兴区,raw_snapshot,1.0,RAW_SENSITIVITY,,,88.8,0.4289855072463768,0.42898550724637685,1,B1,0.524891,0.225170631884058,0.42898550724637685,1.0,3.5,5.0,5.5,790,False,,,,True,
2002,大兴区,raw_snapshot,1.0,RAW_SENSITIVITY,,,88.8,0.4289855072463768,0.42898550724637685,2,B2,0.387622,0.1662842202898551,0.20381487536231885,0.475109,7.0,9.0,11.0,790,False,,,,True,
2002,大兴区,raw_snapshot,1.0,RAW_SENSITIVITY,,,88.8,0.4289855072463768,0.42898550724637685,3,B3,0.077494,0.03324380289855072,0.03753065507246377,0.087487,10.5,13.0,16.5,790,False,,,,True,
2002,大兴区,raw_snapshot,1.0,RAW_SENSITIVITY,,,88.8,0.4289855072463768,0.42898550724637685,4,B4,0.009993,0.0042868521739130435,0.0042868521739130435,0.009993,14.0,17.0,22.0,790,False,,,,True,
2002,大兴区,raw_snapshot,1.0,RAW_SENSITIVITY,,,88.8,0.4289855072463768,0.42898550724637685,5,B5+,0.0,0.0,0.0,0.0,17.5,21.0,27.5,790,False,,,,True,
2003,大兴区,raw_snapshot,1.0,RAW_SENSITIVITY,,,101.19999999999999,0.4888888888888888,0.48888888888888893,1,B1,0.524891,0.2566133777777778,0.48888888888888893,1.0,3.5,5.0,5.5,790,False,,,,True,
2003,大兴区,raw_snapshot,1.0,RAW_SENSITIVITY,,,101.19999999999999,0.4888888888888888,0.48888888888888893,2,B2,0.387622,0.18950408888888892,0.23227551111111114,0.475109,7.0,9.0,11.0,790,False,,,,True,
2003,大兴区,raw_snapshot,1.0,RAW_SENSITIVITY,,,101.19999999999999,0.4888888888888888,0.48888888888888893,3,B3,0.077494,0.03788595555555556,0.04277142222222222,0.087487,10.5,13.0,16.5,790,False,,,,True,
2003,大兴区,raw_snapshot,1.0,RAW_SENSITIVITY,,,101.19999999999999,0.4888888888888888,0.48888888888888893,4,B4,0.009993,0.004885466666666667,0.004885466666666667,0.009993,14.0,17.0,22.0,790,False,,,,True,
2003,大兴区,raw_snapshot,1.0,RAW_SENSITIVITY,,,101.19999999999999,0.4888888888888888,0.48888888888888893,5,B5+,0.0,0.0,0.0,0.0,17.5,21.0,27.5,790,False,,,,True,
2004,大兴区,raw_snapshot,1.0,RAW_SENSITIVITY,,,113.6,0.5487922705314009,0.548792270531401,1,B1,0.524891,0.2880561236714976,0.548792270531401,1.0,3.5,5.0,5.5,790,False,,,,True,
2004,大兴区,raw_snapshot,1.0,RAW_SENSITIVITY,,,113.6,0.5487922705314009,0.548792270531401,2,B2,0.387622,0.21272395748792272,0.26073614685990343,0.475109,7.0,9.0,11.0,790,False,,,,True,
2004,大兴区,raw_snapshot,1.0,RAW_SENSITIVITY,,,113.6,0.5487922705314009,0.548792270531401,3,B3,0.077494,0.04252810821256039,0.04801218937198068,0.087487,10.5,13.0,16.5,790,False,,,,True,
2004,大兴区,raw_snapshot,1.0,RAW_SENSITIVITY,,,113.6,0.5487922705314009,0.548792270531401,4,B4,0.009993,0.00548408115942029,0.00548408115942029,0.009993,14.0,17.0,22.0,790,False,,,,True,
2004,大兴区,raw_snapshot,1.0,RAW_SENSITIVITY,,,113.6,0.5487922705314009,0.548792270531401,5,B5+,0.0,0.0,0.0,0.0,17.5,21.0,27.5,790,False,,,,True,
2005,大兴区,raw_snapshot,1.0,RAW_SENSITIVITY,126.0,126.0,126.0,0.6086956521739131,0.6086956521739131,1,B1,0.524891,0.3194988695652174,0.6086956521739131,1.0,3.5,5.0,5.5,790,False,,,,False,
2005,大兴区,raw_snapshot,1.0,RAW_SENSITIVITY,126.0,126.0,126.0,0.6086956521739131,0.6086956521739131,2,B2,0.387622,0.23594382608695655,0.2891967826086957,0.475109,7.0,9.0,11.0,790,False,,,,False,
2005,大兴区,raw_snapshot,1.0,RAW_SENSITIVITY,126.0,126.0,126.0,0.6086956521739131,0.6086956521739131,3,B3,0.077494,0.04717026086956522,0.05325295652173913,0.087487,10.5,13.0,16.5,790,False,,,,False,
2005,大兴区,raw_snapshot,1.0,RAW_SENSITIVITY,126.0,126.0,126.0,0.6086956521739131,0.6086956521739131,4,B4,0.009993,0.006082695652173914,0.006082695652173914,0.009993,14.0,17.0,22.0,790,False,,,,False,
2005,大兴区,raw_snapshot,1.0,RAW_SENSITIVITY,126.0,126.0,126.0,0.6086956521739131,0.6086956521739131,5,B5+,0.0,0.0,0.0,0.0,17.5,21.0,27.5,790,False,,,,False,
2006,大兴区,raw_snapshot,1.0,RAW_SENSITIVITY,,,131.0,0.6328502415458938,0.6328502415458938,1,B1,0.524891,0.3321773961352657,0.6328502415458938,1.0,3.5,5.0,5.5,790,False,,,,True,
2006,大兴区,raw_snapshot,1.0,RAW_SENSITIVITY,,,131.0,0.6328502415458938,0.6328502415458938,2,B2,0.387622,0.24530667632850245,0.30067284541062805,0.475109,7.0,9.0,11.0,790,False,,,,True,
2006,大兴区,raw_snapshot,1.0,RAW_SENSITIVITY,,,131.0,0.6328502415458938,0.6328502415458938,3,B3,0.077494,0.049042096618357484,0.055366169082125605,0.087487,10.5,13.0,16.5,790,False,,,,True,
2006,大兴区,raw_snapshot,1.0,RAW_SENSITIVITY,,,131.0,0.6328502415458938,0.6328502415458938,4,B4,0.009993,0.006324072463768116,0.006324072463768116,0.009993,14.0,17.0,22.0,790,False,,,,True,
2006,大兴区,raw_snapshot,1.0,RAW_SENSITIVITY,,,131.0,0.6328502415458938,0.6328502415458938,5,B5+,0.0,0.0,0.0,0.0,17.5,21.0,27.5,790,False,,,,True,
2007,大兴区,raw_snapshot,1.0,RAW_SENSITIVITY,,,136.0,0.6570048309178744,0.6570048309178744,1,B1,0.524891,0.344855922705314,0.6570048309178744,1.0,3.5,5.0,5.5,790,False,,,,True,
2007,大兴区,raw_snapshot,1.0,RAW_SENSITIVITY,,,136.0,0.6570048309178744,0.6570048309178744,2,B2,0.387622,0.2546695265700483,0.3121489082125604,0.475109,7.0,9.0,11.0,790,False,,,,True,
2007,大兴区,raw_snapshot,1.0,RAW_SENSITIVITY,,,136.0,0.6570048309178744,0.6570048309178744,3,B3,0.077494,0.05091393236714976,0.057479381642512074,0.087487,10.5,13.0,16.5,790,False,,,,True,
2007,大兴区,raw_snapshot,1.0,RAW_SENSITIVITY,,,136.0,0.6570048309178744,0.6570048309178744,4,B4,0.009993,0.006565449275362319,0.006565449275362319,0.009993,14.0,17.0,22.0,790,False,,,,True,
2007,大兴区,raw_snapshot,1.0,RAW_SENSITIVITY,,,136.0,0.6570048309178744,0.6570048309178744,5,B5+,0.0,0.0,0.0,0.0,17.5,21.0,27.5,790,False,,,,True,
2008,大兴区,raw_snapshot,1.0,RAW_SENSITIVITY,,,141.0,0.6811594202898551,0.6811594202898551,1,B1,0.524891,0.3575344492753623,0.6811594202898551,1.0,3.5,5.0,5.5,790,False,,,,True,
2008,大兴区,raw_snapshot,1.0,RAW_SENSITIVITY,,,141.0,0.6811594202898551,0.6811594202898551,2,B2,0.387622,0.26403237681159425,0.3236249710144928,0.475109,7.0,9.0,11.0,790,False,,,,True,
2008,大兴区,raw_snapshot,1.0,RAW_SENSITIVITY,,,141.0,0.6811594202898551,0.6811594202898551,3,B3,0.077494,0.052785768115942024,0.05959259420289855,0.087487,10.5,13.0,16.5,790,False,,,,True,
2008,大兴区,raw_snapshot,1.0,RAW_SENSITIVITY,,,141.0,0.6811594202898551,0.6811594202898551,4,B4,0.009993,0.006806826086956522,0.006806826086956522,0.009993,14.0,17.0,22.0,790,False,,,,True,
2008,大兴区,raw_snapshot,1.0,RAW_SENSITIVITY,,,141.0,0.6811594202898551,0.6811594202898551,5,B5+,0.0,0.0,0.0,0.0,17.5,21.0,27.5,790,False,,,,True,
2009,大兴区,raw_snapshot,1.0,RAW_SENSITIVITY,,,146.0,0.7053140096618358,0.7053140096618358,1,B1,0.524891,0.37021297584541063,0.7053140096618358,1.0,3.5,5.0,5.5,790,False,,,,True,
2009,大兴区,raw_snapshot,1.0,RAW_SENSITIVITY,,,146.0,0.7053140096618358,0.7053140096618358,2,B2,0.387622,0.2733952270531401,0.33510103381642514,0.475109,7.0,9.0,11.0,790,False,,,,True,
2009,大兴区,raw_snapshot,1.0,RAW_SENSITIVITY,,,146.0,0.7053140096618358,0.7053140096618358,3,B3,0.077494,0.0546576038647343,0.06170580676328502,0.087487,10.5,13.0,16.5,790,False,,,,True,
2009,大兴区,raw_snapshot,1.0,RAW_SENSITIVITY,,,146.0,0.7053140096618358,0.7053140096618358,4,B4,0.009993,0.007048202898550725,0.007048202898550725,0.009993,14.0,17.0,22.0,790,False,,,,True,
2009,大兴区,raw_snapshot,1.0,RAW_SENSITIVITY,,,146.0,0.7053140096618358,0.7053140096618358,5,B5+,0.0,0.0,0.0,0.0,17.5,21.0,27.5,790,False,,,,True,
2010,大兴区,raw_snapshot,1.0,RAW_SENSITIVITY,151.0,151.0,151.0,0.7294685990338164,0.7294685990338164,1,B1,0.524891,0.38289150241545894,0.7294685990338164,1.0,3.5,5.0,5.5,790,False,,,,False,
2010,大兴区,raw_snapshot,1.0,RAW_SENSITIVITY,151.0,151.0,151.0,0.7294685990338164,0.7294685990338164,2,B2,0.387622,0.282758077294686,0.3465770966183575,0.475109,7.0,9.0,11.0,790,False,,,,False,
2010,大兴区,raw_snapshot,1.0,RAW_SENSITIVITY,151.0,151.0,151.0,0.7294685990338164,0.7294685990338164,3,B3,0.077494,0.056529439613526564,0.0638190193236715,0.087487,10.5,13.0,16.5,790,False,,,,False,
2010,大兴区,raw_snapshot,1.0,RAW_SENSITIVITY,151.0,151.0,151.0,0.7294685990338164,0.7294685990338164,4,B4,0.009993,0.007289579710144928,0.007289579710144928,0.009993,14.0,17.0,22.0,790,False,,,,False,
2010,大兴区,raw_snapshot,1.0,RAW_SENSITIVITY,151.0,151.0,151.0,0.7294685990338164,0.7294685990338164,5,B5+,0.0,0.0,0.0,0.0,17.5,21.0,27.5,790,False,,,,False,
2011,大兴区,raw_snapshot,1.0,RAW_SENSITIVITY,,,151.6,0.7323671497584541,0.7323671497584541,1,B1,0.524891,0.3844129256038647,0.7323671497584541,1.0,3.5,5.0,5.5,790,False,,,,True,
2011,大兴区,raw_snapshot,1.0,RAW_SENSITIVITY,,,151.6,0.7323671497584541,0.7323671497584541,2,B2,0.387622,0.2838816193236715,0.3479542241545894,0.475109,7.0,9.0,11.0,790,False,,,,True,
2011,大兴区,raw_snapshot,1.0,RAW_SENSITIVITY,,,151.6,0.7323671497584541,0.7323671497584541,3,B3,0.077494,0.056754059903381636,0.06407260483091787,0.087487,10.5,13.0,16.5,790,False,,,,True,
2011,大兴区,raw_snapshot,1.0,RAW_SENSITIVITY,,,151.6,0.7323671497584541,0.7323671497584541,4,B4,0.009993,0.007318544927536232,0.007318544927536232,0.009993,14.0,17.0,22.0,790,False,,,,True,
2011,大兴区,raw_snapshot,1.0,RAW_SENSITIVITY,,,151.6,0.7323671497584541,0.7323671497584541,5,B5+,0.0,0.0,0.0,0.0,17.5,21.0,27.5,790,False,,,,True,
2012,大兴区,raw_snapshot,1.0,RAW_SENSITIVITY,,,152.2,0.7352657004830917,0.7352657004830918,1,B1,0.524891,0.38593434879227057,0.7352657004830918,1.0,3.5,5.0,5.5,790,False,,,,True,
2012,大兴区,raw_snapshot,1.0,RAW_SENSITIVITY,,,152.2,0.7352657004830917,0.7352657004830918,2,B2,0.387622,0.285005161352657,0.34933135169082125,0.475109,7.0,9.0,11.0,790,False,,,,True,
2012,大兴区,raw_snapshot,1.0,RAW_SENSITIVITY,,,152.2,0.7352657004830917,0.7352657004830918,3,B3,0.077494,0.056978680193236715,0.06432619033816425,0.087487,10.5,13.0,16.5,790,False,,,,True,
2012,大兴区,raw_snapshot,1.0,RAW_SENSITIVITY,,,152.2,0.7352657004830917,0.7352657004830918,4,B4,0.009993,0.007347510144927537,0.007347510144927537,0.009993,14.0,17.0,22.0,790,False,,,,True,
2012,大兴区,raw_snapshot,1.0,RAW_SENSITIVITY,,,152.2,0.7352657004830917,0.7352657004830918,5,B5+,0.0,0.0,0.0,0.0,17.5,21.0,27.5,790,False,,,,True,
2013,大兴区,raw_snapshot,1.0,RAW_SENSITIVITY,,,152.8,0.7381642512077295,0.7381642512077294,1,B1,0.524891,0.3874557719806763,0.7381642512077294,1.0,3.5,5.0,5.5,790,False,,,,True,
2013,大兴区,raw_snapshot,1.0,RAW_SENSITIVITY,,,152.8,0.7381642512077295,0.7381642512077294,2,B2,0.387622,0.28612870338164254,0.3507084792270531,0.475109,7.0,9.0,11.0,790,False,,,,True,
2013,大兴区,raw_snapshot,1.0,RAW_SENSITIVITY,,,152.8,0.7381642512077295,0.7381642512077294,3,B3,0.077494,0.05720330048309178,0.06457977584541062,0.087487,10.5,13.0,16.5,790,False,,,,True,
2013,大兴区,raw_snapshot,1.0,RAW_SENSITIVITY,,,152.8,0.7381642512077295,0.7381642512077294,4,B4,0.009993,0.00737647536231884,0.00737647536231884,0.009993,14.0,17.0,22.0,790,False,,,,True,
2013,大兴区,raw_snapshot,1.0,RAW_SENSITIVITY,,,152.8,0.7381642512077295,0.7381642512077294,5,B5+,0.0,0.0,0.0,0.0,17.5,21.0,27.5,790,False,,,,True,
2014,大兴区,raw_snapshot,1.0,RAW_SENSITIVITY,,,153.4,0.7410628019323672,0.7410628019323672,1,B1,0.524891,0.38897719516908213,0.7410628019323672,1.0,3.5,5.0,5.5,790,False,,,,True,
2014,大兴区,raw_snapshot,1.0,RAW_SENSITIVITY,,,153.4,0.7410628019323672,0.7410628019323672,2,B2,0.387622,0.28725224541062805,0.35208560676328504,0.475109,7.0,9.0,11.0,790,False,,,,True,
2014,大兴区,raw_snapshot,1.0,RAW_SENSITIVITY,,,153.4,0.7410628019323672,0.7410628019323672,3,B3,0.077494,0.05742792077294686,0.064833361352657,0.087487,10.5,13.0,16.5,790,False,,,,True,
2014,大兴区,raw_snapshot,1.0,RAW_SENSITIVITY,,,153.4,0.7410628019323672,0.7410628019323672,4,B4,0.009993,0.0074054405797101455,0.0074054405797101455,0.009993,14.0,17.0,22.0,790,False,,,,True,
2014,大兴区,raw_snapshot,1.0,RAW_SENSITIVITY,,,153.4,0.7410628019323672,0.7410628019323672,5,B5+,0.0,0.0,0.0,0.0,17.5,21.0,27.5,790,False,,,,True,
2015,大兴区,raw_snapshot,1.0,RAW_SENSITIVITY,154.0,154.0,154.0,0.7439613526570048,0.7439613526570048,1,B1,0.524891,0.3904986183574879,0.7439613526570048,1.0,3.5,5.0,5.5,790,False,,,,False,
2015,大兴区,raw_snapshot,1.0,RAW_SENSITIVITY,154.0,154.0,154.0,0.7439613526570048,0.7439613526570048,2,B2,0.387622,0.2883757874396135,0.3534627342995169,0.475109,7.0,9.0,11.0,790,False,,,,False,
2015,大兴区,raw_snapshot,1.0,RAW_SENSITIVITY,154.0,154.0,154.0,0.7439613526570048,0.7439613526570048,3,B3,0.077494,0.057652541062801925,0.06508694685990338,0.087487,10.5,13.0,16.5,790,False,,,,False,
2015,大兴区,raw_snapshot,1.0,RAW_SENSITIVITY,154.0,154.0,154.0,0.7439613526570048,0.7439613526570048,4,B4,0.009993,0.007434405797101449,0.007434405797101449,0.009993,14.0,17.0,22.0,790,False,,,,False,
2015,大兴区,raw_snapshot,1.0,RAW_SENSITIVITY,154.0,154.0,154.0,0.7439613526570048,0.7439613526570048,5,B5+,0.0,0.0,0.0,0.0,17.5,21.0,27.5,790,False,,,,False,
2016,大兴区,raw_snapshot,1.0,RAW_SENSITIVITY,,,164.6,0.7951690821256039,0.7951690821256039,1,B1,0.524891,0.4173770946859903,0.7951690821256039,1.0,3.5,5.0,5.5,790,False,,,,True,
2016,大兴区,raw_snapshot,1.0,RAW_SENSITIVITY,,,164.6,0.7951690821256039,0.7951690821256039,2,B2,0.387622,0.3082250299516908,0.37779198743961356,0.475109,7.0,9.0,11.0,790,False,,,,True,
2016,大兴区,raw_snapshot,1.0,RAW_SENSITIVITY,,,164.6,0.7951690821256039,0.7951690821256039,3,B3,0.077494,0.061620832850241544,0.0695669574879227,0.087487,10.5,13.0,16.5,790,False,,,,True,
2016,大兴区,raw_snapshot,1.0,RAW_SENSITIVITY,,,164.6,0.7951690821256039,0.7951690821256039,4,B4,0.009993,0.00794612463768116,0.00794612463768116,0.009993,14.0,17.0,22.0,790,False,,,,True,
2016,大兴区,raw_snapshot,1.0,RAW_SENSITIVITY,,,164.6,0.7951690821256039,0.7951690821256039,5,B5+,0.0,0.0,0.0,0.0,17.5,21.0,27.5,790,False,,,,True,
2017,大兴区,raw_snapshot,1.0,RAW_SENSITIVITY,,,175.2,0.8463768115942029,0.8463768115942029,1,B1,0.524891,0.44425557101449276,0.8463768115942029,1.0,3.5,5.0,5.5,790,False,,,,True,
2017,大兴区,raw_snapshot,1.0,RAW_SENSITIVITY,,,175.2,0.8463768115942029,0.8463768115942029,2,B2,0.387622,0.32807427246376814,0.4021212405797101,0.475109,7.0,9.0,11.0,790,False,,,,True,
2017,大兴区,raw_snapshot,1.0,RAW_SENSITIVITY,,,175.2,0.8463768115942029,0.8463768115942029,3,B3,0.077494,0.06558912463768116,0.07404696811594202,0.087487,10.5,13.0,16.5,790,False,,,,True,
2017,大兴区,raw_snapshot,1.0,RAW_SENSITIVITY,,,175.2,0.8463768115942029,0.8463768115942029,4,B4,0.009993,0.00845784347826087,0.00845784347826087,0.009993,14.0,17.0,22.0,790,False,,,,True,
2017,大兴区,raw_snapshot,1.0,RAW_SENSITIVITY,,,175.2,0.8463768115942029,0.8463768115942029,5,B5+,0.0,0.0,0.0,0.0,17.5,21.0,27.5,790,False,,,,True,
2018,大兴区,raw_snapshot,1.0,RAW_SENSITIVITY,,,185.8,0.8975845410628019,0.8975845410628019,1,B1,0.524891,0.4711340473429952,0.8975845410628019,1.0,3.5,5.0,5.5,790,False,,,,True,
2018,大兴区,raw_snapshot,1.0,RAW_SENSITIVITY,,,185.8,0.8975845410628019,0.8975845410628019,2,B2,0.387622,0.34792351497584545,0.42645049371980676,0.475109,7.0,9.0,11.0,790,False,,,,True,
2018,大兴区,raw_snapshot,1.0,RAW_SENSITIVITY,,,185.8,0.8975845410628019,0.8975845410628019,3,B3,0.077494,0.06955741642512077,0.07852697874396135,0.087487,10.5,13.0,16.5,790,False,,,,True,
2018,大兴区,raw_snapshot,1.0,RAW_SENSITIVITY,,,185.8,0.8975845410628019,0.8975845410628019,4,B4,0.009993,0.00896956231884058,0.00896956231884058,0.009993,14.0,17.0,22.0,790,False,,,,True,
2018,大兴区,raw_snapshot,1.0,RAW_SENSITIVITY,,,185.8,0.8975845410628019,0.8975845410628019,5,B5+,0.0,0.0,0.0,0.0,17.5,21.0,27.5,790,False,,,,True,
2019,大兴区,raw_snapshot,1.0,RAW_SENSITIVITY,,,196.4,0.948792270531401,0.9487922705314009,1,B1,0.524891,0.49801252367149756,0.9487922705314009,1.0,3.5,5.0,5.5,790,False,,,,True,
2019,大兴区,raw_snapshot,1.0,RAW_SENSITIVITY,,,196.4,0.948792270531401,0.9487922705314009,2,B2,0.387622,0.3677727574879227,0.45077974685990335,0.475109,7.0,9.0,11.0,790,False,,,,True,
2019,大兴区,raw_snapshot,1.0,RAW_SENSITIVITY,,,196.4,0.948792270531401,0.9487922705314009,3,B3,0.077494,0.07352570821256038,0.08300698937198067,0.087487,10.5,13.0,16.5,790,False,,,,True,
2019,大兴区,raw_snapshot,1.0,RAW_SENSITIVITY,,,196.4,0.948792270531401,0.9487922705314009,4,B4,0.009993,0.009481281159420289,0.009481281159420289,0.009993,14.0,17.0,22.0,790,False,,,,True,
2019,大兴区,raw_snapshot,1.0,RAW_SENSITIVITY,,,196.4,0.948792270531401,0.9487922705314009,5,B5+,0.0,0.0,0.0,0.0,17.5,21.0,27.5,790,False,,,,True,
2020,大兴区,raw_snapshot,1.0,RAW_SENSITIVITY,207.0,207.0,207.0,1.0,1.0,1,B1,0.524891,0.524891,1.0,1.0,3.5,5.0,5.5,790,False,,,,False,
2020,大兴区,raw_snapshot,1.0,RAW_SENSITIVITY,207.0,207.0,207.0,1.0,1.0,2,B2,0.387622,0.387622,0.475109,0.475109,7.0,9.0,11.0,790,False,,,,False,
2020,大兴区,raw_snapshot,1.0,RAW_SENSITIVITY,207.0,207.0,207.0,1.0,1.0,3,B3,0.077494,0.077494,0.087487,0.087487,10.5,13.0,16.5,790,False,,,,False,
2020,大兴区,raw_snapshot,1.0,RAW_SENSITIVITY,207.0,207.0,207.0,1.0,1.0,4,B4,0.009993,0.009993,0.009993,0.009993,14.0,17.0,22.0,790,False,,,,False,
2020,大兴区,raw_snapshot,1.0,RAW_SENSITIVITY,207.0,207.0,207.0,1.0,1.0,5,B5+,0.0,0.0,0.0,0.0,17.5,21.0,27.5,790,False,,,,False,
1980,密云区,raw_snapshot,1.0,RAW_SENSITIVITY,8.0,8.0,8.0,0.25,0.25,1,B1,0.546399,0.13659975,0.25,1.0,3.5,5.0,5.5,94,False,,,,False,
1980,密云区,raw_snapshot,1.0,RAW_SENSITIVITY,8.0,8.0,8.0,0.25,0.25,2,B2,0.372812,0.093203,0.11340025,0.453601,7.0,9.0,11.0,94,False,,,,False,
1980,密云区,raw_snapshot,1.0,RAW_SENSITIVITY,8.0,8.0,8.0,0.25,0.25,3,B3,0.080789,0.02019725,0.02019725,0.080789,10.5,13.0,16.5,94,False,,,,False,
1980,密云区,raw_snapshot,1.0,RAW_SENSITIVITY,8.0,8.0,8.0,0.25,0.25,4,B4,0.0,0.0,0.0,0.0,14.0,17.0,22.0,94,False,,,,False,
1980,密云区,raw_snapshot,1.0,RAW_SENSITIVITY,8.0,8.0,8.0,0.25,0.25,5,B5+,0.0,0.0,0.0,0.0,17.5,21.0,27.5,94,False,,,,False,
1981,密云区,raw_snapshot,1.0,RAW_SENSITIVITY,,,7.7,0.240625,0.240625,1,B1,0.546399,0.131477259375,0.240625,1.0,3.5,5.0,5.5,94,False,,,,True,
1981,密云区,raw_snapshot,1.0,RAW_SENSITIVITY,,,7.7,0.240625,0.240625,2,B2,0.372812,0.0897078875,0.109147740625,0.453601,7.0,9.0,11.0,94,False,,,,True,
1981,密云区,raw_snapshot,1.0,RAW_SENSITIVITY,,,7.7,0.240625,0.240625,3,B3,0.080789,0.019439853125,0.019439853125,0.080789,10.5,13.0,16.5,94,False,,,,True,
1981,密云区,raw_snapshot,1.0,RAW_SENSITIVITY,,,7.7,0.240625,0.240625,4,B4,0.0,0.0,0.0,0.0,14.0,17.0,22.0,94,False,,,,True,
1981,密云区,raw_snapshot,1.0,RAW_SENSITIVITY,,,7.7,0.240625,0.240625,5,B5+,0.0,0.0,0.0,0.0,17.5,21.0,27.5,94,False,,,,True,
1982,密云区,raw_snapshot,1.0,RAW_SENSITIVITY,,,7.4,0.23125,0.23125,1,B1,0.546399,0.12635476874999998,0.23125,1.0,3.5,5.0,5.5,94,False,,,,True,
1982,密云区,raw_snapshot,1.0,RAW_SENSITIVITY,,,7.4,0.23125,0.23125,2,B2,0.372812,0.086212775,0.10489523125,0.453601,7.0,9.0,11.0,94,False,,,,True,
1982,密云区,raw_snapshot,1.0,RAW_SENSITIVITY,,,7.4,0.23125,0.23125,3,B3,0.080789,0.01868245625,0.01868245625,0.080789,10.5,13.0,16.5,94,False,,,,True,
1982,密云区,raw_snapshot,1.0,RAW_SENSITIVITY,,,7.4,0.23125,0.23125,4,B4,0.0,0.0,0.0,0.0,14.0,17.0,22.0,94,False,,,,True,
1982,密云区,raw_snapshot,1.0,RAW_SENSITIVITY,,,7.4,0.23125,0.23125,5,B5+,0.0,0.0,0.0,0.0,17.5,21.0,27.5,94,False,,,,True,
1983,密云区,raw_snapshot,1.0,RAW_SENSITIVITY,,,7.1,0.221875,0.221875,1,B1,0.546399,0.12123227812499998,0.221875,1.0,3.5,5.0,5.5,94,False,,,,True,
1983,密云区,raw_snapshot,1.0,RAW_SENSITIVITY,,,7.1,0.221875,0.221875,2,B2,0.372812,0.0827176625,0.100642721875,0.453601,7.0,9.0,11.0,94,False,,,,True,
1983,密云区,raw_snapshot,1.0,RAW_SENSITIVITY,,,7.1,0.221875,0.221875,3,B3,0.080789,0.017925059375,0.017925059375,0.080789,10.5,13.0,16.5,94,False,,,,True,
1983,密云区,raw_snapshot,1.0,RAW_SENSITIVITY,,,7.1,0.221875,0.221875,4,B4,0.0,0.0,0.0,0.0,14.0,17.0,22.0,94,False,,,,True,
1983,密云区,raw_snapshot,1.0,RAW_SENSITIVITY,,,7.1,0.221875,0.221875,5,B5+,0.0,0.0,0.0,0.0,17.5,21.0,27.5,94,False,,,,True,
1984,密云区,raw_snapshot,1.0,RAW_SENSITIVITY,,,6.8,0.2125,0.2125,1,B1,0.546399,0.11610978749999999,0.2125,1.0,3.5,5.0,5.5,94,False,,,,True,
1984,密云区,raw_snapshot,1.0,RAW_SENSITIVITY,,,6.8,0.2125,0.2125,2,B2,0.372812,0.07922254999999999,0.09639021249999999,0.453601,7.0,9.0,11.0,94,False,,,,True,
1984,密云区,raw_snapshot,1.0,RAW_SENSITIVITY,,,6.8,0.2125,0.2125,3,B3,0.080789,0.0171676625,0.0171676625,0.080789,10.5,13.0,16.5,94,False,,,,True,
1984,密云区,raw_snapshot,1.0,RAW_SENSITIVITY,,,6.8,0.2125,0.2125,4,B4,0.0,0.0,0.0,0.0,14.0,17.0,22.0,94,False,,,,True,
1984,密云区,raw_snapshot,1.0,RAW_SENSITIVITY,,,6.8,0.2125,0.2125,5,B5+,0.0,0.0,0.0,0.0,17.5,21.0,27.5,94,False,,,,True,
1985,密云区,raw_snapshot,1.0,RAW_SENSITIVITY,,,6.5,0.203125,0.203125,1,B1,0.546399,0.11098729687499999,0.203125,1.0,3.5,5.0,5.5,94,False,,,,True,
1985,密云区,raw_snapshot,1.0,RAW_SENSITIVITY,,,6.5,0.203125,0.203125,2,B2,0.372812,0.0757274375,0.092137703125,0.453601,7.0,9.0,11.0,94,False,,,,True,
1985,密云区,raw_snapshot,1.0,RAW_SENSITIVITY,,,6.5,0.203125,0.203125,3,B3,0.080789,0.016410265625,0.016410265625,0.080789,10.5,13.0,16.5,94,False,,,,True,
1985,密云区,raw_snapshot,1.0,RAW_SENSITIVITY,,,6.5,0.203125,0.203125,4,B4,0.0,0.0,0.0,0.0,14.0,17.0,22.0,94,False,,,,True,
1985,密云区,raw_snapshot,1.0,RAW_SENSITIVITY,,,6.5,0.203125,0.203125,5,B5+,0.0,0.0,0.0,0.0,17.5,21.0,27.5,94,False,,,,True,
1986,密云区,raw_snapshot,1.0,RAW_SENSITIVITY,,,6.2,0.19375,0.19375,1,B1,0.546399,0.10586480625,0.19375,1.0,3.5,5.0,5.5,94,False,,,,True,
1986,密云区,raw_snapshot,1.0,RAW_SENSITIVITY,,,6.2,0.19375,0.19375,2,B2,0.372812,0.072232325,0.08788519374999999,0.453601,7.0,9.0,11.0,94,False,,,,True,
1986,密云区,raw_snapshot,1.0,RAW_SENSITIVITY,,,6.2,0.19375,0.19375,3,B3,0.080789,0.01565286875,0.01565286875,0.080789,10.5,13.0,16.5,94,False,,,,True,
1986,密云区,raw_snapshot,1.0,RAW_SENSITIVITY,,,6.2,0.19375,0.19375,4,B4,0.0,0.0,0.0,0.0,14.0,17.0,22.0,94,False,,,,True,
1986,密云区,raw_snapshot,1.0,RAW_SENSITIVITY,,,6.2,0.19375,0.19375,5,B5+,0.0,0.0,0.0,0.0,17.5,21.0,27.5,94,False,,,,True,
1987,密云区,raw_snapshot,1.0,RAW_SENSITIVITY,,,5.9,0.184375,0.184375,1,B1,0.546399,0.100742315625,0.184375,1.0,3.5,5.0,5.5,94,False,,,,True,
1987,密云区,raw_snapshot,1.0,RAW_SENSITIVITY,,,5.9,0.184375,0.184375,2,B2,0.372812,0.0687372125,0.083632684375,0.453601,7.0,9.0,11.0,94,False,,,,True,
1987,密云区,raw_snapshot,1.0,RAW_SENSITIVITY,,,5.9,0.184375,0.184375,3,B3,0.080789,0.014895471875000002,0.014895471875000002,0.080789,10.5,13.0,16.5,94,False,,,,True,
1987,密云区,raw_snapshot,1.0,RAW_SENSITIVITY,,,5.9,0.184375,0.184375,4,B4,0.0,0.0,0.0,0.0,14.0,17.0,22.0,94,False,,,,True,
1987,密云区,raw_snapshot,1.0,RAW_SENSITIVITY,,,5.9,0.184375,0.184375,5,B5+,0.0,0.0,0.0,0.0,17.5,21.0,27.5,94,False,,,,True,
1988,密云区,raw_snapshot,1.0,RAW_SENSITIVITY,,,5.6,0.175,0.175,1,B1,0.546399,0.09561982499999999,0.175,1.0,3.5,5.0,5.5,94,False,,,,True,
1988,密云区,raw_snapshot,1.0,RAW_SENSITIVITY,,,5.6,0.175,0.175,2,B2,0.372812,0.0652421,0.079380175,0.453601,7.0,9.0,11.0,94,False,,,,True,
1988,密云区,raw_snapshot,1.0,RAW_SENSITIVITY,,,5.6,0.175,0.175,3,B3,0.080789,0.014138074999999998,0.014138074999999998,0.080789,10.5,13.0,16.5,94,False,,,,True,
1988,密云区,raw_snapshot,1.0,RAW_SENSITIVITY,,,5.6,0.175,0.175,4,B4,0.0,0.0,0.0,0.0,14.0,17.0,22.0,94,False,,,,True,
1988,密云区,raw_snapshot,1.0,RAW_SENSITIVITY,,,5.6,0.175,0.175,5,B5+,0.0,0.0,0.0,0.0,17.5,21.0,27.5,94,False,,,,True,
1989,密云区,raw_snapshot,1.0,RAW_SENSITIVITY,,,5.3,0.165625,0.165625,1,B1,0.546399,0.09049733437499999,0.165625,1.0,3.5,5.0,5.5,94,False,,,,True,
1989,密云区,raw_snapshot,1.0,RAW_SENSITIVITY,,,5.3,0.165625,0.165625,2,B2,0.372812,0.061746987499999996,0.07512766562499999,0.453601,7.0,9.0,11.0,94,False,,,,True,
1989,密云区,raw_snapshot,1.0,RAW_SENSITIVITY,,,5.3,0.165625,0.165625,3,B3,0.080789,0.013380678125,0.013380678125,0.080789,10.5,13.0,16.5,94,False,,,,True,
1989,密云区,raw_snapshot,1.0,RAW_SENSITIVITY,,,5.3,0.165625,0.165625,4,B4,0.0,0.0,0.0,0.0,14.0,17.0,22.0,94,False,,,,True,
1989,密云区,raw_snapshot,1.0,RAW_SENSITIVITY,,,5.3,0.165625,0.165625,5,B5+,0.0,0.0,0.0,0.0,17.5,21.0,27.5,94,False,,,,True,
1990,密云区,raw_snapshot,1.0,RAW_SENSITIVITY,5.0,8.0,5.0,0.15625,0.15625,1,B1,0.546399,0.08537484375,0.15625,1.0,3.5,5.0,5.5,94,False,,,,False,
1990,密云区,raw_snapshot,1.0,RAW_SENSITIVITY,5.0,8.0,5.0,0.15625,0.15625,2,B2,0.372812,0.058251874999999995,0.07087515625,0.453601,7.0,9.0,11.0,94,False,,,,False,
1990,密云区,raw_snapshot,1.0,RAW_SENSITIVITY,5.0,8.0,5.0,0.15625,0.15625,3,B3,0.080789,0.01262328125,0.01262328125,0.080789,10.5,13.0,16.5,94,False,,,,False,
1990,密云区,raw_snapshot,1.0,RAW_SENSITIVITY,5.0,8.0,5.0,0.15625,0.15625,4,B4,0.0,0.0,0.0,0.0,14.0,17.0,22.0,94,False,,,,False,
1990,密云区,raw_snapshot,1.0,RAW_SENSITIVITY,5.0,8.0,5.0,0.15625,0.15625,5,B5+,0.0,0.0,0.0,0.0,17.5,21.0,27.5,94,False,,,,False,
1991,密云区,raw_snapshot,1.0,RAW_SENSITIVITY,,,5.6,0.175,0.175,1,B1,0.546399,0.09561982499999999,0.175,1.0,3.5,5.0,5.5,94,False,,,,True,
1991,密云区,raw_snapshot,1.0,RAW_SENSITIVITY,,,5.6,0.175,0.175,2,B2,0.372812,0.0652421,0.079380175,0.453601,7.0,9.0,11.0,94,False,,,,True,
1991,密云区,raw_snapshot,1.0,RAW_SENSITIVITY,,,5.6,0.175,0.175,3,B3,0.080789,0.014138074999999998,0.014138074999999998,0.080789,10.5,13.0,16.5,94,False,,,,True,
1991,密云区,raw_snapshot,1.0,RAW_SENSITIVITY,,,5.6,0.175,0.175,4,B4,0.0,0.0,0.0,0.0,14.0,17.0,22.0,94,False,,,,True,
1991,密云区,raw_snapshot,1.0,RAW_SENSITIVITY,,,5.6,0.175,0.175,5,B5+,0.0,0.0,0.0,0.0,17.5,21.0,27.5,94,False,,,,True,
1992,密云区,raw_snapshot,1.0,RAW_SENSITIVITY,,,6.2,0.19375,0.19375,1,B1,0.546399,0.10586480625,0.19375,1.0,3.5,5.0,5.5,94,False,,,,True,
1992,密云区,raw_snapshot,1.0,RAW_SENSITIVITY,,,6.2,0.19375,0.19375,2,B2,0.372812,0.072232325,0.08788519374999999,0.453601,7.0,9.0,11.0,94,False,,,,True,
1992,密云区,raw_snapshot,1.0,RAW_SENSITIVITY,,,6.2,0.19375,0.19375,3,B3,0.080789,0.01565286875,0.01565286875,0.080789,10.5,13.0,16.5,94,False,,,,True,
1992,密云区,raw_snapshot,1.0,RAW_SENSITIVITY,,,6.2,0.19375,0.19375,4,B4,0.0,0.0,0.0,0.0,14.0,17.0,22.0,94,False,,,,True,
1992,密云区,raw_snapshot,1.0,RAW_SENSITIVITY,,,6.2,0.19375,0.19375,5,B5+,0.0,0.0,0.0,0.0,17.5,21.0,27.5,94,False,,,,True,
1993,密云区,raw_snapshot,1.0,RAW_SENSITIVITY,,,6.8,0.2125,0.2125,1,B1,0.546399,0.11610978749999999,0.2125,1.0,3.5,5.0,5.5,94,False,,,,True,
1993,密云区,raw_snapshot,1.0,RAW_SENSITIVITY,,,6.8,0.2125,0.2125,2,B2,0.372812,0.07922254999999999,0.09639021249999999,0.453601,7.0,9.0,11.0,94,False,,,,True,
1993,密云区,raw_snapshot,1.0,RAW_SENSITIVITY,,,6.8,0.2125,0.2125,3,B3,0.080789,0.0171676625,0.0171676625,0.080789,10.5,13.0,16.5,94,False,,,,True,
1993,密云区,raw_snapshot,1.0,RAW_SENSITIVITY,,,6.8,0.2125,0.2125,4,B4,0.0,0.0,0.0,0.0,14.0,17.0,22.0,94,False,,,,True,
1993,密云区,raw_snapshot,1.0,RAW_SENSITIVITY,,,6.8,0.2125,0.2125,5,B5+,0.0,0.0,0.0,0.0,17.5,21.0,27.5,94,False,,,,True,
1994,密云区,raw_snapshot,1.0,RAW_SENSITIVITY,,,7.4,0.23125,0.23125,1,B1,0.546399,0.12635476874999998,0.23125,1.0,3.5,5.0,5.5,94,False,,,,True,
1994,密云区,raw_snapshot,1.0,RAW_SENSITIVITY,,,7.4,0.23125,0.23125,2,B2,0.372812,0.086212775,0.10489523125,0.453601,7.0,9.0,11.0,94,False,,,,True,
1994,密云区,raw_snapshot,1.0,RAW_SENSITIVITY,,,7.4,0.23125,0.23125,3,B3,0.080789,0.01868245625,0.01868245625,0.080789,10.5,13.0,16.5,94,False,,,,True,
1994,密云区,raw_snapshot,1.0,RAW_SENSITIVITY,,,7.4,0.23125,0.23125,4,B4,0.0,0.0,0.0,0.0,14.0,17.0,22.0,94,False,,,,True,
1994,密云区,raw_snapshot,1.0,RAW_SENSITIVITY,,,7.4,0.23125,0.23125,5,B5+,0.0,0.0,0.0,0.0,17.5,21.0,27.5,94,False,,,,True,
1995,密云区,raw_snapshot,1.0,RAW_SENSITIVITY,8.0,8.0,8.0,0.25,0.25,1,B1,0.546399,0.13659975,0.25,1.0,3.5,5.0,5.5,94,False,,,,False,
1995,密云区,raw_snapshot,1.0,RAW_SENSITIVITY,8.0,8.0,8.0,0.25,0.25,2,B2,0.372812,0.093203,0.11340025,0.453601,7.0,9.0,11.0,94,False,,,,False,
1995,密云区,raw_snapshot,1.0,RAW_SENSITIVITY,8.0,8.0,8.0,0.25,0.25,3,B3,0.080789,0.02019725,0.02019725,0.080789,10.5,13.0,16.5,94,False,,,,False,
1995,密云区,raw_snapshot,1.0,RAW_SENSITIVITY,8.0,8.0,8.0,0.25,0.25,4,B4,0.0,0.0,0.0,0.0,14.0,17.0,22.0,94,False,,,,False,
1995,密云区,raw_snapshot,1.0,RAW_SENSITIVITY,8.0,8.0,8.0,0.25,0.25,5,B5+,0.0,0.0,0.0,0.0,17.5,21.0,27.5,94,False,,,,False,
1996,密云区,raw_snapshot,1.0,RAW_SENSITIVITY,,,9.8,0.30625,0.30625,1,B1,0.546399,0.16733469375,0.30625,1.0,3.5,5.0,5.5,94,False,,,,True,
1996,密云区,raw_snapshot,1.0,RAW_SENSITIVITY,,,9.8,0.30625,0.30625,2,B2,0.372812,0.114173675,0.13891530625,0.453601,7.0,9.0,11.0,94,False,,,,True,
1996,密云区,raw_snapshot,1.0,RAW_SENSITIVITY,,,9.8,0.30625,0.30625,3,B3,0.080789,0.024741631250000003,0.024741631250000003,0.080789,10.5,13.0,16.5,94,False,,,,True,
1996,密云区,raw_snapshot,1.0,RAW_SENSITIVITY,,,9.8,0.30625,0.30625,4,B4,0.0,0.0,0.0,0.0,14.0,17.0,22.0,94,False,,,,True,
1996,密云区,raw_snapshot,1.0,RAW_SENSITIVITY,,,9.8,0.30625,0.30625,5,B5+,0.0,0.0,0.0,0.0,17.5,21.0,27.5,94,False,,,,True,
1997,密云区,raw_snapshot,1.0,RAW_SENSITIVITY,,,11.6,0.3625,0.3625,1,B1,0.546399,0.19806963749999998,0.3625,1.0,3.5,5.0,5.5,94,False,,,,True,
1997,密云区,raw_snapshot,1.0,RAW_SENSITIVITY,,,11.6,0.3625,0.3625,2,B2,0.372812,0.13514435,0.16443036249999998,0.453601,7.0,9.0,11.0,94,False,,,,True,
1997,密云区,raw_snapshot,1.0,RAW_SENSITIVITY,,,11.6,0.3625,0.3625,3,B3,0.080789,0.0292860125,0.0292860125,0.080789,10.5,13.0,16.5,94,False,,,,True,
1997,密云区,raw_snapshot,1.0,RAW_SENSITIVITY,,,11.6,0.3625,0.3625,4,B4,0.0,0.0,0.0,0.0,14.0,17.0,22.0,94,False,,,,True,
1997,密云区,raw_snapshot,1.0,RAW_SENSITIVITY,,,11.6,0.3625,0.3625,5,B5+,0.0,0.0,0.0,0.0,17.5,21.0,27.5,94,False,,,,True,
1998,密云区,raw_snapshot,1.0,RAW_SENSITIVITY,,,13.399999999999999,0.41874999999999996,0.41874999999999996,1,B1,0.546399,0.22880458124999997,0.41874999999999996,1.0,3.5,5.0,5.5,94,False,,,,True,
1998,密云区,raw_snapshot,1.0,RAW_SENSITIVITY,,,13.399999999999999,0.41874999999999996,0.41874999999999996,2,B2,0.372812,0.15611502499999996,0.18994541874999998,0.453601,7.0,9.0,11.0,94,False,,,,True,
1998,密云区,raw_snapshot,1.0,RAW_SENSITIVITY,,,13.399999999999999,0.41874999999999996,0.41874999999999996,3,B3,0.080789,0.03383039374999999,0.03383039374999999,0.080789,10.5,13.0,16.5,94,False,,,,True,
1998,密云区,raw_snapshot,1.0,RAW_SENSITIVITY,,,13.399999999999999,0.41874999999999996,0.41874999999999996,4,B4,0.0,0.0,0.0,0.0,14.0,17.0,22.0,94,False,,,,True,
1998,密云区,raw_snapshot,1.0,RAW_SENSITIVITY,,,13.399999999999999,0.41874999999999996,0.41874999999999996,5,B5+,0.0,0.0,0.0,0.0,17.5,21.0,27.5,94,False,,,,True,
1999,密云区,raw_snapshot,1.0,RAW_SENSITIVITY,,,15.2,0.475,0.475,1,B1,0.546399,0.259539525,0.475,1.0,3.5,5.0,5.5,94,False,,,,True,
1999,密云区,raw_snapshot,1.0,RAW_SENSITIVITY,,,15.2,0.475,0.475,2,B2,0.372812,0.17708569999999998,0.21546047499999998,0.453601,7.0,9.0,11.0,94,False,,,,True,
1999,密云区,raw_snapshot,1.0,RAW_SENSITIVITY,,,15.2,0.475,0.475,3,B3,0.080789,0.038374775,0.038374775,0.080789,10.5,13.0,16.5,94,False,,,,True,
1999,密云区,raw_snapshot,1.0,RAW_SENSITIVITY,,,15.2,0.475,0.475,4,B4,0.0,0.0,0.0,0.0,14.0,17.0,22.0,94,False,,,,True,
1999,密云区,raw_snapshot,1.0,RAW_SENSITIVITY,,,15.2,0.475,0.475,5,B5+,0.0,0.0,0.0,0.0,17.5,21.0,27.5,94,False,,,,True,
2000,密云区,raw_snapshot,1.0,RAW_SENSITIVITY,17.0,17.0,17.0,0.53125,0.53125,1,B1,0.546399,0.29027446874999996,0.53125,1.0,3.5,5.0,5.5,94,False,,,,False,
2000,密云区,raw_snapshot,1.0,RAW_SENSITIVITY,17.0,17.0,17.0,0.53125,0.53125,2,B2,0.372812,0.19805637499999998,0.24097553124999999,0.453601,7.0,9.0,11.0,94,False,,,,False,
2000,密云区,raw_snapshot,1.0,RAW_SENSITIVITY,17.0,17.0,17.0,0.53125,0.53125,3,B3,0.080789,0.04291915625,0.04291915625,0.080789,10.5,13.0,16.5,94,False,,,,False,
2000,密云区,raw_snapshot,1.0,RAW_SENSITIVITY,17.0,17.0,17.0,0.53125,0.53125,4,B4,0.0,0.0,0.0,0.0,14.0,17.0,22.0,94,False,,,,False,
2000,密云区,raw_snapshot,1.0,RAW_SENSITIVITY,17.0,17.0,17.0,0.53125,0.53125,5,B5+,0.0,0.0,0.0,0.0,17.5,21.0,27.5,94,False,,,,False,
2001,密云区,raw_snapshot,1.0,RAW_SENSITIVITY,,,18.6,0.58125,0.58125,1,B1,0.546399,0.31759441875,0.58125,1.0,3.5,5.0,5.5,94,False,,,,True,
2001,密云区,raw_snapshot,1.0,RAW_SENSITIVITY,,,18.6,0.58125,0.58125,2,B2,0.372812,0.21669697500000001,0.26365558125,0.453601,7.0,9.0,11.0,94,False,,,,True,
2001,密云区,raw_snapshot,1.0,RAW_SENSITIVITY,,,18.6,0.58125,0.58125,3,B3,0.080789,0.04695860625000001,0.04695860625000001,0.080789,10.5,13.0,16.5,94,False,,,,True,
2001,密云区,raw_snapshot,1.0,RAW_SENSITIVITY,,,18.6,0.58125,0.58125,4,B4,0.0,0.0,0.0,0.0,14.0,17.0,22.0,94,False,,,,True,
2001,密云区,raw_snapshot,1.0,RAW_SENSITIVITY,,,18.6,0.58125,0.58125,5,B5+,0.0,0.0,0.0,0.0,17.5,21.0,27.5,94,False,,,,True,
2002,密云区,raw_snapshot,1.0,RAW_SENSITIVITY,,,20.2,0.63125,0.63125,1,B1,0.546399,0.34491436875,0.63125,1.0,3.5,5.0,5.5,94,False,,,,True,
2002,密云区,raw_snapshot,1.0,RAW_SENSITIVITY,,,20.2,0.63125,0.63125,2,B2,0.372812,0.23533757499999997,0.28633563125,0.453601,7.0,9.0,11.0,94,False,,,,True,
2002,密云区,raw_snapshot,1.0,RAW_SENSITIVITY,,,20.2,0.63125,0.63125,3,B3,0.080789,0.05099805625,0.05099805625,0.080789,10.5,13.0,16.5,94,False,,,,True,
2002,密云区,raw_snapshot,1.0,RAW_SENSITIVITY,,,20.2,0.63125,0.63125,4,B4,0.0,0.0,0.0,0.0,14.0,17.0,22.0,94,False,,,,True,
2002,密云区,raw_snapshot,1.0,RAW_SENSITIVITY,,,20.2,0.63125,0.63125,5,B5+,0.0,0.0,0.0,0.0,17.5,21.0,27.5,94,False,,,,True,
2003,密云区,raw_snapshot,1.0,RAW_SENSITIVITY,,,21.8,0.68125,0.68125,1,B1,0.546399,0.37223431875,0.68125,1.0,3.5,5.0,5.5,94,False,,,,True,
2003,密云区,raw_snapshot,1.0,RAW_SENSITIVITY,,,21.8,0.68125,0.68125,2,B2,0.372812,0.253978175,0.30901568125,0.453601,7.0,9.0,11.0,94,False,,,,True,
2003,密云区,raw_snapshot,1.0,RAW_SENSITIVITY,,,21.8,0.68125,0.68125,3,B3,0.080789,0.05503750625,0.05503750625,0.080789,10.5,13.0,16.5,94,False,,,,True,
2003,密云区,raw_snapshot,1.0,RAW_SENSITIVITY,,,21.8,0.68125,0.68125,4,B4,0.0,0.0,0.0,0.0,14.0,17.0,22.0,94,False,,,,True,
2003,密云区,raw_snapshot,1.0,RAW_SENSITIVITY,,,21.8,0.68125,0.68125,5,B5+,0.0,0.0,0.0,0.0,17.5,21.0,27.5,94,False,,,,True,
2004,密云区,raw_snapshot,1.0,RAW_SENSITIVITY,,,23.4,0.73125,0.73125,1,B1,0.546399,0.39955426874999994,0.73125,1.0,3.5,5.0,5.5,94,False,,,,True,
2004,密云区,raw_snapshot,1.0,RAW_SENSITIVITY,,,23.4,0.73125,0.73125,2,B2,0.372812,0.272618775,0.33169573124999996,0.453601,7.0,9.0,11.0,94,False,,,,True,
2004,密云区,raw_snapshot,1.0,RAW_SENSITIVITY,,,23.4,0.73125,0.73125,3,B3,0.080789,0.05907695624999999,0.05907695624999999,0.080789,10.5,13.0,16.5,94,False,,,,True,
2004,密云区,raw_snapshot,1.0,RAW_SENSITIVITY,,,23.4,0.73125,0.73125,4,B4,0.0,0.0,0.0,0.0,14.0,17.0,22.0,94,False,,,,True,
2004,密云区,raw_snapshot,1.0,RAW_SENSITIVITY,,,23.4,0.73125,0.73125,5,B5+,0.0,0.0,0.0,0.0,17.5,21.0,27.5,94,False,,,,True,
2005,密云区,raw_snapshot,1.0,RAW_SENSITIVITY,25.0,25.0,25.0,0.78125,0.78125,1,B1,0.546399,0.42687421875,0.78125,1.0,3.5,5.0,5.5,94,False,,,,False,
2005,密云区,raw_snapshot,1.0,RAW_SENSITIVITY,25.0,25.0,25.0,0.78125,0.78125,2,B2,0.372812,0.291259375,0.35437578124999997,0.453601,7.0,9.0,11.0,94,False,,,,False,
2005,密云区,raw_snapshot,1.0,RAW_SENSITIVITY,25.0,25.0,25.0,0.78125,0.78125,3,B3,0.080789,0.06311640625,0.06311640625,0.080789,10.5,13.0,16.5,94,False,,,,False,
2005,密云区,raw_snapshot,1.0,RAW_SENSITIVITY,25.0,25.0,25.0,0.78125,0.78125,4,B4,0.0,0.0,0.0,0.0,14.0,17.0,22.0,94,False,,,,False,
2005,密云区,raw_snapshot,1.0,RAW_SENSITIVITY,25.0,25.0,25.0,0.78125,0.78125,5,B5+,0.0,0.0,0.0,0.0,17.5,21.0,27.5,94,False,,,,False,
2006,密云区,raw_snapshot,1.0,RAW_SENSITIVITY,,,25.0,0.78125,0.78125,1,B1,0.546399,0.42687421875,0.78125,1.0,3.5,5.0,5.5,94,False,,,,True,
2006,密云区,raw_snapshot,1.0,RAW_SENSITIVITY,,,25.0,0.78125,0.78125,2,B2,0.372812,0.291259375,0.35437578124999997,0.453601,7.0,9.0,11.0,94,False,,,,True,
2006,密云区,raw_snapshot,1.0,RAW_SENSITIVITY,,,25.0,0.78125,0.78125,3,B3,0.080789,0.06311640625,0.06311640625,0.080789,10.5,13.0,16.5,94,False,,,,True,
2006,密云区,raw_snapshot,1.0,RAW_SENSITIVITY,,,25.0,0.78125,0.78125,4,B4,0.0,0.0,0.0,0.0,14.0,17.0,22.0,94,False,,,,True,
2006,密云区,raw_snapshot,1.0,RAW_SENSITIVITY,,,25.0,0.78125,0.78125,5,B5+,0.0,0.0,0.0,0.0,17.5,21.0,27.5,94,False,,,,True,
2007,密云区,raw_snapshot,1.0,RAW_SENSITIVITY,,,25.0,0.78125,0.78125,1,B1,0.546399,0.42687421875,0.78125,1.0,3.5,5.0,5.5,94,False,,,,True,
2007,密云区,raw_snapshot,1.0,RAW_SENSITIVITY,,,25.0,0.78125,0.78125,2,B2,0.372812,0.291259375,0.35437578124999997,0.453601,7.0,9.0,11.0,94,False,,,,True,
2007,密云区,raw_snapshot,1.0,RAW_SENSITIVITY,,,25.0,0.78125,0.78125,3,B3,0.080789,0.06311640625,0.06311640625,0.080789,10.5,13.0,16.5,94,False,,,,True,
2007,密云区,raw_snapshot,1.0,RAW_SENSITIVITY,,,25.0,0.78125,0.78125,4,B4,0.0,0.0,0.0,0.0,14.0,17.0,22.0,94,False,,,,True,
2007,密云区,raw_snapshot,1.0,RAW_SENSITIVITY,,,25.0,0.78125,0.78125,5,B5+,0.0,0.0,0.0,0.0,17.5,21.0,27.5,94,False,,,,True,
2008,密云区,raw_snapshot,1.0,RAW_SENSITIVITY,,,25.0,0.78125,0.78125,1,B1,0.546399,0.42687421875,0.78125,1.0,3.5,5.0,5.5,94,False,,,,True,
2008,密云区,raw_snapshot,1.0,RAW_SENSITIVITY,,,25.0,0.78125,0.78125,2,B2,0.372812,0.291259375,0.35437578124999997,0.453601,7.0,9.0,11.0,94,False,,,,True,
2008,密云区,raw_snapshot,1.0,RAW_SENSITIVITY,,,25.0,0.78125,0.78125,3,B3,0.080789,0.06311640625,0.06311640625,0.080789,10.5,13.0,16.5,94,False,,,,True,
2008,密云区,raw_snapshot,1.0,RAW_SENSITIVITY,,,25.0,0.78125,0.78125,4,B4,0.0,0.0,0.0,0.0,14.0,17.0,22.0,94,False,,,,True,
2008,密云区,raw_snapshot,1.0,RAW_SENSITIVITY,,,25.0,0.78125,0.78125,5,B5+,0.0,0.0,0.0,0.0,17.5,21.0,27.5,94,False,,,,True,
2009,密云区,raw_snapshot,1.0,RAW_SENSITIVITY,,,25.0,0.78125,0.78125,1,B1,0.546399,0.42687421875,0.78125,1.0,3.5,5.0,5.5,94,False,,,,True,
2009,密云区,raw_snapshot,1.0,RAW_SENSITIVITY,,,25.0,0.78125,0.78125,2,B2,0.372812,0.291259375,0.35437578124999997,0.453601,7.0,9.0,11.0,94,False,,,,True,
2009,密云区,raw_snapshot,1.0,RAW_SENSITIVITY,,,25.0,0.78125,0.78125,3,B3,0.080789,0.06311640625,0.06311640625,0.080789,10.5,13.0,16.5,94,False,,,,True,
2009,密云区,raw_snapshot,1.0,RAW_SENSITIVITY,,,25.0,0.78125,0.78125,4,B4,0.0,0.0,0.0,0.0,14.0,17.0,22.0,94,False,,,,True,
2009,密云区,raw_snapshot,1.0,RAW_SENSITIVITY,,,25.0,0.78125,0.78125,5,B5+,0.0,0.0,0.0,0.0,17.5,21.0,27.5,94,False,,,,True,
2010,密云区,raw_snapshot,1.0,RAW_SENSITIVITY,25.0,25.0,25.0,0.78125,0.78125,1,B1,0.546399,0.42687421875,0.78125,1.0,3.5,5.0,5.5,94,False,,,,False,
2010,密云区,raw_snapshot,1.0,RAW_SENSITIVITY,25.0,25.0,25.0,0.78125,0.78125,2,B2,0.372812,0.291259375,0.35437578124999997,0.453601,7.0,9.0,11.0,94,False,,,,False,
2010,密云区,raw_snapshot,1.0,RAW_SENSITIVITY,25.0,25.0,25.0,0.78125,0.78125,3,B3,0.080789,0.06311640625,0.06311640625,0.080789,10.5,13.0,16.5,94,False,,,,False,
2010,密云区,raw_snapshot,1.0,RAW_SENSITIVITY,25.0,25.0,25.0,0.78125,0.78125,4,B4,0.0,0.0,0.0,0.0,14.0,17.0,22.0,94,False,,,,False,
2010,密云区,raw_snapshot,1.0,RAW_SENSITIVITY,25.0,25.0,25.0,0.78125,0.78125,5,B5+,0.0,0.0,0.0,0.0,17.5,21.0,27.5,94,False,,,,False,
2011,密云区,raw_snapshot,1.0,RAW_SENSITIVITY,,,24.8,0.775,0.775,1,B1,0.546399,0.423459225,0.775,1.0,3.5,5.0,5.5,94,False,,,,True,
2011,密云区,raw_snapshot,1.0,RAW_SENSITIVITY,,,24.8,0.775,0.775,2,B2,0.372812,0.2889293,0.35154077499999997,0.453601,7.0,9.0,11.0,94,False,,,,True,
2011,密云区,raw_snapshot,1.0,RAW_SENSITIVITY,,,24.8,0.775,0.775,3,B3,0.080789,0.062611475,0.062611475,0.080789,10.5,13.0,16.5,94,False,,,,True,
2011,密云区,raw_snapshot,1.0,RAW_SENSITIVITY,,,24.8,0.775,0.775,4,B4,0.0,0.0,0.0,0.0,14.0,17.0,22.0,94,False,,,,True,
2011,密云区,raw_snapshot,1.0,RAW_SENSITIVITY,,,24.8,0.775,0.775,5,B5+,0.0,0.0,0.0,0.0,17.5,21.0,27.5,94,False,,,,True,
2012,密云区,raw_snapshot,1.0,RAW_SENSITIVITY,,,24.6,0.76875,0.76875,1,B1,0.546399,0.42004423125,0.76875,1.0,3.5,5.0,5.5,94,False,,,,True,
2012,密云区,raw_snapshot,1.0,RAW_SENSITIVITY,,,24.6,0.76875,0.76875,2,B2,0.372812,0.286599225,0.34870576875,0.453601,7.0,9.0,11.0,94,False,,,,True,
2012,密云区,raw_snapshot,1.0,RAW_SENSITIVITY,,,24.6,0.76875,0.76875,3,B3,0.080789,0.06210654375000001,0.06210654375000001,0.080789,10.5,13.0,16.5,94,False,,,,True,
2012,密云区,raw_snapshot,1.0,RAW_SENSITIVITY,,,24.6,0.76875,0.76875,4,B4,0.0,0.0,0.0,0.0,14.0,17.0,22.0,94,False,,,,True,
2012,密云区,raw_snapshot,1.0,RAW_SENSITIVITY,,,24.6,0.76875,0.76875,5,B5+,0.0,0.0,0.0,0.0,17.5,21.0,27.5,94,False,,,,True,
2013,密云区,raw_snapshot,1.0,RAW_SENSITIVITY,,,24.4,0.7625,0.7625,1,B1,0.546399,0.41662923749999997,0.7625,1.0,3.5,5.0,5.5,94,False,,,,True,
2013,密云区,raw_snapshot,1.0,RAW_SENSITIVITY,,,24.4,0.7625,0.7625,2,B2,0.372812,0.28426914999999997,0.3458707625,0.453601,7.0,9.0,11.0,94,False,,,,True,
2013,密云区,raw_snapshot,1.0,RAW_SENSITIVITY,,,24.4,0.7625,0.7625,3,B3,0.080789,0.06160161249999999,0.06160161249999999,0.080789,10.5,13.0,16.5,94,False,,,,True,
2013,密云区,raw_snapshot,1.0,RAW_SENSITIVITY,,,24.4,0.7625,0.7625,4,B4,0.0,0.0,0.0,0.0,14.0,17.0,22.0,94,False,,,,True,
2013,密云区,raw_snapshot,1.0,RAW_SENSITIVITY,,,24.4,0.7625,0.7625,5,B5+,0.0,0.0,0.0,0.0,17.5,21.0,27.5,94,False,,,,True,
2014,密云区,raw_snapshot,1.0,RAW_SENSITIVITY,,,24.2,0.75625,0.75625,1,B1,0.546399,0.41321424375,0.75625,1.0,3.5,5.0,5.5,94,False,,,,True,
2014,密云区,raw_snapshot,1.0,RAW_SENSITIVITY,,,24.2,0.75625,0.75625,2,B2,0.372812,0.281939075,0.34303575625,0.453601,7.0,9.0,11.0,94,False,,,,True,
2014,密云区,raw_snapshot,1.0,RAW_SENSITIVITY,,,24.2,0.75625,0.75625,3,B3,0.080789,0.06109668125,0.06109668125,0.080789,10.5,13.0,16.5,94,False,,,,True,
2014,密云区,raw_snapshot,1.0,RAW_SENSITIVITY,,,24.2,0.75625,0.75625,4,B4,0.0,0.0,0.0,0.0,14.0,17.0,22.0,94,False,,,,True,
2014,密云区,raw_snapshot,1.0,RAW_SENSITIVITY,,,24.2,0.75625,0.75625,5,B5+,0.0,0.0,0.0,0.0,17.5,21.0,27.5,94,False,,,,True,
2015,密云区,raw_snapshot,1.0,RAW_SENSITIVITY,24.0,25.0,24.0,0.75,0.75,1,B1,0.546399,0.40979924999999995,0.75,1.0,3.5,5.0,5.5,94,False,,,,False,
2015,密云区,raw_snapshot,1.0,RAW_SENSITIVITY,24.0,25.0,24.0,0.75,0.75,2,B2,0.372812,0.279609,0.34020075,0.453601,7.0,9.0,11.0,94,False,,,,False,
2015,密云区,raw_snapshot,1.0,RAW_SENSITIVITY,24.0,25.0,24.0,0.75,0.75,3,B3,0.080789,0.06059175,0.06059175,0.080789,10.5,13.0,16.5,94,False,,,,False,
2015,密云区,raw_snapshot,1.0,RAW_SENSITIVITY,24.0,25.0,24.0,0.75,0.75,4,B4,0.0,0.0,0.0,0.0,14.0,17.0,22.0,94,False,,,,False,
2015,密云区,raw_snapshot,1.0,RAW_SENSITIVITY,24.0,25.0,24.0,0.75,0.75,5,B5+,0.0,0.0,0.0,0.0,17.5,21.0,27.5,94,False,,,,False,
2016,密云区,raw_snapshot,1.0,RAW_SENSITIVITY,,,25.6,0.8,0.8,1,B1,0.546399,0.4371192,0.8,1.0,3.5,5.0,5.5,94,False,,,,True,
2016,密云区,raw_snapshot,1.0,RAW_SENSITIVITY,,,25.6,0.8,0.8,2,B2,0.372812,0.2982496,0.3628808,0.453601,7.0,9.0,11.0,94,False,,,,True,
2016,密云区,raw_snapshot,1.0,RAW_SENSITIVITY,,,25.6,0.8,0.8,3,B3,0.080789,0.0646312,0.0646312,0.080789,10.5,13.0,16.5,94,False,,,,True,
2016,密云区,raw_snapshot,1.0,RAW_SENSITIVITY,,,25.6,0.8,0.8,4,B4,0.0,0.0,0.0,0.0,14.0,17.0,22.0,94,False,,,,True,
2016,密云区,raw_snapshot,1.0,RAW_SENSITIVITY,,,25.6,0.8,0.8,5,B5+,0.0,0.0,0.0,0.0,17.5,21.0,27.5,94,False,,,,True,
2017,密云区,raw_snapshot,1.0,RAW_SENSITIVITY,,,27.2,0.85,0.85,1,B1,0.546399,0.46443914999999997,0.85,1.0,3.5,5.0,5.5,94,False,,,,True,
2017,密云区,raw_snapshot,1.0,RAW_SENSITIVITY,,,27.2,0.85,0.85,2,B2,0.372812,0.31689019999999996,0.38556084999999995,0.453601,7.0,9.0,11.0,94,False,,,,True,
2017,密云区,raw_snapshot,1.0,RAW_SENSITIVITY,,,27.2,0.85,0.85,3,B3,0.080789,0.06867065,0.06867065,0.080789,10.5,13.0,16.5,94,False,,,,True,
2017,密云区,raw_snapshot,1.0,RAW_SENSITIVITY,,,27.2,0.85,0.85,4,B4,0.0,0.0,0.0,0.0,14.0,17.0,22.0,94,False,,,,True,
2017,密云区,raw_snapshot,1.0,RAW_SENSITIVITY,,,27.2,0.85,0.85,5,B5+,0.0,0.0,0.0,0.0,17.5,21.0,27.5,94,False,,,,True,
2018,密云区,raw_snapshot,1.0,RAW_SENSITIVITY,,,28.8,0.9,0.9,1,B1,0.546399,0.4917591,0.9,1.0,3.5,5.0,5.5,94,False,,,,True,
2018,密云区,raw_snapshot,1.0,RAW_SENSITIVITY,,,28.8,0.9,0.9,2,B2,0.372812,0.33553079999999996,0.40824089999999996,0.453601,7.0,9.0,11.0,94,False,,,,True,
2018,密云区,raw_snapshot,1.0,RAW_SENSITIVITY,,,28.8,0.9,0.9,3,B3,0.080789,0.0727101,0.0727101,0.080789,10.5,13.0,16.5,94,False,,,,True,
2018,密云区,raw_snapshot,1.0,RAW_SENSITIVITY,,,28.8,0.9,0.9,4,B4,0.0,0.0,0.0,0.0,14.0,17.0,22.0,94,False,,,,True,
2018,密云区,raw_snapshot,1.0,RAW_SENSITIVITY,,,28.8,0.9,0.9,5,B5+,0.0,0.0,0.0,0.0,17.5,21.0,27.5,94,False,,,,True,
2019,密云区,raw_snapshot,1.0,RAW_SENSITIVITY,,,30.4,0.95,0.95,1,B1,0.546399,0.51907905,0.95,1.0,3.5,5.0,5.5,94,False,,,,True,
2019,密云区,raw_snapshot,1.0,RAW_SENSITIVITY,,,30.4,0.95,0.95,2,B2,0.372812,0.35417139999999997,0.43092094999999997,0.453601,7.0,9.0,11.0,94,False,,,,True,
2019,密云区,raw_snapshot,1.0,RAW_SENSITIVITY,,,30.4,0.95,0.95,3,B3,0.080789,0.07674955,0.07674955,0.080789,10.5,13.0,16.5,94,False,,,,True,
2019,密云区,raw_snapshot,1.0,RAW_SENSITIVITY,,,30.4,0.95,0.95,4,B4,0.0,0.0,0.0,0.0,14.0,17.0,22.0,94,False,,,,True,
2019,密云区,raw_snapshot,1.0,RAW_SENSITIVITY,,,30.4,0.95,0.95,5,B5+,0.0,0.0,0.0,0.0,17.5,21.0,27.5,94,False,,,,True,
2020,密云区,raw_snapshot,1.0,RAW_SENSITIVITY,32.0,32.0,32.0,1.0,1.0,1,B1,0.546399,0.546399,1.0,1.0,3.5,5.0,5.5,94,False,,,,False,
2020,密云区,raw_snapshot,1.0,RAW_SENSITIVITY,32.0,32.0,32.0,1.0,1.0,2,B2,0.372812,0.372812,0.453601,0.453601,7.0,9.0,11.0,94,False,,,,False,
2020,密云区,raw_snapshot,1.0,RAW_SENSITIVITY,32.0,32.0,32.0,1.0,1.0,3,B3,0.080789,0.080789,0.080789,0.080789,10.5,13.0,16.5,94,False,,,,False,
2020,密云区,raw_snapshot,1.0,RAW_SENSITIVITY,32.0,32.0,32.0,1.0,1.0,4,B4,0.0,0.0,0.0,0.0,14.0,17.0,22.0,94,False,,,,False,
2020,密云区,raw_snapshot,1.0,RAW_SENSITIVITY,32.0,32.0,32.0,1.0,1.0,5,B5+,0.0,0.0,0.0,0.0,17.5,21.0,27.5,94,False,,,,False,
1980,平谷区,raw_snapshot,1.0,RAW_SENSITIVITY,6.0,6.0,6.0,0.2727272727272727,0.2727272727272727,1,B1,0.682967,0.18626372727272725,0.2727275454545455,1.0000010000000001,3.5,5.0,5.5,17,False,,,,False,
1980,平谷区,raw_snapshot,1.0,RAW_SENSITIVITY,6.0,6.0,6.0,0.2727272727272727,0.2727272727272727,2,B2,0.180794,0.04930745454545454,0.08646381818181818,0.31703400000000004,7.0,9.0,11.0,17,False,,,,False,
1980,平谷区,raw_snapshot,1.0,RAW_SENSITIVITY,6.0,6.0,6.0,0.2727272727272727,0.2727272727272727,3,B3,0.13624,0.03715636363636363,0.03715636363636363,0.13624,10.5,13.0,16.5,17,False,,,,False,
1980,平谷区,raw_snapshot,1.0,RAW_SENSITIVITY,6.0,6.0,6.0,0.2727272727272727,0.2727272727272727,4,B4,0.0,0.0,0.0,0.0,14.0,17.0,22.0,17,False,,,,False,
1980,平谷区,raw_snapshot,1.0,RAW_SENSITIVITY,6.0,6.0,6.0,0.2727272727272727,0.2727272727272727,5,B5+,0.0,0.0,0.0,0.0,17.5,21.0,27.5,17,False,,,,False,
1981,平谷区,raw_snapshot,1.0,RAW_SENSITIVITY,,,5.9,0.2681818181818182,0.2681818181818182,1,B1,0.682967,0.1831593318181818,0.2681820863636364,1.0000010000000001,3.5,5.0,5.5,17,False,,,,True,
1981,平谷区,raw_snapshot,1.0,RAW_SENSITIVITY,,,5.9,0.2681818181818182,0.2681818181818182,2,B2,0.180794,0.04848566363636364,0.08502275454545456,0.31703400000000004,7.0,9.0,11.0,17,False,,,,True,
1981,平谷区,raw_snapshot,1.0,RAW_SENSITIVITY,,,5.9,0.2681818181818182,0.2681818181818182,3,B3,0.13624,0.03653709090909091,0.03653709090909091,0.13624,10.5,13.0,16.5,17,False,,,,True,
1981,平谷区,raw_snapshot,1.0,RAW_SENSITIVITY,,,5.9,0.2681818181818182,0.2681818181818182,4,B4,0.0,0.0,0.0,0.0,14.0,17.0,22.0,17,False,,,,True,
1981,平谷区,raw_snapshot,1.0,RAW_SENSITIVITY,,,5.9,0.2681818181818182,0.2681818181818182,5,B5+,0.0,0.0,0.0,0.0,17.5,21.0,27.5,17,False,,,,True,
1982,平谷区,raw_snapshot,1.0,RAW_SENSITIVITY,,,5.8,0.2636363636363636,0.2636363636363636,1,B1,0.682967,0.18005493636363634,0.2636366272727273,1.0000010000000001,3.5,5.0,5.5,17,False,,,,True,
1982,平谷区,raw_snapshot,1.0,RAW_SENSITIVITY,,,5.8,0.2636363636363636,0.2636363636363636,2,B2,0.180794,0.047663872727272724,0.08358169090909091,0.31703400000000004,7.0,9.0,11.0,17,False,,,,True,
1982,平谷区,raw_snapshot,1.0,RAW_SENSITIVITY,,,5.8,0.2636363636363636,0.2636363636363636,3,B3,0.13624,0.035917818181818176,0.035917818181818176,0.13624,10.5,13.0,16.5,17,False,,,,True,
1982,平谷区,raw_snapshot,1.0,RAW_SENSITIVITY,,,5.8,0.2636363636363636,0.2636363636363636,4,B4,0.0,0.0,0.0,0.0,14.0,17.0,22.0,17,False,,,,True,
1982,平谷区,raw_snapshot,1.0,RAW_SENSITIVITY,,,5.8,0.2636363636363636,0.2636363636363636,5,B5+,0.0,0.0,0.0,0.0,17.5,21.0,27.5,17,False,,,,True,
1983,平谷区,raw_snapshot,1.0,RAW_SENSITIVITY,,,5.7,0.2590909090909091,0.2590909090909091,1,B1,0.682967,0.1769505409090909,0.2590911681818182,1.0000010000000001,3.5,5.0,5.5,17,False,,,,True,
1983,平谷区,raw_snapshot,1.0,RAW_SENSITIVITY,,,5.7,0.2590909090909091,0.2590909090909091,2,B2,0.180794,0.04684208181818182,0.08214062727272728,0.31703400000000004,7.0,9.0,11.0,17,False,,,,True,
1983,平谷区,raw_snapshot,1.0,RAW_SENSITIVITY,,,5.7,0.2590909090909091,0.2590909090909091,3,B3,0.13624,0.03529854545454546,0.03529854545454546,0.13624,10.5,13.0,16.5,17,False,,,,True,
1983,平谷区,raw_snapshot,1.0,RAW_SENSITIVITY,,,5.7,0.2590909090909091,0.2590909090909091,4,B4,0.0,0.0,0.0,0.0,14.0,17.0,22.0,17,False,,,,True,
1983,平谷区,raw_snapshot,1.0,RAW_SENSITIVITY,,,5.7,0.2590909090909091,0.2590909090909091,5,B5+,0.0,0.0,0.0,0.0,17.5,21.0,27.5,17,False,,,,True,
1984,平谷区,raw_snapshot,1.0,RAW_SENSITIVITY,,,5.6,0.2545454545454545,0.2545454545454545,1,B1,0.682967,0.17384614545454544,0.2545457090909091,1.0000010000000001,3.5,5.0,5.5,17,False,,,,True,
1984,平谷区,raw_snapshot,1.0,RAW_SENSITIVITY,,,5.6,0.2545454545454545,0.2545454545454545,2,B2,0.180794,0.046020290909090905,0.08069956363636364,0.31703400000000004,7.0,9.0,11.0,17,False,,,,True,
1984,平谷区,raw_snapshot,1.0,RAW_SENSITIVITY,,,5.6,0.2545454545454545,0.2545454545454545,3,B3,0.13624,0.034679272727272725,0.034679272727272725,0.13624,10.5,13.0,16.5,17,False,,,,True,
1984,平谷区,raw_snapshot,1.0,RAW_SENSITIVITY,,,5.6,0.2545454545454545,0.2545454545454545,4,B4,0.0,0.0,0.0,0.0,14.0,17.0,22.0,17,False,,,,True,
1984,平谷区,raw_snapshot,1.0,RAW_SENSITIVITY,,,5.6,0.2545454545454545,0.2545454545454545,5,B5+,0.0,0.0,0.0,0.0,17.5,21.0,27.5,17,False,,,,True,
1985,平谷区,raw_snapshot,1.0,RAW_SENSITIVITY,,,5.5,0.25,0.25,1,B1,0.682967,0.17074175,0.25000025000000003,1.0000010000000001,3.5,5.0,5.5,17,False,,,,True,
1985,平谷区,raw_snapshot,1.0,RAW_SENSITIVITY,,,5.5,0.25,0.25,2,B2,0.180794,0.0451985,0.07925850000000001,0.31703400000000004,7.0,9.0,11.0,17,False,,,,True,
1985,平谷区,raw_snapshot,1.0,RAW_SENSITIVITY,,,5.5,0.25,0.25,3,B3,0.13624,0.03406,0.03406,0.13624,10.5,13.0,16.5,17,False,,,,True,
1985,平谷区,raw_snapshot,1.0,RAW_SENSITIVITY,,,5.5,0.25,0.25,4,B4,0.0,0.0,0.0,0.0,14.0,17.0,22.0,17,False,,,,True,
1985,平谷区,raw_snapshot,1.0,RAW_SENSITIVITY,,,5.5,0.25,0.25,5,B5+,0.0,0.0,0.0,0.0,17.5,21.0,27.5,17,False,,,,True,
1986,平谷区,raw_snapshot,1.0,RAW_SENSITIVITY,,,5.4,0.24545454545454548,0.24545454545454545,1,B1,0.682967,0.16763735454545453,0.24545479090909095,1.0000010000000001,3.5,5.0,5.5,17,False,,,,True,
1986,平谷区,raw_snapshot,1.0,RAW_SENSITIVITY,,,5.4,0.24545454545454548,0.24545454545454545,2,B2,0.180794,0.04437670909090909,0.07781743636363637,0.31703400000000004,7.0,9.0,11.0,17,False,,,,True,
1986,平谷区,raw_snapshot,1.0,RAW_SENSITIVITY,,,5.4,0.24545454545454548,0.24545454545454545,3,B3,0.13624,0.033440727272727275,0.033440727272727275,0.13624,10.5,13.0,16.5,17,False,,,,True,
1986,平谷区,raw_snapshot,1.0,RAW_SENSITIVITY,,,5.4,0.24545454545454548,0.24545454545454545,4,B4,0.0,0.0,0.0,0.0,14.0,17.0,22.0,17,False,,,,True,
1986,平谷区,raw_snapshot,1.0,RAW_SENSITIVITY,,,5.4,0.24545454545454548,0.24545454545454545,5,B5+,0.0,0.0,0.0,0.0,17.5,21.0,27.5,17,False,,,,True,
1987,平谷区,raw_snapshot,1.0,RAW_SENSITIVITY,,,5.3,0.2409090909090909,0.2409090909090909,1,B1,0.682967,0.1645329590909091,0.24090933181818186,1.0000010000000001,3.5,5.0,5.5,17,False,,,,True,
1987,平谷区,raw_snapshot,1.0,RAW_SENSITIVITY,,,5.3,0.2409090909090909,0.2409090909090909,2,B2,0.180794,0.043554918181818184,0.07637637272727274,0.31703400000000004,7.0,9.0,11.0,17,False,,,,True,
1987,平谷区,raw_snapshot,1.0,RAW_SENSITIVITY,,,5.3,0.2409090909090909,0.2409090909090909,3,B3,0.13624,0.03282145454545454,0.03282145454545454,0.13624,10.5,13.0,16.5,17,False,,,,True,
1987,平谷区,raw_snapshot,1.0,RAW_SENSITIVITY,,,5.3,0.2409090909090909,0.2409090909090909,4,B4,0.0,0.0,0.0,0.0,14.0,17.0,22.0,17,False,,,,True,
1987,平谷区,raw_snapshot,1.0,RAW_SENSITIVITY,,,5.3,0.2409090909090909,0.2409090909090909,5,B5+,0.0,0.0,0.0,0.0,17.5,21.0,27.5,17,False,,,,True,
1988,平谷区,raw_snapshot,1.0,RAW_SENSITIVITY,,,5.2,0.23636363636363636,0.23636363636363636,1,B1,0.682967,0.16142856363636363,0.23636387272727274,1.0000010000000001,3.5,5.0,5.5,17,False,,,,True,
1988,平谷区,raw_snapshot,1.0,RAW_SENSITIVITY,,,5.2,0.23636363636363636,0.23636363636363636,2,B2,0.180794,0.042733127272727274,0.0749353090909091,0.31703400000000004,7.0,9.0,11.0,17,False,,,,True,
1988,平谷区,raw_snapshot,1.0,RAW_SENSITIVITY,,,5.2,0.23636363636363636,0.23636363636363636,3,B3,0.13624,0.03220218181818182,0.03220218181818182,0.13624,10.5,13.0,16.5,17,False,,,,True,
1988,平谷区,raw_snapshot,1.0,RAW_SENSITIVITY,,,5.2,0.23636363636363636,0.23636363636363636,4,B4,0.0,0.0,0.0,0.0,14.0,17.0,22.0,17,False,,,,True,
1988,平谷区,raw_snapshot,1.0,RAW_SENSITIVITY,,,5.2,0.23636363636363636,0.23636363636363636,5,B5+,0.0,0.0,0.0,0.0,17.5,21.0,27.5,17,False,,,,True,
1989,平谷区,raw_snapshot,1.0,RAW_SENSITIVITY,,,5.1,0.2318181818181818,0.2318181818181818,1,B1,0.682967,0.1583241681818182,0.23181841363636366,1.0000010000000001,3.5,5.0,5.5,17,False,,,,True,
1989,平谷区,raw_snapshot,1.0,RAW_SENSITIVITY,,,5.1,0.2318181818181818,0.2318181818181818,2,B2,0.180794,0.041911336363636364,0.07349424545454546,0.31703400000000004,7.0,9.0,11.0,17,False,,,,True,
1989,平谷区,raw_snapshot,1.0,RAW_SENSITIVITY,,,5.1,0.2318181818181818,0.2318181818181818,3,B3,0.13624,0.03158290909090909,0.03158290909090909,0.13624,10.5,13.0,16.5,17,False,,,,True,
1989,平谷区,raw_snapshot,1.0,RAW_SENSITIVITY,,,5.1,0.2318181818181818,0.2318181818181818,4,B4,0.0,0.0,0.0,0.0,14.0,17.0,22.0,17,False,,,,True,
1989,平谷区,raw_snapshot,1.0,RAW_SENSITIVITY,,,5.1,0.2318181818181818,0.2318181818181818,5,B5+,0.0,0.0,0.0,0.0,17.5,21.0,27.5,17,False,,,,True,
1990,平谷区,raw_snapshot,1.0,RAW_SENSITIVITY,5.0,6.0,5.0,0.22727272727272727,0.22727272727272727,1,B1,0.682967,0.15521977272727272,0.22727295454545457,1.0000010000000001,3.5,5.0,5.5,17,False,,,,False,
1990,平谷区,raw_snapshot,1.0,RAW_SENSITIVITY,5.0,6.0,5.0,0.22727272727272727,0.22727272727272727,2,B2,0.180794,0.041089545454545455,0.07205318181818182,0.31703400000000004,7.0,9.0,11.0,17,False,,,,False,
1990,平谷区,raw_snapshot,1.0,RAW_SENSITIVITY,5.0,6.0,5.0,0.22727272727272727,0.22727272727272727,3,B3,0.13624,0.030963636363636363,0.030963636363636363,0.13624,10.5,13.0,16.5,17,False,,,,False,
1990,平谷区,raw_snapshot,1.0,RAW_SENSITIVITY,5.0,6.0,5.0,0.22727272727272727,0.22727272727272727,4,B4,0.0,0.0,0.0,0.0,14.0,17.0,22.0,17,False,,,,False,
1990,平谷区,raw_snapshot,1.0,RAW_SENSITIVITY,5.0,6.0,5.0,0.22727272727272727,0.22727272727272727,5,B5+,0.0,0.0,0.0,0.0,17.5,21.0,27.5,17,False,,,,False,
1991,平谷区,raw_snapshot,1.0,RAW_SENSITIVITY,,,7.4,0.33636363636363636,0.33636363636363636,1,B1,0.682967,0.22972526363636364,0.33636397272727275,1.0000010000000001,3.5,5.0,5.5,17,False,,,,True,
1991,平谷区,raw_snapshot,1.0,RAW_SENSITIVITY,,,7.4,0.33636363636363636,0.33636363636363636,2,B2,0.180794,0.060812527272727276,0.1066387090909091,0.31703400000000004,7.0,9.0,11.0,17,False,,,,True,
1991,平谷区,raw_snapshot,1.0,RAW_SENSITIVITY,,,7.4,0.33636363636363636,0.33636363636363636,3,B3,0.13624,0.04582618181818182,0.04582618181818182,0.13624,10.5,13.0,16.5,17,False,,,,True,
1991,平谷区,raw_snapshot,1.0,RAW_SENSITIVITY,,,7.4,0.33636363636363636,0.33636363636363636,4,B4,0.0,0.0,0.0,0.0,14.0,17.0,22.0,17,False,,,,True,
1991,平谷区,raw_snapshot,1.0,RAW_SENSITIVITY,,,7.4,0.33636363636363636,0.33636363636363636,5,B5+,0.0,0.0,0.0,0.0,17.5,21.0,27.5,17,False,,,,True,
1992,平谷区,raw_snapshot,1.0,RAW_SENSITIVITY,,,9.8,0.4454545454545455,0.44545454545454544,1,B1,0.682967,0.3042307545454545,0.44545499090909096,1.0000010000000001,3.5,5.0,5.5,17,False,,,,True,
1992,平谷区,raw_snapshot,1.0,RAW_SENSITIVITY,,,9.8,0.4454545454545455,0.44545454545454544,2,B2,0.180794,0.08053550909090909,0.14122423636363637,0.31703400000000004,7.0,9.0,11.0,17,False,,,,True,
1992,平谷区,raw_snapshot,1.0,RAW_SENSITIVITY,,,9.8,0.4454545454545455,0.44545454545454544,3,B3,0.13624,0.06068872727272727,0.06068872727272727,0.13624,10.5,13.0,16.5,17,False,,,,True,
1992,平谷区,raw_snapshot,1.0,RAW_SENSITIVITY,,,9.8,0.4454545454545455,0.44545454545454544,4,B4,0.0,0.0,0.0,0.0,14.0,17.0,22.0,17,False,,,,True,
1992,平谷区,raw_snapshot,1.0,RAW_SENSITIVITY,,,9.8,0.4454545454545455,0.44545454545454544,5,B5+,0.0,0.0,0.0,0.0,17.5,21.0,27.5,17,False,,,,True,
1993,平谷区,raw_snapshot,1.0,RAW_SENSITIVITY,,,12.2,0.5545454545454546,0.5545454545454545,1,B1,0.682967,0.3787362454545454,0.5545460090909091,1.0000010000000001,3.5,5.0,5.5,17,False,,,,True,
1993,平谷区,raw_snapshot,1.0,RAW_SENSITIVITY,,,12.2,0.5545454545454546,0.5545454545454545,2,B2,0.180794,0.10025849090909089,0.17580976363636364,0.31703400000000004,7.0,9.0,11.0,17,False,,,,True,
1993,平谷区,raw_snapshot,1.0,RAW_SENSITIVITY,,,12.2,0.5545454545454546,0.5545454545454545,3,B3,0.13624,0.07555127272727272,0.07555127272727272,0.13624,10.5,13.0,16.5,17,False,,,,True,
1993,平谷区,raw_snapshot,1.0,RAW_SENSITIVITY,,,12.2,0.5545454545454546,0.5545454545454545,4,B4,0.0,0.0,0.0,0.0,14.0,17.0,22.0,17,False,,,,True,
1993,平谷区,raw_snapshot,1.0,RAW_SENSITIVITY,,,12.2,0.5545454545454546,0.5545454545454545,5,B5+,0.0,0.0,0.0,0.0,17.5,21.0,27.5,17,False,,,,True,
1994,平谷区,raw_snapshot,1.0,RAW_SENSITIVITY,,,14.600000000000001,0.6636363636363637,0.6636363636363636,1,B1,0.682967,0.4532417363636363,0.6636370272727273,1.0000010000000001,3.5,5.0,5.5,17,False,,,,True,
1994,平谷区,raw_snapshot,1.0,RAW_SENSITIVITY,,,14.600000000000001,0.6636363636363637,0.6636363636363636,2,B2,0.180794,0.11998147272727272,0.21039529090909093,0.31703400000000004,7.0,9.0,11.0,17,False,,,,True,
1994,平谷区,raw_snapshot,1.0,RAW_SENSITIVITY,,,14.600000000000001,0.6636363636363637,0.6636363636363636,3,B3,0.13624,0.09041381818181818,0.09041381818181818,0.13624,10.5,13.0,16.5,17,False,,,,True,
1994,平谷区,raw_snapshot,1.0,RAW_SENSITIVITY,,,14.600000000000001,0.6636363636363637,0.6636363636363636,4,B4,0.0,0.0,0.0,0.0,14.0,17.0,22.0,17,False,,,,True,
1994,平谷区,raw_snapshot,1.0,RAW_SENSITIVITY,,,14.600000000000001,0.6636363636363637,0.6636363636363636,5,B5+,0.0,0.0,0.0,0.0,17.5,21.0,27.5,17,False,,,,True,
1995,平谷区,raw_snapshot,1.0,RAW_SENSITIVITY,17.0,17.0,17.0,0.7727272727272727,0.7727272727272727,1,B1,0.682967,0.5277472272727273,0.7727280454545455,1.0000010000000001,3.5,5.0,5.5,17,False,,,,False,
1995,平谷区,raw_snapshot,1.0,RAW_SENSITIVITY,17.0,17.0,17.0,0.7727272727272727,0.7727272727272727,2,B2,0.180794,0.13970445454545455,0.24498081818181822,0.31703400000000004,7.0,9.0,11.0,17,False,,,,False,
1995,平谷区,raw_snapshot,1.0,RAW_SENSITIVITY,17.0,17.0,17.0,0.7727272727272727,0.7727272727272727,3,B3,0.13624,0.10527636363636364,0.10527636363636364,0.13624,10.5,13.0,16.5,17,False,,,,False,
1995,平谷区,raw_snapshot,1.0,RAW_SENSITIVITY,17.0,17.0,17.0,0.7727272727272727,0.7727272727272727,4,B4,0.0,0.0,0.0,0.0,14.0,17.0,22.0,17,False,,,,False,
1995,平谷区,raw_snapshot,1.0,RAW_SENSITIVITY,17.0,17.0,17.0,0.7727272727272727,0.7727272727272727,5,B5+,0.0,0.0,0.0,0.0,17.5,21.0,27.5,17,False,,,,False,
1996,平谷区,raw_snapshot,1.0,RAW_SENSITIVITY,,,17.2,0.7818181818181817,0.7818181818181819,1,B1,0.682967,0.5339560181818181,0.7818189636363638,1.0000010000000001,3.5,5.0,5.5,17,False,,,,True,
1996,平谷区,raw_snapshot,1.0,RAW_SENSITIVITY,,,17.2,0.7818181818181817,0.7818181818181819,2,B2,0.180794,0.14134803636363638,0.24786294545454549,0.31703400000000004,7.0,9.0,11.0,17,False,,,,True,
1996,平谷区,raw_snapshot,1.0,RAW_SENSITIVITY,,,17.2,0.7818181818181817,0.7818181818181819,3,B3,0.13624,0.10651490909090909,0.10651490909090909,0.13624,10.5,13.0,16.5,17,False,,,,True,
1996,平谷区,raw_snapshot,1.0,RAW_SENSITIVITY,,,17.2,0.7818181818181817,0.7818181818181819,4,B4,0.0,0.0,0.0,0.0,14.0,17.0,22.0,17,False,,,,True,
1996,平谷区,raw_snapshot,1.0,RAW_SENSITIVITY,,,17.2,0.7818181818181817,0.7818181818181819,5,B5+,0.0,0.0,0.0,0.0,17.5,21.0,27.5,17,False,,,,True,
1997,平谷区,raw_snapshot,1.0,RAW_SENSITIVITY,,,17.4,0.7909090909090909,0.7909090909090909,1,B1,0.682967,0.540164809090909,0.7909098818181819,1.0000010000000001,3.5,5.0,5.5,17,False,,,,True,
1997,平谷区,raw_snapshot,1.0,RAW_SENSITIVITY,,,17.4,0.7909090909090909,0.7909090909090909,2,B2,0.180794,0.1429916181818182,0.25074507272727276,0.31703400000000004,7.0,9.0,11.0,17,False,,,,True,
1997,平谷区,raw_snapshot,1.0,RAW_SENSITIVITY,,,17.4,0.7909090909090909,0.7909090909090909,3,B3,0.13624,0.10775345454545454,0.10775345454545454,0.13624,10.5,13.0,16.5,17,False,,,,True,
1997,平谷区,raw_snapshot,1.0,RAW_SENSITIVITY,,,17.4,0.7909090909090909,0.7909090909090909,4,B4,0.0,0.0,0.0,0.0,14.0,17.0,22.0,17,False,,,,True,
1997,平谷区,raw_snapshot,1.0,RAW_SENSITIVITY,,,17.4,0.7909090909090909,0.7909090909090909,5,B5+,0.0,0.0,0.0,0.0,17.5,21.0,27.5,17,False,,,,True,
1998,平谷区,raw_snapshot,1.0,RAW_SENSITIVITY,,,17.6,0.8,0.8,1,B1,0.682967,0.5463736,0.8000008000000002,1.0000010000000001,3.5,5.0,5.5,17,False,,,,True,
1998,平谷区,raw_snapshot,1.0,RAW_SENSITIVITY,,,17.6,0.8,0.8,2,B2,0.180794,0.14463520000000002,0.25362720000000005,0.31703400000000004,7.0,9.0,11.0,17,False,,,,True,
1998,平谷区,raw_snapshot,1.0,RAW_SENSITIVITY,,,17.6,0.8,0.8,3,B3,0.13624,0.108992,0.108992,0.13624,10.5,13.0,16.5,17,False,,,,True,
1998,平谷区,raw_snapshot,1.0,RAW_SENSITIVITY,,,17.6,0.8,0.8,4,B4,0.0,0.0,0.0,0.0,14.0,17.0,22.0,17,False,,,,True,
1998,平谷区,raw_snapshot,1.0,RAW_SENSITIVITY,,,17.6,0.8,0.8,5,B5+,0.0,0.0,0.0,0.0,17.5,21.0,27.5,17,False,,,,True,
1999,平谷区,raw_snapshot,1.0,RAW_SENSITIVITY,,,17.8,0.8090909090909091,0.8090909090909091,1,B1,0.682967,0.5525823909090909,0.8090917181818182,1.0000010000000001,3.5,5.0,5.5,17,False,,,,True,
1999,平谷区,raw_snapshot,1.0,RAW_SENSITIVITY,,,17.8,0.8090909090909091,0.8090909090909091,2,B2,0.180794,0.14627878181818182,0.2565093272727273,0.31703400000000004,7.0,9.0,11.0,17,False,,,,True,
1999,平谷区,raw_snapshot,1.0,RAW_SENSITIVITY,,,17.8,0.8090909090909091,0.8090909090909091,3,B3,0.13624,0.11023054545454546,0.11023054545454546,0.13624,10.5,13.0,16.5,17,False,,,,True,
1999,平谷区,raw_snapshot,1.0,RAW_SENSITIVITY,,,17.8,0.8090909090909091,0.8090909090909091,4,B4,0.0,0.0,0.0,0.0,14.0,17.0,22.0,17,False,,,,True,
1999,平谷区,raw_snapshot,1.0,RAW_SENSITIVITY,,,17.8,0.8090909090909091,0.8090909090909091,5,B5+,0.0,0.0,0.0,0.0,17.5,21.0,27.5,17,False,,,,True,
2000,平谷区,raw_snapshot,1.0,RAW_SENSITIVITY,18.0,18.0,18.0,0.8181818181818182,0.8181818181818182,1,B1,0.682967,0.5587911818181819,0.8181826363636365,1.0000010000000001,3.5,5.0,5.5,17,False,,,,False,
2000,平谷区,raw_snapshot,1.0,RAW_SENSITIVITY,18.0,18.0,18.0,0.8181818181818182,0.8181818181818182,2,B2,0.180794,0.14792236363636366,0.2593914545454546,0.31703400000000004,7.0,9.0,11.0,17,False,,,,False,
2000,平谷区,raw_snapshot,1.0,RAW_SENSITIVITY,18.0,18.0,18.0,0.8181818181818182,0.8181818181818182,3,B3,0.13624,0.11146909090909092,0.11146909090909092,0.13624,10.5,13.0,16.5,17,False,,,,False,
2000,平谷区,raw_snapshot,1.0,RAW_SENSITIVITY,18.0,18.0,18.0,0.8181818181818182,0.8181818181818182,4,B4,0.0,0.0,0.0,0.0,14.0,17.0,22.0,17,False,,,,False,
2000,平谷区,raw_snapshot,1.0,RAW_SENSITIVITY,18.0,18.0,18.0,0.8181818181818182,0.8181818181818182,5,B5+,0.0,0.0,0.0,0.0,17.5,21.0,27.5,17,False,,,,False,
2001,平谷区,raw_snapshot,1.0,RAW_SENSITIVITY,,,18.8,0.8545454545454546,0.8545454545454546,1,B1,0.682967,0.5836263454545455,0.8545463090909092,1.0000010000000001,3.5,5.0,5.5,17,False,,,,True,
2001,平谷区,raw_snapshot,1.0,RAW_SENSITIVITY,,,18.8,0.8545454545454546,0.8545454545454546,2,B2,0.180794,0.15449669090909093,0.27091996363636367,0.31703400000000004,7.0,9.0,11.0,17,False,,,,True,
2001,平谷区,raw_snapshot,1.0,RAW_SENSITIVITY,,,18.8,0.8545454545454546,0.8545454545454546,3,B3,0.13624,0.11642327272727274,0.11642327272727274,0.13624,10.5,13.0,16.5,17,False,,,,True,
2001,平谷区,raw_snapshot,1.0,RAW_SENSITIVITY,,,18.8,0.8545454545454546,0.8545454545454546,4,B4,0.0,0.0,0.0,0.0,14.0,17.0,22.0,17,False,,,,True,
2001,平谷区,raw_snapshot,1.0,RAW_SENSITIVITY,,,18.8,0.8545454545454546,0.8545454545454546,5,B5+,0.0,0.0,0.0,0.0,17.5,21.0,27.5,17,False,,,,True,
2002,平谷区,raw_snapshot,1.0,RAW_SENSITIVITY,,,19.6,0.890909090909091,0.890909090909091,1,B1,0.682967,0.6084615090909091,0.890909981818182,1.0000010000000001,3.5,5.0,5.5,17,False,,,,True,
2002,平谷区,raw_snapshot,1.0,RAW_SENSITIVITY,,,19.6,0.890909090909091,0.890909090909091,2,B2,0.180794,0.1610710181818182,0.2824484727272728,0.31703400000000004,7.0,9.0,11.0,17,False,,,,True,
2002,平谷区,raw_snapshot,1.0,RAW_SENSITIVITY,,,19.6,0.890909090909091,0.890909090909091,3,B3,0.13624,0.12137745454545455,0.12137745454545455,0.13624,10.5,13.0,16.5,17,False,,,,True,
2002,平谷区,raw_snapshot,1.0,RAW_SENSITIVITY,,,19.6,0.890909090909091,0.890909090909091,4,B4,0.0,0.0,0.0,0.0,14.0,17.0,22.0,17,False,,,,True,
2002,平谷区,raw_snapshot,1.0,RAW_SENSITIVITY,,,19.6,0.890909090909091,0.890909090909091,5,B5+,0.0,0.0,0.0,0.0,17.5,21.0,27.5,17,False,,,,True,
2003,平谷区,raw_snapshot,1.0,RAW_SENSITIVITY,,,20.4,0.9272727272727272,0.9272727272727272,1,B1,0.682967,0.6332966727272727,0.9272736545454546,1.0000010000000001,3.5,5.0,5.5,17,False,,,,True,
2003,平谷区,raw_snapshot,1.0,RAW_SENSITIVITY,,,20.4,0.9272727272727272,0.9272727272727272,2,B2,0.180794,0.16764534545454546,0.2939769818181818,0.31703400000000004,7.0,9.0,11.0,17,False,,,,True,
2003,平谷区,raw_snapshot,1.0,RAW_SENSITIVITY,,,20.4,0.9272727272727272,0.9272727272727272,3,B3,0.13624,0.12633163636363637,0.12633163636363637,0.13624,10.5,13.0,16.5,17,False,,,,True,
2003,平谷区,raw_snapshot,1.0,RAW_SENSITIVITY,,,20.4,0.9272727272727272,0.9272727272727272,4,B4,0.0,0.0,0.0,0.0,14.0,17.0,22.0,17,False,,,,True,
2003,平谷区,raw_snapshot,1.0,RAW_SENSITIVITY,,,20.4,0.9272727272727272,0.9272727272727272,5,B5+,0.0,0.0,0.0,0.0,17.5,21.0,27.5,17,False,,,,True,
2004,平谷区,raw_snapshot,1.0,RAW_SENSITIVITY,,,21.2,0.9636363636363636,0.9636363636363636,1,B1,0.682967,0.6581318363636364,0.9636373272727274,1.0000010000000001,3.5,5.0,5.5,17,False,,,,True,
2004,平谷区,raw_snapshot,1.0,RAW_SENSITIVITY,,,21.2,0.9636363636363636,0.9636363636363636,2,B2,0.180794,0.17421967272727273,0.30550549090909096,0.31703400000000004,7.0,9.0,11.0,17,False,,,,True,
2004,平谷区,raw_snapshot,1.0,RAW_SENSITIVITY,,,21.2,0.9636363636363636,0.9636363636363636,3,B3,0.13624,0.13128581818181817,0.13128581818181817,0.13624,10.5,13.0,16.5,17,False,,,,True,
2004,平谷区,raw_snapshot,1.0,RAW_SENSITIVITY,,,21.2,0.9636363636363636,0.9636363636363636,4,B4,0.0,0.0,0.0,0.0,14.0,17.0,22.0,17,False,,,,True,
2004,平谷区,raw_snapshot,1.0,RAW_SENSITIVITY,,,21.2,0.9636363636363636,0.9636363636363636,5,B5+,0.0,0.0,0.0,0.0,17.5,21.0,27.5,17,False,,,,True,
2005,平谷区,raw_snapshot,1.0,RAW_SENSITIVITY,22.0,22.0,22.0,1.0,1.0,1,B1,0.682967,0.682967,1.0000010000000001,1.0000010000000001,3.5,5.0,5.5,17,False,,,,False,
2005,平谷区,raw_snapshot,1.0,RAW_SENSITIVITY,22.0,22.0,22.0,1.0,1.0,2,B2,0.180794,0.180794,0.31703400000000004,0.31703400000000004,7.0,9.0,11.0,17,False,,,,False,
2005,平谷区,raw_snapshot,1.0,RAW_SENSITIVITY,22.0,22.0,22.0,1.0,1.0,3,B3,0.13624,0.13624,0.13624,0.13624,10.5,13.0,16.5,17,False,,,,False,
2005,平谷区,raw_snapshot,1.0,RAW_SENSITIVITY,22.0,22.0,22.0,1.0,1.0,4,B4,0.0,0.0,0.0,0.0,14.0,17.0,22.0,17,False,,,,False,
2005,平谷区,raw_snapshot,1.0,RAW_SENSITIVITY,22.0,22.0,22.0,1.0,1.0,5,B5+,0.0,0.0,0.0,0.0,17.5,21.0,27.5,17,False,,,,False,
2006,平谷区,raw_snapshot,1.0,RAW_SENSITIVITY,,,22.4,1.018181818181818,1.018181818181818,1,B1,0.682967,0.6953845818181817,1.0181828363636365,1.0000010000000001,3.5,5.0,5.5,17,False,,,,True,
2006,平谷区,raw_snapshot,1.0,RAW_SENSITIVITY,,,22.4,1.018181818181818,1.018181818181818,2,B2,0.180794,0.18408116363636362,0.3227982545454546,0.31703400000000004,7.0,9.0,11.0,17,False,,,,True,
2006,平谷区,raw_snapshot,1.0,RAW_SENSITIVITY,,,22.4,1.018181818181818,1.018181818181818,3,B3,0.13624,0.1387170909090909,0.1387170909090909,0.13624,10.5,13.0,16.5,17,False,,,,True,
2006,平谷区,raw_snapshot,1.0,RAW_SENSITIVITY,,,22.4,1.018181818181818,1.018181818181818,4,B4,0.0,0.0,0.0,0.0,14.0,17.0,22.0,17,False,,,,True,
2006,平谷区,raw_snapshot,1.0,RAW_SENSITIVITY,,,22.4,1.018181818181818,1.018181818181818,5,B5+,0.0,0.0,0.0,0.0,17.5,21.0,27.5,17,False,,,,True,
2007,平谷区,raw_snapshot,1.0,RAW_SENSITIVITY,,,22.8,1.0363636363636364,1.0363636363636364,1,B1,0.682967,0.7078021636363636,1.0363646727272728,1.0000010000000001,3.5,5.0,5.5,17,False,,,,True,
2007,平谷区,raw_snapshot,1.0,RAW_SENSITIVITY,,,22.8,1.0363636363636364,1.0363636363636364,2,B2,0.180794,0.1873683272727273,0.3285625090909091,0.31703400000000004,7.0,9.0,11.0,17,False,,,,True,
2007,平谷区,raw_snapshot,1.0,RAW_SENSITIVITY,,,22.8,1.0363636363636364,1.0363636363636364,3,B3,0.13624,0.14119418181818183,0.14119418181818183,0.13624,10.5,13.0,16.5,17,False,,,,True,
2007,平谷区,raw_snapshot,1.0,RAW_SENSITIVITY,,,22.8,1.0363636363636364,1.0363636363636364,4,B4,0.0,0.0,0.0,0.0,14.0,17.0,22.0,17,False,,,,True,
2007,平谷区,raw_snapshot,1.0,RAW_SENSITIVITY,,,22.8,1.0363636363636364,1.0363636363636364,5,B5+,0.0,0.0,0.0,0.0,17.5,21.0,27.5,17,False,,,,True,
2008,平谷区,raw_snapshot,1.0,RAW_SENSITIVITY,,,23.2,1.0545454545454545,1.0545454545454545,1,B1,0.682967,0.7202197454545454,1.0545465090909092,1.0000010000000001,3.5,5.0,5.5,17,False,,,,True,
2008,平谷区,raw_snapshot,1.0,RAW_SENSITIVITY,,,23.2,1.0545454545454545,1.0545454545454545,2,B2,0.180794,0.1906554909090909,0.33432676363636366,0.31703400000000004,7.0,9.0,11.0,17,False,,,,True,
2008,平谷区,raw_snapshot,1.0,RAW_SENSITIVITY,,,23.2,1.0545454545454545,1.0545454545454545,3,B3,0.13624,0.1436712727272727,0.1436712727272727,0.13624,10.5,13.0,16.5,17,False,,,,True,
2008,平谷区,raw_snapshot,1.0,RAW_SENSITIVITY,,,23.2,1.0545454545454545,1.0545454545454545,4,B4,0.0,0.0,0.0,0.0,14.0,17.0,22.0,17,False,,,,True,
2008,平谷区,raw_snapshot,1.0,RAW_SENSITIVITY,,,23.2,1.0545454545454545,1.0545454545454545,5,B5+,0.0,0.0,0.0,0.0,17.5,21.0,27.5,17,False,,,,True,
2009,平谷区,raw_snapshot,1.0,RAW_SENSITIVITY,,,23.6,1.0727272727272728,1.0727272727272728,1,B1,0.682967,0.7326373272727272,1.0727283454545455,1.0000010000000001,3.5,5.0,5.5,17,False,,,,True,
2009,平谷区,raw_snapshot,1.0,RAW_SENSITIVITY,,,23.6,1.0727272727272728,1.0727272727272728,2,B2,0.180794,0.19394265454545456,0.34009101818181825,0.31703400000000004,7.0,9.0,11.0,17,False,,,,True,
2009,平谷区,raw_snapshot,1.0,RAW_SENSITIVITY,,,23.6,1.0727272727272728,1.0727272727272728,3,B3,0.13624,0.14614836363636363,0.14614836363636363,0.13624,10.5,13.0,16.5,17,False,,,,True,
2009,平谷区,raw_snapshot,1.0,RAW_SENSITIVITY,,,23.6,1.0727272727272728,1.0727272727272728,4,B4,0.0,0.0,0.0,0.0,14.0,17.0,22.0,17,False,,,,True,
2009,平谷区,raw_snapshot,1.0,RAW_SENSITIVITY,,,23.6,1.0727272727272728,1.0727272727272728,5,B5+,0.0,0.0,0.0,0.0,17.5,21.0,27.5,17,False,,,,True,
2010,平谷区,raw_snapshot,1.0,RAW_SENSITIVITY,24.0,24.0,24.0,1.0909090909090908,1.0909090909090908,1,B1,0.682967,0.745054909090909,1.090910181818182,1.0000010000000001,3.5,5.0,5.5,17,False,,,,False,
2010,平谷区,raw_snapshot,1.0,RAW_SENSITIVITY,24.0,24.0,24.0,1.0909090909090908,1.0909090909090908,2,B2,0.180794,0.19722981818181817,0.34585527272727273,0.31703400000000004,7.0,9.0,11.0,17,False,,,,False,
2010,平谷区,raw_snapshot,1.0,RAW_SENSITIVITY,24.0,24.0,24.0,1.0909090909090908,1.0909090909090908,3,B3,0.13624,0.14862545454545453,0.14862545454545453,0.13624,10.5,13.0,16.5,17,False,,,,False,
2010,平谷区,raw_snapshot,1.0,RAW_SENSITIVITY,24.0,24.0,24.0,1.0909090909090908,1.0909090909090908,4,B4,0.0,0.0,0.0,0.0,14.0,17.0,22.0,17,False,,,,False,
2010,平谷区,raw_snapshot,1.0,RAW_SENSITIVITY,24.0,24.0,24.0,1.0909090909090908,1.0909090909090908,5,B5+,0.0,0.0,0.0,0.0,17.5,21.0,27.5,17,False,,,,False,
2011,平谷区,raw_snapshot,1.0,RAW_SENSITIVITY,,,24.0,1.0909090909090908,1.0909090909090908,1,B1,0.682967,0.745054909090909,1.090910181818182,1.0000010000000001,3.5,5.0,5.5,17,False,,,,True,
2011,平谷区,raw_snapshot,1.0,RAW_SENSITIVITY,,,24.0,1.0909090909090908,1.0909090909090908,2,B2,0.180794,0.19722981818181817,0.34585527272727273,0.31703400000000004,7.0,9.0,11.0,17,False,,,,True,
2011,平谷区,raw_snapshot,1.0,RAW_SENSITIVITY,,,24.0,1.0909090909090908,1.0909090909090908,3,B3,0.13624,0.14862545454545453,0.14862545454545453,0.13624,10.5,13.0,16.5,17,False,,,,True,
2011,平谷区,raw_snapshot,1.0,RAW_SENSITIVITY,,,24.0,1.0909090909090908,1.0909090909090908,4,B4,0.0,0.0,0.0,0.0,14.0,17.0,22.0,17,False,,,,True,
2011,平谷区,raw_snapshot,1.0,RAW_SENSITIVITY,,,24.0,1.0909090909090908,1.0909090909090908,5,B5+,0.0,0.0,0.0,0.0,17.5,21.0,27.5,17,False,,,,True,
2012,平谷区,raw_snapshot,1.0,RAW_SENSITIVITY,,,24.0,1.0909090909090908,1.0909090909090908,1,B1,0.682967,0.745054909090909,1.090910181818182,1.0000010000000001,3.5,5.0,5.5,17,False,,,,True,
2012,平谷区,raw_snapshot,1.0,RAW_SENSITIVITY,,,24.0,1.0909090909090908,1.0909090909090908,2,B2,0.180794,0.19722981818181817,0.34585527272727273,0.31703400000000004,7.0,9.0,11.0,17,False,,,,True,
2012,平谷区,raw_snapshot,1.0,RAW_SENSITIVITY,,,24.0,1.0909090909090908,1.0909090909090908,3,B3,0.13624,0.14862545454545453,0.14862545454545453,0.13624,10.5,13.0,16.5,17,False,,,,True,
2012,平谷区,raw_snapshot,1.0,RAW_SENSITIVITY,,,24.0,1.0909090909090908,1.0909090909090908,4,B4,0.0,0.0,0.0,0.0,14.0,17.0,22.0,17,False,,,,True,
2012,平谷区,raw_snapshot,1.0,RAW_SENSITIVITY,,,24.0,1.0909090909090908,1.0909090909090908,5,B5+,0.0,0.0,0.0,0.0,17.5,21.0,27.5,17,False,,,,True,
2013,平谷区,raw_snapshot,1.0,RAW_SENSITIVITY,,,24.0,1.0909090909090908,1.0909090909090908,1,B1,0.682967,0.745054909090909,1.090910181818182,1.0000010000000001,3.5,5.0,5.5,17,False,,,,True,
2013,平谷区,raw_snapshot,1.0,RAW_SENSITIVITY,,,24.0,1.0909090909090908,1.0909090909090908,2,B2,0.180794,0.19722981818181817,0.34585527272727273,0.31703400000000004,7.0,9.0,11.0,17,False,,,,True,
2013,平谷区,raw_snapshot,1.0,RAW_SENSITIVITY,,,24.0,1.0909090909090908,1.0909090909090908,3,B3,0.13624,0.14862545454545453,0.14862545454545453,0.13624,10.5,13.0,16.5,17,False,,,,True,
2013,平谷区,raw_snapshot,1.0,RAW_SENSITIVITY,,,24.0,1.0909090909090908,1.0909090909090908,4,B4,0.0,0.0,0.0,0.0,14.0,17.0,22.0,17,False,,,,True,
2013,平谷区,raw_snapshot,1.0,RAW_SENSITIVITY,,,24.0,1.0909090909090908,1.0909090909090908,5,B5+,0.0,0.0,0.0,0.0,17.5,21.0,27.5,17,False,,,,True,
2014,平谷区,raw_snapshot,1.0,RAW_SENSITIVITY,,,24.0,1.0909090909090908,1.0909090909090908,1,B1,0.682967,0.745054909090909,1.090910181818182,1.0000010000000001,3.5,5.0,5.5,17,False,,,,True,
2014,平谷区,raw_snapshot,1.0,RAW_SENSITIVITY,,,24.0,1.0909090909090908,1.0909090909090908,2,B2,0.180794,0.19722981818181817,0.34585527272727273,0.31703400000000004,7.0,9.0,11.0,17,False,,,,True,
2014,平谷区,raw_snapshot,1.0,RAW_SENSITIVITY,,,24.0,1.0909090909090908,1.0909090909090908,3,B3,0.13624,0.14862545454545453,0.14862545454545453,0.13624,10.5,13.0,16.5,17,False,,,,True,
2014,平谷区,raw_snapshot,1.0,RAW_SENSITIVITY,,,24.0,1.0909090909090908,1.0909090909090908,4,B4,0.0,0.0,0.0,0.0,14.0,17.0,22.0,17,False,,,,True,
2014,平谷区,raw_snapshot,1.0,RAW_SENSITIVITY,,,24.0,1.0909090909090908,1.0909090909090908,5,B5+,0.0,0.0,0.0,0.0,17.5,21.0,27.5,17,False,,,,True,
2015,平谷区,raw_snapshot,1.0,RAW_SENSITIVITY,24.0,24.0,24.0,1.0909090909090908,1.0909090909090908,1,B1,0.682967,0.745054909090909,1.090910181818182,1.0000010000000001,3.5,5.0,5.5,17,False,,,,False,
2015,平谷区,raw_snapshot,1.0,RAW_SENSITIVITY,24.0,24.0,24.0,1.0909090909090908,1.0909090909090908,2,B2,0.180794,0.19722981818181817,0.34585527272727273,0.31703400000000004,7.0,9.0,11.0,17,False,,,,False,
2015,平谷区,raw_snapshot,1.0,RAW_SENSITIVITY,24.0,24.0,24.0,1.0909090909090908,1.0909090909090908,3,B3,0.13624,0.14862545454545453,0.14862545454545453,0.13624,10.5,13.0,16.5,17,False,,,,False,
2015,平谷区,raw_snapshot,1.0,RAW_SENSITIVITY,24.0,24.0,24.0,1.0909090909090908,1.0909090909090908,4,B4,0.0,0.0,0.0,0.0,14.0,17.0,22.0,17,False,,,,False,
2015,平谷区,raw_snapshot,1.0,RAW_SENSITIVITY,24.0,24.0,24.0,1.0909090909090908,1.0909090909090908,5,B5+,0.0,0.0,0.0,0.0,17.5,21.0,27.5,17,False,,,,False,
2016,平谷区,raw_snapshot,1.0,RAW_SENSITIVITY,,,23.6,1.0727272727272728,1.0727272727272728,1,B1,0.682967,0.7326373272727272,1.0727283454545455,1.0000010000000001,3.5,5.0,5.5,17,False,,,,True,
2016,平谷区,raw_snapshot,1.0,RAW_SENSITIVITY,,,23.6,1.0727272727272728,1.0727272727272728,2,B2,0.180794,0.19394265454545456,0.34009101818181825,0.31703400000000004,7.0,9.0,11.0,17,False,,,,True,
2016,平谷区,raw_snapshot,1.0,RAW_SENSITIVITY,,,23.6,1.0727272727272728,1.0727272727272728,3,B3,0.13624,0.14614836363636363,0.14614836363636363,0.13624,10.5,13.0,16.5,17,False,,,,True,
2016,平谷区,raw_snapshot,1.0,RAW_SENSITIVITY,,,23.6,1.0727272727272728,1.0727272727272728,4,B4,0.0,0.0,0.0,0.0,14.0,17.0,22.0,17,False,,,,True,
2016,平谷区,raw_snapshot,1.0,RAW_SENSITIVITY,,,23.6,1.0727272727272728,1.0727272727272728,5,B5+,0.0,0.0,0.0,0.0,17.5,21.0,27.5,17,False,,,,True,
2017,平谷区,raw_snapshot,1.0,RAW_SENSITIVITY,,,23.2,1.0545454545454545,1.0545454545454545,1,B1,0.682967,0.7202197454545454,1.0545465090909092,1.0000010000000001,3.5,5.0,5.5,17,False,,,,True,
2017,平谷区,raw_snapshot,1.0,RAW_SENSITIVITY,,,23.2,1.0545454545454545,1.0545454545454545,2,B2,0.180794,0.1906554909090909,0.33432676363636366,0.31703400000000004,7.0,9.0,11.0,17,False,,,,True,
2017,平谷区,raw_snapshot,1.0,RAW_SENSITIVITY,,,23.2,1.0545454545454545,1.0545454545454545,3,B3,0.13624,0.1436712727272727,0.1436712727272727,0.13624,10.5,13.0,16.5,17,False,,,,True,
2017,平谷区,raw_snapshot,1.0,RAW_SENSITIVITY,,,23.2,1.0545454545454545,1.0545454545454545,4,B4,0.0,0.0,0.0,0.0,14.0,17.0,22.0,17,False,,,,True,
2017,平谷区,raw_snapshot,1.0,RAW_SENSITIVITY,,,23.2,1.0545454545454545,1.0545454545454545,5,B5+,0.0,0.0,0.0,0.0,17.5,21.0,27.5,17,False,,,,True,
2018,平谷区,raw_snapshot,1.0,RAW_SENSITIVITY,,,22.8,1.0363636363636364,1.0363636363636364,1,B1,0.682967,0.7078021636363636,1.0363646727272728,1.0000010000000001,3.5,5.0,5.5,17,False,,,,True,
2018,平谷区,raw_snapshot,1.0,RAW_SENSITIVITY,,,22.8,1.0363636363636364,1.0363636363636364,2,B2,0.180794,0.1873683272727273,0.3285625090909091,0.31703400000000004,7.0,9.0,11.0,17,False,,,,True,
2018,平谷区,raw_snapshot,1.0,RAW_SENSITIVITY,,,22.8,1.0363636363636364,1.0363636363636364,3,B3,0.13624,0.14119418181818183,0.14119418181818183,0.13624,10.5,13.0,16.5,17,False,,,,True,
2018,平谷区,raw_snapshot,1.0,RAW_SENSITIVITY,,,22.8,1.0363636363636364,1.0363636363636364,4,B4,0.0,0.0,0.0,0.0,14.0,17.0,22.0,17,False,,,,True,
2018,平谷区,raw_snapshot,1.0,RAW_SENSITIVITY,,,22.8,1.0363636363636364,1.0363636363636364,5,B5+,0.0,0.0,0.0,0.0,17.5,21.0,27.5,17,False,,,,True,
2019,平谷区,raw_snapshot,1.0,RAW_SENSITIVITY,,,22.4,1.018181818181818,1.018181818181818,1,B1,0.682967,0.6953845818181817,1.0181828363636365,1.0000010000000001,3.5,5.0,5.5,17,False,,,,True,
2019,平谷区,raw_snapshot,1.0,RAW_SENSITIVITY,,,22.4,1.018181818181818,1.018181818181818,2,B2,0.180794,0.18408116363636362,0.3227982545454546,0.31703400000000004,7.0,9.0,11.0,17,False,,,,True,
2019,平谷区,raw_snapshot,1.0,RAW_SENSITIVITY,,,22.4,1.018181818181818,1.018181818181818,3,B3,0.13624,0.1387170909090909,0.1387170909090909,0.13624,10.5,13.0,16.5,17,False,,,,True,
2019,平谷区,raw_snapshot,1.0,RAW_SENSITIVITY,,,22.4,1.018181818181818,1.018181818181818,4,B4,0.0,0.0,0.0,0.0,14.0,17.0,22.0,17,False,,,,True,
2019,平谷区,raw_snapshot,1.0,RAW_SENSITIVITY,,,22.4,1.018181818181818,1.018181818181818,5,B5+,0.0,0.0,0.0,0.0,17.5,21.0,27.5,17,False,,,,True,
2020,平谷区,raw_snapshot,1.0,RAW_SENSITIVITY,22.0,24.0,22.0,1.0,1.0,1,B1,0.682967,0.682967,1.0000010000000001,1.0000010000000001,3.5,5.0,5.5,17,False,,,,False,
2020,平谷区,raw_snapshot,1.0,RAW_SENSITIVITY,22.0,24.0,22.0,1.0,1.0,2,B2,0.180794,0.180794,0.31703400000000004,0.31703400000000004,7.0,9.0,11.0,17,False,,,,False,
2020,平谷区,raw_snapshot,1.0,RAW_SENSITIVITY,22.0,24.0,22.0,1.0,1.0,3,B3,0.13624,0.13624,0.13624,0.13624,10.5,13.0,16.5,17,False,,,,False,
2020,平谷区,raw_snapshot,1.0,RAW_SENSITIVITY,22.0,24.0,22.0,1.0,1.0,4,B4,0.0,0.0,0.0,0.0,14.0,17.0,22.0,17,False,,,,False,
2020,平谷区,raw_snapshot,1.0,RAW_SENSITIVITY,22.0,24.0,22.0,1.0,1.0,5,B5+,0.0,0.0,0.0,0.0,17.5,21.0,27.5,17,False,,,,False,
1980,延庆区,raw_snapshot,1.0,RAW_SENSITIVITY,3.0,3.0,3.0,0.16666666666666666,0.16666666666666666,1,B1,0.817262,0.13621033333333332,0.16666666666666666,1.0,3.5,5.0,5.5,39,False,,,,False,
1980,延庆区,raw_snapshot,1.0,RAW_SENSITIVITY,3.0,3.0,3.0,0.16666666666666666,0.16666666666666666,2,B2,0.162319,0.027053166666666663,0.03045633333333333,0.18273799999999998,7.0,9.0,11.0,39,False,,,,False,
1980,延庆区,raw_snapshot,1.0,RAW_SENSITIVITY,3.0,3.0,3.0,0.16666666666666666,0.16666666666666666,3,B3,0.020419,0.0034031666666666663,0.0034031666666666663,0.020419,10.5,13.0,16.5,39,False,,,,False,
1980,延庆区,raw_snapshot,1.0,RAW_SENSITIVITY,3.0,3.0,3.0,0.16666666666666666,0.16666666666666666,4,B4,0.0,0.0,0.0,0.0,14.0,17.0,22.0,39,False,,,,False,
1980,延庆区,raw_snapshot,1.0,RAW_SENSITIVITY,3.0,3.0,3.0,0.16666666666666666,0.16666666666666666,5,B5+,0.0,0.0,0.0,0.0,17.5,21.0,27.5,39,False,,,,False,
1981,延庆区,raw_snapshot,1.0,RAW_SENSITIVITY,,,2.9,0.1611111111111111,0.1611111111111111,1,B1,0.817262,0.1316699888888889,0.1611111111111111,1.0,3.5,5.0,5.5,39,False,,,,True,
1981,延庆区,raw_snapshot,1.0,RAW_SENSITIVITY,,,2.9,0.1611111111111111,0.1611111111111111,2,B2,0.162319,0.02615139444444444,0.029441122222222216,0.18273799999999998,7.0,9.0,11.0,39,False,,,,True,
1981,延庆区,raw_snapshot,1.0,RAW_SENSITIVITY,,,2.9,0.1611111111111111,0.1611111111111111,3,B3,0.020419,0.003289727777777777,0.003289727777777777,0.020419,10.5,13.0,16.5,39,False,,,,True,
1981,延庆区,raw_snapshot,1.0,RAW_SENSITIVITY,,,2.9,0.1611111111111111,0.1611111111111111,4,B4,0.0,0.0,0.0,0.0,14.0,17.0,22.0,39,False,,,,True,
1981,延庆区,raw_snapshot,1.0,RAW_SENSITIVITY,,,2.9,0.1611111111111111,0.1611111111111111,5,B5+,0.0,0.0,0.0,0.0,17.5,21.0,27.5,39,False,,,,True,
1982,延庆区,raw_snapshot,1.0,RAW_SENSITIVITY,,,2.8,0.15555555555555556,0.15555555555555556,1,B1,0.817262,0.12712964444444444,0.15555555555555556,1.0,3.5,5.0,5.5,39,False,,,,True,
1982,延庆区,raw_snapshot,1.0,RAW_SENSITIVITY,,,2.8,0.15555555555555556,0.15555555555555556,2,B2,0.162319,0.025249622222222223,0.028425911111111108,0.18273799999999998,7.0,9.0,11.0,39,False,,,,True,
1982,延庆区,raw_snapshot,1.0,RAW_SENSITIVITY,,,2.8,0.15555555555555556,0.15555555555555556,3,B3,0.020419,0.003176288888888889,0.003176288888888889,0.020419,10.5,13.0,16.5,39,False,,,,True,
1982,延庆区,raw_snapshot,1.0,RAW_SENSITIVITY,,,2.8,0.15555555555555556,0.15555555555555556,4,B4,0.0,0.0,0.0,0.0,14.0,17.0,22.0,39,False,,,,True,
1982,延庆区,raw_snapshot,1.0,RAW_SENSITIVITY,,,2.8,0.15555555555555556,0.15555555555555556,5,B5+,0.0,0.0,0.0,0.0,17.5,21.0,27.5,39,False,,,,True,
1983,延庆区,raw_snapshot,1.0,RAW_SENSITIVITY,,,2.7,0.15000000000000002,0.15,1,B1,0.817262,0.1225893,0.15,1.0,3.5,5.0,5.5,39,False,,,,True,
1983,延庆区,raw_snapshot,1.0,RAW_SENSITIVITY,,,2.7,0.15000000000000002,0.15,2,B2,0.162319,0.024347849999999997,0.027410699999999996,0.18273799999999998,7.0,9.0,11.0,39,False,,,,True,
1983,延庆区,raw_snapshot,1.0,RAW_SENSITIVITY,,,2.7,0.15000000000000002,0.15,3,B3,0.020419,0.0030628499999999998,0.0030628499999999998,0.020419,10.5,13.0,16.5,39,False,,,,True,
1983,延庆区,raw_snapshot,1.0,RAW_SENSITIVITY,,,2.7,0.15000000000000002,0.15,4,B4,0.0,0.0,0.0,0.0,14.0,17.0,22.0,39,False,,,,True,
1983,延庆区,raw_snapshot,1.0,RAW_SENSITIVITY,,,2.7,0.15000000000000002,0.15,5,B5+,0.0,0.0,0.0,0.0,17.5,21.0,27.5,39,False,,,,True,
1984,延庆区,raw_snapshot,1.0,RAW_SENSITIVITY,,,2.6,0.14444444444444446,0.14444444444444443,1,B1,0.817262,0.11804895555555556,0.14444444444444443,1.0,3.5,5.0,5.5,39,False,,,,True,
1984,延庆区,raw_snapshot,1.0,RAW_SENSITIVITY,,,2.6,0.14444444444444446,0.14444444444444443,2,B2,0.162319,0.023446077777777775,0.026395488888888884,0.18273799999999998,7.0,9.0,11.0,39,False,,,,True,
1984,延庆区,raw_snapshot,1.0,RAW_SENSITIVITY,,,2.6,0.14444444444444446,0.14444444444444443,3,B3,0.020419,0.0029494111111111106,0.0029494111111111106,0.020419,10.5,13.0,16.5,39,False,,,,True,
1984,延庆区,raw_snapshot,1.0,RAW_SENSITIVITY,,,2.6,0.14444444444444446,0.14444444444444443,4,B4,0.0,0.0,0.0,0.0,14.0,17.0,22.0,39,False,,,,True,
1984,延庆区,raw_snapshot,1.0,RAW_SENSITIVITY,,,2.6,0.14444444444444446,0.14444444444444443,5,B5+,0.0,0.0,0.0,0.0,17.5,21.0,27.5,39,False,,,,True,
1985,延庆区,raw_snapshot,1.0,RAW_SENSITIVITY,,,2.5,0.1388888888888889,0.1388888888888889,1,B1,0.817262,0.11350861111111112,0.1388888888888889,1.0,3.5,5.0,5.5,39,False,,,,True,
1985,延庆区,raw_snapshot,1.0,RAW_SENSITIVITY,,,2.5,0.1388888888888889,0.1388888888888889,2,B2,0.162319,0.022544305555555557,0.025380277777777776,0.18273799999999998,7.0,9.0,11.0,39,False,,,,True,
1985,延庆区,raw_snapshot,1.0,RAW_SENSITIVITY,,,2.5,0.1388888888888889,0.1388888888888889,3,B3,0.020419,0.0028359722222222224,0.0028359722222222224,0.020419,10.5,13.0,16.5,39,False,,,,True,
1985,延庆区,raw_snapshot,1.0,RAW_SENSITIVITY,,,2.5,0.1388888888888889,0.1388888888888889,4,B4,0.0,0.0,0.0,0.0,14.0,17.0,22.0,39,False,,,,True,
1985,延庆区,raw_snapshot,1.0,RAW_SENSITIVITY,,,2.5,0.1388888888888889,0.1388888888888889,5,B5+,0.0,0.0,0.0,0.0,17.5,21.0,27.5,39,False,,,,True,
1986,延庆区,raw_snapshot,1.0,RAW_SENSITIVITY,,,2.4,0.13333333333333333,0.13333333333333333,1,B1,0.817262,0.10896826666666667,0.13333333333333333,1.0,3.5,5.0,5.5,39,False,,,,True,
1986,延庆区,raw_snapshot,1.0,RAW_SENSITIVITY,,,2.4,0.13333333333333333,0.13333333333333333,2,B2,0.162319,0.02164253333333333,0.024365066666666664,0.18273799999999998,7.0,9.0,11.0,39,False,,,,True,
1986,延庆区,raw_snapshot,1.0,RAW_SENSITIVITY,,,2.4,0.13333333333333333,0.13333333333333333,3,B3,0.020419,0.0027225333333333332,0.0027225333333333332,0.020419,10.5,13.0,16.5,39,False,,,,True,
1986,延庆区,raw_snapshot,1.0,RAW_SENSITIVITY,,,2.4,0.13333333333333333,0.13333333333333333,4,B4,0.0,0.0,0.0,0.0,14.0,17.0,22.0,39,False,,,,True,
1986,延庆区,raw_snapshot,1.0,RAW_SENSITIVITY,,,2.4,0.13333333333333333,0.13333333333333333,5,B5+,0.0,0.0,0.0,0.0,17.5,21.0,27.5,39,False,,,,True,
1987,延庆区,raw_snapshot,1.0,RAW_SENSITIVITY,,,2.3,0.12777777777777777,0.12777777777777777,1,B1,0.817262,0.10442792222222222,0.12777777777777777,1.0,3.5,5.0,5.5,39,False,,,,True,
1987,延庆区,raw_snapshot,1.0,RAW_SENSITIVITY,,,2.3,0.12777777777777777,0.12777777777777777,2,B2,0.162319,0.02074076111111111,0.023349855555555552,0.18273799999999998,7.0,9.0,11.0,39,False,,,,True,
1987,延庆区,raw_snapshot,1.0,RAW_SENSITIVITY,,,2.3,0.12777777777777777,0.12777777777777777,3,B3,0.020419,0.002609094444444444,0.002609094444444444,0.020419,10.5,13.0,16.5,39,False,,,,True,
1987,延庆区,raw_snapshot,1.0,RAW_SENSITIVITY,,,2.3,0.12777777777777777,0.12777777777777777,4,B4,0.0,0.0,0.0,0.0,14.0,17.0,22.0,39,False,,,,True,
1987,延庆区,raw_snapshot,1.0,RAW_SENSITIVITY,,,2.3,0.12777777777777777,0.12777777777777777,5,B5+,0.0,0.0,0.0,0.0,17.5,21.0,27.5,39,False,,,,True,
1988,延庆区,raw_snapshot,1.0,RAW_SENSITIVITY,,,2.2,0.12222222222222223,0.1222222222222222,1,B1,0.817262,0.09988757777777776,0.1222222222222222,1.0,3.5,5.0,5.5,39,False,,,,True,
1988,延庆区,raw_snapshot,1.0,RAW_SENSITIVITY,,,2.2,0.12222222222222223,0.1222222222222222,2,B2,0.162319,0.019838988888888884,0.02233464444444444,0.18273799999999998,7.0,9.0,11.0,39,False,,,,True,
1988,延庆区,raw_snapshot,1.0,RAW_SENSITIVITY,,,2.2,0.12222222222222223,0.1222222222222222,3,B3,0.020419,0.002495655555555555,0.002495655555555555,0.020419,10.5,13.0,16.5,39,False,,,,True,
1988,延庆区,raw_snapshot,1.0,RAW_SENSITIVITY,,,2.2,0.12222222222222223,0.1222222222222222,4,B4,0.0,0.0,0.0,0.0,14.0,17.0,22.0,39,False,,,,True,
1988,延庆区,raw_snapshot,1.0,RAW_SENSITIVITY,,,2.2,0.12222222222222223,0.1222222222222222,5,B5+,0.0,0.0,0.0,0.0,17.5,21.0,27.5,39,False,,,,True,
1989,延庆区,raw_snapshot,1.0,RAW_SENSITIVITY,,,2.1,0.11666666666666667,0.11666666666666667,1,B1,0.817262,0.09534723333333334,0.11666666666666667,1.0,3.5,5.0,5.5,39,False,,,,True,
1989,延庆区,raw_snapshot,1.0,RAW_SENSITIVITY,,,2.1,0.11666666666666667,0.11666666666666667,2,B2,0.162319,0.018937216666666666,0.021319433333333332,0.18273799999999998,7.0,9.0,11.0,39,False,,,,True,
1989,延庆区,raw_snapshot,1.0,RAW_SENSITIVITY,,,2.1,0.11666666666666667,0.11666666666666667,3,B3,0.020419,0.0023822166666666667,0.0023822166666666667,0.020419,10.5,13.0,16.5,39,False,,,,True,
1989,延庆区,raw_snapshot,1.0,RAW_SENSITIVITY,,,2.1,0.11666666666666667,0.11666666666666667,4,B4,0.0,0.0,0.0,0.0,14.0,17.0,22.0,39,False,,,,True,
1989,延庆区,raw_snapshot,1.0,RAW_SENSITIVITY,,,2.1,0.11666666666666667,0.11666666666666667,5,B5+,0.0,0.0,0.0,0.0,17.5,21.0,27.5,39,False,,,,True,
1990,延庆区,raw_snapshot,1.0,RAW_SENSITIVITY,2.0,3.0,2.0,0.1111111111111111,0.1111111111111111,1,B1,0.817262,0.0908068888888889,0.1111111111111111,1.0,3.5,5.0,5.5,39,False,,,,False,
1990,延庆区,raw_snapshot,1.0,RAW_SENSITIVITY,2.0,3.0,2.0,0.1111111111111111,0.1111111111111111,2,B2,0.162319,0.01803544444444444,0.02030422222222222,0.18273799999999998,7.0,9.0,11.0,39,False,,,,False,
1990,延庆区,raw_snapshot,1.0,RAW_SENSITIVITY,2.0,3.0,2.0,0.1111111111111111,0.1111111111111111,3,B3,0.020419,0.0022687777777777775,0.0022687777777777775,0.020419,10.5,13.0,16.5,39,False,,,,False,
1990,延庆区,raw_snapshot,1.0,RAW_SENSITIVITY,2.0,3.0,2.0,0.1111111111111111,0.1111111111111111,4,B4,0.0,0.0,0.0,0.0,14.0,17.0,22.0,39,False,,,,False,
1990,延庆区,raw_snapshot,1.0,RAW_SENSITIVITY,2.0,3.0,2.0,0.1111111111111111,0.1111111111111111,5,B5+,0.0,0.0,0.0,0.0,17.5,21.0,27.5,39,False,,,,False,
1991,延庆区,raw_snapshot,1.0,RAW_SENSITIVITY,,,3.8,0.2111111111111111,0.2111111111111111,1,B1,0.817262,0.1725330888888889,0.2111111111111111,1.0,3.5,5.0,5.5,39,False,,,,True,
1991,延庆区,raw_snapshot,1.0,RAW_SENSITIVITY,,,3.8,0.2111111111111111,0.2111111111111111,2,B2,0.162319,0.034267344444444445,0.038578022222222216,0.18273799999999998,7.0,9.0,11.0,39,False,,,,True,
1991,延庆区,raw_snapshot,1.0,RAW_SENSITIVITY,,,3.8,0.2111111111111111,0.2111111111111111,3,B3,0.020419,0.004310677777777778,0.004310677777777778,0.020419,10.5,13.0,16.5,39,False,,,,True,
1991,延庆区,raw_snapshot,1.0,RAW_SENSITIVITY,,,3.8,0.2111111111111111,0.2111111111111111,4,B4,0.0,0.0,0.0,0.0,14.0,17.0,22.0,39,False,,,,True,
1991,延庆区,raw_snapshot,1.0,RAW_SENSITIVITY,,,3.8,0.2111111111111111,0.2111111111111111,5,B5+,0.0,0.0,0.0,0.0,17.5,21.0,27.5,39,False,,,,True,
1992,延庆区,raw_snapshot,1.0,RAW_SENSITIVITY,,,5.6,0.3111111111111111,0.3111111111111111,1,B1,0.817262,0.2542592888888889,0.3111111111111111,1.0,3.5,5.0,5.5,39,False,,,,True,
1992,延庆区,raw_snapshot,1.0,RAW_SENSITIVITY,,,5.6,0.3111111111111111,0.3111111111111111,2,B2,0.162319,0.050499244444444445,0.056851822222222216,0.18273799999999998,7.0,9.0,11.0,39,False,,,,True,
1992,延庆区,raw_snapshot,1.0,RAW_SENSITIVITY,,,5.6,0.3111111111111111,0.3111111111111111,3,B3,0.020419,0.006352577777777778,0.006352577777777778,0.020419,10.5,13.0,16.5,39,False,,,,True,
1992,延庆区,raw_snapshot,1.0,RAW_SENSITIVITY,,,5.6,0.3111111111111111,0.3111111111111111,4,B4,0.0,0.0,0.0,0.0,14.0,17.0,22.0,39,False,,,,True,
1992,延庆区,raw_snapshot,1.0,RAW_SENSITIVITY,,,5.6,0.3111111111111111,0.3111111111111111,5,B5+,0.0,0.0,0.0,0.0,17.5,21.0,27.5,39,False,,,,True,
1993,延庆区,raw_snapshot,1.0,RAW_SENSITIVITY,,,7.3999999999999995,0.4111111111111111,0.4111111111111111,1,B1,0.817262,0.3359854888888889,0.4111111111111111,1.0,3.5,5.0,5.5,39,False,,,,True,
1993,延庆区,raw_snapshot,1.0,RAW_SENSITIVITY,,,7.3999999999999995,0.4111111111111111,0.4111111111111111,2,B2,0.162319,0.06673114444444443,0.07512562222222222,0.18273799999999998,7.0,9.0,11.0,39,False,,,,True,
1993,延庆区,raw_snapshot,1.0,RAW_SENSITIVITY,,,7.3999999999999995,0.4111111111111111,0.4111111111111111,3,B3,0.020419,0.008394477777777777,0.008394477777777777,0.020419,10.5,13.0,16.5,39,False,,,,True,
1993,延庆区,raw_snapshot,1.0,RAW_SENSITIVITY,,,7.3999999999999995,0.4111111111111111,0.4111111111111111,4,B4,0.0,0.0,0.0,0.0,14.0,17.0,22.0,39,False,,,,True,
1993,延庆区,raw_snapshot,1.0,RAW_SENSITIVITY,,,7.3999999999999995,0.4111111111111111,0.4111111111111111,5,B5+,0.0,0.0,0.0,0.0,17.5,21.0,27.5,39,False,,,,True,
1994,延庆区,raw_snapshot,1.0,RAW_SENSITIVITY,,,9.2,0.5111111111111111,0.5111111111111111,1,B1,0.817262,0.4177116888888889,0.5111111111111111,1.0,3.5,5.0,5.5,39,False,,,,True,
1994,延庆区,raw_snapshot,1.0,RAW_SENSITIVITY,,,9.2,0.5111111111111111,0.5111111111111111,2,B2,0.162319,0.08296304444444444,0.09339942222222221,0.18273799999999998,7.0,9.0,11.0,39,False,,,,True,
1994,延庆区,raw_snapshot,1.0,RAW_SENSITIVITY,,,9.2,0.5111111111111111,0.5111111111111111,3,B3,0.020419,0.010436377777777776,0.010436377777777776,0.020419,10.5,13.0,16.5,39,False,,,,True,
1994,延庆区,raw_snapshot,1.0,RAW_SENSITIVITY,,,9.2,0.5111111111111111,0.5111111111111111,4,B4,0.0,0.0,0.0,0.0,14.0,17.0,22.0,39,False,,,,True,
1994,延庆区,raw_snapshot,1.0,RAW_SENSITIVITY,,,9.2,0.5111111111111111,0.5111111111111111,5,B5+,0.0,0.0,0.0,0.0,17.5,21.0,27.5,39,False,,,,True,
1995,延庆区,raw_snapshot,1.0,RAW_SENSITIVITY,11.0,11.0,11.0,0.6111111111111112,0.6111111111111112,1,B1,0.817262,0.49943788888888896,0.6111111111111112,1.0,3.5,5.0,5.5,39,False,,,,False,
1995,延庆区,raw_snapshot,1.0,RAW_SENSITIVITY,11.0,11.0,11.0,0.6111111111111112,0.6111111111111112,2,B2,0.162319,0.09919494444444445,0.11167322222222222,0.18273799999999998,7.0,9.0,11.0,39,False,,,,False,
1995,延庆区,raw_snapshot,1.0,RAW_SENSITIVITY,11.0,11.0,11.0,0.6111111111111112,0.6111111111111112,3,B3,0.020419,0.012478277777777779,0.012478277777777779,0.020419,10.5,13.0,16.5,39,False,,,,False,
1995,延庆区,raw_snapshot,1.0,RAW_SENSITIVITY,11.0,11.0,11.0,0.6111111111111112,0.6111111111111112,4,B4,0.0,0.0,0.0,0.0,14.0,17.0,22.0,39,False,,,,False,
1995,延庆区,raw_snapshot,1.0,RAW_SENSITIVITY,11.0,11.0,11.0,0.6111111111111112,0.6111111111111112,5,B5+,0.0,0.0,0.0,0.0,17.5,21.0,27.5,39,False,,,,False,
1996,延庆区,raw_snapshot,1.0,RAW_SENSITIVITY,,,11.2,0.6222222222222222,0.6222222222222222,1,B1,0.817262,0.5085185777777778,0.6222222222222222,1.0,3.5,5.0,5.5,39,False,,,,True,
1996,延庆区,raw_snapshot,1.0,RAW_SENSITIVITY,,,11.2,0.6222222222222222,0.6222222222222222,2,B2,0.162319,0.10099848888888889,0.11370364444444443,0.18273799999999998,7.0,9.0,11.0,39,False,,,,True,
1996,延庆区,raw_snapshot,1.0,RAW_SENSITIVITY,,,11.2,0.6222222222222222,0.6222222222222222,3,B3,0.020419,0.012705155555555556,0.012705155555555556,0.020419,10.5,13.0,16.5,39,False,,,,True,
1996,延庆区,raw_snapshot,1.0,RAW_SENSITIVITY,,,11.2,0.6222222222222222,0.6222222222222222,4,B4,0.0,0.0,0.0,0.0,14.0,17.0,22.0,39,False,,,,True,
1996,延庆区,raw_snapshot,1.0,RAW_SENSITIVITY,,,11.2,0.6222222222222222,0.6222222222222222,5,B5+,0.0,0.0,0.0,0.0,17.5,21.0,27.5,39,False,,,,True,
1997,延庆区,raw_snapshot,1.0,RAW_SENSITIVITY,,,11.4,0.6333333333333333,0.6333333333333333,1,B1,0.817262,0.5175992666666667,0.6333333333333333,1.0,3.5,5.0,5.5,39,False,,,,True,
1997,延庆区,raw_snapshot,1.0,RAW_SENSITIVITY,,,11.4,0.6333333333333333,0.6333333333333333,2,B2,0.162319,0.10280203333333332,0.11573406666666665,0.18273799999999998,7.0,9.0,11.0,39,False,,,,True,
1997,延庆区,raw_snapshot,1.0,RAW_SENSITIVITY,,,11.4,0.6333333333333333,0.6333333333333333,3,B3,0.020419,0.012932033333333332,0.012932033333333332,0.020419,10.5,13.0,16.5,39,False,,,,True,
1997,延庆区,raw_snapshot,1.0,RAW_SENSITIVITY,,,11.4,0.6333333333333333,0.6333333333333333,4,B4,0.0,0.0,0.0,0.0,14.0,17.0,22.0,39,False,,,,True,
1997,延庆区,raw_snapshot,1.0,RAW_SENSITIVITY,,,11.4,0.6333333333333333,0.6333333333333333,5,B5+,0.0,0.0,0.0,0.0,17.5,21.0,27.5,39,False,,,,True,
1998,延庆区,raw_snapshot,1.0,RAW_SENSITIVITY,,,11.6,0.6444444444444444,0.6444444444444445,1,B1,0.817262,0.5266799555555556,0.6444444444444445,1.0,3.5,5.0,5.5,39,False,,,,True,
1998,延庆区,raw_snapshot,1.0,RAW_SENSITIVITY,,,11.6,0.6444444444444444,0.6444444444444445,2,B2,0.162319,0.10460557777777778,0.11776448888888888,0.18273799999999998,7.0,9.0,11.0,39,False,,,,True,
1998,延庆区,raw_snapshot,1.0,RAW_SENSITIVITY,,,11.6,0.6444444444444444,0.6444444444444445,3,B3,0.020419,0.013158911111111112,0.013158911111111112,0.020419,10.5,13.0,16.5,39,False,,,,True,
1998,延庆区,raw_snapshot,1.0,RAW_SENSITIVITY,,,11.6,0.6444444444444444,0.6444444444444445,4,B4,0.0,0.0,0.0,0.0,14.0,17.0,22.0,39,False,,,,True,
1998,延庆区,raw_snapshot,1.0,RAW_SENSITIVITY,,,11.6,0.6444444444444444,0.6444444444444445,5,B5+,0.0,0.0,0.0,0.0,17.5,21.0,27.5,39,False,,,,True,
1999,延庆区,raw_snapshot,1.0,RAW_SENSITIVITY,,,11.8,0.6555555555555556,0.6555555555555556,1,B1,0.817262,0.5357606444444445,0.6555555555555556,1.0,3.5,5.0,5.5,39,False,,,,True,
1999,延庆区,raw_snapshot,1.0,RAW_SENSITIVITY,,,11.8,0.6555555555555556,0.6555555555555556,2,B2,0.162319,0.10640912222222222,0.1197949111111111,0.18273799999999998,7.0,9.0,11.0,39,False,,,,True,
1999,延庆区,raw_snapshot,1.0,RAW_SENSITIVITY,,,11.8,0.6555555555555556,0.6555555555555556,3,B3,0.020419,0.013385788888888889,0.013385788888888889,0.020419,10.5,13.0,16.5,39,False,,,,True,
1999,延庆区,raw_snapshot,1.0,RAW_SENSITIVITY,,,11.8,0.6555555555555556,0.6555555555555556,4,B4,0.0,0.0,0.0,0.0,14.0,17.0,22.0,39,False,,,,True,
1999,延庆区,raw_snapshot,1.0,RAW_SENSITIVITY,,,11.8,0.6555555555555556,0.6555555555555556,5,B5+,0.0,0.0,0.0,0.0,17.5,21.0,27.5,39,False,,,,True,
2000,延庆区,raw_snapshot,1.0,RAW_SENSITIVITY,12.0,12.0,12.0,0.6666666666666666,0.6666666666666666,1,B1,0.817262,0.5448413333333333,0.6666666666666666,1.0,3.5,5.0,5.5,39,False,,,,False,
2000,延庆区,raw_snapshot,1.0,RAW_SENSITIVITY,12.0,12.0,12.0,0.6666666666666666,0.6666666666666666,2,B2,0.162319,0.10821266666666665,0.12182533333333331,0.18273799999999998,7.0,9.0,11.0,39,False,,,,False,
2000,延庆区,raw_snapshot,1.0,RAW_SENSITIVITY,12.0,12.0,12.0,0.6666666666666666,0.6666666666666666,3,B3,0.020419,0.013612666666666665,0.013612666666666665,0.020419,10.5,13.0,16.5,39,False,,,,False,
2000,延庆区,raw_snapshot,1.0,RAW_SENSITIVITY,12.0,12.0,12.0,0.6666666666666666,0.6666666666666666,4,B4,0.0,0.0,0.0,0.0,14.0,17.0,22.0,39,False,,,,False,
2000,延庆区,raw_snapshot,1.0,RAW_SENSITIVITY,12.0,12.0,12.0,0.6666666666666666,0.6666666666666666,5,B5+,0.0,0.0,0.0,0.0,17.5,21.0,27.5,39,False,,,,False,
2001,延庆区,raw_snapshot,1.0,RAW_SENSITIVITY,,,12.4,0.6888888888888889,0.6888888888888889,1,B1,0.817262,0.5630027111111111,0.6888888888888889,1.0,3.5,5.0,5.5,39,False,,,,True,
2001,延庆区,raw_snapshot,1.0,RAW_SENSITIVITY,,,12.4,0.6888888888888889,0.6888888888888889,2,B2,0.162319,0.11181975555555555,0.12588617777777777,0.18273799999999998,7.0,9.0,11.0,39,False,,,,True,
2001,延庆区,raw_snapshot,1.0,RAW_SENSITIVITY,,,12.4,0.6888888888888889,0.6888888888888889,3,B3,0.020419,0.014066422222222222,0.014066422222222222,0.020419,10.5,13.0,16.5,39,False,,,,True,
2001,延庆区,raw_snapshot,1.0,RAW_SENSITIVITY,,,12.4,0.6888888888888889,0.6888888888888889,4,B4,0.0,0.0,0.0,0.0,14.0,17.0,22.0,39,False,,,,True,
2001,延庆区,raw_snapshot,1.0,RAW_SENSITIVITY,,,12.4,0.6888888888888889,0.6888888888888889,5,B5+,0.0,0.0,0.0,0.0,17.5,21.0,27.5,39,False,,,,True,
2002,延庆区,raw_snapshot,1.0,RAW_SENSITIVITY,,,12.8,0.7111111111111111,0.7111111111111111,1,B1,0.817262,0.5811640888888889,0.7111111111111111,1.0,3.5,5.0,5.5,39,False,,,,True,
2002,延庆区,raw_snapshot,1.0,RAW_SENSITIVITY,,,12.8,0.7111111111111111,0.7111111111111111,2,B2,0.162319,0.11542684444444444,0.1299470222222222,0.18273799999999998,7.0,9.0,11.0,39,False,,,,True,
2002,延庆区,raw_snapshot,1.0,RAW_SENSITIVITY,,,12.8,0.7111111111111111,0.7111111111111111,3,B3,0.020419,0.014520177777777778,0.014520177777777778,0.020419,10.5,13.0,16.5,39,False,,,,True,
2002,延庆区,raw_snapshot,1.0,RAW_SENSITIVITY,,,12.8,0.7111111111111111,0.7111111111111111,4,B4,0.0,0.0,0.0,0.0,14.0,17.0,22.0,39,False,,,,True,
2002,延庆区,raw_snapshot,1.0,RAW_SENSITIVITY,,,12.8,0.7111111111111111,0.7111111111111111,5,B5+,0.0,0.0,0.0,0.0,17.5,21.0,27.5,39,False,,,,True,
2003,延庆区,raw_snapshot,1.0,RAW_SENSITIVITY,,,13.2,0.7333333333333333,0.7333333333333333,1,B1,0.817262,0.5993254666666666,0.7333333333333333,1.0,3.5,5.0,5.5,39,False,,,,True,
2003,延庆区,raw_snapshot,1.0,RAW_SENSITIVITY,,,13.2,0.7333333333333333,0.7333333333333333,2,B2,0.162319,0.11903393333333331,0.13400786666666664,0.18273799999999998,7.0,9.0,11.0,39,False,,,,True,
2003,延庆区,raw_snapshot,1.0,RAW_SENSITIVITY,,,13.2,0.7333333333333333,0.7333333333333333,3,B3,0.020419,0.014973933333333331,0.014973933333333331,0.020419,10.5,13.0,16.5,39,False,,,,True,
2003,延庆区,raw_snapshot,1.0,RAW_SENSITIVITY,,,13.2,0.7333333333333333,0.7333333333333333,4,B4,0.0,0.0,0.0,0.0,14.0,17.0,22.0,39,False,,,,True,
2003,延庆区,raw_snapshot,1.0,RAW_SENSITIVITY,,,13.2,0.7333333333333333,0.7333333333333333,5,B5+,0.0,0.0,0.0,0.0,17.5,21.0,27.5,39,False,,,,True,
2004,延庆区,raw_snapshot,1.0,RAW_SENSITIVITY,,,13.6,0.7555555555555555,0.7555555555555555,1,B1,0.817262,0.6174868444444445,0.7555555555555555,1.0,3.5,5.0,5.5,39,False,,,,True,
2004,延庆区,raw_snapshot,1.0,RAW_SENSITIVITY,,,13.6,0.7555555555555555,0.7555555555555555,2,B2,0.162319,0.12264102222222222,0.1380687111111111,0.18273799999999998,7.0,9.0,11.0,39,False,,,,True,
2004,延庆区,raw_snapshot,1.0,RAW_SENSITIVITY,,,13.6,0.7555555555555555,0.7555555555555555,3,B3,0.020419,0.015427688888888888,0.015427688888888888,0.020419,10.5,13.0,16.5,39,False,,,,True,
2004,延庆区,raw_snapshot,1.0,RAW_SENSITIVITY,,,13.6,0.7555555555555555,0.7555555555555555,4,B4,0.0,0.0,0.0,0.0,14.0,17.0,22.0,39,False,,,,True,
2004,延庆区,raw_snapshot,1.0,RAW_SENSITIVITY,,,13.6,0.7555555555555555,0.7555555555555555,5,B5+,0.0,0.0,0.0,0.0,17.5,21.0,27.5,39,False,,,,True,
2005,延庆区,raw_snapshot,1.0,RAW_SENSITIVITY,14.0,14.0,14.0,0.7777777777777778,0.7777777777777778,1,B1,0.817262,0.6356482222222223,0.7777777777777778,1.0,3.5,5.0,5.5,39,False,,,,False,
2005,延庆区,raw_snapshot,1.0,RAW_SENSITIVITY,14.0,14.0,14.0,0.7777777777777778,0.7777777777777778,2,B2,0.162319,0.12624811111111112,0.14212955555555554,0.18273799999999998,7.0,9.0,11.0,39,False,,,,False,
2005,延庆区,raw_snapshot,1.0,RAW_SENSITIVITY,14.0,14.0,14.0,0.7777777777777778,0.7777777777777778,3,B3,0.020419,0.015881444444444445,0.015881444444444445,0.020419,10.5,13.0,16.5,39,False,,,,False,
2005,延庆区,raw_snapshot,1.0,RAW_SENSITIVITY,14.0,14.0,14.0,0.7777777777777778,0.7777777777777778,4,B4,0.0,0.0,0.0,0.0,14.0,17.0,22.0,39,False,,,,False,
2005,延庆区,raw_snapshot,1.0,RAW_SENSITIVITY,14.0,14.0,14.0,0.7777777777777778,0.7777777777777778,5,B5+,0.0,0.0,0.0,0.0,17.5,21.0,27.5,39,False,,,,False,
2006,延庆区,raw_snapshot,1.0,RAW_SENSITIVITY,,,14.0,0.7777777777777778,0.7777777777777778,1,B1,0.817262,0.6356482222222223,0.7777777777777778,1.0,3.5,5.0,5.5,39,False,,,,True,
2006,延庆区,raw_snapshot,1.0,RAW_SENSITIVITY,,,14.0,0.7777777777777778,0.7777777777777778,2,B2,0.162319,0.12624811111111112,0.14212955555555554,0.18273799999999998,7.0,9.0,11.0,39,False,,,,True,
2006,延庆区,raw_snapshot,1.0,RAW_SENSITIVITY,,,14.0,0.7777777777777778,0.7777777777777778,3,B3,0.020419,0.015881444444444445,0.015881444444444445,0.020419,10.5,13.0,16.5,39,False,,,,True,
2006,延庆区,raw_snapshot,1.0,RAW_SENSITIVITY,,,14.0,0.7777777777777778,0.7777777777777778,4,B4,0.0,0.0,0.0,0.0,14.0,17.0,22.0,39,False,,,,True,
2006,延庆区,raw_snapshot,1.0,RAW_SENSITIVITY,,,14.0,0.7777777777777778,0.7777777777777778,5,B5+,0.0,0.0,0.0,0.0,17.5,21.0,27.5,39,False,,,,True,
2007,延庆区,raw_snapshot,1.0,RAW_SENSITIVITY,,,14.0,0.7777777777777778,0.7777777777777778,1,B1,0.817262,0.6356482222222223,0.7777777777777778,1.0,3.5,5.0,5.5,39,False,,,,True,
2007,延庆区,raw_snapshot,1.0,RAW_SENSITIVITY,,,14.0,0.7777777777777778,0.7777777777777778,2,B2,0.162319,0.12624811111111112,0.14212955555555554,0.18273799999999998,7.0,9.0,11.0,39,False,,,,True,
2007,延庆区,raw_snapshot,1.0,RAW_SENSITIVITY,,,14.0,0.7777777777777778,0.7777777777777778,3,B3,0.020419,0.015881444444444445,0.015881444444444445,0.020419,10.5,13.0,16.5,39,False,,,,True,
2007,延庆区,raw_snapshot,1.0,RAW_SENSITIVITY,,,14.0,0.7777777777777778,0.7777777777777778,4,B4,0.0,0.0,0.0,0.0,14.0,17.0,22.0,39,False,,,,True,
2007,延庆区,raw_snapshot,1.0,RAW_SENSITIVITY,,,14.0,0.7777777777777778,0.7777777777777778,5,B5+,0.0,0.0,0.0,0.0,17.5,21.0,27.5,39,False,,,,True,
2008,延庆区,raw_snapshot,1.0,RAW_SENSITIVITY,,,14.0,0.7777777777777778,0.7777777777777778,1,B1,0.817262,0.6356482222222223,0.7777777777777778,1.0,3.5,5.0,5.5,39,False,,,,True,
2008,延庆区,raw_snapshot,1.0,RAW_SENSITIVITY,,,14.0,0.7777777777777778,0.7777777777777778,2,B2,0.162319,0.12624811111111112,0.14212955555555554,0.18273799999999998,7.0,9.0,11.0,39,False,,,,True,
2008,延庆区,raw_snapshot,1.0,RAW_SENSITIVITY,,,14.0,0.7777777777777778,0.7777777777777778,3,B3,0.020419,0.015881444444444445,0.015881444444444445,0.020419,10.5,13.0,16.5,39,False,,,,True,
2008,延庆区,raw_snapshot,1.0,RAW_SENSITIVITY,,,14.0,0.7777777777777778,0.7777777777777778,4,B4,0.0,0.0,0.0,0.0,14.0,17.0,22.0,39,False,,,,True,
2008,延庆区,raw_snapshot,1.0,RAW_SENSITIVITY,,,14.0,0.7777777777777778,0.7777777777777778,5,B5+,0.0,0.0,0.0,0.0,17.5,21.0,27.5,39,False,,,,True,
2009,延庆区,raw_snapshot,1.0,RAW_SENSITIVITY,,,14.0,0.7777777777777778,0.7777777777777778,1,B1,0.817262,0.6356482222222223,0.7777777777777778,1.0,3.5,5.0,5.5,39,False,,,,True,
2009,延庆区,raw_snapshot,1.0,RAW_SENSITIVITY,,,14.0,0.7777777777777778,0.7777777777777778,2,B2,0.162319,0.12624811111111112,0.14212955555555554,0.18273799999999998,7.0,9.0,11.0,39,False,,,,True,
2009,延庆区,raw_snapshot,1.0,RAW_SENSITIVITY,,,14.0,0.7777777777777778,0.7777777777777778,3,B3,0.020419,0.015881444444444445,0.015881444444444445,0.020419,10.5,13.0,16.5,39,False,,,,True,
2009,延庆区,raw_snapshot,1.0,RAW_SENSITIVITY,,,14.0,0.7777777777777778,0.7777777777777778,4,B4,0.0,0.0,0.0,0.0,14.0,17.0,22.0,39,False,,,,True,
2009,延庆区,raw_snapshot,1.0,RAW_SENSITIVITY,,,14.0,0.7777777777777778,0.7777777777777778,5,B5+,0.0,0.0,0.0,0.0,17.5,21.0,27.5,39,False,,,,True,
2010,延庆区,raw_snapshot,1.0,RAW_SENSITIVITY,14.0,14.0,14.0,0.7777777777777778,0.7777777777777778,1,B1,0.817262,0.6356482222222223,0.7777777777777778,1.0,3.5,5.0,5.5,39,False,,,,False,
2010,延庆区,raw_snapshot,1.0,RAW_SENSITIVITY,14.0,14.0,14.0,0.7777777777777778,0.7777777777777778,2,B2,0.162319,0.12624811111111112,0.14212955555555554,0.18273799999999998,7.0,9.0,11.0,39,False,,,,False,
2010,延庆区,raw_snapshot,1.0,RAW_SENSITIVITY,14.0,14.0,14.0,0.7777777777777778,0.7777777777777778,3,B3,0.020419,0.015881444444444445,0.015881444444444445,0.020419,10.5,13.0,16.5,39,False,,,,False,
2010,延庆区,raw_snapshot,1.0,RAW_SENSITIVITY,14.0,14.0,14.0,0.7777777777777778,0.7777777777777778,4,B4,0.0,0.0,0.0,0.0,14.0,17.0,22.0,39,False,,,,False,
2010,延庆区,raw_snapshot,1.0,RAW_SENSITIVITY,14.0,14.0,14.0,0.7777777777777778,0.7777777777777778,5,B5+,0.0,0.0,0.0,0.0,17.5,21.0,27.5,39,False,,,,False,
2011,延庆区,raw_snapshot,1.0,RAW_SENSITIVITY,,,14.0,0.7777777777777778,0.7777777777777778,1,B1,0.817262,0.6356482222222223,0.7777777777777778,1.0,3.5,5.0,5.5,39,False,,,,True,
2011,延庆区,raw_snapshot,1.0,RAW_SENSITIVITY,,,14.0,0.7777777777777778,0.7777777777777778,2,B2,0.162319,0.12624811111111112,0.14212955555555554,0.18273799999999998,7.0,9.0,11.0,39,False,,,,True,
2011,延庆区,raw_snapshot,1.0,RAW_SENSITIVITY,,,14.0,0.7777777777777778,0.7777777777777778,3,B3,0.020419,0.015881444444444445,0.015881444444444445,0.020419,10.5,13.0,16.5,39,False,,,,True,
2011,延庆区,raw_snapshot,1.0,RAW_SENSITIVITY,,,14.0,0.7777777777777778,0.7777777777777778,4,B4,0.0,0.0,0.0,0.0,14.0,17.0,22.0,39,False,,,,True,
2011,延庆区,raw_snapshot,1.0,RAW_SENSITIVITY,,,14.0,0.7777777777777778,0.7777777777777778,5,B5+,0.0,0.0,0.0,0.0,17.5,21.0,27.5,39,False,,,,True,
2012,延庆区,raw_snapshot,1.0,RAW_SENSITIVITY,,,14.0,0.7777777777777778,0.7777777777777778,1,B1,0.817262,0.6356482222222223,0.7777777777777778,1.0,3.5,5.0,5.5,39,False,,,,True,
2012,延庆区,raw_snapshot,1.0,RAW_SENSITIVITY,,,14.0,0.7777777777777778,0.7777777777777778,2,B2,0.162319,0.12624811111111112,0.14212955555555554,0.18273799999999998,7.0,9.0,11.0,39,False,,,,True,
2012,延庆区,raw_snapshot,1.0,RAW_SENSITIVITY,,,14.0,0.7777777777777778,0.7777777777777778,3,B3,0.020419,0.015881444444444445,0.015881444444444445,0.020419,10.5,13.0,16.5,39,False,,,,True,
2012,延庆区,raw_snapshot,1.0,RAW_SENSITIVITY,,,14.0,0.7777777777777778,0.7777777777777778,4,B4,0.0,0.0,0.0,0.0,14.0,17.0,22.0,39,False,,,,True,
2012,延庆区,raw_snapshot,1.0,RAW_SENSITIVITY,,,14.0,0.7777777777777778,0.7777777777777778,5,B5+,0.0,0.0,0.0,0.0,17.5,21.0,27.5,39,False,,,,True,
2013,延庆区,raw_snapshot,1.0,RAW_SENSITIVITY,,,14.0,0.7777777777777778,0.7777777777777778,1,B1,0.817262,0.6356482222222223,0.7777777777777778,1.0,3.5,5.0,5.5,39,False,,,,True,
2013,延庆区,raw_snapshot,1.0,RAW_SENSITIVITY,,,14.0,0.7777777777777778,0.7777777777777778,2,B2,0.162319,0.12624811111111112,0.14212955555555554,0.18273799999999998,7.0,9.0,11.0,39,False,,,,True,
2013,延庆区,raw_snapshot,1.0,RAW_SENSITIVITY,,,14.0,0.7777777777777778,0.7777777777777778,3,B3,0.020419,0.015881444444444445,0.015881444444444445,0.020419,10.5,13.0,16.5,39,False,,,,True,
2013,延庆区,raw_snapshot,1.0,RAW_SENSITIVITY,,,14.0,0.7777777777777778,0.7777777777777778,4,B4,0.0,0.0,0.0,0.0,14.0,17.0,22.0,39,False,,,,True,
2013,延庆区,raw_snapshot,1.0,RAW_SENSITIVITY,,,14.0,0.7777777777777778,0.7777777777777778,5,B5+,0.0,0.0,0.0,0.0,17.5,21.0,27.5,39,False,,,,True,
2014,延庆区,raw_snapshot,1.0,RAW_SENSITIVITY,,,14.0,0.7777777777777778,0.7777777777777778,1,B1,0.817262,0.6356482222222223,0.7777777777777778,1.0,3.5,5.0,5.5,39,False,,,,True,
2014,延庆区,raw_snapshot,1.0,RAW_SENSITIVITY,,,14.0,0.7777777777777778,0.7777777777777778,2,B2,0.162319,0.12624811111111112,0.14212955555555554,0.18273799999999998,7.0,9.0,11.0,39,False,,,,True,
2014,延庆区,raw_snapshot,1.0,RAW_SENSITIVITY,,,14.0,0.7777777777777778,0.7777777777777778,3,B3,0.020419,0.015881444444444445,0.015881444444444445,0.020419,10.5,13.0,16.5,39,False,,,,True,
2014,延庆区,raw_snapshot,1.0,RAW_SENSITIVITY,,,14.0,0.7777777777777778,0.7777777777777778,4,B4,0.0,0.0,0.0,0.0,14.0,17.0,22.0,39,False,,,,True,
2014,延庆区,raw_snapshot,1.0,RAW_SENSITIVITY,,,14.0,0.7777777777777778,0.7777777777777778,5,B5+,0.0,0.0,0.0,0.0,17.5,21.0,27.5,39,False,,,,True,
2015,延庆区,raw_snapshot,1.0,RAW_SENSITIVITY,14.0,14.0,14.0,0.7777777777777778,0.7777777777777778,1,B1,0.817262,0.6356482222222223,0.7777777777777778,1.0,3.5,5.0,5.5,39,False,,,,False,
2015,延庆区,raw_snapshot,1.0,RAW_SENSITIVITY,14.0,14.0,14.0,0.7777777777777778,0.7777777777777778,2,B2,0.162319,0.12624811111111112,0.14212955555555554,0.18273799999999998,7.0,9.0,11.0,39,False,,,,False,
2015,延庆区,raw_snapshot,1.0,RAW_SENSITIVITY,14.0,14.0,14.0,0.7777777777777778,0.7777777777777778,3,B3,0.020419,0.015881444444444445,0.015881444444444445,0.020419,10.5,13.0,16.5,39,False,,,,False,
2015,延庆区,raw_snapshot,1.0,RAW_SENSITIVITY,14.0,14.0,14.0,0.7777777777777778,0.7777777777777778,4,B4,0.0,0.0,0.0,0.0,14.0,17.0,22.0,39,False,,,,False,
2015,延庆区,raw_snapshot,1.0,RAW_SENSITIVITY,14.0,14.0,14.0,0.7777777777777778,0.7777777777777778,5,B5+,0.0,0.0,0.0,0.0,17.5,21.0,27.5,39,False,,,,False,
2016,延庆区,raw_snapshot,1.0,RAW_SENSITIVITY,,,14.8,0.8222222222222223,0.8222222222222222,1,B1,0.817262,0.6719709777777778,0.8222222222222222,1.0,3.5,5.0,5.5,39,False,,,,True,
2016,延庆区,raw_snapshot,1.0,RAW_SENSITIVITY,,,14.8,0.8222222222222223,0.8222222222222222,2,B2,0.162319,0.13346228888888886,0.15025124444444443,0.18273799999999998,7.0,9.0,11.0,39,False,,,,True,
2016,延庆区,raw_snapshot,1.0,RAW_SENSITIVITY,,,14.8,0.8222222222222223,0.8222222222222222,3,B3,0.020419,0.016788955555555554,0.016788955555555554,0.020419,10.5,13.0,16.5,39,False,,,,True,
2016,延庆区,raw_snapshot,1.0,RAW_SENSITIVITY,,,14.8,0.8222222222222223,0.8222222222222222,4,B4,0.0,0.0,0.0,0.0,14.0,17.0,22.0,39,False,,,,True,
2016,延庆区,raw_snapshot,1.0,RAW_SENSITIVITY,,,14.8,0.8222222222222223,0.8222222222222222,5,B5+,0.0,0.0,0.0,0.0,17.5,21.0,27.5,39,False,,,,True,
2017,延庆区,raw_snapshot,1.0,RAW_SENSITIVITY,,,15.6,0.8666666666666667,0.8666666666666667,1,B1,0.817262,0.7082937333333333,0.8666666666666667,1.0,3.5,5.0,5.5,39,False,,,,True,
2017,延庆区,raw_snapshot,1.0,RAW_SENSITIVITY,,,15.6,0.8666666666666667,0.8666666666666667,2,B2,0.162319,0.14067646666666667,0.15837293333333333,0.18273799999999998,7.0,9.0,11.0,39,False,,,,True,
2017,延庆区,raw_snapshot,1.0,RAW_SENSITIVITY,,,15.6,0.8666666666666667,0.8666666666666667,3,B3,0.020419,0.017696466666666667,0.017696466666666667,0.020419,10.5,13.0,16.5,39,False,,,,True,
2017,延庆区,raw_snapshot,1.0,RAW_SENSITIVITY,,,15.6,0.8666666666666667,0.8666666666666667,4,B4,0.0,0.0,0.0,0.0,14.0,17.0,22.0,39,False,,,,True,
2017,延庆区,raw_snapshot,1.0,RAW_SENSITIVITY,,,15.6,0.8666666666666667,0.8666666666666667,5,B5+,0.0,0.0,0.0,0.0,17.5,21.0,27.5,39,False,,,,True,
2018,延庆区,raw_snapshot,1.0,RAW_SENSITIVITY,,,16.4,0.911111111111111,0.9111111111111111,1,B1,0.817262,0.7446164888888889,0.9111111111111111,1.0,3.5,5.0,5.5,39,False,,,,True,
2018,延庆区,raw_snapshot,1.0,RAW_SENSITIVITY,,,16.4,0.911111111111111,0.9111111111111111,2,B2,0.162319,0.14789064444444444,0.1664946222222222,0.18273799999999998,7.0,9.0,11.0,39,False,,,,True,
2018,延庆区,raw_snapshot,1.0,RAW_SENSITIVITY,,,16.4,0.911111111111111,0.9111111111111111,3,B3,0.020419,0.018603977777777777,0.018603977777777777,0.020419,10.5,13.0,16.5,39,False,,,,True,
2018,延庆区,raw_snapshot,1.0,RAW_SENSITIVITY,,,16.4,0.911111111111111,0.9111111111111111,4,B4,0.0,0.0,0.0,0.0,14.0,17.0,22.0,39,False,,,,True,
2018,延庆区,raw_snapshot,1.0,RAW_SENSITIVITY,,,16.4,0.911111111111111,0.9111111111111111,5,B5+,0.0,0.0,0.0,0.0,17.5,21.0,27.5,39,False,,,,True,
2019,延庆区,raw_snapshot,1.0,RAW_SENSITIVITY,,,17.2,0.9555555555555555,0.9555555555555556,1,B1,0.817262,0.7809392444444445,0.9555555555555556,1.0,3.5,5.0,5.5,39,False,,,,True,
2019,延庆区,raw_snapshot,1.0,RAW_SENSITIVITY,,,17.2,0.9555555555555555,0.9555555555555556,2,B2,0.162319,0.15510482222222222,0.17461631111111112,0.18273799999999998,7.0,9.0,11.0,39,False,,,,True,
2019,延庆区,raw_snapshot,1.0,RAW_SENSITIVITY,,,17.2,0.9555555555555555,0.9555555555555556,3,B3,0.020419,0.01951148888888889,0.01951148888888889,0.020419,10.5,13.0,16.5,39,False,,,,True,
2019,延庆区,raw_snapshot,1.0,RAW_SENSITIVITY,,,17.2,0.9555555555555555,0.9555555555555556,4,B4,0.0,0.0,0.0,0.0,14.0,17.0,22.0,39,False,,,,True,
2019,延庆区,raw_snapshot,1.0,RAW_SENSITIVITY,,,17.2,0.9555555555555555,0.9555555555555556,5,B5+,0.0,0.0,0.0,0.0,17.5,21.0,27.5,39,False,,,,True,
2020,延庆区,raw_snapshot,1.0,RAW_SENSITIVITY,18.0,18.0,18.0,1.0,1.0,1,B1,0.817262,0.817262,1.0,1.0,3.5,5.0,5.5,39,False,,,,False,
2020,延庆区,raw_snapshot,1.0,RAW_SENSITIVITY,18.0,18.0,18.0,1.0,1.0,2,B2,0.162319,0.162319,0.18273799999999998,0.18273799999999998,7.0,9.0,11.0,39,False,,,,False,
2020,延庆区,raw_snapshot,1.0,RAW_SENSITIVITY,18.0,18.0,18.0,1.0,1.0,3,B3,0.020419,0.020419,0.020419,0.020419,10.5,13.0,16.5,39,False,,,,False,
2020,延庆区,raw_snapshot,1.0,RAW_SENSITIVITY,18.0,18.0,18.0,1.0,1.0,4,B4,0.0,0.0,0.0,0.0,14.0,17.0,22.0,39,False,,,,False,
2020,延庆区,raw_snapshot,1.0,RAW_SENSITIVITY,18.0,18.0,18.0,1.0,1.0,5,B5+,0.0,0.0,0.0,0.0,17.5,21.0,27.5,39,False,,,,False,
1980,怀柔区,raw_snapshot,1.0,RAW_SENSITIVITY,5.0,5.0,5.0,0.23809523809523808,0.23809523809523808,1,B1,0.612742,0.14589095238095237,0.23809523809523808,1.0,3.5,5.0,5.5,93,False,,,,False,
1980,怀柔区,raw_snapshot,1.0,RAW_SENSITIVITY,5.0,5.0,5.0,0.23809523809523808,0.23809523809523808,2,B2,0.35572,0.08469523809523809,0.09220428571428571,0.387258,7.0,9.0,11.0,93,False,,,,False,
1980,怀柔区,raw_snapshot,1.0,RAW_SENSITIVITY,5.0,5.0,5.0,0.23809523809523808,0.23809523809523808,3,B3,0.031538,0.0075090476190476175,0.0075090476190476175,0.031538,10.5,13.0,16.5,93,False,,,,False,
1980,怀柔区,raw_snapshot,1.0,RAW_SENSITIVITY,5.0,5.0,5.0,0.23809523809523808,0.23809523809523808,4,B4,0.0,0.0,0.0,0.0,14.0,17.0,22.0,93,False,,,,False,
1980,怀柔区,raw_snapshot,1.0,RAW_SENSITIVITY,5.0,5.0,5.0,0.23809523809523808,0.23809523809523808,5,B5+,0.0,0.0,0.0,0.0,17.5,21.0,27.5,93,False,,,,False,
1981,怀柔区,raw_snapshot,1.0,RAW_SENSITIVITY,,,4.7,0.22380952380952382,0.2238095238095238,1,B1,0.612742,0.13713749523809524,0.2238095238095238,1.0,3.5,5.0,5.5,93,False,,,,True,
1981,怀柔区,raw_snapshot,1.0,RAW_SENSITIVITY,,,4.7,0.22380952380952382,0.2238095238095238,2,B2,0.35572,0.0796135238095238,0.08667202857142857,0.387258,7.0,9.0,11.0,93,False,,,,True,
1981,怀柔区,raw_snapshot,1.0,RAW_SENSITIVITY,,,4.7,0.22380952380952382,0.2238095238095238,3,B3,0.031538,0.007058504761904761,0.007058504761904761,0.031538,10.5,13.0,16.5,93,False,,,,True,
1981,怀柔区,raw_snapshot,1.0,RAW_SENSITIVITY,,,4.7,0.22380952380952382,0.2238095238095238,4,B4,0.0,0.0,0.0,0.0,14.0,17.0,22.0,93,False,,,,True,
1981,怀柔区,raw_snapshot,1.0,RAW_SENSITIVITY,,,4.7,0.22380952380952382,0.2238095238095238,5,B5+,0.0,0.0,0.0,0.0,17.5,21.0,27.5,93,False,,,,True,
1982,怀柔区,raw_snapshot,1.0,RAW_SENSITIVITY,,,4.4,0.20952380952380953,0.2095238095238095,1,B1,0.612742,0.12838403809523807,0.2095238095238095,1.0,3.5,5.0,5.5,93,False,,,,True,
1982,怀柔区,raw_snapshot,1.0,RAW_SENSITIVITY,,,4.4,0.20952380952380953,0.2095238095238095,2,B2,0.35572,0.07453180952380951,0.08113977142857141,0.387258,7.0,9.0,11.0,93,False,,,,True,
1982,怀柔区,raw_snapshot,1.0,RAW_SENSITIVITY,,,4.4,0.20952380952380953,0.2095238095238095,3,B3,0.031538,0.006607961904761903,0.006607961904761903,0.031538,10.5,13.0,16.5,93,False,,,,True,
1982,怀柔区,raw_snapshot,1.0,RAW_SENSITIVITY,,,4.4,0.20952380952380953,0.2095238095238095,4,B4,0.0,0.0,0.0,0.0,14.0,17.0,22.0,93,False,,,,True,
1982,怀柔区,raw_snapshot,1.0,RAW_SENSITIVITY,,,4.4,0.20952380952380953,0.2095238095238095,5,B5+,0.0,0.0,0.0,0.0,17.5,21.0,27.5,93,False,,,,True,
1983,怀柔区,raw_snapshot,1.0,RAW_SENSITIVITY,,,4.1,0.1952380952380952,0.19523809523809524,1,B1,0.612742,0.11963058095238095,0.19523809523809524,1.0,3.5,5.0,5.5,93,False,,,,True,
1983,怀柔区,raw_snapshot,1.0,RAW_SENSITIVITY,,,4.1,0.1952380952380952,0.19523809523809524,2,B2,0.35572,0.06945009523809524,0.07560751428571429,0.387258,7.0,9.0,11.0,93,False,,,,True,
1983,怀柔区,raw_snapshot,1.0,RAW_SENSITIVITY,,,4.1,0.1952380952380952,0.19523809523809524,3,B3,0.031538,0.006157419047619047,0.006157419047619047,0.031538,10.5,13.0,16.5,93,False,,,,True,
1983,怀柔区,raw_snapshot,1.0,RAW_SENSITIVITY,,,4.1,0.1952380952380952,0.19523809523809524,4,B4,0.0,0.0,0.0,0.0,14.0,17.0,22.0,93,False,,,,True,
1983,怀柔区,raw_snapshot,1.0,RAW_SENSITIVITY,,,4.1,0.1952380952380952,0.19523809523809524,5,B5+,0.0,0.0,0.0,0.0,17.5,21.0,27.5,93,False,,,,True,
1984,怀柔区,raw_snapshot,1.0,RAW_SENSITIVITY,,,3.8,0.18095238095238095,0.18095238095238095,1,B1,0.612742,0.1108771238095238,0.18095238095238095,1.0,3.5,5.0,5.5,93,False,,,,True,
1984,怀柔区,raw_snapshot,1.0,RAW_SENSITIVITY,,,3.8,0.18095238095238095,0.18095238095238095,2,B2,0.35572,0.06436838095238094,0.07007525714285714,0.387258,7.0,9.0,11.0,93,False,,,,True,
1984,怀柔区,raw_snapshot,1.0,RAW_SENSITIVITY,,,3.8,0.18095238095238095,0.18095238095238095,3,B3,0.031538,0.00570687619047619,0.00570687619047619,0.031538,10.5,13.0,16.5,93,False,,,,True,
1984,怀柔区,raw_snapshot,1.0,RAW_SENSITIVITY,,,3.8,0.18095238095238095,0.18095238095238095,4,B4,0.0,0.0,0.0,0.0,14.0,17.0,22.0,93,False,,,,True,
1984,怀柔区,raw_snapshot,1.0,RAW_SENSITIVITY,,,3.8,0.18095238095238095,0.18095238095238095,5,B5+,0.0,0.0,0.0,0.0,17.5,21.0,27.5,93,False,,,,True,
1985,怀柔区,raw_snapshot,1.0,RAW_SENSITIVITY,,,3.5,0.16666666666666666,0.16666666666666666,1,B1,0.612742,0.10212366666666667,0.16666666666666666,1.0,3.5,5.0,5.5,93,False,,,,True,
1985,怀柔区,raw_snapshot,1.0,RAW_SENSITIVITY,,,3.5,0.16666666666666666,0.16666666666666666,2,B2,0.35572,0.05928666666666666,0.06454299999999999,0.387258,7.0,9.0,11.0,93,False,,,,True,
1985,怀柔区,raw_snapshot,1.0,RAW_SENSITIVITY,,,3.5,0.16666666666666666,0.16666666666666666,3,B3,0.031538,0.0052563333333333325,0.0052563333333333325,0.031538,10.5,13.0,16.5,93,False,,,,True,
1985,怀柔区,raw_snapshot,1.0,RAW_SENSITIVITY,,,3.5,0.16666666666666666,0.16666666666666666,4,B4,0.0,0.0,0.0,0.0,14.0,17.0,22.0,93,False,,,,True,
1985,怀柔区,raw_snapshot,1.0,RAW_SENSITIVITY,,,3.5,0.16666666666666666,0.16666666666666666,5,B5+,0.0,0.0,0.0,0.0,17.5,21.0,27.5,93,False,,,,True,
1986,怀柔区,raw_snapshot,1.0,RAW_SENSITIVITY,,,3.2,0.1523809523809524,0.1523809523809524,1,B1,0.612742,0.09337020952380953,0.1523809523809524,1.0,3.5,5.0,5.5,93,False,,,,True,
1986,怀柔区,raw_snapshot,1.0,RAW_SENSITIVITY,,,3.2,0.1523809523809524,0.1523809523809524,2,B2,0.35572,0.05420495238095238,0.05901074285714286,0.387258,7.0,9.0,11.0,93,False,,,,True,
1986,怀柔区,raw_snapshot,1.0,RAW_SENSITIVITY,,,3.2,0.1523809523809524,0.1523809523809524,3,B3,0.031538,0.004805790476190476,0.004805790476190476,0.031538,10.5,13.0,16.5,93,False,,,,True,
1986,怀柔区,raw_snapshot,1.0,RAW_SENSITIVITY,,,3.2,0.1523809523809524,0.1523809523809524,4,B4,0.0,0.0,0.0,0.0,14.0,17.0,22.0,93,False,,,,True,
1986,怀柔区,raw_snapshot,1.0,RAW_SENSITIVITY,,,3.2,0.1523809523809524,0.1523809523809524,5,B5+,0.0,0.0,0.0,0.0,17.5,21.0,27.5,93,False,,,,True,
1987,怀柔区,raw_snapshot,1.0,RAW_SENSITIVITY,,,2.9000000000000004,0.1380952380952381,0.1380952380952381,1,B1,0.612742,0.08461675238095238,0.1380952380952381,1.0,3.5,5.0,5.5,93,False,,,,True,
1987,怀柔区,raw_snapshot,1.0,RAW_SENSITIVITY,,,2.9000000000000004,0.1380952380952381,0.1380952380952381,2,B2,0.35572,0.049123238095238095,0.05347848571428571,0.387258,7.0,9.0,11.0,93,False,,,,True,
1987,怀柔区,raw_snapshot,1.0,RAW_SENSITIVITY,,,2.9000000000000004,0.1380952380952381,0.1380952380952381,3,B3,0.031538,0.004355247619047619,0.004355247619047619,0.031538,10.5,13.0,16.5,93,False,,,,True,
1987,怀柔区,raw_snapshot,1.0,RAW_SENSITIVITY,,,2.9000000000000004,0.1380952380952381,0.1380952380952381,4,B4,0.0,0.0,0.0,0.0,14.0,17.0,22.0,93,False,,,,True,
1987,怀柔区,raw_snapshot,1.0,RAW_SENSITIVITY,,,2.9000000000000004,0.1380952380952381,0.1380952380952381,5,B5+,0.0,0.0,0.0,0.0,17.5,21.0,27.5,93,False,,,,True,
1988,怀柔区,raw_snapshot,1.0,RAW_SENSITIVITY,,,2.5999999999999996,0.12380952380952379,0.1238095238095238,1,B1,0.612742,0.07586329523809524,0.1238095238095238,1.0,3.5,5.0,5.5,93,False,,,,True,
1988,怀柔区,raw_snapshot,1.0,RAW_SENSITIVITY,,,2.5999999999999996,0.12380952380952379,0.1238095238095238,2,B2,0.35572,0.0440415238095238,0.047946228571428565,0.387258,7.0,9.0,11.0,93,False,,,,True,
1988,怀柔区,raw_snapshot,1.0,RAW_SENSITIVITY,,,2.5999999999999996,0.12380952380952379,0.1238095238095238,3,B3,0.031538,0.0039047047619047612,0.0039047047619047612,0.031538,10.5,13.0,16.5,93,False,,,,True,
1988,怀柔区,raw_snapshot,1.0,RAW_SENSITIVITY,,,2.5999999999999996,0.12380952380952379,0.1238095238095238,4,B4,0.0,0.0,0.0,0.0,14.0,17.0,22.0,93,False,,,,True,
1988,怀柔区,raw_snapshot,1.0,RAW_SENSITIVITY,,,2.5999999999999996,0.12380952380952379,0.1238095238095238,5,B5+,0.0,0.0,0.0,0.0,17.5,21.0,27.5,93,False,,,,True,
1989,怀柔区,raw_snapshot,1.0,RAW_SENSITIVITY,,,2.3,0.10952380952380951,0.10952380952380952,1,B1,0.612742,0.0671098380952381,0.10952380952380952,1.0,3.5,5.0,5.5,93,False,,,,True,
1989,怀柔区,raw_snapshot,1.0,RAW_SENSITIVITY,,,2.3,0.10952380952380951,0.10952380952380952,2,B2,0.35572,0.03895980952380952,0.04241397142857143,0.387258,7.0,9.0,11.0,93,False,,,,True,
1989,怀柔区,raw_snapshot,1.0,RAW_SENSITIVITY,,,2.3,0.10952380952380951,0.10952380952380952,3,B3,0.031538,0.0034541619047619046,0.0034541619047619046,0.031538,10.5,13.0,16.5,93,False,,,,True,
1989,怀柔区,raw_snapshot,1.0,RAW_SENSITIVITY,,,2.3,0.10952380952380951,0.10952380952380952,4,B4,0.0,0.0,0.0,0.0,14.0,17.0,22.0,93,False,,,,True,
1989,怀柔区,raw_snapshot,1.0,RAW_SENSITIVITY,,,2.3,0.10952380952380951,0.10952380952380952,5,B5+,0.0,0.0,0.0,0.0,17.5,21.0,27.5,93,False,,,,True,
1990,怀柔区,raw_snapshot,1.0,RAW_SENSITIVITY,2.0,5.0,2.0,0.09523809523809523,0.09523809523809523,1,B1,0.612742,0.05835638095238095,0.09523809523809523,1.0,3.5,5.0,5.5,93,False,,,,False,
1990,怀柔区,raw_snapshot,1.0,RAW_SENSITIVITY,2.0,5.0,2.0,0.09523809523809523,0.09523809523809523,2,B2,0.35572,0.033878095238095235,0.03688171428571428,0.387258,7.0,9.0,11.0,93,False,,,,False,
1990,怀柔区,raw_snapshot,1.0,RAW_SENSITIVITY,2.0,5.0,2.0,0.09523809523809523,0.09523809523809523,3,B3,0.031538,0.003003619047619047,0.003003619047619047,0.031538,10.5,13.0,16.5,93,False,,,,False,
1990,怀柔区,raw_snapshot,1.0,RAW_SENSITIVITY,2.0,5.0,2.0,0.09523809523809523,0.09523809523809523,4,B4,0.0,0.0,0.0,0.0,14.0,17.0,22.0,93,False,,,,False,
1990,怀柔区,raw_snapshot,1.0,RAW_SENSITIVITY,2.0,5.0,2.0,0.09523809523809523,0.09523809523809523,5,B5+,0.0,0.0,0.0,0.0,17.5,21.0,27.5,93,False,,,,False,
1991,怀柔区,raw_snapshot,1.0,RAW_SENSITIVITY,,,3.6,0.17142857142857143,0.17142857142857143,1,B1,0.612742,0.10504148571428572,0.17142857142857143,1.0,3.5,5.0,5.5,93,False,,,,True,
1991,怀柔区,raw_snapshot,1.0,RAW_SENSITIVITY,,,3.6,0.17142857142857143,0.17142857142857143,2,B2,0.35572,0.060980571428571426,0.06638708571428571,0.387258,7.0,9.0,11.0,93,False,,,,True,
1991,怀柔区,raw_snapshot,1.0,RAW_SENSITIVITY,,,3.6,0.17142857142857143,0.17142857142857143,3,B3,0.031538,0.005406514285714285,0.005406514285714285,0.031538,10.5,13.0,16.5,93,False,,,,True,
1991,怀柔区,raw_snapshot,1.0,RAW_SENSITIVITY,,,3.6,0.17142857142857143,0.17142857142857143,4,B4,0.0,0.0,0.0,0.0,14.0,17.0,22.0,93,False,,,,True,
1991,怀柔区,raw_snapshot,1.0,RAW_SENSITIVITY,,,3.6,0.17142857142857143,0.17142857142857143,5,B5+,0.0,0.0,0.0,0.0,17.5,21.0,27.5,93,False,,,,True,
1992,怀柔区,raw_snapshot,1.0,RAW_SENSITIVITY,,,5.2,0.24761904761904763,0.24761904761904763,1,B1,0.612742,0.15172659047619047,0.24761904761904763,1.0,3.5,5.0,5.5,93,False,,,,True,
1992,怀柔区,raw_snapshot,1.0,RAW_SENSITIVITY,,,5.2,0.24761904761904763,0.24761904761904763,2,B2,0.35572,0.08808304761904762,0.09589245714285714,0.387258,7.0,9.0,11.0,93,False,,,,True,
1992,怀柔区,raw_snapshot,1.0,RAW_SENSITIVITY,,,5.2,0.24761904761904763,0.24761904761904763,3,B3,0.031538,0.007809409523809523,0.007809409523809523,0.031538,10.5,13.0,16.5,93,False,,,,True,
1992,怀柔区,raw_snapshot,1.0,RAW_SENSITIVITY,,,5.2,0.24761904761904763,0.24761904761904763,4,B4,0.0,0.0,0.0,0.0,14.0,17.0,22.0,93,False,,,,True,
1992,怀柔区,raw_snapshot,1.0,RAW_SENSITIVITY,,,5.2,0.24761904761904763,0.24761904761904763,5,B5+,0.0,0.0,0.0,0.0,17.5,21.0,27.5,93,False,,,,True,
1993,怀柔区,raw_snapshot,1.0,RAW_SENSITIVITY,,,6.8,0.3238095238095238,0.32380952380952377,1,B1,0.612742,0.1984116952380952,0.32380952380952377,1.0,3.5,5.0,5.5,93,False,,,,True,
1993,怀柔区,raw_snapshot,1.0,RAW_SENSITIVITY,,,6.8,0.3238095238095238,0.32380952380952377,2,B2,0.35572,0.1151855238095238,0.12539782857142856,0.387258,7.0,9.0,11.0,93,False,,,,True,
1993,怀柔区,raw_snapshot,1.0,RAW_SENSITIVITY,,,6.8,0.3238095238095238,0.32380952380952377,3,B3,0.031538,0.01021230476190476,0.01021230476190476,0.031538,10.5,13.0,16.5,93,False,,,,True,
1993,怀柔区,raw_snapshot,1.0,RAW_SENSITIVITY,,,6.8,0.3238095238095238,0.32380952380952377,4,B4,0.0,0.0,0.0,0.0,14.0,17.0,22.0,93,False,,,,True,
1993,怀柔区,raw_snapshot,1.0,RAW_SENSITIVITY,,,6.8,0.3238095238095238,0.32380952380952377,5,B5+,0.0,0.0,0.0,0.0,17.5,21.0,27.5,93,False,,,,True,
1994,怀柔区,raw_snapshot,1.0,RAW_SENSITIVITY,,,8.4,0.4,0.4,1,B1,0.612742,0.2450968,0.4,1.0,3.5,5.0,5.5,93,False,,,,True,
1994,怀柔区,raw_snapshot,1.0,RAW_SENSITIVITY,,,8.4,0.4,0.4,2,B2,0.35572,0.142288,0.15490320000000002,0.387258,7.0,9.0,11.0,93,False,,,,True,
1994,怀柔区,raw_snapshot,1.0,RAW_SENSITIVITY,,,8.4,0.4,0.4,3,B3,0.031538,0.0126152,0.0126152,0.031538,10.5,13.0,16.5,93,False,,,,True,
1994,怀柔区,raw_snapshot,1.0,RAW_SENSITIVITY,,,8.4,0.4,0.4,4,B4,0.0,0.0,0.0,0.0,14.0,17.0,22.0,93,False,,,,True,
1994,怀柔区,raw_snapshot,1.0,RAW_SENSITIVITY,,,8.4,0.4,0.4,5,B5+,0.0,0.0,0.0,0.0,17.5,21.0,27.5,93,False,,,,True,
1995,怀柔区,raw_snapshot,1.0,RAW_SENSITIVITY,10.0,10.0,10.0,0.47619047619047616,0.47619047619047616,1,B1,0.612742,0.29178190476190474,0.47619047619047616,1.0,3.5,5.0,5.5,93,False,,,,False,
1995,怀柔区,raw_snapshot,1.0,RAW_SENSITIVITY,10.0,10.0,10.0,0.47619047619047616,0.47619047619047616,2,B2,0.35572,0.16939047619047617,0.18440857142857142,0.387258,7.0,9.0,11.0,93,False,,,,False,
1995,怀柔区,raw_snapshot,1.0,RAW_SENSITIVITY,10.0,10.0,10.0,0.47619047619047616,0.47619047619047616,3,B3,0.031538,0.015018095238095235,0.015018095238095235,0.031538,10.5,13.0,16.5,93,False,,,,False,
1995,怀柔区,raw_snapshot,1.0,RAW_SENSITIVITY,10.0,10.0,10.0,0.47619047619047616,0.47619047619047616,4,B4,0.0,0.0,0.0,0.0,14.0,17.0,22.0,93,False,,,,False,
1995,怀柔区,raw_snapshot,1.0,RAW_SENSITIVITY,10.0,10.0,10.0,0.47619047619047616,0.47619047619047616,5,B5+,0.0,0.0,0.0,0.0,17.5,21.0,27.5,93,False,,,,False,
1996,怀柔区,raw_snapshot,1.0,RAW_SENSITIVITY,,,10.4,0.49523809523809526,0.4952380952380952,1,B1,0.612742,0.30345318095238094,0.4952380952380952,1.0,3.5,5.0,5.5,93,False,,,,True,
1996,怀柔区,raw_snapshot,1.0,RAW_SENSITIVITY,,,10.4,0.49523809523809526,0.4952380952380952,2,B2,0.35572,0.1761660952380952,0.19178491428571426,0.387258,7.0,9.0,11.0,93,False,,,,True,
1996,怀柔区,raw_snapshot,1.0,RAW_SENSITIVITY,,,10.4,0.49523809523809526,0.4952380952380952,3,B3,0.031538,0.015618819047619045,0.015618819047619045,0.031538,10.5,13.0,16.5,93,False,,,,True,
1996,怀柔区,raw_snapshot,1.0,RAW_SENSITIVITY,,,10.4,0.49523809523809526,0.4952380952380952,4,B4,0.0,0.0,0.0,0.0,14.0,17.0,22.0,93,False,,,,True,
1996,怀柔区,raw_snapshot,1.0,RAW_SENSITIVITY,,,10.4,0.49523809523809526,0.4952380952380952,5,B5+,0.0,0.0,0.0,0.0,17.5,21.0,27.5,93,False,,,,True,
1997,怀柔区,raw_snapshot,1.0,RAW_SENSITIVITY,,,10.8,0.5142857142857143,0.5142857142857142,1,B1,0.612742,0.31512445714285714,0.5142857142857142,1.0,3.5,5.0,5.5,93,False,,,,True,
1997,怀柔区,raw_snapshot,1.0,RAW_SENSITIVITY,,,10.8,0.5142857142857143,0.5142857142857142,2,B2,0.35572,0.18294171428571426,0.19916125714285712,0.387258,7.0,9.0,11.0,93,False,,,,True,
1997,怀柔区,raw_snapshot,1.0,RAW_SENSITIVITY,,,10.8,0.5142857142857143,0.5142857142857142,3,B3,0.031538,0.016219542857142853,0.016219542857142853,0.031538,10.5,13.0,16.5,93,False,,,,True,
1997,怀柔区,raw_snapshot,1.0,RAW_SENSITIVITY,,,10.8,0.5142857142857143,0.5142857142857142,4,B4,0.0,0.0,0.0,0.0,14.0,17.0,22.0,93,False,,,,True,
1997,怀柔区,raw_snapshot,1.0,RAW_SENSITIVITY,,,10.8,0.5142857142857143,0.5142857142857142,5,B5+,0.0,0.0,0.0,0.0,17.5,21.0,27.5,93,False,,,,True,
1998,怀柔区,raw_snapshot,1.0,RAW_SENSITIVITY,,,11.2,0.5333333333333333,0.5333333333333333,1,B1,0.612742,0.32679573333333334,0.5333333333333333,1.0,3.5,5.0,5.5,93,False,,,,True,
1998,怀柔区,raw_snapshot,1.0,RAW_SENSITIVITY,,,11.2,0.5333333333333333,0.5333333333333333,2,B2,0.35572,0.18971733333333332,0.2065376,0.387258,7.0,9.0,11.0,93,False,,,,True,
1998,怀柔区,raw_snapshot,1.0,RAW_SENSITIVITY,,,11.2,0.5333333333333333,0.5333333333333333,3,B3,0.031538,0.016820266666666663,0.016820266666666663,0.031538,10.5,13.0,16.5,93,False,,,,True,
1998,怀柔区,raw_snapshot,1.0,RAW_SENSITIVITY,,,11.2,0.5333333333333333,0.5333333333333333,4,B4,0.0,0.0,0.0,0.0,14.0,17.0,22.0,93,False,,,,True,
1998,怀柔区,raw_snapshot,1.0,RAW_SENSITIVITY,,,11.2,0.5333333333333333,0.5333333333333333,5,B5+,0.0,0.0,0.0,0.0,17.5,21.0,27.5,93,False,,,,True,
1999,怀柔区,raw_snapshot,1.0,RAW_SENSITIVITY,,,11.6,0.5523809523809524,0.5523809523809524,1,B1,0.612742,0.33846700952380954,0.5523809523809524,1.0,3.5,5.0,5.5,93,False,,,,True,
1999,怀柔区,raw_snapshot,1.0,RAW_SENSITIVITY,,,11.6,0.5523809523809524,0.5523809523809524,2,B2,0.35572,0.19649295238095238,0.21391394285714285,0.387258,7.0,9.0,11.0,93,False,,,,True,
1999,怀柔区,raw_snapshot,1.0,RAW_SENSITIVITY,,,11.6,0.5523809523809524,0.5523809523809524,3,B3,0.031538,0.017420990476190477,0.017420990476190477,0.031538,10.5,13.0,16.5,93,False,,,,True,
1999,怀柔区,raw_snapshot,1.0,RAW_SENSITIVITY,,,11.6,0.5523809523809524,0.5523809523809524,4,B4,0.0,0.0,0.0,0.0,14.0,17.0,22.0,93,False,,,,True,
1999,怀柔区,raw_snapshot,1.0,RAW_SENSITIVITY,,,11.6,0.5523809523809524,0.5523809523809524,5,B5+,0.0,0.0,0.0,0.0,17.5,21.0,27.5,93,False,,,,True,
2000,怀柔区,raw_snapshot,1.0,RAW_SENSITIVITY,12.0,12.0,12.0,0.5714285714285714,0.5714285714285714,1,B1,0.612742,0.3501382857142857,0.5714285714285714,1.0,3.5,5.0,5.5,93,False,,,,False,
2000,怀柔区,raw_snapshot,1.0,RAW_SENSITIVITY,12.0,12.0,12.0,0.5714285714285714,0.5714285714285714,2,B2,0.35572,0.2032685714285714,0.2212902857142857,0.387258,7.0,9.0,11.0,93,False,,,,False,
2000,怀柔区,raw_snapshot,1.0,RAW_SENSITIVITY,12.0,12.0,12.0,0.5714285714285714,0.5714285714285714,3,B3,0.031538,0.018021714285714283,0.018021714285714283,0.031538,10.5,13.0,16.5,93,False,,,,False,
2000,怀柔区,raw_snapshot,1.0,RAW_SENSITIVITY,12.0,12.0,12.0,0.5714285714285714,0.5714285714285714,4,B4,0.0,0.0,0.0,0.0,14.0,17.0,22.0,93,False,,,,False,
2000,怀柔区,raw_snapshot,1.0,RAW_SENSITIVITY,12.0,12.0,12.0,0.5714285714285714,0.5714285714285714,5,B5+,0.0,0.0,0.0,0.0,17.5,21.0,27.5,93,False,,,,False,
2001,怀柔区,raw_snapshot,1.0,RAW_SENSITIVITY,,,13.4,0.6380952380952382,0.638095238095238,1,B1,0.612742,0.39098775238095235,0.638095238095238,1.0,3.5,5.0,5.5,93,False,,,,True,
2001,怀柔区,raw_snapshot,1.0,RAW_SENSITIVITY,,,13.4,0.6380952380952382,0.638095238095238,2,B2,0.35572,0.22698323809523807,0.2471074857142857,0.387258,7.0,9.0,11.0,93,False,,,,True,
2001,怀柔区,raw_snapshot,1.0,RAW_SENSITIVITY,,,13.4,0.6380952380952382,0.638095238095238,3,B3,0.031538,0.020124247619047617,0.020124247619047617,0.031538,10.5,13.0,16.5,93,False,,,,True,
2001,怀柔区,raw_snapshot,1.0,RAW_SENSITIVITY,,,13.4,0.6380952380952382,0.638095238095238,4,B4,0.0,0.0,0.0,0.0,14.0,17.0,22.0,93,False,,,,True,
2001,怀柔区,raw_snapshot,1.0,RAW_SENSITIVITY,,,13.4,0.6380952380952382,0.638095238095238,5,B5+,0.0,0.0,0.0,0.0,17.5,21.0,27.5,93,False,,,,True,
2002,怀柔区,raw_snapshot,1.0,RAW_SENSITIVITY,,,14.8,0.7047619047619048,0.7047619047619047,1,B1,0.612742,0.431837219047619,0.7047619047619047,1.0,3.5,5.0,5.5,93,False,,,,True,
2002,怀柔区,raw_snapshot,1.0,RAW_SENSITIVITY,,,14.8,0.7047619047619048,0.7047619047619047,2,B2,0.35572,0.25069790476190473,0.2729246857142857,0.387258,7.0,9.0,11.0,93,False,,,,True,
2002,怀柔区,raw_snapshot,1.0,RAW_SENSITIVITY,,,14.8,0.7047619047619048,0.7047619047619047,3,B3,0.031538,0.022226780952380946,0.022226780952380946,0.031538,10.5,13.0,16.5,93,False,,,,True,
2002,怀柔区,raw_snapshot,1.0,RAW_SENSITIVITY,,,14.8,0.7047619047619048,0.7047619047619047,4,B4,0.0,0.0,0.0,0.0,14.0,17.0,22.0,93,False,,,,True,
2002,怀柔区,raw_snapshot,1.0,RAW_SENSITIVITY,,,14.8,0.7047619047619048,0.7047619047619047,5,B5+,0.0,0.0,0.0,0.0,17.5,21.0,27.5,93,False,,,,True,
2003,怀柔区,raw_snapshot,1.0,RAW_SENSITIVITY,,,16.2,0.7714285714285714,0.7714285714285714,1,B1,0.612742,0.4726866857142857,0.7714285714285714,1.0,3.5,5.0,5.5,93,False,,,,True,
2003,怀柔区,raw_snapshot,1.0,RAW_SENSITIVITY,,,16.2,0.7714285714285714,0.7714285714285714,2,B2,0.35572,0.2744125714285714,0.29874188571428567,0.387258,7.0,9.0,11.0,93,False,,,,True,
2003,怀柔区,raw_snapshot,1.0,RAW_SENSITIVITY,,,16.2,0.7714285714285714,0.7714285714285714,3,B3,0.031538,0.02432931428571428,0.02432931428571428,0.031538,10.5,13.0,16.5,93,False,,,,True,
2003,怀柔区,raw_snapshot,1.0,RAW_SENSITIVITY,,,16.2,0.7714285714285714,0.7714285714285714,4,B4,0.0,0.0,0.0,0.0,14.0,17.0,22.0,93,False,,,,True,
2003,怀柔区,raw_snapshot,1.0,RAW_SENSITIVITY,,,16.2,0.7714285714285714,0.7714285714285714,5,B5+,0.0,0.0,0.0,0.0,17.5,21.0,27.5,93,False,,,,True,
2004,怀柔区,raw_snapshot,1.0,RAW_SENSITIVITY,,,17.6,0.8380952380952381,0.8380952380952381,1,B1,0.612742,0.5135361523809524,0.8380952380952381,1.0,3.5,5.0,5.5,93,False,,,,True,
2004,怀柔区,raw_snapshot,1.0,RAW_SENSITIVITY,,,17.6,0.8380952380952381,0.8380952380952381,2,B2,0.35572,0.2981272380952381,0.3245590857142857,0.387258,7.0,9.0,11.0,93,False,,,,True,
2004,怀柔区,raw_snapshot,1.0,RAW_SENSITIVITY,,,17.6,0.8380952380952381,0.8380952380952381,3,B3,0.031538,0.026431847619047617,0.026431847619047617,0.031538,10.5,13.0,16.5,93,False,,,,True,
2004,怀柔区,raw_snapshot,1.0,RAW_SENSITIVITY,,,17.6,0.8380952380952381,0.8380952380952381,4,B4,0.0,0.0,0.0,0.0,14.0,17.0,22.0,93,False,,,,True,
2004,怀柔区,raw_snapshot,1.0,RAW_SENSITIVITY,,,17.6,0.8380952380952381,0.8380952380952381,5,B5+,0.0,0.0,0.0,0.0,17.5,21.0,27.5,93,False,,,,True,
2005,怀柔区,raw_snapshot,1.0,RAW_SENSITIVITY,19.0,19.0,19.0,0.9047619047619048,0.9047619047619048,1,B1,0.612742,0.5543856190476191,0.9047619047619048,1.0,3.5,5.0,5.5,93,False,,,,False,
2005,怀柔区,raw_snapshot,1.0,RAW_SENSITIVITY,19.0,19.0,19.0,0.9047619047619048,0.9047619047619048,2,B2,0.35572,0.3218419047619048,0.3503762857142857,0.387258,7.0,9.0,11.0,93,False,,,,False,
2005,怀柔区,raw_snapshot,1.0,RAW_SENSITIVITY,19.0,19.0,19.0,0.9047619047619048,0.9047619047619048,3,B3,0.031538,0.02853438095238095,0.02853438095238095,0.031538,10.5,13.0,16.5,93,False,,,,False,
2005,怀柔区,raw_snapshot,1.0,RAW_SENSITIVITY,19.0,19.0,19.0,0.9047619047619048,0.9047619047619048,4,B4,0.0,0.0,0.0,0.0,14.0,17.0,22.0,93,False,,,,False,
2005,怀柔区,raw_snapshot,1.0,RAW_SENSITIVITY,19.0,19.0,19.0,0.9047619047619048,0.9047619047619048,5,B5+,0.0,0.0,0.0,0.0,17.5,21.0,27.5,93,False,,,,False,
2006,怀柔区,raw_snapshot,1.0,RAW_SENSITIVITY,,,19.2,0.9142857142857143,0.9142857142857143,1,B1,0.612742,0.5602212571428571,0.9142857142857143,1.0,3.5,5.0,5.5,93,False,,,,True,
2006,怀柔区,raw_snapshot,1.0,RAW_SENSITIVITY,,,19.2,0.9142857142857143,0.9142857142857143,2,B2,0.35572,0.32522971428571423,0.3540644571428571,0.387258,7.0,9.0,11.0,93,False,,,,True,
2006,怀柔区,raw_snapshot,1.0,RAW_SENSITIVITY,,,19.2,0.9142857142857143,0.9142857142857143,3,B3,0.031538,0.028834742857142853,0.028834742857142853,0.031538,10.5,13.0,16.5,93,False,,,,True,
2006,怀柔区,raw_snapshot,1.0,RAW_SENSITIVITY,,,19.2,0.9142857142857143,0.9142857142857143,4,B4,0.0,0.0,0.0,0.0,14.0,17.0,22.0,93,False,,,,True,
2006,怀柔区,raw_snapshot,1.0,RAW_SENSITIVITY,,,19.2,0.9142857142857143,0.9142857142857143,5,B5+,0.0,0.0,0.0,0.0,17.5,21.0,27.5,93,False,,,,True,
2007,怀柔区,raw_snapshot,1.0,RAW_SENSITIVITY,,,19.4,0.9238095238095237,0.9238095238095237,1,B1,0.612742,0.5660568952380952,0.9238095238095237,1.0,3.5,5.0,5.5,93,False,,,,True,
2007,怀柔区,raw_snapshot,1.0,RAW_SENSITIVITY,,,19.4,0.9238095238095237,0.9238095238095237,2,B2,0.35572,0.32861752380952375,0.35775262857142853,0.387258,7.0,9.0,11.0,93,False,,,,True,
2007,怀柔区,raw_snapshot,1.0,RAW_SENSITIVITY,,,19.4,0.9238095238095237,0.9238095238095237,3,B3,0.031538,0.029135104761904757,0.029135104761904757,0.031538,10.5,13.0,16.5,93,False,,,,True,
2007,怀柔区,raw_snapshot,1.0,RAW_SENSITIVITY,,,19.4,0.9238095238095237,0.9238095238095237,4,B4,0.0,0.0,0.0,0.0,14.0,17.0,22.0,93,False,,,,True,
2007,怀柔区,raw_snapshot,1.0,RAW_SENSITIVITY,,,19.4,0.9238095238095237,0.9238095238095237,5,B5+,0.0,0.0,0.0,0.0,17.5,21.0,27.5,93,False,,,,True,
2008,怀柔区,raw_snapshot,1.0,RAW_SENSITIVITY,,,19.6,0.9333333333333333,0.9333333333333333,1,B1,0.612742,0.5718925333333333,0.9333333333333333,1.0,3.5,5.0,5.5,93,False,,,,True,
2008,怀柔区,raw_snapshot,1.0,RAW_SENSITIVITY,,,19.6,0.9333333333333333,0.9333333333333333,2,B2,0.35572,0.3320053333333333,0.3614408,0.387258,7.0,9.0,11.0,93,False,,,,True,
2008,怀柔区,raw_snapshot,1.0,RAW_SENSITIVITY,,,19.6,0.9333333333333333,0.9333333333333333,3,B3,0.031538,0.029435466666666663,0.029435466666666663,0.031538,10.5,13.0,16.5,93,False,,,,True,
2008,怀柔区,raw_snapshot,1.0,RAW_SENSITIVITY,,,19.6,0.9333333333333333,0.9333333333333333,4,B4,0.0,0.0,0.0,0.0,14.0,17.0,22.0,93,False,,,,True,
2008,怀柔区,raw_snapshot,1.0,RAW_SENSITIVITY,,,19.6,0.9333333333333333,0.9333333333333333,5,B5+,0.0,0.0,0.0,0.0,17.5,21.0,27.5,93,False,,,,True,
2009,怀柔区,raw_snapshot,1.0,RAW_SENSITIVITY,,,19.8,0.9428571428571428,0.9428571428571428,1,B1,0.612742,0.5777281714285715,0.9428571428571428,1.0,3.5,5.0,5.5,93,False,,,,True,
2009,怀柔区,raw_snapshot,1.0,RAW_SENSITIVITY,,,19.8,0.9428571428571428,0.9428571428571428,2,B2,0.35572,0.33539314285714283,0.3651289714285714,0.387258,7.0,9.0,11.0,93,False,,,,True,
2009,怀柔区,raw_snapshot,1.0,RAW_SENSITIVITY,,,19.8,0.9428571428571428,0.9428571428571428,3,B3,0.031538,0.029735828571428567,0.029735828571428567,0.031538,10.5,13.0,16.5,93,False,,,,True,
2009,怀柔区,raw_snapshot,1.0,RAW_SENSITIVITY,,,19.8,0.9428571428571428,0.9428571428571428,4,B4,0.0,0.0,0.0,0.0,14.0,17.0,22.0,93,False,,,,True,
2009,怀柔区,raw_snapshot,1.0,RAW_SENSITIVITY,,,19.8,0.9428571428571428,0.9428571428571428,5,B5+,0.0,0.0,0.0,0.0,17.5,21.0,27.5,93,False,,,,True,
2010,怀柔区,raw_snapshot,1.0,RAW_SENSITIVITY,20.0,20.0,20.0,0.9523809523809523,0.9523809523809523,1,B1,0.612742,0.5835638095238095,0.9523809523809523,1.0,3.5,5.0,5.5,93,False,,,,False,
2010,怀柔区,raw_snapshot,1.0,RAW_SENSITIVITY,20.0,20.0,20.0,0.9523809523809523,0.9523809523809523,2,B2,0.35572,0.33878095238095235,0.36881714285714284,0.387258,7.0,9.0,11.0,93,False,,,,False,
2010,怀柔区,raw_snapshot,1.0,RAW_SENSITIVITY,20.0,20.0,20.0,0.9523809523809523,0.9523809523809523,3,B3,0.031538,0.03003619047619047,0.03003619047619047,0.031538,10.5,13.0,16.5,93,False,,,,False,
2010,怀柔区,raw_snapshot,1.0,RAW_SENSITIVITY,20.0,20.0,20.0,0.9523809523809523,0.9523809523809523,4,B4,0.0,0.0,0.0,0.0,14.0,17.0,22.0,93,False,,,,False,
2010,怀柔区,raw_snapshot,1.0,RAW_SENSITIVITY,20.0,20.0,20.0,0.9523809523809523,0.9523809523809523,5,B5+,0.0,0.0,0.0,0.0,17.5,21.0,27.5,93,False,,,,False,
2011,怀柔区,raw_snapshot,1.0,RAW_SENSITIVITY,,,20.0,0.9523809523809523,0.9523809523809523,1,B1,0.612742,0.5835638095238095,0.9523809523809523,1.0,3.5,5.0,5.5,93,False,,,,True,
2011,怀柔区,raw_snapshot,1.0,RAW_SENSITIVITY,,,20.0,0.9523809523809523,0.9523809523809523,2,B2,0.35572,0.33878095238095235,0.36881714285714284,0.387258,7.0,9.0,11.0,93,False,,,,True,
2011,怀柔区,raw_snapshot,1.0,RAW_SENSITIVITY,,,20.0,0.9523809523809523,0.9523809523809523,3,B3,0.031538,0.03003619047619047,0.03003619047619047,0.031538,10.5,13.0,16.5,93,False,,,,True,
2011,怀柔区,raw_snapshot,1.0,RAW_SENSITIVITY,,,20.0,0.9523809523809523,0.9523809523809523,4,B4,0.0,0.0,0.0,0.0,14.0,17.0,22.0,93,False,,,,True,
2011,怀柔区,raw_snapshot,1.0,RAW_SENSITIVITY,,,20.0,0.9523809523809523,0.9523809523809523,5,B5+,0.0,0.0,0.0,0.0,17.5,21.0,27.5,93,False,,,,True,
2012,怀柔区,raw_snapshot,1.0,RAW_SENSITIVITY,,,20.0,0.9523809523809523,0.9523809523809523,1,B1,0.612742,0.5835638095238095,0.9523809523809523,1.0,3.5,5.0,5.5,93,False,,,,True,
2012,怀柔区,raw_snapshot,1.0,RAW_SENSITIVITY,,,20.0,0.9523809523809523,0.9523809523809523,2,B2,0.35572,0.33878095238095235,0.36881714285714284,0.387258,7.0,9.0,11.0,93,False,,,,True,
2012,怀柔区,raw_snapshot,1.0,RAW_SENSITIVITY,,,20.0,0.9523809523809523,0.9523809523809523,3,B3,0.031538,0.03003619047619047,0.03003619047619047,0.031538,10.5,13.0,16.5,93,False,,,,True,
2012,怀柔区,raw_snapshot,1.0,RAW_SENSITIVITY,,,20.0,0.9523809523809523,0.9523809523809523,4,B4,0.0,0.0,0.0,0.0,14.0,17.0,22.0,93,False,,,,True,
2012,怀柔区,raw_snapshot,1.0,RAW_SENSITIVITY,,,20.0,0.9523809523809523,0.9523809523809523,5,B5+,0.0,0.0,0.0,0.0,17.5,21.0,27.5,93,False,,,,True,
2013,怀柔区,raw_snapshot,1.0,RAW_SENSITIVITY,,,20.0,0.9523809523809523,0.9523809523809523,1,B1,0.612742,0.5835638095238095,0.9523809523809523,1.0,3.5,5.0,5.5,93,False,,,,True,
2013,怀柔区,raw_snapshot,1.0,RAW_SENSITIVITY,,,20.0,0.9523809523809523,0.9523809523809523,2,B2,0.35572,0.33878095238095235,0.36881714285714284,0.387258,7.0,9.0,11.0,93,False,,,,True,
2013,怀柔区,raw_snapshot,1.0,RAW_SENSITIVITY,,,20.0,0.9523809523809523,0.9523809523809523,3,B3,0.031538,0.03003619047619047,0.03003619047619047,0.031538,10.5,13.0,16.5,93,False,,,,True,
2013,怀柔区,raw_snapshot,1.0,RAW_SENSITIVITY,,,20.0,0.9523809523809523,0.9523809523809523,4,B4,0.0,0.0,0.0,0.0,14.0,17.0,22.0,93,False,,,,True,
2013,怀柔区,raw_snapshot,1.0,RAW_SENSITIVITY,,,20.0,0.9523809523809523,0.9523809523809523,5,B5+,0.0,0.0,0.0,0.0,17.5,21.0,27.5,93,False,,,,True,
2014,怀柔区,raw_snapshot,1.0,RAW_SENSITIVITY,,,20.0,0.9523809523809523,0.9523809523809523,1,B1,0.612742,0.5835638095238095,0.9523809523809523,1.0,3.5,5.0,5.5,93,False,,,,True,
2014,怀柔区,raw_snapshot,1.0,RAW_SENSITIVITY,,,20.0,0.9523809523809523,0.9523809523809523,2,B2,0.35572,0.33878095238095235,0.36881714285714284,0.387258,7.0,9.0,11.0,93,False,,,,True,
2014,怀柔区,raw_snapshot,1.0,RAW_SENSITIVITY,,,20.0,0.9523809523809523,0.9523809523809523,3,B3,0.031538,0.03003619047619047,0.03003619047619047,0.031538,10.5,13.0,16.5,93,False,,,,True,
2014,怀柔区,raw_snapshot,1.0,RAW_SENSITIVITY,,,20.0,0.9523809523809523,0.9523809523809523,4,B4,0.0,0.0,0.0,0.0,14.0,17.0,22.0,93,False,,,,True,
2014,怀柔区,raw_snapshot,1.0,RAW_SENSITIVITY,,,20.0,0.9523809523809523,0.9523809523809523,5,B5+,0.0,0.0,0.0,0.0,17.5,21.0,27.5,93,False,,,,True,
2015,怀柔区,raw_snapshot,1.0,RAW_SENSITIVITY,20.0,20.0,20.0,0.9523809523809523,0.9523809523809523,1,B1,0.612742,0.5835638095238095,0.9523809523809523,1.0,3.5,5.0,5.5,93,False,,,,False,
2015,怀柔区,raw_snapshot,1.0,RAW_SENSITIVITY,20.0,20.0,20.0,0.9523809523809523,0.9523809523809523,2,B2,0.35572,0.33878095238095235,0.36881714285714284,0.387258,7.0,9.0,11.0,93,False,,,,False,
2015,怀柔区,raw_snapshot,1.0,RAW_SENSITIVITY,20.0,20.0,20.0,0.9523809523809523,0.9523809523809523,3,B3,0.031538,0.03003619047619047,0.03003619047619047,0.031538,10.5,13.0,16.5,93,False,,,,False,
2015,怀柔区,raw_snapshot,1.0,RAW_SENSITIVITY,20.0,20.0,20.0,0.9523809523809523,0.9523809523809523,4,B4,0.0,0.0,0.0,0.0,14.0,17.0,22.0,93,False,,,,False,
2015,怀柔区,raw_snapshot,1.0,RAW_SENSITIVITY,20.0,20.0,20.0,0.9523809523809523,0.9523809523809523,5,B5+,0.0,0.0,0.0,0.0,17.5,21.0,27.5,93,False,,,,False,
2016,怀柔区,raw_snapshot,1.0,RAW_SENSITIVITY,,,20.2,0.9619047619047618,0.9619047619047618,1,B1,0.612742,0.5893994476190476,0.9619047619047618,1.0,3.5,5.0,5.5,93,False,,,,True,
2016,怀柔区,raw_snapshot,1.0,RAW_SENSITIVITY,,,20.2,0.9619047619047618,0.9619047619047618,2,B2,0.35572,0.34216876190476186,0.37250531428571426,0.387258,7.0,9.0,11.0,93,False,,,,True,
2016,怀柔区,raw_snapshot,1.0,RAW_SENSITIVITY,,,20.2,0.9619047619047618,0.9619047619047618,3,B3,0.031538,0.030336552380952377,0.030336552380952377,0.031538,10.5,13.0,16.5,93,False,,,,True,
2016,怀柔区,raw_snapshot,1.0,RAW_SENSITIVITY,,,20.2,0.9619047619047618,0.9619047619047618,4,B4,0.0,0.0,0.0,0.0,14.0,17.0,22.0,93,False,,,,True,
2016,怀柔区,raw_snapshot,1.0,RAW_SENSITIVITY,,,20.2,0.9619047619047618,0.9619047619047618,5,B5+,0.0,0.0,0.0,0.0,17.5,21.0,27.5,93,False,,,,True,
2017,怀柔区,raw_snapshot,1.0,RAW_SENSITIVITY,,,20.4,0.9714285714285713,0.9714285714285714,1,B1,0.612742,0.5952350857142857,0.9714285714285714,1.0,3.5,5.0,5.5,93,False,,,,True,
2017,怀柔区,raw_snapshot,1.0,RAW_SENSITIVITY,,,20.4,0.9714285714285713,0.9714285714285714,2,B2,0.35572,0.3455565714285714,0.3761934857142857,0.387258,7.0,9.0,11.0,93,False,,,,True,
2017,怀柔区,raw_snapshot,1.0,RAW_SENSITIVITY,,,20.4,0.9714285714285713,0.9714285714285714,3,B3,0.031538,0.030636914285714283,0.030636914285714283,0.031538,10.5,13.0,16.5,93,False,,,,True,
2017,怀柔区,raw_snapshot,1.0,RAW_SENSITIVITY,,,20.4,0.9714285714285713,0.9714285714285714,4,B4,0.0,0.0,0.0,0.0,14.0,17.0,22.0,93,False,,,,True,
2017,怀柔区,raw_snapshot,1.0,RAW_SENSITIVITY,,,20.4,0.9714285714285713,0.9714285714285714,5,B5+,0.0,0.0,0.0,0.0,17.5,21.0,27.5,93,False,,,,True,
2018,怀柔区,raw_snapshot,1.0,RAW_SENSITIVITY,,,20.6,0.980952380952381,0.9809523809523809,1,B1,0.612742,0.6010707238095238,0.9809523809523809,1.0,3.5,5.0,5.5,93,False,,,,True,
2018,怀柔区,raw_snapshot,1.0,RAW_SENSITIVITY,,,20.6,0.980952380952381,0.9809523809523809,2,B2,0.35572,0.3489443809523809,0.3798816571428571,0.387258,7.0,9.0,11.0,93,False,,,,True,
2018,怀柔区,raw_snapshot,1.0,RAW_SENSITIVITY,,,20.6,0.980952380952381,0.9809523809523809,3,B3,0.031538,0.030937276190476187,0.030937276190476187,0.031538,10.5,13.0,16.5,93,False,,,,True,
2018,怀柔区,raw_snapshot,1.0,RAW_SENSITIVITY,,,20.6,0.980952380952381,0.9809523809523809,4,B4,0.0,0.0,0.0,0.0,14.0,17.0,22.0,93,False,,,,True,
2018,怀柔区,raw_snapshot,1.0,RAW_SENSITIVITY,,,20.6,0.980952380952381,0.9809523809523809,5,B5+,0.0,0.0,0.0,0.0,17.5,21.0,27.5,93,False,,,,True,
2019,怀柔区,raw_snapshot,1.0,RAW_SENSITIVITY,,,20.8,0.9904761904761905,0.9904761904761905,1,B1,0.612742,0.6069063619047619,0.9904761904761905,1.0,3.5,5.0,5.5,93,False,,,,True,
2019,怀柔区,raw_snapshot,1.0,RAW_SENSITIVITY,,,20.8,0.9904761904761905,0.9904761904761905,2,B2,0.35572,0.35233219047619047,0.3835698285714286,0.387258,7.0,9.0,11.0,93,False,,,,True,
2019,怀柔区,raw_snapshot,1.0,RAW_SENSITIVITY,,,20.8,0.9904761904761905,0.9904761904761905,3,B3,0.031538,0.031237638095238093,0.031237638095238093,0.031538,10.5,13.0,16.5,93,False,,,,True,
2019,怀柔区,raw_snapshot,1.0,RAW_SENSITIVITY,,,20.8,0.9904761904761905,0.9904761904761905,4,B4,0.0,0.0,0.0,0.0,14.0,17.0,22.0,93,False,,,,True,
2019,怀柔区,raw_snapshot,1.0,RAW_SENSITIVITY,,,20.8,0.9904761904761905,0.9904761904761905,5,B5+,0.0,0.0,0.0,0.0,17.5,21.0,27.5,93,False,,,,True,
2020,怀柔区,raw_snapshot,1.0,RAW_SENSITIVITY,21.0,21.0,21.0,1.0,1.0,1,B1,0.612742,0.612742,1.0,1.0,3.5,5.0,5.5,93,False,,,,False,
2020,怀柔区,raw_snapshot,1.0,RAW_SENSITIVITY,21.0,21.0,21.0,1.0,1.0,2,B2,0.35572,0.35572,0.387258,0.387258,7.0,9.0,11.0,93,False,,,,False,
2020,怀柔区,raw_snapshot,1.0,RAW_SENSITIVITY,21.0,21.0,21.0,1.0,1.0,3,B3,0.031538,0.031538,0.031538,0.031538,10.5,13.0,16.5,93,False,,,,False,
2020,怀柔区,raw_snapshot,1.0,RAW_SENSITIVITY,21.0,21.0,21.0,1.0,1.0,4,B4,0.0,0.0,0.0,0.0,14.0,17.0,22.0,93,False,,,,False,
2020,怀柔区,raw_snapshot,1.0,RAW_SENSITIVITY,21.0,21.0,21.0,1.0,1.0,5,B5+,0.0,0.0,0.0,0.0,17.5,21.0,27.5,93,False,,,,False,
1980,房山区,raw_snapshot,1.0,RAW_SENSITIVITY,28.0,28.0,28.0,0.6829268292682927,0.6829268292682927,1,B1,0.508974,0.34759200000000007,0.6829268292682927,1.0,3.5,5.0,5.5,261,False,,,,False,
1980,房山区,raw_snapshot,1.0,RAW_SENSITIVITY,28.0,28.0,28.0,0.6829268292682927,0.6829268292682927,2,B2,0.392446,0.2680119024390244,0.3353348292682927,0.491026,7.0,9.0,11.0,261,False,,,,False,
1980,房山区,raw_snapshot,1.0,RAW_SENSITIVITY,28.0,28.0,28.0,0.6829268292682927,0.6829268292682927,3,B3,0.09858,0.0673229268292683,0.0673229268292683,0.09858,10.5,13.0,16.5,261,False,,,,False,
1980,房山区,raw_snapshot,1.0,RAW_SENSITIVITY,28.0,28.0,28.0,0.6829268292682927,0.6829268292682927,4,B4,0.0,0.0,0.0,0.0,14.0,17.0,22.0,261,False,,,,False,
1980,房山区,raw_snapshot,1.0,RAW_SENSITIVITY,28.0,28.0,28.0,0.6829268292682927,0.6829268292682927,5,B5+,0.0,0.0,0.0,0.0,17.5,21.0,27.5,261,False,,,,False,
1981,房山区,raw_snapshot,1.0,RAW_SENSITIVITY,,,27.5,0.6707317073170732,0.6707317073170732,1,B1,0.508974,0.34138500000000005,0.6707317073170732,1.0,3.5,5.0,5.5,261,False,,,,True,
1981,房山区,raw_snapshot,1.0,RAW_SENSITIVITY,,,27.5,0.6707317073170732,0.6707317073170732,2,B2,0.392446,0.26322597560975614,0.3293467073170732,0.491026,7.0,9.0,11.0,261,False,,,,True,
1981,房山区,raw_snapshot,1.0,RAW_SENSITIVITY,,,27.5,0.6707317073170732,0.6707317073170732,3,B3,0.09858,0.06612073170731708,0.06612073170731708,0.09858,10.5,13.0,16.5,261,False,,,,True,
1981,房山区,raw_snapshot,1.0,RAW_SENSITIVITY,,,27.5,0.6707317073170732,0.6707317073170732,4,B4,0.0,0.0,0.0,0.0,14.0,17.0,22.0,261,False,,,,True,
1981,房山区,raw_snapshot,1.0,RAW_SENSITIVITY,,,27.5,0.6707317073170732,0.6707317073170732,5,B5+,0.0,0.0,0.0,0.0,17.5,21.0,27.5,261,False,,,,True,
1982,房山区,raw_snapshot,1.0,RAW_SENSITIVITY,,,27.0,0.6585365853658537,0.6585365853658537,1,B1,0.508974,0.33517800000000003,0.6585365853658537,1.0,3.5,5.0,5.5,261,False,,,,True,
1982,房山区,raw_snapshot,1.0,RAW_SENSITIVITY,,,27.0,0.6585365853658537,0.6585365853658537,2,B2,0.392446,0.2584400487804878,0.3233585853658537,0.491026,7.0,9.0,11.0,261,False,,,,True,
1982,房山区,raw_snapshot,1.0,RAW_SENSITIVITY,,,27.0,0.6585365853658537,0.6585365853658537,3,B3,0.09858,0.06491853658536585,0.06491853658536585,0.09858,10.5,13.0,16.5,261,False,,,,True,
1982,房山区,raw_snapshot,1.0,RAW_SENSITIVITY,,,27.0,0.6585365853658537,0.6585365853658537,4,B4,0.0,0.0,0.0,0.0,14.0,17.0,22.0,261,False,,,,True,
1982,房山区,raw_snapshot,1.0,RAW_SENSITIVITY,,,27.0,0.6585365853658537,0.6585365853658537,5,B5+,0.0,0.0,0.0,0.0,17.5,21.0,27.5,261,False,,,,True,
1983,房山区,raw_snapshot,1.0,RAW_SENSITIVITY,,,26.5,0.6463414634146342,0.6463414634146342,1,B1,0.508974,0.328971,0.6463414634146342,1.0,3.5,5.0,5.5,261,False,,,,True,
1983,房山区,raw_snapshot,1.0,RAW_SENSITIVITY,,,26.5,0.6463414634146342,0.6463414634146342,2,B2,0.392446,0.25365412195121956,0.31737046341463415,0.491026,7.0,9.0,11.0,261,False,,,,True,
1983,房山区,raw_snapshot,1.0,RAW_SENSITIVITY,,,26.5,0.6463414634146342,0.6463414634146342,3,B3,0.09858,0.06371634146341464,0.06371634146341464,0.09858,10.5,13.0,16.5,261,False,,,,True,
1983,房山区,raw_snapshot,1.0,RAW_SENSITIVITY,,,26.5,0.6463414634146342,0.6463414634146342,4,B4,0.0,0.0,0.0,0.0,14.0,17.0,22.0,261,False,,,,True,
1983,房山区,raw_snapshot,1.0,RAW_SENSITIVITY,,,26.5,0.6463414634146342,0.6463414634146342,5,B5+,0.0,0.0,0.0,0.0,17.5,21.0,27.5,261,False,,,,True,
1984,房山区,raw_snapshot,1.0,RAW_SENSITIVITY,,,26.0,0.6341463414634146,0.6341463414634146,1,B1,0.508974,0.32276400000000005,0.6341463414634146,1.0,3.5,5.0,5.5,261,False,,,,True,
1984,房山区,raw_snapshot,1.0,RAW_SENSITIVITY,,,26.0,0.6341463414634146,0.6341463414634146,2,B2,0.392446,0.24886819512195124,0.31138234146341465,0.491026,7.0,9.0,11.0,261,False,,,,True,
1984,房山区,raw_snapshot,1.0,RAW_SENSITIVITY,,,26.0,0.6341463414634146,0.6341463414634146,3,B3,0.09858,0.06251414634146342,0.06251414634146342,0.09858,10.5,13.0,16.5,261,False,,,,True,
1984,房山区,raw_snapshot,1.0,RAW_SENSITIVITY,,,26.0,0.6341463414634146,0.6341463414634146,4,B4,0.0,0.0,0.0,0.0,14.0,17.0,22.0,261,False,,,,True,
1984,房山区,raw_snapshot,1.0,RAW_SENSITIVITY,,,26.0,0.6341463414634146,0.6341463414634146,5,B5+,0.0,0.0,0.0,0.0,17.5,21.0,27.5,261,False,,,,True,
1985,房山区,raw_snapshot,1.0,RAW_SENSITIVITY,,,25.5,0.6219512195121951,0.6219512195121952,1,B1,0.508974,0.3165570000000001,0.6219512195121952,1.0,3.5,5.0,5.5,261,False,,,,True,
1985,房山区,raw_snapshot,1.0,RAW_SENSITIVITY,,,25.5,0.6219512195121951,0.6219512195121952,2,B2,0.392446,0.24408226829268298,0.3053942195121952,0.491026,7.0,9.0,11.0,261,False,,,,True,
1985,房山区,raw_snapshot,1.0,RAW_SENSITIVITY,,,25.5,0.6219512195121951,0.6219512195121952,3,B3,0.09858,0.061311951219512204,0.061311951219512204,0.09858,10.5,13.0,16.5,261,False,,,,True,
1985,房山区,raw_snapshot,1.0,RAW_SENSITIVITY,,,25.5,0.6219512195121951,0.6219512195121952,4,B4,0.0,0.0,0.0,0.0,14.0,17.0,22.0,261,False,,,,True,
1985,房山区,raw_snapshot,1.0,RAW_SENSITIVITY,,,25.5,0.6219512195121951,0.6219512195121952,5,B5+,0.0,0.0,0.0,0.0,17.5,21.0,27.5,261,False,,,,True,
1986,房山区,raw_snapshot,1.0,RAW_SENSITIVITY,,,25.0,0.6097560975609756,0.6097560975609757,1,B1,0.508974,0.31035000000000007,0.6097560975609757,1.0,3.5,5.0,5.5,261,False,,,,True,
1986,房山区,raw_snapshot,1.0,RAW_SENSITIVITY,,,25.0,0.6097560975609756,0.6097560975609757,2,B2,0.392446,0.2392963414634147,0.2994060975609757,0.491026,7.0,9.0,11.0,261,False,,,,True,
1986,房山区,raw_snapshot,1.0,RAW_SENSITIVITY,,,25.0,0.6097560975609756,0.6097560975609757,3,B3,0.09858,0.06010975609756099,0.06010975609756099,0.09858,10.5,13.0,16.5,261,False,,,,True,
1986,房山区,raw_snapshot,1.0,RAW_SENSITIVITY,,,25.0,0.6097560975609756,0.6097560975609757,4,B4,0.0,0.0,0.0,0.0,14.0,17.0,22.0,261,False,,,,True,
1986,房山区,raw_snapshot,1.0,RAW_SENSITIVITY,,,25.0,0.6097560975609756,0.6097560975609757,5,B5+,0.0,0.0,0.0,0.0,17.5,21.0,27.5,261,False,,,,True,
1987,房山区,raw_snapshot,1.0,RAW_SENSITIVITY,,,24.5,0.5975609756097561,0.5975609756097562,1,B1,0.508974,0.30414300000000005,0.5975609756097562,1.0,3.5,5.0,5.5,261,False,,,,True,
1987,房山区,raw_snapshot,1.0,RAW_SENSITIVITY,,,24.5,0.5975609756097561,0.5975609756097562,2,B2,0.392446,0.23451041463414637,0.29341797560975613,0.491026,7.0,9.0,11.0,261,False,,,,True,
1987,房山区,raw_snapshot,1.0,RAW_SENSITIVITY,,,24.5,0.5975609756097561,0.5975609756097562,3,B3,0.09858,0.058907560975609764,0.058907560975609764,0.09858,10.5,13.0,16.5,261,False,,,,True,
1987,房山区,raw_snapshot,1.0,RAW_SENSITIVITY,,,24.5,0.5975609756097561,0.5975609756097562,4,B4,0.0,0.0,0.0,0.0,14.0,17.0,22.0,261,False,,,,True,
1987,房山区,raw_snapshot,1.0,RAW_SENSITIVITY,,,24.5,0.5975609756097561,0.5975609756097562,5,B5+,0.0,0.0,0.0,0.0,17.5,21.0,27.5,261,False,,,,True,
1988,房山区,raw_snapshot,1.0,RAW_SENSITIVITY,,,24.0,0.5853658536585366,0.5853658536585367,1,B1,0.508974,0.29793600000000003,0.5853658536585367,1.0,3.5,5.0,5.5,261,False,,,,True,
1988,房山区,raw_snapshot,1.0,RAW_SENSITIVITY,,,24.0,0.5853658536585366,0.5853658536585367,2,B2,0.392446,0.22972448780487809,0.2874298536585366,0.491026,7.0,9.0,11.0,261,False,,,,True,
1988,房山区,raw_snapshot,1.0,RAW_SENSITIVITY,,,24.0,0.5853658536585366,0.5853658536585367,3,B3,0.09858,0.05770536585365854,0.05770536585365854,0.09858,10.5,13.0,16.5,261,False,,,,True,
1988,房山区,raw_snapshot,1.0,RAW_SENSITIVITY,,,24.0,0.5853658536585366,0.5853658536585367,4,B4,0.0,0.0,0.0,0.0,14.0,17.0,22.0,261,False,,,,True,
1988,房山区,raw_snapshot,1.0,RAW_SENSITIVITY,,,24.0,0.5853658536585366,0.5853658536585367,5,B5+,0.0,0.0,0.0,0.0,17.5,21.0,27.5,261,False,,,,True,
1989,房山区,raw_snapshot,1.0,RAW_SENSITIVITY,,,23.5,0.573170731707317,0.5731707317073171,1,B1,0.508974,0.29172900000000007,0.5731707317073171,1.0,3.5,5.0,5.5,261,False,,,,True,
1989,房山区,raw_snapshot,1.0,RAW_SENSITIVITY,,,23.5,0.573170731707317,0.5731707317073171,2,B2,0.392446,0.2249385609756098,0.2814417317073171,0.491026,7.0,9.0,11.0,261,False,,,,True,
1989,房山区,raw_snapshot,1.0,RAW_SENSITIVITY,,,23.5,0.573170731707317,0.5731707317073171,3,B3,0.09858,0.056503170731707325,0.056503170731707325,0.09858,10.5,13.0,16.5,261,False,,,,True,
1989,房山区,raw_snapshot,1.0,RAW_SENSITIVITY,,,23.5,0.573170731707317,0.5731707317073171,4,B4,0.0,0.0,0.0,0.0,14.0,17.0,22.0,261,False,,,,True,
1989,房山区,raw_snapshot,1.0,RAW_SENSITIVITY,,,23.5,0.573170731707317,0.5731707317073171,5,B5+,0.0,0.0,0.0,0.0,17.5,21.0,27.5,261,False,,,,True,
1990,房山区,raw_snapshot,1.0,RAW_SENSITIVITY,23.0,28.0,23.0,0.5609756097560976,0.5609756097560976,1,B1,0.508974,0.28552200000000005,0.5609756097560976,1.0,3.5,5.0,5.5,261,False,,,,False,
1990,房山区,raw_snapshot,1.0,RAW_SENSITIVITY,23.0,28.0,23.0,0.5609756097560976,0.5609756097560976,2,B2,0.392446,0.22015263414634148,0.2754536097560976,0.491026,7.0,9.0,11.0,261,False,,,,False,
1990,房山区,raw_snapshot,1.0,RAW_SENSITIVITY,23.0,28.0,23.0,0.5609756097560976,0.5609756097560976,3,B3,0.09858,0.0553009756097561,0.0553009756097561,0.09858,10.5,13.0,16.5,261,False,,,,False,
1990,房山区,raw_snapshot,1.0,RAW_SENSITIVITY,23.0,28.0,23.0,0.5609756097560976,0.5609756097560976,4,B4,0.0,0.0,0.0,0.0,14.0,17.0,22.0,261,False,,,,False,
1990,房山区,raw_snapshot,1.0,RAW_SENSITIVITY,23.0,28.0,23.0,0.5609756097560976,0.5609756097560976,5,B5+,0.0,0.0,0.0,0.0,17.5,21.0,27.5,261,False,,,,False,
1991,房山区,raw_snapshot,1.0,RAW_SENSITIVITY,,,29.0,0.7073170731707317,0.7073170731707318,1,B1,0.508974,0.36000600000000005,0.7073170731707318,1.0,3.5,5.0,5.5,261,False,,,,True,
1991,房山区,raw_snapshot,1.0,RAW_SENSITIVITY,,,29.0,0.7073170731707317,0.7073170731707318,2,B2,0.392446,0.27758375609756103,0.34731107317073173,0.491026,7.0,9.0,11.0,261,False,,,,True,
1991,房山区,raw_snapshot,1.0,RAW_SENSITIVITY,,,29.0,0.7073170731707317,0.7073170731707318,3,B3,0.09858,0.06972731707317074,0.06972731707317074,0.09858,10.5,13.0,16.5,261,False,,,,True,
1991,房山区,raw_snapshot,1.0,RAW_SENSITIVITY,,,29.0,0.7073170731707317,0.7073170731707318,4,B4,0.0,0.0,0.0,0.0,14.0,17.0,22.0,261,False,,,,True,
1991,房山区,raw_snapshot,1.0,RAW_SENSITIVITY,,,29.0,0.7073170731707317,0.7073170731707318,5,B5+,0.0,0.0,0.0,0.0,17.5,21.0,27.5,261,False,,,,True,
1992,房山区,raw_snapshot,1.0,RAW_SENSITIVITY,,,35.0,0.8536585365853658,0.853658536585366,1,B1,0.508974,0.4344900000000001,0.853658536585366,1.0,3.5,5.0,5.5,261,False,,,,True,
1992,房山区,raw_snapshot,1.0,RAW_SENSITIVITY,,,35.0,0.8536585365853658,0.853658536585366,2,B2,0.392446,0.33501487804878055,0.4191685365853659,0.491026,7.0,9.0,11.0,261,False,,,,True,
1992,房山区,raw_snapshot,1.0,RAW_SENSITIVITY,,,35.0,0.8536585365853658,0.853658536585366,3,B3,0.09858,0.08415365853658538,0.08415365853658538,0.09858,10.5,13.0,16.5,261,False,,,,True,
1992,房山区,raw_snapshot,1.0,RAW_SENSITIVITY,,,35.0,0.8536585365853658,0.853658536585366,4,B4,0.0,0.0,0.0,0.0,14.0,17.0,22.0,261,False,,,,True,
1992,房山区,raw_snapshot,1.0,RAW_SENSITIVITY,,,35.0,0.8536585365853658,0.853658536585366,5,B5+,0.0,0.0,0.0,0.0,17.5,21.0,27.5,261,False,,,,True,
1993,房山区,raw_snapshot,1.0,RAW_SENSITIVITY,,,41.0,1.0,1.0,1,B1,0.508974,0.508974,1.0,1.0,3.5,5.0,5.5,261,False,,,,True,
1993,房山区,raw_snapshot,1.0,RAW_SENSITIVITY,,,41.0,1.0,1.0,2,B2,0.392446,0.392446,0.491026,0.491026,7.0,9.0,11.0,261,False,,,,True,
1993,房山区,raw_snapshot,1.0,RAW_SENSITIVITY,,,41.0,1.0,1.0,3,B3,0.09858,0.09858,0.09858,0.09858,10.5,13.0,16.5,261,False,,,,True,
1993,房山区,raw_snapshot,1.0,RAW_SENSITIVITY,,,41.0,1.0,1.0,4,B4,0.0,0.0,0.0,0.0,14.0,17.0,22.0,261,False,,,,True,
1993,房山区,raw_snapshot,1.0,RAW_SENSITIVITY,,,41.0,1.0,1.0,5,B5+,0.0,0.0,0.0,0.0,17.5,21.0,27.5,261,False,,,,True,
1994,房山区,raw_snapshot,1.0,RAW_SENSITIVITY,,,47.0,1.146341463414634,1.1463414634146343,1,B1,0.508974,0.5834580000000001,1.1463414634146343,1.0,3.5,5.0,5.5,261,False,,,,True,
1994,房山区,raw_snapshot,1.0,RAW_SENSITIVITY,,,47.0,1.146341463414634,1.1463414634146343,2,B2,0.392446,0.4498771219512196,0.5628834634146342,0.491026,7.0,9.0,11.0,261,False,,,,True,
1994,房山区,raw_snapshot,1.0,RAW_SENSITIVITY,,,47.0,1.146341463414634,1.1463414634146343,3,B3,0.09858,0.11300634146341465,0.11300634146341465,0.09858,10.5,13.0,16.5,261,False,,,,True,
1994,房山区,raw_snapshot,1.0,RAW_SENSITIVITY,,,47.0,1.146341463414634,1.1463414634146343,4,B4,0.0,0.0,0.0,0.0,14.0,17.0,22.0,261,False,,,,True,
1994,房山区,raw_snapshot,1.0,RAW_SENSITIVITY,,,47.0,1.146341463414634,1.1463414634146343,5,B5+,0.0,0.0,0.0,0.0,17.5,21.0,27.5,261,False,,,,True,
1995,房山区,raw_snapshot,1.0,RAW_SENSITIVITY,53.0,53.0,53.0,1.2926829268292683,1.2926829268292683,1,B1,0.508974,0.657942,1.2926829268292683,1.0,3.5,5.0,5.5,261,False,,,,False,
1995,房山区,raw_snapshot,1.0,RAW_SENSITIVITY,53.0,53.0,53.0,1.2926829268292683,1.2926829268292683,2,B2,0.392446,0.5073082439024391,0.6347409268292683,0.491026,7.0,9.0,11.0,261,False,,,,False,
1995,房山区,raw_snapshot,1.0,RAW_SENSITIVITY,53.0,53.0,53.0,1.2926829268292683,1.2926829268292683,3,B3,0.09858,0.12743268292682927,0.12743268292682927,0.09858,10.5,13.0,16.5,261,False,,,,False,
1995,房山区,raw_snapshot,1.0,RAW_SENSITIVITY,53.0,53.0,53.0,1.2926829268292683,1.2926829268292683,4,B4,0.0,0.0,0.0,0.0,14.0,17.0,22.0,261,False,,,,False,
1995,房山区,raw_snapshot,1.0,RAW_SENSITIVITY,53.0,53.0,53.0,1.2926829268292683,1.2926829268292683,5,B5+,0.0,0.0,0.0,0.0,17.5,21.0,27.5,261,False,,,,False,
1996,房山区,raw_snapshot,1.0,RAW_SENSITIVITY,,,52.2,1.273170731707317,1.273170731707317,1,B1,0.508974,0.6480108000000001,1.273170731707317,1.0,3.5,5.0,5.5,261,False,,,,True,
1996,房山区,raw_snapshot,1.0,RAW_SENSITIVITY,,,52.2,1.273170731707317,1.273170731707317,2,B2,0.392446,0.4996507609756098,0.6251599317073171,0.491026,7.0,9.0,11.0,261,False,,,,True,
1996,房山区,raw_snapshot,1.0,RAW_SENSITIVITY,,,52.2,1.273170731707317,1.273170731707317,3,B3,0.09858,0.1255091707317073,0.1255091707317073,0.09858,10.5,13.0,16.5,261,False,,,,True,
1996,房山区,raw_snapshot,1.0,RAW_SENSITIVITY,,,52.2,1.273170731707317,1.273170731707317,4,B4,0.0,0.0,0.0,0.0,14.0,17.0,22.0,261,False,,,,True,
1996,房山区,raw_snapshot,1.0,RAW_SENSITIVITY,,,52.2,1.273170731707317,1.273170731707317,5,B5+,0.0,0.0,0.0,0.0,17.5,21.0,27.5,261,False,,,,True,
1997,房山区,raw_snapshot,1.0,RAW_SENSITIVITY,,,51.4,1.2536585365853659,1.2536585365853659,1,B1,0.508974,0.6380796000000001,1.2536585365853659,1.0,3.5,5.0,5.5,261,False,,,,True,
1997,房山区,raw_snapshot,1.0,RAW_SENSITIVITY,,,51.4,1.2536585365853659,1.2536585365853659,2,B2,0.392446,0.4919932780487805,0.6155789365853659,0.491026,7.0,9.0,11.0,261,False,,,,True,
1997,房山区,raw_snapshot,1.0,RAW_SENSITIVITY,,,51.4,1.2536585365853659,1.2536585365853659,3,B3,0.09858,0.12358565853658536,0.12358565853658536,0.09858,10.5,13.0,16.5,261,False,,,,True,
1997,房山区,raw_snapshot,1.0,RAW_SENSITIVITY,,,51.4,1.2536585365853659,1.2536585365853659,4,B4,0.0,0.0,0.0,0.0,14.0,17.0,22.0,261,False,,,,True,
1997,房山区,raw_snapshot,1.0,RAW_SENSITIVITY,,,51.4,1.2536585365853659,1.2536585365853659,5,B5+,0.0,0.0,0.0,0.0,17.5,21.0,27.5,261,False,,,,True,
1998,房山区,raw_snapshot,1.0,RAW_SENSITIVITY,,,50.6,1.2341463414634146,1.2341463414634146,1,B1,0.508974,0.6281484,1.2341463414634146,1.0,3.5,5.0,5.5,261,False,,,,True,
1998,房山区,raw_snapshot,1.0,RAW_SENSITIVITY,,,50.6,1.2341463414634146,1.2341463414634146,2,B2,0.392446,0.48433579512195124,0.6059979414634147,0.491026,7.0,9.0,11.0,261,False,,,,True,
1998,房山区,raw_snapshot,1.0,RAW_SENSITIVITY,,,50.6,1.2341463414634146,1.2341463414634146,3,B3,0.09858,0.12166214634146341,0.12166214634146341,0.09858,10.5,13.0,16.5,261,False,,,,True,
1998,房山区,raw_snapshot,1.0,RAW_SENSITIVITY,,,50.6,1.2341463414634146,1.2341463414634146,4,B4,0.0,0.0,0.0,0.0,14.0,17.0,22.0,261,False,,,,True,
1998,房山区,raw_snapshot,1.0,RAW_SENSITIVITY,,,50.6,1.2341463414634146,1.2341463414634146,5,B5+,0.0,0.0,0.0,0.0,17.5,21.0,27.5,261,False,,,,True,
1999,房山区,raw_snapshot,1.0,RAW_SENSITIVITY,,,49.8,1.2146341463414634,1.2146341463414634,1,B1,0.508974,0.6182172,1.2146341463414634,1.0,3.5,5.0,5.5,261,False,,,,True,
1999,房山区,raw_snapshot,1.0,RAW_SENSITIVITY,,,49.8,1.2146341463414634,1.2146341463414634,2,B2,0.392446,0.47667831219512197,0.5964169463414635,0.491026,7.0,9.0,11.0,261,False,,,,True,
1999,房山区,raw_snapshot,1.0,RAW_SENSITIVITY,,,49.8,1.2146341463414634,1.2146341463414634,3,B3,0.09858,0.11973863414634146,0.11973863414634146,0.09858,10.5,13.0,16.5,261,False,,,,True,
1999,房山区,raw_snapshot,1.0,RAW_SENSITIVITY,,,49.8,1.2146341463414634,1.2146341463414634,4,B4,0.0,0.0,0.0,0.0,14.0,17.0,22.0,261,False,,,,True,
1999,房山区,raw_snapshot,1.0,RAW_SENSITIVITY,,,49.8,1.2146341463414634,1.2146341463414634,5,B5+,0.0,0.0,0.0,0.0,17.5,21.0,27.5,261,False,,,,True,
2000,房山区,raw_snapshot,1.0,RAW_SENSITIVITY,49.0,53.0,49.0,1.1951219512195121,1.1951219512195121,1,B1,0.508974,0.608286,1.1951219512195121,1.0,3.5,5.0,5.5,261,False,,,,False,
2000,房山区,raw_snapshot,1.0,RAW_SENSITIVITY,49.0,53.0,49.0,1.1951219512195121,1.1951219512195121,2,B2,0.392446,0.4690208292682927,0.5868359512195122,0.491026,7.0,9.0,11.0,261,False,,,,False,
2000,房山区,raw_snapshot,1.0,RAW_SENSITIVITY,49.0,53.0,49.0,1.1951219512195121,1.1951219512195121,3,B3,0.09858,0.11781512195121951,0.11781512195121951,0.09858,10.5,13.0,16.5,261,False,,,,False,
2000,房山区,raw_snapshot,1.0,RAW_SENSITIVITY,49.0,53.0,49.0,1.1951219512195121,1.1951219512195121,4,B4,0.0,0.0,0.0,0.0,14.0,17.0,22.0,261,False,,,,False,
2000,房山区,raw_snapshot,1.0,RAW_SENSITIVITY,49.0,53.0,49.0,1.1951219512195121,1.1951219512195121,5,B5+,0.0,0.0,0.0,0.0,17.5,21.0,27.5,261,False,,,,False,
2001,房山区,raw_snapshot,1.0,RAW_SENSITIVITY,,,51.6,1.2585365853658537,1.2585365853658537,1,B1,0.508974,0.6405624000000001,1.2585365853658537,1.0,3.5,5.0,5.5,261,False,,,,True,
2001,房山区,raw_snapshot,1.0,RAW_SENSITIVITY,,,51.6,1.2585365853658537,1.2585365853658537,2,B2,0.392446,0.4939076487804878,0.6179741853658537,0.491026,7.0,9.0,11.0,261,False,,,,True,
2001,房山区,raw_snapshot,1.0,RAW_SENSITIVITY,,,51.6,1.2585365853658537,1.2585365853658537,3,B3,0.09858,0.12406653658536586,0.12406653658536586,0.09858,10.5,13.0,16.5,261,False,,,,True,
2001,房山区,raw_snapshot,1.0,RAW_SENSITIVITY,,,51.6,1.2585365853658537,1.2585365853658537,4,B4,0.0,0.0,0.0,0.0,14.0,17.0,22.0,261,False,,,,True,
2001,房山区,raw_snapshot,1.0,RAW_SENSITIVITY,,,51.6,1.2585365853658537,1.2585365853658537,5,B5+,0.0,0.0,0.0,0.0,17.5,21.0,27.5,261,False,,,,True,
2002,房山区,raw_snapshot,1.0,RAW_SENSITIVITY,,,54.2,1.3219512195121952,1.3219512195121952,1,B1,0.508974,0.6728388000000001,1.3219512195121952,1.0,3.5,5.0,5.5,261,False,,,,True,
2002,房山区,raw_snapshot,1.0,RAW_SENSITIVITY,,,54.2,1.3219512195121952,1.3219512195121952,2,B2,0.392446,0.5187944682926829,0.6491124195121952,0.491026,7.0,9.0,11.0,261,False,,,,True,
2002,房山区,raw_snapshot,1.0,RAW_SENSITIVITY,,,54.2,1.3219512195121952,1.3219512195121952,3,B3,0.09858,0.1303179512195122,0.1303179512195122,0.09858,10.5,13.0,16.5,261,False,,,,True,
2002,房山区,raw_snapshot,1.0,RAW_SENSITIVITY,,,54.2,1.3219512195121952,1.3219512195121952,4,B4,0.0,0.0,0.0,0.0,14.0,17.0,22.0,261,False,,,,True,
2002,房山区,raw_snapshot,1.0,RAW_SENSITIVITY,,,54.2,1.3219512195121952,1.3219512195121952,5,B5+,0.0,0.0,0.0,0.0,17.5,21.0,27.5,261,False,,,,True,
2003,房山区,raw_snapshot,1.0,RAW_SENSITIVITY,,,56.8,1.3853658536585365,1.3853658536585365,1,B1,0.508974,0.7051152,1.3853658536585365,1.0,3.5,5.0,5.5,261,False,,,,True,
2003,房山区,raw_snapshot,1.0,RAW_SENSITIVITY,,,56.8,1.3853658536585365,1.3853658536585365,2,B2,0.392446,0.543681287804878,0.6802506536585365,0.491026,7.0,9.0,11.0,261,False,,,,True,
2003,房山区,raw_snapshot,1.0,RAW_SENSITIVITY,,,56.8,1.3853658536585365,1.3853658536585365,3,B3,0.09858,0.13656936585365853,0.13656936585365853,0.09858,10.5,13.0,16.5,261,False,,,,True,
2003,房山区,raw_snapshot,1.0,RAW_SENSITIVITY,,,56.8,1.3853658536585365,1.3853658536585365,4,B4,0.0,0.0,0.0,0.0,14.0,17.0,22.0,261,False,,,,True,
2003,房山区,raw_snapshot,1.0,RAW_SENSITIVITY,,,56.8,1.3853658536585365,1.3853658536585365,5,B5+,0.0,0.0,0.0,0.0,17.5,21.0,27.5,261,False,,,,True,
2004,房山区,raw_snapshot,1.0,RAW_SENSITIVITY,,,59.4,1.448780487804878,1.448780487804878,1,B1,0.508974,0.7373916,1.448780487804878,1.0,3.5,5.0,5.5,261,False,,,,True,
2004,房山区,raw_snapshot,1.0,RAW_SENSITIVITY,,,59.4,1.448780487804878,1.448780487804878,2,B2,0.392446,0.5685681073170732,0.7113888878048781,0.491026,7.0,9.0,11.0,261,False,,,,True,
2004,房山区,raw_snapshot,1.0,RAW_SENSITIVITY,,,59.4,1.448780487804878,1.448780487804878,3,B3,0.09858,0.1428207804878049,0.1428207804878049,0.09858,10.5,13.0,16.5,261,False,,,,True,
2004,房山区,raw_snapshot,1.0,RAW_SENSITIVITY,,,59.4,1.448780487804878,1.448780487804878,4,B4,0.0,0.0,0.0,0.0,14.0,17.0,22.0,261,False,,,,True,
2004,房山区,raw_snapshot,1.0,RAW_SENSITIVITY,,,59.4,1.448780487804878,1.448780487804878,5,B5+,0.0,0.0,0.0,0.0,17.5,21.0,27.5,261,False,,,,True,
2005,房山区,raw_snapshot,1.0,RAW_SENSITIVITY,62.0,62.0,62.0,1.5121951219512195,1.5121951219512195,1,B1,0.508974,0.769668,1.5121951219512195,1.0,3.5,5.0,5.5,261,False,,,,False,
2005,房山区,raw_snapshot,1.0,RAW_SENSITIVITY,62.0,62.0,62.0,1.5121951219512195,1.5121951219512195,2,B2,0.392446,0.5934549268292684,0.7425271219512195,0.491026,7.0,9.0,11.0,261,False,,,,False,
2005,房山区,raw_snapshot,1.0,RAW_SENSITIVITY,62.0,62.0,62.0,1.5121951219512195,1.5121951219512195,3,B3,0.09858,0.14907219512195122,0.14907219512195122,0.09858,10.5,13.0,16.5,261,False,,,,False,
2005,房山区,raw_snapshot,1.0,RAW_SENSITIVITY,62.0,62.0,62.0,1.5121951219512195,1.5121951219512195,4,B4,0.0,0.0,0.0,0.0,14.0,17.0,22.0,261,False,,,,False,
2005,房山区,raw_snapshot,1.0,RAW_SENSITIVITY,62.0,62.0,62.0,1.5121951219512195,1.5121951219512195,5,B5+,0.0,0.0,0.0,0.0,17.5,21.0,27.5,261,False,,,,False,
2006,房山区,raw_snapshot,1.0,RAW_SENSITIVITY,,,64.6,1.5756097560975608,1.575609756097561,1,B1,0.508974,0.8019444000000001,1.575609756097561,1.0,3.5,5.0,5.5,261,False,,,,True,
2006,房山区,raw_snapshot,1.0,RAW_SENSITIVITY,,,64.6,1.5756097560975608,1.575609756097561,2,B2,0.392446,0.6183417463414634,0.773665356097561,0.491026,7.0,9.0,11.0,261,False,,,,True,
2006,房山区,raw_snapshot,1.0,RAW_SENSITIVITY,,,64.6,1.5756097560975608,1.575609756097561,3,B3,0.09858,0.15532360975609757,0.15532360975609757,0.09858,10.5,13.0,16.5,261,False,,,,True,
2006,房山区,raw_snapshot,1.0,RAW_SENSITIVITY,,,64.6,1.5756097560975608,1.575609756097561,4,B4,0.0,0.0,0.0,0.0,14.0,17.0,22.0,261,False,,,,True,
2006,房山区,raw_snapshot,1.0,RAW_SENSITIVITY,,,64.6,1.5756097560975608,1.575609756097561,5,B5+,0.0,0.0,0.0,0.0,17.5,21.0,27.5,261,False,,,,True,
2007,房山区,raw_snapshot,1.0,RAW_SENSITIVITY,,,67.2,1.6390243902439026,1.6390243902439026,1,B1,0.508974,0.8342208000000001,1.6390243902439026,1.0,3.5,5.0,5.5,261,False,,,,True,
2007,房山区,raw_snapshot,1.0,RAW_SENSITIVITY,,,67.2,1.6390243902439026,1.6390243902439026,2,B2,0.392446,0.6432285658536586,0.8048035902439026,0.491026,7.0,9.0,11.0,261,False,,,,True,
2007,房山区,raw_snapshot,1.0,RAW_SENSITIVITY,,,67.2,1.6390243902439026,1.6390243902439026,3,B3,0.09858,0.1615750243902439,0.1615750243902439,0.09858,10.5,13.0,16.5,261,False,,,,True,
2007,房山区,raw_snapshot,1.0,RAW_SENSITIVITY,,,67.2,1.6390243902439026,1.6390243902439026,4,B4,0.0,0.0,0.0,0.0,14.0,17.0,22.0,261,False,,,,True,
2007,房山区,raw_snapshot,1.0,RAW_SENSITIVITY,,,67.2,1.6390243902439026,1.6390243902439026,5,B5+,0.0,0.0,0.0,0.0,17.5,21.0,27.5,261,False,,,,True,
2008,房山区,raw_snapshot,1.0,RAW_SENSITIVITY,,,69.8,1.7024390243902439,1.7024390243902439,1,B1,0.508974,0.8664972000000001,1.7024390243902439,1.0,3.5,5.0,5.5,261,False,,,,True,
2008,房山区,raw_snapshot,1.0,RAW_SENSITIVITY,,,69.8,1.7024390243902439,1.7024390243902439,2,B2,0.392446,0.6681153853658537,0.8359418243902439,0.491026,7.0,9.0,11.0,261,False,,,,True,
2008,房山区,raw_snapshot,1.0,RAW_SENSITIVITY,,,69.8,1.7024390243902439,1.7024390243902439,3,B3,0.09858,0.16782643902439023,0.16782643902439023,0.09858,10.5,13.0,16.5,261,False,,,,True,
2008,房山区,raw_snapshot,1.0,RAW_SENSITIVITY,,,69.8,1.7024390243902439,1.7024390243902439,4,B4,0.0,0.0,0.0,0.0,14.0,17.0,22.0,261,False,,,,True,
2008,房山区,raw_snapshot,1.0,RAW_SENSITIVITY,,,69.8,1.7024390243902439,1.7024390243902439,5,B5+,0.0,0.0,0.0,0.0,17.5,21.0,27.5,261,False,,,,True,
2009,房山区,raw_snapshot,1.0,RAW_SENSITIVITY,,,72.4,1.7658536585365856,1.7658536585365854,1,B1,0.508974,0.8987736000000001,1.7658536585365854,1.0,3.5,5.0,5.5,261,False,,,,True,
2009,房山区,raw_snapshot,1.0,RAW_SENSITIVITY,,,72.4,1.7658536585365856,1.7658536585365854,2,B2,0.392446,0.6930022048780489,0.8670800585365854,0.491026,7.0,9.0,11.0,261,False,,,,True,
2009,房山区,raw_snapshot,1.0,RAW_SENSITIVITY,,,72.4,1.7658536585365856,1.7658536585365854,3,B3,0.09858,0.1740778536585366,0.1740778536585366,0.09858,10.5,13.0,16.5,261,False,,,,True,
2009,房山区,raw_snapshot,1.0,RAW_SENSITIVITY,,,72.4,1.7658536585365856,1.7658536585365854,4,B4,0.0,0.0,0.0,0.0,14.0,17.0,22.0,261,False,,,,True,
2009,房山区,raw_snapshot,1.0,RAW_SENSITIVITY,,,72.4,1.7658536585365856,1.7658536585365854,5,B5+,0.0,0.0,0.0,0.0,17.5,21.0,27.5,261,False,,,,True,
2010,房山区,raw_snapshot,1.0,RAW_SENSITIVITY,75.0,75.0,75.0,1.829268292682927,1.829268292682927,1,B1,0.508974,0.9310500000000002,1.829268292682927,1.0,3.5,5.0,5.5,261,False,,,,False,
2010,房山区,raw_snapshot,1.0,RAW_SENSITIVITY,75.0,75.0,75.0,1.829268292682927,1.829268292682927,2,B2,0.392446,0.7178890243902439,0.8982182926829269,0.491026,7.0,9.0,11.0,261,False,,,,False,
2010,房山区,raw_snapshot,1.0,RAW_SENSITIVITY,75.0,75.0,75.0,1.829268292682927,1.829268292682927,3,B3,0.09858,0.18032926829268295,0.18032926829268295,0.09858,10.5,13.0,16.5,261,False,,,,False,
2010,房山区,raw_snapshot,1.0,RAW_SENSITIVITY,75.0,75.0,75.0,1.829268292682927,1.829268292682927,4,B4,0.0,0.0,0.0,0.0,14.0,17.0,22.0,261,False,,,,False,
2010,房山区,raw_snapshot,1.0,RAW_SENSITIVITY,75.0,75.0,75.0,1.829268292682927,1.829268292682927,5,B5+,0.0,0.0,0.0,0.0,17.5,21.0,27.5,261,False,,,,False,
2011,房山区,raw_snapshot,1.0,RAW_SENSITIVITY,,,75.2,1.8341463414634147,1.8341463414634147,1,B1,0.508974,0.9335328,1.8341463414634147,1.0,3.5,5.0,5.5,261,False,,,,True,
2011,房山区,raw_snapshot,1.0,RAW_SENSITIVITY,,,75.2,1.8341463414634147,1.8341463414634147,2,B2,0.392446,0.7198033951219512,0.9006135414634147,0.491026,7.0,9.0,11.0,261,False,,,,True,
2011,房山区,raw_snapshot,1.0,RAW_SENSITIVITY,,,75.2,1.8341463414634147,1.8341463414634147,3,B3,0.09858,0.18081014634146342,0.18081014634146342,0.09858,10.5,13.0,16.5,261,False,,,,True,
2011,房山区,raw_snapshot,1.0,RAW_SENSITIVITY,,,75.2,1.8341463414634147,1.8341463414634147,4,B4,0.0,0.0,0.0,0.0,14.0,17.0,22.0,261,False,,,,True,
2011,房山区,raw_snapshot,1.0,RAW_SENSITIVITY,,,75.2,1.8341463414634147,1.8341463414634147,5,B5+,0.0,0.0,0.0,0.0,17.5,21.0,27.5,261,False,,,,True,
2012,房山区,raw_snapshot,1.0,RAW_SENSITIVITY,,,75.4,1.8390243902439025,1.8390243902439025,1,B1,0.508974,0.9360156000000001,1.8390243902439025,1.0,3.5,5.0,5.5,261,False,,,,True,
2012,房山区,raw_snapshot,1.0,RAW_SENSITIVITY,,,75.4,1.8390243902439025,1.8390243902439025,2,B2,0.392446,0.7217177658536585,0.9030087902439025,0.491026,7.0,9.0,11.0,261,False,,,,True,
2012,房山区,raw_snapshot,1.0,RAW_SENSITIVITY,,,75.4,1.8390243902439025,1.8390243902439025,3,B3,0.09858,0.18129102439024392,0.18129102439024392,0.09858,10.5,13.0,16.5,261,False,,,,True,
2012,房山区,raw_snapshot,1.0,RAW_SENSITIVITY,,,75.4,1.8390243902439025,1.8390243902439025,4,B4,0.0,0.0,0.0,0.0,14.0,17.0,22.0,261,False,,,,True,
2012,房山区,raw_snapshot,1.0,RAW_SENSITIVITY,,,75.4,1.8390243902439025,1.8390243902439025,5,B5+,0.0,0.0,0.0,0.0,17.5,21.0,27.5,261,False,,,,True,
2013,房山区,raw_snapshot,1.0,RAW_SENSITIVITY,,,75.6,1.84390243902439,1.8439024390243903,1,B1,0.508974,0.9384984000000001,1.8439024390243903,1.0,3.5,5.0,5.5,261,False,,,,True,
2013,房山区,raw_snapshot,1.0,RAW_SENSITIVITY,,,75.6,1.84390243902439,1.8439024390243903,2,B2,0.392446,0.723632136585366,0.9054040390243904,0.491026,7.0,9.0,11.0,261,False,,,,True,
2013,房山区,raw_snapshot,1.0,RAW_SENSITIVITY,,,75.6,1.84390243902439,1.8439024390243903,3,B3,0.09858,0.1817719024390244,0.1817719024390244,0.09858,10.5,13.0,16.5,261,False,,,,True,
2013,房山区,raw_snapshot,1.0,RAW_SENSITIVITY,,,75.6,1.84390243902439,1.8439024390243903,4,B4,0.0,0.0,0.0,0.0,14.0,17.0,22.0,261,False,,,,True,
2013,房山区,raw_snapshot,1.0,RAW_SENSITIVITY,,,75.6,1.84390243902439,1.8439024390243903,5,B5+,0.0,0.0,0.0,0.0,17.5,21.0,27.5,261,False,,,,True,
2014,房山区,raw_snapshot,1.0,RAW_SENSITIVITY,,,75.8,1.848780487804878,1.8487804878048781,1,B1,0.508974,0.9409812000000001,1.8487804878048781,1.0,3.5,5.0,5.5,261,False,,,,True,
2014,房山区,raw_snapshot,1.0,RAW_SENSITIVITY,,,75.8,1.848780487804878,1.8487804878048781,2,B2,0.392446,0.7255465073170733,0.9077992878048782,0.491026,7.0,9.0,11.0,261,False,,,,True,
2014,房山区,raw_snapshot,1.0,RAW_SENSITIVITY,,,75.8,1.848780487804878,1.8487804878048781,3,B3,0.09858,0.18225278048780488,0.18225278048780488,0.09858,10.5,13.0,16.5,261,False,,,,True,
2014,房山区,raw_snapshot,1.0,RAW_SENSITIVITY,,,75.8,1.848780487804878,1.8487804878048781,4,B4,0.0,0.0,0.0,0.0,14.0,17.0,22.0,261,False,,,,True,
2014,房山区,raw_snapshot,1.0,RAW_SENSITIVITY,,,75.8,1.848780487804878,1.8487804878048781,5,B5+,0.0,0.0,0.0,0.0,17.5,21.0,27.5,261,False,,,,True,
2015,房山区,raw_snapshot,1.0,RAW_SENSITIVITY,76.0,76.0,76.0,1.853658536585366,1.853658536585366,1,B1,0.508974,0.9434640000000001,1.853658536585366,1.0,3.5,5.0,5.5,261,False,,,,False,
2015,房山区,raw_snapshot,1.0,RAW_SENSITIVITY,76.0,76.0,76.0,1.853658536585366,1.853658536585366,2,B2,0.392446,0.7274608780487806,0.910194536585366,0.491026,7.0,9.0,11.0,261,False,,,,False,
2015,房山区,raw_snapshot,1.0,RAW_SENSITIVITY,76.0,76.0,76.0,1.853658536585366,1.853658536585366,3,B3,0.09858,0.18273365853658538,0.18273365853658538,0.09858,10.5,13.0,16.5,261,False,,,,False,
2015,房山区,raw_snapshot,1.0,RAW_SENSITIVITY,76.0,76.0,76.0,1.853658536585366,1.853658536585366,4,B4,0.0,0.0,0.0,0.0,14.0,17.0,22.0,261,False,,,,False,
2015,房山区,raw_snapshot,1.0,RAW_SENSITIVITY,76.0,76.0,76.0,1.853658536585366,1.853658536585366,5,B5+,0.0,0.0,0.0,0.0,17.5,21.0,27.5,261,False,,,,False,
2016,房山区,raw_snapshot,1.0,RAW_SENSITIVITY,,,69.0,1.6829268292682926,1.6829268292682928,1,B1,0.508974,0.8565660000000002,1.6829268292682928,1.0,3.5,5.0,5.5,261,False,,,,True,
2016,房山区,raw_snapshot,1.0,RAW_SENSITIVITY,,,69.0,1.6829268292682926,1.6829268292682928,2,B2,0.392446,0.6604579024390245,0.8263608292682928,0.491026,7.0,9.0,11.0,261,False,,,,True,
2016,房山区,raw_snapshot,1.0,RAW_SENSITIVITY,,,69.0,1.6829268292682926,1.6829268292682928,3,B3,0.09858,0.1659029268292683,0.1659029268292683,0.09858,10.5,13.0,16.5,261,False,,,,True,
2016,房山区,raw_snapshot,1.0,RAW_SENSITIVITY,,,69.0,1.6829268292682926,1.6829268292682928,4,B4,0.0,0.0,0.0,0.0,14.0,17.0,22.0,261,False,,,,True,
2016,房山区,raw_snapshot,1.0,RAW_SENSITIVITY,,,69.0,1.6829268292682926,1.6829268292682928,5,B5+,0.0,0.0,0.0,0.0,17.5,21.0,27.5,261,False,,,,True,
2017,房山区,raw_snapshot,1.0,RAW_SENSITIVITY,,,62.0,1.5121951219512195,1.5121951219512195,1,B1,0.508974,0.769668,1.5121951219512195,1.0,3.5,5.0,5.5,261,False,,,,True,
2017,房山区,raw_snapshot,1.0,RAW_SENSITIVITY,,,62.0,1.5121951219512195,1.5121951219512195,2,B2,0.392446,0.5934549268292684,0.7425271219512195,0.491026,7.0,9.0,11.0,261,False,,,,True,
2017,房山区,raw_snapshot,1.0,RAW_SENSITIVITY,,,62.0,1.5121951219512195,1.5121951219512195,3,B3,0.09858,0.14907219512195122,0.14907219512195122,0.09858,10.5,13.0,16.5,261,False,,,,True,
2017,房山区,raw_snapshot,1.0,RAW_SENSITIVITY,,,62.0,1.5121951219512195,1.5121951219512195,4,B4,0.0,0.0,0.0,0.0,14.0,17.0,22.0,261,False,,,,True,
2017,房山区,raw_snapshot,1.0,RAW_SENSITIVITY,,,62.0,1.5121951219512195,1.5121951219512195,5,B5+,0.0,0.0,0.0,0.0,17.5,21.0,27.5,261,False,,,,True,
2018,房山区,raw_snapshot,1.0,RAW_SENSITIVITY,,,55.0,1.3414634146341464,1.3414634146341464,1,B1,0.508974,0.6827700000000001,1.3414634146341464,1.0,3.5,5.0,5.5,261,False,,,,True,
2018,房山区,raw_snapshot,1.0,RAW_SENSITIVITY,,,55.0,1.3414634146341464,1.3414634146341464,2,B2,0.392446,0.5264519512195123,0.6586934146341464,0.491026,7.0,9.0,11.0,261,False,,,,True,
2018,房山区,raw_snapshot,1.0,RAW_SENSITIVITY,,,55.0,1.3414634146341464,1.3414634146341464,3,B3,0.09858,0.13224146341463416,0.13224146341463416,0.09858,10.5,13.0,16.5,261,False,,,,True,
2018,房山区,raw_snapshot,1.0,RAW_SENSITIVITY,,,55.0,1.3414634146341464,1.3414634146341464,4,B4,0.0,0.0,0.0,0.0,14.0,17.0,22.0,261,False,,,,True,
2018,房山区,raw_snapshot,1.0,RAW_SENSITIVITY,,,55.0,1.3414634146341464,1.3414634146341464,5,B5+,0.0,0.0,0.0,0.0,17.5,21.0,27.5,261,False,,,,True,
2019,房山区,raw_snapshot,1.0,RAW_SENSITIVITY,,,48.0,1.170731707317073,1.170731707317073,1,B1,0.508974,0.595872,1.170731707317073,1.0,3.5,5.0,5.5,261,False,,,,True,
2019,房山区,raw_snapshot,1.0,RAW_SENSITIVITY,,,48.0,1.170731707317073,1.170731707317073,2,B2,0.392446,0.4594489756097561,0.5748597073170731,0.491026,7.0,9.0,11.0,261,False,,,,True,
2019,房山区,raw_snapshot,1.0,RAW_SENSITIVITY,,,48.0,1.170731707317073,1.170731707317073,3,B3,0.09858,0.11541073170731707,0.11541073170731707,0.09858,10.5,13.0,16.5,261,False,,,,True,
2019,房山区,raw_snapshot,1.0,RAW_SENSITIVITY,,,48.0,1.170731707317073,1.170731707317073,4,B4,0.0,0.0,0.0,0.0,14.0,17.0,22.0,261,False,,,,True,
2019,房山区,raw_snapshot,1.0,RAW_SENSITIVITY,,,48.0,1.170731707317073,1.170731707317073,5,B5+,0.0,0.0,0.0,0.0,17.5,21.0,27.5,261,False,,,,True,
2020,房山区,raw_snapshot,1.0,RAW_SENSITIVITY,41.0,76.0,41.0,1.0,1.0,1,B1,0.508974,0.508974,1.0,1.0,3.5,5.0,5.5,261,False,,,,False,
2020,房山区,raw_snapshot,1.0,RAW_SENSITIVITY,41.0,76.0,41.0,1.0,1.0,2,B2,0.392446,0.392446,0.491026,0.491026,7.0,9.0,11.0,261,False,,,,False,
2020,房山区,raw_snapshot,1.0,RAW_SENSITIVITY,41.0,76.0,41.0,1.0,1.0,3,B3,0.09858,0.09858,0.09858,0.09858,10.5,13.0,16.5,261,False,,,,False,
2020,房山区,raw_snapshot,1.0,RAW_SENSITIVITY,41.0,76.0,41.0,1.0,1.0,4,B4,0.0,0.0,0.0,0.0,14.0,17.0,22.0,261,False,,,,False,
2020,房山区,raw_snapshot,1.0,RAW_SENSITIVITY,41.0,76.0,41.0,1.0,1.0,5,B5+,0.0,0.0,0.0,0.0,17.5,21.0,27.5,261,False,,,,False,
1980,昌平区,raw_snapshot,1.0,RAW_SENSITIVITY,14.0,14.0,14.0,0.10218978102189781,0.10218978102189781,1,B1,0.634569,0.06484646715328468,0.10218988321167885,1.0000010000000001,3.5,5.0,5.5,475,False,,,,False,
1980,昌平区,raw_snapshot,1.0,RAW_SENSITIVITY,14.0,14.0,14.0,0.10218978102189781,0.10218978102189781,2,B2,0.322011,0.03290623357664234,0.03734341605839416,0.365432,7.0,9.0,11.0,475,False,,,,False,
1980,昌平区,raw_snapshot,1.0,RAW_SENSITIVITY,14.0,14.0,14.0,0.10218978102189781,0.10218978102189781,3,B3,0.042129,0.004305153284671533,0.004437182481751825,0.043421,10.5,13.0,16.5,475,False,,,,False,
1980,昌平区,raw_snapshot,1.0,RAW_SENSITIVITY,14.0,14.0,14.0,0.10218978102189781,0.10218978102189781,4,B4,0.001292,0.00013202919708029198,0.00013202919708029198,0.001292,14.0,17.0,22.0,475,False,,,,False,
1980,昌平区,raw_snapshot,1.0,RAW_SENSITIVITY,14.0,14.0,14.0,0.10218978102189781,0.10218978102189781,5,B5+,0.0,0.0,0.0,0.0,17.5,21.0,27.5,475,False,,,,False,
1981,昌平区,raw_snapshot,1.0,RAW_SENSITIVITY,,,14.1,0.10291970802919707,0.10291970802919709,1,B1,0.634569,0.06530965620437958,0.10291981094890514,1.0000010000000001,3.5,5.0,5.5,475,False,,,,True,
1981,昌平区,raw_snapshot,1.0,RAW_SENSITIVITY,,,14.1,0.10291970802919707,0.10291970802919709,2,B2,0.322011,0.03314127810218978,0.037610154744525545,0.365432,7.0,9.0,11.0,475,False,,,,True,
1981,昌平区,raw_snapshot,1.0,RAW_SENSITIVITY,,,14.1,0.10291970802919707,0.10291970802919709,3,B3,0.042129,0.004335904379562044,0.004468876642335767,0.043421,10.5,13.0,16.5,475,False,,,,True,
1981,昌平区,raw_snapshot,1.0,RAW_SENSITIVITY,,,14.1,0.10291970802919707,0.10291970802919709,4,B4,0.001292,0.00013297226277372262,0.00013297226277372262,0.001292,14.0,17.0,22.0,475,False,,,,True,
1981,昌平区,raw_snapshot,1.0,RAW_SENSITIVITY,,,14.1,0.10291970802919707,0.10291970802919709,5,B5+,0.0,0.0,0.0,0.0,17.5,21.0,27.5,475,False,,,,True,
1982,昌平区,raw_snapshot,1.0,RAW_SENSITIVITY,,,14.2,0.10364963503649635,0.10364963503649635,1,B1,0.634569,0.06577284525547446,0.1036497386861314,1.0000010000000001,3.5,5.0,5.5,475,False,,,,True,
1982,昌平区,raw_snapshot,1.0,RAW_SENSITIVITY,,,14.2,0.10364963503649635,0.10364963503649635,2,B2,0.322011,0.03337632262773722,0.037876893430656935,0.365432,7.0,9.0,11.0,475,False,,,,True,
1982,昌平区,raw_snapshot,1.0,RAW_SENSITIVITY,,,14.2,0.10364963503649635,0.10364963503649635,3,B3,0.042129,0.004366655474452555,0.004500570802919708,0.043421,10.5,13.0,16.5,475,False,,,,True,
1982,昌平区,raw_snapshot,1.0,RAW_SENSITIVITY,,,14.2,0.10364963503649635,0.10364963503649635,4,B4,0.001292,0.0001339153284671533,0.0001339153284671533,0.001292,14.0,17.0,22.0,475,False,,,,True,
1982,昌平区,raw_snapshot,1.0,RAW_SENSITIVITY,,,14.2,0.10364963503649635,0.10364963503649635,5,B5+,0.0,0.0,0.0,0.0,17.5,21.0,27.5,475,False,,,,True,
1983,昌平区,raw_snapshot,1.0,RAW_SENSITIVITY,,,14.3,0.10437956204379563,0.10437956204379562,1,B1,0.634569,0.06623603430656934,0.10437966642335768,1.0000010000000001,3.5,5.0,5.5,475,False,,,,True,
1983,昌平区,raw_snapshot,1.0,RAW_SENSITIVITY,,,14.3,0.10437956204379563,0.10437956204379562,2,B2,0.322011,0.033611367153284666,0.03814363211678832,0.365432,7.0,9.0,11.0,475,False,,,,True,
1983,昌平区,raw_snapshot,1.0,RAW_SENSITIVITY,,,14.3,0.10437956204379563,0.10437956204379562,3,B3,0.042129,0.004397406569343065,0.0045322649635036495,0.043421,10.5,13.0,16.5,475,False,,,,True,
1983,昌平区,raw_snapshot,1.0,RAW_SENSITIVITY,,,14.3,0.10437956204379563,0.10437956204379562,4,B4,0.001292,0.00013485839416058393,0.00013485839416058393,0.001292,14.0,17.0,22.0,475,False,,,,True,
1983,昌平区,raw_snapshot,1.0,RAW_SENSITIVITY,,,14.3,0.10437956204379563,0.10437956204379562,5,B5+,0.0,0.0,0.0,0.0,17.5,21.0,27.5,475,False,,,,True,
1984,昌平区,raw_snapshot,1.0,RAW_SENSITIVITY,,,14.4,0.10510948905109489,0.10510948905109489,1,B1,0.634569,0.06669922335766423,0.10510959416058396,1.0000010000000001,3.5,5.0,5.5,475,False,,,,True,
1984,昌平区,raw_snapshot,1.0,RAW_SENSITIVITY,,,14.4,0.10510948905109489,0.10510948905109489,2,B2,0.322011,0.033846411678832115,0.03841037080291971,0.365432,7.0,9.0,11.0,475,False,,,,True,
1984,昌平区,raw_snapshot,1.0,RAW_SENSITIVITY,,,14.4,0.10510948905109489,0.10510948905109489,3,B3,0.042129,0.004428157664233576,0.004563959124087591,0.043421,10.5,13.0,16.5,475,False,,,,True,
1984,昌平区,raw_snapshot,1.0,RAW_SENSITIVITY,,,14.4,0.10510948905109489,0.10510948905109489,4,B4,0.001292,0.0001358014598540146,0.0001358014598540146,0.001292,14.0,17.0,22.0,475,False,,,,True,
1984,昌平区,raw_snapshot,1.0,RAW_SENSITIVITY,,,14.4,0.10510948905109489,0.10510948905109489,5,B5+,0.0,0.0,0.0,0.0,17.5,21.0,27.5,475,False,,,,True,
1985,昌平区,raw_snapshot,1.0,RAW_SENSITIVITY,,,14.5,0.10583941605839416,0.10583941605839417,1,B1,0.634569,0.06716241240875914,0.10583952189781025,1.0000010000000001,3.5,5.0,5.5,475,False,,,,True,
1985,昌平区,raw_snapshot,1.0,RAW_SENSITIVITY,,,14.5,0.10583941605839416,0.10583941605839417,2,B2,0.322011,0.034081456204379565,0.0386771094890511,0.365432,7.0,9.0,11.0,475,False,,,,True,
1985,昌平区,raw_snapshot,1.0,RAW_SENSITIVITY,,,14.5,0.10583941605839416,0.10583941605839417,3,B3,0.042129,0.004458908759124088,0.004595653284671534,0.043421,10.5,13.0,16.5,475,False,,,,True,
1985,昌平区,raw_snapshot,1.0,RAW_SENSITIVITY,,,14.5,0.10583941605839416,0.10583941605839417,4,B4,0.001292,0.00013674452554744527,0.00013674452554744527,0.001292,14.0,17.0,22.0,475,False,,,,True,
1985,昌平区,raw_snapshot,1.0,RAW_SENSITIVITY,,,14.5,0.10583941605839416,0.10583941605839417,5,B5+,0.0,0.0,0.0,0.0,17.5,21.0,27.5,475,False,,,,True,
1986,昌平区,raw_snapshot,1.0,RAW_SENSITIVITY,,,14.6,0.10656934306569343,0.10656934306569343,1,B1,0.634569,0.06762560145985402,0.10656944963503652,1.0000010000000001,3.5,5.0,5.5,475,False,,,,True,
1986,昌平区,raw_snapshot,1.0,RAW_SENSITIVITY,,,14.6,0.10656934306569343,0.10656934306569343,2,B2,0.322011,0.03431650072992701,0.03894384817518248,0.365432,7.0,9.0,11.0,475,False,,,,True,
1986,昌平区,raw_snapshot,1.0,RAW_SENSITIVITY,,,14.6,0.10656934306569343,0.10656934306569343,3,B3,0.042129,0.004489659854014599,0.004627347445255474,0.043421,10.5,13.0,16.5,475,False,,,,True,
1986,昌平区,raw_snapshot,1.0,RAW_SENSITIVITY,,,14.6,0.10656934306569343,0.10656934306569343,4,B4,0.001292,0.00013768759124087592,0.00013768759124087592,0.001292,14.0,17.0,22.0,475,False,,,,True,
1986,昌平区,raw_snapshot,1.0,RAW_SENSITIVITY,,,14.6,0.10656934306569343,0.10656934306569343,5,B5+,0.0,0.0,0.0,0.0,17.5,21.0,27.5,475,False,,,,True,
1987,昌平区,raw_snapshot,1.0,RAW_SENSITIVITY,,,14.7,0.1072992700729927,0.1072992700729927,1,B1,0.634569,0.0680887905109489,0.10729937737226279,1.0000010000000001,3.5,5.0,5.5,475,False,,,,True,
1987,昌平区,raw_snapshot,1.0,RAW_SENSITIVITY,,,14.7,0.1072992700729927,0.1072992700729927,2,B2,0.322011,0.03455154525547445,0.039210586861313866,0.365432,7.0,9.0,11.0,475,False,,,,True,
1987,昌平区,raw_snapshot,1.0,RAW_SENSITIVITY,,,14.7,0.1072992700729927,0.1072992700729927,3,B3,0.042129,0.00452041094890511,0.004659041605839416,0.043421,10.5,13.0,16.5,475,False,,,,True,
1987,昌平区,raw_snapshot,1.0,RAW_SENSITIVITY,,,14.7,0.1072992700729927,0.1072992700729927,4,B4,0.001292,0.00013863065693430656,0.00013863065693430656,0.001292,14.0,17.0,22.0,475,False,,,,True,
1987,昌平区,raw_snapshot,1.0,RAW_SENSITIVITY,,,14.7,0.1072992700729927,0.1072992700729927,5,B5+,0.0,0.0,0.0,0.0,17.5,21.0,27.5,475,False,,,,True,
1988,昌平区,raw_snapshot,1.0,RAW_SENSITIVITY,,,14.8,0.10802919708029197,0.10802919708029197,1,B1,0.634569,0.0685519795620438,0.10802930510948908,1.0000010000000001,3.5,5.0,5.5,475,False,,,,True,
1988,昌平区,raw_snapshot,1.0,RAW_SENSITIVITY,,,14.8,0.10802919708029197,0.10802919708029197,2,B2,0.322011,0.0347865897810219,0.039477325547445256,0.365432,7.0,9.0,11.0,475,False,,,,True,
1988,昌平区,raw_snapshot,1.0,RAW_SENSITIVITY,,,14.8,0.10802919708029197,0.10802919708029197,3,B3,0.042129,0.004551162043795621,0.004690735766423358,0.043421,10.5,13.0,16.5,475,False,,,,True,
1988,昌平区,raw_snapshot,1.0,RAW_SENSITIVITY,,,14.8,0.10802919708029197,0.10802919708029197,4,B4,0.001292,0.00013957372262773723,0.00013957372262773723,0.001292,14.0,17.0,22.0,475,False,,,,True,
1988,昌平区,raw_snapshot,1.0,RAW_SENSITIVITY,,,14.8,0.10802919708029197,0.10802919708029197,5,B5+,0.0,0.0,0.0,0.0,17.5,21.0,27.5,475,False,,,,True,
1989,昌平区,raw_snapshot,1.0,RAW_SENSITIVITY,,,14.9,0.10875912408759124,0.10875912408759125,1,B1,0.634569,0.0690151686131387,0.10875923284671536,1.0000010000000001,3.5,5.0,5.5,475,False,,,,True,
1989,昌平区,raw_snapshot,1.0,RAW_SENSITIVITY,,,14.9,0.10875912408759124,0.10875912408759125,2,B2,0.322011,0.03502163430656935,0.03974406423357665,0.365432,7.0,9.0,11.0,475,False,,,,True,
1989,昌平区,raw_snapshot,1.0,RAW_SENSITIVITY,,,14.9,0.10875912408759124,0.10875912408759125,3,B3,0.042129,0.004581913138686132,0.0047224299270073,0.043421,10.5,13.0,16.5,475,False,,,,True,
1989,昌平区,raw_snapshot,1.0,RAW_SENSITIVITY,,,14.9,0.10875912408759124,0.10875912408759125,4,B4,0.001292,0.0001405167883211679,0.0001405167883211679,0.001292,14.0,17.0,22.0,475,False,,,,True,
1989,昌平区,raw_snapshot,1.0,RAW_SENSITIVITY,,,14.9,0.10875912408759124,0.10875912408759125,5,B5+,0.0,0.0,0.0,0.0,17.5,21.0,27.5,475,False,,,,True,
1990,昌平区,raw_snapshot,1.0,RAW_SENSITIVITY,15.0,15.0,15.0,0.10948905109489052,0.10948905109489052,1,B1,0.634569,0.06947835766423359,0.10948916058394162,1.0000010000000001,3.5,5.0,5.5,475,False,,,,False,
1990,昌平区,raw_snapshot,1.0,RAW_SENSITIVITY,15.0,15.0,15.0,0.10948905109489052,0.10948905109489052,2,B2,0.322011,0.03525667883211679,0.04001080291970803,0.365432,7.0,9.0,11.0,475,False,,,,False,
1990,昌平区,raw_snapshot,1.0,RAW_SENSITIVITY,15.0,15.0,15.0,0.10948905109489052,0.10948905109489052,3,B3,0.042129,0.004612664233576642,0.004754124087591241,0.043421,10.5,13.0,16.5,475,False,,,,False,
1990,昌平区,raw_snapshot,1.0,RAW_SENSITIVITY,15.0,15.0,15.0,0.10948905109489052,0.10948905109489052,4,B4,0.001292,0.00014145985401459854,0.00014145985401459854,0.001292,14.0,17.0,22.0,475,False,,,,False,
1990,昌平区,raw_snapshot,1.0,RAW_SENSITIVITY,15.0,15.0,15.0,0.10948905109489052,0.10948905109489052,5,B5+,0.0,0.0,0.0,0.0,17.5,21.0,27.5,475,False,,,,False,
1991,昌平区,raw_snapshot,1.0,RAW_SENSITIVITY,,,28.6,0.20875912408759126,0.20875912408759126,1,B1,0.634569,0.1324720686131387,0.20875933284671538,1.0000010000000001,3.5,5.0,5.5,475,False,,,,True,
1991,昌平区,raw_snapshot,1.0,RAW_SENSITIVITY,,,28.6,0.20875912408759126,0.20875912408759126,2,B2,0.322011,0.06722273430656935,0.07628726423357664,0.365432,7.0,9.0,11.0,475,False,,,,True,
1991,昌平区,raw_snapshot,1.0,RAW_SENSITIVITY,,,28.6,0.20875912408759126,0.20875912408759126,3,B3,0.042129,0.008794813138686132,0.0090645299270073,0.043421,10.5,13.0,16.5,475,False,,,,True,
1991,昌平区,raw_snapshot,1.0,RAW_SENSITIVITY,,,28.6,0.20875912408759126,0.20875912408759126,4,B4,0.001292,0.0002697167883211679,0.0002697167883211679,0.001292,14.0,17.0,22.0,475,False,,,,True,
1991,昌平区,raw_snapshot,1.0,RAW_SENSITIVITY,,,28.6,0.20875912408759126,0.20875912408759126,5,B5+,0.0,0.0,0.0,0.0,17.5,21.0,27.5,475,False,,,,True,
1992,昌平区,raw_snapshot,1.0,RAW_SENSITIVITY,,,42.2,0.30802919708029197,0.30802919708029197,1,B1,0.634569,0.1954657795620438,0.3080295051094891,1.0000010000000001,3.5,5.0,5.5,475,False,,,,True,
1992,昌平区,raw_snapshot,1.0,RAW_SENSITIVITY,,,42.2,0.30802919708029197,0.30802919708029197,2,B2,0.322011,0.0991887897810219,0.11256372554744525,0.365432,7.0,9.0,11.0,475,False,,,,True,
1992,昌平区,raw_snapshot,1.0,RAW_SENSITIVITY,,,42.2,0.30802919708029197,0.30802919708029197,3,B3,0.042129,0.01297696204379562,0.013374935766423358,0.043421,10.5,13.0,16.5,475,False,,,,True,
1992,昌平区,raw_snapshot,1.0,RAW_SENSITIVITY,,,42.2,0.30802919708029197,0.30802919708029197,4,B4,0.001292,0.0003979737226277372,0.0003979737226277372,0.001292,14.0,17.0,22.0,475,False,,,,True,
1992,昌平区,raw_snapshot,1.0,RAW_SENSITIVITY,,,42.2,0.30802919708029197,0.30802919708029197,5,B5+,0.0,0.0,0.0,0.0,17.5,21.0,27.5,475,False,,,,True,
1993,昌平区,raw_snapshot,1.0,RAW_SENSITIVITY,,,55.8,0.40729927007299266,0.4072992700729927,1,B1,0.634569,0.2584594905109489,0.40729967737226286,1.0000010000000001,3.5,5.0,5.5,475,False,,,,True,
1993,昌平区,raw_snapshot,1.0,RAW_SENSITIVITY,,,55.8,0.40729927007299266,0.4072992700729927,2,B2,0.322011,0.13115484525547447,0.14884018686131387,0.365432,7.0,9.0,11.0,475,False,,,,True,
1993,昌平区,raw_snapshot,1.0,RAW_SENSITIVITY,,,55.8,0.40729927007299266,0.4072992700729927,3,B3,0.042129,0.01715911094890511,0.017685341605839417,0.043421,10.5,13.0,16.5,475,False,,,,True,
1993,昌平区,raw_snapshot,1.0,RAW_SENSITIVITY,,,55.8,0.40729927007299266,0.4072992700729927,4,B4,0.001292,0.0005262306569343066,0.0005262306569343066,0.001292,14.0,17.0,22.0,475,False,,,,True,
1993,昌平区,raw_snapshot,1.0,RAW_SENSITIVITY,,,55.8,0.40729927007299266,0.4072992700729927,5,B5+,0.0,0.0,0.0,0.0,17.5,21.0,27.5,475,False,,,,True,
1994,昌平区,raw_snapshot,1.0,RAW_SENSITIVITY,,,69.4,0.5065693430656935,0.5065693430656935,1,B1,0.634569,0.32145320145985407,0.5065698496350366,1.0000010000000001,3.5,5.0,5.5,475,False,,,,True,
1994,昌平区,raw_snapshot,1.0,RAW_SENSITIVITY,,,69.4,0.5065693430656935,0.5065693430656935,2,B2,0.322011,0.16312090072992702,0.18511664817518247,0.365432,7.0,9.0,11.0,475,False,,,,True,
1994,昌平区,raw_snapshot,1.0,RAW_SENSITIVITY,,,69.4,0.5065693430656935,0.5065693430656935,3,B3,0.042129,0.0213412598540146,0.021995747445255478,0.043421,10.5,13.0,16.5,475,False,,,,True,
1994,昌平区,raw_snapshot,1.0,RAW_SENSITIVITY,,,69.4,0.5065693430656935,0.5065693430656935,4,B4,0.001292,0.000654487591240876,0.000654487591240876,0.001292,14.0,17.0,22.0,475,False,,,,True,
1994,昌平区,raw_snapshot,1.0,RAW_SENSITIVITY,,,69.4,0.5065693430656935,0.5065693430656935,5,B5+,0.0,0.0,0.0,0.0,17.5,21.0,27.5,475,False,,,,True,
1995,昌平区,raw_snapshot,1.0,RAW_SENSITIVITY,83.0,83.0,83.0,0.6058394160583942,0.6058394160583942,1,B1,0.634569,0.38444691240875917,0.6058400218978104,1.0000010000000001,3.5,5.0,5.5,475,False,,,,False,
1995,昌平区,raw_snapshot,1.0,RAW_SENSITIVITY,83.0,83.0,83.0,0.6058394160583942,0.6058394160583942,2,B2,0.322011,0.19508695620437957,0.22139310948905108,0.365432,7.0,9.0,11.0,475,False,,,,False,
1995,昌平区,raw_snapshot,1.0,RAW_SENSITIVITY,83.0,83.0,83.0,0.6058394160583942,0.6058394160583942,3,B3,0.042129,0.025523408759124087,0.026306153284671535,0.043421,10.5,13.0,16.5,475,False,,,,False,
1995,昌平区,raw_snapshot,1.0,RAW_SENSITIVITY,83.0,83.0,83.0,0.6058394160583942,0.6058394160583942,4,B4,0.001292,0.0007827445255474452,0.0007827445255474452,0.001292,14.0,17.0,22.0,475,False,,,,False,
1995,昌平区,raw_snapshot,1.0,RAW_SENSITIVITY,83.0,83.0,83.0,0.6058394160583942,0.6058394160583942,5,B5+,0.0,0.0,0.0,0.0,17.5,21.0,27.5,475,False,,,,False,
1996,昌平区,raw_snapshot,1.0,RAW_SENSITIVITY,,,77.4,0.5649635036496351,0.5649635036496351,1,B1,0.634569,0.35850832554744533,0.5649640686131389,1.0000010000000001,3.5,5.0,5.5,475,False,,,,True,
1996,昌平区,raw_snapshot,1.0,RAW_SENSITIVITY,,,77.4,0.5649635036496351,0.5649635036496351,2,B2,0.322011,0.18192446277372265,0.20645574306569345,0.365432,7.0,9.0,11.0,475,False,,,,True,
1996,昌平区,raw_snapshot,1.0,RAW_SENSITIVITY,,,77.4,0.5649635036496351,0.5649635036496351,3,B3,0.042129,0.02380134744525548,0.024531280291970808,0.043421,10.5,13.0,16.5,475,False,,,,True,
1996,昌平区,raw_snapshot,1.0,RAW_SENSITIVITY,,,77.4,0.5649635036496351,0.5649635036496351,4,B4,0.001292,0.0007299328467153286,0.0007299328467153286,0.001292,14.0,17.0,22.0,475,False,,,,True,
1996,昌平区,raw_snapshot,1.0,RAW_SENSITIVITY,,,77.4,0.5649635036496351,0.5649635036496351,5,B5+,0.0,0.0,0.0,0.0,17.5,21.0,27.5,475,False,,,,True,
1997,昌平区,raw_snapshot,1.0,RAW_SENSITIVITY,,,71.8,0.5240875912408759,0.5240875912408759,1,B1,0.634569,0.3325697386861314,0.5240881153284672,1.0000010000000001,3.5,5.0,5.5,475,False,,,,True,
1997,昌平区,raw_snapshot,1.0,RAW_SENSITIVITY,,,71.8,0.5240875912408759,0.5240875912408759,2,B2,0.322011,0.16876196934306567,0.19151837664233576,0.365432,7.0,9.0,11.0,475,False,,,,True,
1997,昌平区,raw_snapshot,1.0,RAW_SENSITIVITY,,,71.8,0.5240875912408759,0.5240875912408759,3,B3,0.042129,0.02207928613138686,0.022756407299270073,0.043421,10.5,13.0,16.5,475,False,,,,True,
1997,昌平区,raw_snapshot,1.0,RAW_SENSITIVITY,,,71.8,0.5240875912408759,0.5240875912408759,4,B4,0.001292,0.0006771211678832116,0.0006771211678832116,0.001292,14.0,17.0,22.0,475,False,,,,True,
1997,昌平区,raw_snapshot,1.0,RAW_SENSITIVITY,,,71.8,0.5240875912408759,0.5240875912408759,5,B5+,0.0,0.0,0.0,0.0,17.5,21.0,27.5,475,False,,,,True,
1998,昌平区,raw_snapshot,1.0,RAW_SENSITIVITY,,,66.2,0.4832116788321168,0.4832116788321168,1,B1,0.634569,0.30663115182481754,0.4832121620437957,1.0000010000000001,3.5,5.0,5.5,475,False,,,,True,
1998,昌平区,raw_snapshot,1.0,RAW_SENSITIVITY,,,66.2,0.4832116788321168,0.4832116788321168,2,B2,0.322011,0.15559947591240875,0.1765810102189781,0.365432,7.0,9.0,11.0,475,False,,,,True,
1998,昌平区,raw_snapshot,1.0,RAW_SENSITIVITY,,,66.2,0.4832116788321168,0.4832116788321168,3,B3,0.042129,0.020357224817518248,0.020981534306569342,0.043421,10.5,13.0,16.5,475,False,,,,True,
1998,昌平区,raw_snapshot,1.0,RAW_SENSITIVITY,,,66.2,0.4832116788321168,0.4832116788321168,4,B4,0.001292,0.0006243094890510948,0.0006243094890510948,0.001292,14.0,17.0,22.0,475,False,,,,True,
1998,昌平区,raw_snapshot,1.0,RAW_SENSITIVITY,,,66.2,0.4832116788321168,0.4832116788321168,5,B5+,0.0,0.0,0.0,0.0,17.5,21.0,27.5,475,False,,,,True,
1999,昌平区,raw_snapshot,1.0,RAW_SENSITIVITY,,,60.599999999999994,0.44233576642335765,0.4423357664233577,1,B1,0.634569,0.2806925649635037,0.44233620875912416,1.0000010000000001,3.5,5.0,5.5,475,False,,,,True,
1999,昌平区,raw_snapshot,1.0,RAW_SENSITIVITY,,,60.599999999999994,0.44233576642335765,0.4423357664233577,2,B2,0.322011,0.14243698248175182,0.16164364379562043,0.365432,7.0,9.0,11.0,475,False,,,,True,
1999,昌平区,raw_snapshot,1.0,RAW_SENSITIVITY,,,60.599999999999994,0.44233576642335765,0.4423357664233577,3,B3,0.042129,0.018635163503649636,0.019206661313868615,0.043421,10.5,13.0,16.5,475,False,,,,True,
1999,昌平区,raw_snapshot,1.0,RAW_SENSITIVITY,,,60.599999999999994,0.44233576642335765,0.4423357664233577,4,B4,0.001292,0.0005714978102189781,0.0005714978102189781,0.001292,14.0,17.0,22.0,475,False,,,,True,
1999,昌平区,raw_snapshot,1.0,RAW_SENSITIVITY,,,60.599999999999994,0.44233576642335765,0.4423357664233577,5,B5+,0.0,0.0,0.0,0.0,17.5,21.0,27.5,475,False,,,,True,
2000,昌平区,raw_snapshot,1.0,RAW_SENSITIVITY,55.0,83.0,55.0,0.40145985401459855,0.40145985401459855,1,B1,0.634569,0.2547539781021898,0.40146025547445263,1.0000010000000001,3.5,5.0,5.5,475,False,,,,False,
2000,昌平区,raw_snapshot,1.0,RAW_SENSITIVITY,55.0,83.0,55.0,0.40145985401459855,0.40145985401459855,2,B2,0.322011,0.1292744890510949,0.14670627737226277,0.365432,7.0,9.0,11.0,475,False,,,,False,
2000,昌平区,raw_snapshot,1.0,RAW_SENSITIVITY,55.0,83.0,55.0,0.40145985401459855,0.40145985401459855,3,B3,0.042129,0.016913102189781024,0.017431788321167884,0.043421,10.5,13.0,16.5,475,False,,,,False,
2000,昌平区,raw_snapshot,1.0,RAW_SENSITIVITY,55.0,83.0,55.0,0.40145985401459855,0.40145985401459855,4,B4,0.001292,0.0005186861313868613,0.0005186861313868613,0.001292,14.0,17.0,22.0,475,False,,,,False,
2000,昌平区,raw_snapshot,1.0,RAW_SENSITIVITY,55.0,83.0,55.0,0.40145985401459855,0.40145985401459855,5,B5+,0.0,0.0,0.0,0.0,17.5,21.0,27.5,475,False,,,,False,
2001,昌平区,raw_snapshot,1.0,RAW_SENSITIVITY,,,66.4,0.4846715328467154,0.4846715328467153,1,B1,0.634569,0.3075575299270073,0.48467201751824823,1.0000010000000001,3.5,5.0,5.5,475,False,,,,True,
2001,昌平区,raw_snapshot,1.0,RAW_SENSITIVITY,,,66.4,0.4846715328467154,0.4846715328467153,2,B2,0.322011,0.15606956496350363,0.17711448759124088,0.365432,7.0,9.0,11.0,475,False,,,,True,
2001,昌平区,raw_snapshot,1.0,RAW_SENSITIVITY,,,66.4,0.4846715328467154,0.4846715328467153,3,B3,0.042129,0.02041872700729927,0.021044922627737227,0.043421,10.5,13.0,16.5,475,False,,,,True,
2001,昌平区,raw_snapshot,1.0,RAW_SENSITIVITY,,,66.4,0.4846715328467154,0.4846715328467153,4,B4,0.001292,0.0006261956204379562,0.0006261956204379562,0.001292,14.0,17.0,22.0,475,False,,,,True,
2001,昌平区,raw_snapshot,1.0,RAW_SENSITIVITY,,,66.4,0.4846715328467154,0.4846715328467153,5,B5+,0.0,0.0,0.0,0.0,17.5,21.0,27.5,475,False,,,,True,
2002,昌平区,raw_snapshot,1.0,RAW_SENSITIVITY,,,77.8,0.567883211678832,0.5678832116788322,1,B1,0.634569,0.36036108175182485,0.5678837795620439,1.0000010000000001,3.5,5.0,5.5,475,False,,,,True,
2002,昌平区,raw_snapshot,1.0,RAW_SENSITIVITY,,,77.8,0.567883211678832,0.5678832116788322,2,B2,0.322011,0.18286464087591242,0.20752269781021898,0.365432,7.0,9.0,11.0,475,False,,,,True,
2002,昌平区,raw_snapshot,1.0,RAW_SENSITIVITY,,,77.8,0.567883211678832,0.5678832116788322,3,B3,0.042129,0.02392435182481752,0.02465805693430657,0.043421,10.5,13.0,16.5,475,False,,,,True,
2002,昌平区,raw_snapshot,1.0,RAW_SENSITIVITY,,,77.8,0.567883211678832,0.5678832116788322,4,B4,0.001292,0.0007337051094890511,0.0007337051094890511,0.001292,14.0,17.0,22.0,475,False,,,,True,
2002,昌平区,raw_snapshot,1.0,RAW_SENSITIVITY,,,77.8,0.567883211678832,0.5678832116788322,5,B5+,0.0,0.0,0.0,0.0,17.5,21.0,27.5,475,False,,,,True,
2003,昌平区,raw_snapshot,1.0,RAW_SENSITIVITY,,,89.19999999999999,0.6510948905109488,0.6510948905109489,1,B1,0.634569,0.4131646335766424,0.6510955416058395,1.0000010000000001,3.5,5.0,5.5,475,False,,,,True,
2003,昌平区,raw_snapshot,1.0,RAW_SENSITIVITY,,,89.19999999999999,0.6510948905109488,0.6510948905109489,2,B2,0.322011,0.20965971678832118,0.23793090802919709,0.365432,7.0,9.0,11.0,475,False,,,,True,
2003,昌平区,raw_snapshot,1.0,RAW_SENSITIVITY,,,89.19999999999999,0.6510948905109488,0.6510948905109489,3,B3,0.042129,0.027429976642335766,0.028271191240875914,0.043421,10.5,13.0,16.5,475,False,,,,True,
2003,昌平区,raw_snapshot,1.0,RAW_SENSITIVITY,,,89.19999999999999,0.6510948905109488,0.6510948905109489,4,B4,0.001292,0.000841214598540146,0.000841214598540146,0.001292,14.0,17.0,22.0,475,False,,,,True,
2003,昌平区,raw_snapshot,1.0,RAW_SENSITIVITY,,,89.19999999999999,0.6510948905109488,0.6510948905109489,5,B5+,0.0,0.0,0.0,0.0,17.5,21.0,27.5,475,False,,,,True,
2004,昌平区,raw_snapshot,1.0,RAW_SENSITIVITY,,,100.6,0.7343065693430657,0.7343065693430657,1,B1,0.634569,0.4659681854014599,0.7343073036496351,1.0000010000000001,3.5,5.0,5.5,475,False,,,,True,
2004,昌平区,raw_snapshot,1.0,RAW_SENSITIVITY,,,100.6,0.7343065693430657,0.7343065693430657,2,B2,0.322011,0.23645479270072992,0.2683391182481752,0.365432,7.0,9.0,11.0,475,False,,,,True,
2004,昌平区,raw_snapshot,1.0,RAW_SENSITIVITY,,,100.6,0.7343065693430657,0.7343065693430657,3,B3,0.042129,0.030935601459854016,0.031884325547445254,0.043421,10.5,13.0,16.5,475,False,,,,True,
2004,昌平区,raw_snapshot,1.0,RAW_SENSITIVITY,,,100.6,0.7343065693430657,0.7343065693430657,4,B4,0.001292,0.0009487240875912409,0.0009487240875912409,0.001292,14.0,17.0,22.0,475,False,,,,True,
2004,昌平区,raw_snapshot,1.0,RAW_SENSITIVITY,,,100.6,0.7343065693430657,0.7343065693430657,5,B5+,0.0,0.0,0.0,0.0,17.5,21.0,27.5,475,False,,,,True,
2005,昌平区,raw_snapshot,1.0,RAW_SENSITIVITY,112.0,112.0,112.0,0.8175182481751825,0.8175182481751825,1,B1,0.634569,0.5187717372262775,0.8175190656934308,1.0000010000000001,3.5,5.0,5.5,475,False,,,,False,
2005,昌平区,raw_snapshot,1.0,RAW_SENSITIVITY,112.0,112.0,112.0,0.8175182481751825,0.8175182481751825,2,B2,0.322011,0.2632498686131387,0.2987473284671533,0.365432,7.0,9.0,11.0,475,False,,,,False,
2005,昌平区,raw_snapshot,1.0,RAW_SENSITIVITY,112.0,112.0,112.0,0.8175182481751825,0.8175182481751825,3,B3,0.042129,0.03444122627737226,0.0354974598540146,0.043421,10.5,13.0,16.5,475,False,,,,False,
2005,昌平区,raw_snapshot,1.0,RAW_SENSITIVITY,112.0,112.0,112.0,0.8175182481751825,0.8175182481751825,4,B4,0.001292,0.0010562335766423358,0.0010562335766423358,0.001292,14.0,17.0,22.0,475,False,,,,False,
2005,昌平区,raw_snapshot,1.0,RAW_SENSITIVITY,112.0,112.0,112.0,0.8175182481751825,0.8175182481751825,5,B5+,0.0,0.0,0.0,0.0,17.5,21.0,27.5,475,False,,,,False,
2006,昌平区,raw_snapshot,1.0,RAW_SENSITIVITY,,,116.8,0.8525547445255475,0.8525547445255475,1,B1,0.634569,0.5410048116788322,0.8525555970802922,1.0000010000000001,3.5,5.0,5.5,475,False,,,,True,
2006,昌平区,raw_snapshot,1.0,RAW_SENSITIVITY,,,116.8,0.8525547445255475,0.8525547445255475,2,B2,0.322011,0.27453200583941606,0.31155078540145986,0.365432,7.0,9.0,11.0,475,False,,,,True,
2006,昌平区,raw_snapshot,1.0,RAW_SENSITIVITY,,,116.8,0.8525547445255475,0.8525547445255475,3,B3,0.042129,0.03591727883211679,0.037018779562043795,0.043421,10.5,13.0,16.5,475,False,,,,True,
2006,昌平区,raw_snapshot,1.0,RAW_SENSITIVITY,,,116.8,0.8525547445255475,0.8525547445255475,4,B4,0.001292,0.0011015007299270073,0.0011015007299270073,0.001292,14.0,17.0,22.0,475,False,,,,True,
2006,昌平区,raw_snapshot,1.0,RAW_SENSITIVITY,,,116.8,0.8525547445255475,0.8525547445255475,5,B5+,0.0,0.0,0.0,0.0,17.5,21.0,27.5,475,False,,,,True,
2007,昌平区,raw_snapshot,1.0,RAW_SENSITIVITY,,,121.6,0.8875912408759123,0.8875912408759125,1,B1,0.634569,0.5632378861313869,0.8875921284671534,1.0000010000000001,3.5,5.0,5.5,475,False,,,,True,
2007,昌平区,raw_snapshot,1.0,RAW_SENSITIVITY,,,121.6,0.8875912408759123,0.8875912408759125,2,B2,0.322011,0.2858141430656934,0.32435424233576643,0.365432,7.0,9.0,11.0,475,False,,,,True,
2007,昌平区,raw_snapshot,1.0,RAW_SENSITIVITY,,,121.6,0.8875912408759123,0.8875912408759125,3,B3,0.042129,0.037393331386861316,0.03854009927007299,0.043421,10.5,13.0,16.5,475,False,,,,True,
2007,昌平区,raw_snapshot,1.0,RAW_SENSITIVITY,,,121.6,0.8875912408759123,0.8875912408759125,4,B4,0.001292,0.0011467678832116788,0.0011467678832116788,0.001292,14.0,17.0,22.0,475,False,,,,True,
2007,昌平区,raw_snapshot,1.0,RAW_SENSITIVITY,,,121.6,0.8875912408759123,0.8875912408759125,5,B5+,0.0,0.0,0.0,0.0,17.5,21.0,27.5,475,False,,,,True,
2008,昌平区,raw_snapshot,1.0,RAW_SENSITIVITY,,,126.4,0.9226277372262774,0.9226277372262773,1,B1,0.634569,0.5854709605839417,0.9226286598540147,1.0000010000000001,3.5,5.0,5.5,475,False,,,,True,
2008,昌平区,raw_snapshot,1.0,RAW_SENSITIVITY,,,126.4,0.9226277372262774,0.9226277372262773,2,B2,0.322011,0.29709628029197077,0.33715769927007294,0.365432,7.0,9.0,11.0,475,False,,,,True,
2008,昌平区,raw_snapshot,1.0,RAW_SENSITIVITY,,,126.4,0.9226277372262774,0.9226277372262773,3,B3,0.042129,0.038869383941605835,0.04006141897810219,0.043421,10.5,13.0,16.5,475,False,,,,True,
2008,昌平区,raw_snapshot,1.0,RAW_SENSITIVITY,,,126.4,0.9226277372262774,0.9226277372262773,4,B4,0.001292,0.0011920350364963504,0.0011920350364963504,0.001292,14.0,17.0,22.0,475,False,,,,True,
2008,昌平区,raw_snapshot,1.0,RAW_SENSITIVITY,,,126.4,0.9226277372262774,0.9226277372262773,5,B5+,0.0,0.0,0.0,0.0,17.5,21.0,27.5,475,False,,,,True,
2009,昌平区,raw_snapshot,1.0,RAW_SENSITIVITY,,,131.2,0.9576642335766422,0.9576642335766423,1,B1,0.634569,0.6077040350364964,0.957665191240876,1.0000010000000001,3.5,5.0,5.5,475,False,,,,True,
2009,昌平区,raw_snapshot,1.0,RAW_SENSITIVITY,,,131.2,0.9576642335766422,0.9576642335766423,2,B2,0.322011,0.3083784175182482,0.34996115620437956,0.365432,7.0,9.0,11.0,475,False,,,,True,
2009,昌平区,raw_snapshot,1.0,RAW_SENSITIVITY,,,131.2,0.9576642335766422,0.9576642335766423,3,B3,0.042129,0.04034543649635036,0.04158273868613139,0.043421,10.5,13.0,16.5,475,False,,,,True,
2009,昌平区,raw_snapshot,1.0,RAW_SENSITIVITY,,,131.2,0.9576642335766422,0.9576642335766423,4,B4,0.001292,0.0012373021897810219,0.0012373021897810219,0.001292,14.0,17.0,22.0,475,False,,,,True,
2009,昌平区,raw_snapshot,1.0,RAW_SENSITIVITY,,,131.2,0.9576642335766422,0.9576642335766423,5,B5+,0.0,0.0,0.0,0.0,17.5,21.0,27.5,475,False,,,,True,
2010,昌平区,raw_snapshot,1.0,RAW_SENSITIVITY,136.0,136.0,136.0,0.9927007299270073,0.9927007299270073,1,B1,0.634569,0.6299371094890511,0.9927017226277374,1.0000010000000001,3.5,5.0,5.5,475,False,,,,False,
2010,昌平区,raw_snapshot,1.0,RAW_SENSITIVITY,136.0,136.0,136.0,0.9927007299270073,0.9927007299270073,2,B2,0.322011,0.31966055474452554,0.36276461313868613,0.365432,7.0,9.0,11.0,475,False,,,,False,
2010,昌平区,raw_snapshot,1.0,RAW_SENSITIVITY,136.0,136.0,136.0,0.9927007299270073,0.9927007299270073,3,B3,0.042129,0.04182148905109489,0.04310405839416059,0.043421,10.5,13.0,16.5,475,False,,,,False,
2010,昌平区,raw_snapshot,1.0,RAW_SENSITIVITY,136.0,136.0,136.0,0.9927007299270073,0.9927007299270073,4,B4,0.001292,0.0012825693430656934,0.0012825693430656934,0.001292,14.0,17.0,22.0,475,False,,,,False,
2010,昌平区,raw_snapshot,1.0,RAW_SENSITIVITY,136.0,136.0,136.0,0.9927007299270073,0.9927007299270073,5,B5+,0.0,0.0,0.0,0.0,17.5,21.0,27.5,475,False,,,,False,
2011,昌平区,raw_snapshot,1.0,RAW_SENSITIVITY,,,136.4,0.9956204379562045,0.9956204379562044,1,B1,0.634569,0.6317898656934307,0.9956214335766425,1.0000010000000001,3.5,5.0,5.5,475,False,,,,True,
2011,昌平区,raw_snapshot,1.0,RAW_SENSITIVITY,,,136.4,0.9956204379562045,0.9956204379562044,2,B2,0.322011,0.3206007328467153,0.36383156788321164,0.365432,7.0,9.0,11.0,475,False,,,,True,
2011,昌平区,raw_snapshot,1.0,RAW_SENSITIVITY,,,136.4,0.9956204379562045,0.9956204379562044,3,B3,0.042129,0.04194449343065693,0.04323083503649635,0.043421,10.5,13.0,16.5,475,False,,,,True,
2011,昌平区,raw_snapshot,1.0,RAW_SENSITIVITY,,,136.4,0.9956204379562045,0.9956204379562044,4,B4,0.001292,0.001286341605839416,0.001286341605839416,0.001292,14.0,17.0,22.0,475,False,,,,True,
2011,昌平区,raw_snapshot,1.0,RAW_SENSITIVITY,,,136.4,0.9956204379562045,0.9956204379562044,5,B5+,0.0,0.0,0.0,0.0,17.5,21.0,27.5,475,False,,,,True,
2012,昌平区,raw_snapshot,1.0,RAW_SENSITIVITY,,,136.8,0.9985401459854015,0.9985401459854015,1,B1,0.634569,0.6336426218978103,0.9985411445255477,1.0000010000000001,3.5,5.0,5.5,475,False,,,,True,
2012,昌平区,raw_snapshot,1.0,RAW_SENSITIVITY,,,136.8,0.9985401459854015,0.9985401459854015,2,B2,0.322011,0.32154091094890513,0.36489852262773725,0.365432,7.0,9.0,11.0,475,False,,,,True,
2012,昌平区,raw_snapshot,1.0,RAW_SENSITIVITY,,,136.8,0.9985401459854015,0.9985401459854015,3,B3,0.042129,0.04206749781021898,0.04335761167883212,0.043421,10.5,13.0,16.5,475,False,,,,True,
2012,昌平区,raw_snapshot,1.0,RAW_SENSITIVITY,,,136.8,0.9985401459854015,0.9985401459854015,4,B4,0.001292,0.0012901138686131387,0.0012901138686131387,0.001292,14.0,17.0,22.0,475,False,,,,True,
2012,昌平区,raw_snapshot,1.0,RAW_SENSITIVITY,,,136.8,0.9985401459854015,0.9985401459854015,5,B5+,0.0,0.0,0.0,0.0,17.5,21.0,27.5,475,False,,,,True,
2013,昌平区,raw_snapshot,1.0,RAW_SENSITIVITY,,,137.2,1.0014598540145985,1.0014598540145987,1,B1,0.634569,0.6354953781021899,1.0014608554744528,1.0000010000000001,3.5,5.0,5.5,475,False,,,,True,
2013,昌平区,raw_snapshot,1.0,RAW_SENSITIVITY,,,137.2,1.0014598540145985,1.0014598540145987,2,B2,0.322011,0.3224810890510949,0.3659654773722628,0.365432,7.0,9.0,11.0,475,False,,,,True,
2013,昌平区,raw_snapshot,1.0,RAW_SENSITIVITY,,,137.2,1.0014598540145985,1.0014598540145987,3,B3,0.042129,0.04219050218978103,0.04348438832116789,0.043421,10.5,13.0,16.5,475,False,,,,True,
2013,昌平区,raw_snapshot,1.0,RAW_SENSITIVITY,,,137.2,1.0014598540145985,1.0014598540145987,4,B4,0.001292,0.0012938861313868614,0.0012938861313868614,0.001292,14.0,17.0,22.0,475,False,,,,True,
2013,昌平区,raw_snapshot,1.0,RAW_SENSITIVITY,,,137.2,1.0014598540145985,1.0014598540145987,5,B5+,0.0,0.0,0.0,0.0,17.5,21.0,27.5,475,False,,,,True,
2014,昌平区,raw_snapshot,1.0,RAW_SENSITIVITY,,,137.6,1.0043795620437956,1.0043795620437956,1,B1,0.634569,0.6373481343065694,1.0043805664233578,1.0000010000000001,3.5,5.0,5.5,475,False,,,,True,
2014,昌平区,raw_snapshot,1.0,RAW_SENSITIVITY,,,137.6,1.0043795620437956,1.0043795620437956,2,B2,0.322011,0.3234212671532847,0.3670324321167883,0.365432,7.0,9.0,11.0,475,False,,,,True,
2014,昌平区,raw_snapshot,1.0,RAW_SENSITIVITY,,,137.6,1.0043795620437956,1.0043795620437956,3,B3,0.042129,0.042313506569343066,0.04361116496350365,0.043421,10.5,13.0,16.5,475,False,,,,True,
2014,昌平区,raw_snapshot,1.0,RAW_SENSITIVITY,,,137.6,1.0043795620437956,1.0043795620437956,4,B4,0.001292,0.0012976583941605839,0.0012976583941605839,0.001292,14.0,17.0,22.0,475,False,,,,True,
2014,昌平区,raw_snapshot,1.0,RAW_SENSITIVITY,,,137.6,1.0043795620437956,1.0043795620437956,5,B5+,0.0,0.0,0.0,0.0,17.5,21.0,27.5,475,False,,,,True,
2015,昌平区,raw_snapshot,1.0,RAW_SENSITIVITY,138.0,138.0,138.0,1.0072992700729928,1.0072992700729928,1,B1,0.634569,0.639200890510949,1.007300277372263,1.0000010000000001,3.5,5.0,5.5,475,False,,,,False,
2015,昌平区,raw_snapshot,1.0,RAW_SENSITIVITY,138.0,138.0,138.0,1.0072992700729928,1.0072992700729928,2,B2,0.322011,0.3243614452554745,0.3680993868613139,0.365432,7.0,9.0,11.0,475,False,,,,False,
2015,昌平区,raw_snapshot,1.0,RAW_SENSITIVITY,138.0,138.0,138.0,1.0072992700729928,1.0072992700729928,3,B3,0.042129,0.04243651094890511,0.04373794160583942,0.043421,10.5,13.0,16.5,475,False,,,,False,
2015,昌平区,raw_snapshot,1.0,RAW_SENSITIVITY,138.0,138.0,138.0,1.0072992700729928,1.0072992700729928,4,B4,0.001292,0.0013014306569343068,0.0013014306569343068,0.001292,14.0,17.0,22.0,475,False,,,,False,
2015,昌平区,raw_snapshot,1.0,RAW_SENSITIVITY,138.0,138.0,138.0,1.0072992700729928,1.0072992700729928,5,B5+,0.0,0.0,0.0,0.0,17.5,21.0,27.5,475,False,,,,False,
2016,昌平区,raw_snapshot,1.0,RAW_SENSITIVITY,,,137.8,1.0058394160583943,1.0058394160583943,1,B1,0.634569,0.6382745124087593,1.0058404218978105,1.0000010000000001,3.5,5.0,5.5,475,False,,,,True,
2016,昌平区,raw_snapshot,1.0,RAW_SENSITIVITY,,,137.8,1.0058394160583943,1.0058394160583943,2,B2,0.322011,0.3238913562043796,0.36756590948905116,0.365432,7.0,9.0,11.0,475,False,,,,True,
2016,昌平区,raw_snapshot,1.0,RAW_SENSITIVITY,,,137.8,1.0058394160583943,1.0058394160583943,3,B3,0.042129,0.042375008759124096,0.04367455328467154,0.043421,10.5,13.0,16.5,475,False,,,,True,
2016,昌平区,raw_snapshot,1.0,RAW_SENSITIVITY,,,137.8,1.0058394160583943,1.0058394160583943,4,B4,0.001292,0.0012995445255474455,0.0012995445255474455,0.001292,14.0,17.0,22.0,475,False,,,,True,
2016,昌平区,raw_snapshot,1.0,RAW_SENSITIVITY,,,137.8,1.0058394160583943,1.0058394160583943,5,B5+,0.0,0.0,0.0,0.0,17.5,21.0,27.5,475,False,,,,True,
2017,昌平区,raw_snapshot,1.0,RAW_SENSITIVITY,,,137.6,1.0043795620437956,1.0043795620437956,1,B1,0.634569,0.6373481343065694,1.0043805664233578,1.0000010000000001,3.5,5.0,5.5,475,False,,,,True,
2017,昌平区,raw_snapshot,1.0,RAW_SENSITIVITY,,,137.6,1.0043795620437956,1.0043795620437956,2,B2,0.322011,0.3234212671532847,0.3670324321167883,0.365432,7.0,9.0,11.0,475,False,,,,True,
2017,昌平区,raw_snapshot,1.0,RAW_SENSITIVITY,,,137.6,1.0043795620437956,1.0043795620437956,3,B3,0.042129,0.042313506569343066,0.04361116496350365,0.043421,10.5,13.0,16.5,475,False,,,,True,
2017,昌平区,raw_snapshot,1.0,RAW_SENSITIVITY,,,137.6,1.0043795620437956,1.0043795620437956,4,B4,0.001292,0.0012976583941605839,0.0012976583941605839,0.001292,14.0,17.0,22.0,475,False,,,,True,
2017,昌平区,raw_snapshot,1.0,RAW_SENSITIVITY,,,137.6,1.0043795620437956,1.0043795620437956,5,B5+,0.0,0.0,0.0,0.0,17.5,21.0,27.5,475,False,,,,True,
2018,昌平区,raw_snapshot,1.0,RAW_SENSITIVITY,,,137.4,1.0029197080291972,1.0029197080291972,1,B1,0.634569,0.6364217562043797,1.0029207109489053,1.0000010000000001,3.5,5.0,5.5,475,False,,,,True,
2018,昌平区,raw_snapshot,1.0,RAW_SENSITIVITY,,,137.4,1.0029197080291972,1.0029197080291972,2,B2,0.322011,0.3229511781021898,0.36649895474452554,0.365432,7.0,9.0,11.0,475,False,,,,True,
2018,昌平区,raw_snapshot,1.0,RAW_SENSITIVITY,,,137.4,1.0029197080291972,1.0029197080291972,3,B3,0.042129,0.042252004379562044,0.04354777664233577,0.043421,10.5,13.0,16.5,475,False,,,,True,
2018,昌平区,raw_snapshot,1.0,RAW_SENSITIVITY,,,137.4,1.0029197080291972,1.0029197080291972,4,B4,0.001292,0.0012957722627737226,0.0012957722627737226,0.001292,14.0,17.0,22.0,475,False,,,,True,
2018,昌平区,raw_snapshot,1.0,RAW_SENSITIVITY,,,137.4,1.0029197080291972,1.0029197080291972,5,B5+,0.0,0.0,0.0,0.0,17.5,21.0,27.5,475,False,,,,True,
2019,昌平区,raw_snapshot,1.0,RAW_SENSITIVITY,,,137.2,1.0014598540145985,1.0014598540145985,1,B1,0.634569,0.6354953781021898,1.0014608554744526,1.0000010000000001,3.5,5.0,5.5,475,False,,,,True,
2019,昌平区,raw_snapshot,1.0,RAW_SENSITIVITY,,,137.2,1.0014598540145985,1.0014598540145985,2,B2,0.322011,0.32248108905109485,0.3659654773722627,0.365432,7.0,9.0,11.0,475,False,,,,True,
2019,昌平区,raw_snapshot,1.0,RAW_SENSITIVITY,,,137.2,1.0014598540145985,1.0014598540145985,3,B3,0.042129,0.04219050218978102,0.04348438832116788,0.043421,10.5,13.0,16.5,475,False,,,,True,
2019,昌平区,raw_snapshot,1.0,RAW_SENSITIVITY,,,137.2,1.0014598540145985,1.0014598540145985,4,B4,0.001292,0.0012938861313868612,0.0012938861313868612,0.001292,14.0,17.0,22.0,475,False,,,,True,
2019,昌平区,raw_snapshot,1.0,RAW_SENSITIVITY,,,137.2,1.0014598540145985,1.0014598540145985,5,B5+,0.0,0.0,0.0,0.0,17.5,21.0,27.5,475,False,,,,True,
2020,昌平区,raw_snapshot,1.0,RAW_SENSITIVITY,137.0,138.0,137.0,1.0,1.0,1,B1,0.634569,0.634569,1.0000010000000001,1.0000010000000001,3.5,5.0,5.5,475,False,,,,False,
2020,昌平区,raw_snapshot,1.0,RAW_SENSITIVITY,137.0,138.0,137.0,1.0,1.0,2,B2,0.322011,0.322011,0.365432,0.365432,7.0,9.0,11.0,475,False,,,,False,
2020,昌平区,raw_snapshot,1.0,RAW_SENSITIVITY,137.0,138.0,137.0,1.0,1.0,3,B3,0.042129,0.042129,0.043421,0.043421,10.5,13.0,16.5,475,False,,,,False,
2020,昌平区,raw_snapshot,1.0,RAW_SENSITIVITY,137.0,138.0,137.0,1.0,1.0,4,B4,0.001292,0.001292,0.001292,0.001292,14.0,17.0,22.0,475,False,,,,False,
2020,昌平区,raw_snapshot,1.0,RAW_SENSITIVITY,137.0,138.0,137.0,1.0,1.0,5,B5+,0.0,0.0,0.0,0.0,17.5,21.0,27.5,475,False,,,,False,
1980,朝阳区,raw_snapshot,1.0,RAW_SENSITIVITY,84.0,84.0,84.0,0.2553191489361702,0.2553191489361702,1,B1,0.8037521962478037,0.2052133267015669,0.25531914893617014,0.9999999999999999,3.5,5.0,5.5,52,False,,,,False,
1980,朝阳区,raw_snapshot,1.0,RAW_SENSITIVITY,84.0,84.0,84.0,0.2553191489361702,0.2553191489361702,2,B2,0.15184584815415184,0.03876915272020898,0.05010582223460329,0.19624780375219622,7.0,9.0,11.0,52,False,,,,False,
1980,朝阳区,raw_snapshot,1.0,RAW_SENSITIVITY,84.0,84.0,84.0,0.2553191489361702,0.2553191489361702,3,B3,0.042009957990042,0.010725946720861787,0.011336669514394312,0.04440195559804439,10.5,13.0,16.5,52,False,,,,False,
1980,朝阳区,raw_snapshot,1.0,RAW_SENSITIVITY,84.0,84.0,84.0,0.2553191489361702,0.2553191489361702,4,B4,0.002391997608002392,0.0006107227935325256,0.0006107227935325256,0.002391997608002392,14.0,17.0,22.0,52,False,,,,False,
1980,朝阳区,raw_snapshot,1.0,RAW_SENSITIVITY,84.0,84.0,84.0,0.2553191489361702,0.2553191489361702,5,B5+,0.0,0.0,0.0,0.0,17.5,21.0,27.5,52,False,,,,False,
1981,朝阳区,raw_snapshot,1.0,RAW_SENSITIVITY,,,83.8,0.2547112462006079,0.25471124620060787,1,B1,0.8037521962478037,0.20472472354275362,0.2547112462006078,0.9999999999999999,3.5,5.0,5.5,52,False,,,,True,
1981,朝阳区,raw_snapshot,1.0,RAW_SENSITIVITY,,,83.8,0.2547112462006079,0.25471124620060787,2,B2,0.15184584815415184,0.03867684521373228,0.04998652265785423,0.19624780375219622,7.0,9.0,11.0,52,False,,,,True,
1981,朝阳区,raw_snapshot,1.0,RAW_SENSITIVITY,,,83.8,0.2547112462006079,0.25471124620060787,3,B3,0.042009957990042,0.010700408752478782,0.011309677444121943,0.04440195559804439,10.5,13.0,16.5,52,False,,,,True,
1981,朝阳区,raw_snapshot,1.0,RAW_SENSITIVITY,,,83.8,0.2547112462006079,0.25471124620060787,4,B4,0.002391997608002392,0.0006092686916431623,0.0006092686916431623,0.002391997608002392,14.0,17.0,22.0,52,False,,,,True,
1981,朝阳区,raw_snapshot,1.0,RAW_SENSITIVITY,,,83.8,0.2547112462006079,0.25471124620060787,5,B5+,0.0,0.0,0.0,0.0,17.5,21.0,27.5,52,False,,,,True,
1982,朝阳区,raw_snapshot,1.0,RAW_SENSITIVITY,,,83.6,0.2541033434650456,0.2541033434650456,1,B1,0.8037521962478037,0.2042361203839404,0.25410334346504554,0.9999999999999999,3.5,5.0,5.5,52,False,,,,True,
1982,朝阳区,raw_snapshot,1.0,RAW_SENSITIVITY,,,83.6,0.2541033434650456,0.2541033434650456,2,B2,0.15184584815415184,0.0385845377072556,0.04986722308110518,0.19624780375219622,7.0,9.0,11.0,52,False,,,,True,
1982,朝阳区,raw_snapshot,1.0,RAW_SENSITIVITY,,,83.6,0.2541033434650456,0.2541033434650456,3,B3,0.042009957990042,0.010674870784095779,0.011282685373849579,0.04440195559804439,10.5,13.0,16.5,52,False,,,,True,
1982,朝阳区,raw_snapshot,1.0,RAW_SENSITIVITY,,,83.6,0.2541033434650456,0.2541033434650456,4,B4,0.002391997608002392,0.0006078145897537992,0.0006078145897537992,0.002391997608002392,14.0,17.0,22.0,52,False,,,,True,
1982,朝阳区,raw_snapshot,1.0,RAW_SENSITIVITY,,,83.6,0.2541033434650456,0.2541033434650456,5,B5+,0.0,0.0,0.0,0.0,17.5,21.0,27.5,52,False,,,,True,
1983,朝阳区,raw_snapshot,1.0,RAW_SENSITIVITY,,,83.4,0.2534954407294833,0.25349544072948327,1,B1,0.8037521962478037,0.20374751722512713,0.2534954407294832,0.9999999999999999,3.5,5.0,5.5,52,False,,,,True,
1983,朝阳区,raw_snapshot,1.0,RAW_SENSITIVITY,,,83.4,0.2534954407294833,0.25349544072948327,2,B2,0.15184584815415184,0.03849223020077891,0.04974792350435612,0.19624780375219622,7.0,9.0,11.0,52,False,,,,True,
1983,朝阳区,raw_snapshot,1.0,RAW_SENSITIVITY,,,83.4,0.2534954407294833,0.25349544072948327,3,B3,0.042009957990042,0.010649332815712774,0.01125569330357721,0.04440195559804439,10.5,13.0,16.5,52,False,,,,True,
1983,朝阳区,raw_snapshot,1.0,RAW_SENSITIVITY,,,83.4,0.2534954407294833,0.25349544072948327,4,B4,0.002391997608002392,0.000606360487864436,0.000606360487864436,0.002391997608002392,14.0,17.0,22.0,52,False,,,,True,
1983,朝阳区,raw_snapshot,1.0,RAW_SENSITIVITY,,,83.4,0.2534954407294833,0.25349544072948327,5,B5+,0.0,0.0,0.0,0.0,17.5,21.0,27.5,52,False,,,,True,
1984,朝阳区,raw_snapshot,1.0,RAW_SENSITIVITY,,,83.2,0.252887537993921,0.25288753799392094,1,B1,0.8037521962478037,0.20325891406631386,0.2528875379939209,0.9999999999999999,3.5,5.0,5.5,52,False,,,,True,
1984,朝阳区,raw_snapshot,1.0,RAW_SENSITIVITY,,,83.2,0.252887537993921,0.25288753799392094,2,B2,0.15184584815415184,0.03839992269430222,0.049628623927607064,0.19624780375219622,7.0,9.0,11.0,52,False,,,,True,
1984,朝阳区,raw_snapshot,1.0,RAW_SENSITIVITY,,,83.2,0.252887537993921,0.25288753799392094,3,B3,0.042009957990042,0.01062379484732977,0.011228701233304841,0.04440195559804439,10.5,13.0,16.5,52,False,,,,True,
1984,朝阳区,raw_snapshot,1.0,RAW_SENSITIVITY,,,83.2,0.252887537993921,0.25288753799392094,4,B4,0.002391997608002392,0.0006049063859750729,0.0006049063859750729,0.002391997608002392,14.0,17.0,22.0,52,False,,,,True,
1984,朝阳区,raw_snapshot,1.0,RAW_SENSITIVITY,,,83.2,0.252887537993921,0.25288753799392094,5,B5+,0.0,0.0,0.0,0.0,17.5,21.0,27.5,52,False,,,,True,
1985,朝阳区,raw_snapshot,1.0,RAW_SENSITIVITY,,,83.0,0.25227963525835867,0.25227963525835867,1,B1,0.8037521962478037,0.20277031090750064,0.2522796352583586,0.9999999999999999,3.5,5.0,5.5,52,False,,,,True,
1985,朝阳区,raw_snapshot,1.0,RAW_SENSITIVITY,,,83.0,0.25227963525835867,0.25227963525835867,2,B2,0.15184584815415184,0.03830761518782554,0.04950932435085802,0.19624780375219622,7.0,9.0,11.0,52,False,,,,True,
1985,朝阳区,raw_snapshot,1.0,RAW_SENSITIVITY,,,83.0,0.25227963525835867,0.25227963525835867,3,B3,0.042009957990042,0.010598256878946766,0.011201709163032475,0.04440195559804439,10.5,13.0,16.5,52,False,,,,True,
1985,朝阳区,raw_snapshot,1.0,RAW_SENSITIVITY,,,83.0,0.25227963525835867,0.25227963525835867,4,B4,0.002391997608002392,0.0006034522840857098,0.0006034522840857098,0.002391997608002392,14.0,17.0,22.0,52,False,,,,True,
1985,朝阳区,raw_snapshot,1.0,RAW_SENSITIVITY,,,83.0,0.25227963525835867,0.25227963525835867,5,B5+,0.0,0.0,0.0,0.0,17.5,21.0,27.5,52,False,,,,True,
1986,朝阳区,raw_snapshot,1.0,RAW_SENSITIVITY,,,82.8,0.25167173252279634,0.25167173252279634,1,B1,0.8037521962478037,0.20228170774868737,0.2516717325227963,0.9999999999999999,3.5,5.0,5.5,52,False,,,,True,
1986,朝阳区,raw_snapshot,1.0,RAW_SENSITIVITY,,,82.8,0.25167173252279634,0.25167173252279634,2,B2,0.15184584815415184,0.03821530768134885,0.049390024774108955,0.19624780375219622,7.0,9.0,11.0,52,False,,,,True,
1986,朝阳区,raw_snapshot,1.0,RAW_SENSITIVITY,,,82.8,0.25167173252279634,0.25167173252279634,3,B3,0.042009957990042,0.010572718910563762,0.011174717092760108,0.04440195559804439,10.5,13.0,16.5,52,False,,,,True,
1986,朝阳区,raw_snapshot,1.0,RAW_SENSITIVITY,,,82.8,0.25167173252279634,0.25167173252279634,4,B4,0.002391997608002392,0.0006019981821963466,0.0006019981821963466,0.002391997608002392,14.0,17.0,22.0,52,False,,,,True,
1986,朝阳区,raw_snapshot,1.0,RAW_SENSITIVITY,,,82.8,0.25167173252279634,0.25167173252279634,5,B5+,0.0,0.0,0.0,0.0,17.5,21.0,27.5,52,False,,,,True,
1987,朝阳区,raw_snapshot,1.0,RAW_SENSITIVITY,,,82.6,0.251063829787234,0.251063829787234,1,B1,0.8037521962478037,0.2017931045898741,0.25106382978723396,0.9999999999999999,3.5,5.0,5.5,52,False,,,,True,
1987,朝阳区,raw_snapshot,1.0,RAW_SENSITIVITY,,,82.6,0.251063829787234,0.251063829787234,2,B2,0.15184584815415184,0.038123000174872156,0.049270725197359894,0.19624780375219622,7.0,9.0,11.0,52,False,,,,True,
1987,朝阳区,raw_snapshot,1.0,RAW_SENSITIVITY,,,82.6,0.251063829787234,0.251063829787234,3,B3,0.042009957990042,0.010547180942180757,0.01114772502248774,0.04440195559804439,10.5,13.0,16.5,52,False,,,,True,
1987,朝阳区,raw_snapshot,1.0,RAW_SENSITIVITY,,,82.6,0.251063829787234,0.251063829787234,4,B4,0.002391997608002392,0.0006005440803069835,0.0006005440803069835,0.002391997608002392,14.0,17.0,22.0,52,False,,,,True,
1987,朝阳区,raw_snapshot,1.0,RAW_SENSITIVITY,,,82.6,0.251063829787234,0.251063829787234,5,B5+,0.0,0.0,0.0,0.0,17.5,21.0,27.5,52,False,,,,True,
1988,朝阳区,raw_snapshot,1.0,RAW_SENSITIVITY,,,82.4,0.25045592705167175,0.25045592705167175,1,B1,0.8037521962478037,0.20130450143106088,0.2504559270516717,0.9999999999999999,3.5,5.0,5.5,52,False,,,,True,
1988,朝阳区,raw_snapshot,1.0,RAW_SENSITIVITY,,,82.4,0.25045592705167175,0.25045592705167175,2,B2,0.15184584815415184,0.038030692668395476,0.049151425620610846,0.19624780375219622,7.0,9.0,11.0,52,False,,,,True,
1988,朝阳区,raw_snapshot,1.0,RAW_SENSITIVITY,,,82.4,0.25045592705167175,0.25045592705167175,3,B3,0.042009957990042,0.010521642973797754,0.011120732952215374,0.04440195559804439,10.5,13.0,16.5,52,False,,,,True,
1988,朝阳区,raw_snapshot,1.0,RAW_SENSITIVITY,,,82.4,0.25045592705167175,0.25045592705167175,4,B4,0.002391997608002392,0.0005990899784176204,0.0005990899784176204,0.002391997608002392,14.0,17.0,22.0,52,False,,,,True,
1988,朝阳区,raw_snapshot,1.0,RAW_SENSITIVITY,,,82.4,0.25045592705167175,0.25045592705167175,5,B5+,0.0,0.0,0.0,0.0,17.5,21.0,27.5,52,False,,,,True,
1989,朝阳区,raw_snapshot,1.0,RAW_SENSITIVITY,,,82.2,0.24984802431610942,0.24984802431610942,1,B1,0.8037521962478037,0.2008158982722476,0.2498480243161094,0.9999999999999999,3.5,5.0,5.5,52,False,,,,True,
1989,朝阳区,raw_snapshot,1.0,RAW_SENSITIVITY,,,82.2,0.24984802431610942,0.24984802431610942,2,B2,0.15184584815415184,0.03793838516191879,0.04903212604386179,0.19624780375219622,7.0,9.0,11.0,52,False,,,,True,
1989,朝阳区,raw_snapshot,1.0,RAW_SENSITIVITY,,,82.2,0.24984802431610942,0.24984802431610942,3,B3,0.042009957990042,0.010496105005414749,0.011093740881943006,0.04440195559804439,10.5,13.0,16.5,52,False,,,,True,
1989,朝阳区,raw_snapshot,1.0,RAW_SENSITIVITY,,,82.2,0.24984802431610942,0.24984802431610942,4,B4,0.002391997608002392,0.0005976358765282571,0.0005976358765282571,0.002391997608002392,14.0,17.0,22.0,52,False,,,,True,
1989,朝阳区,raw_snapshot,1.0,RAW_SENSITIVITY,,,82.2,0.24984802431610942,0.24984802431610942,5,B5+,0.0,0.0,0.0,0.0,17.5,21.0,27.5,52,False,,,,True,
1990,朝阳区,raw_snapshot,1.0,RAW_SENSITIVITY,82.0,84.0,82.0,0.24924012158054712,0.24924012158054712,1,B1,0.8037521962478037,0.20032729511343436,0.2492401215805471,0.9999999999999999,3.5,5.0,5.5,52,False,,,,False,
1990,朝阳区,raw_snapshot,1.0,RAW_SENSITIVITY,82.0,84.0,82.0,0.24924012158054712,0.24924012158054712,2,B2,0.15184584815415184,0.0378460776554421,0.04891282646711274,0.19624780375219622,7.0,9.0,11.0,52,False,,,,False,
1990,朝阳区,raw_snapshot,1.0,RAW_SENSITIVITY,82.0,84.0,82.0,0.24924012158054712,0.24924012158054712,3,B3,0.042009957990042,0.010470567037031746,0.011066748811670638,0.04440195559804439,10.5,13.0,16.5,52,False,,,,False,
1990,朝阳区,raw_snapshot,1.0,RAW_SENSITIVITY,82.0,84.0,82.0,0.24924012158054712,0.24924012158054712,4,B4,0.002391997608002392,0.000596181774638894,0.000596181774638894,0.002391997608002392,14.0,17.0,22.0,52,False,,,,False,
1990,朝阳区,raw_snapshot,1.0,RAW_SENSITIVITY,82.0,84.0,82.0,0.24924012158054712,0.24924012158054712,5,B5+,0.0,0.0,0.0,0.0,17.5,21.0,27.5,52,False,,,,False,
1991,朝阳区,raw_snapshot,1.0,RAW_SENSITIVITY,,,114.0,0.3465045592705167,0.3465045592705167,1,B1,0.8037521962478037,0.27850380052355506,0.34650455927051665,0.9999999999999999,3.5,5.0,5.5,52,False,,,,True,
1991,朝阳区,raw_snapshot,1.0,RAW_SENSITIVITY,,,114.0,0.3465045592705167,0.3465045592705167,2,B2,0.15184584815415184,0.05261527869171218,0.06800075874696161,0.19624780375219622,7.0,9.0,11.0,52,False,,,,True,
1991,朝阳区,raw_snapshot,1.0,RAW_SENSITIVITY,,,114.0,0.3465045592705167,0.3465045592705167,3,B3,0.042009957990042,0.014556641978312424,0.015385480055249425,0.04440195559804439,10.5,13.0,16.5,52,False,,,,True,
1991,朝阳区,raw_snapshot,1.0,RAW_SENSITIVITY,,,114.0,0.3465045592705167,0.3465045592705167,4,B4,0.002391997608002392,0.000828838076936999,0.000828838076936999,0.002391997608002392,14.0,17.0,22.0,52,False,,,,True,
1991,朝阳区,raw_snapshot,1.0,RAW_SENSITIVITY,,,114.0,0.3465045592705167,0.3465045592705167,5,B5+,0.0,0.0,0.0,0.0,17.5,21.0,27.5,52,False,,,,True,
1992,朝阳区,raw_snapshot,1.0,RAW_SENSITIVITY,,,146.0,0.44376899696048633,0.44376899696048633,1,B1,0.8037521962478037,0.35668030593367583,0.4437689969604863,0.9999999999999999,3.5,5.0,5.5,52,False,,,,True,
1992,朝阳区,raw_snapshot,1.0,RAW_SENSITIVITY,,,146.0,0.44376899696048633,0.44376899696048633,2,B2,0.15184584815415184,0.06738447972798227,0.08708869102681048,0.19624780375219622,7.0,9.0,11.0,52,False,,,,True,
1992,朝阳区,raw_snapshot,1.0,RAW_SENSITIVITY,,,146.0,0.44376899696048633,0.44376899696048633,3,B3,0.042009957990042,0.018642716919593107,0.01970421129882821,0.04440195559804439,10.5,13.0,16.5,52,False,,,,True,
1992,朝阳区,raw_snapshot,1.0,RAW_SENSITIVITY,,,146.0,0.44376899696048633,0.44376899696048633,4,B4,0.002391997608002392,0.0010614943792351039,0.0010614943792351039,0.002391997608002392,14.0,17.0,22.0,52,False,,,,True,
1992,朝阳区,raw_snapshot,1.0,RAW_SENSITIVITY,,,146.0,0.44376899696048633,0.44376899696048633,5,B5+,0.0,0.0,0.0,0.0,17.5,21.0,27.5,52,False,,,,True,
1993,朝阳区,raw_snapshot,1.0,RAW_SENSITIVITY,,,178.0,0.541033434650456,0.541033434650456,1,B1,0.8037521962478037,0.43485681134379656,0.5410334346504558,0.9999999999999999,3.5,5.0,5.5,52,False,,,,True,
1993,朝阳区,raw_snapshot,1.0,RAW_SENSITIVITY,,,178.0,0.541033434650456,0.541033434650456,2,B2,0.15184584815415184,0.08215368076425236,0.10617662330665936,0.19624780375219622,7.0,9.0,11.0,52,False,,,,True,
1993,朝阳区,raw_snapshot,1.0,RAW_SENSITIVITY,,,178.0,0.541033434650456,0.541033434650456,3,B3,0.042009957990042,0.022728791860873787,0.024022942542406996,0.04440195559804439,10.5,13.0,16.5,52,False,,,,True,
1993,朝阳区,raw_snapshot,1.0,RAW_SENSITIVITY,,,178.0,0.541033434650456,0.541033434650456,4,B4,0.002391997608002392,0.001294150681533209,0.001294150681533209,0.002391997608002392,14.0,17.0,22.0,52,False,,,,True,
1993,朝阳区,raw_snapshot,1.0,RAW_SENSITIVITY,,,178.0,0.541033434650456,0.541033434650456,5,B5+,0.0,0.0,0.0,0.0,17.5,21.0,27.5,52,False,,,,True,
1994,朝阳区,raw_snapshot,1.0,RAW_SENSITIVITY,,,210.0,0.6382978723404256,0.6382978723404256,1,B1,0.8037521962478037,0.5130333167539173,0.6382978723404255,0.9999999999999999,3.5,5.0,5.5,52,False,,,,True,
1994,朝阳区,raw_snapshot,1.0,RAW_SENSITIVITY,,,210.0,0.6382978723404256,0.6382978723404256,2,B2,0.15184584815415184,0.09692288180052246,0.12526455558650823,0.19624780375219622,7.0,9.0,11.0,52,False,,,,True,
1994,朝阳区,raw_snapshot,1.0,RAW_SENSITIVITY,,,210.0,0.6382978723404256,0.6382978723404256,3,B3,0.042009957990042,0.02681486680215447,0.028341673785985785,0.04440195559804439,10.5,13.0,16.5,52,False,,,,True,
1994,朝阳区,raw_snapshot,1.0,RAW_SENSITIVITY,,,210.0,0.6382978723404256,0.6382978723404256,4,B4,0.002391997608002392,0.001526806983831314,0.001526806983831314,0.002391997608002392,14.0,17.0,22.0,52,False,,,,True,
1994,朝阳区,raw_snapshot,1.0,RAW_SENSITIVITY,,,210.0,0.6382978723404256,0.6382978723404256,5,B5+,0.0,0.0,0.0,0.0,17.5,21.0,27.5,52,False,,,,True,
1995,朝阳区,raw_snapshot,1.0,RAW_SENSITIVITY,242.0,242.0,242.0,0.7355623100303952,0.7355623100303952,1,B1,0.8037521962478037,0.5912098221640381,0.7355623100303951,0.9999999999999999,3.5,5.0,5.5,52,False,,,,False,
1995,朝阳区,raw_snapshot,1.0,RAW_SENSITIVITY,242.0,242.0,242.0,0.7355623100303952,0.7355623100303952,2,B2,0.15184584815415184,0.11169208283679254,0.1443524878663571,0.19624780375219622,7.0,9.0,11.0,52,False,,,,False,
1995,朝阳区,raw_snapshot,1.0,RAW_SENSITIVITY,242.0,242.0,242.0,0.7355623100303952,0.7355623100303952,3,B3,0.042009957990042,0.03090094174343515,0.03266040502956457,0.04440195559804439,10.5,13.0,16.5,52,False,,,,False,
1995,朝阳区,raw_snapshot,1.0,RAW_SENSITIVITY,242.0,242.0,242.0,0.7355623100303952,0.7355623100303952,4,B4,0.002391997608002392,0.001759463286129419,0.001759463286129419,0.002391997608002392,14.0,17.0,22.0,52,False,,,,False,
1995,朝阳区,raw_snapshot,1.0,RAW_SENSITIVITY,242.0,242.0,242.0,0.7355623100303952,0.7355623100303952,5,B5+,0.0,0.0,0.0,0.0,17.5,21.0,27.5,52,False,,,,False,
1996,朝阳区,raw_snapshot,1.0,RAW_SENSITIVITY,,,243.0,0.7386018237082067,0.7386018237082067,1,B1,0.8037521962478037,0.5936528379581043,0.7386018237082066,0.9999999999999999,3.5,5.0,5.5,52,False,,,,True,
1996,朝阳区,raw_snapshot,1.0,RAW_SENSITIVITY,,,243.0,0.7386018237082067,0.7386018237082067,2,B2,0.15184584815415184,0.11215362036917598,0.14494898575010237,0.19624780375219622,7.0,9.0,11.0,52,False,,,,True,
1996,朝阳区,raw_snapshot,1.0,RAW_SENSITIVITY,,,243.0,0.7386018237082067,0.7386018237082067,3,B3,0.042009957990042,0.031028631585350172,0.03279536538092641,0.04440195559804439,10.5,13.0,16.5,52,False,,,,True,
1996,朝阳区,raw_snapshot,1.0,RAW_SENSITIVITY,,,243.0,0.7386018237082067,0.7386018237082067,4,B4,0.002391997608002392,0.0017667337955762348,0.0017667337955762348,0.002391997608002392,14.0,17.0,22.0,52,False,,,,True,
1996,朝阳区,raw_snapshot,1.0,RAW_SENSITIVITY,,,243.0,0.7386018237082067,0.7386018237082067,5,B5+,0.0,0.0,0.0,0.0,17.5,21.0,27.5,52,False,,,,True,
1997,朝阳区,raw_snapshot,1.0,RAW_SENSITIVITY,,,244.0,0.7416413373860182,0.7416413373860182,1,B1,0.8037521962478037,0.5960958537521706,0.7416413373860181,0.9999999999999999,3.5,5.0,5.5,52,False,,,,True,
1997,朝阳区,raw_snapshot,1.0,RAW_SENSITIVITY,,,244.0,0.7416413373860182,0.7416413373860182,2,B2,0.15184584815415184,0.11261515790155942,0.14554548363384764,0.19624780375219622,7.0,9.0,11.0,52,False,,,,True,
1997,朝阳区,raw_snapshot,1.0,RAW_SENSITIVITY,,,244.0,0.7416413373860182,0.7416413373860182,3,B3,0.042009957990042,0.031156321427265193,0.03293032573228824,0.04440195559804439,10.5,13.0,16.5,52,False,,,,True,
1997,朝阳区,raw_snapshot,1.0,RAW_SENSITIVITY,,,244.0,0.7416413373860182,0.7416413373860182,4,B4,0.002391997608002392,0.0017740043050230505,0.0017740043050230505,0.002391997608002392,14.0,17.0,22.0,52,False,,,,True,
1997,朝阳区,raw_snapshot,1.0,RAW_SENSITIVITY,,,244.0,0.7416413373860182,0.7416413373860182,5,B5+,0.0,0.0,0.0,0.0,17.5,21.0,27.5,52,False,,,,True,
1998,朝阳区,raw_snapshot,1.0,RAW_SENSITIVITY,,,245.0,0.7446808510638298,0.7446808510638299,1,B1,0.8037521962478037,0.5985388695462368,0.7446808510638298,0.9999999999999999,3.5,5.0,5.5,52,False,,,,True,
1998,朝阳区,raw_snapshot,1.0,RAW_SENSITIVITY,,,245.0,0.7446808510638298,0.7446808510638299,2,B2,0.15184584815415184,0.11307669543394287,0.14614198151759294,0.19624780375219622,7.0,9.0,11.0,52,False,,,,True,
1998,朝阳区,raw_snapshot,1.0,RAW_SENSITIVITY,,,245.0,0.7446808510638298,0.7446808510638299,3,B3,0.042009957990042,0.03128401126918021,0.03306528608365008,0.04440195559804439,10.5,13.0,16.5,52,False,,,,True,
1998,朝阳区,raw_snapshot,1.0,RAW_SENSITIVITY,,,245.0,0.7446808510638298,0.7446808510638299,4,B4,0.002391997608002392,0.0017812748144698663,0.0017812748144698663,0.002391997608002392,14.0,17.0,22.0,52,False,,,,True,
1998,朝阳区,raw_snapshot,1.0,RAW_SENSITIVITY,,,245.0,0.7446808510638298,0.7446808510638299,5,B5+,0.0,0.0,0.0,0.0,17.5,21.0,27.5,52,False,,,,True,
1999,朝阳区,raw_snapshot,1.0,RAW_SENSITIVITY,,,246.0,0.7477203647416414,0.7477203647416414,1,B1,0.8037521962478037,0.6009818853403031,0.7477203647416413,0.9999999999999999,3.5,5.0,5.5,52,False,,,,True,
1999,朝阳区,raw_snapshot,1.0,RAW_SENSITIVITY,,,246.0,0.7477203647416414,0.7477203647416414,2,B2,0.15184584815415184,0.1135382329663263,0.14673847940133822,0.19624780375219622,7.0,9.0,11.0,52,False,,,,True,
1999,朝阳区,raw_snapshot,1.0,RAW_SENSITIVITY,,,246.0,0.7477203647416414,0.7477203647416414,3,B3,0.042009957990042,0.03141170111109524,0.03320024643501192,0.04440195559804439,10.5,13.0,16.5,52,False,,,,True,
1999,朝阳区,raw_snapshot,1.0,RAW_SENSITIVITY,,,246.0,0.7477203647416414,0.7477203647416414,4,B4,0.002391997608002392,0.0017885453239166822,0.0017885453239166822,0.002391997608002392,14.0,17.0,22.0,52,False,,,,True,
1999,朝阳区,raw_snapshot,1.0,RAW_SENSITIVITY,,,246.0,0.7477203647416414,0.7477203647416414,5,B5+,0.0,0.0,0.0,0.0,17.5,21.0,27.5,52,False,,,,True,
2000,朝阳区,raw_snapshot,1.0,RAW_SENSITIVITY,247.0,247.0,247.0,0.7507598784194529,0.7507598784194529,1,B1,0.8037521962478037,0.6034249011343693,0.7507598784194528,0.9999999999999999,3.5,5.0,5.5,52,False,,,,False,
2000,朝阳区,raw_snapshot,1.0,RAW_SENSITIVITY,247.0,247.0,247.0,0.7507598784194529,0.7507598784194529,2,B2,0.15184584815415184,0.11399977049870974,0.1473349772850835,0.19624780375219622,7.0,9.0,11.0,52,False,,,,False,
2000,朝阳区,raw_snapshot,1.0,RAW_SENSITIVITY,247.0,247.0,247.0,0.7507598784194529,0.7507598784194529,3,B3,0.042009957990042,0.031539390953010255,0.03333520678637376,0.04440195559804439,10.5,13.0,16.5,52,False,,,,False,
2000,朝阳区,raw_snapshot,1.0,RAW_SENSITIVITY,247.0,247.0,247.0,0.7507598784194529,0.7507598784194529,4,B4,0.002391997608002392,0.0017958158333634979,0.0017958158333634979,0.002391997608002392,14.0,17.0,22.0,52,False,,,,False,
2000,朝阳区,raw_snapshot,1.0,RAW_SENSITIVITY,247.0,247.0,247.0,0.7507598784194529,0.7507598784194529,5,B5+,0.0,0.0,0.0,0.0,17.5,21.0,27.5,52,False,,,,False,
2001,朝阳区,raw_snapshot,1.0,RAW_SENSITIVITY,,,252.4,0.7671732522796353,0.7671732522796353,1,B1,0.8037521962478037,0.6166171864223272,0.7671732522796352,0.9999999999999999,3.5,5.0,5.5,52,False,,,,True,
2001,朝阳区,raw_snapshot,1.0,RAW_SENSITIVITY,,,252.4,0.7671732522796353,0.7671732522796353,2,B2,0.15184584815415184,0.11649207317358032,0.150556065857308,0.19624780375219622,7.0,9.0,11.0,52,False,,,,True,
2001,朝阳区,raw_snapshot,1.0,RAW_SENSITIVITY,,,252.4,0.7671732522796353,0.7671732522796353,3,B3,0.042009957990042,0.03222891609935137,0.03406399268372767,0.04440195559804439,10.5,13.0,16.5,52,False,,,,True,
2001,朝阳区,raw_snapshot,1.0,RAW_SENSITIVITY,,,252.4,0.7671732522796353,0.7671732522796353,4,B4,0.002391997608002392,0.0018350765843763031,0.0018350765843763031,0.002391997608002392,14.0,17.0,22.0,52,False,,,,True,
2001,朝阳区,raw_snapshot,1.0,RAW_SENSITIVITY,,,252.4,0.7671732522796353,0.7671732522796353,5,B5+,0.0,0.0,0.0,0.0,17.5,21.0,27.5,52,False,,,,True,
2002,朝阳区,raw_snapshot,1.0,RAW_SENSITIVITY,,,257.8,0.7835866261398177,0.7835866261398177,1,B1,0.8037521962478037,0.6298094717102851,0.7835866261398176,0.9999999999999999,3.5,5.0,5.5,52,False,,,,True,
2002,朝阳区,raw_snapshot,1.0,RAW_SENSITIVITY,,,257.8,0.7835866261398177,0.7835866261398177,2,B2,0.15184584815415184,0.1189843758484509,0.1537771544295325,0.19624780375219622,7.0,9.0,11.0,52,False,,,,True,
2002,朝阳区,raw_snapshot,1.0,RAW_SENSITIVITY,,,257.8,0.7835866261398177,0.7835866261398177,3,B3,0.042009957990042,0.03291844124569249,0.034792778581081596,0.04440195559804439,10.5,13.0,16.5,52,False,,,,True,
2002,朝阳区,raw_snapshot,1.0,RAW_SENSITIVITY,,,257.8,0.7835866261398177,0.7835866261398177,4,B4,0.002391997608002392,0.0018743373353891082,0.0018743373353891082,0.002391997608002392,14.0,17.0,22.0,52,False,,,,True,
2002,朝阳区,raw_snapshot,1.0,RAW_SENSITIVITY,,,257.8,0.7835866261398177,0.7835866261398177,5,B5+,0.0,0.0,0.0,0.0,17.5,21.0,27.5,52,False,,,,True,
2003,朝阳区,raw_snapshot,1.0,RAW_SENSITIVITY,,,263.2,0.7999999999999999,0.7999999999999999,1,B1,0.8037521962478037,0.6430017569982429,0.7999999999999998,0.9999999999999999,3.5,5.0,5.5,52,False,,,,True,
2003,朝阳区,raw_snapshot,1.0,RAW_SENSITIVITY,,,263.2,0.7999999999999999,0.7999999999999999,2,B2,0.15184584815415184,0.12147667852332146,0.15699824300175697,0.19624780375219622,7.0,9.0,11.0,52,False,,,,True,
2003,朝阳区,raw_snapshot,1.0,RAW_SENSITIVITY,,,263.2,0.7999999999999999,0.7999999999999999,3,B3,0.042009957990042,0.033607966392033596,0.03552156447843551,0.04440195559804439,10.5,13.0,16.5,52,False,,,,True,
2003,朝阳区,raw_snapshot,1.0,RAW_SENSITIVITY,,,263.2,0.7999999999999999,0.7999999999999999,4,B4,0.002391997608002392,0.0019135980864019133,0.0019135980864019133,0.002391997608002392,14.0,17.0,22.0,52,False,,,,True,
2003,朝阳区,raw_snapshot,1.0,RAW_SENSITIVITY,,,263.2,0.7999999999999999,0.7999999999999999,5,B5+,0.0,0.0,0.0,0.0,17.5,21.0,27.5,52,False,,,,True,
2004,朝阳区,raw_snapshot,1.0,RAW_SENSITIVITY,,,268.6,0.8164133738601824,0.8164133738601823,1,B1,0.8037521962478037,0.6561940422862008,0.8164133738601822,0.9999999999999999,3.5,5.0,5.5,52,False,,,,True,
2004,朝阳区,raw_snapshot,1.0,RAW_SENSITIVITY,,,268.6,0.8164133738601824,0.8164133738601823,2,B2,0.15184584815415184,0.12396898119819204,0.16021933157398147,0.19624780375219622,7.0,9.0,11.0,52,False,,,,True,
2004,朝阳区,raw_snapshot,1.0,RAW_SENSITIVITY,,,268.6,0.8164133738601824,0.8164133738601823,3,B3,0.042009957990042,0.03429749153837471,0.03625035037578943,0.04440195559804439,10.5,13.0,16.5,52,False,,,,True,
2004,朝阳区,raw_snapshot,1.0,RAW_SENSITIVITY,,,268.6,0.8164133738601824,0.8164133738601823,4,B4,0.002391997608002392,0.0019528588374147185,0.0019528588374147185,0.002391997608002392,14.0,17.0,22.0,52,False,,,,True,
2004,朝阳区,raw_snapshot,1.0,RAW_SENSITIVITY,,,268.6,0.8164133738601824,0.8164133738601823,5,B5+,0.0,0.0,0.0,0.0,17.5,21.0,27.5,52,False,,,,True,
2005,朝阳区,raw_snapshot,1.0,RAW_SENSITIVITY,274.0,274.0,274.0,0.8328267477203647,0.8328267477203647,1,B1,0.8037521962478037,0.6693863275741586,0.8328267477203646,0.9999999999999999,3.5,5.0,5.5,52,False,,,,False,
2005,朝阳区,raw_snapshot,1.0,RAW_SENSITIVITY,274.0,274.0,274.0,0.8328267477203647,0.8328267477203647,2,B2,0.15184584815415184,0.1264612838730626,0.16344042014620597,0.19624780375219622,7.0,9.0,11.0,52,False,,,,False,
2005,朝阳区,raw_snapshot,1.0,RAW_SENSITIVITY,274.0,274.0,274.0,0.8328267477203647,0.8328267477203647,3,B3,0.042009957990042,0.03498701668471583,0.03697913627314335,0.04440195559804439,10.5,13.0,16.5,52,False,,,,False,
2005,朝阳区,raw_snapshot,1.0,RAW_SENSITIVITY,274.0,274.0,274.0,0.8328267477203647,0.8328267477203647,4,B4,0.002391997608002392,0.001992119588427524,0.001992119588427524,0.002391997608002392,14.0,17.0,22.0,52,False,,,,False,
2005,朝阳区,raw_snapshot,1.0,RAW_SENSITIVITY,274.0,274.0,274.0,0.8328267477203647,0.8328267477203647,5,B5+,0.0,0.0,0.0,0.0,17.5,21.0,27.5,52,False,,,,False,
2006,朝阳区,raw_snapshot,1.0,RAW_SENSITIVITY,,,281.2,0.8547112462006079,0.8547112462006079,1,B1,0.8037521962478037,0.6869760412914359,0.8547112462006078,0.9999999999999999,3.5,5.0,5.5,52,False,,,,True,
2006,朝阳区,raw_snapshot,1.0,RAW_SENSITIVITY,,,281.2,0.8547112462006079,0.8547112462006079,2,B2,0.15184584815415184,0.12978435410622338,0.16773520490917196,0.19624780375219622,7.0,9.0,11.0,52,False,,,,True,
2006,朝阳区,raw_snapshot,1.0,RAW_SENSITIVITY,,,281.2,0.8547112462006079,0.8547112462006079,3,B3,0.042009957990042,0.03590638354650398,0.03795085080294858,0.04440195559804439,10.5,13.0,16.5,52,False,,,,True,
2006,朝阳区,raw_snapshot,1.0,RAW_SENSITIVITY,,,281.2,0.8547112462006079,0.8547112462006079,4,B4,0.002391997608002392,0.0020444672564445977,0.0020444672564445977,0.002391997608002392,14.0,17.0,22.0,52,False,,,,True,
2006,朝阳区,raw_snapshot,1.0,RAW_SENSITIVITY,,,281.2,0.8547112462006079,0.8547112462006079,5,B5+,0.0,0.0,0.0,0.0,17.5,21.0,27.5,52,False,,,,True,
2007,朝阳区,raw_snapshot,1.0,RAW_SENSITIVITY,,,288.4,0.876595744680851,0.876595744680851,1,B1,0.8037521962478037,0.704565755008713,0.8765957446808509,0.9999999999999999,3.5,5.0,5.5,52,False,,,,True,
2007,朝阳区,raw_snapshot,1.0,RAW_SENSITIVITY,,,288.4,0.876595744680851,0.876595744680851,2,B2,0.15184584815415184,0.13310742433938416,0.17202998967213795,0.19624780375219622,7.0,9.0,11.0,52,False,,,,True,
2007,朝阳区,raw_snapshot,1.0,RAW_SENSITIVITY,,,288.4,0.876595744680851,0.876595744680851,3,B3,0.042009957990042,0.036825750408292134,0.0389225653327538,0.04440195559804439,10.5,13.0,16.5,52,False,,,,True,
2007,朝阳区,raw_snapshot,1.0,RAW_SENSITIVITY,,,288.4,0.876595744680851,0.876595744680851,4,B4,0.002391997608002392,0.002096814924461671,0.002096814924461671,0.002391997608002392,14.0,17.0,22.0,52,False,,,,True,
2007,朝阳区,raw_snapshot,1.0,RAW_SENSITIVITY,,,288.4,0.876595744680851,0.876595744680851,5,B5+,0.0,0.0,0.0,0.0,17.5,21.0,27.5,52,False,,,,True,
2008,朝阳区,raw_snapshot,1.0,RAW_SENSITIVITY,,,295.6,0.8984802431610943,0.8984802431610942,1,B1,0.8037521962478037,0.7221554687259901,0.8984802431610941,0.9999999999999999,3.5,5.0,5.5,52,False,,,,True,
2008,朝阳区,raw_snapshot,1.0,RAW_SENSITIVITY,,,295.6,0.8984802431610943,0.8984802431610942,2,B2,0.15184584815415184,0.13643049457254494,0.17632477443510394,0.19624780375219622,7.0,9.0,11.0,52,False,,,,True,
2008,朝阳区,raw_snapshot,1.0,RAW_SENSITIVITY,,,295.6,0.8984802431610943,0.8984802431610942,3,B3,0.042009957990042,0.037745117270080286,0.039894279862559036,0.04440195559804439,10.5,13.0,16.5,52,False,,,,True,
2008,朝阳区,raw_snapshot,1.0,RAW_SENSITIVITY,,,295.6,0.8984802431610943,0.8984802431610942,4,B4,0.002391997608002392,0.0021491625924787445,0.0021491625924787445,0.002391997608002392,14.0,17.0,22.0,52,False,,,,True,
2008,朝阳区,raw_snapshot,1.0,RAW_SENSITIVITY,,,295.6,0.8984802431610943,0.8984802431610942,5,B5+,0.0,0.0,0.0,0.0,17.5,21.0,27.5,52,False,,,,True,
2009,朝阳区,raw_snapshot,1.0,RAW_SENSITIVITY,,,302.8,0.9203647416413374,0.9203647416413374,1,B1,0.8037521962478037,0.7397451824432674,0.9203647416413373,0.9999999999999999,3.5,5.0,5.5,52,False,,,,True,
2009,朝阳区,raw_snapshot,1.0,RAW_SENSITIVITY,,,302.8,0.9203647416413374,0.9203647416413374,2,B2,0.15184584815415184,0.1397535648057057,0.18061955919806996,0.19624780375219622,7.0,9.0,11.0,52,False,,,,True,
2009,朝阳区,raw_snapshot,1.0,RAW_SENSITIVITY,,,302.8,0.9203647416413374,0.9203647416413374,3,B3,0.042009957990042,0.038664484131868446,0.04086599439236426,0.04440195559804439,10.5,13.0,16.5,52,False,,,,True,
2009,朝阳区,raw_snapshot,1.0,RAW_SENSITIVITY,,,302.8,0.9203647416413374,0.9203647416413374,4,B4,0.002391997608002392,0.0022015102604958183,0.0022015102604958183,0.002391997608002392,14.0,17.0,22.0,52,False,,,,True,
2009,朝阳区,raw_snapshot,1.0,RAW_SENSITIVITY,,,302.8,0.9203647416413374,0.9203647416413374,5,B5+,0.0,0.0,0.0,0.0,17.5,21.0,27.5,52,False,,,,True,
2010,朝阳区,raw_snapshot,1.0,RAW_SENSITIVITY,310.0,310.0,310.0,0.9422492401215805,0.9422492401215805,1,B1,0.8037521962478037,0.7573348961605445,0.9422492401215804,0.9999999999999999,3.5,5.0,5.5,52,False,,,,False,
2010,朝阳区,raw_snapshot,1.0,RAW_SENSITIVITY,310.0,310.0,310.0,0.9422492401215805,0.9422492401215805,2,B2,0.15184584815415184,0.14307663503886647,0.18491434396103595,0.19624780375219622,7.0,9.0,11.0,52,False,,,,False,
2010,朝阳区,raw_snapshot,1.0,RAW_SENSITIVITY,310.0,310.0,310.0,0.9422492401215805,0.9422492401215805,3,B3,0.042009957990042,0.03958385099365659,0.04183770892216949,0.04440195559804439,10.5,13.0,16.5,52,False,,,,False,
2010,朝阳区,raw_snapshot,1.0,RAW_SENSITIVITY,310.0,310.0,310.0,0.9422492401215805,0.9422492401215805,4,B4,0.002391997608002392,0.0022538579285128917,0.0022538579285128917,0.002391997608002392,14.0,17.0,22.0,52,False,,,,False,
2010,朝阳区,raw_snapshot,1.0,RAW_SENSITIVITY,310.0,310.0,310.0,0.9422492401215805,0.9422492401215805,5,B5+,0.0,0.0,0.0,0.0,17.5,21.0,27.5,52,False,,,,False,
2011,朝阳区,raw_snapshot,1.0,RAW_SENSITIVITY,,,310.0,0.9422492401215805,0.9422492401215805,1,B1,0.8037521962478037,0.7573348961605445,0.9422492401215804,0.9999999999999999,3.5,5.0,5.5,52,False,,,,True,
2011,朝阳区,raw_snapshot,1.0,RAW_SENSITIVITY,,,310.0,0.9422492401215805,0.9422492401215805,2,B2,0.15184584815415184,0.14307663503886647,0.18491434396103595,0.19624780375219622,7.0,9.0,11.0,52,False,,,,True,
2011,朝阳区,raw_snapshot,1.0,RAW_SENSITIVITY,,,310.0,0.9422492401215805,0.9422492401215805,3,B3,0.042009957990042,0.03958385099365659,0.04183770892216949,0.04440195559804439,10.5,13.0,16.5,52,False,,,,True,
2011,朝阳区,raw_snapshot,1.0,RAW_SENSITIVITY,,,310.0,0.9422492401215805,0.9422492401215805,4,B4,0.002391997608002392,0.0022538579285128917,0.0022538579285128917,0.002391997608002392,14.0,17.0,22.0,52,False,,,,True,
2011,朝阳区,raw_snapshot,1.0,RAW_SENSITIVITY,,,310.0,0.9422492401215805,0.9422492401215805,5,B5+,0.0,0.0,0.0,0.0,17.5,21.0,27.5,52,False,,,,True,
2012,朝阳区,raw_snapshot,1.0,RAW_SENSITIVITY,,,310.0,0.9422492401215805,0.9422492401215805,1,B1,0.8037521962478037,0.7573348961605445,0.9422492401215804,0.9999999999999999,3.5,5.0,5.5,52,False,,,,True,
2012,朝阳区,raw_snapshot,1.0,RAW_SENSITIVITY,,,310.0,0.9422492401215805,0.9422492401215805,2,B2,0.15184584815415184,0.14307663503886647,0.18491434396103595,0.19624780375219622,7.0,9.0,11.0,52,False,,,,True,
2012,朝阳区,raw_snapshot,1.0,RAW_SENSITIVITY,,,310.0,0.9422492401215805,0.9422492401215805,3,B3,0.042009957990042,0.03958385099365659,0.04183770892216949,0.04440195559804439,10.5,13.0,16.5,52,False,,,,True,
2012,朝阳区,raw_snapshot,1.0,RAW_SENSITIVITY,,,310.0,0.9422492401215805,0.9422492401215805,4,B4,0.002391997608002392,0.0022538579285128917,0.0022538579285128917,0.002391997608002392,14.0,17.0,22.0,52,False,,,,True,
2012,朝阳区,raw_snapshot,1.0,RAW_SENSITIVITY,,,310.0,0.9422492401215805,0.9422492401215805,5,B5+,0.0,0.0,0.0,0.0,17.5,21.0,27.5,52,False,,,,True,
2013,朝阳区,raw_snapshot,1.0,RAW_SENSITIVITY,,,310.0,0.9422492401215805,0.9422492401215805,1,B1,0.8037521962478037,0.7573348961605445,0.9422492401215804,0.9999999999999999,3.5,5.0,5.5,52,False,,,,True,
2013,朝阳区,raw_snapshot,1.0,RAW_SENSITIVITY,,,310.0,0.9422492401215805,0.9422492401215805,2,B2,0.15184584815415184,0.14307663503886647,0.18491434396103595,0.19624780375219622,7.0,9.0,11.0,52,False,,,,True,
2013,朝阳区,raw_snapshot,1.0,RAW_SENSITIVITY,,,310.0,0.9422492401215805,0.9422492401215805,3,B3,0.042009957990042,0.03958385099365659,0.04183770892216949,0.04440195559804439,10.5,13.0,16.5,52,False,,,,True,
2013,朝阳区,raw_snapshot,1.0,RAW_SENSITIVITY,,,310.0,0.9422492401215805,0.9422492401215805,4,B4,0.002391997608002392,0.0022538579285128917,0.0022538579285128917,0.002391997608002392,14.0,17.0,22.0,52,False,,,,True,
2013,朝阳区,raw_snapshot,1.0,RAW_SENSITIVITY,,,310.0,0.9422492401215805,0.9422492401215805,5,B5+,0.0,0.0,0.0,0.0,17.5,21.0,27.5,52,False,,,,True,
2014,朝阳区,raw_snapshot,1.0,RAW_SENSITIVITY,,,310.0,0.9422492401215805,0.9422492401215805,1,B1,0.8037521962478037,0.7573348961605445,0.9422492401215804,0.9999999999999999,3.5,5.0,5.5,52,False,,,,True,
2014,朝阳区,raw_snapshot,1.0,RAW_SENSITIVITY,,,310.0,0.9422492401215805,0.9422492401215805,2,B2,0.15184584815415184,0.14307663503886647,0.18491434396103595,0.19624780375219622,7.0,9.0,11.0,52,False,,,,True,
2014,朝阳区,raw_snapshot,1.0,RAW_SENSITIVITY,,,310.0,0.9422492401215805,0.9422492401215805,3,B3,0.042009957990042,0.03958385099365659,0.04183770892216949,0.04440195559804439,10.5,13.0,16.5,52,False,,,,True,
2014,朝阳区,raw_snapshot,1.0,RAW_SENSITIVITY,,,310.0,0.9422492401215805,0.9422492401215805,4,B4,0.002391997608002392,0.0022538579285128917,0.0022538579285128917,0.002391997608002392,14.0,17.0,22.0,52,False,,,,True,
2014,朝阳区,raw_snapshot,1.0,RAW_SENSITIVITY,,,310.0,0.9422492401215805,0.9422492401215805,5,B5+,0.0,0.0,0.0,0.0,17.5,21.0,27.5,52,False,,,,True,
2015,朝阳区,raw_snapshot,1.0,RAW_SENSITIVITY,310.0,310.0,310.0,0.9422492401215805,0.9422492401215805,1,B1,0.8037521962478037,0.7573348961605445,0.9422492401215804,0.9999999999999999,3.5,5.0,5.5,52,False,,,,False,
2015,朝阳区,raw_snapshot,1.0,RAW_SENSITIVITY,310.0,310.0,310.0,0.9422492401215805,0.9422492401215805,2,B2,0.15184584815415184,0.14307663503886647,0.18491434396103595,0.19624780375219622,7.0,9.0,11.0,52,False,,,,False,
2015,朝阳区,raw_snapshot,1.0,RAW_SENSITIVITY,310.0,310.0,310.0,0.9422492401215805,0.9422492401215805,3,B3,0.042009957990042,0.03958385099365659,0.04183770892216949,0.04440195559804439,10.5,13.0,16.5,52,False,,,,False,
2015,朝阳区,raw_snapshot,1.0,RAW_SENSITIVITY,310.0,310.0,310.0,0.9422492401215805,0.9422492401215805,4,B4,0.002391997608002392,0.0022538579285128917,0.0022538579285128917,0.002391997608002392,14.0,17.0,22.0,52,False,,,,False,
2015,朝阳区,raw_snapshot,1.0,RAW_SENSITIVITY,310.0,310.0,310.0,0.9422492401215805,0.9422492401215805,5,B5+,0.0,0.0,0.0,0.0,17.5,21.0,27.5,52,False,,,,False,
2016,朝阳区,raw_snapshot,1.0,RAW_SENSITIVITY,,,313.8,0.9537993920972645,0.9537993920972644,1,B1,0.8037521962478037,0.7666183561779963,0.9537993920972643,0.9999999999999999,3.5,5.0,5.5,52,False,,,,True,
2016,朝阳区,raw_snapshot,1.0,RAW_SENSITIVITY,,,313.8,0.9537993920972645,0.9537993920972644,2,B2,0.15184584815415184,0.14483047766192353,0.187181035919268,0.19624780375219622,7.0,9.0,11.0,52,False,,,,True,
2016,朝阳区,raw_snapshot,1.0,RAW_SENSITIVITY,,,313.8,0.9537993920972645,0.9537993920972644,3,B3,0.042009957990042,0.040069072392933676,0.04235055825734447,0.04440195559804439,10.5,13.0,16.5,52,False,,,,True,
2016,朝阳区,raw_snapshot,1.0,RAW_SENSITIVITY,,,313.8,0.9537993920972645,0.9537993920972644,4,B4,0.002391997608002392,0.002281485864410792,0.002281485864410792,0.002391997608002392,14.0,17.0,22.0,52,False,,,,True,
2016,朝阳区,raw_snapshot,1.0,RAW_SENSITIVITY,,,313.8,0.9537993920972645,0.9537993920972644,5,B5+,0.0,0.0,0.0,0.0,17.5,21.0,27.5,52,False,,,,True,
2017,朝阳区,raw_snapshot,1.0,RAW_SENSITIVITY,,,317.6,0.9653495440729484,0.9653495440729483,1,B1,0.8037521962478037,0.7759018161954482,0.9653495440729482,0.9999999999999999,3.5,5.0,5.5,52,False,,,,True,
2017,朝阳区,raw_snapshot,1.0,RAW_SENSITIVITY,,,317.6,0.9653495440729484,0.9653495440729483,2,B2,0.15184584815415184,0.1465843202849806,0.18944772787750006,0.19624780375219622,7.0,9.0,11.0,52,False,,,,True,
2017,朝阳区,raw_snapshot,1.0,RAW_SENSITIVITY,,,317.6,0.9653495440729484,0.9653495440729483,3,B3,0.042009957990042,0.040554293792210754,0.04286340759251945,0.04440195559804439,10.5,13.0,16.5,52,False,,,,True,
2017,朝阳区,raw_snapshot,1.0,RAW_SENSITIVITY,,,317.6,0.9653495440729484,0.9653495440729483,4,B4,0.002391997608002392,0.002309113800308692,0.002309113800308692,0.002391997608002392,14.0,17.0,22.0,52,False,,,,True,
2017,朝阳区,raw_snapshot,1.0,RAW_SENSITIVITY,,,317.6,0.9653495440729484,0.9653495440729483,5,B5+,0.0,0.0,0.0,0.0,17.5,21.0,27.5,52,False,,,,True,
2018,朝阳区,raw_snapshot,1.0,RAW_SENSITIVITY,,,321.4,0.9768996960486321,0.9768996960486322,1,B1,0.8037521962478037,0.7851852762129,0.9768996960486321,0.9999999999999999,3.5,5.0,5.5,52,False,,,,True,
2018,朝阳区,raw_snapshot,1.0,RAW_SENSITIVITY,,,321.4,0.9768996960486321,0.9768996960486322,2,B2,0.15184584815415184,0.1483381629080377,0.19171441983573212,0.19624780375219622,7.0,9.0,11.0,52,False,,,,True,
2018,朝阳区,raw_snapshot,1.0,RAW_SENSITIVITY,,,321.4,0.9768996960486321,0.9768996960486322,3,B3,0.042009957990042,0.04103951519148784,0.04337625692769443,0.04440195559804439,10.5,13.0,16.5,52,False,,,,True,
2018,朝阳区,raw_snapshot,1.0,RAW_SENSITIVITY,,,321.4,0.9768996960486321,0.9768996960486322,4,B4,0.002391997608002392,0.002336741736206592,0.002336741736206592,0.002391997608002392,14.0,17.0,22.0,52,False,,,,True,
2018,朝阳区,raw_snapshot,1.0,RAW_SENSITIVITY,,,321.4,0.9768996960486321,0.9768996960486322,5,B5+,0.0,0.0,0.0,0.0,17.5,21.0,27.5,52,False,,,,True,
2019,朝阳区,raw_snapshot,1.0,RAW_SENSITIVITY,,,325.2,0.9884498480243161,0.9884498480243161,1,B1,0.8037521962478037,0.7944687362303519,0.988449848024316,0.9999999999999999,3.5,5.0,5.5,52,False,,,,True,
2019,朝阳区,raw_snapshot,1.0,RAW_SENSITIVITY,,,325.2,0.9884498480243161,0.9884498480243161,2,B2,0.15184584815415184,0.15009200553109475,0.19398111179396416,0.19624780375219622,7.0,9.0,11.0,52,False,,,,True,
2019,朝阳区,raw_snapshot,1.0,RAW_SENSITIVITY,,,325.2,0.9884498480243161,0.9884498480243161,3,B3,0.042009957990042,0.04152473659076492,0.04388910626286941,0.04440195559804439,10.5,13.0,16.5,52,False,,,,True,
2019,朝阳区,raw_snapshot,1.0,RAW_SENSITIVITY,,,325.2,0.9884498480243161,0.9884498480243161,4,B4,0.002391997608002392,0.0023643696721044917,0.0023643696721044917,0.002391997608002392,14.0,17.0,22.0,52,False,,,,True,
2019,朝阳区,raw_snapshot,1.0,RAW_SENSITIVITY,,,325.2,0.9884498480243161,0.9884498480243161,5,B5+,0.0,0.0,0.0,0.0,17.5,21.0,27.5,52,False,,,,True,
2020,朝阳区,raw_snapshot,1.0,RAW_SENSITIVITY,329.0,329.0,329.0,1.0,1.0,1,B1,0.8037521962478037,0.8037521962478037,0.9999999999999999,0.9999999999999999,3.5,5.0,5.5,52,False,,,,False,
2020,朝阳区,raw_snapshot,1.0,RAW_SENSITIVITY,329.0,329.0,329.0,1.0,1.0,2,B2,0.15184584815415184,0.15184584815415184,0.19624780375219622,0.19624780375219622,7.0,9.0,11.0,52,False,,,,False,
2020,朝阳区,raw_snapshot,1.0,RAW_SENSITIVITY,329.0,329.0,329.0,1.0,1.0,3,B3,0.042009957990042,0.042009957990042,0.04440195559804439,0.04440195559804439,10.5,13.0,16.5,52,False,,,,False,
2020,朝阳区,raw_snapshot,1.0,RAW_SENSITIVITY,329.0,329.0,329.0,1.0,1.0,4,B4,0.002391997608002392,0.002391997608002392,0.002391997608002392,0.002391997608002392,14.0,17.0,22.0,52,False,,,,False,
2020,朝阳区,raw_snapshot,1.0,RAW_SENSITIVITY,329.0,329.0,329.0,1.0,1.0,5,B5+,0.0,0.0,0.0,0.0,17.5,21.0,27.5,52,False,,,,False,
1980,海淀区,raw_snapshot,1.0,RAW_SENSITIVITY,95.0,95.0,95.0,0.42035398230088494,0.42035398230088494,1,B1,0.794037,0.33377661504424777,0.42035398230088494,1.0,3.5,5.0,5.5,183,False,,,,False,
1980,海淀区,raw_snapshot,1.0,RAW_SENSITIVITY,95.0,95.0,95.0,0.42035398230088494,0.42035398230088494,2,B2,0.167361,0.07035086283185842,0.08657736725663717,0.205963,7.0,9.0,11.0,183,False,,,,False,
1980,海淀区,raw_snapshot,1.0,RAW_SENSITIVITY,95.0,95.0,95.0,0.42035398230088494,0.42035398230088494,3,B3,0.024045,0.010107411504424778,0.01622650442477876,0.038602,10.5,13.0,16.5,183,False,,,,False,
1980,海淀区,raw_snapshot,1.0,RAW_SENSITIVITY,95.0,95.0,95.0,0.42035398230088494,0.42035398230088494,4,B4,0.014557,0.006119092920353983,0.006119092920353983,0.014557,14.0,17.0,22.0,183,False,,,,False,
1980,海淀区,raw_snapshot,1.0,RAW_SENSITIVITY,95.0,95.0,95.0,0.42035398230088494,0.42035398230088494,5,B5+,0.0,0.0,0.0,0.0,17.5,21.0,27.5,183,False,,,,False,
1981,海淀区,raw_snapshot,1.0,RAW_SENSITIVITY,,,95.0,0.42035398230088494,0.42035398230088494,1,B1,0.794037,0.33377661504424777,0.42035398230088494,1.0,3.5,5.0,5.5,183,False,,,,True,
1981,海淀区,raw_snapshot,1.0,RAW_SENSITIVITY,,,95.0,0.42035398230088494,0.42035398230088494,2,B2,0.167361,0.07035086283185842,0.08657736725663717,0.205963,7.0,9.0,11.0,183,False,,,,True,
1981,海淀区,raw_snapshot,1.0,RAW_SENSITIVITY,,,95.0,0.42035398230088494,0.42035398230088494,3,B3,0.024045,0.010107411504424778,0.01622650442477876,0.038602,10.5,13.0,16.5,183,False,,,,True,
1981,海淀区,raw_snapshot,1.0,RAW_SENSITIVITY,,,95.0,0.42035398230088494,0.42035398230088494,4,B4,0.014557,0.006119092920353983,0.006119092920353983,0.014557,14.0,17.0,22.0,183,False,,,,True,
1981,海淀区,raw_snapshot,1.0,RAW_SENSITIVITY,,,95.0,0.42035398230088494,0.42035398230088494,5,B5+,0.0,0.0,0.0,0.0,17.5,21.0,27.5,183,False,,,,True,
1982,海淀区,raw_snapshot,1.0,RAW_SENSITIVITY,,,95.0,0.42035398230088494,0.42035398230088494,1,B1,0.794037,0.33377661504424777,0.42035398230088494,1.0,3.5,5.0,5.5,183,False,,,,True,
1982,海淀区,raw_snapshot,1.0,RAW_SENSITIVITY,,,95.0,0.42035398230088494,0.42035398230088494,2,B2,0.167361,0.07035086283185842,0.08657736725663717,0.205963,7.0,9.0,11.0,183,False,,,,True,
1982,海淀区,raw_snapshot,1.0,RAW_SENSITIVITY,,,95.0,0.42035398230088494,0.42035398230088494,3,B3,0.024045,0.010107411504424778,0.01622650442477876,0.038602,10.5,13.0,16.5,183,False,,,,True,
1982,海淀区,raw_snapshot,1.0,RAW_SENSITIVITY,,,95.0,0.42035398230088494,0.42035398230088494,4,B4,0.014557,0.006119092920353983,0.006119092920353983,0.014557,14.0,17.0,22.0,183,False,,,,True,
1982,海淀区,raw_snapshot,1.0,RAW_SENSITIVITY,,,95.0,0.42035398230088494,0.42035398230088494,5,B5+,0.0,0.0,0.0,0.0,17.5,21.0,27.5,183,False,,,,True,
1983,海淀区,raw_snapshot,1.0,RAW_SENSITIVITY,,,95.0,0.42035398230088494,0.42035398230088494,1,B1,0.794037,0.33377661504424777,0.42035398230088494,1.0,3.5,5.0,5.5,183,False,,,,True,
1983,海淀区,raw_snapshot,1.0,RAW_SENSITIVITY,,,95.0,0.42035398230088494,0.42035398230088494,2,B2,0.167361,0.07035086283185842,0.08657736725663717,0.205963,7.0,9.0,11.0,183,False,,,,True,
1983,海淀区,raw_snapshot,1.0,RAW_SENSITIVITY,,,95.0,0.42035398230088494,0.42035398230088494,3,B3,0.024045,0.010107411504424778,0.01622650442477876,0.038602,10.5,13.0,16.5,183,False,,,,True,
1983,海淀区,raw_snapshot,1.0,RAW_SENSITIVITY,,,95.0,0.42035398230088494,0.42035398230088494,4,B4,0.014557,0.006119092920353983,0.006119092920353983,0.014557,14.0,17.0,22.0,183,False,,,,True,
1983,海淀区,raw_snapshot,1.0,RAW_SENSITIVITY,,,95.0,0.42035398230088494,0.42035398230088494,5,B5+,0.0,0.0,0.0,0.0,17.5,21.0,27.5,183,False,,,,True,
1984,海淀区,raw_snapshot,1.0,RAW_SENSITIVITY,,,95.0,0.42035398230088494,0.42035398230088494,1,B1,0.794037,0.33377661504424777,0.42035398230088494,1.0,3.5,5.0,5.5,183,False,,,,True,
1984,海淀区,raw_snapshot,1.0,RAW_SENSITIVITY,,,95.0,0.42035398230088494,0.42035398230088494,2,B2,0.167361,0.07035086283185842,0.08657736725663717,0.205963,7.0,9.0,11.0,183,False,,,,True,
1984,海淀区,raw_snapshot,1.0,RAW_SENSITIVITY,,,95.0,0.42035398230088494,0.42035398230088494,3,B3,0.024045,0.010107411504424778,0.01622650442477876,0.038602,10.5,13.0,16.5,183,False,,,,True,
1984,海淀区,raw_snapshot,1.0,RAW_SENSITIVITY,,,95.0,0.42035398230088494,0.42035398230088494,4,B4,0.014557,0.006119092920353983,0.006119092920353983,0.014557,14.0,17.0,22.0,183,False,,,,True,
1984,海淀区,raw_snapshot,1.0,RAW_SENSITIVITY,,,95.0,0.42035398230088494,0.42035398230088494,5,B5+,0.0,0.0,0.0,0.0,17.5,21.0,27.5,183,False,,,,True,
1985,海淀区,raw_snapshot,1.0,RAW_SENSITIVITY,,,95.0,0.42035398230088494,0.42035398230088494,1,B1,0.794037,0.33377661504424777,0.42035398230088494,1.0,3.5,5.0,5.5,183,False,,,,True,
1985,海淀区,raw_snapshot,1.0,RAW_SENSITIVITY,,,95.0,0.42035398230088494,0.42035398230088494,2,B2,0.167361,0.07035086283185842,0.08657736725663717,0.205963,7.0,9.0,11.0,183,False,,,,True,
1985,海淀区,raw_snapshot,1.0,RAW_SENSITIVITY,,,95.0,0.42035398230088494,0.42035398230088494,3,B3,0.024045,0.010107411504424778,0.01622650442477876,0.038602,10.5,13.0,16.5,183,False,,,,True,
1985,海淀区,raw_snapshot,1.0,RAW_SENSITIVITY,,,95.0,0.42035398230088494,0.42035398230088494,4,B4,0.014557,0.006119092920353983,0.006119092920353983,0.014557,14.0,17.0,22.0,183,False,,,,True,
1985,海淀区,raw_snapshot,1.0,RAW_SENSITIVITY,,,95.0,0.42035398230088494,0.42035398230088494,5,B5+,0.0,0.0,0.0,0.0,17.5,21.0,27.5,183,False,,,,True,
1986,海淀区,raw_snapshot,1.0,RAW_SENSITIVITY,,,95.0,0.42035398230088494,0.42035398230088494,1,B1,0.794037,0.33377661504424777,0.42035398230088494,1.0,3.5,5.0,5.5,183,False,,,,True,
1986,海淀区,raw_snapshot,1.0,RAW_SENSITIVITY,,,95.0,0.42035398230088494,0.42035398230088494,2,B2,0.167361,0.07035086283185842,0.08657736725663717,0.205963,7.0,9.0,11.0,183,False,,,,True,
1986,海淀区,raw_snapshot,1.0,RAW_SENSITIVITY,,,95.0,0.42035398230088494,0.42035398230088494,3,B3,0.024045,0.010107411504424778,0.01622650442477876,0.038602,10.5,13.0,16.5,183,False,,,,True,
1986,海淀区,raw_snapshot,1.0,RAW_SENSITIVITY,,,95.0,0.42035398230088494,0.42035398230088494,4,B4,0.014557,0.006119092920353983,0.006119092920353983,0.014557,14.0,17.0,22.0,183,False,,,,True,
1986,海淀区,raw_snapshot,1.0,RAW_SENSITIVITY,,,95.0,0.42035398230088494,0.42035398230088494,5,B5+,0.0,0.0,0.0,0.0,17.5,21.0,27.5,183,False,,,,True,
1987,海淀区,raw_snapshot,1.0,RAW_SENSITIVITY,,,95.0,0.42035398230088494,0.42035398230088494,1,B1,0.794037,0.33377661504424777,0.42035398230088494,1.0,3.5,5.0,5.5,183,False,,,,True,
1987,海淀区,raw_snapshot,1.0,RAW_SENSITIVITY,,,95.0,0.42035398230088494,0.42035398230088494,2,B2,0.167361,0.07035086283185842,0.08657736725663717,0.205963,7.0,9.0,11.0,183,False,,,,True,
1987,海淀区,raw_snapshot,1.0,RAW_SENSITIVITY,,,95.0,0.42035398230088494,0.42035398230088494,3,B3,0.024045,0.010107411504424778,0.01622650442477876,0.038602,10.5,13.0,16.5,183,False,,,,True,
1987,海淀区,raw_snapshot,1.0,RAW_SENSITIVITY,,,95.0,0.42035398230088494,0.42035398230088494,4,B4,0.014557,0.006119092920353983,0.006119092920353983,0.014557,14.0,17.0,22.0,183,False,,,,True,
1987,海淀区,raw_snapshot,1.0,RAW_SENSITIVITY,,,95.0,0.42035398230088494,0.42035398230088494,5,B5+,0.0,0.0,0.0,0.0,17.5,21.0,27.5,183,False,,,,True,
1988,海淀区,raw_snapshot,1.0,RAW_SENSITIVITY,,,95.0,0.42035398230088494,0.42035398230088494,1,B1,0.794037,0.33377661504424777,0.42035398230088494,1.0,3.5,5.0,5.5,183,False,,,,True,
1988,海淀区,raw_snapshot,1.0,RAW_SENSITIVITY,,,95.0,0.42035398230088494,0.42035398230088494,2,B2,0.167361,0.07035086283185842,0.08657736725663717,0.205963,7.0,9.0,11.0,183,False,,,,True,
1988,海淀区,raw_snapshot,1.0,RAW_SENSITIVITY,,,95.0,0.42035398230088494,0.42035398230088494,3,B3,0.024045,0.010107411504424778,0.01622650442477876,0.038602,10.5,13.0,16.5,183,False,,,,True,
1988,海淀区,raw_snapshot,1.0,RAW_SENSITIVITY,,,95.0,0.42035398230088494,0.42035398230088494,4,B4,0.014557,0.006119092920353983,0.006119092920353983,0.014557,14.0,17.0,22.0,183,False,,,,True,
1988,海淀区,raw_snapshot,1.0,RAW_SENSITIVITY,,,95.0,0.42035398230088494,0.42035398230088494,5,B5+,0.0,0.0,0.0,0.0,17.5,21.0,27.5,183,False,,,,True,
1989,海淀区,raw_snapshot,1.0,RAW_SENSITIVITY,,,95.0,0.42035398230088494,0.42035398230088494,1,B1,0.794037,0.33377661504424777,0.42035398230088494,1.0,3.5,5.0,5.5,183,False,,,,True,
1989,海淀区,raw_snapshot,1.0,RAW_SENSITIVITY,,,95.0,0.42035398230088494,0.42035398230088494,2,B2,0.167361,0.07035086283185842,0.08657736725663717,0.205963,7.0,9.0,11.0,183,False,,,,True,
1989,海淀区,raw_snapshot,1.0,RAW_SENSITIVITY,,,95.0,0.42035398230088494,0.42035398230088494,3,B3,0.024045,0.010107411504424778,0.01622650442477876,0.038602,10.5,13.0,16.5,183,False,,,,True,
1989,海淀区,raw_snapshot,1.0,RAW_SENSITIVITY,,,95.0,0.42035398230088494,0.42035398230088494,4,B4,0.014557,0.006119092920353983,0.006119092920353983,0.014557,14.0,17.0,22.0,183,False,,,,True,
1989,海淀区,raw_snapshot,1.0,RAW_SENSITIVITY,,,95.0,0.42035398230088494,0.42035398230088494,5,B5+,0.0,0.0,0.0,0.0,17.5,21.0,27.5,183,False,,,,True,
1990,海淀区,raw_snapshot,1.0,RAW_SENSITIVITY,95.0,95.0,95.0,0.42035398230088494,0.42035398230088494,1,B1,0.794037,0.33377661504424777,0.42035398230088494,1.0,3.5,5.0,5.5,183,False,,,,False,
1990,海淀区,raw_snapshot,1.0,RAW_SENSITIVITY,95.0,95.0,95.0,0.42035398230088494,0.42035398230088494,2,B2,0.167361,0.07035086283185842,0.08657736725663717,0.205963,7.0,9.0,11.0,183,False,,,,False,
1990,海淀区,raw_snapshot,1.0,RAW_SENSITIVITY,95.0,95.0,95.0,0.42035398230088494,0.42035398230088494,3,B3,0.024045,0.010107411504424778,0.01622650442477876,0.038602,10.5,13.0,16.5,183,False,,,,False,
1990,海淀区,raw_snapshot,1.0,RAW_SENSITIVITY,95.0,95.0,95.0,0.42035398230088494,0.42035398230088494,4,B4,0.014557,0.006119092920353983,0.006119092920353983,0.014557,14.0,17.0,22.0,183,False,,,,False,
1990,海淀区,raw_snapshot,1.0,RAW_SENSITIVITY,95.0,95.0,95.0,0.42035398230088494,0.42035398230088494,5,B5+,0.0,0.0,0.0,0.0,17.5,21.0,27.5,183,False,,,,False,
1991,海淀区,raw_snapshot,1.0,RAW_SENSITIVITY,,,110.6,0.4893805309734513,0.4893805309734513,1,B1,0.794037,0.38858624867256636,0.4893805309734513,1.0,3.5,5.0,5.5,183,False,,,,True,
1991,海淀区,raw_snapshot,1.0,RAW_SENSITIVITY,,,110.6,0.4893805309734513,0.4893805309734513,2,B2,0.167361,0.08190321504424779,0.10079428230088495,0.205963,7.0,9.0,11.0,183,False,,,,True,
1991,海淀区,raw_snapshot,1.0,RAW_SENSITIVITY,,,110.6,0.4893805309734513,0.4893805309734513,3,B3,0.024045,0.011767154867256636,0.018891067256637167,0.038602,10.5,13.0,16.5,183,False,,,,True,
1991,海淀区,raw_snapshot,1.0,RAW_SENSITIVITY,,,110.6,0.4893805309734513,0.4893805309734513,4,B4,0.014557,0.007123912389380531,0.007123912389380531,0.014557,14.0,17.0,22.0,183,False,,,,True,
1991,海淀区,raw_snapshot,1.0,RAW_SENSITIVITY,,,110.6,0.4893805309734513,0.4893805309734513,5,B5+,0.0,0.0,0.0,0.0,17.5,21.0,27.5,183,False,,,,True,
1992,海淀区,raw_snapshot,1.0,RAW_SENSITIVITY,,,126.2,0.5584070796460177,0.5584070796460177,1,B1,0.794037,0.4433958823008849,0.5584070796460177,1.0,3.5,5.0,5.5,183,False,,,,True,
1992,海淀区,raw_snapshot,1.0,RAW_SENSITIVITY,,,126.2,0.5584070796460177,0.5584070796460177,2,B2,0.167361,0.09345556725663717,0.11501119734513274,0.205963,7.0,9.0,11.0,183,False,,,,True,
1992,海淀区,raw_snapshot,1.0,RAW_SENSITIVITY,,,126.2,0.5584070796460177,0.5584070796460177,3,B3,0.024045,0.013426898230088495,0.02155563008849557,0.038602,10.5,13.0,16.5,183,False,,,,True,
1992,海淀区,raw_snapshot,1.0,RAW_SENSITIVITY,,,126.2,0.5584070796460177,0.5584070796460177,4,B4,0.014557,0.00812873185840708,0.00812873185840708,0.014557,14.0,17.0,22.0,183,False,,,,True,
1992,海淀区,raw_snapshot,1.0,RAW_SENSITIVITY,,,126.2,0.5584070796460177,0.5584070796460177,5,B5+,0.0,0.0,0.0,0.0,17.5,21.0,27.5,183,False,,,,True,
1993,海淀区,raw_snapshot,1.0,RAW_SENSITIVITY,,,141.8,0.6274336283185841,0.6274336283185841,1,B1,0.794037,0.49820551592920354,0.6274336283185841,1.0,3.5,5.0,5.5,183,False,,,,True,
1993,海淀区,raw_snapshot,1.0,RAW_SENSITIVITY,,,141.8,0.6274336283185841,0.6274336283185841,2,B2,0.167361,0.10500791946902656,0.12922811238938053,0.205963,7.0,9.0,11.0,183,False,,,,True,
1993,海淀区,raw_snapshot,1.0,RAW_SENSITIVITY,,,141.8,0.6274336283185841,0.6274336283185841,3,B3,0.024045,0.015086641592920355,0.024220192920353982,0.038602,10.5,13.0,16.5,183,False,,,,True,
1993,海淀区,raw_snapshot,1.0,RAW_SENSITIVITY,,,141.8,0.6274336283185841,0.6274336283185841,4,B4,0.014557,0.009133551327433629,0.009133551327433629,0.014557,14.0,17.0,22.0,183,False,,,,True,
1993,海淀区,raw_snapshot,1.0,RAW_SENSITIVITY,,,141.8,0.6274336283185841,0.6274336283185841,5,B5+,0.0,0.0,0.0,0.0,17.5,21.0,27.5,183,False,,,,True,
1994,海淀区,raw_snapshot,1.0,RAW_SENSITIVITY,,,157.4,0.6964601769911505,0.6964601769911505,1,B1,0.794037,0.5530151495575222,0.6964601769911505,1.0,3.5,5.0,5.5,183,False,,,,True,
1994,海淀区,raw_snapshot,1.0,RAW_SENSITIVITY,,,157.4,0.6964601769911505,0.6964601769911505,2,B2,0.167361,0.11656027168141594,0.14344502743362833,0.205963,7.0,9.0,11.0,183,False,,,,True,
1994,海淀区,raw_snapshot,1.0,RAW_SENSITIVITY,,,157.4,0.6964601769911505,0.6964601769911505,3,B3,0.024045,0.016746384955752213,0.02688475575221239,0.038602,10.5,13.0,16.5,183,False,,,,True,
1994,海淀区,raw_snapshot,1.0,RAW_SENSITIVITY,,,157.4,0.6964601769911505,0.6964601769911505,4,B4,0.014557,0.010138370796460178,0.010138370796460178,0.014557,14.0,17.0,22.0,183,False,,,,True,
1994,海淀区,raw_snapshot,1.0,RAW_SENSITIVITY,,,157.4,0.6964601769911505,0.6964601769911505,5,B5+,0.0,0.0,0.0,0.0,17.5,21.0,27.5,183,False,,,,True,
1995,海淀区,raw_snapshot,1.0,RAW_SENSITIVITY,173.0,173.0,173.0,0.7654867256637168,0.7654867256637168,1,B1,0.794037,0.6078247831858407,0.7654867256637168,1.0,3.5,5.0,5.5,183,False,,,,False,
1995,海淀区,raw_snapshot,1.0,RAW_SENSITIVITY,173.0,173.0,173.0,0.7654867256637168,0.7654867256637168,2,B2,0.167361,0.12811262389380532,0.1576619424778761,0.205963,7.0,9.0,11.0,183,False,,,,False,
1995,海淀区,raw_snapshot,1.0,RAW_SENSITIVITY,173.0,173.0,173.0,0.7654867256637168,0.7654867256637168,3,B3,0.024045,0.01840612831858407,0.029549318584070793,0.038602,10.5,13.0,16.5,183,False,,,,False,
1995,海淀区,raw_snapshot,1.0,RAW_SENSITIVITY,173.0,173.0,173.0,0.7654867256637168,0.7654867256637168,4,B4,0.014557,0.011143190265486725,0.011143190265486725,0.014557,14.0,17.0,22.0,183,False,,,,False,
1995,海淀区,raw_snapshot,1.0,RAW_SENSITIVITY,173.0,173.0,173.0,0.7654867256637168,0.7654867256637168,5,B5+,0.0,0.0,0.0,0.0,17.5,21.0,27.5,183,False,,,,False,
1996,海淀区,raw_snapshot,1.0,RAW_SENSITIVITY,,,171.0,0.7566371681415929,0.7566371681415929,1,B1,0.794037,0.600797907079646,0.7566371681415929,1.0,3.5,5.0,5.5,183,False,,,,True,
1996,海淀区,raw_snapshot,1.0,RAW_SENSITIVITY,,,171.0,0.7566371681415929,0.7566371681415929,2,B2,0.167361,0.12663155309734514,0.1558392610619469,0.205963,7.0,9.0,11.0,183,False,,,,True,
1996,海淀区,raw_snapshot,1.0,RAW_SENSITIVITY,,,171.0,0.7566371681415929,0.7566371681415929,3,B3,0.024045,0.018193340707964602,0.029207707964601766,0.038602,10.5,13.0,16.5,183,False,,,,True,
1996,海淀区,raw_snapshot,1.0,RAW_SENSITIVITY,,,171.0,0.7566371681415929,0.7566371681415929,4,B4,0.014557,0.011014367256637169,0.011014367256637169,0.014557,14.0,17.0,22.0,183,False,,,,True,
1996,海淀区,raw_snapshot,1.0,RAW_SENSITIVITY,,,171.0,0.7566371681415929,0.7566371681415929,5,B5+,0.0,0.0,0.0,0.0,17.5,21.0,27.5,183,False,,,,True,
1997,海淀区,raw_snapshot,1.0,RAW_SENSITIVITY,,,169.0,0.7477876106194691,0.747787610619469,1,B1,0.794037,0.5937710309734513,0.747787610619469,1.0,3.5,5.0,5.5,183,False,,,,True,
1997,海淀区,raw_snapshot,1.0,RAW_SENSITIVITY,,,169.0,0.7477876106194691,0.747787610619469,2,B2,0.167361,0.12515048230088496,0.1540165796460177,0.205963,7.0,9.0,11.0,183,False,,,,True,
1997,海淀区,raw_snapshot,1.0,RAW_SENSITIVITY,,,169.0,0.7477876106194691,0.747787610619469,3,B3,0.024045,0.017980553097345132,0.02886609734513274,0.038602,10.5,13.0,16.5,183,False,,,,True,
1997,海淀区,raw_snapshot,1.0,RAW_SENSITIVITY,,,169.0,0.7477876106194691,0.747787610619469,4,B4,0.014557,0.01088554424778761,0.01088554424778761,0.014557,14.0,17.0,22.0,183,False,,,,True,
1997,海淀区,raw_snapshot,1.0,RAW_SENSITIVITY,,,169.0,0.7477876106194691,0.747787610619469,5,B5+,0.0,0.0,0.0,0.0,17.5,21.0,27.5,183,False,,,,True,
1998,海淀区,raw_snapshot,1.0,RAW_SENSITIVITY,,,167.0,0.7389380530973452,0.7389380530973452,1,B1,0.794037,0.5867441548672566,0.7389380530973452,1.0,3.5,5.0,5.5,183,False,,,,True,
1998,海淀区,raw_snapshot,1.0,RAW_SENSITIVITY,,,167.0,0.7389380530973452,0.7389380530973452,2,B2,0.167361,0.12366941150442479,0.1521938982300885,0.205963,7.0,9.0,11.0,183,False,,,,True,
1998,海淀区,raw_snapshot,1.0,RAW_SENSITIVITY,,,167.0,0.7389380530973452,0.7389380530973452,3,B3,0.024045,0.017767765486725665,0.028524486725663715,0.038602,10.5,13.0,16.5,183,False,,,,True,
1998,海淀区,raw_snapshot,1.0,RAW_SENSITIVITY,,,167.0,0.7389380530973452,0.7389380530973452,4,B4,0.014557,0.010756721238938054,0.010756721238938054,0.014557,14.0,17.0,22.0,183,False,,,,True,
1998,海淀区,raw_snapshot,1.0,RAW_SENSITIVITY,,,167.0,0.7389380530973452,0.7389380530973452,5,B5+,0.0,0.0,0.0,0.0,17.5,21.0,27.5,183,False,,,,True,
1999,海淀区,raw_snapshot,1.0,RAW_SENSITIVITY,,,165.0,0.7300884955752213,0.7300884955752213,1,B1,0.794037,0.5797172787610619,0.7300884955752213,1.0,3.5,5.0,5.5,183,False,,,,True,
1999,海淀区,raw_snapshot,1.0,RAW_SENSITIVITY,,,165.0,0.7300884955752213,0.7300884955752213,2,B2,0.167361,0.12218834070796461,0.1503712168141593,0.205963,7.0,9.0,11.0,183,False,,,,True,
1999,海淀区,raw_snapshot,1.0,RAW_SENSITIVITY,,,165.0,0.7300884955752213,0.7300884955752213,3,B3,0.024045,0.017554977876106194,0.02818287610619469,0.038602,10.5,13.0,16.5,183,False,,,,True,
1999,海淀区,raw_snapshot,1.0,RAW_SENSITIVITY,,,165.0,0.7300884955752213,0.7300884955752213,4,B4,0.014557,0.010627898230088497,0.010627898230088497,0.014557,14.0,17.0,22.0,183,False,,,,True,
1999,海淀区,raw_snapshot,1.0,RAW_SENSITIVITY,,,165.0,0.7300884955752213,0.7300884955752213,5,B5+,0.0,0.0,0.0,0.0,17.5,21.0,27.5,183,False,,,,True,
2000,海淀区,raw_snapshot,1.0,RAW_SENSITIVITY,163.0,173.0,163.0,0.7212389380530974,0.7212389380530974,1,B1,0.794037,0.5726904026548673,0.7212389380530974,1.0,3.5,5.0,5.5,183,False,,,,False,
2000,海淀区,raw_snapshot,1.0,RAW_SENSITIVITY,163.0,173.0,163.0,0.7212389380530974,0.7212389380530974,2,B2,0.167361,0.12070726991150443,0.1485485353982301,0.205963,7.0,9.0,11.0,183,False,,,,False,
2000,海淀区,raw_snapshot,1.0,RAW_SENSITIVITY,163.0,173.0,163.0,0.7212389380530974,0.7212389380530974,3,B3,0.024045,0.017342190265486727,0.027841265486725664,0.038602,10.5,13.0,16.5,183,False,,,,False,
2000,海淀区,raw_snapshot,1.0,RAW_SENSITIVITY,163.0,173.0,163.0,0.7212389380530974,0.7212389380530974,4,B4,0.014557,0.010499075221238939,0.010499075221238939,0.014557,14.0,17.0,22.0,183,False,,,,False,
2000,海淀区,raw_snapshot,1.0,RAW_SENSITIVITY,163.0,173.0,163.0,0.7212389380530974,0.7212389380530974,5,B5+,0.0,0.0,0.0,0.0,17.5,21.0,27.5,183,False,,,,False,
2001,海淀区,raw_snapshot,1.0,RAW_SENSITIVITY,,,167.4,0.7407079646017699,0.7407079646017699,1,B1,0.794037,0.5881495300884956,0.7407079646017699,1.0,3.5,5.0,5.5,183,False,,,,True,
2001,海淀区,raw_snapshot,1.0,RAW_SENSITIVITY,,,167.4,0.7407079646017699,0.7407079646017699,2,B2,0.167361,0.12396562566371683,0.15255843451327433,0.205963,7.0,9.0,11.0,183,False,,,,True,
2001,海淀区,raw_snapshot,1.0,RAW_SENSITIVITY,,,167.4,0.7407079646017699,0.7407079646017699,3,B3,0.024045,0.01781032300884956,0.02859280884955752,0.038602,10.5,13.0,16.5,183,False,,,,True,
2001,海淀区,raw_snapshot,1.0,RAW_SENSITIVITY,,,167.4,0.7407079646017699,0.7407079646017699,4,B4,0.014557,0.010782485840707965,0.010782485840707965,0.014557,14.0,17.0,22.0,183,False,,,,True,
2001,海淀区,raw_snapshot,1.0,RAW_SENSITIVITY,,,167.4,0.7407079646017699,0.7407079646017699,5,B5+,0.0,0.0,0.0,0.0,17.5,21.0,27.5,183,False,,,,True,
2002,海淀区,raw_snapshot,1.0,RAW_SENSITIVITY,,,171.8,0.7601769911504426,0.7601769911504425,1,B1,0.794037,0.6036086575221239,0.7601769911504425,1.0,3.5,5.0,5.5,183,False,,,,True,
2002,海淀区,raw_snapshot,1.0,RAW_SENSITIVITY,,,171.8,0.7601769911504426,0.7601769911504425,2,B2,0.167361,0.12722398141592922,0.1565683336283186,0.205963,7.0,9.0,11.0,183,False,,,,True,
2002,海淀区,raw_snapshot,1.0,RAW_SENSITIVITY,,,171.8,0.7601769911504426,0.7601769911504425,3,B3,0.024045,0.01827845575221239,0.029344352212389378,0.038602,10.5,13.0,16.5,183,False,,,,True,
2002,海淀区,raw_snapshot,1.0,RAW_SENSITIVITY,,,171.8,0.7601769911504426,0.7601769911504425,4,B4,0.014557,0.01106589646017699,0.01106589646017699,0.014557,14.0,17.0,22.0,183,False,,,,True,
2002,海淀区,raw_snapshot,1.0,RAW_SENSITIVITY,,,171.8,0.7601769911504426,0.7601769911504425,5,B5+,0.0,0.0,0.0,0.0,17.5,21.0,27.5,183,False,,,,True,
2003,海淀区,raw_snapshot,1.0,RAW_SENSITIVITY,,,176.2,0.779646017699115,0.7796460176991151,1,B1,0.794037,0.6190677849557523,0.7796460176991151,1.0,3.5,5.0,5.5,183,False,,,,True,
2003,海淀区,raw_snapshot,1.0,RAW_SENSITIVITY,,,176.2,0.779646017699115,0.7796460176991151,2,B2,0.167361,0.13048233716814162,0.16057823274336286,0.205963,7.0,9.0,11.0,183,False,,,,True,
2003,海淀区,raw_snapshot,1.0,RAW_SENSITIVITY,,,176.2,0.779646017699115,0.7796460176991151,3,B3,0.024045,0.018746588495575225,0.03009589557522124,0.038602,10.5,13.0,16.5,183,False,,,,True,
2003,海淀区,raw_snapshot,1.0,RAW_SENSITIVITY,,,176.2,0.779646017699115,0.7796460176991151,4,B4,0.014557,0.011349307079646018,0.011349307079646018,0.014557,14.0,17.0,22.0,183,False,,,,True,
2003,海淀区,raw_snapshot,1.0,RAW_SENSITIVITY,,,176.2,0.779646017699115,0.7796460176991151,5,B5+,0.0,0.0,0.0,0.0,17.5,21.0,27.5,183,False,,,,True,
2004,海淀区,raw_snapshot,1.0,RAW_SENSITIVITY,,,180.6,0.7991150442477876,0.7991150442477877,1,B1,0.794037,0.6345269123893805,0.7991150442477877,1.0,3.5,5.0,5.5,183,False,,,,True,
2004,海淀区,raw_snapshot,1.0,RAW_SENSITIVITY,,,180.6,0.7991150442477876,0.7991150442477877,2,B2,0.167361,0.133740692920354,0.1645881318584071,0.205963,7.0,9.0,11.0,183,False,,,,True,
2004,海淀区,raw_snapshot,1.0,RAW_SENSITIVITY,,,180.6,0.7991150442477876,0.7991150442477877,3,B3,0.024045,0.019214721238938054,0.0308474389380531,0.038602,10.5,13.0,16.5,183,False,,,,True,
2004,海淀区,raw_snapshot,1.0,RAW_SENSITIVITY,,,180.6,0.7991150442477876,0.7991150442477877,4,B4,0.014557,0.011632717699115046,0.011632717699115046,0.014557,14.0,17.0,22.0,183,False,,,,True,
2004,海淀区,raw_snapshot,1.0,RAW_SENSITIVITY,,,180.6,0.7991150442477876,0.7991150442477877,5,B5+,0.0,0.0,0.0,0.0,17.5,21.0,27.5,183,False,,,,True,
2005,海淀区,raw_snapshot,1.0,RAW_SENSITIVITY,185.0,185.0,185.0,0.8185840707964602,0.8185840707964602,1,B1,0.794037,0.6499860398230088,0.8185840707964602,1.0,3.5,5.0,5.5,183,False,,,,False,
2005,海淀区,raw_snapshot,1.0,RAW_SENSITIVITY,185.0,185.0,185.0,0.8185840707964602,0.8185840707964602,2,B2,0.167361,0.13699904867256638,0.16859803097345136,0.205963,7.0,9.0,11.0,183,False,,,,False,
2005,海淀区,raw_snapshot,1.0,RAW_SENSITIVITY,185.0,185.0,185.0,0.8185840707964602,0.8185840707964602,3,B3,0.024045,0.019682853982300887,0.031598982300884954,0.038602,10.5,13.0,16.5,183,False,,,,False,
2005,海淀区,raw_snapshot,1.0,RAW_SENSITIVITY,185.0,185.0,185.0,0.8185840707964602,0.8185840707964602,4,B4,0.014557,0.011916128318584072,0.011916128318584072,0.014557,14.0,17.0,22.0,183,False,,,,False,
2005,海淀区,raw_snapshot,1.0,RAW_SENSITIVITY,185.0,185.0,185.0,0.8185840707964602,0.8185840707964602,5,B5+,0.0,0.0,0.0,0.0,17.5,21.0,27.5,183,False,,,,False,
2006,海淀区,raw_snapshot,1.0,RAW_SENSITIVITY,,,186.2,0.8238938053097344,0.8238938053097346,1,B1,0.794037,0.6542021654867257,0.8238938053097346,1.0,3.5,5.0,5.5,183,False,,,,True,
2006,海淀区,raw_snapshot,1.0,RAW_SENSITIVITY,,,186.2,0.8238938053097344,0.8238938053097346,2,B2,0.167361,0.1378876911504425,0.16969163982300886,0.205963,7.0,9.0,11.0,183,False,,,,True,
2006,海淀区,raw_snapshot,1.0,RAW_SENSITIVITY,,,186.2,0.8238938053097344,0.8238938053097346,3,B3,0.024045,0.019810526548672568,0.03180394867256637,0.038602,10.5,13.0,16.5,183,False,,,,True,
2006,海淀区,raw_snapshot,1.0,RAW_SENSITIVITY,,,186.2,0.8238938053097344,0.8238938053097346,4,B4,0.014557,0.011993422123893807,0.011993422123893807,0.014557,14.0,17.0,22.0,183,False,,,,True,
2006,海淀区,raw_snapshot,1.0,RAW_SENSITIVITY,,,186.2,0.8238938053097344,0.8238938053097346,5,B5+,0.0,0.0,0.0,0.0,17.5,21.0,27.5,183,False,,,,True,
2007,海淀区,raw_snapshot,1.0,RAW_SENSITIVITY,,,187.4,0.8292035398230089,0.8292035398230089,1,B1,0.794037,0.6584182911504425,0.8292035398230089,1.0,3.5,5.0,5.5,183,False,,,,True,
2007,海淀区,raw_snapshot,1.0,RAW_SENSITIVITY,,,187.4,0.8292035398230089,0.8292035398230089,2,B2,0.167361,0.1387763336283186,0.1707852486725664,0.205963,7.0,9.0,11.0,183,False,,,,True,
2007,海淀区,raw_snapshot,1.0,RAW_SENSITIVITY,,,187.4,0.8292035398230089,0.8292035398230089,3,B3,0.024045,0.01993819911504425,0.032008915044247785,0.038602,10.5,13.0,16.5,183,False,,,,True,
2007,海淀区,raw_snapshot,1.0,RAW_SENSITIVITY,,,187.4,0.8292035398230089,0.8292035398230089,4,B4,0.014557,0.01207071592920354,0.01207071592920354,0.014557,14.0,17.0,22.0,183,False,,,,True,
2007,海淀区,raw_snapshot,1.0,RAW_SENSITIVITY,,,187.4,0.8292035398230089,0.8292035398230089,5,B5+,0.0,0.0,0.0,0.0,17.5,21.0,27.5,183,False,,,,True,
2008,海淀区,raw_snapshot,1.0,RAW_SENSITIVITY,,,188.6,0.8345132743362832,0.8345132743362832,1,B1,0.794037,0.6626344168141592,0.8345132743362832,1.0,3.5,5.0,5.5,183,False,,,,True,
2008,海淀区,raw_snapshot,1.0,RAW_SENSITIVITY,,,188.6,0.8345132743362832,0.8345132743362832,2,B2,0.167361,0.1396649761061947,0.1718788575221239,0.205963,7.0,9.0,11.0,183,False,,,,True,
2008,海淀区,raw_snapshot,1.0,RAW_SENSITIVITY,,,188.6,0.8345132743362832,0.8345132743362832,3,B3,0.024045,0.02006587168141593,0.0322138814159292,0.038602,10.5,13.0,16.5,183,False,,,,True,
2008,海淀区,raw_snapshot,1.0,RAW_SENSITIVITY,,,188.6,0.8345132743362832,0.8345132743362832,4,B4,0.014557,0.012148009734513274,0.012148009734513274,0.014557,14.0,17.0,22.0,183,False,,,,True,
2008,海淀区,raw_snapshot,1.0,RAW_SENSITIVITY,,,188.6,0.8345132743362832,0.8345132743362832,5,B5+,0.0,0.0,0.0,0.0,17.5,21.0,27.5,183,False,,,,True,
2009,海淀区,raw_snapshot,1.0,RAW_SENSITIVITY,,,189.8,0.8398230088495575,0.8398230088495575,1,B1,0.794037,0.6668505424778761,0.8398230088495575,1.0,3.5,5.0,5.5,183,False,,,,True,
2009,海淀区,raw_snapshot,1.0,RAW_SENSITIVITY,,,189.8,0.8398230088495575,0.8398230088495575,2,B2,0.167361,0.1405536185840708,0.17297246637168143,0.205963,7.0,9.0,11.0,183,False,,,,True,
2009,海淀区,raw_snapshot,1.0,RAW_SENSITIVITY,,,189.8,0.8398230088495575,0.8398230088495575,3,B3,0.024045,0.02019354424778761,0.032418847787610616,0.038602,10.5,13.0,16.5,183,False,,,,True,
2009,海淀区,raw_snapshot,1.0,RAW_SENSITIVITY,,,189.8,0.8398230088495575,0.8398230088495575,4,B4,0.014557,0.012225303539823009,0.012225303539823009,0.014557,14.0,17.0,22.0,183,False,,,,True,
2009,海淀区,raw_snapshot,1.0,RAW_SENSITIVITY,,,189.8,0.8398230088495575,0.8398230088495575,5,B5+,0.0,0.0,0.0,0.0,17.5,21.0,27.5,183,False,,,,True,
2010,海淀区,raw_snapshot,1.0,RAW_SENSITIVITY,191.0,191.0,191.0,0.8451327433628318,0.8451327433628318,1,B1,0.794037,0.6710666681415929,0.8451327433628318,1.0,3.5,5.0,5.5,183,False,,,,False,
2010,海淀区,raw_snapshot,1.0,RAW_SENSITIVITY,191.0,191.0,191.0,0.8451327433628318,0.8451327433628318,2,B2,0.167361,0.1414422610619469,0.17406607522123893,0.205963,7.0,9.0,11.0,183,False,,,,False,
2010,海淀区,raw_snapshot,1.0,RAW_SENSITIVITY,191.0,191.0,191.0,0.8451327433628318,0.8451327433628318,3,B3,0.024045,0.02032121681415929,0.03262381415929203,0.038602,10.5,13.0,16.5,183,False,,,,False,
2010,海淀区,raw_snapshot,1.0,RAW_SENSITIVITY,191.0,191.0,191.0,0.8451327433628318,0.8451327433628318,4,B4,0.014557,0.012302597345132744,0.012302597345132744,0.014557,14.0,17.0,22.0,183,False,,,,False,
2010,海淀区,raw_snapshot,1.0,RAW_SENSITIVITY,191.0,191.0,191.0,0.8451327433628318,0.8451327433628318,5,B5+,0.0,0.0,0.0,0.0,17.5,21.0,27.5,183,False,,,,False,
2011,海淀区,raw_snapshot,1.0,RAW_SENSITIVITY,,,190.8,0.8442477876106195,0.8442477876106195,1,B1,0.794037,0.6703639805309735,0.8442477876106195,1.0,3.5,5.0,5.5,183,False,,,,True,
2011,海淀区,raw_snapshot,1.0,RAW_SENSITIVITY,,,190.8,0.8442477876106195,0.8442477876106195,2,B2,0.167361,0.14129415398230089,0.173883807079646,0.205963,7.0,9.0,11.0,183,False,,,,True,
2011,海淀区,raw_snapshot,1.0,RAW_SENSITIVITY,,,190.8,0.8442477876106195,0.8442477876106195,3,B3,0.024045,0.020299938053097346,0.03258965309734513,0.038602,10.5,13.0,16.5,183,False,,,,True,
2011,海淀区,raw_snapshot,1.0,RAW_SENSITIVITY,,,190.8,0.8442477876106195,0.8442477876106195,4,B4,0.014557,0.012289715044247787,0.012289715044247787,0.014557,14.0,17.0,22.0,183,False,,,,True,
2011,海淀区,raw_snapshot,1.0,RAW_SENSITIVITY,,,190.8,0.8442477876106195,0.8442477876106195,5,B5+,0.0,0.0,0.0,0.0,17.5,21.0,27.5,183,False,,,,True,
2012,海淀区,raw_snapshot,1.0,RAW_SENSITIVITY,,,190.6,0.8433628318584071,0.8433628318584071,1,B1,0.794037,0.669661292920354,0.8433628318584071,1.0,3.5,5.0,5.5,183,False,,,,True,
2012,海淀区,raw_snapshot,1.0,RAW_SENSITIVITY,,,190.6,0.8433628318584071,0.8433628318584071,2,B2,0.167361,0.1411460469026549,0.1737015389380531,0.205963,7.0,9.0,11.0,183,False,,,,True,
2012,海淀区,raw_snapshot,1.0,RAW_SENSITIVITY,,,190.6,0.8433628318584071,0.8433628318584071,3,B3,0.024045,0.0202786592920354,0.03255549203539823,0.038602,10.5,13.0,16.5,183,False,,,,True,
2012,海淀区,raw_snapshot,1.0,RAW_SENSITIVITY,,,190.6,0.8433628318584071,0.8433628318584071,4,B4,0.014557,0.012276832743362833,0.012276832743362833,0.014557,14.0,17.0,22.0,183,False,,,,True,
2012,海淀区,raw_snapshot,1.0,RAW_SENSITIVITY,,,190.6,0.8433628318584071,0.8433628318584071,5,B5+,0.0,0.0,0.0,0.0,17.5,21.0,27.5,183,False,,,,True,
2013,海淀区,raw_snapshot,1.0,RAW_SENSITIVITY,,,190.4,0.8424778761061947,0.8424778761061946,1,B1,0.794037,0.6689586053097345,0.8424778761061946,1.0,3.5,5.0,5.5,183,False,,,,True,
2013,海淀区,raw_snapshot,1.0,RAW_SENSITIVITY,,,190.4,0.8424778761061947,0.8424778761061946,2,B2,0.167361,0.14099793982300884,0.17351927079646018,0.205963,7.0,9.0,11.0,183,False,,,,True,
2013,海淀区,raw_snapshot,1.0,RAW_SENSITIVITY,,,190.4,0.8424778761061947,0.8424778761061946,3,B3,0.024045,0.02025738053097345,0.03252133097345132,0.038602,10.5,13.0,16.5,183,False,,,,True,
2013,海淀区,raw_snapshot,1.0,RAW_SENSITIVITY,,,190.4,0.8424778761061947,0.8424778761061946,4,B4,0.014557,0.012263950442477875,0.012263950442477875,0.014557,14.0,17.0,22.0,183,False,,,,True,
2013,海淀区,raw_snapshot,1.0,RAW_SENSITIVITY,,,190.4,0.8424778761061947,0.8424778761061946,5,B5+,0.0,0.0,0.0,0.0,17.5,21.0,27.5,183,False,,,,True,
2014,海淀区,raw_snapshot,1.0,RAW_SENSITIVITY,,,190.2,0.8415929203539823,0.8415929203539823,1,B1,0.794037,0.668255917699115,0.8415929203539823,1.0,3.5,5.0,5.5,183,False,,,,True,
2014,海淀区,raw_snapshot,1.0,RAW_SENSITIVITY,,,190.2,0.8415929203539823,0.8415929203539823,2,B2,0.167361,0.14084983274336282,0.17333700265486726,0.205963,7.0,9.0,11.0,183,False,,,,True,
2014,海淀区,raw_snapshot,1.0,RAW_SENSITIVITY,,,190.2,0.8415929203539823,0.8415929203539823,3,B3,0.024045,0.020236101769911502,0.032487169911504424,0.038602,10.5,13.0,16.5,183,False,,,,True,
2014,海淀区,raw_snapshot,1.0,RAW_SENSITIVITY,,,190.2,0.8415929203539823,0.8415929203539823,4,B4,0.014557,0.01225106814159292,0.01225106814159292,0.014557,14.0,17.0,22.0,183,False,,,,True,
2014,海淀区,raw_snapshot,1.0,RAW_SENSITIVITY,,,190.2,0.8415929203539823,0.8415929203539823,5,B5+,0.0,0.0,0.0,0.0,17.5,21.0,27.5,183,False,,,,True,
2015,海淀区,raw_snapshot,1.0,RAW_SENSITIVITY,190.0,191.0,190.0,0.8407079646017699,0.8407079646017699,1,B1,0.794037,0.6675532300884955,0.8407079646017699,1.0,3.5,5.0,5.5,183,False,,,,False,
2015,海淀区,raw_snapshot,1.0,RAW_SENSITIVITY,190.0,191.0,190.0,0.8407079646017699,0.8407079646017699,2,B2,0.167361,0.14070172566371683,0.17315473451327434,0.205963,7.0,9.0,11.0,183,False,,,,False,
2015,海淀区,raw_snapshot,1.0,RAW_SENSITIVITY,190.0,191.0,190.0,0.8407079646017699,0.8407079646017699,3,B3,0.024045,0.020214823008849556,0.03245300884955752,0.038602,10.5,13.0,16.5,183,False,,,,False,
2015,海淀区,raw_snapshot,1.0,RAW_SENSITIVITY,190.0,191.0,190.0,0.8407079646017699,0.8407079646017699,4,B4,0.014557,0.012238185840707965,0.012238185840707965,0.014557,14.0,17.0,22.0,183,False,,,,False,
2015,海淀区,raw_snapshot,1.0,RAW_SENSITIVITY,190.0,191.0,190.0,0.8407079646017699,0.8407079646017699,5,B5+,0.0,0.0,0.0,0.0,17.5,21.0,27.5,183,False,,,,False,
2016,海淀区,raw_snapshot,1.0,RAW_SENSITIVITY,,,197.2,0.8725663716814159,0.8725663716814159,1,B1,0.794037,0.6928499840707965,0.8725663716814159,1.0,3.5,5.0,5.5,183,False,,,,True,
2016,海淀区,raw_snapshot,1.0,RAW_SENSITIVITY,,,197.2,0.8725663716814159,0.8725663716814159,2,B2,0.167361,0.14603358053097346,0.17971638761061948,0.205963,7.0,9.0,11.0,183,False,,,,True,
2016,海淀区,raw_snapshot,1.0,RAW_SENSITIVITY,,,197.2,0.8725663716814159,0.8725663716814159,3,B3,0.024045,0.020980858407079646,0.033682807079646014,0.038602,10.5,13.0,16.5,183,False,,,,True,
2016,海淀区,raw_snapshot,1.0,RAW_SENSITIVITY,,,197.2,0.8725663716814159,0.8725663716814159,4,B4,0.014557,0.012701948672566372,0.012701948672566372,0.014557,14.0,17.0,22.0,183,False,,,,True,
2016,海淀区,raw_snapshot,1.0,RAW_SENSITIVITY,,,197.2,0.8725663716814159,0.8725663716814159,5,B5+,0.0,0.0,0.0,0.0,17.5,21.0,27.5,183,False,,,,True,
2017,海淀区,raw_snapshot,1.0,RAW_SENSITIVITY,,,204.4,0.904424778761062,0.904424778761062,1,B1,0.794037,0.7181467380530974,0.904424778761062,1.0,3.5,5.0,5.5,183,False,,,,True,
2017,海淀区,raw_snapshot,1.0,RAW_SENSITIVITY,,,204.4,0.904424778761062,0.904424778761062,2,B2,0.167361,0.1513654353982301,0.1862780407079646,0.205963,7.0,9.0,11.0,183,False,,,,True,
2017,海淀区,raw_snapshot,1.0,RAW_SENSITIVITY,,,204.4,0.904424778761062,0.904424778761062,3,B3,0.024045,0.021746893805309735,0.034912605309734515,0.038602,10.5,13.0,16.5,183,False,,,,True,
2017,海淀区,raw_snapshot,1.0,RAW_SENSITIVITY,,,204.4,0.904424778761062,0.904424778761062,4,B4,0.014557,0.01316571150442478,0.01316571150442478,0.014557,14.0,17.0,22.0,183,False,,,,True,
2017,海淀区,raw_snapshot,1.0,RAW_SENSITIVITY,,,204.4,0.904424778761062,0.904424778761062,5,B5+,0.0,0.0,0.0,0.0,17.5,21.0,27.5,183,False,,,,True,
2018,海淀区,raw_snapshot,1.0,RAW_SENSITIVITY,,,211.6,0.9362831858407079,0.9362831858407079,1,B1,0.794037,0.7434434920353982,0.9362831858407079,1.0,3.5,5.0,5.5,183,False,,,,True,
2018,海淀区,raw_snapshot,1.0,RAW_SENSITIVITY,,,211.6,0.9362831858407079,0.9362831858407079,2,B2,0.167361,0.15669729026548673,0.19283969380530974,0.205963,7.0,9.0,11.0,183,False,,,,True,
2018,海淀区,raw_snapshot,1.0,RAW_SENSITIVITY,,,211.6,0.9362831858407079,0.9362831858407079,3,B3,0.024045,0.02251292920353982,0.036142403539823,0.038602,10.5,13.0,16.5,183,False,,,,True,
2018,海淀区,raw_snapshot,1.0,RAW_SENSITIVITY,,,211.6,0.9362831858407079,0.9362831858407079,4,B4,0.014557,0.013629474336283186,0.013629474336283186,0.014557,14.0,17.0,22.0,183,False,,,,True,
2018,海淀区,raw_snapshot,1.0,RAW_SENSITIVITY,,,211.6,0.9362831858407079,0.9362831858407079,5,B5+,0.0,0.0,0.0,0.0,17.5,21.0,27.5,183,False,,,,True,
2019,海淀区,raw_snapshot,1.0,RAW_SENSITIVITY,,,218.8,0.9681415929203541,0.968141592920354,1,B1,0.794037,0.7687402460176991,0.968141592920354,1.0,3.5,5.0,5.5,183,False,,,,True,
2019,海淀区,raw_snapshot,1.0,RAW_SENSITIVITY,,,218.8,0.9681415929203541,0.968141592920354,2,B2,0.167361,0.16202914513274336,0.19940134690265487,0.205963,7.0,9.0,11.0,183,False,,,,True,
2019,海淀区,raw_snapshot,1.0,RAW_SENSITIVITY,,,218.8,0.9681415929203541,0.968141592920354,3,B3,0.024045,0.02327896460176991,0.0373722017699115,0.038602,10.5,13.0,16.5,183,False,,,,True,
2019,海淀区,raw_snapshot,1.0,RAW_SENSITIVITY,,,218.8,0.9681415929203541,0.968141592920354,4,B4,0.014557,0.014093237168141592,0.014093237168141592,0.014557,14.0,17.0,22.0,183,False,,,,True,
2019,海淀区,raw_snapshot,1.0,RAW_SENSITIVITY,,,218.8,0.9681415929203541,0.968141592920354,5,B5+,0.0,0.0,0.0,0.0,17.5,21.0,27.5,183,False,,,,True,
2020,海淀区,raw_snapshot,1.0,RAW_SENSITIVITY,226.0,226.0,226.0,1.0,1.0,1,B1,0.794037,0.794037,1.0,1.0,3.5,5.0,5.5,183,False,,,,False,
2020,海淀区,raw_snapshot,1.0,RAW_SENSITIVITY,226.0,226.0,226.0,1.0,1.0,2,B2,0.167361,0.167361,0.205963,0.205963,7.0,9.0,11.0,183,False,,,,False,
2020,海淀区,raw_snapshot,1.0,RAW_SENSITIVITY,226.0,226.0,226.0,1.0,1.0,3,B3,0.024045,0.024045,0.038602,0.038602,10.5,13.0,16.5,183,False,,,,False,
2020,海淀区,raw_snapshot,1.0,RAW_SENSITIVITY,226.0,226.0,226.0,1.0,1.0,4,B4,0.014557,0.014557,0.014557,0.014557,14.0,17.0,22.0,183,False,,,,False,
2020,海淀区,raw_snapshot,1.0,RAW_SENSITIVITY,226.0,226.0,226.0,1.0,1.0,5,B5+,0.0,0.0,0.0,0.0,17.5,21.0,27.5,183,False,,,,False,
1980,石景山区,raw_snapshot,1.0,RAW_SENSITIVITY,40.0,40.0,40.0,0.7142857142857143,0.7142857142857143,1,B1,0.522801,0.3734292857142857,0.7142864285714285,1.000001,3.5,5.0,5.5,90,False,,,,False,
1980,石景山区,raw_snapshot,1.0,RAW_SENSITIVITY,40.0,40.0,40.0,0.7142857142857143,0.7142857142857143,2,B2,0.365129,0.26080642857142855,0.34085714285714286,0.47719999999999996,7.0,9.0,11.0,90,False,,,,False,
1980,石景山区,raw_snapshot,1.0,RAW_SENSITIVITY,40.0,40.0,40.0,0.7142857142857143,0.7142857142857143,3,B3,0.075708,0.05407714285714286,0.0800507142857143,0.112071,10.5,13.0,16.5,90,False,,,,False,
1980,石景山区,raw_snapshot,1.0,RAW_SENSITIVITY,40.0,40.0,40.0,0.7142857142857143,0.7142857142857143,4,B4,0.036363,0.02597357142857143,0.02597357142857143,0.036363,14.0,17.0,22.0,90,False,,,,False,
1980,石景山区,raw_snapshot,1.0,RAW_SENSITIVITY,40.0,40.0,40.0,0.7142857142857143,0.7142857142857143,5,B5+,0.0,0.0,0.0,0.0,17.5,21.0,27.5,90,False,,,,False,
1981,石景山区,raw_snapshot,1.0,RAW_SENSITIVITY,,,39.6,0.7071428571428572,0.7071428571428572,1,B1,0.522801,0.36969499285714286,0.7071435642857142,1.000001,3.5,5.0,5.5,90,False,,,,True,
1981,石景山区,raw_snapshot,1.0,RAW_SENSITIVITY,,,39.6,0.7071428571428572,0.7071428571428572,2,B2,0.365129,0.2581983642857143,0.33744857142857143,0.47719999999999996,7.0,9.0,11.0,90,False,,,,True,
1981,石景山区,raw_snapshot,1.0,RAW_SENSITIVITY,,,39.6,0.7071428571428572,0.7071428571428572,3,B3,0.075708,0.05353637142857143,0.07925020714285715,0.112071,10.5,13.0,16.5,90,False,,,,True,
1981,石景山区,raw_snapshot,1.0,RAW_SENSITIVITY,,,39.6,0.7071428571428572,0.7071428571428572,4,B4,0.036363,0.025713835714285715,0.025713835714285715,0.036363,14.0,17.0,22.0,90,False,,,,True,
1981,石景山区,raw_snapshot,1.0,RAW_SENSITIVITY,,,39.6,0.7071428571428572,0.7071428571428572,5,B5+,0.0,0.0,0.0,0.0,17.5,21.0,27.5,90,False,,,,True,
1982,石景山区,raw_snapshot,1.0,RAW_SENSITIVITY,,,39.2,0.7000000000000001,0.7000000000000001,1,B1,0.522801,0.3659607,0.7000007,1.000001,3.5,5.0,5.5,90,False,,,,True,
1982,石景山区,raw_snapshot,1.0,RAW_SENSITIVITY,,,39.2,0.7000000000000001,0.7000000000000001,2,B2,0.365129,0.2555903,0.33404,0.47719999999999996,7.0,9.0,11.0,90,False,,,,True,
1982,石景山区,raw_snapshot,1.0,RAW_SENSITIVITY,,,39.2,0.7000000000000001,0.7000000000000001,3,B3,0.075708,0.052995600000000004,0.07844970000000001,0.112071,10.5,13.0,16.5,90,False,,,,True,
1982,石景山区,raw_snapshot,1.0,RAW_SENSITIVITY,,,39.2,0.7000000000000001,0.7000000000000001,4,B4,0.036363,0.0254541,0.0254541,0.036363,14.0,17.0,22.0,90,False,,,,True,
1982,石景山区,raw_snapshot,1.0,RAW_SENSITIVITY,,,39.2,0.7000000000000001,0.7000000000000001,5,B5+,0.0,0.0,0.0,0.0,17.5,21.0,27.5,90,False,,,,True,
1983,石景山区,raw_snapshot,1.0,RAW_SENSITIVITY,,,38.8,0.6928571428571428,0.6928571428571428,1,B1,0.522801,0.3622264071428571,0.6928578357142856,1.000001,3.5,5.0,5.5,90,False,,,,True,
1983,石景山区,raw_snapshot,1.0,RAW_SENSITIVITY,,,38.8,0.6928571428571428,0.6928571428571428,2,B2,0.365129,0.2529822357142857,0.3306314285714285,0.47719999999999996,7.0,9.0,11.0,90,False,,,,True,
1983,石景山区,raw_snapshot,1.0,RAW_SENSITIVITY,,,38.8,0.6928571428571428,0.6928571428571428,3,B3,0.075708,0.052454828571428566,0.07764919285714286,0.112071,10.5,13.0,16.5,90,False,,,,True,
1983,石景山区,raw_snapshot,1.0,RAW_SENSITIVITY,,,38.8,0.6928571428571428,0.6928571428571428,4,B4,0.036363,0.025194364285714286,0.025194364285714286,0.036363,14.0,17.0,22.0,90,False,,,,True,
1983,石景山区,raw_snapshot,1.0,RAW_SENSITIVITY,,,38.8,0.6928571428571428,0.6928571428571428,5,B5+,0.0,0.0,0.0,0.0,17.5,21.0,27.5,90,False,,,,True,
1984,石景山区,raw_snapshot,1.0,RAW_SENSITIVITY,,,38.4,0.6857142857142857,0.6857142857142857,1,B1,0.522801,0.35849211428571426,0.6857149714285714,1.000001,3.5,5.0,5.5,90,False,,,,True,
1984,石景山区,raw_snapshot,1.0,RAW_SENSITIVITY,,,38.4,0.6857142857142857,0.6857142857142857,2,B2,0.365129,0.25037417142857143,0.3272228571428571,0.47719999999999996,7.0,9.0,11.0,90,False,,,,True,
1984,石景山区,raw_snapshot,1.0,RAW_SENSITIVITY,,,38.4,0.6857142857142857,0.6857142857142857,3,B3,0.075708,0.05191405714285714,0.07684868571428571,0.112071,10.5,13.0,16.5,90,False,,,,True,
1984,石景山区,raw_snapshot,1.0,RAW_SENSITIVITY,,,38.4,0.6857142857142857,0.6857142857142857,4,B4,0.036363,0.02493462857142857,0.02493462857142857,0.036363,14.0,17.0,22.0,90,False,,,,True,
1984,石景山区,raw_snapshot,1.0,RAW_SENSITIVITY,,,38.4,0.6857142857142857,0.6857142857142857,5,B5+,0.0,0.0,0.0,0.0,17.5,21.0,27.5,90,False,,,,True,
1985,石景山区,raw_snapshot,1.0,RAW_SENSITIVITY,,,38.0,0.6785714285714286,0.6785714285714286,1,B1,0.522801,0.35475782142857143,0.6785721071428571,1.000001,3.5,5.0,5.5,90,False,,,,True,
1985,石景山区,raw_snapshot,1.0,RAW_SENSITIVITY,,,38.0,0.6785714285714286,0.6785714285714286,2,B2,0.365129,0.24776610714285713,0.3238142857142857,0.47719999999999996,7.0,9.0,11.0,90,False,,,,True,
1985,石景山区,raw_snapshot,1.0,RAW_SENSITIVITY,,,38.0,0.6785714285714286,0.6785714285714286,3,B3,0.075708,0.05137328571428571,0.07604817857142858,0.112071,10.5,13.0,16.5,90,False,,,,True,
1985,石景山区,raw_snapshot,1.0,RAW_SENSITIVITY,,,38.0,0.6785714285714286,0.6785714285714286,4,B4,0.036363,0.024674892857142857,0.024674892857142857,0.036363,14.0,17.0,22.0,90,False,,,,True,
1985,石景山区,raw_snapshot,1.0,RAW_SENSITIVITY,,,38.0,0.6785714285714286,0.6785714285714286,5,B5+,0.0,0.0,0.0,0.0,17.5,21.0,27.5,90,False,,,,True,
1986,石景山区,raw_snapshot,1.0,RAW_SENSITIVITY,,,37.6,0.6714285714285715,0.6714285714285715,1,B1,0.522801,0.3510235285714286,0.6714292428571429,1.000001,3.5,5.0,5.5,90,False,,,,True,
1986,石景山区,raw_snapshot,1.0,RAW_SENSITIVITY,,,37.6,0.6714285714285715,0.6714285714285715,2,B2,0.365129,0.24515804285714288,0.3204057142857143,0.47719999999999996,7.0,9.0,11.0,90,False,,,,True,
1986,石景山区,raw_snapshot,1.0,RAW_SENSITIVITY,,,37.6,0.6714285714285715,0.6714285714285715,3,B3,0.075708,0.05083251428571429,0.07524767142857144,0.112071,10.5,13.0,16.5,90,False,,,,True,
1986,石景山区,raw_snapshot,1.0,RAW_SENSITIVITY,,,37.6,0.6714285714285715,0.6714285714285715,4,B4,0.036363,0.024415157142857146,0.024415157142857146,0.036363,14.0,17.0,22.0,90,False,,,,True,
1986,石景山区,raw_snapshot,1.0,RAW_SENSITIVITY,,,37.6,0.6714285714285715,0.6714285714285715,5,B5+,0.0,0.0,0.0,0.0,17.5,21.0,27.5,90,False,,,,True,
1987,石景山区,raw_snapshot,1.0,RAW_SENSITIVITY,,,37.2,0.6642857142857144,0.6642857142857144,1,B1,0.522801,0.3472892357142857,0.6642863785714286,1.000001,3.5,5.0,5.5,90,False,,,,True,
1987,石景山区,raw_snapshot,1.0,RAW_SENSITIVITY,,,37.2,0.6642857142857144,0.6642857142857144,2,B2,0.365129,0.2425499785714286,0.31699714285714287,0.47719999999999996,7.0,9.0,11.0,90,False,,,,True,
1987,石景山区,raw_snapshot,1.0,RAW_SENSITIVITY,,,37.2,0.6642857142857144,0.6642857142857144,3,B3,0.075708,0.050291742857142864,0.0744471642857143,0.112071,10.5,13.0,16.5,90,False,,,,True,
1987,石景山区,raw_snapshot,1.0,RAW_SENSITIVITY,,,37.2,0.6642857142857144,0.6642857142857144,4,B4,0.036363,0.02415542142857143,0.02415542142857143,0.036363,14.0,17.0,22.0,90,False,,,,True,
1987,石景山区,raw_snapshot,1.0,RAW_SENSITIVITY,,,37.2,0.6642857142857144,0.6642857142857144,5,B5+,0.0,0.0,0.0,0.0,17.5,21.0,27.5,90,False,,,,True,
1988,石景山区,raw_snapshot,1.0,RAW_SENSITIVITY,,,36.8,0.6571428571428571,0.6571428571428571,1,B1,0.522801,0.34355494285714283,0.6571435142857143,1.000001,3.5,5.0,5.5,90,False,,,,True,
1988,石景山区,raw_snapshot,1.0,RAW_SENSITIVITY,,,36.8,0.6571428571428571,0.6571428571428571,2,B2,0.365129,0.23994191428571426,0.3135885714285714,0.47719999999999996,7.0,9.0,11.0,90,False,,,,True,
1988,石景山区,raw_snapshot,1.0,RAW_SENSITIVITY,,,36.8,0.6571428571428571,0.6571428571428571,3,B3,0.075708,0.049750971428571426,0.07364665714285715,0.112071,10.5,13.0,16.5,90,False,,,,True,
1988,石景山区,raw_snapshot,1.0,RAW_SENSITIVITY,,,36.8,0.6571428571428571,0.6571428571428571,4,B4,0.036363,0.023895685714285714,0.023895685714285714,0.036363,14.0,17.0,22.0,90,False,,,,True,
1988,石景山区,raw_snapshot,1.0,RAW_SENSITIVITY,,,36.8,0.6571428571428571,0.6571428571428571,5,B5+,0.0,0.0,0.0,0.0,17.5,21.0,27.5,90,False,,,,True,
1989,石景山区,raw_snapshot,1.0,RAW_SENSITIVITY,,,36.4,0.65,0.65,1,B1,0.522801,0.33982065,0.65000065,1.000001,3.5,5.0,5.5,90,False,,,,True,
1989,石景山区,raw_snapshot,1.0,RAW_SENSITIVITY,,,36.4,0.65,0.65,2,B2,0.365129,0.23733384999999999,0.31017999999999996,0.47719999999999996,7.0,9.0,11.0,90,False,,,,True,
1989,石景山区,raw_snapshot,1.0,RAW_SENSITIVITY,,,36.4,0.65,0.65,3,B3,0.075708,0.0492102,0.07284615,0.112071,10.5,13.0,16.5,90,False,,,,True,
1989,石景山区,raw_snapshot,1.0,RAW_SENSITIVITY,,,36.4,0.65,0.65,4,B4,0.036363,0.02363595,0.02363595,0.036363,14.0,17.0,22.0,90,False,,,,True,
1989,石景山区,raw_snapshot,1.0,RAW_SENSITIVITY,,,36.4,0.65,0.65,5,B5+,0.0,0.0,0.0,0.0,17.5,21.0,27.5,90,False,,,,True,
1990,石景山区,raw_snapshot,1.0,RAW_SENSITIVITY,36.0,40.0,36.0,0.6428571428571429,0.6428571428571429,1,B1,0.522801,0.3360863571428571,0.6428577857142858,1.000001,3.5,5.0,5.5,90,False,,,,False,
1990,石景山区,raw_snapshot,1.0,RAW_SENSITIVITY,36.0,40.0,36.0,0.6428571428571429,0.6428571428571429,2,B2,0.365129,0.2347257857142857,0.3067714285714286,0.47719999999999996,7.0,9.0,11.0,90,False,,,,False,
1990,石景山区,raw_snapshot,1.0,RAW_SENSITIVITY,36.0,40.0,36.0,0.6428571428571429,0.6428571428571429,3,B3,0.075708,0.04866942857142857,0.07204564285714286,0.112071,10.5,13.0,16.5,90,False,,,,False,
1990,石景山区,raw_snapshot,1.0,RAW_SENSITIVITY,36.0,40.0,36.0,0.6428571428571429,0.6428571428571429,4,B4,0.036363,0.02337621428571429,0.02337621428571429,0.036363,14.0,17.0,22.0,90,False,,,,False,
1990,石景山区,raw_snapshot,1.0,RAW_SENSITIVITY,36.0,40.0,36.0,0.6428571428571429,0.6428571428571429,5,B5+,0.0,0.0,0.0,0.0,17.5,21.0,27.5,90,False,,,,False,
1991,石景山区,raw_snapshot,1.0,RAW_SENSITIVITY,,,40.8,0.7285714285714285,0.7285714285714286,1,B1,0.522801,0.38089787142857146,0.7285721571428572,1.000001,3.5,5.0,5.5,90,False,,,,True,
1991,石景山区,raw_snapshot,1.0,RAW_SENSITIVITY,,,40.8,0.7285714285714285,0.7285714285714286,2,B2,0.365129,0.26602255714285716,0.3476742857142857,0.47719999999999996,7.0,9.0,11.0,90,False,,,,True,
1991,石景山区,raw_snapshot,1.0,RAW_SENSITIVITY,,,40.8,0.7285714285714285,0.7285714285714286,3,B3,0.075708,0.05515868571428572,0.08165172857142858,0.112071,10.5,13.0,16.5,90,False,,,,True,
1991,石景山区,raw_snapshot,1.0,RAW_SENSITIVITY,,,40.8,0.7285714285714285,0.7285714285714286,4,B4,0.036363,0.026493042857142858,0.026493042857142858,0.036363,14.0,17.0,22.0,90,False,,,,True,
1991,石景山区,raw_snapshot,1.0,RAW_SENSITIVITY,,,40.8,0.7285714285714285,0.7285714285714286,5,B5+,0.0,0.0,0.0,0.0,17.5,21.0,27.5,90,False,,,,True,
1992,石景山区,raw_snapshot,1.0,RAW_SENSITIVITY,,,45.6,0.8142857142857143,0.8142857142857143,1,B1,0.522801,0.4257093857142857,0.8142865285714285,1.000001,3.5,5.0,5.5,90,False,,,,True,
1992,石景山区,raw_snapshot,1.0,RAW_SENSITIVITY,,,45.6,0.8142857142857143,0.8142857142857143,2,B2,0.365129,0.29731932857142856,0.38857714285714284,0.47719999999999996,7.0,9.0,11.0,90,False,,,,True,
1992,石景山区,raw_snapshot,1.0,RAW_SENSITIVITY,,,45.6,0.8142857142857143,0.8142857142857143,3,B3,0.075708,0.061647942857142854,0.09125781428571429,0.112071,10.5,13.0,16.5,90,False,,,,True,
1992,石景山区,raw_snapshot,1.0,RAW_SENSITIVITY,,,45.6,0.8142857142857143,0.8142857142857143,4,B4,0.036363,0.029609871428571428,0.029609871428571428,0.036363,14.0,17.0,22.0,90,False,,,,True,
1992,石景山区,raw_snapshot,1.0,RAW_SENSITIVITY,,,45.6,0.8142857142857143,0.8142857142857143,5,B5+,0.0,0.0,0.0,0.0,17.5,21.0,27.5,90,False,,,,True,
1993,石景山区,raw_snapshot,1.0,RAW_SENSITIVITY,,,50.4,0.9,0.8999999999999999,1,B1,0.522801,0.4705208999999999,0.9000008999999999,1.000001,3.5,5.0,5.5,90,False,,,,True,
1993,石景山区,raw_snapshot,1.0,RAW_SENSITIVITY,,,50.4,0.9,0.8999999999999999,2,B2,0.365129,0.32861609999999997,0.4294799999999999,0.47719999999999996,7.0,9.0,11.0,90,False,,,,True,
1993,石景山区,raw_snapshot,1.0,RAW_SENSITIVITY,,,50.4,0.9,0.8999999999999999,3,B3,0.075708,0.0681372,0.10086389999999999,0.112071,10.5,13.0,16.5,90,False,,,,True,
1993,石景山区,raw_snapshot,1.0,RAW_SENSITIVITY,,,50.4,0.9,0.8999999999999999,4,B4,0.036363,0.0327267,0.0327267,0.036363,14.0,17.0,22.0,90,False,,,,True,
1993,石景山区,raw_snapshot,1.0,RAW_SENSITIVITY,,,50.4,0.9,0.8999999999999999,5,B5+,0.0,0.0,0.0,0.0,17.5,21.0,27.5,90,False,,,,True,
1994,石景山区,raw_snapshot,1.0,RAW_SENSITIVITY,,,55.2,0.9857142857142858,0.9857142857142858,1,B1,0.522801,0.5153324142857143,0.9857152714285714,1.000001,3.5,5.0,5.5,90,False,,,,True,
1994,石景山区,raw_snapshot,1.0,RAW_SENSITIVITY,,,55.2,0.9857142857142858,0.9857142857142858,2,B2,0.365129,0.3599128714285714,0.4703828571428571,0.47719999999999996,7.0,9.0,11.0,90,False,,,,True,
1994,石景山区,raw_snapshot,1.0,RAW_SENSITIVITY,,,55.2,0.9857142857142858,0.9857142857142858,3,B3,0.075708,0.07462645714285715,0.11046998571428572,0.112071,10.5,13.0,16.5,90,False,,,,True,
1994,石景山区,raw_snapshot,1.0,RAW_SENSITIVITY,,,55.2,0.9857142857142858,0.9857142857142858,4,B4,0.036363,0.03584352857142857,0.03584352857142857,0.036363,14.0,17.0,22.0,90,False,,,,True,
1994,石景山区,raw_snapshot,1.0,RAW_SENSITIVITY,,,55.2,0.9857142857142858,0.9857142857142858,5,B5+,0.0,0.0,0.0,0.0,17.5,21.0,27.5,90,False,,,,True,
1995,石景山区,raw_snapshot,1.0,RAW_SENSITIVITY,60.0,60.0,60.0,1.0714285714285714,1.0714285714285714,1,B1,0.522801,0.5601439285714285,1.0714296428571428,1.000001,3.5,5.0,5.5,90,False,,,,False,
1995,石景山区,raw_snapshot,1.0,RAW_SENSITIVITY,60.0,60.0,60.0,1.0714285714285714,1.0714285714285714,2,B2,0.365129,0.3912096428571428,0.5112857142857142,0.47719999999999996,7.0,9.0,11.0,90,False,,,,False,
1995,石景山区,raw_snapshot,1.0,RAW_SENSITIVITY,60.0,60.0,60.0,1.0714285714285714,1.0714285714285714,3,B3,0.075708,0.08111571428571428,0.12007607142857143,0.112071,10.5,13.0,16.5,90,False,,,,False,
1995,石景山区,raw_snapshot,1.0,RAW_SENSITIVITY,60.0,60.0,60.0,1.0714285714285714,1.0714285714285714,4,B4,0.036363,0.038960357142857144,0.038960357142857144,0.036363,14.0,17.0,22.0,90,False,,,,False,
1995,石景山区,raw_snapshot,1.0,RAW_SENSITIVITY,60.0,60.0,60.0,1.0714285714285714,1.0714285714285714,5,B5+,0.0,0.0,0.0,0.0,17.5,21.0,27.5,90,False,,,,False,
1996,石景山区,raw_snapshot,1.0,RAW_SENSITIVITY,,,59.4,1.0607142857142857,1.0607142857142857,1,B1,0.522801,0.5545424892857143,1.0607153464285712,1.000001,3.5,5.0,5.5,90,False,,,,True,
1996,石景山区,raw_snapshot,1.0,RAW_SENSITIVITY,,,59.4,1.0607142857142857,1.0607142857142857,2,B2,0.365129,0.3872975464285714,0.5061728571428571,0.47719999999999996,7.0,9.0,11.0,90,False,,,,True,
1996,石景山区,raw_snapshot,1.0,RAW_SENSITIVITY,,,59.4,1.0607142857142857,1.0607142857142857,3,B3,0.075708,0.08030455714285714,0.11887531071428573,0.112071,10.5,13.0,16.5,90,False,,,,True,
1996,石景山区,raw_snapshot,1.0,RAW_SENSITIVITY,,,59.4,1.0607142857142857,1.0607142857142857,4,B4,0.036363,0.03857075357142857,0.03857075357142857,0.036363,14.0,17.0,22.0,90,False,,,,True,
1996,石景山区,raw_snapshot,1.0,RAW_SENSITIVITY,,,59.4,1.0607142857142857,1.0607142857142857,5,B5+,0.0,0.0,0.0,0.0,17.5,21.0,27.5,90,False,,,,True,
1997,石景山区,raw_snapshot,1.0,RAW_SENSITIVITY,,,58.8,1.05,1.05,1,B1,0.522801,0.5489410499999999,1.0500010499999999,1.000001,3.5,5.0,5.5,90,False,,,,True,
1997,石景山区,raw_snapshot,1.0,RAW_SENSITIVITY,,,58.8,1.05,1.05,2,B2,0.365129,0.38338545,0.50106,0.47719999999999996,7.0,9.0,11.0,90,False,,,,True,
1997,石景山区,raw_snapshot,1.0,RAW_SENSITIVITY,,,58.8,1.05,1.05,3,B3,0.075708,0.0794934,0.11767455,0.112071,10.5,13.0,16.5,90,False,,,,True,
1997,石景山区,raw_snapshot,1.0,RAW_SENSITIVITY,,,58.8,1.05,1.05,4,B4,0.036363,0.038181150000000004,0.038181150000000004,0.036363,14.0,17.0,22.0,90,False,,,,True,
1997,石景山区,raw_snapshot,1.0,RAW_SENSITIVITY,,,58.8,1.05,1.05,5,B5+,0.0,0.0,0.0,0.0,17.5,21.0,27.5,90,False,,,,True,
1998,石景山区,raw_snapshot,1.0,RAW_SENSITIVITY,,,58.2,1.0392857142857144,1.0392857142857141,1,B1,0.522801,0.5433396107142856,1.0392867535714283,1.000001,3.5,5.0,5.5,90,False,,,,True,
1998,石景山区,raw_snapshot,1.0,RAW_SENSITIVITY,,,58.2,1.0392857142857144,1.0392857142857141,2,B2,0.365129,0.3794733535714285,0.49594714285714275,0.47719999999999996,7.0,9.0,11.0,90,False,,,,True,
1998,石景山区,raw_snapshot,1.0,RAW_SENSITIVITY,,,58.2,1.0392857142857144,1.0392857142857141,3,B3,0.075708,0.07868224285714284,0.11647378928571428,0.112071,10.5,13.0,16.5,90,False,,,,True,
1998,石景山区,raw_snapshot,1.0,RAW_SENSITIVITY,,,58.2,1.0392857142857144,1.0392857142857141,4,B4,0.036363,0.037791546428571424,0.037791546428571424,0.036363,14.0,17.0,22.0,90,False,,,,True,
1998,石景山区,raw_snapshot,1.0,RAW_SENSITIVITY,,,58.2,1.0392857142857144,1.0392857142857141,5,B5+,0.0,0.0,0.0,0.0,17.5,21.0,27.5,90,False,,,,True,
1999,石景山区,raw_snapshot,1.0,RAW_SENSITIVITY,,,57.6,1.0285714285714287,1.0285714285714285,1,B1,0.522801,0.5377381714285714,1.028572457142857,1.000001,3.5,5.0,5.5,90,False,,,,True,
1999,石景山区,raw_snapshot,1.0,RAW_SENSITIVITY,,,57.6,1.0285714285714287,1.0285714285714285,2,B2,0.365129,0.3755612571428571,0.4908342857142856,0.47719999999999996,7.0,9.0,11.0,90,False,,,,True,
1999,石景山区,raw_snapshot,1.0,RAW_SENSITIVITY,,,57.6,1.0285714285714287,1.0285714285714285,3,B3,0.075708,0.0778710857142857,0.11527302857142857,0.112071,10.5,13.0,16.5,90,False,,,,True,
1999,石景山区,raw_snapshot,1.0,RAW_SENSITIVITY,,,57.6,1.0285714285714287,1.0285714285714285,4,B4,0.036363,0.03740194285714285,0.03740194285714285,0.036363,14.0,17.0,22.0,90,False,,,,True,
1999,石景山区,raw_snapshot,1.0,RAW_SENSITIVITY,,,57.6,1.0285714285714287,1.0285714285714285,5,B5+,0.0,0.0,0.0,0.0,17.5,21.0,27.5,90,False,,,,True,
2000,石景山区,raw_snapshot,1.0,RAW_SENSITIVITY,57.0,60.0,57.0,1.0178571428571428,1.0178571428571428,1,B1,0.522801,0.5321367321428571,1.0178581607142856,1.000001,3.5,5.0,5.5,90,False,,,,False,
2000,石景山区,raw_snapshot,1.0,RAW_SENSITIVITY,57.0,60.0,57.0,1.0178571428571428,1.0178571428571428,2,B2,0.365129,0.37164916071428566,0.48572142857142847,0.47719999999999996,7.0,9.0,11.0,90,False,,,,False,
2000,石景山区,raw_snapshot,1.0,RAW_SENSITIVITY,57.0,60.0,57.0,1.0178571428571428,1.0178571428571428,3,B3,0.075708,0.07705992857142857,0.11407226785714285,0.112071,10.5,13.0,16.5,90,False,,,,False,
2000,石景山区,raw_snapshot,1.0,RAW_SENSITIVITY,57.0,60.0,57.0,1.0178571428571428,1.0178571428571428,4,B4,0.036363,0.037012339285714284,0.037012339285714284,0.036363,14.0,17.0,22.0,90,False,,,,False,
2000,石景山区,raw_snapshot,1.0,RAW_SENSITIVITY,57.0,60.0,57.0,1.0178571428571428,1.0178571428571428,5,B5+,0.0,0.0,0.0,0.0,17.5,21.0,27.5,90,False,,,,False,
2001,石景山区,raw_snapshot,1.0,RAW_SENSITIVITY,,,57.0,1.0178571428571428,1.0178571428571428,1,B1,0.522801,0.5321367321428571,1.0178581607142856,1.000001,3.5,5.0,5.5,90,False,,,,True,
2001,石景山区,raw_snapshot,1.0,RAW_SENSITIVITY,,,57.0,1.0178571428571428,1.0178571428571428,2,B2,0.365129,0.37164916071428566,0.48572142857142847,0.47719999999999996,7.0,9.0,11.0,90,False,,,,True,
2001,石景山区,raw_snapshot,1.0,RAW_SENSITIVITY,,,57.0,1.0178571428571428,1.0178571428571428,3,B3,0.075708,0.07705992857142857,0.11407226785714285,0.112071,10.5,13.0,16.5,90,False,,,,True,
2001,石景山区,raw_snapshot,1.0,RAW_SENSITIVITY,,,57.0,1.0178571428571428,1.0178571428571428,4,B4,0.036363,0.037012339285714284,0.037012339285714284,0.036363,14.0,17.0,22.0,90,False,,,,True,
2001,石景山区,raw_snapshot,1.0,RAW_SENSITIVITY,,,57.0,1.0178571428571428,1.0178571428571428,5,B5+,0.0,0.0,0.0,0.0,17.5,21.0,27.5,90,False,,,,True,
2002,石景山区,raw_snapshot,1.0,RAW_SENSITIVITY,,,57.0,1.0178571428571428,1.0178571428571428,1,B1,0.522801,0.5321367321428571,1.0178581607142856,1.000001,3.5,5.0,5.5,90,False,,,,True,
2002,石景山区,raw_snapshot,1.0,RAW_SENSITIVITY,,,57.0,1.0178571428571428,1.0178571428571428,2,B2,0.365129,0.37164916071428566,0.48572142857142847,0.47719999999999996,7.0,9.0,11.0,90,False,,,,True,
2002,石景山区,raw_snapshot,1.0,RAW_SENSITIVITY,,,57.0,1.0178571428571428,1.0178571428571428,3,B3,0.075708,0.07705992857142857,0.11407226785714285,0.112071,10.5,13.0,16.5,90,False,,,,True,
2002,石景山区,raw_snapshot,1.0,RAW_SENSITIVITY,,,57.0,1.0178571428571428,1.0178571428571428,4,B4,0.036363,0.037012339285714284,0.037012339285714284,0.036363,14.0,17.0,22.0,90,False,,,,True,
2002,石景山区,raw_snapshot,1.0,RAW_SENSITIVITY,,,57.0,1.0178571428571428,1.0178571428571428,5,B5+,0.0,0.0,0.0,0.0,17.5,21.0,27.5,90,False,,,,True,
2003,石景山区,raw_snapshot,1.0,RAW_SENSITIVITY,,,57.0,1.0178571428571428,1.0178571428571428,1,B1,0.522801,0.5321367321428571,1.0178581607142856,1.000001,3.5,5.0,5.5,90,False,,,,True,
2003,石景山区,raw_snapshot,1.0,RAW_SENSITIVITY,,,57.0,1.0178571428571428,1.0178571428571428,2,B2,0.365129,0.37164916071428566,0.48572142857142847,0.47719999999999996,7.0,9.0,11.0,90,False,,,,True,
2003,石景山区,raw_snapshot,1.0,RAW_SENSITIVITY,,,57.0,1.0178571428571428,1.0178571428571428,3,B3,0.075708,0.07705992857142857,0.11407226785714285,0.112071,10.5,13.0,16.5,90,False,,,,True,
2003,石景山区,raw_snapshot,1.0,RAW_SENSITIVITY,,,57.0,1.0178571428571428,1.0178571428571428,4,B4,0.036363,0.037012339285714284,0.037012339285714284,0.036363,14.0,17.0,22.0,90,False,,,,True,
2003,石景山区,raw_snapshot,1.0,RAW_SENSITIVITY,,,57.0,1.0178571428571428,1.0178571428571428,5,B5+,0.0,0.0,0.0,0.0,17.5,21.0,27.5,90,False,,,,True,
2004,石景山区,raw_snapshot,1.0,RAW_SENSITIVITY,,,57.0,1.0178571428571428,1.0178571428571428,1,B1,0.522801,0.5321367321428571,1.0178581607142856,1.000001,3.5,5.0,5.5,90,False,,,,True,
2004,石景山区,raw_snapshot,1.0,RAW_SENSITIVITY,,,57.0,1.0178571428571428,1.0178571428571428,2,B2,0.365129,0.37164916071428566,0.48572142857142847,0.47719999999999996,7.0,9.0,11.0,90,False,,,,True,
2004,石景山区,raw_snapshot,1.0,RAW_SENSITIVITY,,,57.0,1.0178571428571428,1.0178571428571428,3,B3,0.075708,0.07705992857142857,0.11407226785714285,0.112071,10.5,13.0,16.5,90,False,,,,True,
2004,石景山区,raw_snapshot,1.0,RAW_SENSITIVITY,,,57.0,1.0178571428571428,1.0178571428571428,4,B4,0.036363,0.037012339285714284,0.037012339285714284,0.036363,14.0,17.0,22.0,90,False,,,,True,
2004,石景山区,raw_snapshot,1.0,RAW_SENSITIVITY,,,57.0,1.0178571428571428,1.0178571428571428,5,B5+,0.0,0.0,0.0,0.0,17.5,21.0,27.5,90,False,,,,True,
2005,石景山区,raw_snapshot,1.0,RAW_SENSITIVITY,57.0,60.0,57.0,1.0178571428571428,1.0178571428571428,1,B1,0.522801,0.5321367321428571,1.0178581607142856,1.000001,3.5,5.0,5.5,90,False,,,,False,
2005,石景山区,raw_snapshot,1.0,RAW_SENSITIVITY,57.0,60.0,57.0,1.0178571428571428,1.0178571428571428,2,B2,0.365129,0.37164916071428566,0.48572142857142847,0.47719999999999996,7.0,9.0,11.0,90,False,,,,False,
2005,石景山区,raw_snapshot,1.0,RAW_SENSITIVITY,57.0,60.0,57.0,1.0178571428571428,1.0178571428571428,3,B3,0.075708,0.07705992857142857,0.11407226785714285,0.112071,10.5,13.0,16.5,90,False,,,,False,
2005,石景山区,raw_snapshot,1.0,RAW_SENSITIVITY,57.0,60.0,57.0,1.0178571428571428,1.0178571428571428,4,B4,0.036363,0.037012339285714284,0.037012339285714284,0.036363,14.0,17.0,22.0,90,False,,,,False,
2005,石景山区,raw_snapshot,1.0,RAW_SENSITIVITY,57.0,60.0,57.0,1.0178571428571428,1.0178571428571428,5,B5+,0.0,0.0,0.0,0.0,17.5,21.0,27.5,90,False,,,,False,
2006,石景山区,raw_snapshot,1.0,RAW_SENSITIVITY,,,57.2,1.0214285714285716,1.0214285714285714,1,B1,0.522801,0.5340038785714285,1.0214295928571426,1.000001,3.5,5.0,5.5,90,False,,,,True,
2006,石景山区,raw_snapshot,1.0,RAW_SENSITIVITY,,,57.2,1.0214285714285716,1.0214285714285714,2,B2,0.365129,0.3729531928571428,0.4874257142857142,0.47719999999999996,7.0,9.0,11.0,90,False,,,,True,
2006,石景山区,raw_snapshot,1.0,RAW_SENSITIVITY,,,57.2,1.0214285714285716,1.0214285714285714,3,B3,0.075708,0.07733031428571428,0.11447252142857142,0.112071,10.5,13.0,16.5,90,False,,,,True,
2006,石景山区,raw_snapshot,1.0,RAW_SENSITIVITY,,,57.2,1.0214285714285716,1.0214285714285714,4,B4,0.036363,0.03714220714285714,0.03714220714285714,0.036363,14.0,17.0,22.0,90,False,,,,True,
2006,石景山区,raw_snapshot,1.0,RAW_SENSITIVITY,,,57.2,1.0214285714285716,1.0214285714285714,5,B5+,0.0,0.0,0.0,0.0,17.5,21.0,27.5,90,False,,,,True,
2007,石景山区,raw_snapshot,1.0,RAW_SENSITIVITY,,,57.4,1.025,1.025,1,B1,0.522801,0.535871025,1.025001025,1.000001,3.5,5.0,5.5,90,False,,,,True,
2007,石景山区,raw_snapshot,1.0,RAW_SENSITIVITY,,,57.4,1.025,1.025,2,B2,0.365129,0.37425722499999997,0.4891299999999999,0.47719999999999996,7.0,9.0,11.0,90,False,,,,True,
2007,石景山区,raw_snapshot,1.0,RAW_SENSITIVITY,,,57.4,1.025,1.025,3,B3,0.075708,0.0776007,0.114872775,0.112071,10.5,13.0,16.5,90,False,,,,True,
2007,石景山区,raw_snapshot,1.0,RAW_SENSITIVITY,,,57.4,1.025,1.025,4,B4,0.036363,0.037272074999999995,0.037272074999999995,0.036363,14.0,17.0,22.0,90,False,,,,True,
2007,石景山区,raw_snapshot,1.0,RAW_SENSITIVITY,,,57.4,1.025,1.025,5,B5+,0.0,0.0,0.0,0.0,17.5,21.0,27.5,90,False,,,,True,
2008,石景山区,raw_snapshot,1.0,RAW_SENSITIVITY,,,57.6,1.0285714285714287,1.0285714285714287,1,B1,0.522801,0.5377381714285715,1.0285724571428572,1.000001,3.5,5.0,5.5,90,False,,,,True,
2008,石景山区,raw_snapshot,1.0,RAW_SENSITIVITY,,,57.6,1.0285714285714287,1.0285714285714287,2,B2,0.365129,0.37556125714285715,0.4908342857142857,0.47719999999999996,7.0,9.0,11.0,90,False,,,,True,
2008,石景山区,raw_snapshot,1.0,RAW_SENSITIVITY,,,57.6,1.0285714285714287,1.0285714285714287,3,B3,0.075708,0.07787108571428572,0.11527302857142858,0.112071,10.5,13.0,16.5,90,False,,,,True,
2008,石景山区,raw_snapshot,1.0,RAW_SENSITIVITY,,,57.6,1.0285714285714287,1.0285714285714287,4,B4,0.036363,0.037401942857142864,0.037401942857142864,0.036363,14.0,17.0,22.0,90,False,,,,True,
2008,石景山区,raw_snapshot,1.0,RAW_SENSITIVITY,,,57.6,1.0285714285714287,1.0285714285714287,5,B5+,0.0,0.0,0.0,0.0,17.5,21.0,27.5,90,False,,,,True,
2009,石景山区,raw_snapshot,1.0,RAW_SENSITIVITY,,,57.8,1.032142857142857,1.0321428571428573,1,B1,0.522801,0.5396053178571428,1.0321438892857142,1.000001,3.5,5.0,5.5,90,False,,,,True,
2009,石景山区,raw_snapshot,1.0,RAW_SENSITIVITY,,,57.8,1.032142857142857,1.0321428571428573,2,B2,0.365129,0.37686528928571433,0.49253857142857144,0.47719999999999996,7.0,9.0,11.0,90,False,,,,True,
2009,石景山区,raw_snapshot,1.0,RAW_SENSITIVITY,,,57.8,1.032142857142857,1.0321428571428573,3,B3,0.075708,0.07814147142857143,0.11567328214285716,0.112071,10.5,13.0,16.5,90,False,,,,True,
2009,石景山区,raw_snapshot,1.0,RAW_SENSITIVITY,,,57.8,1.032142857142857,1.0321428571428573,4,B4,0.036363,0.03753181071428572,0.03753181071428572,0.036363,14.0,17.0,22.0,90,False,,,,True,
2009,石景山区,raw_snapshot,1.0,RAW_SENSITIVITY,,,57.8,1.032142857142857,1.0321428571428573,5,B5+,0.0,0.0,0.0,0.0,17.5,21.0,27.5,90,False,,,,True,
2010,石景山区,raw_snapshot,1.0,RAW_SENSITIVITY,58.0,60.0,58.0,1.0357142857142858,1.0357142857142858,1,B1,0.522801,0.5414724642857143,1.0357153214285715,1.000001,3.5,5.0,5.5,90,False,,,,False,
2010,石景山区,raw_snapshot,1.0,RAW_SENSITIVITY,58.0,60.0,58.0,1.0357142857142858,1.0357142857142858,2,B2,0.365129,0.37816932142857146,0.49424285714285715,0.47719999999999996,7.0,9.0,11.0,90,False,,,,False,
2010,石景山区,raw_snapshot,1.0,RAW_SENSITIVITY,58.0,60.0,58.0,1.0357142857142858,1.0357142857142858,3,B3,0.075708,0.07841185714285714,0.11607353571428573,0.112071,10.5,13.0,16.5,90,False,,,,False,
2010,石景山区,raw_snapshot,1.0,RAW_SENSITIVITY,58.0,60.0,58.0,1.0357142857142858,1.0357142857142858,4,B4,0.036363,0.037661678571428575,0.037661678571428575,0.036363,14.0,17.0,22.0,90,False,,,,False,
2010,石景山区,raw_snapshot,1.0,RAW_SENSITIVITY,58.0,60.0,58.0,1.0357142857142858,1.0357142857142858,5,B5+,0.0,0.0,0.0,0.0,17.5,21.0,27.5,90,False,,,,False,
2011,石景山区,raw_snapshot,1.0,RAW_SENSITIVITY,,,58.0,1.0357142857142858,1.0357142857142858,1,B1,0.522801,0.5414724642857143,1.0357153214285715,1.000001,3.5,5.0,5.5,90,False,,,,True,
2011,石景山区,raw_snapshot,1.0,RAW_SENSITIVITY,,,58.0,1.0357142857142858,1.0357142857142858,2,B2,0.365129,0.37816932142857146,0.49424285714285715,0.47719999999999996,7.0,9.0,11.0,90,False,,,,True,
2011,石景山区,raw_snapshot,1.0,RAW_SENSITIVITY,,,58.0,1.0357142857142858,1.0357142857142858,3,B3,0.075708,0.07841185714285714,0.11607353571428573,0.112071,10.5,13.0,16.5,90,False,,,,True,
2011,石景山区,raw_snapshot,1.0,RAW_SENSITIVITY,,,58.0,1.0357142857142858,1.0357142857142858,4,B4,0.036363,0.037661678571428575,0.037661678571428575,0.036363,14.0,17.0,22.0,90,False,,,,True,
2011,石景山区,raw_snapshot,1.0,RAW_SENSITIVITY,,,58.0,1.0357142857142858,1.0357142857142858,5,B5+,0.0,0.0,0.0,0.0,17.5,21.0,27.5,90,False,,,,True,
2012,石景山区,raw_snapshot,1.0,RAW_SENSITIVITY,,,58.0,1.0357142857142858,1.0357142857142858,1,B1,0.522801,0.5414724642857143,1.0357153214285715,1.000001,3.5,5.0,5.5,90,False,,,,True,
2012,石景山区,raw_snapshot,1.0,RAW_SENSITIVITY,,,58.0,1.0357142857142858,1.0357142857142858,2,B2,0.365129,0.37816932142857146,0.49424285714285715,0.47719999999999996,7.0,9.0,11.0,90,False,,,,True,
2012,石景山区,raw_snapshot,1.0,RAW_SENSITIVITY,,,58.0,1.0357142857142858,1.0357142857142858,3,B3,0.075708,0.07841185714285714,0.11607353571428573,0.112071,10.5,13.0,16.5,90,False,,,,True,
2012,石景山区,raw_snapshot,1.0,RAW_SENSITIVITY,,,58.0,1.0357142857142858,1.0357142857142858,4,B4,0.036363,0.037661678571428575,0.037661678571428575,0.036363,14.0,17.0,22.0,90,False,,,,True,
2012,石景山区,raw_snapshot,1.0,RAW_SENSITIVITY,,,58.0,1.0357142857142858,1.0357142857142858,5,B5+,0.0,0.0,0.0,0.0,17.5,21.0,27.5,90,False,,,,True,
2013,石景山区,raw_snapshot,1.0,RAW_SENSITIVITY,,,58.0,1.0357142857142858,1.0357142857142858,1,B1,0.522801,0.5414724642857143,1.0357153214285715,1.000001,3.5,5.0,5.5,90,False,,,,True,
2013,石景山区,raw_snapshot,1.0,RAW_SENSITIVITY,,,58.0,1.0357142857142858,1.0357142857142858,2,B2,0.365129,0.37816932142857146,0.49424285714285715,0.47719999999999996,7.0,9.0,11.0,90,False,,,,True,
2013,石景山区,raw_snapshot,1.0,RAW_SENSITIVITY,,,58.0,1.0357142857142858,1.0357142857142858,3,B3,0.075708,0.07841185714285714,0.11607353571428573,0.112071,10.5,13.0,16.5,90,False,,,,True,
2013,石景山区,raw_snapshot,1.0,RAW_SENSITIVITY,,,58.0,1.0357142857142858,1.0357142857142858,4,B4,0.036363,0.037661678571428575,0.037661678571428575,0.036363,14.0,17.0,22.0,90,False,,,,True,
2013,石景山区,raw_snapshot,1.0,RAW_SENSITIVITY,,,58.0,1.0357142857142858,1.0357142857142858,5,B5+,0.0,0.0,0.0,0.0,17.5,21.0,27.5,90,False,,,,True,
2014,石景山区,raw_snapshot,1.0,RAW_SENSITIVITY,,,58.0,1.0357142857142858,1.0357142857142858,1,B1,0.522801,0.5414724642857143,1.0357153214285715,1.000001,3.5,5.0,5.5,90,False,,,,True,
2014,石景山区,raw_snapshot,1.0,RAW_SENSITIVITY,,,58.0,1.0357142857142858,1.0357142857142858,2,B2,0.365129,0.37816932142857146,0.49424285714285715,0.47719999999999996,7.0,9.0,11.0,90,False,,,,True,
2014,石景山区,raw_snapshot,1.0,RAW_SENSITIVITY,,,58.0,1.0357142857142858,1.0357142857142858,3,B3,0.075708,0.07841185714285714,0.11607353571428573,0.112071,10.5,13.0,16.5,90,False,,,,True,
2014,石景山区,raw_snapshot,1.0,RAW_SENSITIVITY,,,58.0,1.0357142857142858,1.0357142857142858,4,B4,0.036363,0.037661678571428575,0.037661678571428575,0.036363,14.0,17.0,22.0,90,False,,,,True,
2014,石景山区,raw_snapshot,1.0,RAW_SENSITIVITY,,,58.0,1.0357142857142858,1.0357142857142858,5,B5+,0.0,0.0,0.0,0.0,17.5,21.0,27.5,90,False,,,,True,
2015,石景山区,raw_snapshot,1.0,RAW_SENSITIVITY,58.0,60.0,58.0,1.0357142857142858,1.0357142857142858,1,B1,0.522801,0.5414724642857143,1.0357153214285715,1.000001,3.5,5.0,5.5,90,False,,,,False,
2015,石景山区,raw_snapshot,1.0,RAW_SENSITIVITY,58.0,60.0,58.0,1.0357142857142858,1.0357142857142858,2,B2,0.365129,0.37816932142857146,0.49424285714285715,0.47719999999999996,7.0,9.0,11.0,90,False,,,,False,
2015,石景山区,raw_snapshot,1.0,RAW_SENSITIVITY,58.0,60.0,58.0,1.0357142857142858,1.0357142857142858,3,B3,0.075708,0.07841185714285714,0.11607353571428573,0.112071,10.5,13.0,16.5,90,False,,,,False,
2015,石景山区,raw_snapshot,1.0,RAW_SENSITIVITY,58.0,60.0,58.0,1.0357142857142858,1.0357142857142858,4,B4,0.036363,0.037661678571428575,0.037661678571428575,0.036363,14.0,17.0,22.0,90,False,,,,False,
2015,石景山区,raw_snapshot,1.0,RAW_SENSITIVITY,58.0,60.0,58.0,1.0357142857142858,1.0357142857142858,5,B5+,0.0,0.0,0.0,0.0,17.5,21.0,27.5,90,False,,,,False,
2016,石景山区,raw_snapshot,1.0,RAW_SENSITIVITY,,,57.6,1.0285714285714287,1.0285714285714287,1,B1,0.522801,0.5377381714285715,1.0285724571428572,1.000001,3.5,5.0,5.5,90,False,,,,True,
2016,石景山区,raw_snapshot,1.0,RAW_SENSITIVITY,,,57.6,1.0285714285714287,1.0285714285714287,2,B2,0.365129,0.37556125714285715,0.4908342857142857,0.47719999999999996,7.0,9.0,11.0,90,False,,,,True,
2016,石景山区,raw_snapshot,1.0,RAW_SENSITIVITY,,,57.6,1.0285714285714287,1.0285714285714287,3,B3,0.075708,0.07787108571428572,0.11527302857142858,0.112071,10.5,13.0,16.5,90,False,,,,True,
2016,石景山区,raw_snapshot,1.0,RAW_SENSITIVITY,,,57.6,1.0285714285714287,1.0285714285714287,4,B4,0.036363,0.037401942857142864,0.037401942857142864,0.036363,14.0,17.0,22.0,90,False,,,,True,
2016,石景山区,raw_snapshot,1.0,RAW_SENSITIVITY,,,57.6,1.0285714285714287,1.0285714285714287,5,B5+,0.0,0.0,0.0,0.0,17.5,21.0,27.5,90,False,,,,True,
2017,石景山区,raw_snapshot,1.0,RAW_SENSITIVITY,,,57.2,1.0214285714285716,1.0214285714285716,1,B1,0.522801,0.5340038785714286,1.0214295928571429,1.000001,3.5,5.0,5.5,90,False,,,,True,
2017,石景山区,raw_snapshot,1.0,RAW_SENSITIVITY,,,57.2,1.0214285714285716,1.0214285714285716,2,B2,0.365129,0.3729531928571429,0.4874257142857143,0.47719999999999996,7.0,9.0,11.0,90,False,,,,True,
2017,石景山区,raw_snapshot,1.0,RAW_SENSITIVITY,,,57.2,1.0214285714285716,1.0214285714285716,3,B3,0.075708,0.0773303142857143,0.11447252142857145,0.112071,10.5,13.0,16.5,90,False,,,,True,
2017,石景山区,raw_snapshot,1.0,RAW_SENSITIVITY,,,57.2,1.0214285714285716,1.0214285714285716,4,B4,0.036363,0.037142207142857146,0.037142207142857146,0.036363,14.0,17.0,22.0,90,False,,,,True,
2017,石景山区,raw_snapshot,1.0,RAW_SENSITIVITY,,,57.2,1.0214285714285716,1.0214285714285716,5,B5+,0.0,0.0,0.0,0.0,17.5,21.0,27.5,90,False,,,,True,
2018,石景山区,raw_snapshot,1.0,RAW_SENSITIVITY,,,56.8,1.0142857142857142,1.0142857142857142,1,B1,0.522801,0.5302695857142856,1.0142867285714285,1.000001,3.5,5.0,5.5,90,False,,,,True,
2018,石景山区,raw_snapshot,1.0,RAW_SENSITIVITY,,,56.8,1.0142857142857142,1.0142857142857142,2,B2,0.365129,0.37034512857142854,0.4840171428571428,0.47719999999999996,7.0,9.0,11.0,90,False,,,,True,
2018,石景山区,raw_snapshot,1.0,RAW_SENSITIVITY,,,56.8,1.0142857142857142,1.0142857142857142,3,B3,0.075708,0.07678954285714285,0.11367201428571429,0.112071,10.5,13.0,16.5,90,False,,,,True,
2018,石景山区,raw_snapshot,1.0,RAW_SENSITIVITY,,,56.8,1.0142857142857142,1.0142857142857142,4,B4,0.036363,0.03688247142857143,0.03688247142857143,0.036363,14.0,17.0,22.0,90,False,,,,True,
2018,石景山区,raw_snapshot,1.0,RAW_SENSITIVITY,,,56.8,1.0142857142857142,1.0142857142857142,5,B5+,0.0,0.0,0.0,0.0,17.5,21.0,27.5,90,False,,,,True,
2019,石景山区,raw_snapshot,1.0,RAW_SENSITIVITY,,,56.4,1.0071428571428571,1.0071428571428571,1,B1,0.522801,0.5265352928571428,1.0071438642857142,1.000001,3.5,5.0,5.5,90,False,,,,True,
2019,石景山区,raw_snapshot,1.0,RAW_SENSITIVITY,,,56.4,1.0071428571428571,1.0071428571428571,2,B2,0.365129,0.36773706428571423,0.4806085714285714,0.47719999999999996,7.0,9.0,11.0,90,False,,,,True,
2019,石景山区,raw_snapshot,1.0,RAW_SENSITIVITY,,,56.4,1.0071428571428571,1.0071428571428571,3,B3,0.075708,0.07624877142857142,0.11287150714285714,0.112071,10.5,13.0,16.5,90,False,,,,True,
2019,石景山区,raw_snapshot,1.0,RAW_SENSITIVITY,,,56.4,1.0071428571428571,1.0071428571428571,4,B4,0.036363,0.03662273571428571,0.03662273571428571,0.036363,14.0,17.0,22.0,90,False,,,,True,
2019,石景山区,raw_snapshot,1.0,RAW_SENSITIVITY,,,56.4,1.0071428571428571,1.0071428571428571,5,B5+,0.0,0.0,0.0,0.0,17.5,21.0,27.5,90,False,,,,True,
2020,石景山区,raw_snapshot,1.0,RAW_SENSITIVITY,56.0,60.0,56.0,1.0,1.0,1,B1,0.522801,0.522801,1.000001,1.000001,3.5,5.0,5.5,90,False,,,,False,
2020,石景山区,raw_snapshot,1.0,RAW_SENSITIVITY,56.0,60.0,56.0,1.0,1.0,2,B2,0.365129,0.365129,0.47719999999999996,0.47719999999999996,7.0,9.0,11.0,90,False,,,,False,
2020,石景山区,raw_snapshot,1.0,RAW_SENSITIVITY,56.0,60.0,56.0,1.0,1.0,3,B3,0.075708,0.075708,0.112071,0.112071,10.5,13.0,16.5,90,False,,,,False,
2020,石景山区,raw_snapshot,1.0,RAW_SENSITIVITY,56.0,60.0,56.0,1.0,1.0,4,B4,0.036363,0.036363,0.036363,0.036363,14.0,17.0,22.0,90,False,,,,False,
2020,石景山区,raw_snapshot,1.0,RAW_SENSITIVITY,56.0,60.0,56.0,1.0,1.0,5,B5+,0.0,0.0,0.0,0.0,17.5,21.0,27.5,90,False,,,,False,
1980,西城区,raw_snapshot,1.0,RAW_SENSITIVITY,48.0,48.0,48.0,0.96,0.96,1,B1,0.471367,0.45251231999999997,0.96,1.0,3.5,5.0,5.5,122,False,,,,False,
1980,西城区,raw_snapshot,1.0,RAW_SENSITIVITY,48.0,48.0,48.0,0.96,0.96,2,B2,0.285539,0.27411744,0.50748768,0.528633,7.0,9.0,11.0,122,False,,,,False,
1980,西城区,raw_snapshot,1.0,RAW_SENSITIVITY,48.0,48.0,48.0,0.96,0.96,3,B3,0.171068,0.16422528,0.23337024,0.243094,10.5,13.0,16.5,122,False,,,,False,
1980,西城区,raw_snapshot,1.0,RAW_SENSITIVITY,48.0,48.0,48.0,0.96,0.96,4,B4,0.072026,0.06914496,0.06914496,0.072026,14.0,17.0,22.0,122,False,,,,False,
1980,西城区,raw_snapshot,1.0,RAW_SENSITIVITY,48.0,48.0,48.0,0.96,0.96,5,B5+,0.0,0.0,0.0,0.0,17.5,21.0,27.5,122,False,,,,False,
1981,西城区,raw_snapshot,1.0,RAW_SENSITIVITY,,,48.5,0.97,0.97,1,B1,0.471367,0.45722598999999997,0.97,1.0,3.5,5.0,5.5,122,False,,,,True,
1981,西城区,raw_snapshot,1.0,RAW_SENSITIVITY,,,48.5,0.97,0.97,2,B2,0.285539,0.27697283,0.51277401,0.528633,7.0,9.0,11.0,122,False,,,,True,
1981,西城区,raw_snapshot,1.0,RAW_SENSITIVITY,,,48.5,0.97,0.97,3,B3,0.171068,0.16593596,0.23580118,0.243094,10.5,13.0,16.5,122,False,,,,True,
1981,西城区,raw_snapshot,1.0,RAW_SENSITIVITY,,,48.5,0.97,0.97,4,B4,0.072026,0.06986522,0.06986522,0.072026,14.0,17.0,22.0,122,False,,,,True,
1981,西城区,raw_snapshot,1.0,RAW_SENSITIVITY,,,48.5,0.97,0.97,5,B5+,0.0,0.0,0.0,0.0,17.5,21.0,27.5,122,False,,,,True,
1982,西城区,raw_snapshot,1.0,RAW_SENSITIVITY,,,49.0,0.98,0.98,1,B1,0.471367,0.46193966,0.98,1.0,3.5,5.0,5.5,122,False,,,,True,
1982,西城区,raw_snapshot,1.0,RAW_SENSITIVITY,,,49.0,0.98,0.98,2,B2,0.285539,0.27982821999999996,0.51806034,0.528633,7.0,9.0,11.0,122,False,,,,True,
1982,西城区,raw_snapshot,1.0,RAW_SENSITIVITY,,,49.0,0.98,0.98,3,B3,0.171068,0.16764663999999999,0.23823212,0.243094,10.5,13.0,16.5,122,False,,,,True,
1982,西城区,raw_snapshot,1.0,RAW_SENSITIVITY,,,49.0,0.98,0.98,4,B4,0.072026,0.07058548,0.07058548,0.072026,14.0,17.0,22.0,122,False,,,,True,
1982,西城区,raw_snapshot,1.0,RAW_SENSITIVITY,,,49.0,0.98,0.98,5,B5+,0.0,0.0,0.0,0.0,17.5,21.0,27.5,122,False,,,,True,
1983,西城区,raw_snapshot,1.0,RAW_SENSITIVITY,,,49.5,0.99,0.99,1,B1,0.471367,0.46665333,0.99,1.0,3.5,5.0,5.5,122,False,,,,True,
1983,西城区,raw_snapshot,1.0,RAW_SENSITIVITY,,,49.5,0.99,0.99,2,B2,0.285539,0.28268361,0.52334667,0.528633,7.0,9.0,11.0,122,False,,,,True,
1983,西城区,raw_snapshot,1.0,RAW_SENSITIVITY,,,49.5,0.99,0.99,3,B3,0.171068,0.16935732,0.24066306,0.243094,10.5,13.0,16.5,122,False,,,,True,
1983,西城区,raw_snapshot,1.0,RAW_SENSITIVITY,,,49.5,0.99,0.99,4,B4,0.072026,0.07130574,0.07130574,0.072026,14.0,17.0,22.0,122,False,,,,True,
1983,西城区,raw_snapshot,1.0,RAW_SENSITIVITY,,,49.5,0.99,0.99,5,B5+,0.0,0.0,0.0,0.0,17.5,21.0,27.5,122,False,,,,True,
1984,西城区,raw_snapshot,1.0,RAW_SENSITIVITY,,,50.0,1.0,1.0,1,B1,0.471367,0.471367,1.0,1.0,3.5,5.0,5.5,122,False,,,,True,
1984,西城区,raw_snapshot,1.0,RAW_SENSITIVITY,,,50.0,1.0,1.0,2,B2,0.285539,0.285539,0.528633,0.528633,7.0,9.0,11.0,122,False,,,,True,
1984,西城区,raw_snapshot,1.0,RAW_SENSITIVITY,,,50.0,1.0,1.0,3,B3,0.171068,0.171068,0.243094,0.243094,10.5,13.0,16.5,122,False,,,,True,
1984,西城区,raw_snapshot,1.0,RAW_SENSITIVITY,,,50.0,1.0,1.0,4,B4,0.072026,0.072026,0.072026,0.072026,14.0,17.0,22.0,122,False,,,,True,
1984,西城区,raw_snapshot,1.0,RAW_SENSITIVITY,,,50.0,1.0,1.0,5,B5+,0.0,0.0,0.0,0.0,17.5,21.0,27.5,122,False,,,,True,
1985,西城区,raw_snapshot,1.0,RAW_SENSITIVITY,,,50.5,1.01,1.01,1,B1,0.471367,0.47608067,1.01,1.0,3.5,5.0,5.5,122,False,,,,True,
1985,西城区,raw_snapshot,1.0,RAW_SENSITIVITY,,,50.5,1.01,1.01,2,B2,0.285539,0.28839439,0.53391933,0.528633,7.0,9.0,11.0,122,False,,,,True,
1985,西城区,raw_snapshot,1.0,RAW_SENSITIVITY,,,50.5,1.01,1.01,3,B3,0.171068,0.17277868,0.24552494,0.243094,10.5,13.0,16.5,122,False,,,,True,
1985,西城区,raw_snapshot,1.0,RAW_SENSITIVITY,,,50.5,1.01,1.01,4,B4,0.072026,0.07274626000000001,0.07274626000000001,0.072026,14.0,17.0,22.0,122,False,,,,True,
1985,西城区,raw_snapshot,1.0,RAW_SENSITIVITY,,,50.5,1.01,1.01,5,B5+,0.0,0.0,0.0,0.0,17.5,21.0,27.5,122,False,,,,True,
1986,西城区,raw_snapshot,1.0,RAW_SENSITIVITY,,,51.0,1.02,1.02,1,B1,0.471367,0.48079434,1.02,1.0,3.5,5.0,5.5,122,False,,,,True,
1986,西城区,raw_snapshot,1.0,RAW_SENSITIVITY,,,51.0,1.02,1.02,2,B2,0.285539,0.29124978,0.53920566,0.528633,7.0,9.0,11.0,122,False,,,,True,
1986,西城区,raw_snapshot,1.0,RAW_SENSITIVITY,,,51.0,1.02,1.02,3,B3,0.171068,0.17448936,0.24795588000000002,0.243094,10.5,13.0,16.5,122,False,,,,True,
1986,西城区,raw_snapshot,1.0,RAW_SENSITIVITY,,,51.0,1.02,1.02,4,B4,0.072026,0.07346652000000001,0.07346652000000001,0.072026,14.0,17.0,22.0,122,False,,,,True,
1986,西城区,raw_snapshot,1.0,RAW_SENSITIVITY,,,51.0,1.02,1.02,5,B5+,0.0,0.0,0.0,0.0,17.5,21.0,27.5,122,False,,,,True,
1987,西城区,raw_snapshot,1.0,RAW_SENSITIVITY,,,51.5,1.03,1.03,1,B1,0.471367,0.48550801,1.03,1.0,3.5,5.0,5.5,122,False,,,,True,
1987,西城区,raw_snapshot,1.0,RAW_SENSITIVITY,,,51.5,1.03,1.03,2,B2,0.285539,0.29410516999999997,0.54449199,0.528633,7.0,9.0,11.0,122,False,,,,True,
1987,西城区,raw_snapshot,1.0,RAW_SENSITIVITY,,,51.5,1.03,1.03,3,B3,0.171068,0.17620004,0.25038682,0.243094,10.5,13.0,16.5,122,False,,,,True,
1987,西城区,raw_snapshot,1.0,RAW_SENSITIVITY,,,51.5,1.03,1.03,4,B4,0.072026,0.07418678000000001,0.07418678000000001,0.072026,14.0,17.0,22.0,122,False,,,,True,
1987,西城区,raw_snapshot,1.0,RAW_SENSITIVITY,,,51.5,1.03,1.03,5,B5+,0.0,0.0,0.0,0.0,17.5,21.0,27.5,122,False,,,,True,
1988,西城区,raw_snapshot,1.0,RAW_SENSITIVITY,,,52.0,1.04,1.04,1,B1,0.471367,0.49022168,1.04,1.0,3.5,5.0,5.5,122,False,,,,True,
1988,西城区,raw_snapshot,1.0,RAW_SENSITIVITY,,,52.0,1.04,1.04,2,B2,0.285539,0.29696056,0.54977832,0.528633,7.0,9.0,11.0,122,False,,,,True,
1988,西城区,raw_snapshot,1.0,RAW_SENSITIVITY,,,52.0,1.04,1.04,3,B3,0.171068,0.17791072,0.25281776,0.243094,10.5,13.0,16.5,122,False,,,,True,
1988,西城区,raw_snapshot,1.0,RAW_SENSITIVITY,,,52.0,1.04,1.04,4,B4,0.072026,0.07490704000000001,0.07490704000000001,0.072026,14.0,17.0,22.0,122,False,,,,True,
1988,西城区,raw_snapshot,1.0,RAW_SENSITIVITY,,,52.0,1.04,1.04,5,B5+,0.0,0.0,0.0,0.0,17.5,21.0,27.5,122,False,,,,True,
1989,西城区,raw_snapshot,1.0,RAW_SENSITIVITY,,,52.5,1.05,1.05,1,B1,0.471367,0.49493535,1.05,1.0,3.5,5.0,5.5,122,False,,,,True,
1989,西城区,raw_snapshot,1.0,RAW_SENSITIVITY,,,52.5,1.05,1.05,2,B2,0.285539,0.29981595,0.55506465,0.528633,7.0,9.0,11.0,122,False,,,,True,
1989,西城区,raw_snapshot,1.0,RAW_SENSITIVITY,,,52.5,1.05,1.05,3,B3,0.171068,0.17962140000000001,0.2552487,0.243094,10.5,13.0,16.5,122,False,,,,True,
1989,西城区,raw_snapshot,1.0,RAW_SENSITIVITY,,,52.5,1.05,1.05,4,B4,0.072026,0.07562730000000001,0.07562730000000001,0.072026,14.0,17.0,22.0,122,False,,,,True,
1989,西城区,raw_snapshot,1.0,RAW_SENSITIVITY,,,52.5,1.05,1.05,5,B5+,0.0,0.0,0.0,0.0,17.5,21.0,27.5,122,False,,,,True,
1990,西城区,raw_snapshot,1.0,RAW_SENSITIVITY,53.0,53.0,53.0,1.06,1.06,1,B1,0.471367,0.49964902,1.06,1.0,3.5,5.0,5.5,122,False,,,,False,
1990,西城区,raw_snapshot,1.0,RAW_SENSITIVITY,53.0,53.0,53.0,1.06,1.06,2,B2,0.285539,0.30267134,0.56035098,0.528633,7.0,9.0,11.0,122,False,,,,False,
1990,西城区,raw_snapshot,1.0,RAW_SENSITIVITY,53.0,53.0,53.0,1.06,1.06,3,B3,0.171068,0.18133208,0.25767964000000004,0.243094,10.5,13.0,16.5,122,False,,,,False,
1990,西城区,raw_snapshot,1.0,RAW_SENSITIVITY,53.0,53.0,53.0,1.06,1.06,4,B4,0.072026,0.07634756000000001,0.07634756000000001,0.072026,14.0,17.0,22.0,122,False,,,,False,
1990,西城区,raw_snapshot,1.0,RAW_SENSITIVITY,53.0,53.0,53.0,1.06,1.06,5,B5+,0.0,0.0,0.0,0.0,17.5,21.0,27.5,122,False,,,,False,
1991,西城区,raw_snapshot,1.0,RAW_SENSITIVITY,,,52.4,1.048,1.048,1,B1,0.471367,0.493992616,1.048,1.0,3.5,5.0,5.5,122,False,,,,True,
1991,西城区,raw_snapshot,1.0,RAW_SENSITIVITY,,,52.4,1.048,1.048,2,B2,0.285539,0.299244872,0.554007384,0.528633,7.0,9.0,11.0,122,False,,,,True,
1991,西城区,raw_snapshot,1.0,RAW_SENSITIVITY,,,52.4,1.048,1.048,3,B3,0.171068,0.179279264,0.254762512,0.243094,10.5,13.0,16.5,122,False,,,,True,
1991,西城区,raw_snapshot,1.0,RAW_SENSITIVITY,,,52.4,1.048,1.048,4,B4,0.072026,0.07548324800000002,0.07548324800000002,0.072026,14.0,17.0,22.0,122,False,,,,True,
1991,西城区,raw_snapshot,1.0,RAW_SENSITIVITY,,,52.4,1.048,1.048,5,B5+,0.0,0.0,0.0,0.0,17.5,21.0,27.5,122,False,,,,True,
1992,西城区,raw_snapshot,1.0,RAW_SENSITIVITY,,,51.8,1.036,1.036,1,B1,0.471367,0.488336212,1.036,1.0,3.5,5.0,5.5,122,False,,,,True,
1992,西城区,raw_snapshot,1.0,RAW_SENSITIVITY,,,51.8,1.036,1.036,2,B2,0.285539,0.295818404,0.547663788,0.528633,7.0,9.0,11.0,122,False,,,,True,
1992,西城区,raw_snapshot,1.0,RAW_SENSITIVITY,,,51.8,1.036,1.036,3,B3,0.171068,0.177226448,0.251845384,0.243094,10.5,13.0,16.5,122,False,,,,True,
1992,西城区,raw_snapshot,1.0,RAW_SENSITIVITY,,,51.8,1.036,1.036,4,B4,0.072026,0.07461893600000001,0.07461893600000001,0.072026,14.0,17.0,22.0,122,False,,,,True,
1992,西城区,raw_snapshot,1.0,RAW_SENSITIVITY,,,51.8,1.036,1.036,5,B5+,0.0,0.0,0.0,0.0,17.5,21.0,27.5,122,False,,,,True,
1993,西城区,raw_snapshot,1.0,RAW_SENSITIVITY,,,51.2,1.024,1.024,1,B1,0.471367,0.482679808,1.024,1.0,3.5,5.0,5.5,122,False,,,,True,
1993,西城区,raw_snapshot,1.0,RAW_SENSITIVITY,,,51.2,1.024,1.024,2,B2,0.285539,0.292391936,0.541320192,0.528633,7.0,9.0,11.0,122,False,,,,True,
1993,西城区,raw_snapshot,1.0,RAW_SENSITIVITY,,,51.2,1.024,1.024,3,B3,0.171068,0.175173632,0.24892825600000001,0.243094,10.5,13.0,16.5,122,False,,,,True,
1993,西城区,raw_snapshot,1.0,RAW_SENSITIVITY,,,51.2,1.024,1.024,4,B4,0.072026,0.073754624,0.073754624,0.072026,14.0,17.0,22.0,122,False,,,,True,
1993,西城区,raw_snapshot,1.0,RAW_SENSITIVITY,,,51.2,1.024,1.024,5,B5+,0.0,0.0,0.0,0.0,17.5,21.0,27.5,122,False,,,,True,
1994,西城区,raw_snapshot,1.0,RAW_SENSITIVITY,,,50.6,1.012,1.012,1,B1,0.471367,0.477023404,1.012,1.0,3.5,5.0,5.5,122,False,,,,True,
1994,西城区,raw_snapshot,1.0,RAW_SENSITIVITY,,,50.6,1.012,1.012,2,B2,0.285539,0.288965468,0.534976596,0.528633,7.0,9.0,11.0,122,False,,,,True,
1994,西城区,raw_snapshot,1.0,RAW_SENSITIVITY,,,50.6,1.012,1.012,3,B3,0.171068,0.173120816,0.246011128,0.243094,10.5,13.0,16.5,122,False,,,,True,
1994,西城区,raw_snapshot,1.0,RAW_SENSITIVITY,,,50.6,1.012,1.012,4,B4,0.072026,0.07289031200000001,0.07289031200000001,0.072026,14.0,17.0,22.0,122,False,,,,True,
1994,西城区,raw_snapshot,1.0,RAW_SENSITIVITY,,,50.6,1.012,1.012,5,B5+,0.0,0.0,0.0,0.0,17.5,21.0,27.5,122,False,,,,True,
1995,西城区,raw_snapshot,1.0,RAW_SENSITIVITY,50.0,53.0,50.0,1.0,1.0,1,B1,0.471367,0.471367,1.0,1.0,3.5,5.0,5.5,122,False,,,,False,
1995,西城区,raw_snapshot,1.0,RAW_SENSITIVITY,50.0,53.0,50.0,1.0,1.0,2,B2,0.285539,0.285539,0.528633,0.528633,7.0,9.0,11.0,122,False,,,,False,
1995,西城区,raw_snapshot,1.0,RAW_SENSITIVITY,50.0,53.0,50.0,1.0,1.0,3,B3,0.171068,0.171068,0.243094,0.243094,10.5,13.0,16.5,122,False,,,,False,
1995,西城区,raw_snapshot,1.0,RAW_SENSITIVITY,50.0,53.0,50.0,1.0,1.0,4,B4,0.072026,0.072026,0.072026,0.072026,14.0,17.0,22.0,122,False,,,,False,
1995,西城区,raw_snapshot,1.0,RAW_SENSITIVITY,50.0,53.0,50.0,1.0,1.0,5,B5+,0.0,0.0,0.0,0.0,17.5,21.0,27.5,122,False,,,,False,
1996,西城区,raw_snapshot,1.0,RAW_SENSITIVITY,,,49.6,0.992,0.992,1,B1,0.471367,0.467596064,0.992,1.0,3.5,5.0,5.5,122,False,,,,True,
1996,西城区,raw_snapshot,1.0,RAW_SENSITIVITY,,,49.6,0.992,0.992,2,B2,0.285539,0.283254688,0.524403936,0.528633,7.0,9.0,11.0,122,False,,,,True,
1996,西城区,raw_snapshot,1.0,RAW_SENSITIVITY,,,49.6,0.992,0.992,3,B3,0.171068,0.169699456,0.241149248,0.243094,10.5,13.0,16.5,122,False,,,,True,
1996,西城区,raw_snapshot,1.0,RAW_SENSITIVITY,,,49.6,0.992,0.992,4,B4,0.072026,0.07144979200000001,0.07144979200000001,0.072026,14.0,17.0,22.0,122,False,,,,True,
1996,西城区,raw_snapshot,1.0,RAW_SENSITIVITY,,,49.6,0.992,0.992,5,B5+,0.0,0.0,0.0,0.0,17.5,21.0,27.5,122,False,,,,True,
1997,西城区,raw_snapshot,1.0,RAW_SENSITIVITY,,,49.2,0.9840000000000001,0.984,1,B1,0.471367,0.463825128,0.984,1.0,3.5,5.0,5.5,122,False,,,,True,
1997,西城区,raw_snapshot,1.0,RAW_SENSITIVITY,,,49.2,0.9840000000000001,0.984,2,B2,0.285539,0.28097037599999997,0.520174872,0.528633,7.0,9.0,11.0,122,False,,,,True,
1997,西城区,raw_snapshot,1.0,RAW_SENSITIVITY,,,49.2,0.9840000000000001,0.984,3,B3,0.171068,0.168330912,0.239204496,0.243094,10.5,13.0,16.5,122,False,,,,True,
1997,西城区,raw_snapshot,1.0,RAW_SENSITIVITY,,,49.2,0.9840000000000001,0.984,4,B4,0.072026,0.070873584,0.070873584,0.072026,14.0,17.0,22.0,122,False,,,,True,
1997,西城区,raw_snapshot,1.0,RAW_SENSITIVITY,,,49.2,0.9840000000000001,0.984,5,B5+,0.0,0.0,0.0,0.0,17.5,21.0,27.5,122,False,,,,True,
1998,西城区,raw_snapshot,1.0,RAW_SENSITIVITY,,,48.8,0.976,0.976,1,B1,0.471367,0.460054192,0.976,1.0,3.5,5.0,5.5,122,False,,,,True,
1998,西城区,raw_snapshot,1.0,RAW_SENSITIVITY,,,48.8,0.976,0.976,2,B2,0.285539,0.27868606399999996,0.515945808,0.528633,7.0,9.0,11.0,122,False,,,,True,
1998,西城区,raw_snapshot,1.0,RAW_SENSITIVITY,,,48.8,0.976,0.976,3,B3,0.171068,0.166962368,0.237259744,0.243094,10.5,13.0,16.5,122,False,,,,True,
1998,西城区,raw_snapshot,1.0,RAW_SENSITIVITY,,,48.8,0.976,0.976,4,B4,0.072026,0.07029737600000001,0.07029737600000001,0.072026,14.0,17.0,22.0,122,False,,,,True,
1998,西城区,raw_snapshot,1.0,RAW_SENSITIVITY,,,48.8,0.976,0.976,5,B5+,0.0,0.0,0.0,0.0,17.5,21.0,27.5,122,False,,,,True,
1999,西城区,raw_snapshot,1.0,RAW_SENSITIVITY,,,48.4,0.968,0.968,1,B1,0.471367,0.45628325599999997,0.968,1.0,3.5,5.0,5.5,122,False,,,,True,
1999,西城区,raw_snapshot,1.0,RAW_SENSITIVITY,,,48.4,0.968,0.968,2,B2,0.285539,0.276401752,0.511716744,0.528633,7.0,9.0,11.0,122,False,,,,True,
1999,西城区,raw_snapshot,1.0,RAW_SENSITIVITY,,,48.4,0.968,0.968,3,B3,0.171068,0.165593824,0.235314992,0.243094,10.5,13.0,16.5,122,False,,,,True,
1999,西城区,raw_snapshot,1.0,RAW_SENSITIVITY,,,48.4,0.968,0.968,4,B4,0.072026,0.069721168,0.069721168,0.072026,14.0,17.0,22.0,122,False,,,,True,
1999,西城区,raw_snapshot,1.0,RAW_SENSITIVITY,,,48.4,0.968,0.968,5,B5+,0.0,0.0,0.0,0.0,17.5,21.0,27.5,122,False,,,,True,
2000,西城区,raw_snapshot,1.0,RAW_SENSITIVITY,48.0,53.0,48.0,0.96,0.96,1,B1,0.471367,0.45251231999999997,0.96,1.0,3.5,5.0,5.5,122,False,,,,False,
2000,西城区,raw_snapshot,1.0,RAW_SENSITIVITY,48.0,53.0,48.0,0.96,0.96,2,B2,0.285539,0.27411744,0.50748768,0.528633,7.0,9.0,11.0,122,False,,,,False,
2000,西城区,raw_snapshot,1.0,RAW_SENSITIVITY,48.0,53.0,48.0,0.96,0.96,3,B3,0.171068,0.16422528,0.23337024,0.243094,10.5,13.0,16.5,122,False,,,,False,
2000,西城区,raw_snapshot,1.0,RAW_SENSITIVITY,48.0,53.0,48.0,0.96,0.96,4,B4,0.072026,0.06914496,0.06914496,0.072026,14.0,17.0,22.0,122,False,,,,False,
2000,西城区,raw_snapshot,1.0,RAW_SENSITIVITY,48.0,53.0,48.0,0.96,0.96,5,B5+,0.0,0.0,0.0,0.0,17.5,21.0,27.5,122,False,,,,False,
2001,西城区,raw_snapshot,1.0,RAW_SENSITIVITY,,,48.0,0.96,0.96,1,B1,0.471367,0.45251231999999997,0.96,1.0,3.5,5.0,5.5,122,False,,,,True,
2001,西城区,raw_snapshot,1.0,RAW_SENSITIVITY,,,48.0,0.96,0.96,2,B2,0.285539,0.27411744,0.50748768,0.528633,7.0,9.0,11.0,122,False,,,,True,
2001,西城区,raw_snapshot,1.0,RAW_SENSITIVITY,,,48.0,0.96,0.96,3,B3,0.171068,0.16422528,0.23337024,0.243094,10.5,13.0,16.5,122,False,,,,True,
2001,西城区,raw_snapshot,1.0,RAW_SENSITIVITY,,,48.0,0.96,0.96,4,B4,0.072026,0.06914496,0.06914496,0.072026,14.0,17.0,22.0,122,False,,,,True,
2001,西城区,raw_snapshot,1.0,RAW_SENSITIVITY,,,48.0,0.96,0.96,5,B5+,0.0,0.0,0.0,0.0,17.5,21.0,27.5,122,False,,,,True,
2002,西城区,raw_snapshot,1.0,RAW_SENSITIVITY,,,48.0,0.96,0.96,1,B1,0.471367,0.45251231999999997,0.96,1.0,3.5,5.0,5.5,122,False,,,,True,
2002,西城区,raw_snapshot,1.0,RAW_SENSITIVITY,,,48.0,0.96,0.96,2,B2,0.285539,0.27411744,0.50748768,0.528633,7.0,9.0,11.0,122,False,,,,True,
2002,西城区,raw_snapshot,1.0,RAW_SENSITIVITY,,,48.0,0.96,0.96,3,B3,0.171068,0.16422528,0.23337024,0.243094,10.5,13.0,16.5,122,False,,,,True,
2002,西城区,raw_snapshot,1.0,RAW_SENSITIVITY,,,48.0,0.96,0.96,4,B4,0.072026,0.06914496,0.06914496,0.072026,14.0,17.0,22.0,122,False,,,,True,
2002,西城区,raw_snapshot,1.0,RAW_SENSITIVITY,,,48.0,0.96,0.96,5,B5+,0.0,0.0,0.0,0.0,17.5,21.0,27.5,122,False,,,,True,
2003,西城区,raw_snapshot,1.0,RAW_SENSITIVITY,,,48.0,0.96,0.96,1,B1,0.471367,0.45251231999999997,0.96,1.0,3.5,5.0,5.5,122,False,,,,True,
2003,西城区,raw_snapshot,1.0,RAW_SENSITIVITY,,,48.0,0.96,0.96,2,B2,0.285539,0.27411744,0.50748768,0.528633,7.0,9.0,11.0,122,False,,,,True,
2003,西城区,raw_snapshot,1.0,RAW_SENSITIVITY,,,48.0,0.96,0.96,3,B3,0.171068,0.16422528,0.23337024,0.243094,10.5,13.0,16.5,122,False,,,,True,
2003,西城区,raw_snapshot,1.0,RAW_SENSITIVITY,,,48.0,0.96,0.96,4,B4,0.072026,0.06914496,0.06914496,0.072026,14.0,17.0,22.0,122,False,,,,True,
2003,西城区,raw_snapshot,1.0,RAW_SENSITIVITY,,,48.0,0.96,0.96,5,B5+,0.0,0.0,0.0,0.0,17.5,21.0,27.5,122,False,,,,True,
2004,西城区,raw_snapshot,1.0,RAW_SENSITIVITY,,,48.0,0.96,0.96,1,B1,0.471367,0.45251231999999997,0.96,1.0,3.5,5.0,5.5,122,False,,,,True,
2004,西城区,raw_snapshot,1.0,RAW_SENSITIVITY,,,48.0,0.96,0.96,2,B2,0.285539,0.27411744,0.50748768,0.528633,7.0,9.0,11.0,122,False,,,,True,
2004,西城区,raw_snapshot,1.0,RAW_SENSITIVITY,,,48.0,0.96,0.96,3,B3,0.171068,0.16422528,0.23337024,0.243094,10.5,13.0,16.5,122,False,,,,True,
2004,西城区,raw_snapshot,1.0,RAW_SENSITIVITY,,,48.0,0.96,0.96,4,B4,0.072026,0.06914496,0.06914496,0.072026,14.0,17.0,22.0,122,False,,,,True,
2004,西城区,raw_snapshot,1.0,RAW_SENSITIVITY,,,48.0,0.96,0.96,5,B5+,0.0,0.0,0.0,0.0,17.5,21.0,27.5,122,False,,,,True,
2005,西城区,raw_snapshot,1.0,RAW_SENSITIVITY,48.0,53.0,48.0,0.96,0.96,1,B1,0.471367,0.45251231999999997,0.96,1.0,3.5,5.0,5.5,122,False,,,,False,
2005,西城区,raw_snapshot,1.0,RAW_SENSITIVITY,48.0,53.0,48.0,0.96,0.96,2,B2,0.285539,0.27411744,0.50748768,0.528633,7.0,9.0,11.0,122,False,,,,False,
2005,西城区,raw_snapshot,1.0,RAW_SENSITIVITY,48.0,53.0,48.0,0.96,0.96,3,B3,0.171068,0.16422528,0.23337024,0.243094,10.5,13.0,16.5,122,False,,,,False,
2005,西城区,raw_snapshot,1.0,RAW_SENSITIVITY,48.0,53.0,48.0,0.96,0.96,4,B4,0.072026,0.06914496,0.06914496,0.072026,14.0,17.0,22.0,122,False,,,,False,
2005,西城区,raw_snapshot,1.0,RAW_SENSITIVITY,48.0,53.0,48.0,0.96,0.96,5,B5+,0.0,0.0,0.0,0.0,17.5,21.0,27.5,122,False,,,,False,
2006,西城区,raw_snapshot,1.0,RAW_SENSITIVITY,,,48.0,0.96,0.96,1,B1,0.471367,0.45251231999999997,0.96,1.0,3.5,5.0,5.5,122,False,,,,True,
2006,西城区,raw_snapshot,1.0,RAW_SENSITIVITY,,,48.0,0.96,0.96,2,B2,0.285539,0.27411744,0.50748768,0.528633,7.0,9.0,11.0,122,False,,,,True,
2006,西城区,raw_snapshot,1.0,RAW_SENSITIVITY,,,48.0,0.96,0.96,3,B3,0.171068,0.16422528,0.23337024,0.243094,10.5,13.0,16.5,122,False,,,,True,
2006,西城区,raw_snapshot,1.0,RAW_SENSITIVITY,,,48.0,0.96,0.96,4,B4,0.072026,0.06914496,0.06914496,0.072026,14.0,17.0,22.0,122,False,,,,True,
2006,西城区,raw_snapshot,1.0,RAW_SENSITIVITY,,,48.0,0.96,0.96,5,B5+,0.0,0.0,0.0,0.0,17.5,21.0,27.5,122,False,,,,True,
2007,西城区,raw_snapshot,1.0,RAW_SENSITIVITY,,,48.0,0.96,0.96,1,B1,0.471367,0.45251231999999997,0.96,1.0,3.5,5.0,5.5,122,False,,,,True,
2007,西城区,raw_snapshot,1.0,RAW_SENSITIVITY,,,48.0,0.96,0.96,2,B2,0.285539,0.27411744,0.50748768,0.528633,7.0,9.0,11.0,122,False,,,,True,
2007,西城区,raw_snapshot,1.0,RAW_SENSITIVITY,,,48.0,0.96,0.96,3,B3,0.171068,0.16422528,0.23337024,0.243094,10.5,13.0,16.5,122,False,,,,True,
2007,西城区,raw_snapshot,1.0,RAW_SENSITIVITY,,,48.0,0.96,0.96,4,B4,0.072026,0.06914496,0.06914496,0.072026,14.0,17.0,22.0,122,False,,,,True,
2007,西城区,raw_snapshot,1.0,RAW_SENSITIVITY,,,48.0,0.96,0.96,5,B5+,0.0,0.0,0.0,0.0,17.5,21.0,27.5,122,False,,,,True,
2008,西城区,raw_snapshot,1.0,RAW_SENSITIVITY,,,48.0,0.96,0.96,1,B1,0.471367,0.45251231999999997,0.96,1.0,3.5,5.0,5.5,122,False,,,,True,
2008,西城区,raw_snapshot,1.0,RAW_SENSITIVITY,,,48.0,0.96,0.96,2,B2,0.285539,0.27411744,0.50748768,0.528633,7.0,9.0,11.0,122,False,,,,True,
2008,西城区,raw_snapshot,1.0,RAW_SENSITIVITY,,,48.0,0.96,0.96,3,B3,0.171068,0.16422528,0.23337024,0.243094,10.5,13.0,16.5,122,False,,,,True,
2008,西城区,raw_snapshot,1.0,RAW_SENSITIVITY,,,48.0,0.96,0.96,4,B4,0.072026,0.06914496,0.06914496,0.072026,14.0,17.0,22.0,122,False,,,,True,
2008,西城区,raw_snapshot,1.0,RAW_SENSITIVITY,,,48.0,0.96,0.96,5,B5+,0.0,0.0,0.0,0.0,17.5,21.0,27.5,122,False,,,,True,
2009,西城区,raw_snapshot,1.0,RAW_SENSITIVITY,,,48.0,0.96,0.96,1,B1,0.471367,0.45251231999999997,0.96,1.0,3.5,5.0,5.5,122,False,,,,True,
2009,西城区,raw_snapshot,1.0,RAW_SENSITIVITY,,,48.0,0.96,0.96,2,B2,0.285539,0.27411744,0.50748768,0.528633,7.0,9.0,11.0,122,False,,,,True,
2009,西城区,raw_snapshot,1.0,RAW_SENSITIVITY,,,48.0,0.96,0.96,3,B3,0.171068,0.16422528,0.23337024,0.243094,10.5,13.0,16.5,122,False,,,,True,
2009,西城区,raw_snapshot,1.0,RAW_SENSITIVITY,,,48.0,0.96,0.96,4,B4,0.072026,0.06914496,0.06914496,0.072026,14.0,17.0,22.0,122,False,,,,True,
2009,西城区,raw_snapshot,1.0,RAW_SENSITIVITY,,,48.0,0.96,0.96,5,B5+,0.0,0.0,0.0,0.0,17.5,21.0,27.5,122,False,,,,True,
2010,西城区,raw_snapshot,1.0,RAW_SENSITIVITY,48.0,53.0,48.0,0.96,0.96,1,B1,0.471367,0.45251231999999997,0.96,1.0,3.5,5.0,5.5,122,False,,,,False,
2010,西城区,raw_snapshot,1.0,RAW_SENSITIVITY,48.0,53.0,48.0,0.96,0.96,2,B2,0.285539,0.27411744,0.50748768,0.528633,7.0,9.0,11.0,122,False,,,,False,
2010,西城区,raw_snapshot,1.0,RAW_SENSITIVITY,48.0,53.0,48.0,0.96,0.96,3,B3,0.171068,0.16422528,0.23337024,0.243094,10.5,13.0,16.5,122,False,,,,False,
2010,西城区,raw_snapshot,1.0,RAW_SENSITIVITY,48.0,53.0,48.0,0.96,0.96,4,B4,0.072026,0.06914496,0.06914496,0.072026,14.0,17.0,22.0,122,False,,,,False,
2010,西城区,raw_snapshot,1.0,RAW_SENSITIVITY,48.0,53.0,48.0,0.96,0.96,5,B5+,0.0,0.0,0.0,0.0,17.5,21.0,27.5,122,False,,,,False,
2011,西城区,raw_snapshot,1.0,RAW_SENSITIVITY,,,48.0,0.96,0.96,1,B1,0.471367,0.45251231999999997,0.96,1.0,3.5,5.0,5.5,122,False,,,,True,
2011,西城区,raw_snapshot,1.0,RAW_SENSITIVITY,,,48.0,0.96,0.96,2,B2,0.285539,0.27411744,0.50748768,0.528633,7.0,9.0,11.0,122,False,,,,True,
2011,西城区,raw_snapshot,1.0,RAW_SENSITIVITY,,,48.0,0.96,0.96,3,B3,0.171068,0.16422528,0.23337024,0.243094,10.5,13.0,16.5,122,False,,,,True,
2011,西城区,raw_snapshot,1.0,RAW_SENSITIVITY,,,48.0,0.96,0.96,4,B4,0.072026,0.06914496,0.06914496,0.072026,14.0,17.0,22.0,122,False,,,,True,
2011,西城区,raw_snapshot,1.0,RAW_SENSITIVITY,,,48.0,0.96,0.96,5,B5+,0.0,0.0,0.0,0.0,17.5,21.0,27.5,122,False,,,,True,
2012,西城区,raw_snapshot,1.0,RAW_SENSITIVITY,,,48.0,0.96,0.96,1,B1,0.471367,0.45251231999999997,0.96,1.0,3.5,5.0,5.5,122,False,,,,True,
2012,西城区,raw_snapshot,1.0,RAW_SENSITIVITY,,,48.0,0.96,0.96,2,B2,0.285539,0.27411744,0.50748768,0.528633,7.0,9.0,11.0,122,False,,,,True,
2012,西城区,raw_snapshot,1.0,RAW_SENSITIVITY,,,48.0,0.96,0.96,3,B3,0.171068,0.16422528,0.23337024,0.243094,10.5,13.0,16.5,122,False,,,,True,
2012,西城区,raw_snapshot,1.0,RAW_SENSITIVITY,,,48.0,0.96,0.96,4,B4,0.072026,0.06914496,0.06914496,0.072026,14.0,17.0,22.0,122,False,,,,True,
2012,西城区,raw_snapshot,1.0,RAW_SENSITIVITY,,,48.0,0.96,0.96,5,B5+,0.0,0.0,0.0,0.0,17.5,21.0,27.5,122,False,,,,True,
2013,西城区,raw_snapshot,1.0,RAW_SENSITIVITY,,,48.0,0.96,0.96,1,B1,0.471367,0.45251231999999997,0.96,1.0,3.5,5.0,5.5,122,False,,,,True,
2013,西城区,raw_snapshot,1.0,RAW_SENSITIVITY,,,48.0,0.96,0.96,2,B2,0.285539,0.27411744,0.50748768,0.528633,7.0,9.0,11.0,122,False,,,,True,
2013,西城区,raw_snapshot,1.0,RAW_SENSITIVITY,,,48.0,0.96,0.96,3,B3,0.171068,0.16422528,0.23337024,0.243094,10.5,13.0,16.5,122,False,,,,True,
2013,西城区,raw_snapshot,1.0,RAW_SENSITIVITY,,,48.0,0.96,0.96,4,B4,0.072026,0.06914496,0.06914496,0.072026,14.0,17.0,22.0,122,False,,,,True,
2013,西城区,raw_snapshot,1.0,RAW_SENSITIVITY,,,48.0,0.96,0.96,5,B5+,0.0,0.0,0.0,0.0,17.5,21.0,27.5,122,False,,,,True,
2014,西城区,raw_snapshot,1.0,RAW_SENSITIVITY,,,48.0,0.96,0.96,1,B1,0.471367,0.45251231999999997,0.96,1.0,3.5,5.0,5.5,122,False,,,,True,
2014,西城区,raw_snapshot,1.0,RAW_SENSITIVITY,,,48.0,0.96,0.96,2,B2,0.285539,0.27411744,0.50748768,0.528633,7.0,9.0,11.0,122,False,,,,True,
2014,西城区,raw_snapshot,1.0,RAW_SENSITIVITY,,,48.0,0.96,0.96,3,B3,0.171068,0.16422528,0.23337024,0.243094,10.5,13.0,16.5,122,False,,,,True,
2014,西城区,raw_snapshot,1.0,RAW_SENSITIVITY,,,48.0,0.96,0.96,4,B4,0.072026,0.06914496,0.06914496,0.072026,14.0,17.0,22.0,122,False,,,,True,
2014,西城区,raw_snapshot,1.0,RAW_SENSITIVITY,,,48.0,0.96,0.96,5,B5+,0.0,0.0,0.0,0.0,17.5,21.0,27.5,122,False,,,,True,
2015,西城区,raw_snapshot,1.0,RAW_SENSITIVITY,48.0,53.0,48.0,0.96,0.96,1,B1,0.471367,0.45251231999999997,0.96,1.0,3.5,5.0,5.5,122,False,,,,False,
2015,西城区,raw_snapshot,1.0,RAW_SENSITIVITY,48.0,53.0,48.0,0.96,0.96,2,B2,0.285539,0.27411744,0.50748768,0.528633,7.0,9.0,11.0,122,False,,,,False,
2015,西城区,raw_snapshot,1.0,RAW_SENSITIVITY,48.0,53.0,48.0,0.96,0.96,3,B3,0.171068,0.16422528,0.23337024,0.243094,10.5,13.0,16.5,122,False,,,,False,
2015,西城区,raw_snapshot,1.0,RAW_SENSITIVITY,48.0,53.0,48.0,0.96,0.96,4,B4,0.072026,0.06914496,0.06914496,0.072026,14.0,17.0,22.0,122,False,,,,False,
2015,西城区,raw_snapshot,1.0,RAW_SENSITIVITY,48.0,53.0,48.0,0.96,0.96,5,B5+,0.0,0.0,0.0,0.0,17.5,21.0,27.5,122,False,,,,False,
2016,西城区,raw_snapshot,1.0,RAW_SENSITIVITY,,,48.4,0.968,0.968,1,B1,0.471367,0.45628325599999997,0.968,1.0,3.5,5.0,5.5,122,False,,,,True,
2016,西城区,raw_snapshot,1.0,RAW_SENSITIVITY,,,48.4,0.968,0.968,2,B2,0.285539,0.276401752,0.511716744,0.528633,7.0,9.0,11.0,122,False,,,,True,
2016,西城区,raw_snapshot,1.0,RAW_SENSITIVITY,,,48.4,0.968,0.968,3,B3,0.171068,0.165593824,0.235314992,0.243094,10.5,13.0,16.5,122,False,,,,True,
2016,西城区,raw_snapshot,1.0,RAW_SENSITIVITY,,,48.4,0.968,0.968,4,B4,0.072026,0.069721168,0.069721168,0.072026,14.0,17.0,22.0,122,False,,,,True,
2016,西城区,raw_snapshot,1.0,RAW_SENSITIVITY,,,48.4,0.968,0.968,5,B5+,0.0,0.0,0.0,0.0,17.5,21.0,27.5,122,False,,,,True,
2017,西城区,raw_snapshot,1.0,RAW_SENSITIVITY,,,48.8,0.976,0.976,1,B1,0.471367,0.460054192,0.976,1.0,3.5,5.0,5.5,122,False,,,,True,
2017,西城区,raw_snapshot,1.0,RAW_SENSITIVITY,,,48.8,0.976,0.976,2,B2,0.285539,0.27868606399999996,0.515945808,0.528633,7.0,9.0,11.0,122,False,,,,True,
2017,西城区,raw_snapshot,1.0,RAW_SENSITIVITY,,,48.8,0.976,0.976,3,B3,0.171068,0.166962368,0.237259744,0.243094,10.5,13.0,16.5,122,False,,,,True,
2017,西城区,raw_snapshot,1.0,RAW_SENSITIVITY,,,48.8,0.976,0.976,4,B4,0.072026,0.07029737600000001,0.07029737600000001,0.072026,14.0,17.0,22.0,122,False,,,,True,
2017,西城区,raw_snapshot,1.0,RAW_SENSITIVITY,,,48.8,0.976,0.976,5,B5+,0.0,0.0,0.0,0.0,17.5,21.0,27.5,122,False,,,,True,
2018,西城区,raw_snapshot,1.0,RAW_SENSITIVITY,,,49.2,0.9840000000000001,0.984,1,B1,0.471367,0.463825128,0.984,1.0,3.5,5.0,5.5,122,False,,,,True,
2018,西城区,raw_snapshot,1.0,RAW_SENSITIVITY,,,49.2,0.9840000000000001,0.984,2,B2,0.285539,0.28097037599999997,0.520174872,0.528633,7.0,9.0,11.0,122,False,,,,True,
2018,西城区,raw_snapshot,1.0,RAW_SENSITIVITY,,,49.2,0.9840000000000001,0.984,3,B3,0.171068,0.168330912,0.239204496,0.243094,10.5,13.0,16.5,122,False,,,,True,
2018,西城区,raw_snapshot,1.0,RAW_SENSITIVITY,,,49.2,0.9840000000000001,0.984,4,B4,0.072026,0.070873584,0.070873584,0.072026,14.0,17.0,22.0,122,False,,,,True,
2018,西城区,raw_snapshot,1.0,RAW_SENSITIVITY,,,49.2,0.9840000000000001,0.984,5,B5+,0.0,0.0,0.0,0.0,17.5,21.0,27.5,122,False,,,,True,
2019,西城区,raw_snapshot,1.0,RAW_SENSITIVITY,,,49.6,0.992,0.992,1,B1,0.471367,0.467596064,0.992,1.0,3.5,5.0,5.5,122,False,,,,True,
2019,西城区,raw_snapshot,1.0,RAW_SENSITIVITY,,,49.6,0.992,0.992,2,B2,0.285539,0.283254688,0.524403936,0.528633,7.0,9.0,11.0,122,False,,,,True,
2019,西城区,raw_snapshot,1.0,RAW_SENSITIVITY,,,49.6,0.992,0.992,3,B3,0.171068,0.169699456,0.241149248,0.243094,10.5,13.0,16.5,122,False,,,,True,
2019,西城区,raw_snapshot,1.0,RAW_SENSITIVITY,,,49.6,0.992,0.992,4,B4,0.072026,0.07144979200000001,0.07144979200000001,0.072026,14.0,17.0,22.0,122,False,,,,True,
2019,西城区,raw_snapshot,1.0,RAW_SENSITIVITY,,,49.6,0.992,0.992,5,B5+,0.0,0.0,0.0,0.0,17.5,21.0,27.5,122,False,,,,True,
2020,西城区,raw_snapshot,1.0,RAW_SENSITIVITY,50.0,53.0,50.0,1.0,1.0,1,B1,0.471367,0.471367,1.0,1.0,3.5,5.0,5.5,122,False,,,,False,
2020,西城区,raw_snapshot,1.0,RAW_SENSITIVITY,50.0,53.0,50.0,1.0,1.0,2,B2,0.285539,0.285539,0.528633,0.528633,7.0,9.0,11.0,122,False,,,,False,
2020,西城区,raw_snapshot,1.0,RAW_SENSITIVITY,50.0,53.0,50.0,1.0,1.0,3,B3,0.171068,0.171068,0.243094,0.243094,10.5,13.0,16.5,122,False,,,,False,
2020,西城区,raw_snapshot,1.0,RAW_SENSITIVITY,50.0,53.0,50.0,1.0,1.0,4,B4,0.072026,0.072026,0.072026,0.072026,14.0,17.0,22.0,122,False,,,,False,
2020,西城区,raw_snapshot,1.0,RAW_SENSITIVITY,50.0,53.0,50.0,1.0,1.0,5,B5+,0.0,0.0,0.0,0.0,17.5,21.0,27.5,122,False,,,,False,
1980,通州区,raw_snapshot,1.0,RAW_SENSITIVITY,16.0,16.0,16.0,0.16842105263157894,0.16842105263157894,1,B1,0.562538,0.09474324210526315,0.16842105263157894,1.0,3.5,5.0,5.5,351,False,,,,False,
1980,通州区,raw_snapshot,1.0,RAW_SENSITIVITY,16.0,16.0,16.0,0.16842105263157894,0.16842105263157894,2,B2,0.38115,0.0641936842105263,0.07367781052631579,0.437462,7.0,9.0,11.0,351,False,,,,False,
1980,通州区,raw_snapshot,1.0,RAW_SENSITIVITY,16.0,16.0,16.0,0.16842105263157894,0.16842105263157894,3,B3,0.056312,0.009484126315789473,0.009484126315789473,0.056312,10.5,13.0,16.5,351,False,,,,False,
1980,通州区,raw_snapshot,1.0,RAW_SENSITIVITY,16.0,16.0,16.0,0.16842105263157894,0.16842105263157894,4,B4,0.0,0.0,0.0,0.0,14.0,17.0,22.0,351,False,,,,False,
1980,通州区,raw_snapshot,1.0,RAW_SENSITIVITY,16.0,16.0,16.0,0.16842105263157894,0.16842105263157894,5,B5+,0.0,0.0,0.0,0.0,17.5,21.0,27.5,351,False,,,,False,
1981,通州区,raw_snapshot,1.0,RAW_SENSITIVITY,,,16.0,0.16842105263157894,0.16842105263157894,1,B1,0.562538,0.09474324210526315,0.16842105263157894,1.0,3.5,5.0,5.5,351,False,,,,True,
1981,通州区,raw_snapshot,1.0,RAW_SENSITIVITY,,,16.0,0.16842105263157894,0.16842105263157894,2,B2,0.38115,0.0641936842105263,0.07367781052631579,0.437462,7.0,9.0,11.0,351,False,,,,True,
1981,通州区,raw_snapshot,1.0,RAW_SENSITIVITY,,,16.0,0.16842105263157894,0.16842105263157894,3,B3,0.056312,0.009484126315789473,0.009484126315789473,0.056312,10.5,13.0,16.5,351,False,,,,True,
1981,通州区,raw_snapshot,1.0,RAW_SENSITIVITY,,,16.0,0.16842105263157894,0.16842105263157894,4,B4,0.0,0.0,0.0,0.0,14.0,17.0,22.0,351,False,,,,True,
1981,通州区,raw_snapshot,1.0,RAW_SENSITIVITY,,,16.0,0.16842105263157894,0.16842105263157894,5,B5+,0.0,0.0,0.0,0.0,17.5,21.0,27.5,351,False,,,,True,
1982,通州区,raw_snapshot,1.0,RAW_SENSITIVITY,,,16.0,0.16842105263157894,0.16842105263157894,1,B1,0.562538,0.09474324210526315,0.16842105263157894,1.0,3.5,5.0,5.5,351,False,,,,True,
1982,通州区,raw_snapshot,1.0,RAW_SENSITIVITY,,,16.0,0.16842105263157894,0.16842105263157894,2,B2,0.38115,0.0641936842105263,0.07367781052631579,0.437462,7.0,9.0,11.0,351,False,,,,True,
1982,通州区,raw_snapshot,1.0,RAW_SENSITIVITY,,,16.0,0.16842105263157894,0.16842105263157894,3,B3,0.056312,0.009484126315789473,0.009484126315789473,0.056312,10.5,13.0,16.5,351,False,,,,True,
1982,通州区,raw_snapshot,1.0,RAW_SENSITIVITY,,,16.0,0.16842105263157894,0.16842105263157894,4,B4,0.0,0.0,0.0,0.0,14.0,17.0,22.0,351,False,,,,True,
1982,通州区,raw_snapshot,1.0,RAW_SENSITIVITY,,,16.0,0.16842105263157894,0.16842105263157894,5,B5+,0.0,0.0,0.0,0.0,17.5,21.0,27.5,351,False,,,,True,
1983,通州区,raw_snapshot,1.0,RAW_SENSITIVITY,,,16.0,0.16842105263157894,0.16842105263157894,1,B1,0.562538,0.09474324210526315,0.16842105263157894,1.0,3.5,5.0,5.5,351,False,,,,True,
1983,通州区,raw_snapshot,1.0,RAW_SENSITIVITY,,,16.0,0.16842105263157894,0.16842105263157894,2,B2,0.38115,0.0641936842105263,0.07367781052631579,0.437462,7.0,9.0,11.0,351,False,,,,True,
1983,通州区,raw_snapshot,1.0,RAW_SENSITIVITY,,,16.0,0.16842105263157894,0.16842105263157894,3,B3,0.056312,0.009484126315789473,0.009484126315789473,0.056312,10.5,13.0,16.5,351,False,,,,True,
1983,通州区,raw_snapshot,1.0,RAW_SENSITIVITY,,,16.0,0.16842105263157894,0.16842105263157894,4,B4,0.0,0.0,0.0,0.0,14.0,17.0,22.0,351,False,,,,True,
1983,通州区,raw_snapshot,1.0,RAW_SENSITIVITY,,,16.0,0.16842105263157894,0.16842105263157894,5,B5+,0.0,0.0,0.0,0.0,17.5,21.0,27.5,351,False,,,,True,
1984,通州区,raw_snapshot,1.0,RAW_SENSITIVITY,,,16.0,0.16842105263157894,0.16842105263157894,1,B1,0.562538,0.09474324210526315,0.16842105263157894,1.0,3.5,5.0,5.5,351,False,,,,True,
1984,通州区,raw_snapshot,1.0,RAW_SENSITIVITY,,,16.0,0.16842105263157894,0.16842105263157894,2,B2,0.38115,0.0641936842105263,0.07367781052631579,0.437462,7.0,9.0,11.0,351,False,,,,True,
1984,通州区,raw_snapshot,1.0,RAW_SENSITIVITY,,,16.0,0.16842105263157894,0.16842105263157894,3,B3,0.056312,0.009484126315789473,0.009484126315789473,0.056312,10.5,13.0,16.5,351,False,,,,True,
1984,通州区,raw_snapshot,1.0,RAW_SENSITIVITY,,,16.0,0.16842105263157894,0.16842105263157894,4,B4,0.0,0.0,0.0,0.0,14.0,17.0,22.0,351,False,,,,True,
1984,通州区,raw_snapshot,1.0,RAW_SENSITIVITY,,,16.0,0.16842105263157894,0.16842105263157894,5,B5+,0.0,0.0,0.0,0.0,17.5,21.0,27.5,351,False,,,,True,
1985,通州区,raw_snapshot,1.0,RAW_SENSITIVITY,,,16.0,0.16842105263157894,0.16842105263157894,1,B1,0.562538,0.09474324210526315,0.16842105263157894,1.0,3.5,5.0,5.5,351,False,,,,True,
1985,通州区,raw_snapshot,1.0,RAW_SENSITIVITY,,,16.0,0.16842105263157894,0.16842105263157894,2,B2,0.38115,0.0641936842105263,0.07367781052631579,0.437462,7.0,9.0,11.0,351,False,,,,True,
1985,通州区,raw_snapshot,1.0,RAW_SENSITIVITY,,,16.0,0.16842105263157894,0.16842105263157894,3,B3,0.056312,0.009484126315789473,0.009484126315789473,0.056312,10.5,13.0,16.5,351,False,,,,True,
1985,通州区,raw_snapshot,1.0,RAW_SENSITIVITY,,,16.0,0.16842105263157894,0.16842105263157894,4,B4,0.0,0.0,0.0,0.0,14.0,17.0,22.0,351,False,,,,True,
1985,通州区,raw_snapshot,1.0,RAW_SENSITIVITY,,,16.0,0.16842105263157894,0.16842105263157894,5,B5+,0.0,0.0,0.0,0.0,17.5,21.0,27.5,351,False,,,,True,
1986,通州区,raw_snapshot,1.0,RAW_SENSITIVITY,,,16.0,0.16842105263157894,0.16842105263157894,1,B1,0.562538,0.09474324210526315,0.16842105263157894,1.0,3.5,5.0,5.5,351,False,,,,True,
1986,通州区,raw_snapshot,1.0,RAW_SENSITIVITY,,,16.0,0.16842105263157894,0.16842105263157894,2,B2,0.38115,0.0641936842105263,0.07367781052631579,0.437462,7.0,9.0,11.0,351,False,,,,True,
1986,通州区,raw_snapshot,1.0,RAW_SENSITIVITY,,,16.0,0.16842105263157894,0.16842105263157894,3,B3,0.056312,0.009484126315789473,0.009484126315789473,0.056312,10.5,13.0,16.5,351,False,,,,True,
1986,通州区,raw_snapshot,1.0,RAW_SENSITIVITY,,,16.0,0.16842105263157894,0.16842105263157894,4,B4,0.0,0.0,0.0,0.0,14.0,17.0,22.0,351,False,,,,True,
1986,通州区,raw_snapshot,1.0,RAW_SENSITIVITY,,,16.0,0.16842105263157894,0.16842105263157894,5,B5+,0.0,0.0,0.0,0.0,17.5,21.0,27.5,351,False,,,,True,
1987,通州区,raw_snapshot,1.0,RAW_SENSITIVITY,,,16.0,0.16842105263157894,0.16842105263157894,1,B1,0.562538,0.09474324210526315,0.16842105263157894,1.0,3.5,5.0,5.5,351,False,,,,True,
1987,通州区,raw_snapshot,1.0,RAW_SENSITIVITY,,,16.0,0.16842105263157894,0.16842105263157894,2,B2,0.38115,0.0641936842105263,0.07367781052631579,0.437462,7.0,9.0,11.0,351,False,,,,True,
1987,通州区,raw_snapshot,1.0,RAW_SENSITIVITY,,,16.0,0.16842105263157894,0.16842105263157894,3,B3,0.056312,0.009484126315789473,0.009484126315789473,0.056312,10.5,13.0,16.5,351,False,,,,True,
1987,通州区,raw_snapshot,1.0,RAW_SENSITIVITY,,,16.0,0.16842105263157894,0.16842105263157894,4,B4,0.0,0.0,0.0,0.0,14.0,17.0,22.0,351,False,,,,True,
1987,通州区,raw_snapshot,1.0,RAW_SENSITIVITY,,,16.0,0.16842105263157894,0.16842105263157894,5,B5+,0.0,0.0,0.0,0.0,17.5,21.0,27.5,351,False,,,,True,
1988,通州区,raw_snapshot,1.0,RAW_SENSITIVITY,,,16.0,0.16842105263157894,0.16842105263157894,1,B1,0.562538,0.09474324210526315,0.16842105263157894,1.0,3.5,5.0,5.5,351,False,,,,True,
1988,通州区,raw_snapshot,1.0,RAW_SENSITIVITY,,,16.0,0.16842105263157894,0.16842105263157894,2,B2,0.38115,0.0641936842105263,0.07367781052631579,0.437462,7.0,9.0,11.0,351,False,,,,True,
1988,通州区,raw_snapshot,1.0,RAW_SENSITIVITY,,,16.0,0.16842105263157894,0.16842105263157894,3,B3,0.056312,0.009484126315789473,0.009484126315789473,0.056312,10.5,13.0,16.5,351,False,,,,True,
1988,通州区,raw_snapshot,1.0,RAW_SENSITIVITY,,,16.0,0.16842105263157894,0.16842105263157894,4,B4,0.0,0.0,0.0,0.0,14.0,17.0,22.0,351,False,,,,True,
1988,通州区,raw_snapshot,1.0,RAW_SENSITIVITY,,,16.0,0.16842105263157894,0.16842105263157894,5,B5+,0.0,0.0,0.0,0.0,17.5,21.0,27.5,351,False,,,,True,
1989,通州区,raw_snapshot,1.0,RAW_SENSITIVITY,,,16.0,0.16842105263157894,0.16842105263157894,1,B1,0.562538,0.09474324210526315,0.16842105263157894,1.0,3.5,5.0,5.5,351,False,,,,True,
1989,通州区,raw_snapshot,1.0,RAW_SENSITIVITY,,,16.0,0.16842105263157894,0.16842105263157894,2,B2,0.38115,0.0641936842105263,0.07367781052631579,0.437462,7.0,9.0,11.0,351,False,,,,True,
1989,通州区,raw_snapshot,1.0,RAW_SENSITIVITY,,,16.0,0.16842105263157894,0.16842105263157894,3,B3,0.056312,0.009484126315789473,0.009484126315789473,0.056312,10.5,13.0,16.5,351,False,,,,True,
1989,通州区,raw_snapshot,1.0,RAW_SENSITIVITY,,,16.0,0.16842105263157894,0.16842105263157894,4,B4,0.0,0.0,0.0,0.0,14.0,17.0,22.0,351,False,,,,True,
1989,通州区,raw_snapshot,1.0,RAW_SENSITIVITY,,,16.0,0.16842105263157894,0.16842105263157894,5,B5+,0.0,0.0,0.0,0.0,17.5,21.0,27.5,351,False,,,,True,
1990,通州区,raw_snapshot,1.0,RAW_SENSITIVITY,16.0,16.0,16.0,0.16842105263157894,0.16842105263157894,1,B1,0.562538,0.09474324210526315,0.16842105263157894,1.0,3.5,5.0,5.5,351,False,,,,False,
1990,通州区,raw_snapshot,1.0,RAW_SENSITIVITY,16.0,16.0,16.0,0.16842105263157894,0.16842105263157894,2,B2,0.38115,0.0641936842105263,0.07367781052631579,0.437462,7.0,9.0,11.0,351,False,,,,False,
1990,通州区,raw_snapshot,1.0,RAW_SENSITIVITY,16.0,16.0,16.0,0.16842105263157894,0.16842105263157894,3,B3,0.056312,0.009484126315789473,0.009484126315789473,0.056312,10.5,13.0,16.5,351,False,,,,False,
1990,通州区,raw_snapshot,1.0,RAW_SENSITIVITY,16.0,16.0,16.0,0.16842105263157894,0.16842105263157894,4,B4,0.0,0.0,0.0,0.0,14.0,17.0,22.0,351,False,,,,False,
1990,通州区,raw_snapshot,1.0,RAW_SENSITIVITY,16.0,16.0,16.0,0.16842105263157894,0.16842105263157894,5,B5+,0.0,0.0,0.0,0.0,17.5,21.0,27.5,351,False,,,,False,
1991,通州区,raw_snapshot,1.0,RAW_SENSITIVITY,,,21.2,0.2231578947368421,0.2231578947368421,1,B1,0.562538,0.12553479578947369,0.2231578947368421,1.0,3.5,5.0,5.5,351,False,,,,True,
1991,通州区,raw_snapshot,1.0,RAW_SENSITIVITY,,,21.2,0.2231578947368421,0.2231578947368421,2,B2,0.38115,0.08505663157894737,0.09762309894736843,0.437462,7.0,9.0,11.0,351,False,,,,True,
1991,通州区,raw_snapshot,1.0,RAW_SENSITIVITY,,,21.2,0.2231578947368421,0.2231578947368421,3,B3,0.056312,0.012566467368421054,0.012566467368421054,0.056312,10.5,13.0,16.5,351,False,,,,True,
1991,通州区,raw_snapshot,1.0,RAW_SENSITIVITY,,,21.2,0.2231578947368421,0.2231578947368421,4,B4,0.0,0.0,0.0,0.0,14.0,17.0,22.0,351,False,,,,True,
1991,通州区,raw_snapshot,1.0,RAW_SENSITIVITY,,,21.2,0.2231578947368421,0.2231578947368421,5,B5+,0.0,0.0,0.0,0.0,17.5,21.0,27.5,351,False,,,,True,
1992,通州区,raw_snapshot,1.0,RAW_SENSITIVITY,,,26.4,0.27789473684210525,0.27789473684210525,1,B1,0.562538,0.1563263494736842,0.27789473684210525,1.0,3.5,5.0,5.5,351,False,,,,True,
1992,通州区,raw_snapshot,1.0,RAW_SENSITIVITY,,,26.4,0.27789473684210525,0.27789473684210525,2,B2,0.38115,0.1059195789473684,0.12156838736842106,0.437462,7.0,9.0,11.0,351,False,,,,True,
1992,通州区,raw_snapshot,1.0,RAW_SENSITIVITY,,,26.4,0.27789473684210525,0.27789473684210525,3,B3,0.056312,0.01564880842105263,0.01564880842105263,0.056312,10.5,13.0,16.5,351,False,,,,True,
1992,通州区,raw_snapshot,1.0,RAW_SENSITIVITY,,,26.4,0.27789473684210525,0.27789473684210525,4,B4,0.0,0.0,0.0,0.0,14.0,17.0,22.0,351,False,,,,True,
1992,通州区,raw_snapshot,1.0,RAW_SENSITIVITY,,,26.4,0.27789473684210525,0.27789473684210525,5,B5+,0.0,0.0,0.0,0.0,17.5,21.0,27.5,351,False,,,,True,
1993,通州区,raw_snapshot,1.0,RAW_SENSITIVITY,,,31.6,0.33263157894736844,0.3326315789473684,1,B1,0.562538,0.1871179031578947,0.3326315789473684,1.0,3.5,5.0,5.5,351,False,,,,True,
1993,通州区,raw_snapshot,1.0,RAW_SENSITIVITY,,,31.6,0.33263157894736844,0.3326315789473684,2,B2,0.38115,0.12678252631578946,0.1455136757894737,0.437462,7.0,9.0,11.0,351,False,,,,True,
1993,通州区,raw_snapshot,1.0,RAW_SENSITIVITY,,,31.6,0.33263157894736844,0.3326315789473684,3,B3,0.056312,0.01873114947368421,0.01873114947368421,0.056312,10.5,13.0,16.5,351,False,,,,True,
1993,通州区,raw_snapshot,1.0,RAW_SENSITIVITY,,,31.6,0.33263157894736844,0.3326315789473684,4,B4,0.0,0.0,0.0,0.0,14.0,17.0,22.0,351,False,,,,True,
1993,通州区,raw_snapshot,1.0,RAW_SENSITIVITY,,,31.6,0.33263157894736844,0.3326315789473684,5,B5+,0.0,0.0,0.0,0.0,17.5,21.0,27.5,351,False,,,,True,
1994,通州区,raw_snapshot,1.0,RAW_SENSITIVITY,,,36.8,0.38736842105263153,0.3873684210526316,1,B1,0.562538,0.21790945684210525,0.3873684210526316,1.0,3.5,5.0,5.5,351,False,,,,True,
1994,通州区,raw_snapshot,1.0,RAW_SENSITIVITY,,,36.8,0.38736842105263153,0.3873684210526316,2,B2,0.38115,0.14764547368421052,0.16945896421052634,0.437462,7.0,9.0,11.0,351,False,,,,True,
1994,通州区,raw_snapshot,1.0,RAW_SENSITIVITY,,,36.8,0.38736842105263153,0.3873684210526316,3,B3,0.056312,0.02181349052631579,0.02181349052631579,0.056312,10.5,13.0,16.5,351,False,,,,True,
1994,通州区,raw_snapshot,1.0,RAW_SENSITIVITY,,,36.8,0.38736842105263153,0.3873684210526316,4,B4,0.0,0.0,0.0,0.0,14.0,17.0,22.0,351,False,,,,True,
1994,通州区,raw_snapshot,1.0,RAW_SENSITIVITY,,,36.8,0.38736842105263153,0.3873684210526316,5,B5+,0.0,0.0,0.0,0.0,17.5,21.0,27.5,351,False,,,,True,
1995,通州区,raw_snapshot,1.0,RAW_SENSITIVITY,42.0,42.0,42.0,0.4421052631578947,0.4421052631578947,1,B1,0.562538,0.24870101052631577,0.4421052631578947,1.0,3.5,5.0,5.5,351,False,,,,False,
1995,通州区,raw_snapshot,1.0,RAW_SENSITIVITY,42.0,42.0,42.0,0.4421052631578947,0.4421052631578947,2,B2,0.38115,0.16850842105263156,0.19340425263157895,0.437462,7.0,9.0,11.0,351,False,,,,False,
1995,通州区,raw_snapshot,1.0,RAW_SENSITIVITY,42.0,42.0,42.0,0.4421052631578947,0.4421052631578947,3,B3,0.056312,0.02489583157894737,0.02489583157894737,0.056312,10.5,13.0,16.5,351,False,,,,False,
1995,通州区,raw_snapshot,1.0,RAW_SENSITIVITY,42.0,42.0,42.0,0.4421052631578947,0.4421052631578947,4,B4,0.0,0.0,0.0,0.0,14.0,17.0,22.0,351,False,,,,False,
1995,通州区,raw_snapshot,1.0,RAW_SENSITIVITY,42.0,42.0,42.0,0.4421052631578947,0.4421052631578947,5,B5+,0.0,0.0,0.0,0.0,17.5,21.0,27.5,351,False,,,,False,
1996,通州区,raw_snapshot,1.0,RAW_SENSITIVITY,,,41.0,0.43157894736842106,0.43157894736842106,1,B1,0.562538,0.24277955789473685,0.43157894736842106,1.0,3.5,5.0,5.5,351,False,,,,True,
1996,通州区,raw_snapshot,1.0,RAW_SENSITIVITY,,,41.0,0.43157894736842106,0.43157894736842106,2,B2,0.38115,0.16449631578947368,0.18879938947368421,0.437462,7.0,9.0,11.0,351,False,,,,True,
1996,通州区,raw_snapshot,1.0,RAW_SENSITIVITY,,,41.0,0.43157894736842106,0.43157894736842106,3,B3,0.056312,0.024303073684210526,0.024303073684210526,0.056312,10.5,13.0,16.5,351,False,,,,True,
1996,通州区,raw_snapshot,1.0,RAW_SENSITIVITY,,,41.0,0.43157894736842106,0.43157894736842106,4,B4,0.0,0.0,0.0,0.0,14.0,17.0,22.0,351,False,,,,True,
1996,通州区,raw_snapshot,1.0,RAW_SENSITIVITY,,,41.0,0.43157894736842106,0.43157894736842106,5,B5+,0.0,0.0,0.0,0.0,17.5,21.0,27.5,351,False,,,,True,
1997,通州区,raw_snapshot,1.0,RAW_SENSITIVITY,,,40.0,0.42105263157894735,0.42105263157894735,1,B1,0.562538,0.23685810526315787,0.42105263157894735,1.0,3.5,5.0,5.5,351,False,,,,True,
1997,通州区,raw_snapshot,1.0,RAW_SENSITIVITY,,,40.0,0.42105263157894735,0.42105263157894735,2,B2,0.38115,0.16048421052631578,0.18419452631578948,0.437462,7.0,9.0,11.0,351,False,,,,True,
1997,通州区,raw_snapshot,1.0,RAW_SENSITIVITY,,,40.0,0.42105263157894735,0.42105263157894735,3,B3,0.056312,0.023710315789473684,0.023710315789473684,0.056312,10.5,13.0,16.5,351,False,,,,True,
1997,通州区,raw_snapshot,1.0,RAW_SENSITIVITY,,,40.0,0.42105263157894735,0.42105263157894735,4,B4,0.0,0.0,0.0,0.0,14.0,17.0,22.0,351,False,,,,True,
1997,通州区,raw_snapshot,1.0,RAW_SENSITIVITY,,,40.0,0.42105263157894735,0.42105263157894735,5,B5+,0.0,0.0,0.0,0.0,17.5,21.0,27.5,351,False,,,,True,
1998,通州区,raw_snapshot,1.0,RAW_SENSITIVITY,,,39.0,0.4105263157894737,0.4105263157894737,1,B1,0.562538,0.23093665263157895,0.4105263157894737,1.0,3.5,5.0,5.5,351,False,,,,True,
1998,通州区,raw_snapshot,1.0,RAW_SENSITIVITY,,,39.0,0.4105263157894737,0.4105263157894737,2,B2,0.38115,0.15647210526315788,0.17958966315789474,0.437462,7.0,9.0,11.0,351,False,,,,True,
1998,通州区,raw_snapshot,1.0,RAW_SENSITIVITY,,,39.0,0.4105263157894737,0.4105263157894737,3,B3,0.056312,0.023117557894736844,0.023117557894736844,0.056312,10.5,13.0,16.5,351,False,,,,True,
1998,通州区,raw_snapshot,1.0,RAW_SENSITIVITY,,,39.0,0.4105263157894737,0.4105263157894737,4,B4,0.0,0.0,0.0,0.0,14.0,17.0,22.0,351,False,,,,True,
1998,通州区,raw_snapshot,1.0,RAW_SENSITIVITY,,,39.0,0.4105263157894737,0.4105263157894737,5,B5+,0.0,0.0,0.0,0.0,17.5,21.0,27.5,351,False,,,,True,
1999,通州区,raw_snapshot,1.0,RAW_SENSITIVITY,,,38.0,0.4,0.39999999999999997,1,B1,0.562538,0.22501519999999997,0.39999999999999997,1.0,3.5,5.0,5.5,351,False,,,,True,
1999,通州区,raw_snapshot,1.0,RAW_SENSITIVITY,,,38.0,0.4,0.39999999999999997,2,B2,0.38115,0.15245999999999998,0.1749848,0.437462,7.0,9.0,11.0,351,False,,,,True,
1999,通州区,raw_snapshot,1.0,RAW_SENSITIVITY,,,38.0,0.4,0.39999999999999997,3,B3,0.056312,0.022524799999999998,0.022524799999999998,0.056312,10.5,13.0,16.5,351,False,,,,True,
1999,通州区,raw_snapshot,1.0,RAW_SENSITIVITY,,,38.0,0.4,0.39999999999999997,4,B4,0.0,0.0,0.0,0.0,14.0,17.0,22.0,351,False,,,,True,
1999,通州区,raw_snapshot,1.0,RAW_SENSITIVITY,,,38.0,0.4,0.39999999999999997,5,B5+,0.0,0.0,0.0,0.0,17.5,21.0,27.5,351,False,,,,True,
2000,通州区,raw_snapshot,1.0,RAW_SENSITIVITY,37.0,42.0,37.0,0.3894736842105263,0.3894736842105263,1,B1,0.562538,0.21909374736842105,0.3894736842105263,1.0,3.5,5.0,5.5,351,False,,,,False,
2000,通州区,raw_snapshot,1.0,RAW_SENSITIVITY,37.0,42.0,37.0,0.3894736842105263,0.3894736842105263,2,B2,0.38115,0.14844789473684208,0.17037993684210526,0.437462,7.0,9.0,11.0,351,False,,,,False,
2000,通州区,raw_snapshot,1.0,RAW_SENSITIVITY,37.0,42.0,37.0,0.3894736842105263,0.3894736842105263,3,B3,0.056312,0.021932042105263158,0.021932042105263158,0.056312,10.5,13.0,16.5,351,False,,,,False,
2000,通州区,raw_snapshot,1.0,RAW_SENSITIVITY,37.0,42.0,37.0,0.3894736842105263,0.3894736842105263,4,B4,0.0,0.0,0.0,0.0,14.0,17.0,22.0,351,False,,,,False,
2000,通州区,raw_snapshot,1.0,RAW_SENSITIVITY,37.0,42.0,37.0,0.3894736842105263,0.3894736842105263,5,B5+,0.0,0.0,0.0,0.0,17.5,21.0,27.5,351,False,,,,False,
2001,通州区,raw_snapshot,1.0,RAW_SENSITIVITY,,,40.6,0.4273684210526316,0.42736842105263156,1,B1,0.562538,0.24041097684210525,0.42736842105263156,1.0,3.5,5.0,5.5,351,False,,,,True,
2001,通州区,raw_snapshot,1.0,RAW_SENSITIVITY,,,40.6,0.4273684210526316,0.42736842105263156,2,B2,0.38115,0.1628914736842105,0.18695744421052632,0.437462,7.0,9.0,11.0,351,False,,,,True,
2001,通州区,raw_snapshot,1.0,RAW_SENSITIVITY,,,40.6,0.4273684210526316,0.42736842105263156,3,B3,0.056312,0.02406597052631579,0.02406597052631579,0.056312,10.5,13.0,16.5,351,False,,,,True,
2001,通州区,raw_snapshot,1.0,RAW_SENSITIVITY,,,40.6,0.4273684210526316,0.42736842105263156,4,B4,0.0,0.0,0.0,0.0,14.0,17.0,22.0,351,False,,,,True,
2001,通州区,raw_snapshot,1.0,RAW_SENSITIVITY,,,40.6,0.4273684210526316,0.42736842105263156,5,B5+,0.0,0.0,0.0,0.0,17.5,21.0,27.5,351,False,,,,True,
2002,通州区,raw_snapshot,1.0,RAW_SENSITIVITY,,,44.2,0.4652631578947369,0.4652631578947368,1,B1,0.562538,0.26172820631578947,0.4652631578947368,1.0,3.5,5.0,5.5,351,False,,,,True,
2002,通州区,raw_snapshot,1.0,RAW_SENSITIVITY,,,44.2,0.4652631578947369,0.4652631578947368,2,B2,0.38115,0.17733505263157892,0.20353495157894738,0.437462,7.0,9.0,11.0,351,False,,,,True,
2002,通州区,raw_snapshot,1.0,RAW_SENSITIVITY,,,44.2,0.4652631578947369,0.4652631578947368,3,B3,0.056312,0.02619989894736842,0.02619989894736842,0.056312,10.5,13.0,16.5,351,False,,,,True,
2002,通州区,raw_snapshot,1.0,RAW_SENSITIVITY,,,44.2,0.4652631578947369,0.4652631578947368,4,B4,0.0,0.0,0.0,0.0,14.0,17.0,22.0,351,False,,,,True,
2002,通州区,raw_snapshot,1.0,RAW_SENSITIVITY,,,44.2,0.4652631578947369,0.4652631578947368,5,B5+,0.0,0.0,0.0,0.0,17.5,21.0,27.5,351,False,,,,True,
2003,通州区,raw_snapshot,1.0,RAW_SENSITIVITY,,,47.8,0.503157894736842,0.5031578947368421,1,B1,0.562538,0.2830454357894737,0.5031578947368421,1.0,3.5,5.0,5.5,351,False,,,,True,
2003,通州区,raw_snapshot,1.0,RAW_SENSITIVITY,,,47.8,0.503157894736842,0.5031578947368421,2,B2,0.38115,0.19177863157894737,0.22011245894736844,0.437462,7.0,9.0,11.0,351,False,,,,True,
2003,通州区,raw_snapshot,1.0,RAW_SENSITIVITY,,,47.8,0.503157894736842,0.5031578947368421,3,B3,0.056312,0.028333827368421056,0.028333827368421056,0.056312,10.5,13.0,16.5,351,False,,,,True,
2003,通州区,raw_snapshot,1.0,RAW_SENSITIVITY,,,47.8,0.503157894736842,0.5031578947368421,4,B4,0.0,0.0,0.0,0.0,14.0,17.0,22.0,351,False,,,,True,
2003,通州区,raw_snapshot,1.0,RAW_SENSITIVITY,,,47.8,0.503157894736842,0.5031578947368421,5,B5+,0.0,0.0,0.0,0.0,17.5,21.0,27.5,351,False,,,,True,
2004,通州区,raw_snapshot,1.0,RAW_SENSITIVITY,,,51.4,0.5410526315789473,0.5410526315789475,1,B1,0.562538,0.3043626652631579,0.5410526315789475,1.0,3.5,5.0,5.5,351,False,,,,True,
2004,通州区,raw_snapshot,1.0,RAW_SENSITIVITY,,,51.4,0.5410526315789473,0.5410526315789475,2,B2,0.38115,0.2062222105263158,0.2366899663157895,0.437462,7.0,9.0,11.0,351,False,,,,True,
2004,通州区,raw_snapshot,1.0,RAW_SENSITIVITY,,,51.4,0.5410526315789473,0.5410526315789475,3,B3,0.056312,0.03046775578947369,0.03046775578947369,0.056312,10.5,13.0,16.5,351,False,,,,True,
2004,通州区,raw_snapshot,1.0,RAW_SENSITIVITY,,,51.4,0.5410526315789473,0.5410526315789475,4,B4,0.0,0.0,0.0,0.0,14.0,17.0,22.0,351,False,,,,True,
2004,通州区,raw_snapshot,1.0,RAW_SENSITIVITY,,,51.4,0.5410526315789473,0.5410526315789475,5,B5+,0.0,0.0,0.0,0.0,17.5,21.0,27.5,351,False,,,,True,
2005,通州区,raw_snapshot,1.0,RAW_SENSITIVITY,55.0,55.0,55.0,0.5789473684210527,0.5789473684210527,1,B1,0.562538,0.3256798947368421,0.5789473684210527,1.0,3.5,5.0,5.5,351,False,,,,False,
2005,通州区,raw_snapshot,1.0,RAW_SENSITIVITY,55.0,55.0,55.0,0.5789473684210527,0.5789473684210527,2,B2,0.38115,0.2206657894736842,0.25326747368421054,0.437462,7.0,9.0,11.0,351,False,,,,False,
2005,通州区,raw_snapshot,1.0,RAW_SENSITIVITY,55.0,55.0,55.0,0.5789473684210527,0.5789473684210527,3,B3,0.056312,0.03260168421052632,0.03260168421052632,0.056312,10.5,13.0,16.5,351,False,,,,False,
2005,通州区,raw_snapshot,1.0,RAW_SENSITIVITY,55.0,55.0,55.0,0.5789473684210527,0.5789473684210527,4,B4,0.0,0.0,0.0,0.0,14.0,17.0,22.0,351,False,,,,False,
2005,通州区,raw_snapshot,1.0,RAW_SENSITIVITY,55.0,55.0,55.0,0.5789473684210527,0.5789473684210527,5,B5+,0.0,0.0,0.0,0.0,17.5,21.0,27.5,351,False,,,,False,
2006,通州区,raw_snapshot,1.0,RAW_SENSITIVITY,,,57.6,0.6063157894736843,0.6063157894736843,1,B1,0.562538,0.34107567157894736,0.6063157894736843,1.0,3.5,5.0,5.5,351,False,,,,True,
2006,通州区,raw_snapshot,1.0,RAW_SENSITIVITY,,,57.6,0.6063157894736843,0.6063157894736843,2,B2,0.38115,0.23109726315789475,0.2652401178947369,0.437462,7.0,9.0,11.0,351,False,,,,True,
2006,通州区,raw_snapshot,1.0,RAW_SENSITIVITY,,,57.6,0.6063157894736843,0.6063157894736843,3,B3,0.056312,0.03414285473684211,0.03414285473684211,0.056312,10.5,13.0,16.5,351,False,,,,True,
2006,通州区,raw_snapshot,1.0,RAW_SENSITIVITY,,,57.6,0.6063157894736843,0.6063157894736843,4,B4,0.0,0.0,0.0,0.0,14.0,17.0,22.0,351,False,,,,True,
2006,通州区,raw_snapshot,1.0,RAW_SENSITIVITY,,,57.6,0.6063157894736843,0.6063157894736843,5,B5+,0.0,0.0,0.0,0.0,17.5,21.0,27.5,351,False,,,,True,
2007,通州区,raw_snapshot,1.0,RAW_SENSITIVITY,,,60.2,0.6336842105263158,0.6336842105263158,1,B1,0.562538,0.35647144842105266,0.6336842105263158,1.0,3.5,5.0,5.5,351,False,,,,True,
2007,通州区,raw_snapshot,1.0,RAW_SENSITIVITY,,,60.2,0.6336842105263158,0.6336842105263158,2,B2,0.38115,0.24152873684210527,0.2772127621052632,0.437462,7.0,9.0,11.0,351,False,,,,True,
2007,通州区,raw_snapshot,1.0,RAW_SENSITIVITY,,,60.2,0.6336842105263158,0.6336842105263158,3,B3,0.056312,0.0356840252631579,0.0356840252631579,0.056312,10.5,13.0,16.5,351,False,,,,True,
2007,通州区,raw_snapshot,1.0,RAW_SENSITIVITY,,,60.2,0.6336842105263158,0.6336842105263158,4,B4,0.0,0.0,0.0,0.0,14.0,17.0,22.0,351,False,,,,True,
2007,通州区,raw_snapshot,1.0,RAW_SENSITIVITY,,,60.2,0.6336842105263158,0.6336842105263158,5,B5+,0.0,0.0,0.0,0.0,17.5,21.0,27.5,351,False,,,,True,
2008,通州区,raw_snapshot,1.0,RAW_SENSITIVITY,,,62.8,0.6610526315789473,0.6610526315789473,1,B1,0.562538,0.37186722526315785,0.6610526315789473,1.0,3.5,5.0,5.5,351,False,,,,True,
2008,通州区,raw_snapshot,1.0,RAW_SENSITIVITY,,,62.8,0.6610526315789473,0.6610526315789473,2,B2,0.38115,0.2519602105263158,0.2891854063157895,0.437462,7.0,9.0,11.0,351,False,,,,True,
2008,通州区,raw_snapshot,1.0,RAW_SENSITIVITY,,,62.8,0.6610526315789473,0.6610526315789473,3,B3,0.056312,0.03722519578947368,0.03722519578947368,0.056312,10.5,13.0,16.5,351,False,,,,True,
2008,通州区,raw_snapshot,1.0,RAW_SENSITIVITY,,,62.8,0.6610526315789473,0.6610526315789473,4,B4,0.0,0.0,0.0,0.0,14.0,17.0,22.0,351,False,,,,True,
2008,通州区,raw_snapshot,1.0,RAW_SENSITIVITY,,,62.8,0.6610526315789473,0.6610526315789473,5,B5+,0.0,0.0,0.0,0.0,17.5,21.0,27.5,351,False,,,,True,
2009,通州区,raw_snapshot,1.0,RAW_SENSITIVITY,,,65.4,0.688421052631579,0.6884210526315789,1,B1,0.562538,0.38726300210526315,0.6884210526315789,1.0,3.5,5.0,5.5,351,False,,,,True,
2009,通州区,raw_snapshot,1.0,RAW_SENSITIVITY,,,65.4,0.688421052631579,0.6884210526315789,2,B2,0.38115,0.2623916842105263,0.3011580505263158,0.437462,7.0,9.0,11.0,351,False,,,,True,
2009,通州区,raw_snapshot,1.0,RAW_SENSITIVITY,,,65.4,0.688421052631579,0.6884210526315789,3,B3,0.056312,0.038766366315789474,0.038766366315789474,0.056312,10.5,13.0,16.5,351,False,,,,True,
2009,通州区,raw_snapshot,1.0,RAW_SENSITIVITY,,,65.4,0.688421052631579,0.6884210526315789,4,B4,0.0,0.0,0.0,0.0,14.0,17.0,22.0,351,False,,,,True,
2009,通州区,raw_snapshot,1.0,RAW_SENSITIVITY,,,65.4,0.688421052631579,0.6884210526315789,5,B5+,0.0,0.0,0.0,0.0,17.5,21.0,27.5,351,False,,,,True,
2010,通州区,raw_snapshot,1.0,RAW_SENSITIVITY,68.0,68.0,68.0,0.7157894736842105,0.7157894736842105,1,B1,0.562538,0.4026587789473684,0.7157894736842105,1.0,3.5,5.0,5.5,351,False,,,,False,
2010,通州区,raw_snapshot,1.0,RAW_SENSITIVITY,68.0,68.0,68.0,0.7157894736842105,0.7157894736842105,2,B2,0.38115,0.2728231578947368,0.31313069473684213,0.437462,7.0,9.0,11.0,351,False,,,,False,
2010,通州区,raw_snapshot,1.0,RAW_SENSITIVITY,68.0,68.0,68.0,0.7157894736842105,0.7157894736842105,3,B3,0.056312,0.040307536842105265,0.040307536842105265,0.056312,10.5,13.0,16.5,351,False,,,,False,
2010,通州区,raw_snapshot,1.0,RAW_SENSITIVITY,68.0,68.0,68.0,0.7157894736842105,0.7157894736842105,4,B4,0.0,0.0,0.0,0.0,14.0,17.0,22.0,351,False,,,,False,
2010,通州区,raw_snapshot,1.0,RAW_SENSITIVITY,68.0,68.0,68.0,0.7157894736842105,0.7157894736842105,5,B5+,0.0,0.0,0.0,0.0,17.5,21.0,27.5,351,False,,,,False,
2011,通州区,raw_snapshot,1.0,RAW_SENSITIVITY,,,68.4,0.7200000000000001,0.72,1,B1,0.562538,0.40502735999999995,0.72,1.0,3.5,5.0,5.5,351,False,,,,True,
2011,通州区,raw_snapshot,1.0,RAW_SENSITIVITY,,,68.4,0.7200000000000001,0.72,2,B2,0.38115,0.274428,0.31497264,0.437462,7.0,9.0,11.0,351,False,,,,True,
2011,通州区,raw_snapshot,1.0,RAW_SENSITIVITY,,,68.4,0.7200000000000001,0.72,3,B3,0.056312,0.04054464,0.04054464,0.056312,10.5,13.0,16.5,351,False,,,,True,
2011,通州区,raw_snapshot,1.0,RAW_SENSITIVITY,,,68.4,0.7200000000000001,0.72,4,B4,0.0,0.0,0.0,0.0,14.0,17.0,22.0,351,False,,,,True,
2011,通州区,raw_snapshot,1.0,RAW_SENSITIVITY,,,68.4,0.7200000000000001,0.72,5,B5+,0.0,0.0,0.0,0.0,17.5,21.0,27.5,351,False,,,,True,
2012,通州区,raw_snapshot,1.0,RAW_SENSITIVITY,,,68.8,0.7242105263157894,0.7242105263157894,1,B1,0.562538,0.40739594105263155,0.7242105263157894,1.0,3.5,5.0,5.5,351,False,,,,True,
2012,通州区,raw_snapshot,1.0,RAW_SENSITIVITY,,,68.8,0.7242105263157894,0.7242105263157894,2,B2,0.38115,0.27603284210526313,0.31681458526315787,0.437462,7.0,9.0,11.0,351,False,,,,True,
2012,通州区,raw_snapshot,1.0,RAW_SENSITIVITY,,,68.8,0.7242105263157894,0.7242105263157894,3,B3,0.056312,0.040781743157894734,0.040781743157894734,0.056312,10.5,13.0,16.5,351,False,,,,True,
2012,通州区,raw_snapshot,1.0,RAW_SENSITIVITY,,,68.8,0.7242105263157894,0.7242105263157894,4,B4,0.0,0.0,0.0,0.0,14.0,17.0,22.0,351,False,,,,True,
2012,通州区,raw_snapshot,1.0,RAW_SENSITIVITY,,,68.8,0.7242105263157894,0.7242105263157894,5,B5+,0.0,0.0,0.0,0.0,17.5,21.0,27.5,351,False,,,,True,
2013,通州区,raw_snapshot,1.0,RAW_SENSITIVITY,,,69.2,0.728421052631579,0.728421052631579,1,B1,0.562538,0.40976452210526315,0.728421052631579,1.0,3.5,5.0,5.5,351,False,,,,True,
2013,通州区,raw_snapshot,1.0,RAW_SENSITIVITY,,,69.2,0.728421052631579,0.728421052631579,2,B2,0.38115,0.2776376842105263,0.3186565305263158,0.437462,7.0,9.0,11.0,351,False,,,,True,
2013,通州区,raw_snapshot,1.0,RAW_SENSITIVITY,,,69.2,0.728421052631579,0.728421052631579,3,B3,0.056312,0.041018846315789476,0.041018846315789476,0.056312,10.5,13.0,16.5,351,False,,,,True,
2013,通州区,raw_snapshot,1.0,RAW_SENSITIVITY,,,69.2,0.728421052631579,0.728421052631579,4,B4,0.0,0.0,0.0,0.0,14.0,17.0,22.0,351,False,,,,True,
2013,通州区,raw_snapshot,1.0,RAW_SENSITIVITY,,,69.2,0.728421052631579,0.728421052631579,5,B5+,0.0,0.0,0.0,0.0,17.5,21.0,27.5,351,False,,,,True,
2014,通州区,raw_snapshot,1.0,RAW_SENSITIVITY,,,69.6,0.7326315789473684,0.7326315789473684,1,B1,0.562538,0.4121331031578947,0.7326315789473684,1.0,3.5,5.0,5.5,351,False,,,,True,
2014,通州区,raw_snapshot,1.0,RAW_SENSITIVITY,,,69.6,0.7326315789473684,0.7326315789473684,2,B2,0.38115,0.27924252631578944,0.3204984757894737,0.437462,7.0,9.0,11.0,351,False,,,,True,
2014,通州区,raw_snapshot,1.0,RAW_SENSITIVITY,,,69.6,0.7326315789473684,0.7326315789473684,3,B3,0.056312,0.04125594947368421,0.04125594947368421,0.056312,10.5,13.0,16.5,351,False,,,,True,
2014,通州区,raw_snapshot,1.0,RAW_SENSITIVITY,,,69.6,0.7326315789473684,0.7326315789473684,4,B4,0.0,0.0,0.0,0.0,14.0,17.0,22.0,351,False,,,,True,
2014,通州区,raw_snapshot,1.0,RAW_SENSITIVITY,,,69.6,0.7326315789473684,0.7326315789473684,5,B5+,0.0,0.0,0.0,0.0,17.5,21.0,27.5,351,False,,,,True,
2015,通州区,raw_snapshot,1.0,RAW_SENSITIVITY,70.0,70.0,70.0,0.7368421052631579,0.7368421052631579,1,B1,0.562538,0.4145016842105263,0.7368421052631579,1.0,3.5,5.0,5.5,351,False,,,,False,
2015,通州区,raw_snapshot,1.0,RAW_SENSITIVITY,70.0,70.0,70.0,0.7368421052631579,0.7368421052631579,2,B2,0.38115,0.2808473684210526,0.32234042105263155,0.437462,7.0,9.0,11.0,351,False,,,,False,
2015,通州区,raw_snapshot,1.0,RAW_SENSITIVITY,70.0,70.0,70.0,0.7368421052631579,0.7368421052631579,3,B3,0.056312,0.041493052631578944,0.041493052631578944,0.056312,10.5,13.0,16.5,351,False,,,,False,
2015,通州区,raw_snapshot,1.0,RAW_SENSITIVITY,70.0,70.0,70.0,0.7368421052631579,0.7368421052631579,4,B4,0.0,0.0,0.0,0.0,14.0,17.0,22.0,351,False,,,,False,
2015,通州区,raw_snapshot,1.0,RAW_SENSITIVITY,70.0,70.0,70.0,0.7368421052631579,0.7368421052631579,5,B5+,0.0,0.0,0.0,0.0,17.5,21.0,27.5,351,False,,,,False,
2016,通州区,raw_snapshot,1.0,RAW_SENSITIVITY,,,75.0,0.7894736842105263,0.7894736842105263,1,B1,0.562538,0.44410894736842105,0.7894736842105263,1.0,3.5,5.0,5.5,351,False,,,,True,
2016,通州区,raw_snapshot,1.0,RAW_SENSITIVITY,,,75.0,0.7894736842105263,0.7894736842105263,2,B2,0.38115,0.3009078947368421,0.3453647368421053,0.437462,7.0,9.0,11.0,351,False,,,,True,
2016,通州区,raw_snapshot,1.0,RAW_SENSITIVITY,,,75.0,0.7894736842105263,0.7894736842105263,3,B3,0.056312,0.04445684210526316,0.04445684210526316,0.056312,10.5,13.0,16.5,351,False,,,,True,
2016,通州区,raw_snapshot,1.0,RAW_SENSITIVITY,,,75.0,0.7894736842105263,0.7894736842105263,4,B4,0.0,0.0,0.0,0.0,14.0,17.0,22.0,351,False,,,,True,
2016,通州区,raw_snapshot,1.0,RAW_SENSITIVITY,,,75.0,0.7894736842105263,0.7894736842105263,5,B5+,0.0,0.0,0.0,0.0,17.5,21.0,27.5,351,False,,,,True,
2017,通州区,raw_snapshot,1.0,RAW_SENSITIVITY,,,80.0,0.8421052631578947,0.8421052631578947,1,B1,0.562538,0.47371621052631574,0.8421052631578947,1.0,3.5,5.0,5.5,351,False,,,,True,
2017,通州区,raw_snapshot,1.0,RAW_SENSITIVITY,,,80.0,0.8421052631578947,0.8421052631578947,2,B2,0.38115,0.32096842105263157,0.36838905263157895,0.437462,7.0,9.0,11.0,351,False,,,,True,
2017,通州区,raw_snapshot,1.0,RAW_SENSITIVITY,,,80.0,0.8421052631578947,0.8421052631578947,3,B3,0.056312,0.04742063157894737,0.04742063157894737,0.056312,10.5,13.0,16.5,351,False,,,,True,
2017,通州区,raw_snapshot,1.0,RAW_SENSITIVITY,,,80.0,0.8421052631578947,0.8421052631578947,4,B4,0.0,0.0,0.0,0.0,14.0,17.0,22.0,351,False,,,,True,
2017,通州区,raw_snapshot,1.0,RAW_SENSITIVITY,,,80.0,0.8421052631578947,0.8421052631578947,5,B5+,0.0,0.0,0.0,0.0,17.5,21.0,27.5,351,False,,,,True,
2018,通州区,raw_snapshot,1.0,RAW_SENSITIVITY,,,85.0,0.8947368421052632,0.8947368421052632,1,B1,0.562538,0.5033234736842105,0.8947368421052632,1.0,3.5,5.0,5.5,351,False,,,,True,
2018,通州区,raw_snapshot,1.0,RAW_SENSITIVITY,,,85.0,0.8947368421052632,0.8947368421052632,2,B2,0.38115,0.34102894736842104,0.3914133684210527,0.437462,7.0,9.0,11.0,351,False,,,,True,
2018,通州区,raw_snapshot,1.0,RAW_SENSITIVITY,,,85.0,0.8947368421052632,0.8947368421052632,3,B3,0.056312,0.05038442105263158,0.05038442105263158,0.056312,10.5,13.0,16.5,351,False,,,,True,
2018,通州区,raw_snapshot,1.0,RAW_SENSITIVITY,,,85.0,0.8947368421052632,0.8947368421052632,4,B4,0.0,0.0,0.0,0.0,14.0,17.0,22.0,351,False,,,,True,
2018,通州区,raw_snapshot,1.0,RAW_SENSITIVITY,,,85.0,0.8947368421052632,0.8947368421052632,5,B5+,0.0,0.0,0.0,0.0,17.5,21.0,27.5,351,False,,,,True,
2019,通州区,raw_snapshot,1.0,RAW_SENSITIVITY,,,90.0,0.9473684210526315,0.9473684210526316,1,B1,0.562538,0.5329307368421052,0.9473684210526316,1.0,3.5,5.0,5.5,351,False,,,,True,
2019,通州区,raw_snapshot,1.0,RAW_SENSITIVITY,,,90.0,0.9473684210526315,0.9473684210526316,2,B2,0.38115,0.3610894736842105,0.41443768421052635,0.437462,7.0,9.0,11.0,351,False,,,,True,
2019,通州区,raw_snapshot,1.0,RAW_SENSITIVITY,,,90.0,0.9473684210526315,0.9473684210526316,3,B3,0.056312,0.0533482105263158,0.0533482105263158,0.056312,10.5,13.0,16.5,351,False,,,,True,
2019,通州区,raw_snapshot,1.0,RAW_SENSITIVITY,,,90.0,0.9473684210526315,0.9473684210526316,4,B4,0.0,0.0,0.0,0.0,14.0,17.0,22.0,351,False,,,,True,
2019,通州区,raw_snapshot,1.0,RAW_SENSITIVITY,,,90.0,0.9473684210526315,0.9473684210526316,5,B5+,0.0,0.0,0.0,0.0,17.5,21.0,27.5,351,False,,,,True,
2020,通州区,raw_snapshot,1.0,RAW_SENSITIVITY,95.0,95.0,95.0,1.0,1.0,1,B1,0.562538,0.562538,1.0,1.0,3.5,5.0,5.5,351,False,,,,False,
2020,通州区,raw_snapshot,1.0,RAW_SENSITIVITY,95.0,95.0,95.0,1.0,1.0,2,B2,0.38115,0.38115,0.437462,0.437462,7.0,9.0,11.0,351,False,,,,False,
2020,通州区,raw_snapshot,1.0,RAW_SENSITIVITY,95.0,95.0,95.0,1.0,1.0,3,B3,0.056312,0.056312,0.056312,0.056312,10.5,13.0,16.5,351,False,,,,False,
2020,通州区,raw_snapshot,1.0,RAW_SENSITIVITY,95.0,95.0,95.0,1.0,1.0,4,B4,0.0,0.0,0.0,0.0,14.0,17.0,22.0,351,False,,,,False,
2020,通州区,raw_snapshot,1.0,RAW_SENSITIVITY,95.0,95.0,95.0,1.0,1.0,5,B5+,0.0,0.0,0.0,0.0,17.5,21.0,27.5,351,False,,,,False,
1980,门头沟区,raw_snapshot,1.0,RAW_SENSITIVITY,15.0,15.0,15.0,0.9375,0.9375,1,B1,0.408381,0.3828571875,0.9375,1.0,3.5,5.0,5.5,79,False,,,,False,
1980,门头沟区,raw_snapshot,1.0,RAW_SENSITIVITY,15.0,15.0,15.0,0.9375,0.9375,2,B2,0.340843,0.31954031250000003,0.5546428125,0.591619,7.0,9.0,11.0,79,False,,,,False,
1980,门头沟区,raw_snapshot,1.0,RAW_SENSITIVITY,15.0,15.0,15.0,0.9375,0.9375,3,B3,0.228597,0.21430968749999998,0.2351025,0.250776,10.5,13.0,16.5,79,False,,,,False,
1980,门头沟区,raw_snapshot,1.0,RAW_SENSITIVITY,15.0,15.0,15.0,0.9375,0.9375,4,B4,0.022179,0.0207928125,0.0207928125,0.022179,14.0,17.0,22.0,79,False,,,,False,
1980,门头沟区,raw_snapshot,1.0,RAW_SENSITIVITY,15.0,15.0,15.0,0.9375,0.9375,5,B5+,0.0,0.0,0.0,0.0,17.5,21.0,27.5,79,False,,,,False,
1981,门头沟区,raw_snapshot,1.0,RAW_SENSITIVITY,,,14.6,0.9125,0.9125,1,B1,0.408381,0.3726476625,0.9125,1.0,3.5,5.0,5.5,79,False,,,,True,
1981,门头沟区,raw_snapshot,1.0,RAW_SENSITIVITY,,,14.6,0.9125,0.9125,2,B2,0.340843,0.3110192375,0.5398523375,0.591619,7.0,9.0,11.0,79,False,,,,True,
1981,门头沟区,raw_snapshot,1.0,RAW_SENSITIVITY,,,14.6,0.9125,0.9125,3,B3,0.228597,0.2085947625,0.22883309999999998,0.250776,10.5,13.0,16.5,79,False,,,,True,
1981,门头沟区,raw_snapshot,1.0,RAW_SENSITIVITY,,,14.6,0.9125,0.9125,4,B4,0.022179,0.020238337500000002,0.020238337500000002,0.022179,14.0,17.0,22.0,79,False,,,,True,
1981,门头沟区,raw_snapshot,1.0,RAW_SENSITIVITY,,,14.6,0.9125,0.9125,5,B5+,0.0,0.0,0.0,0.0,17.5,21.0,27.5,79,False,,,,True,
1982,门头沟区,raw_snapshot,1.0,RAW_SENSITIVITY,,,14.2,0.8875,0.8875,1,B1,0.408381,0.3624381375,0.8875,1.0,3.5,5.0,5.5,79,False,,,,True,
1982,门头沟区,raw_snapshot,1.0,RAW_SENSITIVITY,,,14.2,0.8875,0.8875,2,B2,0.340843,0.3024981625,0.5250618625,0.591619,7.0,9.0,11.0,79,False,,,,True,
1982,门头沟区,raw_snapshot,1.0,RAW_SENSITIVITY,,,14.2,0.8875,0.8875,3,B3,0.228597,0.2028798375,0.22256369999999998,0.250776,10.5,13.0,16.5,79,False,,,,True,
1982,门头沟区,raw_snapshot,1.0,RAW_SENSITIVITY,,,14.2,0.8875,0.8875,4,B4,0.022179,0.0196838625,0.0196838625,0.022179,14.0,17.0,22.0,79,False,,,,True,
1982,门头沟区,raw_snapshot,1.0,RAW_SENSITIVITY,,,14.2,0.8875,0.8875,5,B5+,0.0,0.0,0.0,0.0,17.5,21.0,27.5,79,False,,,,True,
1983,门头沟区,raw_snapshot,1.0,RAW_SENSITIVITY,,,13.8,0.8625,0.8625,1,B1,0.408381,0.35222861250000004,0.8625,1.0,3.5,5.0,5.5,79,False,,,,True,
1983,门头沟区,raw_snapshot,1.0,RAW_SENSITIVITY,,,13.8,0.8625,0.8625,2,B2,0.340843,0.2939770875,0.5102713875,0.591619,7.0,9.0,11.0,79,False,,,,True,
1983,门头沟区,raw_snapshot,1.0,RAW_SENSITIVITY,,,13.8,0.8625,0.8625,3,B3,0.228597,0.1971649125,0.21629430000000002,0.250776,10.5,13.0,16.5,79,False,,,,True,
1983,门头沟区,raw_snapshot,1.0,RAW_SENSITIVITY,,,13.8,0.8625,0.8625,4,B4,0.022179,0.0191293875,0.0191293875,0.022179,14.0,17.0,22.0,79,False,,,,True,
1983,门头沟区,raw_snapshot,1.0,RAW_SENSITIVITY,,,13.8,0.8625,0.8625,5,B5+,0.0,0.0,0.0,0.0,17.5,21.0,27.5,79,False,,,,True,
1984,门头沟区,raw_snapshot,1.0,RAW_SENSITIVITY,,,13.4,0.8375,0.8375,1,B1,0.408381,0.3420190875,0.8375,1.0,3.5,5.0,5.5,79,False,,,,True,
1984,门头沟区,raw_snapshot,1.0,RAW_SENSITIVITY,,,13.4,0.8375,0.8375,2,B2,0.340843,0.2854560125,0.49548091250000004,0.591619,7.0,9.0,11.0,79,False,,,,True,
1984,门头沟区,raw_snapshot,1.0,RAW_SENSITIVITY,,,13.4,0.8375,0.8375,3,B3,0.228597,0.1914499875,0.21002490000000001,0.250776,10.5,13.0,16.5,79,False,,,,True,
1984,门头沟区,raw_snapshot,1.0,RAW_SENSITIVITY,,,13.4,0.8375,0.8375,4,B4,0.022179,0.018574912500000002,0.018574912500000002,0.022179,14.0,17.0,22.0,79,False,,,,True,
1984,门头沟区,raw_snapshot,1.0,RAW_SENSITIVITY,,,13.4,0.8375,0.8375,5,B5+,0.0,0.0,0.0,0.0,17.5,21.0,27.5,79,False,,,,True,
1985,门头沟区,raw_snapshot,1.0,RAW_SENSITIVITY,,,13.0,0.8125,0.8125,1,B1,0.408381,0.3318095625,0.8125,1.0,3.5,5.0,5.5,79,False,,,,True,
1985,门头沟区,raw_snapshot,1.0,RAW_SENSITIVITY,,,13.0,0.8125,0.8125,2,B2,0.340843,0.2769349375,0.4806904375,0.591619,7.0,9.0,11.0,79,False,,,,True,
1985,门头沟区,raw_snapshot,1.0,RAW_SENSITIVITY,,,13.0,0.8125,0.8125,3,B3,0.228597,0.1857350625,0.2037555,0.250776,10.5,13.0,16.5,79,False,,,,True,
1985,门头沟区,raw_snapshot,1.0,RAW_SENSITIVITY,,,13.0,0.8125,0.8125,4,B4,0.022179,0.0180204375,0.0180204375,0.022179,14.0,17.0,22.0,79,False,,,,True,
1985,门头沟区,raw_snapshot,1.0,RAW_SENSITIVITY,,,13.0,0.8125,0.8125,5,B5+,0.0,0.0,0.0,0.0,17.5,21.0,27.5,79,False,,,,True,
1986,门头沟区,raw_snapshot,1.0,RAW_SENSITIVITY,,,12.6,0.7875,0.7875,1,B1,0.408381,0.3216000375,0.7875,1.0,3.5,5.0,5.5,79,False,,,,True,
1986,门头沟区,raw_snapshot,1.0,RAW_SENSITIVITY,,,12.6,0.7875,0.7875,2,B2,0.340843,0.2684138625,0.4658999625,0.591619,7.0,9.0,11.0,79,False,,,,True,
1986,门头沟区,raw_snapshot,1.0,RAW_SENSITIVITY,,,12.6,0.7875,0.7875,3,B3,0.228597,0.18002013749999998,0.1974861,0.250776,10.5,13.0,16.5,79,False,,,,True,
1986,门头沟区,raw_snapshot,1.0,RAW_SENSITIVITY,,,12.6,0.7875,0.7875,4,B4,0.022179,0.0174659625,0.0174659625,0.022179,14.0,17.0,22.0,79,False,,,,True,
1986,门头沟区,raw_snapshot,1.0,RAW_SENSITIVITY,,,12.6,0.7875,0.7875,5,B5+,0.0,0.0,0.0,0.0,17.5,21.0,27.5,79,False,,,,True,
1987,门头沟区,raw_snapshot,1.0,RAW_SENSITIVITY,,,12.2,0.7625,0.7625,1,B1,0.408381,0.3113905125,0.7625,1.0,3.5,5.0,5.5,79,False,,,,True,
1987,门头沟区,raw_snapshot,1.0,RAW_SENSITIVITY,,,12.2,0.7625,0.7625,2,B2,0.340843,0.2598927875,0.45110948749999996,0.591619,7.0,9.0,11.0,79,False,,,,True,
1987,门头沟区,raw_snapshot,1.0,RAW_SENSITIVITY,,,12.2,0.7625,0.7625,3,B3,0.228597,0.17430521249999997,0.1912167,0.250776,10.5,13.0,16.5,79,False,,,,True,
1987,门头沟区,raw_snapshot,1.0,RAW_SENSITIVITY,,,12.2,0.7625,0.7625,4,B4,0.022179,0.0169114875,0.0169114875,0.022179,14.0,17.0,22.0,79,False,,,,True,
1987,门头沟区,raw_snapshot,1.0,RAW_SENSITIVITY,,,12.2,0.7625,0.7625,5,B5+,0.0,0.0,0.0,0.0,17.5,21.0,27.5,79,False,,,,True,
1988,门头沟区,raw_snapshot,1.0,RAW_SENSITIVITY,,,11.8,0.7375,0.7375,1,B1,0.408381,0.3011809875,0.7375,1.0,3.5,5.0,5.5,79,False,,,,True,
1988,门头沟区,raw_snapshot,1.0,RAW_SENSITIVITY,,,11.8,0.7375,0.7375,2,B2,0.340843,0.2513717125,0.43631901250000005,0.591619,7.0,9.0,11.0,79,False,,,,True,
1988,门头沟区,raw_snapshot,1.0,RAW_SENSITIVITY,,,11.8,0.7375,0.7375,3,B3,0.228597,0.16859028750000002,0.1849473,0.250776,10.5,13.0,16.5,79,False,,,,True,
1988,门头沟区,raw_snapshot,1.0,RAW_SENSITIVITY,,,11.8,0.7375,0.7375,4,B4,0.022179,0.0163570125,0.0163570125,0.022179,14.0,17.0,22.0,79,False,,,,True,
1988,门头沟区,raw_snapshot,1.0,RAW_SENSITIVITY,,,11.8,0.7375,0.7375,5,B5+,0.0,0.0,0.0,0.0,17.5,21.0,27.5,79,False,,,,True,
1989,门头沟区,raw_snapshot,1.0,RAW_SENSITIVITY,,,11.4,0.7125,0.7125,1,B1,0.408381,0.2909714625,0.7125,1.0,3.5,5.0,5.5,79,False,,,,True,
1989,门头沟区,raw_snapshot,1.0,RAW_SENSITIVITY,,,11.4,0.7125,0.7125,2,B2,0.340843,0.24285063750000002,0.4215285375,0.591619,7.0,9.0,11.0,79,False,,,,True,
1989,门头沟区,raw_snapshot,1.0,RAW_SENSITIVITY,,,11.4,0.7125,0.7125,3,B3,0.228597,0.1628753625,0.1786779,0.250776,10.5,13.0,16.5,79,False,,,,True,
1989,门头沟区,raw_snapshot,1.0,RAW_SENSITIVITY,,,11.4,0.7125,0.7125,4,B4,0.022179,0.0158025375,0.0158025375,0.022179,14.0,17.0,22.0,79,False,,,,True,
1989,门头沟区,raw_snapshot,1.0,RAW_SENSITIVITY,,,11.4,0.7125,0.7125,5,B5+,0.0,0.0,0.0,0.0,17.5,21.0,27.5,79,False,,,,True,
1990,门头沟区,raw_snapshot,1.0,RAW_SENSITIVITY,11.0,15.0,11.0,0.6875,0.6875,1,B1,0.408381,0.2807619375,0.6875,1.0,3.5,5.0,5.5,79,False,,,,False,
1990,门头沟区,raw_snapshot,1.0,RAW_SENSITIVITY,11.0,15.0,11.0,0.6875,0.6875,2,B2,0.340843,0.2343295625,0.4067380625,0.591619,7.0,9.0,11.0,79,False,,,,False,
1990,门头沟区,raw_snapshot,1.0,RAW_SENSITIVITY,11.0,15.0,11.0,0.6875,0.6875,3,B3,0.228597,0.1571604375,0.1724085,0.250776,10.5,13.0,16.5,79,False,,,,False,
1990,门头沟区,raw_snapshot,1.0,RAW_SENSITIVITY,11.0,15.0,11.0,0.6875,0.6875,4,B4,0.022179,0.015248062500000001,0.015248062500000001,0.022179,14.0,17.0,22.0,79,False,,,,False,
1990,门头沟区,raw_snapshot,1.0,RAW_SENSITIVITY,11.0,15.0,11.0,0.6875,0.6875,5,B5+,0.0,0.0,0.0,0.0,17.5,21.0,27.5,79,False,,,,False,
1991,门头沟区,raw_snapshot,1.0,RAW_SENSITIVITY,,,12.0,0.75,0.75,1,B1,0.408381,0.30628575,0.75,1.0,3.5,5.0,5.5,79,False,,,,True,
1991,门头沟区,raw_snapshot,1.0,RAW_SENSITIVITY,,,12.0,0.75,0.75,2,B2,0.340843,0.25563225,0.44371425,0.591619,7.0,9.0,11.0,79,False,,,,True,
1991,门头沟区,raw_snapshot,1.0,RAW_SENSITIVITY,,,12.0,0.75,0.75,3,B3,0.228597,0.17144775,0.188082,0.250776,10.5,13.0,16.5,79,False,,,,True,
1991,门头沟区,raw_snapshot,1.0,RAW_SENSITIVITY,,,12.0,0.75,0.75,4,B4,0.022179,0.01663425,0.01663425,0.022179,14.0,17.0,22.0,79,False,,,,True,
1991,门头沟区,raw_snapshot,1.0,RAW_SENSITIVITY,,,12.0,0.75,0.75,5,B5+,0.0,0.0,0.0,0.0,17.5,21.0,27.5,79,False,,,,True,
1992,门头沟区,raw_snapshot,1.0,RAW_SENSITIVITY,,,13.0,0.8125,0.8125,1,B1,0.408381,0.3318095625,0.8125,1.0,3.5,5.0,5.5,79,False,,,,True,
1992,门头沟区,raw_snapshot,1.0,RAW_SENSITIVITY,,,13.0,0.8125,0.8125,2,B2,0.340843,0.2769349375,0.4806904375,0.591619,7.0,9.0,11.0,79,False,,,,True,
1992,门头沟区,raw_snapshot,1.0,RAW_SENSITIVITY,,,13.0,0.8125,0.8125,3,B3,0.228597,0.1857350625,0.2037555,0.250776,10.5,13.0,16.5,79,False,,,,True,
1992,门头沟区,raw_snapshot,1.0,RAW_SENSITIVITY,,,13.0,0.8125,0.8125,4,B4,0.022179,0.0180204375,0.0180204375,0.022179,14.0,17.0,22.0,79,False,,,,True,
1992,门头沟区,raw_snapshot,1.0,RAW_SENSITIVITY,,,13.0,0.8125,0.8125,5,B5+,0.0,0.0,0.0,0.0,17.5,21.0,27.5,79,False,,,,True,
1993,门头沟区,raw_snapshot,1.0,RAW_SENSITIVITY,,,14.0,0.875,0.875,1,B1,0.408381,0.357333375,0.875,1.0,3.5,5.0,5.5,79,False,,,,True,
1993,门头沟区,raw_snapshot,1.0,RAW_SENSITIVITY,,,14.0,0.875,0.875,2,B2,0.340843,0.298237625,0.517666625,0.591619,7.0,9.0,11.0,79,False,,,,True,
1993,门头沟区,raw_snapshot,1.0,RAW_SENSITIVITY,,,14.0,0.875,0.875,3,B3,0.228597,0.200022375,0.21942899999999999,0.250776,10.5,13.0,16.5,79,False,,,,True,
1993,门头沟区,raw_snapshot,1.0,RAW_SENSITIVITY,,,14.0,0.875,0.875,4,B4,0.022179,0.019406625,0.019406625,0.022179,14.0,17.0,22.0,79,False,,,,True,
1993,门头沟区,raw_snapshot,1.0,RAW_SENSITIVITY,,,14.0,0.875,0.875,5,B5+,0.0,0.0,0.0,0.0,17.5,21.0,27.5,79,False,,,,True,
1994,门头沟区,raw_snapshot,1.0,RAW_SENSITIVITY,,,15.0,0.9375,0.9375,1,B1,0.408381,0.3828571875,0.9375,1.0,3.5,5.0,5.5,79,False,,,,True,
1994,门头沟区,raw_snapshot,1.0,RAW_SENSITIVITY,,,15.0,0.9375,0.9375,2,B2,0.340843,0.31954031250000003,0.5546428125,0.591619,7.0,9.0,11.0,79,False,,,,True,
1994,门头沟区,raw_snapshot,1.0,RAW_SENSITIVITY,,,15.0,0.9375,0.9375,3,B3,0.228597,0.21430968749999998,0.2351025,0.250776,10.5,13.0,16.5,79,False,,,,True,
1994,门头沟区,raw_snapshot,1.0,RAW_SENSITIVITY,,,15.0,0.9375,0.9375,4,B4,0.022179,0.0207928125,0.0207928125,0.022179,14.0,17.0,22.0,79,False,,,,True,
1994,门头沟区,raw_snapshot,1.0,RAW_SENSITIVITY,,,15.0,0.9375,0.9375,5,B5+,0.0,0.0,0.0,0.0,17.5,21.0,27.5,79,False,,,,True,
1995,门头沟区,raw_snapshot,1.0,RAW_SENSITIVITY,16.0,16.0,16.0,1.0,1.0,1,B1,0.408381,0.408381,1.0,1.0,3.5,5.0,5.5,79,False,,,,False,
1995,门头沟区,raw_snapshot,1.0,RAW_SENSITIVITY,16.0,16.0,16.0,1.0,1.0,2,B2,0.340843,0.340843,0.591619,0.591619,7.0,9.0,11.0,79,False,,,,False,
1995,门头沟区,raw_snapshot,1.0,RAW_SENSITIVITY,16.0,16.0,16.0,1.0,1.0,3,B3,0.228597,0.228597,0.250776,0.250776,10.5,13.0,16.5,79,False,,,,False,
1995,门头沟区,raw_snapshot,1.0,RAW_SENSITIVITY,16.0,16.0,16.0,1.0,1.0,4,B4,0.022179,0.022179,0.022179,0.022179,14.0,17.0,22.0,79,False,,,,False,
1995,门头沟区,raw_snapshot,1.0,RAW_SENSITIVITY,16.0,16.0,16.0,1.0,1.0,5,B5+,0.0,0.0,0.0,0.0,17.5,21.0,27.5,79,False,,,,False,
1996,门头沟区,raw_snapshot,1.0,RAW_SENSITIVITY,,,16.4,1.025,1.025,1,B1,0.408381,0.41859052499999994,1.025,1.0,3.5,5.0,5.5,79,False,,,,True,
1996,门头沟区,raw_snapshot,1.0,RAW_SENSITIVITY,,,16.4,1.025,1.025,2,B2,0.340843,0.349364075,0.606409475,0.591619,7.0,9.0,11.0,79,False,,,,True,
1996,门头沟区,raw_snapshot,1.0,RAW_SENSITIVITY,,,16.4,1.025,1.025,3,B3,0.228597,0.23431192499999998,0.2570454,0.250776,10.5,13.0,16.5,79,False,,,,True,
1996,门头沟区,raw_snapshot,1.0,RAW_SENSITIVITY,,,16.4,1.025,1.025,4,B4,0.022179,0.022733475,0.022733475,0.022179,14.0,17.0,22.0,79,False,,,,True,
1996,门头沟区,raw_snapshot,1.0,RAW_SENSITIVITY,,,16.4,1.025,1.025,5,B5+,0.0,0.0,0.0,0.0,17.5,21.0,27.5,79,False,,,,True,
1997,门头沟区,raw_snapshot,1.0,RAW_SENSITIVITY,,,16.8,1.05,1.05,1,B1,0.408381,0.42880005,1.05,1.0,3.5,5.0,5.5,79,False,,,,True,
1997,门头沟区,raw_snapshot,1.0,RAW_SENSITIVITY,,,16.8,1.05,1.05,2,B2,0.340843,0.35788515000000004,0.6211999500000001,0.591619,7.0,9.0,11.0,79,False,,,,True,
1997,门头沟区,raw_snapshot,1.0,RAW_SENSITIVITY,,,16.8,1.05,1.05,3,B3,0.228597,0.24002685,0.2633148,0.250776,10.5,13.0,16.5,79,False,,,,True,
1997,门头沟区,raw_snapshot,1.0,RAW_SENSITIVITY,,,16.8,1.05,1.05,4,B4,0.022179,0.02328795,0.02328795,0.022179,14.0,17.0,22.0,79,False,,,,True,
1997,门头沟区,raw_snapshot,1.0,RAW_SENSITIVITY,,,16.8,1.05,1.05,5,B5+,0.0,0.0,0.0,0.0,17.5,21.0,27.5,79,False,,,,True,
1998,门头沟区,raw_snapshot,1.0,RAW_SENSITIVITY,,,17.2,1.075,1.075,1,B1,0.408381,0.439009575,1.075,1.0,3.5,5.0,5.5,79,False,,,,True,
1998,门头沟区,raw_snapshot,1.0,RAW_SENSITIVITY,,,17.2,1.075,1.075,2,B2,0.340843,0.366406225,0.635990425,0.591619,7.0,9.0,11.0,79,False,,,,True,
1998,门头沟区,raw_snapshot,1.0,RAW_SENSITIVITY,,,17.2,1.075,1.075,3,B3,0.228597,0.245741775,0.2695842,0.250776,10.5,13.0,16.5,79,False,,,,True,
1998,门头沟区,raw_snapshot,1.0,RAW_SENSITIVITY,,,17.2,1.075,1.075,4,B4,0.022179,0.023842425,0.023842425,0.022179,14.0,17.0,22.0,79,False,,,,True,
1998,门头沟区,raw_snapshot,1.0,RAW_SENSITIVITY,,,17.2,1.075,1.075,5,B5+,0.0,0.0,0.0,0.0,17.5,21.0,27.5,79,False,,,,True,
1999,门头沟区,raw_snapshot,1.0,RAW_SENSITIVITY,,,17.6,1.1,1.1,1,B1,0.408381,0.44921910000000004,1.1,1.0,3.5,5.0,5.5,79,False,,,,True,
1999,门头沟区,raw_snapshot,1.0,RAW_SENSITIVITY,,,17.6,1.1,1.1,2,B2,0.340843,0.3749273,0.6507809000000001,0.591619,7.0,9.0,11.0,79,False,,,,True,
1999,门头沟区,raw_snapshot,1.0,RAW_SENSITIVITY,,,17.6,1.1,1.1,3,B3,0.228597,0.25145670000000003,0.27585360000000003,0.250776,10.5,13.0,16.5,79,False,,,,True,
1999,门头沟区,raw_snapshot,1.0,RAW_SENSITIVITY,,,17.6,1.1,1.1,4,B4,0.022179,0.024396900000000003,0.024396900000000003,0.022179,14.0,17.0,22.0,79,False,,,,True,
1999,门头沟区,raw_snapshot,1.0,RAW_SENSITIVITY,,,17.6,1.1,1.1,5,B5+,0.0,0.0,0.0,0.0,17.5,21.0,27.5,79,False,,,,True,
2000,门头沟区,raw_snapshot,1.0,RAW_SENSITIVITY,18.0,18.0,18.0,1.125,1.125,1,B1,0.408381,0.459428625,1.125,1.0,3.5,5.0,5.5,79,False,,,,False,
2000,门头沟区,raw_snapshot,1.0,RAW_SENSITIVITY,18.0,18.0,18.0,1.125,1.125,2,B2,0.340843,0.383448375,0.665571375,0.591619,7.0,9.0,11.0,79,False,,,,False,
2000,门头沟区,raw_snapshot,1.0,RAW_SENSITIVITY,18.0,18.0,18.0,1.125,1.125,3,B3,0.228597,0.257171625,0.282123,0.250776,10.5,13.0,16.5,79,False,,,,False,
2000,门头沟区,raw_snapshot,1.0,RAW_SENSITIVITY,18.0,18.0,18.0,1.125,1.125,4,B4,0.022179,0.024951375,0.024951375,0.022179,14.0,17.0,22.0,79,False,,,,False,
2000,门头沟区,raw_snapshot,1.0,RAW_SENSITIVITY,18.0,18.0,18.0,1.125,1.125,5,B5+,0.0,0.0,0.0,0.0,17.5,21.0,27.5,79,False,,,,False,
2001,门头沟区,raw_snapshot,1.0,RAW_SENSITIVITY,,,20.2,1.2625,1.2625,1,B1,0.408381,0.5155810125,1.2625,1.0,3.5,5.0,5.5,79,False,,,,True,
2001,门头沟区,raw_snapshot,1.0,RAW_SENSITIVITY,,,20.2,1.2625,1.2625,2,B2,0.340843,0.4303142875,0.7469189875,0.591619,7.0,9.0,11.0,79,False,,,,True,
2001,门头沟区,raw_snapshot,1.0,RAW_SENSITIVITY,,,20.2,1.2625,1.2625,3,B3,0.228597,0.2886037125,0.31660469999999996,0.250776,10.5,13.0,16.5,79,False,,,,True,
2001,门头沟区,raw_snapshot,1.0,RAW_SENSITIVITY,,,20.2,1.2625,1.2625,4,B4,0.022179,0.0280009875,0.0280009875,0.022179,14.0,17.0,22.0,79,False,,,,True,
2001,门头沟区,raw_snapshot,1.0,RAW_SENSITIVITY,,,20.2,1.2625,1.2625,5,B5+,0.0,0.0,0.0,0.0,17.5,21.0,27.5,79,False,,,,True,
2002,门头沟区,raw_snapshot,1.0,RAW_SENSITIVITY,,,22.4,1.4,1.4,1,B1,0.408381,0.5717334,1.4,1.0,3.5,5.0,5.5,79,False,,,,True,
2002,门头沟区,raw_snapshot,1.0,RAW_SENSITIVITY,,,22.4,1.4,1.4,2,B2,0.340843,0.4771802,0.8282666,0.591619,7.0,9.0,11.0,79,False,,,,True,
2002,门头沟区,raw_snapshot,1.0,RAW_SENSITIVITY,,,22.4,1.4,1.4,3,B3,0.228597,0.3200358,0.35108639999999997,0.250776,10.5,13.0,16.5,79,False,,,,True,
2002,门头沟区,raw_snapshot,1.0,RAW_SENSITIVITY,,,22.4,1.4,1.4,4,B4,0.022179,0.031050599999999998,0.031050599999999998,0.022179,14.0,17.0,22.0,79,False,,,,True,
2002,门头沟区,raw_snapshot,1.0,RAW_SENSITIVITY,,,22.4,1.4,1.4,5,B5+,0.0,0.0,0.0,0.0,17.5,21.0,27.5,79,False,,,,True,
2003,门头沟区,raw_snapshot,1.0,RAW_SENSITIVITY,,,24.6,1.5375,1.5375,1,B1,0.408381,0.6278857875,1.5375,1.0,3.5,5.0,5.5,79,False,,,,True,
2003,门头沟区,raw_snapshot,1.0,RAW_SENSITIVITY,,,24.6,1.5375,1.5375,2,B2,0.340843,0.5240461125,0.9096142125000001,0.591619,7.0,9.0,11.0,79,False,,,,True,
2003,门头沟区,raw_snapshot,1.0,RAW_SENSITIVITY,,,24.6,1.5375,1.5375,3,B3,0.228597,0.3514678875,0.3855681,0.250776,10.5,13.0,16.5,79,False,,,,True,
2003,门头沟区,raw_snapshot,1.0,RAW_SENSITIVITY,,,24.6,1.5375,1.5375,4,B4,0.022179,0.034100212500000004,0.034100212500000004,0.022179,14.0,17.0,22.0,79,False,,,,True,
2003,门头沟区,raw_snapshot,1.0,RAW_SENSITIVITY,,,24.6,1.5375,1.5375,5,B5+,0.0,0.0,0.0,0.0,17.5,21.0,27.5,79,False,,,,True,
2004,门头沟区,raw_snapshot,1.0,RAW_SENSITIVITY,,,26.8,1.675,1.675,1,B1,0.408381,0.684038175,1.675,1.0,3.5,5.0,5.5,79,False,,,,True,
2004,门头沟区,raw_snapshot,1.0,RAW_SENSITIVITY,,,26.8,1.675,1.675,2,B2,0.340843,0.570912025,0.9909618250000001,0.591619,7.0,9.0,11.0,79,False,,,,True,
2004,门头沟区,raw_snapshot,1.0,RAW_SENSITIVITY,,,26.8,1.675,1.675,3,B3,0.228597,0.382899975,0.42004980000000003,0.250776,10.5,13.0,16.5,79,False,,,,True,
2004,门头沟区,raw_snapshot,1.0,RAW_SENSITIVITY,,,26.8,1.675,1.675,4,B4,0.022179,0.037149825000000004,0.037149825000000004,0.022179,14.0,17.0,22.0,79,False,,,,True,
2004,门头沟区,raw_snapshot,1.0,RAW_SENSITIVITY,,,26.8,1.675,1.675,5,B5+,0.0,0.0,0.0,0.0,17.5,21.0,27.5,79,False,,,,True,
2005,门头沟区,raw_snapshot,1.0,RAW_SENSITIVITY,29.0,29.0,29.0,1.8125,1.8125,1,B1,0.408381,0.7401905625,1.8125,1.0,3.5,5.0,5.5,79,False,,,,False,
2005,门头沟区,raw_snapshot,1.0,RAW_SENSITIVITY,29.0,29.0,29.0,1.8125,1.8125,2,B2,0.340843,0.6177779375,1.0723094375,0.591619,7.0,9.0,11.0,79,False,,,,False,
2005,门头沟区,raw_snapshot,1.0,RAW_SENSITIVITY,29.0,29.0,29.0,1.8125,1.8125,3,B3,0.228597,0.4143320625,0.4545315,0.250776,10.5,13.0,16.5,79,False,,,,False,
2005,门头沟区,raw_snapshot,1.0,RAW_SENSITIVITY,29.0,29.0,29.0,1.8125,1.8125,4,B4,0.022179,0.040199437500000004,0.040199437500000004,0.022179,14.0,17.0,22.0,79,False,,,,False,
2005,门头沟区,raw_snapshot,1.0,RAW_SENSITIVITY,29.0,29.0,29.0,1.8125,1.8125,5,B5+,0.0,0.0,0.0,0.0,17.5,21.0,27.5,79,False,,,,False,
2006,门头沟区,raw_snapshot,1.0,RAW_SENSITIVITY,,,29.2,1.825,1.825,1,B1,0.408381,0.745295325,1.825,1.0,3.5,5.0,5.5,79,False,,,,True,
2006,门头沟区,raw_snapshot,1.0,RAW_SENSITIVITY,,,29.2,1.825,1.825,2,B2,0.340843,0.622038475,1.079704675,0.591619,7.0,9.0,11.0,79,False,,,,True,
2006,门头沟区,raw_snapshot,1.0,RAW_SENSITIVITY,,,29.2,1.825,1.825,3,B3,0.228597,0.417189525,0.45766619999999997,0.250776,10.5,13.0,16.5,79,False,,,,True,
2006,门头沟区,raw_snapshot,1.0,RAW_SENSITIVITY,,,29.2,1.825,1.825,4,B4,0.022179,0.040476675000000004,0.040476675000000004,0.022179,14.0,17.0,22.0,79,False,,,,True,
2006,门头沟区,raw_snapshot,1.0,RAW_SENSITIVITY,,,29.2,1.825,1.825,5,B5+,0.0,0.0,0.0,0.0,17.5,21.0,27.5,79,False,,,,True,
2007,门头沟区,raw_snapshot,1.0,RAW_SENSITIVITY,,,29.4,1.8375,1.8375,1,B1,0.408381,0.7504000875,1.8375,1.0,3.5,5.0,5.5,79,False,,,,True,
2007,门头沟区,raw_snapshot,1.0,RAW_SENSITIVITY,,,29.4,1.8375,1.8375,2,B2,0.340843,0.6262990125,1.0870999125,0.591619,7.0,9.0,11.0,79,False,,,,True,
2007,门头沟区,raw_snapshot,1.0,RAW_SENSITIVITY,,,29.4,1.8375,1.8375,3,B3,0.228597,0.42004698749999997,0.46080089999999996,0.250776,10.5,13.0,16.5,79,False,,,,True,
2007,门头沟区,raw_snapshot,1.0,RAW_SENSITIVITY,,,29.4,1.8375,1.8375,4,B4,0.022179,0.040753912499999996,0.040753912499999996,0.022179,14.0,17.0,22.0,79,False,,,,True,
2007,门头沟区,raw_snapshot,1.0,RAW_SENSITIVITY,,,29.4,1.8375,1.8375,5,B5+,0.0,0.0,0.0,0.0,17.5,21.0,27.5,79,False,,,,True,
2008,门头沟区,raw_snapshot,1.0,RAW_SENSITIVITY,,,29.6,1.85,1.85,1,B1,0.408381,0.75550485,1.85,1.0,3.5,5.0,5.5,79,False,,,,True,
2008,门头沟区,raw_snapshot,1.0,RAW_SENSITIVITY,,,29.6,1.85,1.85,2,B2,0.340843,0.6305595500000001,1.09449515,0.591619,7.0,9.0,11.0,79,False,,,,True,
2008,门头沟区,raw_snapshot,1.0,RAW_SENSITIVITY,,,29.6,1.85,1.85,3,B3,0.228597,0.42290445,0.4639356,0.250776,10.5,13.0,16.5,79,False,,,,True,
2008,门头沟区,raw_snapshot,1.0,RAW_SENSITIVITY,,,29.6,1.85,1.85,4,B4,0.022179,0.04103115,0.04103115,0.022179,14.0,17.0,22.0,79,False,,,,True,
2008,门头沟区,raw_snapshot,1.0,RAW_SENSITIVITY,,,29.6,1.85,1.85,5,B5+,0.0,0.0,0.0,0.0,17.5,21.0,27.5,79,False,,,,True,
2009,门头沟区,raw_snapshot,1.0,RAW_SENSITIVITY,,,29.8,1.8625,1.8625,1,B1,0.408381,0.7606096125,1.8625,1.0,3.5,5.0,5.5,79,False,,,,True,
2009,门头沟区,raw_snapshot,1.0,RAW_SENSITIVITY,,,29.8,1.8625,1.8625,2,B2,0.340843,0.6348200875000001,1.1018903875000001,0.591619,7.0,9.0,11.0,79,False,,,,True,
2009,门头沟区,raw_snapshot,1.0,RAW_SENSITIVITY,,,29.8,1.8625,1.8625,3,B3,0.228597,0.4257619125,0.4670703,0.250776,10.5,13.0,16.5,79,False,,,,True,
2009,门头沟区,raw_snapshot,1.0,RAW_SENSITIVITY,,,29.8,1.8625,1.8625,4,B4,0.022179,0.0413083875,0.0413083875,0.022179,14.0,17.0,22.0,79,False,,,,True,
2009,门头沟区,raw_snapshot,1.0,RAW_SENSITIVITY,,,29.8,1.8625,1.8625,5,B5+,0.0,0.0,0.0,0.0,17.5,21.0,27.5,79,False,,,,True,
2010,门头沟区,raw_snapshot,1.0,RAW_SENSITIVITY,30.0,30.0,30.0,1.875,1.875,1,B1,0.408381,0.765714375,1.875,1.0,3.5,5.0,5.5,79,False,,,,False,
2010,门头沟区,raw_snapshot,1.0,RAW_SENSITIVITY,30.0,30.0,30.0,1.875,1.875,2,B2,0.340843,0.6390806250000001,1.109285625,0.591619,7.0,9.0,11.0,79,False,,,,False,
2010,门头沟区,raw_snapshot,1.0,RAW_SENSITIVITY,30.0,30.0,30.0,1.875,1.875,3,B3,0.228597,0.42861937499999997,0.470205,0.250776,10.5,13.0,16.5,79,False,,,,False,
2010,门头沟区,raw_snapshot,1.0,RAW_SENSITIVITY,30.0,30.0,30.0,1.875,1.875,4,B4,0.022179,0.041585625,0.041585625,0.022179,14.0,17.0,22.0,79,False,,,,False,
2010,门头沟区,raw_snapshot,1.0,RAW_SENSITIVITY,30.0,30.0,30.0,1.875,1.875,5,B5+,0.0,0.0,0.0,0.0,17.5,21.0,27.5,79,False,,,,False,
2011,门头沟区,raw_snapshot,1.0,RAW_SENSITIVITY,,,30.8,1.925,1.925,1,B1,0.408381,0.786133425,1.925,1.0,3.5,5.0,5.5,79,False,,,,True,
2011,门头沟区,raw_snapshot,1.0,RAW_SENSITIVITY,,,30.8,1.925,1.925,2,B2,0.340843,0.656122775,1.138866575,0.591619,7.0,9.0,11.0,79,False,,,,True,
2011,门头沟区,raw_snapshot,1.0,RAW_SENSITIVITY,,,30.8,1.925,1.925,3,B3,0.228597,0.440049225,0.4827438,0.250776,10.5,13.0,16.5,79,False,,,,True,
2011,门头沟区,raw_snapshot,1.0,RAW_SENSITIVITY,,,30.8,1.925,1.925,4,B4,0.022179,0.042694575000000005,0.042694575000000005,0.022179,14.0,17.0,22.0,79,False,,,,True,
2011,门头沟区,raw_snapshot,1.0,RAW_SENSITIVITY,,,30.8,1.925,1.925,5,B5+,0.0,0.0,0.0,0.0,17.5,21.0,27.5,79,False,,,,True,
2012,门头沟区,raw_snapshot,1.0,RAW_SENSITIVITY,,,31.6,1.975,1.975,1,B1,0.408381,0.806552475,1.975,1.0,3.5,5.0,5.5,79,False,,,,True,
2012,门头沟区,raw_snapshot,1.0,RAW_SENSITIVITY,,,31.6,1.975,1.975,2,B2,0.340843,0.673164925,1.1684475250000002,0.591619,7.0,9.0,11.0,79,False,,,,True,
2012,门头沟区,raw_snapshot,1.0,RAW_SENSITIVITY,,,31.6,1.975,1.975,3,B3,0.228597,0.451479075,0.4952826,0.250776,10.5,13.0,16.5,79,False,,,,True,
2012,门头沟区,raw_snapshot,1.0,RAW_SENSITIVITY,,,31.6,1.975,1.975,4,B4,0.022179,0.043803525,0.043803525,0.022179,14.0,17.0,22.0,79,False,,,,True,
2012,门头沟区,raw_snapshot,1.0,RAW_SENSITIVITY,,,31.6,1.975,1.975,5,B5+,0.0,0.0,0.0,0.0,17.5,21.0,27.5,79,False,,,,True,
2013,门头沟区,raw_snapshot,1.0,RAW_SENSITIVITY,,,32.4,2.025,2.025,1,B1,0.408381,0.8269715249999999,2.025,1.0,3.5,5.0,5.5,79,False,,,,True,
2013,门头沟区,raw_snapshot,1.0,RAW_SENSITIVITY,,,32.4,2.025,2.025,2,B2,0.340843,0.690207075,1.1980284749999999,0.591619,7.0,9.0,11.0,79,False,,,,True,
2013,门头沟区,raw_snapshot,1.0,RAW_SENSITIVITY,,,32.4,2.025,2.025,3,B3,0.228597,0.46290892499999997,0.5078214,0.250776,10.5,13.0,16.5,79,False,,,,True,
2013,门头沟区,raw_snapshot,1.0,RAW_SENSITIVITY,,,32.4,2.025,2.025,4,B4,0.022179,0.044912475,0.044912475,0.022179,14.0,17.0,22.0,79,False,,,,True,
2013,门头沟区,raw_snapshot,1.0,RAW_SENSITIVITY,,,32.4,2.025,2.025,5,B5+,0.0,0.0,0.0,0.0,17.5,21.0,27.5,79,False,,,,True,
2014,门头沟区,raw_snapshot,1.0,RAW_SENSITIVITY,,,33.2,2.075,2.075,1,B1,0.408381,0.847390575,2.075,1.0,3.5,5.0,5.5,79,False,,,,True,
2014,门头沟区,raw_snapshot,1.0,RAW_SENSITIVITY,,,33.2,2.075,2.075,2,B2,0.340843,0.7072492250000001,1.227609425,0.591619,7.0,9.0,11.0,79,False,,,,True,
2014,门头沟区,raw_snapshot,1.0,RAW_SENSITIVITY,,,33.2,2.075,2.075,3,B3,0.228597,0.47433877500000005,0.5203602,0.250776,10.5,13.0,16.5,79,False,,,,True,
2014,门头沟区,raw_snapshot,1.0,RAW_SENSITIVITY,,,33.2,2.075,2.075,4,B4,0.022179,0.046021425000000005,0.046021425000000005,0.022179,14.0,17.0,22.0,79,False,,,,True,
2014,门头沟区,raw_snapshot,1.0,RAW_SENSITIVITY,,,33.2,2.075,2.075,5,B5+,0.0,0.0,0.0,0.0,17.5,21.0,27.5,79,False,,,,True,
2015,门头沟区,raw_snapshot,1.0,RAW_SENSITIVITY,34.0,34.0,34.0,2.125,2.125,1,B1,0.408381,0.867809625,2.125,1.0,3.5,5.0,5.5,79,False,,,,False,
2015,门头沟区,raw_snapshot,1.0,RAW_SENSITIVITY,34.0,34.0,34.0,2.125,2.125,2,B2,0.340843,0.724291375,1.257190375,0.591619,7.0,9.0,11.0,79,False,,,,False,
2015,门头沟区,raw_snapshot,1.0,RAW_SENSITIVITY,34.0,34.0,34.0,2.125,2.125,3,B3,0.228597,0.485768625,0.532899,0.250776,10.5,13.0,16.5,79,False,,,,False,
2015,门头沟区,raw_snapshot,1.0,RAW_SENSITIVITY,34.0,34.0,34.0,2.125,2.125,4,B4,0.022179,0.047130375,0.047130375,0.022179,14.0,17.0,22.0,79,False,,,,False,
2015,门头沟区,raw_snapshot,1.0,RAW_SENSITIVITY,34.0,34.0,34.0,2.125,2.125,5,B5+,0.0,0.0,0.0,0.0,17.5,21.0,27.5,79,False,,,,False,
2016,门头沟区,raw_snapshot,1.0,RAW_SENSITIVITY,,,30.4,1.9,1.9,1,B1,0.408381,0.7759239,1.9,1.0,3.5,5.0,5.5,79,False,,,,True,
2016,门头沟区,raw_snapshot,1.0,RAW_SENSITIVITY,,,30.4,1.9,1.9,2,B2,0.340843,0.6476017,1.1240761,0.591619,7.0,9.0,11.0,79,False,,,,True,
2016,门头沟区,raw_snapshot,1.0,RAW_SENSITIVITY,,,30.4,1.9,1.9,3,B3,0.228597,0.43433429999999995,0.47647439999999996,0.250776,10.5,13.0,16.5,79,False,,,,True,
2016,门头沟区,raw_snapshot,1.0,RAW_SENSITIVITY,,,30.4,1.9,1.9,4,B4,0.022179,0.0421401,0.0421401,0.022179,14.0,17.0,22.0,79,False,,,,True,
2016,门头沟区,raw_snapshot,1.0,RAW_SENSITIVITY,,,30.4,1.9,1.9,5,B5+,0.0,0.0,0.0,0.0,17.5,21.0,27.5,79,False,,,,True,
2017,门头沟区,raw_snapshot,1.0,RAW_SENSITIVITY,,,26.8,1.675,1.675,1,B1,0.408381,0.684038175,1.675,1.0,3.5,5.0,5.5,79,False,,,,True,
2017,门头沟区,raw_snapshot,1.0,RAW_SENSITIVITY,,,26.8,1.675,1.675,2,B2,0.340843,0.570912025,0.9909618250000001,0.591619,7.0,9.0,11.0,79,False,,,,True,
2017,门头沟区,raw_snapshot,1.0,RAW_SENSITIVITY,,,26.8,1.675,1.675,3,B3,0.228597,0.382899975,0.42004980000000003,0.250776,10.5,13.0,16.5,79,False,,,,True,
2017,门头沟区,raw_snapshot,1.0,RAW_SENSITIVITY,,,26.8,1.675,1.675,4,B4,0.022179,0.037149825000000004,0.037149825000000004,0.022179,14.0,17.0,22.0,79,False,,,,True,
2017,门头沟区,raw_snapshot,1.0,RAW_SENSITIVITY,,,26.8,1.675,1.675,5,B5+,0.0,0.0,0.0,0.0,17.5,21.0,27.5,79,False,,,,True,
2018,门头沟区,raw_snapshot,1.0,RAW_SENSITIVITY,,,23.200000000000003,1.4500000000000002,1.4500000000000002,1,B1,0.408381,0.59215245,1.4500000000000002,1.0,3.5,5.0,5.5,79,False,,,,True,
2018,门头沟区,raw_snapshot,1.0,RAW_SENSITIVITY,,,23.200000000000003,1.4500000000000002,1.4500000000000002,2,B2,0.340843,0.4942223500000001,0.8578475500000001,0.591619,7.0,9.0,11.0,79,False,,,,True,
2018,门头沟区,raw_snapshot,1.0,RAW_SENSITIVITY,,,23.200000000000003,1.4500000000000002,1.4500000000000002,3,B3,0.228597,0.33146565000000006,0.36362520000000004,0.250776,10.5,13.0,16.5,79,False,,,,True,
2018,门头沟区,raw_snapshot,1.0,RAW_SENSITIVITY,,,23.200000000000003,1.4500000000000002,1.4500000000000002,4,B4,0.022179,0.03215955,0.03215955,0.022179,14.0,17.0,22.0,79,False,,,,True,
2018,门头沟区,raw_snapshot,1.0,RAW_SENSITIVITY,,,23.200000000000003,1.4500000000000002,1.4500000000000002,5,B5+,0.0,0.0,0.0,0.0,17.5,21.0,27.5,79,False,,,,True,
2019,门头沟区,raw_snapshot,1.0,RAW_SENSITIVITY,,,19.6,1.225,1.225,1,B1,0.408381,0.500266725,1.225,1.0,3.5,5.0,5.5,79,False,,,,True,
2019,门头沟区,raw_snapshot,1.0,RAW_SENSITIVITY,,,19.6,1.225,1.225,2,B2,0.340843,0.417532675,0.7247332750000001,0.591619,7.0,9.0,11.0,79,False,,,,True,
2019,门头沟区,raw_snapshot,1.0,RAW_SENSITIVITY,,,19.6,1.225,1.225,3,B3,0.228597,0.280031325,0.30720060000000005,0.250776,10.5,13.0,16.5,79,False,,,,True,
2019,门头沟区,raw_snapshot,1.0,RAW_SENSITIVITY,,,19.6,1.225,1.225,4,B4,0.022179,0.027169275000000003,0.027169275000000003,0.022179,14.0,17.0,22.0,79,False,,,,True,
2019,门头沟区,raw_snapshot,1.0,RAW_SENSITIVITY,,,19.6,1.225,1.225,5,B5+,0.0,0.0,0.0,0.0,17.5,21.0,27.5,79,False,,,,True,
2020,门头沟区,raw_snapshot,1.0,RAW_SENSITIVITY,16.0,34.0,16.0,1.0,1.0,1,B1,0.408381,0.408381,1.0,1.0,3.5,5.0,5.5,79,False,,,,False,
2020,门头沟区,raw_snapshot,1.0,RAW_SENSITIVITY,16.0,34.0,16.0,1.0,1.0,2,B2,0.340843,0.340843,0.591619,0.591619,7.0,9.0,11.0,79,False,,,,False,
2020,门头沟区,raw_snapshot,1.0,RAW_SENSITIVITY,16.0,34.0,16.0,1.0,1.0,3,B3,0.228597,0.228597,0.250776,0.250776,10.5,13.0,16.5,79,False,,,,False,
2020,门头沟区,raw_snapshot,1.0,RAW_SENSITIVITY,16.0,34.0,16.0,1.0,1.0,4,B4,0.022179,0.022179,0.022179,0.022179,14.0,17.0,22.0,79,False,,,,False,
2020,门头沟区,raw_snapshot,1.0,RAW_SENSITIVITY,16.0,34.0,16.0,1.0,1.0,5,B5+,0.0,0.0,0.0,0.0,17.5,21.0,27.5,79,False,,,,False,
1980,顺义区,raw_snapshot,1.0,RAW_SENSITIVITY,7.0,7.0,7.0,0.19444444444444445,0.19444444444444445,1,B1,0.71489,0.1390063888888889,0.19444444444444445,1.0,3.5,5.0,5.5,197,False,,,,False,
1980,顺义区,raw_snapshot,1.0,RAW_SENSITIVITY,7.0,7.0,7.0,0.19444444444444445,0.19444444444444445,2,B2,0.26725,0.05196527777777778,0.05543805555555555,0.28511,7.0,9.0,11.0,197,False,,,,False,
1980,顺义区,raw_snapshot,1.0,RAW_SENSITIVITY,7.0,7.0,7.0,0.19444444444444445,0.19444444444444445,3,B3,0.01786,0.003472777777777778,0.003472777777777778,0.01786,10.5,13.0,16.5,197,False,,,,False,
1980,顺义区,raw_snapshot,1.0,RAW_SENSITIVITY,7.0,7.0,7.0,0.19444444444444445,0.19444444444444445,4,B4,0.0,0.0,0.0,0.0,14.0,17.0,22.0,197,False,,,,False,
1980,顺义区,raw_snapshot,1.0,RAW_SENSITIVITY,7.0,7.0,7.0,0.19444444444444445,0.19444444444444445,5,B5+,0.0,0.0,0.0,0.0,17.5,21.0,27.5,197,False,,,,False,
1981,顺义区,raw_snapshot,1.0,RAW_SENSITIVITY,,,7.6,0.2111111111111111,0.2111111111111111,1,B1,0.71489,0.15092122222222223,0.2111111111111111,1.0,3.5,5.0,5.5,197,False,,,,True,
1981,顺义区,raw_snapshot,1.0,RAW_SENSITIVITY,,,7.6,0.2111111111111111,0.2111111111111111,2,B2,0.26725,0.05641944444444444,0.06018988888888888,0.28511,7.0,9.0,11.0,197,False,,,,True,
1981,顺义区,raw_snapshot,1.0,RAW_SENSITIVITY,,,7.6,0.2111111111111111,0.2111111111111111,3,B3,0.01786,0.0037704444444444448,0.0037704444444444448,0.01786,10.5,13.0,16.5,197,False,,,,True,
1981,顺义区,raw_snapshot,1.0,RAW_SENSITIVITY,,,7.6,0.2111111111111111,0.2111111111111111,4,B4,0.0,0.0,0.0,0.0,14.0,17.0,22.0,197,False,,,,True,
1981,顺义区,raw_snapshot,1.0,RAW_SENSITIVITY,,,7.6,0.2111111111111111,0.2111111111111111,5,B5+,0.0,0.0,0.0,0.0,17.5,21.0,27.5,197,False,,,,True,
1982,顺义区,raw_snapshot,1.0,RAW_SENSITIVITY,,,8.2,0.22777777777777775,0.22777777777777777,1,B1,0.71489,0.16283605555555555,0.22777777777777777,1.0,3.5,5.0,5.5,197,False,,,,True,
1982,顺义区,raw_snapshot,1.0,RAW_SENSITIVITY,,,8.2,0.22777777777777775,0.22777777777777777,2,B2,0.26725,0.06087361111111111,0.06494172222222222,0.28511,7.0,9.0,11.0,197,False,,,,True,
1982,顺义区,raw_snapshot,1.0,RAW_SENSITIVITY,,,8.2,0.22777777777777775,0.22777777777777777,3,B3,0.01786,0.004068111111111111,0.004068111111111111,0.01786,10.5,13.0,16.5,197,False,,,,True,
1982,顺义区,raw_snapshot,1.0,RAW_SENSITIVITY,,,8.2,0.22777777777777775,0.22777777777777777,4,B4,0.0,0.0,0.0,0.0,14.0,17.0,22.0,197,False,,,,True,
1982,顺义区,raw_snapshot,1.0,RAW_SENSITIVITY,,,8.2,0.22777777777777775,0.22777777777777777,5,B5+,0.0,0.0,0.0,0.0,17.5,21.0,27.5,197,False,,,,True,
1983,顺义区,raw_snapshot,1.0,RAW_SENSITIVITY,,,8.8,0.24444444444444446,0.24444444444444444,1,B1,0.71489,0.1747508888888889,0.24444444444444444,1.0,3.5,5.0,5.5,197,False,,,,True,
1983,顺义区,raw_snapshot,1.0,RAW_SENSITIVITY,,,8.8,0.24444444444444446,0.24444444444444444,2,B2,0.26725,0.06532777777777778,0.06969355555555555,0.28511,7.0,9.0,11.0,197,False,,,,True,
1983,顺义区,raw_snapshot,1.0,RAW_SENSITIVITY,,,8.8,0.24444444444444446,0.24444444444444444,3,B3,0.01786,0.0043657777777777775,0.0043657777777777775,0.01786,10.5,13.0,16.5,197,False,,,,True,
1983,顺义区,raw_snapshot,1.0,RAW_SENSITIVITY,,,8.8,0.24444444444444446,0.24444444444444444,4,B4,0.0,0.0,0.0,0.0,14.0,17.0,22.0,197,False,,,,True,
1983,顺义区,raw_snapshot,1.0,RAW_SENSITIVITY,,,8.8,0.24444444444444446,0.24444444444444444,5,B5+,0.0,0.0,0.0,0.0,17.5,21.0,27.5,197,False,,,,True,
1984,顺义区,raw_snapshot,1.0,RAW_SENSITIVITY,,,9.4,0.2611111111111111,0.2611111111111111,1,B1,0.71489,0.18666572222222225,0.2611111111111111,1.0,3.5,5.0,5.5,197,False,,,,True,
1984,顺义区,raw_snapshot,1.0,RAW_SENSITIVITY,,,9.4,0.2611111111111111,0.2611111111111111,2,B2,0.26725,0.06978194444444445,0.07444538888888888,0.28511,7.0,9.0,11.0,197,False,,,,True,
1984,顺义区,raw_snapshot,1.0,RAW_SENSITIVITY,,,9.4,0.2611111111111111,0.2611111111111111,3,B3,0.01786,0.004663444444444445,0.004663444444444445,0.01786,10.5,13.0,16.5,197,False,,,,True,
1984,顺义区,raw_snapshot,1.0,RAW_SENSITIVITY,,,9.4,0.2611111111111111,0.2611111111111111,4,B4,0.0,0.0,0.0,0.0,14.0,17.0,22.0,197,False,,,,True,
1984,顺义区,raw_snapshot,1.0,RAW_SENSITIVITY,,,9.4,0.2611111111111111,0.2611111111111111,5,B5+,0.0,0.0,0.0,0.0,17.5,21.0,27.5,197,False,,,,True,
1985,顺义区,raw_snapshot,1.0,RAW_SENSITIVITY,,,10.0,0.2777777777777778,0.2777777777777778,1,B1,0.71489,0.19858055555555557,0.2777777777777778,1.0,3.5,5.0,5.5,197,False,,,,True,
1985,顺义区,raw_snapshot,1.0,RAW_SENSITIVITY,,,10.0,0.2777777777777778,0.2777777777777778,2,B2,0.26725,0.07423611111111111,0.07919722222222222,0.28511,7.0,9.0,11.0,197,False,,,,True,
1985,顺义区,raw_snapshot,1.0,RAW_SENSITIVITY,,,10.0,0.2777777777777778,0.2777777777777778,3,B3,0.01786,0.0049611111111111115,0.0049611111111111115,0.01786,10.5,13.0,16.5,197,False,,,,True,
1985,顺义区,raw_snapshot,1.0,RAW_SENSITIVITY,,,10.0,0.2777777777777778,0.2777777777777778,4,B4,0.0,0.0,0.0,0.0,14.0,17.0,22.0,197,False,,,,True,
1985,顺义区,raw_snapshot,1.0,RAW_SENSITIVITY,,,10.0,0.2777777777777778,0.2777777777777778,5,B5+,0.0,0.0,0.0,0.0,17.5,21.0,27.5,197,False,,,,True,
1986,顺义区,raw_snapshot,1.0,RAW_SENSITIVITY,,,10.6,0.29444444444444445,0.29444444444444445,1,B1,0.71489,0.2104953888888889,0.29444444444444445,1.0,3.5,5.0,5.5,197,False,,,,True,
1986,顺义区,raw_snapshot,1.0,RAW_SENSITIVITY,,,10.6,0.29444444444444445,0.29444444444444445,2,B2,0.26725,0.07869027777777778,0.08394905555555555,0.28511,7.0,9.0,11.0,197,False,,,,True,
1986,顺义区,raw_snapshot,1.0,RAW_SENSITIVITY,,,10.6,0.29444444444444445,0.29444444444444445,3,B3,0.01786,0.005258777777777778,0.005258777777777778,0.01786,10.5,13.0,16.5,197,False,,,,True,
1986,顺义区,raw_snapshot,1.0,RAW_SENSITIVITY,,,10.6,0.29444444444444445,0.29444444444444445,4,B4,0.0,0.0,0.0,0.0,14.0,17.0,22.0,197,False,,,,True,
1986,顺义区,raw_snapshot,1.0,RAW_SENSITIVITY,,,10.6,0.29444444444444445,0.29444444444444445,5,B5+,0.0,0.0,0.0,0.0,17.5,21.0,27.5,197,False,,,,True,
1987,顺义区,raw_snapshot,1.0,RAW_SENSITIVITY,,,11.2,0.3111111111111111,0.3111111111111111,1,B1,0.71489,0.22241022222222223,0.3111111111111111,1.0,3.5,5.0,5.5,197,False,,,,True,
1987,顺义区,raw_snapshot,1.0,RAW_SENSITIVITY,,,11.2,0.3111111111111111,0.3111111111111111,2,B2,0.26725,0.08314444444444444,0.08870088888888888,0.28511,7.0,9.0,11.0,197,False,,,,True,
1987,顺义区,raw_snapshot,1.0,RAW_SENSITIVITY,,,11.2,0.3111111111111111,0.3111111111111111,3,B3,0.01786,0.005556444444444445,0.005556444444444445,0.01786,10.5,13.0,16.5,197,False,,,,True,
1987,顺义区,raw_snapshot,1.0,RAW_SENSITIVITY,,,11.2,0.3111111111111111,0.3111111111111111,4,B4,0.0,0.0,0.0,0.0,14.0,17.0,22.0,197,False,,,,True,
1987,顺义区,raw_snapshot,1.0,RAW_SENSITIVITY,,,11.2,0.3111111111111111,0.3111111111111111,5,B5+,0.0,0.0,0.0,0.0,17.5,21.0,27.5,197,False,,,,True,
1988,顺义区,raw_snapshot,1.0,RAW_SENSITIVITY,,,11.8,0.3277777777777778,0.3277777777777778,1,B1,0.71489,0.23432505555555558,0.3277777777777778,1.0,3.5,5.0,5.5,197,False,,,,True,
1988,顺义区,raw_snapshot,1.0,RAW_SENSITIVITY,,,11.8,0.3277777777777778,0.3277777777777778,2,B2,0.26725,0.08759861111111111,0.09345272222222221,0.28511,7.0,9.0,11.0,197,False,,,,True,
1988,顺义区,raw_snapshot,1.0,RAW_SENSITIVITY,,,11.8,0.3277777777777778,0.3277777777777778,3,B3,0.01786,0.005854111111111111,0.005854111111111111,0.01786,10.5,13.0,16.5,197,False,,,,True,
1988,顺义区,raw_snapshot,1.0,RAW_SENSITIVITY,,,11.8,0.3277777777777778,0.3277777777777778,4,B4,0.0,0.0,0.0,0.0,14.0,17.0,22.0,197,False,,,,True,
1988,顺义区,raw_snapshot,1.0,RAW_SENSITIVITY,,,11.8,0.3277777777777778,0.3277777777777778,5,B5+,0.0,0.0,0.0,0.0,17.5,21.0,27.5,197,False,,,,True,
1989,顺义区,raw_snapshot,1.0,RAW_SENSITIVITY,,,12.4,0.34444444444444444,0.34444444444444444,1,B1,0.71489,0.2462398888888889,0.34444444444444444,1.0,3.5,5.0,5.5,197,False,,,,True,
1989,顺义区,raw_snapshot,1.0,RAW_SENSITIVITY,,,12.4,0.34444444444444444,0.34444444444444444,2,B2,0.26725,0.09205277777777778,0.09820455555555554,0.28511,7.0,9.0,11.0,197,False,,,,True,
1989,顺义区,raw_snapshot,1.0,RAW_SENSITIVITY,,,12.4,0.34444444444444444,0.34444444444444444,3,B3,0.01786,0.006151777777777778,0.006151777777777778,0.01786,10.5,13.0,16.5,197,False,,,,True,
1989,顺义区,raw_snapshot,1.0,RAW_SENSITIVITY,,,12.4,0.34444444444444444,0.34444444444444444,4,B4,0.0,0.0,0.0,0.0,14.0,17.0,22.0,197,False,,,,True,
1989,顺义区,raw_snapshot,1.0,RAW_SENSITIVITY,,,12.4,0.34444444444444444,0.34444444444444444,5,B5+,0.0,0.0,0.0,0.0,17.5,21.0,27.5,197,False,,,,True,
1990,顺义区,raw_snapshot,1.0,RAW_SENSITIVITY,13.0,13.0,13.0,0.3611111111111111,0.3611111111111111,1,B1,0.71489,0.25815472222222224,0.3611111111111111,1.0,3.5,5.0,5.5,197,False,,,,False,
1990,顺义区,raw_snapshot,1.0,RAW_SENSITIVITY,13.0,13.0,13.0,0.3611111111111111,0.3611111111111111,2,B2,0.26725,0.09650694444444444,0.10295638888888888,0.28511,7.0,9.0,11.0,197,False,,,,False,
1990,顺义区,raw_snapshot,1.0,RAW_SENSITIVITY,13.0,13.0,13.0,0.3611111111111111,0.3611111111111111,3,B3,0.01786,0.006449444444444444,0.006449444444444444,0.01786,10.5,13.0,16.5,197,False,,,,False,
1990,顺义区,raw_snapshot,1.0,RAW_SENSITIVITY,13.0,13.0,13.0,0.3611111111111111,0.3611111111111111,4,B4,0.0,0.0,0.0,0.0,14.0,17.0,22.0,197,False,,,,False,
1990,顺义区,raw_snapshot,1.0,RAW_SENSITIVITY,13.0,13.0,13.0,0.3611111111111111,0.3611111111111111,5,B5+,0.0,0.0,0.0,0.0,17.5,21.0,27.5,197,False,,,,False,
1991,顺义区,raw_snapshot,1.0,RAW_SENSITIVITY,,,18.2,0.5055555555555555,0.5055555555555555,1,B1,0.71489,0.3614166111111111,0.5055555555555555,1.0,3.5,5.0,5.5,197,False,,,,True,
1991,顺义区,raw_snapshot,1.0,RAW_SENSITIVITY,,,18.2,0.5055555555555555,0.5055555555555555,2,B2,0.26725,0.1351097222222222,0.14413894444444442,0.28511,7.0,9.0,11.0,197,False,,,,True,
1991,顺义区,raw_snapshot,1.0,RAW_SENSITIVITY,,,18.2,0.5055555555555555,0.5055555555555555,3,B3,0.01786,0.009029222222222221,0.009029222222222221,0.01786,10.5,13.0,16.5,197,False,,,,True,
1991,顺义区,raw_snapshot,1.0,RAW_SENSITIVITY,,,18.2,0.5055555555555555,0.5055555555555555,4,B4,0.0,0.0,0.0,0.0,14.0,17.0,22.0,197,False,,,,True,
1991,顺义区,raw_snapshot,1.0,RAW_SENSITIVITY,,,18.2,0.5055555555555555,0.5055555555555555,5,B5+,0.0,0.0,0.0,0.0,17.5,21.0,27.5,197,False,,,,True,
1992,顺义区,raw_snapshot,1.0,RAW_SENSITIVITY,,,23.4,0.6499999999999999,0.6499999999999999,1,B1,0.71489,0.46467849999999994,0.6499999999999999,1.0,3.5,5.0,5.5,197,False,,,,True,
1992,顺义区,raw_snapshot,1.0,RAW_SENSITIVITY,,,23.4,0.6499999999999999,0.6499999999999999,2,B2,0.26725,0.17371249999999996,0.18532149999999994,0.28511,7.0,9.0,11.0,197,False,,,,True,
1992,顺义区,raw_snapshot,1.0,RAW_SENSITIVITY,,,23.4,0.6499999999999999,0.6499999999999999,3,B3,0.01786,0.011609,0.011609,0.01786,10.5,13.0,16.5,197,False,,,,True,
1992,顺义区,raw_snapshot,1.0,RAW_SENSITIVITY,,,23.4,0.6499999999999999,0.6499999999999999,4,B4,0.0,0.0,0.0,0.0,14.0,17.0,22.0,197,False,,,,True,
1992,顺义区,raw_snapshot,1.0,RAW_SENSITIVITY,,,23.4,0.6499999999999999,0.6499999999999999,5,B5+,0.0,0.0,0.0,0.0,17.5,21.0,27.5,197,False,,,,True,
1993,顺义区,raw_snapshot,1.0,RAW_SENSITIVITY,,,28.6,0.7944444444444445,0.7944444444444443,1,B1,0.71489,0.5679403888888888,0.7944444444444443,1.0,3.5,5.0,5.5,197,False,,,,True,
1993,顺义区,raw_snapshot,1.0,RAW_SENSITIVITY,,,28.6,0.7944444444444445,0.7944444444444443,2,B2,0.26725,0.21231527777777773,0.2265040555555555,0.28511,7.0,9.0,11.0,197,False,,,,True,
1993,顺义区,raw_snapshot,1.0,RAW_SENSITIVITY,,,28.6,0.7944444444444445,0.7944444444444443,3,B3,0.01786,0.014188777777777776,0.014188777777777776,0.01786,10.5,13.0,16.5,197,False,,,,True,
1993,顺义区,raw_snapshot,1.0,RAW_SENSITIVITY,,,28.6,0.7944444444444445,0.7944444444444443,4,B4,0.0,0.0,0.0,0.0,14.0,17.0,22.0,197,False,,,,True,
1993,顺义区,raw_snapshot,1.0,RAW_SENSITIVITY,,,28.6,0.7944444444444445,0.7944444444444443,5,B5+,0.0,0.0,0.0,0.0,17.5,21.0,27.5,197,False,,,,True,
1994,顺义区,raw_snapshot,1.0,RAW_SENSITIVITY,,,33.8,0.9388888888888888,0.9388888888888889,1,B1,0.71489,0.6712022777777777,0.9388888888888889,1.0,3.5,5.0,5.5,197,False,,,,True,
1994,顺义区,raw_snapshot,1.0,RAW_SENSITIVITY,,,33.8,0.9388888888888888,0.9388888888888889,2,B2,0.26725,0.2509180555555555,0.2676866111111111,0.28511,7.0,9.0,11.0,197,False,,,,True,
1994,顺义区,raw_snapshot,1.0,RAW_SENSITIVITY,,,33.8,0.9388888888888888,0.9388888888888889,3,B3,0.01786,0.016768555555555557,0.016768555555555557,0.01786,10.5,13.0,16.5,197,False,,,,True,
1994,顺义区,raw_snapshot,1.0,RAW_SENSITIVITY,,,33.8,0.9388888888888888,0.9388888888888889,4,B4,0.0,0.0,0.0,0.0,14.0,17.0,22.0,197,False,,,,True,
1994,顺义区,raw_snapshot,1.0,RAW_SENSITIVITY,,,33.8,0.9388888888888888,0.9388888888888889,5,B5+,0.0,0.0,0.0,0.0,17.5,21.0,27.5,197,False,,,,True,
1995,顺义区,raw_snapshot,1.0,RAW_SENSITIVITY,39.0,39.0,39.0,1.0833333333333333,1.0833333333333333,1,B1,0.71489,0.7744641666666666,1.0833333333333333,1.0,3.5,5.0,5.5,197,False,,,,False,
1995,顺义区,raw_snapshot,1.0,RAW_SENSITIVITY,39.0,39.0,39.0,1.0833333333333333,1.0833333333333333,2,B2,0.26725,0.2895208333333333,0.30886916666666664,0.28511,7.0,9.0,11.0,197,False,,,,False,
1995,顺义区,raw_snapshot,1.0,RAW_SENSITIVITY,39.0,39.0,39.0,1.0833333333333333,1.0833333333333333,3,B3,0.01786,0.019348333333333332,0.019348333333333332,0.01786,10.5,13.0,16.5,197,False,,,,False,
1995,顺义区,raw_snapshot,1.0,RAW_SENSITIVITY,39.0,39.0,39.0,1.0833333333333333,1.0833333333333333,4,B4,0.0,0.0,0.0,0.0,14.0,17.0,22.0,197,False,,,,False,
1995,顺义区,raw_snapshot,1.0,RAW_SENSITIVITY,39.0,39.0,39.0,1.0833333333333333,1.0833333333333333,5,B5+,0.0,0.0,0.0,0.0,17.5,21.0,27.5,197,False,,,,False,
1996,顺义区,raw_snapshot,1.0,RAW_SENSITIVITY,,,35.2,0.9777777777777779,0.9777777777777777,1,B1,0.71489,0.6990035555555556,0.9777777777777777,1.0,3.5,5.0,5.5,197,False,,,,True,
1996,顺义区,raw_snapshot,1.0,RAW_SENSITIVITY,,,35.2,0.9777777777777779,0.9777777777777777,2,B2,0.26725,0.2613111111111111,0.2787742222222222,0.28511,7.0,9.0,11.0,197,False,,,,True,
1996,顺义区,raw_snapshot,1.0,RAW_SENSITIVITY,,,35.2,0.9777777777777779,0.9777777777777777,3,B3,0.01786,0.01746311111111111,0.01746311111111111,0.01786,10.5,13.0,16.5,197,False,,,,True,
1996,顺义区,raw_snapshot,1.0,RAW_SENSITIVITY,,,35.2,0.9777777777777779,0.9777777777777777,4,B4,0.0,0.0,0.0,0.0,14.0,17.0,22.0,197,False,,,,True,
1996,顺义区,raw_snapshot,1.0,RAW_SENSITIVITY,,,35.2,0.9777777777777779,0.9777777777777777,5,B5+,0.0,0.0,0.0,0.0,17.5,21.0,27.5,197,False,,,,True,
1997,顺义区,raw_snapshot,1.0,RAW_SENSITIVITY,,,31.4,0.8722222222222222,0.8722222222222222,1,B1,0.71489,0.6235429444444445,0.8722222222222222,1.0,3.5,5.0,5.5,197,False,,,,True,
1997,顺义区,raw_snapshot,1.0,RAW_SENSITIVITY,,,31.4,0.8722222222222222,0.8722222222222222,2,B2,0.26725,0.23310138888888887,0.24867927777777776,0.28511,7.0,9.0,11.0,197,False,,,,True,
1997,顺义区,raw_snapshot,1.0,RAW_SENSITIVITY,,,31.4,0.8722222222222222,0.8722222222222222,3,B3,0.01786,0.01557788888888889,0.01557788888888889,0.01786,10.5,13.0,16.5,197,False,,,,True,
1997,顺义区,raw_snapshot,1.0,RAW_SENSITIVITY,,,31.4,0.8722222222222222,0.8722222222222222,4,B4,0.0,0.0,0.0,0.0,14.0,17.0,22.0,197,False,,,,True,
1997,顺义区,raw_snapshot,1.0,RAW_SENSITIVITY,,,31.4,0.8722222222222222,0.8722222222222222,5,B5+,0.0,0.0,0.0,0.0,17.5,21.0,27.5,197,False,,,,True,
1998,顺义区,raw_snapshot,1.0,RAW_SENSITIVITY,,,27.6,0.7666666666666667,0.7666666666666666,1,B1,0.71489,0.5480823333333333,0.7666666666666666,1.0,3.5,5.0,5.5,197,False,,,,True,
1998,顺义区,raw_snapshot,1.0,RAW_SENSITIVITY,,,27.6,0.7666666666666667,0.7666666666666666,2,B2,0.26725,0.20489166666666664,0.2185843333333333,0.28511,7.0,9.0,11.0,197,False,,,,True,
1998,顺义区,raw_snapshot,1.0,RAW_SENSITIVITY,,,27.6,0.7666666666666667,0.7666666666666666,3,B3,0.01786,0.013692666666666665,0.013692666666666665,0.01786,10.5,13.0,16.5,197,False,,,,True,
1998,顺义区,raw_snapshot,1.0,RAW_SENSITIVITY,,,27.6,0.7666666666666667,0.7666666666666666,4,B4,0.0,0.0,0.0,0.0,14.0,17.0,22.0,197,False,,,,True,
1998,顺义区,raw_snapshot,1.0,RAW_SENSITIVITY,,,27.6,0.7666666666666667,0.7666666666666666,5,B5+,0.0,0.0,0.0,0.0,17.5,21.0,27.5,197,False,,,,True,
1999,顺义区,raw_snapshot,1.0,RAW_SENSITIVITY,,,23.799999999999997,0.661111111111111,0.6611111111111111,1,B1,0.71489,0.4726217222222222,0.6611111111111111,1.0,3.5,5.0,5.5,197,False,,,,True,
1999,顺义区,raw_snapshot,1.0,RAW_SENSITIVITY,,,23.799999999999997,0.661111111111111,0.6611111111111111,2,B2,0.26725,0.17668194444444443,0.18848938888888886,0.28511,7.0,9.0,11.0,197,False,,,,True,
1999,顺义区,raw_snapshot,1.0,RAW_SENSITIVITY,,,23.799999999999997,0.661111111111111,0.6611111111111111,3,B3,0.01786,0.011807444444444445,0.011807444444444445,0.01786,10.5,13.0,16.5,197,False,,,,True,
1999,顺义区,raw_snapshot,1.0,RAW_SENSITIVITY,,,23.799999999999997,0.661111111111111,0.6611111111111111,4,B4,0.0,0.0,0.0,0.0,14.0,17.0,22.0,197,False,,,,True,
1999,顺义区,raw_snapshot,1.0,RAW_SENSITIVITY,,,23.799999999999997,0.661111111111111,0.6611111111111111,5,B5+,0.0,0.0,0.0,0.0,17.5,21.0,27.5,197,False,,,,True,
2000,顺义区,raw_snapshot,1.0,RAW_SENSITIVITY,20.0,39.0,20.0,0.5555555555555556,0.5555555555555556,1,B1,0.71489,0.39716111111111113,0.5555555555555556,1.0,3.5,5.0,5.5,197,False,,,,False,
2000,顺义区,raw_snapshot,1.0,RAW_SENSITIVITY,20.0,39.0,20.0,0.5555555555555556,0.5555555555555556,2,B2,0.26725,0.14847222222222223,0.15839444444444445,0.28511,7.0,9.0,11.0,197,False,,,,False,
2000,顺义区,raw_snapshot,1.0,RAW_SENSITIVITY,20.0,39.0,20.0,0.5555555555555556,0.5555555555555556,3,B3,0.01786,0.009922222222222223,0.009922222222222223,0.01786,10.5,13.0,16.5,197,False,,,,False,
2000,顺义区,raw_snapshot,1.0,RAW_SENSITIVITY,20.0,39.0,20.0,0.5555555555555556,0.5555555555555556,4,B4,0.0,0.0,0.0,0.0,14.0,17.0,22.0,197,False,,,,False,
2000,顺义区,raw_snapshot,1.0,RAW_SENSITIVITY,20.0,39.0,20.0,0.5555555555555556,0.5555555555555556,5,B5+,0.0,0.0,0.0,0.0,17.5,21.0,27.5,197,False,,,,False,
2001,顺义区,raw_snapshot,1.0,RAW_SENSITIVITY,,,23.6,0.6555555555555556,0.6555555555555556,1,B1,0.71489,0.46865011111111116,0.6555555555555556,1.0,3.5,5.0,5.5,197,False,,,,True,
2001,顺义区,raw_snapshot,1.0,RAW_SENSITIVITY,,,23.6,0.6555555555555556,0.6555555555555556,2,B2,0.26725,0.17519722222222223,0.18690544444444443,0.28511,7.0,9.0,11.0,197,False,,,,True,
2001,顺义区,raw_snapshot,1.0,RAW_SENSITIVITY,,,23.6,0.6555555555555556,0.6555555555555556,3,B3,0.01786,0.011708222222222222,0.011708222222222222,0.01786,10.5,13.0,16.5,197,False,,,,True,
2001,顺义区,raw_snapshot,1.0,RAW_SENSITIVITY,,,23.6,0.6555555555555556,0.6555555555555556,4,B4,0.0,0.0,0.0,0.0,14.0,17.0,22.0,197,False,,,,True,
2001,顺义区,raw_snapshot,1.0,RAW_SENSITIVITY,,,23.6,0.6555555555555556,0.6555555555555556,5,B5+,0.0,0.0,0.0,0.0,17.5,21.0,27.5,197,False,,,,True,
2002,顺义区,raw_snapshot,1.0,RAW_SENSITIVITY,,,27.2,0.7555555555555555,0.7555555555555555,1,B1,0.71489,0.5401391111111111,0.7555555555555555,1.0,3.5,5.0,5.5,197,False,,,,True,
2002,顺义区,raw_snapshot,1.0,RAW_SENSITIVITY,,,27.2,0.7555555555555555,0.7555555555555555,2,B2,0.26725,0.2019222222222222,0.2154164444444444,0.28511,7.0,9.0,11.0,197,False,,,,True,
2002,顺义区,raw_snapshot,1.0,RAW_SENSITIVITY,,,27.2,0.7555555555555555,0.7555555555555555,3,B3,0.01786,0.013494222222222222,0.013494222222222222,0.01786,10.5,13.0,16.5,197,False,,,,True,
2002,顺义区,raw_snapshot,1.0,RAW_SENSITIVITY,,,27.2,0.7555555555555555,0.7555555555555555,4,B4,0.0,0.0,0.0,0.0,14.0,17.0,22.0,197,False,,,,True,
2002,顺义区,raw_snapshot,1.0,RAW_SENSITIVITY,,,27.2,0.7555555555555555,0.7555555555555555,5,B5+,0.0,0.0,0.0,0.0,17.5,21.0,27.5,197,False,,,,True,
2003,顺义区,raw_snapshot,1.0,RAW_SENSITIVITY,,,30.799999999999997,0.8555555555555555,0.8555555555555556,1,B1,0.71489,0.6116281111111112,0.8555555555555556,1.0,3.5,5.0,5.5,197,False,,,,True,
2003,顺义区,raw_snapshot,1.0,RAW_SENSITIVITY,,,30.799999999999997,0.8555555555555555,0.8555555555555556,2,B2,0.26725,0.22864722222222222,0.24392744444444445,0.28511,7.0,9.0,11.0,197,False,,,,True,
2003,顺义区,raw_snapshot,1.0,RAW_SENSITIVITY,,,30.799999999999997,0.8555555555555555,0.8555555555555556,3,B3,0.01786,0.015280222222222225,0.015280222222222225,0.01786,10.5,13.0,16.5,197,False,,,,True,
2003,顺义区,raw_snapshot,1.0,RAW_SENSITIVITY,,,30.799999999999997,0.8555555555555555,0.8555555555555556,4,B4,0.0,0.0,0.0,0.0,14.0,17.0,22.0,197,False,,,,True,
2003,顺义区,raw_snapshot,1.0,RAW_SENSITIVITY,,,30.799999999999997,0.8555555555555555,0.8555555555555556,5,B5+,0.0,0.0,0.0,0.0,17.5,21.0,27.5,197,False,,,,True,
2004,顺义区,raw_snapshot,1.0,RAW_SENSITIVITY,,,34.4,0.9555555555555555,0.9555555555555556,1,B1,0.71489,0.6831171111111112,0.9555555555555556,1.0,3.5,5.0,5.5,197,False,,,,True,
2004,顺义区,raw_snapshot,1.0,RAW_SENSITIVITY,,,34.4,0.9555555555555555,0.9555555555555556,2,B2,0.26725,0.2553722222222222,0.2724384444444444,0.28511,7.0,9.0,11.0,197,False,,,,True,
2004,顺义区,raw_snapshot,1.0,RAW_SENSITIVITY,,,34.4,0.9555555555555555,0.9555555555555556,3,B3,0.01786,0.017066222222222222,0.017066222222222222,0.01786,10.5,13.0,16.5,197,False,,,,True,
2004,顺义区,raw_snapshot,1.0,RAW_SENSITIVITY,,,34.4,0.9555555555555555,0.9555555555555556,4,B4,0.0,0.0,0.0,0.0,14.0,17.0,22.0,197,False,,,,True,
2004,顺义区,raw_snapshot,1.0,RAW_SENSITIVITY,,,34.4,0.9555555555555555,0.9555555555555556,5,B5+,0.0,0.0,0.0,0.0,17.5,21.0,27.5,197,False,,,,True,
2005,顺义区,raw_snapshot,1.0,RAW_SENSITIVITY,38.0,39.0,38.0,1.0555555555555556,1.0555555555555556,1,B1,0.71489,0.7546061111111112,1.0555555555555556,1.0,3.5,5.0,5.5,197,False,,,,False,
2005,顺义区,raw_snapshot,1.0,RAW_SENSITIVITY,38.0,39.0,38.0,1.0555555555555556,1.0555555555555556,2,B2,0.26725,0.2820972222222222,0.30094944444444444,0.28511,7.0,9.0,11.0,197,False,,,,False,
2005,顺义区,raw_snapshot,1.0,RAW_SENSITIVITY,38.0,39.0,38.0,1.0555555555555556,1.0555555555555556,3,B3,0.01786,0.018852222222222225,0.018852222222222225,0.01786,10.5,13.0,16.5,197,False,,,,False,
2005,顺义区,raw_snapshot,1.0,RAW_SENSITIVITY,38.0,39.0,38.0,1.0555555555555556,1.0555555555555556,4,B4,0.0,0.0,0.0,0.0,14.0,17.0,22.0,197,False,,,,False,
2005,顺义区,raw_snapshot,1.0,RAW_SENSITIVITY,38.0,39.0,38.0,1.0555555555555556,1.0555555555555556,5,B5+,0.0,0.0,0.0,0.0,17.5,21.0,27.5,197,False,,,,False,
2006,顺义区,raw_snapshot,1.0,RAW_SENSITIVITY,,,38.4,1.0666666666666667,1.0666666666666667,1,B1,0.71489,0.7625493333333333,1.0666666666666667,1.0,3.5,5.0,5.5,197,False,,,,True,
2006,顺义区,raw_snapshot,1.0,RAW_SENSITIVITY,,,38.4,1.0666666666666667,1.0666666666666667,2,B2,0.26725,0.28506666666666663,0.3041173333333333,0.28511,7.0,9.0,11.0,197,False,,,,True,
2006,顺义区,raw_snapshot,1.0,RAW_SENSITIVITY,,,38.4,1.0666666666666667,1.0666666666666667,3,B3,0.01786,0.019050666666666667,0.019050666666666667,0.01786,10.5,13.0,16.5,197,False,,,,True,
2006,顺义区,raw_snapshot,1.0,RAW_SENSITIVITY,,,38.4,1.0666666666666667,1.0666666666666667,4,B4,0.0,0.0,0.0,0.0,14.0,17.0,22.0,197,False,,,,True,
2006,顺义区,raw_snapshot,1.0,RAW_SENSITIVITY,,,38.4,1.0666666666666667,1.0666666666666667,5,B5+,0.0,0.0,0.0,0.0,17.5,21.0,27.5,197,False,,,,True,
2007,顺义区,raw_snapshot,1.0,RAW_SENSITIVITY,,,38.8,1.0777777777777777,1.0777777777777777,1,B1,0.71489,0.7704925555555555,1.0777777777777777,1.0,3.5,5.0,5.5,197,False,,,,True,
2007,顺义区,raw_snapshot,1.0,RAW_SENSITIVITY,,,38.8,1.0777777777777777,1.0777777777777777,2,B2,0.26725,0.2880361111111111,0.30728522222222215,0.28511,7.0,9.0,11.0,197,False,,,,True,
2007,顺义区,raw_snapshot,1.0,RAW_SENSITIVITY,,,38.8,1.0777777777777777,1.0777777777777777,3,B3,0.01786,0.019249111111111113,0.019249111111111113,0.01786,10.5,13.0,16.5,197,False,,,,True,
2007,顺义区,raw_snapshot,1.0,RAW_SENSITIVITY,,,38.8,1.0777777777777777,1.0777777777777777,4,B4,0.0,0.0,0.0,0.0,14.0,17.0,22.0,197,False,,,,True,
2007,顺义区,raw_snapshot,1.0,RAW_SENSITIVITY,,,38.8,1.0777777777777777,1.0777777777777777,5,B5+,0.0,0.0,0.0,0.0,17.5,21.0,27.5,197,False,,,,True,
2008,顺义区,raw_snapshot,1.0,RAW_SENSITIVITY,,,39.2,1.088888888888889,1.088888888888889,1,B1,0.71489,0.778435777777778,1.088888888888889,1.0,3.5,5.0,5.5,197,False,,,,True,
2008,顺义区,raw_snapshot,1.0,RAW_SENSITIVITY,,,39.2,1.088888888888889,1.088888888888889,2,B2,0.26725,0.2910055555555556,0.3104531111111111,0.28511,7.0,9.0,11.0,197,False,,,,True,
2008,顺义区,raw_snapshot,1.0,RAW_SENSITIVITY,,,39.2,1.088888888888889,1.088888888888889,3,B3,0.01786,0.019447555555555558,0.019447555555555558,0.01786,10.5,13.0,16.5,197,False,,,,True,
2008,顺义区,raw_snapshot,1.0,RAW_SENSITIVITY,,,39.2,1.088888888888889,1.088888888888889,4,B4,0.0,0.0,0.0,0.0,14.0,17.0,22.0,197,False,,,,True,
2008,顺义区,raw_snapshot,1.0,RAW_SENSITIVITY,,,39.2,1.088888888888889,1.088888888888889,5,B5+,0.0,0.0,0.0,0.0,17.5,21.0,27.5,197,False,,,,True,
2009,顺义区,raw_snapshot,1.0,RAW_SENSITIVITY,,,39.6,1.1,1.1,1,B1,0.71489,0.786379,1.1,1.0,3.5,5.0,5.5,197,False,,,,True,
2009,顺义区,raw_snapshot,1.0,RAW_SENSITIVITY,,,39.6,1.1,1.1,2,B2,0.26725,0.293975,0.313621,0.28511,7.0,9.0,11.0,197,False,,,,True,
2009,顺义区,raw_snapshot,1.0,RAW_SENSITIVITY,,,39.6,1.1,1.1,3,B3,0.01786,0.019646000000000004,0.019646000000000004,0.01786,10.5,13.0,16.5,197,False,,,,True,
2009,顺义区,raw_snapshot,1.0,RAW_SENSITIVITY,,,39.6,1.1,1.1,4,B4,0.0,0.0,0.0,0.0,14.0,17.0,22.0,197,False,,,,True,
2009,顺义区,raw_snapshot,1.0,RAW_SENSITIVITY,,,39.6,1.1,1.1,5,B5+,0.0,0.0,0.0,0.0,17.5,21.0,27.5,197,False,,,,True,
2010,顺义区,raw_snapshot,1.0,RAW_SENSITIVITY,40.0,40.0,40.0,1.1111111111111112,1.1111111111111112,1,B1,0.71489,0.7943222222222223,1.1111111111111112,1.0,3.5,5.0,5.5,197,False,,,,False,
2010,顺义区,raw_snapshot,1.0,RAW_SENSITIVITY,40.0,40.0,40.0,1.1111111111111112,1.1111111111111112,2,B2,0.26725,0.29694444444444446,0.3167888888888889,0.28511,7.0,9.0,11.0,197,False,,,,False,
2010,顺义区,raw_snapshot,1.0,RAW_SENSITIVITY,40.0,40.0,40.0,1.1111111111111112,1.1111111111111112,3,B3,0.01786,0.019844444444444446,0.019844444444444446,0.01786,10.5,13.0,16.5,197,False,,,,False,
2010,顺义区,raw_snapshot,1.0,RAW_SENSITIVITY,40.0,40.0,40.0,1.1111111111111112,1.1111111111111112,4,B4,0.0,0.0,0.0,0.0,14.0,17.0,22.0,197,False,,,,False,
2010,顺义区,raw_snapshot,1.0,RAW_SENSITIVITY,40.0,40.0,40.0,1.1111111111111112,1.1111111111111112,5,B5+,0.0,0.0,0.0,0.0,17.5,21.0,27.5,197,False,,,,False,
2011,顺义区,raw_snapshot,1.0,RAW_SENSITIVITY,,,40.4,1.1222222222222222,1.1222222222222222,1,B1,0.71489,0.8022654444444445,1.1222222222222222,1.0,3.5,5.0,5.5,197,False,,,,True,
2011,顺义区,raw_snapshot,1.0,RAW_SENSITIVITY,,,40.4,1.1222222222222222,1.1222222222222222,2,B2,0.26725,0.29991388888888887,0.31995677777777776,0.28511,7.0,9.0,11.0,197,False,,,,True,
2011,顺义区,raw_snapshot,1.0,RAW_SENSITIVITY,,,40.4,1.1222222222222222,1.1222222222222222,3,B3,0.01786,0.02004288888888889,0.02004288888888889,0.01786,10.5,13.0,16.5,197,False,,,,True,
2011,顺义区,raw_snapshot,1.0,RAW_SENSITIVITY,,,40.4,1.1222222222222222,1.1222222222222222,4,B4,0.0,0.0,0.0,0.0,14.0,17.0,22.0,197,False,,,,True,
2011,顺义区,raw_snapshot,1.0,RAW_SENSITIVITY,,,40.4,1.1222222222222222,1.1222222222222222,5,B5+,0.0,0.0,0.0,0.0,17.5,21.0,27.5,197,False,,,,True,
2012,顺义区,raw_snapshot,1.0,RAW_SENSITIVITY,,,40.8,1.1333333333333333,1.1333333333333333,1,B1,0.71489,0.8102086666666667,1.1333333333333333,1.0,3.5,5.0,5.5,197,False,,,,True,
2012,顺义区,raw_snapshot,1.0,RAW_SENSITIVITY,,,40.8,1.1333333333333333,1.1333333333333333,2,B2,0.26725,0.30288333333333334,0.3231246666666666,0.28511,7.0,9.0,11.0,197,False,,,,True,
2012,顺义区,raw_snapshot,1.0,RAW_SENSITIVITY,,,40.8,1.1333333333333333,1.1333333333333333,3,B3,0.01786,0.020241333333333333,0.020241333333333333,0.01786,10.5,13.0,16.5,197,False,,,,True,
2012,顺义区,raw_snapshot,1.0,RAW_SENSITIVITY,,,40.8,1.1333333333333333,1.1333333333333333,4,B4,0.0,0.0,0.0,0.0,14.0,17.0,22.0,197,False,,,,True,
2012,顺义区,raw_snapshot,1.0,RAW_SENSITIVITY,,,40.8,1.1333333333333333,1.1333333333333333,5,B5+,0.0,0.0,0.0,0.0,17.5,21.0,27.5,197,False,,,,True,
2013,顺义区,raw_snapshot,1.0,RAW_SENSITIVITY,,,41.2,1.1444444444444446,1.1444444444444446,1,B1,0.71489,0.818151888888889,1.1444444444444446,1.0,3.5,5.0,5.5,197,False,,,,True,
2013,顺义区,raw_snapshot,1.0,RAW_SENSITIVITY,,,41.2,1.1444444444444446,1.1444444444444446,2,B2,0.26725,0.3058527777777778,0.3262925555555556,0.28511,7.0,9.0,11.0,197,False,,,,True,
2013,顺义区,raw_snapshot,1.0,RAW_SENSITIVITY,,,41.2,1.1444444444444446,1.1444444444444446,3,B3,0.01786,0.020439777777777782,0.020439777777777782,0.01786,10.5,13.0,16.5,197,False,,,,True,
2013,顺义区,raw_snapshot,1.0,RAW_SENSITIVITY,,,41.2,1.1444444444444446,1.1444444444444446,4,B4,0.0,0.0,0.0,0.0,14.0,17.0,22.0,197,False,,,,True,
2013,顺义区,raw_snapshot,1.0,RAW_SENSITIVITY,,,41.2,1.1444444444444446,1.1444444444444446,5,B5+,0.0,0.0,0.0,0.0,17.5,21.0,27.5,197,False,,,,True,
2014,顺义区,raw_snapshot,1.0,RAW_SENSITIVITY,,,41.6,1.1555555555555557,1.1555555555555557,1,B1,0.71489,0.8260951111111112,1.1555555555555557,1.0,3.5,5.0,5.5,197,False,,,,True,
2014,顺义区,raw_snapshot,1.0,RAW_SENSITIVITY,,,41.6,1.1555555555555557,1.1555555555555557,2,B2,0.26725,0.3088222222222222,0.32946044444444444,0.28511,7.0,9.0,11.0,197,False,,,,True,
2014,顺义区,raw_snapshot,1.0,RAW_SENSITIVITY,,,41.6,1.1555555555555557,1.1555555555555557,3,B3,0.01786,0.020638222222222224,0.020638222222222224,0.01786,10.5,13.0,16.5,197,False,,,,True,
2014,顺义区,raw_snapshot,1.0,RAW_SENSITIVITY,,,41.6,1.1555555555555557,1.1555555555555557,4,B4,0.0,0.0,0.0,0.0,14.0,17.0,22.0,197,False,,,,True,
2014,顺义区,raw_snapshot,1.0,RAW_SENSITIVITY,,,41.6,1.1555555555555557,1.1555555555555557,5,B5+,0.0,0.0,0.0,0.0,17.5,21.0,27.5,197,False,,,,True,
2015,顺义区,raw_snapshot,1.0,RAW_SENSITIVITY,42.0,42.0,42.0,1.1666666666666667,1.1666666666666667,1,B1,0.71489,0.8340383333333334,1.1666666666666667,1.0,3.5,5.0,5.5,197,False,,,,False,
2015,顺义区,raw_snapshot,1.0,RAW_SENSITIVITY,42.0,42.0,42.0,1.1666666666666667,1.1666666666666667,2,B2,0.26725,0.3117916666666667,0.3326283333333333,0.28511,7.0,9.0,11.0,197,False,,,,False,
2015,顺义区,raw_snapshot,1.0,RAW_SENSITIVITY,42.0,42.0,42.0,1.1666666666666667,1.1666666666666667,3,B3,0.01786,0.02083666666666667,0.02083666666666667,0.01786,10.5,13.0,16.5,197,False,,,,False,
2015,顺义区,raw_snapshot,1.0,RAW_SENSITIVITY,42.0,42.0,42.0,1.1666666666666667,1.1666666666666667,4,B4,0.0,0.0,0.0,0.0,14.0,17.0,22.0,197,False,,,,False,
2015,顺义区,raw_snapshot,1.0,RAW_SENSITIVITY,42.0,42.0,42.0,1.1666666666666667,1.1666666666666667,5,B5+,0.0,0.0,0.0,0.0,17.5,21.0,27.5,197,False,,,,False,
2016,顺义区,raw_snapshot,1.0,RAW_SENSITIVITY,,,40.8,1.1333333333333333,1.1333333333333333,1,B1,0.71489,0.8102086666666667,1.1333333333333333,1.0,3.5,5.0,5.5,197,False,,,,True,
2016,顺义区,raw_snapshot,1.0,RAW_SENSITIVITY,,,40.8,1.1333333333333333,1.1333333333333333,2,B2,0.26725,0.30288333333333334,0.3231246666666666,0.28511,7.0,9.0,11.0,197,False,,,,True,
2016,顺义区,raw_snapshot,1.0,RAW_SENSITIVITY,,,40.8,1.1333333333333333,1.1333333333333333,3,B3,0.01786,0.020241333333333333,0.020241333333333333,0.01786,10.5,13.0,16.5,197,False,,,,True,
2016,顺义区,raw_snapshot,1.0,RAW_SENSITIVITY,,,40.8,1.1333333333333333,1.1333333333333333,4,B4,0.0,0.0,0.0,0.0,14.0,17.0,22.0,197,False,,,,True,
2016,顺义区,raw_snapshot,1.0,RAW_SENSITIVITY,,,40.8,1.1333333333333333,1.1333333333333333,5,B5+,0.0,0.0,0.0,0.0,17.5,21.0,27.5,197,False,,,,True,
2017,顺义区,raw_snapshot,1.0,RAW_SENSITIVITY,,,39.6,1.1,1.1,1,B1,0.71489,0.786379,1.1,1.0,3.5,5.0,5.5,197,False,,,,True,
2017,顺义区,raw_snapshot,1.0,RAW_SENSITIVITY,,,39.6,1.1,1.1,2,B2,0.26725,0.293975,0.313621,0.28511,7.0,9.0,11.0,197,False,,,,True,
2017,顺义区,raw_snapshot,1.0,RAW_SENSITIVITY,,,39.6,1.1,1.1,3,B3,0.01786,0.019646000000000004,0.019646000000000004,0.01786,10.5,13.0,16.5,197,False,,,,True,
2017,顺义区,raw_snapshot,1.0,RAW_SENSITIVITY,,,39.6,1.1,1.1,4,B4,0.0,0.0,0.0,0.0,14.0,17.0,22.0,197,False,,,,True,
2017,顺义区,raw_snapshot,1.0,RAW_SENSITIVITY,,,39.6,1.1,1.1,5,B5+,0.0,0.0,0.0,0.0,17.5,21.0,27.5,197,False,,,,True,
2018,顺义区,raw_snapshot,1.0,RAW_SENSITIVITY,,,38.4,1.0666666666666667,1.0666666666666667,1,B1,0.71489,0.7625493333333333,1.0666666666666667,1.0,3.5,5.0,5.5,197,False,,,,True,
2018,顺义区,raw_snapshot,1.0,RAW_SENSITIVITY,,,38.4,1.0666666666666667,1.0666666666666667,2,B2,0.26725,0.28506666666666663,0.3041173333333333,0.28511,7.0,9.0,11.0,197,False,,,,True,
2018,顺义区,raw_snapshot,1.0,RAW_SENSITIVITY,,,38.4,1.0666666666666667,1.0666666666666667,3,B3,0.01786,0.019050666666666667,0.019050666666666667,0.01786,10.5,13.0,16.5,197,False,,,,True,
2018,顺义区,raw_snapshot,1.0,RAW_SENSITIVITY,,,38.4,1.0666666666666667,1.0666666666666667,4,B4,0.0,0.0,0.0,0.0,14.0,17.0,22.0,197,False,,,,True,
2018,顺义区,raw_snapshot,1.0,RAW_SENSITIVITY,,,38.4,1.0666666666666667,1.0666666666666667,5,B5+,0.0,0.0,0.0,0.0,17.5,21.0,27.5,197,False,,,,True,
2019,顺义区,raw_snapshot,1.0,RAW_SENSITIVITY,,,37.2,1.0333333333333334,1.0333333333333334,1,B1,0.71489,0.7387196666666668,1.0333333333333334,1.0,3.5,5.0,5.5,197,False,,,,True,
2019,顺义区,raw_snapshot,1.0,RAW_SENSITIVITY,,,37.2,1.0333333333333334,1.0333333333333334,2,B2,0.26725,0.27615833333333334,0.29461366666666666,0.28511,7.0,9.0,11.0,197,False,,,,True,
2019,顺义区,raw_snapshot,1.0,RAW_SENSITIVITY,,,37.2,1.0333333333333334,1.0333333333333334,3,B3,0.01786,0.018455333333333337,0.018455333333333337,0.01786,10.5,13.0,16.5,197,False,,,,True,
2019,顺义区,raw_snapshot,1.0,RAW_SENSITIVITY,,,37.2,1.0333333333333334,1.0333333333333334,4,B4,0.0,0.0,0.0,0.0,14.0,17.0,22.0,197,False,,,,True,
2019,顺义区,raw_snapshot,1.0,RAW_SENSITIVITY,,,37.2,1.0333333333333334,1.0333333333333334,5,B5+,0.0,0.0,0.0,0.0,17.5,21.0,27.5,197,False,,,,True,
2020,顺义区,raw_snapshot,1.0,RAW_SENSITIVITY,36.0,42.0,36.0,1.0,1.0,1,B1,0.71489,0.71489,1.0,1.0,3.5,5.0,5.5,197,False,,,,False,
2020,顺义区,raw_snapshot,1.0,RAW_SENSITIVITY,36.0,42.0,36.0,1.0,1.0,2,B2,0.26725,0.26725,0.28511,0.28511,7.0,9.0,11.0,197,False,,,,False,
2020,顺义区,raw_snapshot,1.0,RAW_SENSITIVITY,36.0,42.0,36.0,1.0,1.0,3,B3,0.01786,0.01786,0.01786,0.01786,10.5,13.0,16.5,197,False,,,,False,
2020,顺义区,raw_snapshot,1.0,RAW_SENSITIVITY,36.0,42.0,36.0,1.0,1.0,4,B4,0.0,0.0,0.0,0.0,14.0,17.0,22.0,197,False,,,,False,
2020,顺义区,raw_snapshot,1.0,RAW_SENSITIVITY,36.0,42.0,36.0,1.0,1.0,5,B5+,0.0,0.0,0.0,0.0,17.5,21.0,27.5,197,False,,,,False,
