year_month,district,depth_mean_m,depth_median_m,depth_min_m,depth_max_m,depth_std_m,n_periods,first_observation_date,last_observation_date,source_support,qc_flag
2019-09,东城,,,,,,0,,,missing,
2019-09,西城,,,,,,0,,,missing,
2019-09,朝阳,31.73,31.73,31.73,31.73,0.0,1,2019-09-01,2019-09-01,single_period,
2019-09,海淀,27.49,27.49,27.49,27.49,0.0,1,2019-09-01,2019-09-01,single_period,
2019-09,丰台,21.6,21.6,21.6,21.6,0.0,1,2019-09-01,2019-09-01,single_period,
2019-09,石景山,23.63,23.63,23.63,23.63,0.0,1,2019-09-01,2019-09-01,single_period,
2019-09,门头沟,35.87,35.87,35.87,35.87,0.0,1,2019-09-01,2019-09-01,single_period,
2019-09,房山,10.38,10.38,10.38,10.38,0.0,1,2019-09-01,2019-09-01,single_period,
2019-09,通州,9.98,9.98,9.98,9.98,0.0,1,2019-09-01,2019-09-01,single_period,
2019-09,顺义,32.7,32.7,32.7,32.7,0.0,1,2019-09-01,2019-09-01,single_period,
2019-09,昌平,29.25,29.25,29.25,29.25,0.0,1,2019-09-01,2019-09-01,single_period,
2019-09,大兴,18.53,18.53,18.53,18.53,0.0,1,2019-09-01,2019-09-01,single_period,
2019-09,怀柔,16.82,16.82,16.82,16.82,0.0,1,2019-09-01,2019-09-01,single_period,
2019-09,平谷,30.49,30.49,30.49,30.49,0.0,1,2019-09-01,2019-09-01,single_period,
2019-09,密云,24.05,24.05,24.05,24.05,0.0,1,2019-09-01,2019-09-01,single_period,
2019-09,延庆,11.26,11.26,11.26,11.26,0.0,1,2019-09-01,2019-09-01,single_period,
2019-10,东城,,,,,,0,,,missing,
2019-10,西城,,,,,,0,,,missing,
2019-10,朝阳,31.39,31.39,31.39,31.39,0.0,1,2019-10-01,2019-10-01,single_period,
2019-10,海淀,26.58,26.58,26.58,26.58,0.0,1,2019-10-01,2019-10-01,single_period,
2019-10,丰台,21.61,21.61,21.61,21.61,0.0,1,2019-10-01,2019-10-01,single_period,
2019-10,石景山,23.42,23.42,23.42,23.42,0.0,1,2019-10-01,2019-10-01,single_period,
2019-10,门头沟,36.41,36.41,36.41,36.41,0.0,1,2019-10-01,2019-10-01,single_period,
2019-10,房山,10.21,10.21,10.21,10.21,0.0,1,2019-10-01,2019-10-01,single_period,
2019-10,通州,9.62,9.62,9.62,9.62,0.0,1,2019-10-01,2019-10-01,single_period,
2019-10,顺义,31.81,31.81,31.81,31.81,0.0,1,2019-10-01,2019-10-01,single_period,
2019-10,昌平,29.11,29.11,29.11,29.11,0.0,1,2019-10-01,2019-10-01,single_period,
2019-10,大兴,18.2,18.2,18.2,18.2,0.0,1,2019-10-01,2019-10-01,single_period,
2019-10,怀柔,16.76,16.76,16.76,16.76,0.0,1,2019-10-01,2019-10-01,single_period,
2019-10,平谷,29.98,29.98,29.98,29.98,0.0,1,2019-10-01,2019-10-01,single_period,
2019-10,密云,23.94,23.94,23.94,23.94,0.0,1,2019-10-01,2019-10-01,single_period,
2019-10,延庆,10.23,10.23,10.23,10.23,0.0,1,2019-10-01,2019-10-01,single_period,
2019-11,东城,,,,,,0,,,missing,
2019-11,西城,,,,,,0,,,missing,
2019-11,朝阳,31.06,31.06,31.06,31.06,0.0,1,2019-11-28,2019-11-28,single_period,
2019-11,海淀,26.0,26.0,26.0,26.0,0.0,1,2019-11-28,2019-11-28,single_period,
2019-11,丰台,21.62,21.62,21.62,21.62,0.0,1,2019-11-28,2019-11-28,single_period,
2019-11,石景山,23.29,23.29,23.29,23.29,0.0,1,2019-11-28,2019-11-28,single_period,
2019-11,门头沟,36.93,36.93,36.93,36.93,0.0,1,2019-11-28,2019-11-28,single_period,
2019-11,房山,9.99,9.99,9.99,9.99,0.0,1,2019-11-28,2019-11-28,single_period,
2019-11,通州,9.29,9.29,9.29,9.29,0.0,1,2019-11-28,2019-11-28,single_period,
2019-11,顺义,30.74,30.74,30.74,30.74,0.0,1,2019-11-28,2019-11-28,single_period,
2019-11,昌平,28.61,28.61,28.61,28.61,0.0,1,2019-11-28,2019-11-28,single_period,
2019-11,大兴,17.94,17.94,17.94,17.94,0.0,1,2019-11-28,2019-11-28,single_period,
2019-11,怀柔,17.18,17.18,17.18,17.18,0.0,1,2019-11-28,2019-11-28,single_period,
2019-11,平谷,29.64,29.64,29.64,29.64,0.0,1,2019-11-28,2019-11-28,single_period,
2019-11,密云,24.06,24.06,24.06,24.06,0.0,1,2019-11-28,2019-11-28,single_period,
2019-11,延庆,9.85,9.85,9.85,9.85,0.0,1,2019-11-28,2019-11-28,single_period,
2019-12,东城,,,,,,0,,,missing,
2019-12,西城,,,,,,0,,,missing,
2019-12,朝阳,31.34,31.34,31.34,31.34,0.0,1,2019-12-01,2019-12-01,single_period,
2019-12,海淀,25.75,25.75,25.75,25.75,0.0,1,2019-12-01,2019-12-01,single_period,
2019-12,丰台,21.68,21.68,21.68,21.68,0.0,1,2019-12-01,2019-12-01,single_period,
2019-12,石景山,23.21,23.21,23.21,23.21,0.0,1,2019-12-01,2019-12-01,single_period,
2019-12,门头沟,37.47,37.47,37.47,37.47,0.0,1,2019-12-01,2019-12-01,single_period,
2019-12,房山,10.18,10.18,10.18,10.18,0.0,1,2019-12-01,2019-12-01,single_period,
2019-12,通州,9.56,9.56,9.56,9.56,0.0,1,2019-12-01,2019-12-01,single_period,
2019-12,顺义,30.95,30.95,30.95,30.95,0.0,1,2019-12-01,2019-12-01,single_period,
2019-12,昌平,28.68,28.68,28.68,28.68,0.0,1,2019-12-01,2019-12-01,single_period,
2019-12,大兴,17.9,17.9,17.9,17.9,0.0,1,2019-12-01,2019-12-01,single_period,
2019-12,怀柔,17.48,17.48,17.48,17.48,0.0,1,2019-12-01,2019-12-01,single_period,
2019-12,平谷,30.85,30.85,30.85,30.85,0.0,1,2019-12-01,2019-12-01,single_period,
2019-12,密云,24.38,24.38,24.38,24.38,0.0,1,2019-12-01,2019-12-01,single_period,
2019-12,延庆,9.11,9.11,9.11,9.11,0.0,1,2019-12-01,2019-12-01,single_period,
2020-01,东城,,,,,,0,,,missing,
2020-01,西城,,,,,,0,,,missing,
2020-01,朝阳,31.11,31.11,31.11,31.11,0.0,1,2020-01-01,2020-01-01,single_period,
2020-01,海淀,25.57,25.57,25.57,25.57,0.0,1,2020-01-01,2020-01-01,single_period,
2020-01,丰台,21.76,21.76,21.76,21.76,0.0,1,2020-01-01,2020-01-01,single_period,
2020-01,石景山,23.55,23.55,23.55,23.55,0.0,1,2020-01-01,2020-01-01,single_period,
2020-01,门头沟,38.29,38.29,38.29,38.29,0.0,1,2020-01-01,2020-01-01,single_period,
2020-01,房山,10.05,10.05,10.05,10.05,0.0,1,2020-01-01,2020-01-01,single_period,
2020-01,通州,9.02,9.02,9.02,9.02,0.0,1,2020-01-01,2020-01-01,single_period,
2020-01,顺义,29.98,29.98,29.98,29.98,0.0,1,2020-01-01,2020-01-01,single_period,
2020-01,昌平,28.22,28.22,28.22,28.22,0.0,1,2020-01-01,2020-01-01,single_period,
2020-01,大兴,17.26,17.26,17.26,17.26,0.0,1,2020-01-01,2020-01-01,single_period,
2020-01,怀柔,17.73,17.73,17.73,17.73,0.0,1,2020-01-01,2020-01-01,single_period,
2020-01,平谷,30.8,30.8,30.8,30.8,0.0,1,2020-01-01,2020-01-01,single_period,
2020-01,密云,24.36,24.36,24.36,24.36,0.0,1,2020-01-01,2020-01-01,single_period,
2020-01,延庆,8.56,8.56,8.56,8.56,0.0,1,2020-01-01,2020-01-01,single_period,
2020-02,东城,,,,,,0,,,missing,
2020-02,西城,,,,,,0,,,missing,
2020-02,朝阳,30.56,30.56,30.56,30.56,0.0,1,2020-02-01,2020-02-01,single_period,
2020-02,海淀,24.65,24.65,24.65,24.65,0.0,1,2020-02-01,2020-02-01,single_period,
2020-02,丰台,21.71,21.71,21.71,21.71,0.0,1,2020-02-01,2020-02-01,single_period,
2020-02,石景山,24.05,24.05,24.05,24.05,0.0,1,2020-02-01,2020-02-01,single_period,
2020-02,门头沟,39.19,39.19,39.19,39.19,0.0,1,2020-02-01,2020-02-01,single_period,
2020-02,房山,9.97,9.97,9.97,9.97,0.0,1,2020-02-01,2020-02-01,single_period,
2020-02,通州,8.86,8.86,8.86,8.86,0.0,1,2020-02-01,2020-02-01,single_period,
2020-02,顺义,29.37,29.37,29.37,29.37,0.0,1,2020-02-01,2020-02-01,single_period,
2020-02,昌平,27.65,27.65,27.65,27.65,0.0,1,2020-02-01,2020-02-01,single_period,
2020-02,大兴,16.89,16.89,16.89,16.89,0.0,1,2020-02-01,2020-02-01,single_period,
2020-02,怀柔,17.88,17.88,17.88,17.88,0.0,1,2020-02-01,2020-02-01,single_period,
2020-02,平谷,30.7,30.7,30.7,30.7,0.0,1,2020-02-01,2020-02-01,single_period,
2020-02,密云,24.51,24.51,24.51,24.51,0.0,1,2020-02-01,2020-02-01,single_period,
2020-02,延庆,8.37,8.37,8.37,8.37,0.0,1,2020-02-01,2020-02-01,single_period,
2020-03,东城,,,,,,0,,,missing,
2020-03,西城,,,,,,0,,,missing,
2020-03,朝阳,30.19,30.19,30.19,30.19,0.0,1,2020-03-01,2020-03-01,single_period,
2020-03,海淀,24.39,24.39,24.39,24.39,0.0,1,2020-03-01,2020-03-01,single_period,
2020-03,丰台,21.74,21.74,21.74,21.74,0.0,1,2020-03-01,2020-03-01,single_period,
2020-03,石景山,23.91,23.91,23.91,23.91,0.0,1,2020-03-01,2020-03-01,single_period,
2020-03,门头沟,40.0,40.0,40.0,40.0,0.0,1,2020-03-01,2020-03-01,single_period,
2020-03,房山,9.71,9.71,9.71,9.71,0.0,1,2020-03-01,2020-03-01,single_period,
2020-03,通州,8.78,8.78,8.78,8.78,0.0,1,2020-03-01,2020-03-01,single_period,
2020-03,顺义,28.85,28.85,28.85,28.85,0.0,1,2020-03-01,2020-03-01,single_period,
2020-03,昌平,27.34,27.34,27.34,27.34,0.0,1,2020-03-01,2020-03-01,single_period,
2020-03,大兴,16.74,16.74,16.74,16.74,0.0,1,2020-03-01,2020-03-01,single_period,
2020-03,怀柔,17.91,17.91,17.91,17.91,0.0,1,2020-03-01,2020-03-01,single_period,
2020-03,平谷,30.48,30.48,30.48,30.48,0.0,1,2020-03-01,2020-03-01,single_period,
2020-03,密云,24.6,24.6,24.6,24.6,0.0,1,2020-03-01,2020-03-01,single_period,
2020-03,延庆,8.16,8.16,8.16,8.16,0.0,1,2020-03-01,2020-03-01,single_period,
2020-04,东城,,,,,,0,,,missing,
2020-04,西城,,,,,,0,,,missing,
2020-04,朝阳,30.33,30.33,30.33,30.33,0.0,1,2020-04-01,2020-04-01,single_period,
2020-04,海淀,24.88,24.88,24.88,24.88,0.0,1,2020-04-01,2020-04-01,single_period,
2020-04,丰台,21.87,21.87,21.87,21.87,0.0,1,2020-04-01,2020-04-01,single_period,
2020-04,石景山,23.95,23.95,23.95,23.95,0.0,1,2020-04-01,2020-04-01,single_period,
2020-04,门头沟,40.86,40.86,40.86,40.86,0.0,1,2020-04-01,2020-04-01,single_period,
2020-04,房山,10.1,10.1,10.1,10.1,0.0,1,2020-04-01,2020-04-01,single_period,
2020-04,通州,9.65,9.65,9.65,9.65,0.0,1,2020-04-01,2020-04-01,single_period,
2020-04,顺义,29.86,29.86,29.86,29.86,0.0,1,2020-04-01,2020-04-01,single_period,
2020-04,昌平,27.77,27.77,27.77,27.77,0.0,1,2020-04-01,2020-04-01,single_period,
2020-04,大兴,17.58,17.58,17.58,17.58,0.0,1,2020-04-01,2020-04-01,single_period,
2020-04,怀柔,19.78,19.78,19.78,19.78,0.0,1,2020-04-01,2020-04-01,single_period,
2020-04,平谷,31.11,31.11,31.11,31.11,0.0,1,2020-04-01,2020-04-01,single_period,
2020-04,密云,24.82,24.82,24.82,24.82,0.0,1,2020-04-01,2020-04-01,single_period,
2020-04,延庆,8.35,8.35,8.35,8.35,0.0,1,2020-04-01,2020-04-01,single_period,
2020-05,东城,,,,,,0,,,missing,
2020-05,西城,,,,,,0,,,missing,
2020-05,朝阳,30.41,30.41,30.41,30.41,0.0,1,2020-05-01,2020-05-01,single_period,
2020-05,海淀,25.6,25.6,25.6,25.6,0.0,1,2020-05-01,2020-05-01,single_period,
2020-05,丰台,21.98,21.98,21.98,21.98,0.0,1,2020-05-01,2020-05-01,single_period,
2020-05,石景山,24.23,24.23,24.23,24.23,0.0,1,2020-05-01,2020-05-01,single_period,
2020-05,门头沟,41.16,41.16,41.16,41.16,0.0,1,2020-05-01,2020-05-01,single_period,
2020-05,房山,10.7,10.7,10.7,10.7,0.0,1,2020-05-01,2020-05-01,single_period,
2020-05,通州,10.27,10.27,10.27,10.27,0.0,1,2020-05-01,2020-05-01,single_period,
2020-05,顺义,31.2,31.2,31.2,31.2,0.0,1,2020-05-01,2020-05-01,single_period,
2020-05,昌平,28.66,28.66,28.66,28.66,0.0,1,2020-05-01,2020-05-01,single_period,
2020-05,大兴,18.2,18.2,18.2,18.2,0.0,1,2020-05-01,2020-05-01,single_period,
2020-05,怀柔,19.97,19.97,19.97,19.97,0.0,1,2020-05-01,2020-05-01,single_period,
2020-05,平谷,32.46,32.46,32.46,32.46,0.0,1,2020-05-01,2020-05-01,single_period,
2020-05,密云,24.85,24.85,24.85,24.85,0.0,1,2020-05-01,2020-05-01,single_period,
2020-05,延庆,10.4,10.4,10.4,10.4,0.0,1,2020-05-01,2020-05-01,single_period,
2020-06,东城,,,,,,0,,,missing,
2020-06,西城,,,,,,0,,,missing,
2020-06,朝阳,30.49,30.49,30.49,30.49,0.0,1,2020-06-01,2020-06-01,single_period,
2020-06,海淀,25.56,25.56,25.56,25.56,0.0,1,2020-06-01,2020-06-01,single_period,
2020-06,丰台,20.73,20.73,20.73,20.73,0.0,1,2020-06-01,2020-06-01,single_period,
2020-06,石景山,24.13,24.13,24.13,24.13,0.0,1,2020-06-01,2020-06-01,single_period,
2020-06,门头沟,38.06,38.06,38.06,38.06,0.0,1,2020-06-01,2020-06-01,single_period,
2020-06,房山,11.09,11.09,11.09,11.09,0.0,1,2020-06-01,2020-06-01,single_period,
2020-06,通州,10.08,10.08,10.08,10.08,0.0,1,2020-06-01,2020-06-01,single_period,
2020-06,顺义,31.11,31.11,31.11,31.11,0.0,1,2020-06-01,2020-06-01,single_period,
2020-06,昌平,28.99,28.99,28.99,28.99,0.0,1,2020-06-01,2020-06-01,single_period,
2020-06,大兴,18.13,18.13,18.13,18.13,0.0,1,2020-06-01,2020-06-01,single_period,
2020-06,怀柔,20.28,20.28,20.28,20.28,0.0,1,2020-06-01,2020-06-01,single_period,
2020-06,平谷,33.18,33.18,33.18,33.18,0.0,1,2020-06-01,2020-06-01,single_period,
2020-06,密云,25.01,25.01,25.01,25.01,0.0,1,2020-06-01,2020-06-01,single_period,
2020-06,延庆,9.92,9.92,9.92,9.92,0.0,1,2020-06-01,2020-06-01,single_period,
2020-07,东城,,,,,,0,,,missing,
2020-07,西城,,,,,,0,,,missing,
2020-07,朝阳,31.06,31.06,30.88,31.24,0.2545584412271567,2,2020-07-01,2020-07-28,two_periods,
2020-07,海淀,26.415,26.415,25.78,27.05,0.898025612106915,2,2020-07-01,2020-07-28,two_periods,
2020-07,丰台,20.560000000000002,20.560000000000002,20.5,20.62,0.0848528137423864,2,2020-07-01,2020-07-28,two_periods,
2020-07,石景山,30.134999999999998,30.134999999999998,23.72,36.55,9.072180002623403,2,2020-07-01,2020-07-28,two_periods,
2020-07,门头沟,38.43,38.43,38.43,38.43,0.0,2,2020-07-01,2020-07-28,two_periods,
2020-07,房山,11.09,11.09,10.45,11.73,0.9050966799187816,2,2020-07-01,2020-07-28,two_periods,
2020-07,通州,9.875,9.875,8.66,11.09,1.7182694782833103,2,2020-07-01,2020-07-28,two_periods,
2020-07,顺义,31.89,31.89,31.25,32.53,0.9050966799187816,2,2020-07-01,2020-07-28,two_periods,
2020-07,昌平,28.93,28.93,28.22,29.64,1.0040916292848987,2,2020-07-01,2020-07-28,two_periods,
2020-07,大兴,18.36,18.36,18.28,18.44,0.1131370849898477,2,2020-07-01,2020-07-28,two_periods,
2020-07,怀柔,18.54,18.54,16.41,20.67,3.0122748878546934,2,2020-07-01,2020-07-28,two_periods,
2020-07,平谷,36.14,36.14,35.04,37.24,1.5556349186104066,2,2020-07-01,2020-07-28,two_periods,
2020-07,密云,25.035,25.035,24.9,25.17,0.19091883092037004,2,2020-07-01,2020-07-28,two_periods,
2020-07,延庆,9.715,9.715,8.87,10.56,1.1950104602052662,2,2020-07-01,2020-07-28,two_periods,
2020-08,东城,25.28,25.28,25.28,25.28,0.0,1,2020-08-28,2020-08-28,single_period,
2020-08,西城,25.79,25.79,25.79,25.79,0.0,1,2020-08-28,2020-08-28,single_period,
2020-08,朝阳,30.9,30.9,30.9,30.9,0.0,1,2020-08-28,2020-08-28,single_period,
2020-08,海淀,26.52,26.52,26.52,26.52,0.0,1,2020-08-28,2020-08-28,single_period,
2020-08,丰台,20.29,20.29,20.29,20.29,0.0,1,2020-08-28,2020-08-28,single_period,
2020-08,石景山,36.84,36.84,36.84,36.84,0.0,1,2020-08-28,2020-08-28,single_period,
2020-08,门头沟,38.2,38.2,38.2,38.2,0.0,1,2020-08-28,2020-08-28,single_period,
2020-08,房山,9.38,9.38,9.38,9.38,0.0,1,2020-08-28,2020-08-28,single_period,
2020-08,通州,7.6,7.6,7.6,7.6,0.0,1,2020-08-28,2020-08-28,single_period,
2020-08,顺义,30.58,30.58,30.58,30.58,0.0,1,2020-08-28,2020-08-28,single_period,
2020-08,昌平,27.68,27.68,27.68,27.68,0.0,1,2020-08-28,2020-08-28,single_period,
2020-08,大兴,17.43,17.43,17.43,17.43,0.0,1,2020-08-28,2020-08-28,single_period,
2020-08,怀柔,16.33,16.33,16.33,16.33,0.0,1,2020-08-28,2020-08-28,single_period,
2020-08,平谷,36.41,36.41,36.41,36.41,0.0,1,2020-08-28,2020-08-28,single_period,
2020-08,密云,24.8,24.8,24.8,24.8,0.0,1,2020-08-28,2020-08-28,single_period,
2020-08,延庆,8.51,8.51,8.51,8.51,0.0,1,2020-08-28,2020-08-28,single_period,
2020-09,东城,25.03,25.03,25.03,25.03,0.0,1,2020-09-28,2020-09-28,single_period,
2020-09,西城,25.6,25.6,25.6,25.6,0.0,1,2020-09-28,2020-09-28,single_period,
2020-09,朝阳,30.89,30.89,30.89,30.89,0.0,1,2020-09-28,2020-09-28,single_period,
2020-09,海淀,26.38,26.38,26.38,26.38,0.0,1,2020-09-28,2020-09-28,single_period,
2020-09,丰台,20.11,20.11,20.11,20.11,0.0,1,2020-09-28,2020-09-28,single_period,
2020-09,石景山,36.65,36.65,36.65,36.65,0.0,1,2020-09-28,2020-09-28,single_period,
2020-09,门头沟,37.75,37.75,37.75,37.75,0.0,1,2020-09-28,2020-09-28,single_period,
2020-09,房山,9.39,9.39,9.39,9.39,0.0,1,2020-09-28,2020-09-28,single_period,
2020-09,通州,7.52,7.52,7.52,7.52,0.0,1,2020-09-28,2020-09-28,single_period,
2020-09,顺义,30.57,30.57,30.57,30.57,0.0,1,2020-09-28,2020-09-28,single_period,
2020-09,昌平,27.89,27.89,27.89,27.89,0.0,1,2020-09-28,2020-09-28,single_period,
2020-09,大兴,17.4,17.4,17.4,17.4,0.0,1,2020-09-28,2020-09-28,single_period,
2020-09,怀柔,16.27,16.27,16.27,16.27,0.0,1,2020-09-28,2020-09-28,single_period,
2020-09,平谷,36.53,36.53,36.53,36.53,0.0,1,2020-09-28,2020-09-28,single_period,
2020-09,密云,24.44,24.44,24.44,24.44,0.0,1,2020-09-28,2020-09-28,single_period,
2020-09,延庆,8.04,8.04,8.04,8.04,0.0,1,2020-09-28,2020-09-28,single_period,
2020-10,东城,24.89,24.89,24.89,24.89,0.0,1,2020-10-28,2020-10-28,single_period,
2020-10,西城,25.15,25.15,25.15,25.15,0.0,1,2020-10-28,2020-10-28,single_period,
2020-10,朝阳,30.53,30.53,30.53,30.53,0.0,1,2020-10-28,2020-10-28,single_period,
2020-10,海淀,26.46,26.46,26.46,26.46,0.0,1,2020-10-28,2020-10-28,single_period,
2020-10,丰台,19.84,19.84,19.84,19.84,0.0,1,2020-10-28,2020-10-28,single_period,
2020-10,石景山,35.83,35.83,35.83,35.83,0.0,1,2020-10-28,2020-10-28,single_period,
2020-10,门头沟,36.74,36.74,36.74,36.74,0.0,1,2020-10-28,2020-10-28,single_period,
2020-10,房山,9.44,9.44,9.44,9.44,0.0,1,2020-10-28,2020-10-28,single_period,
2020-10,通州,7.71,7.71,7.71,7.71,0.0,1,2020-10-28,2020-10-28,single_period,
2020-10,顺义,30.54,30.54,30.54,30.54,0.0,1,2020-10-28,2020-10-28,single_period,
2020-10,昌平,27.75,27.75,27.75,27.75,0.0,1,2020-10-28,2020-10-28,single_period,
2020-10,大兴,17.47,17.47,17.47,17.47,0.0,1,2020-10-28,2020-10-28,single_period,
2020-10,怀柔,16.18,16.18,16.18,16.18,0.0,1,2020-10-28,2020-10-28,single_period,
2020-10,平谷,36.54,36.54,36.54,36.54,0.0,1,2020-10-28,2020-10-28,single_period,
2020-10,密云,24.63,24.63,24.63,24.63,0.0,1,2020-10-28,2020-10-28,single_period,
2020-10,延庆,7.85,7.85,7.85,7.85,0.0,1,2020-10-28,2020-10-28,single_period,
2020-11,东城,24.95,24.95,24.95,24.95,0.0,1,2020-11-28,2020-11-28,single_period,
2020-11,西城,22.55,22.55,22.55,22.55,0.0,1,2020-11-28,2020-11-28,single_period,
2020-11,朝阳,30.5,30.5,30.5,30.5,0.0,1,2020-11-28,2020-11-28,single_period,
2020-11,海淀,26.29,26.29,26.29,26.29,0.0,1,2020-11-28,2020-11-28,single_period,
2020-11,丰台,19.17,19.17,19.17,19.17,0.0,1,2020-11-28,2020-11-28,single_period,
2020-11,石景山,34.99,34.99,34.99,34.99,0.0,1,2020-11-28,2020-11-28,single_period,
2020-11,门头沟,35.62,35.62,35.62,35.62,0.0,1,2020-11-28,2020-11-28,single_period,
2020-11,房山,9.0,9.0,9.0,9.0,0.0,1,2020-11-28,2020-11-28,single_period,
2020-11,通州,7.69,7.69,7.69,7.69,0.0,1,2020-11-28,2020-11-28,single_period,
2020-11,顺义,30.21,30.21,30.21,30.21,0.0,1,2020-11-28,2020-11-28,single_period,
2020-11,昌平,27.47,27.47,27.47,27.47,0.0,1,2020-11-28,2020-11-28,single_period,
2020-11,大兴,17.52,17.52,17.52,17.52,0.0,1,2020-11-28,2020-11-28,single_period,
2020-11,怀柔,16.56,16.56,16.56,16.56,0.0,1,2020-11-28,2020-11-28,single_period,
2020-11,平谷,36.86,36.86,36.86,36.86,0.0,1,2020-11-28,2020-11-28,single_period,
2020-11,密云,24.97,24.97,24.97,24.97,0.0,1,2020-11-28,2020-11-28,single_period,
2020-11,延庆,7.47,7.47,7.47,7.47,0.0,1,2020-11-28,2020-11-28,single_period,
2020-12,东城,24.97,24.97,24.97,24.97,0.0,1,2020-12-28,2020-12-28,single_period,
2020-12,西城,23.03,23.03,23.03,23.03,0.0,1,2020-12-28,2020-12-28,single_period,
2020-12,朝阳,30.15,30.15,30.15,30.15,0.0,1,2020-12-28,2020-12-28,single_period,
2020-12,海淀,26.1,26.1,26.1,26.1,0.0,1,2020-12-28,2020-12-28,single_period,
2020-12,丰台,19.07,19.07,19.07,19.07,0.0,1,2020-12-28,2020-12-28,single_period,
2020-12,石景山,35.2,35.2,35.2,35.2,0.0,1,2020-12-28,2020-12-28,single_period,
2020-12,门头沟,35.79,35.79,35.79,35.79,0.0,1,2020-12-28,2020-12-28,single_period,
2020-12,房山,8.62,8.62,8.62,8.62,0.0,1,2020-12-28,2020-12-28,single_period,
2020-12,通州,7.85,7.85,7.85,7.85,0.0,1,2020-12-28,2020-12-28,single_period,
2020-12,顺义,29.35,29.35,29.35,29.35,0.0,1,2020-12-28,2020-12-28,single_period,
2020-12,昌平,27.06,27.06,27.06,27.06,0.0,1,2020-12-28,2020-12-28,single_period,
2020-12,大兴,16.84,16.84,16.84,16.84,0.0,1,2020-12-28,2020-12-28,single_period,
2020-12,怀柔,16.27,16.27,16.27,16.27,0.0,1,2020-12-28,2020-12-28,single_period,
2020-12,平谷,35.85,35.85,35.85,35.85,0.0,1,2020-12-28,2020-12-28,single_period,
2020-12,密云,25.17,25.17,25.17,25.17,0.0,1,2020-12-28,2020-12-28,single_period,
2020-12,延庆,7.2,7.2,7.2,7.2,0.0,1,2020-12-28,2020-12-28,single_period,
2021-01,东城,24.96,24.96,24.96,24.96,0.0,1,2021-01-28,2021-01-28,single_period,
2021-01,西城,22.48,22.48,22.48,22.48,0.0,1,2021-01-28,2021-01-28,single_period,
2021-01,朝阳,29.97,29.97,29.97,29.97,0.0,1,2021-01-28,2021-01-28,single_period,
2021-01,海淀,25.69,25.69,25.69,25.69,0.0,1,2021-01-28,2021-01-28,single_period,
2021-01,丰台,18.98,18.98,18.98,18.98,0.0,1,2021-01-28,2021-01-28,single_period,
2021-01,石景山,35.2,35.2,35.2,35.2,0.0,1,2021-01-28,2021-01-28,single_period,
2021-01,门头沟,36.65,36.65,36.65,36.65,0.0,1,2021-01-28,2021-01-28,single_period,
2021-01,房山,8.55,8.55,8.55,8.55,0.0,1,2021-01-28,2021-01-28,single_period,
2021-01,通州,7.82,7.82,7.82,7.82,0.0,1,2021-01-28,2021-01-28,single_period,
2021-01,顺义,28.56,28.56,28.56,28.56,0.0,1,2021-01-28,2021-01-28,single_period,
2021-01,昌平,26.78,26.78,26.78,26.78,0.0,1,2021-01-28,2021-01-28,single_period,
2021-01,大兴,16.5,16.5,16.5,16.5,0.0,1,2021-01-28,2021-01-28,single_period,
2021-01,怀柔,16.34,16.34,16.34,16.34,0.0,1,2021-01-28,2021-01-28,single_period,
2021-01,平谷,35.5,35.5,35.5,35.5,0.0,1,2021-01-28,2021-01-28,single_period,
2021-01,密云,25.39,25.39,25.39,25.39,0.0,1,2021-01-28,2021-01-28,single_period,
2021-01,延庆,7.09,7.09,7.09,7.09,0.0,1,2021-01-28,2021-01-28,single_period,
2021-02,东城,24.82,24.82,24.82,24.82,0.0,1,2021-02-28,2021-02-28,single_period,
2021-02,西城,22.09,22.09,22.09,22.09,0.0,1,2021-02-28,2021-02-28,single_period,
2021-02,朝阳,29.75,29.75,29.75,29.75,0.0,1,2021-02-28,2021-02-28,single_period,
2021-02,海淀,25.49,25.49,25.49,25.49,0.0,1,2021-02-28,2021-02-28,single_period,
2021-02,丰台,18.86,18.86,18.86,18.86,0.0,1,2021-02-28,2021-02-28,single_period,
2021-02,石景山,36.19,36.19,36.19,36.19,0.0,1,2021-02-28,2021-02-28,single_period,
2021-02,门头沟,37.33,37.33,37.33,37.33,0.0,1,2021-02-28,2021-02-28,single_period,
2021-02,房山,8.32,8.32,8.32,8.32,0.0,1,2021-02-28,2021-02-28,single_period,
2021-02,通州,7.8,7.8,7.8,7.8,0.0,1,2021-02-28,2021-02-28,single_period,
2021-02,顺义,28.24,28.24,28.24,28.24,0.0,1,2021-02-28,2021-02-28,single_period,
2021-02,昌平,26.49,26.49,26.49,26.49,0.0,1,2021-02-28,2021-02-28,single_period,
2021-02,大兴,16.45,16.45,16.45,16.45,0.0,1,2021-02-28,2021-02-28,single_period,
2021-02,怀柔,16.28,16.28,16.28,16.28,0.0,1,2021-02-28,2021-02-28,single_period,
2021-02,平谷,35.09,35.09,35.09,35.09,0.0,1,2021-02-28,2021-02-28,single_period,
2021-02,密云,25.6,25.6,25.6,25.6,0.0,1,2021-02-28,2021-02-28,single_period,
2021-02,延庆,7.01,7.01,7.01,7.01,0.0,1,2021-02-28,2021-02-28,single_period,
2021-03,东城,24.57,24.57,24.57,24.57,0.0,1,2021-03-28,2021-03-28,single_period,
2021-03,西城,21.71,21.71,21.71,21.71,0.0,1,2021-03-28,2021-03-28,single_period,
2021-03,朝阳,29.54,29.54,29.54,29.54,0.0,1,2021-03-28,2021-03-28,single_period,
2021-03,海淀,25.53,25.53,25.53,25.53,0.0,1,2021-03-28,2021-03-28,single_period,
2021-03,丰台,18.85,18.85,18.85,18.85,0.0,1,2021-03-28,2021-03-28,single_period,
2021-03,石景山,36.5,36.5,36.5,36.5,0.0,1,2021-03-28,2021-03-28,single_period,
2021-03,门头沟,37.67,37.67,37.67,37.67,0.0,1,2021-03-28,2021-03-28,single_period,
2021-03,房山,8.24,8.24,8.24,8.24,0.0,1,2021-03-28,2021-03-28,single_period,
2021-03,通州,8.01,8.01,8.01,8.01,0.0,1,2021-03-28,2021-03-28,single_period,
2021-03,顺义,28.17,28.17,28.17,28.17,0.0,1,2021-03-28,2021-03-28,single_period,
2021-03,昌平,26.73,26.73,26.73,26.73,0.0,1,2021-03-28,2021-03-28,single_period,
2021-03,大兴,16.85,16.85,16.85,16.85,0.0,1,2021-03-28,2021-03-28,single_period,
2021-03,怀柔,16.28,16.28,16.28,16.28,0.0,1,2021-03-28,2021-03-28,single_period,
2021-03,平谷,35.11,35.11,35.11,35.11,0.0,1,2021-03-28,2021-03-28,single_period,
2021-03,密云,25.84,25.84,25.84,25.84,0.0,1,2021-03-28,2021-03-28,single_period,
2021-03,延庆,7.03,7.03,7.03,7.03,0.0,1,2021-03-28,2021-03-28,single_period,
2021-04,东城,24.48,24.48,24.48,24.48,0.0,1,2021-04-28,2021-04-28,single_period,
2021-04,西城,21.58,21.58,21.58,21.58,0.0,1,2021-04-28,2021-04-28,single_period,
2021-04,朝阳,30.11,30.11,30.11,30.11,0.0,1,2021-04-28,2021-04-28,single_period,
2021-04,海淀,26.45,26.45,26.45,26.45,0.0,1,2021-04-28,2021-04-28,single_period,
2021-04,丰台,18.9,18.9,18.9,18.9,0.0,1,2021-04-28,2021-04-28,single_period,
2021-04,石景山,37.03,37.03,37.03,37.03,0.0,1,2021-04-28,2021-04-28,single_period,
2021-04,门头沟,38.22,38.22,38.22,38.22,0.0,1,2021-04-28,2021-04-28,single_period,
2021-04,房山,9.21,9.21,9.21,9.21,0.0,1,2021-04-28,2021-04-28,single_period,
2021-04,通州,8.66,8.66,8.66,8.66,0.0,1,2021-04-28,2021-04-28,single_period,
2021-04,顺义,30.26,30.26,30.26,30.26,0.0,1,2021-04-28,2021-04-28,single_period,
2021-04,昌平,27.78,27.78,27.78,27.78,0.0,1,2021-04-28,2021-04-28,single_period,
2021-04,大兴,17.62,17.62,17.62,17.62,0.0,1,2021-04-28,2021-04-28,single_period,
2021-04,怀柔,16.34,16.34,16.34,16.34,0.0,1,2021-04-28,2021-04-28,single_period,
2021-04,平谷,37.12,37.12,37.12,37.12,0.0,1,2021-04-28,2021-04-28,single_period,
2021-04,密云,26.29,26.29,26.29,26.29,0.0,1,2021-04-28,2021-04-28,single_period,
2021-04,延庆,8.71,8.71,8.71,8.71,0.0,1,2021-04-28,2021-04-28,single_period,
2021-05,东城,25.05,25.05,25.05,25.05,0.0,1,2021-05-28,2021-05-28,single_period,
2021-05,西城,21.86,21.86,21.86,21.86,0.0,1,2021-05-28,2021-05-28,single_period,
2021-05,朝阳,30.45,30.45,30.45,30.45,0.0,1,2021-05-28,2021-05-28,single_period,
2021-05,海淀,26.84,26.84,26.84,26.84,0.0,1,2021-05-28,2021-05-28,single_period,
2021-05,丰台,18.91,18.91,18.91,18.91,0.0,1,2021-05-28,2021-05-28,single_period,
2021-05,石景山,37.03,37.03,37.03,37.03,0.0,1,2021-05-28,2021-05-28,single_period,
2021-05,门头沟,38.31,38.31,38.31,38.31,0.0,1,2021-05-28,2021-05-28,single_period,
2021-05,房山,9.9,9.9,9.9,9.9,0.0,1,2021-05-28,2021-05-28,single_period,
2021-05,通州,9.03,9.03,9.03,9.03,0.0,1,2021-05-28,2021-05-28,single_period,
2021-05,顺义,30.25,30.25,30.25,30.25,0.0,1,2021-05-28,2021-05-28,single_period,
2021-05,昌平,28.44,28.44,28.44,28.44,0.0,1,2021-05-28,2021-05-28,single_period,
2021-05,大兴,18.45,18.45,18.45,18.45,0.0,1,2021-05-28,2021-05-28,single_period,
2021-05,怀柔,15.45,15.45,15.45,15.45,0.0,1,2021-05-28,2021-05-28,single_period,
2021-05,平谷,38.4,38.4,38.4,38.4,0.0,1,2021-05-28,2021-05-28,single_period,
2021-05,密云,24.39,24.39,24.39,24.39,0.0,1,2021-05-28,2021-05-28,single_period,
2021-05,延庆,8.66,8.66,8.66,8.66,0.0,1,2021-05-28,2021-05-28,single_period,
2021-06,东城,24.85,24.85,24.85,24.85,0.0,1,2021-06-28,2021-06-28,single_period,
2021-06,西城,21.86,21.86,21.86,21.86,0.0,1,2021-06-28,2021-06-28,single_period,
2021-06,朝阳,29.62,29.62,29.62,29.62,0.0,1,2021-06-28,2021-06-28,single_period,
2021-06,海淀,27.2,27.2,27.2,27.2,0.0,1,2021-06-28,2021-06-28,single_period,
2021-06,丰台,18.9,18.9,18.9,18.9,0.0,1,2021-06-28,2021-06-28,single_period,
2021-06,石景山,36.41,36.41,36.41,36.41,0.0,1,2021-06-28,2021-06-28,single_period,
2021-06,门头沟,37.48,37.48,37.48,37.48,0.0,1,2021-06-28,2021-06-28,single_period,
2021-06,房山,10.33,10.33,10.33,10.33,0.0,1,2021-06-28,2021-06-28,single_period,
2021-06,通州,8.64,8.64,8.64,8.64,0.0,1,2021-06-28,2021-06-28,single_period,
2021-06,顺义,29.15,29.15,29.15,29.15,0.0,1,2021-06-28,2021-06-28,single_period,
2021-06,昌平,28.59,28.59,28.59,28.59,0.0,1,2021-06-28,2021-06-28,single_period,
2021-06,大兴,18.45,18.45,18.45,18.45,0.0,1,2021-06-28,2021-06-28,single_period,
2021-06,怀柔,14.47,14.47,14.47,14.47,0.0,1,2021-06-28,2021-06-28,single_period,
2021-06,平谷,39.09,39.09,39.09,39.09,0.0,1,2021-06-28,2021-06-28,single_period,
2021-06,密云,23.64,23.64,23.64,23.64,0.0,1,2021-06-28,2021-06-28,single_period,
2021-06,延庆,8.8,8.8,8.8,8.8,0.0,1,2021-06-28,2021-06-28,single_period,
2021-07,东城,24.6,24.6,24.6,24.6,0.0,1,2021-07-31,2021-07-31,single_period,
2021-07,西城,21.14,21.14,21.14,21.14,0.0,1,2021-07-31,2021-07-31,single_period,
2021-07,朝阳,29.58,29.58,29.58,29.58,0.0,1,2021-07-31,2021-07-31,single_period,
2021-07,海淀,25.24,25.24,25.24,25.24,0.0,1,2021-07-31,2021-07-31,single_period,
2021-07,丰台,18.3,18.3,18.3,18.3,0.0,1,2021-07-31,2021-07-31,single_period,
2021-07,石景山,34.14,34.14,34.14,34.14,0.0,1,2021-07-31,2021-07-31,single_period,
2021-07,门头沟,35.64,35.64,35.64,35.64,0.0,1,2021-07-31,2021-07-31,single_period,
2021-07,房山,8.13,8.13,8.13,8.13,0.0,1,2021-07-31,2021-07-31,single_period,
2021-07,通州,,,,,,0,,,missing,
2021-07,顺义,27.0,27.0,27.0,27.0,0.0,1,2021-07-31,2021-07-31,single_period,
2021-07,昌平,27.09,27.09,27.09,27.09,0.0,1,2021-07-31,2021-07-31,single_period,
2021-07,大兴,16.85,16.85,16.85,16.85,0.0,1,2021-07-31,2021-07-31,single_period,
2021-07,怀柔,13.42,13.42,13.42,13.42,0.0,1,2021-07-31,2021-07-31,single_period,
2021-07,平谷,34.27,34.27,34.27,34.27,0.0,1,2021-07-31,2021-07-31,single_period,
2021-07,密云,21.98,21.98,21.98,21.98,0.0,1,2021-07-31,2021-07-31,single_period,
2021-07,延庆,7.89,7.89,7.89,7.89,0.0,1,2021-07-31,2021-07-31,single_period,
2021-08,东城,24.34,24.34,24.22,24.46,0.1697056274847728,2,2021-08-15,2021-08-31,two_periods,
2021-08,西城,21.240000000000002,21.240000000000002,21.06,21.42,0.2545584412271592,2,2021-08-15,2021-08-31,two_periods,
2021-08,朝阳,29.365,29.365,29.33,29.4,0.049497474683058526,2,2021-08-15,2021-08-31,two_periods,
2021-08,海淀,24.07,24.07,23.79,24.35,0.3959797974644682,2,2021-08-15,2021-08-31,two_periods,
2021-08,丰台,17.615,17.615,17.49,17.74,0.1767766952966369,2,2021-08-15,2021-08-31,two_periods,
2021-08,石景山,31.19,31.19,30.53,31.85,0.933380951166243,2,2021-08-15,2021-08-31,two_periods,
2021-08,门头沟,32.775,32.775,32.07,33.48,0.9970205614730296,2,2021-08-15,2021-08-31,two_periods,
2021-08,房山,7.76,7.76,7.53,7.99,0.3252691193458118,2,2021-08-15,2021-08-31,two_periods,
2021-08,通州,7.125,7.125,7.07,7.18,0.07778174593051983,2,2021-08-15,2021-08-31,two_periods,
2021-08,顺义,25.48,25.48,25.37,25.59,0.15556349186103965,2,2021-08-15,2021-08-31,two_periods,
2021-08,昌平,26.384999999999998,26.384999999999998,26.09,26.68,0.41719300090006295,2,2021-08-15,2021-08-31,two_periods,
2021-08,大兴,16.634999999999998,16.634999999999998,16.59,16.68,0.06363961030678918,2,2021-08-15,2021-08-31,two_periods,
2021-08,怀柔,13.15,13.15,13.15,13.15,0.0,2,2021-08-15,2021-08-31,two_periods,
2021-08,平谷,29.555,29.555,28.39,30.72,1.6475588001646544,2,2021-08-15,2021-08-31,two_periods,
2021-08,密云,18.58,18.58,18.12,19.04,0.6505382386916224,2,2021-08-15,2021-08-31,two_periods,
2021-08,延庆,8.2,8.2,7.86,8.54,0.48083261120685145,2,2021-08-15,2021-08-31,two_periods,
2021-09,东城,23.86666666666667,23.87,23.81,23.92,0.055075705472862536,3,2021-09-17,2021-09-29,three_or_more_periods,
2021-09,西城,21.55,21.87,20.82,21.96,0.6337980750996334,3,2021-09-17,2021-09-29,three_or_more_periods,
2021-09,朝阳,28.933333333333334,28.93,28.79,29.08,0.14502873278538017,3,2021-09-17,2021-09-29,three_or_more_periods,
2021-09,海淀,22.77,22.75,22.52,23.04,0.2605762844159074,3,2021-09-17,2021-09-29,three_or_more_periods,
2021-09,丰台,17.18,17.19,17.08,17.27,0.09539392014169533,3,2021-09-17,2021-09-29,three_or_more_periods,
2021-09,石景山,28.653333333333336,28.64,28.23,29.09,0.43015501081974283,3,2021-09-17,2021-09-29,three_or_more_periods,
2021-09,门头沟,29.733333333333334,29.69,29.26,30.25,0.4964205206609942,3,2021-09-17,2021-09-29,three_or_more_periods,
2021-09,房山,7.1000000000000005,7.08,6.93,7.29,0.1808314132002514,3,2021-09-17,2021-09-29,three_or_more_periods,
2021-09,通州,6.523333333333333,6.5,6.34,6.73,0.19604421270043512,3,2021-09-17,2021-09-29,three_or_more_periods,
2021-09,顺义,23.373333333333335,23.46,23.09,23.57,0.25146238950056427,3,2021-09-17,2021-09-29,three_or_more_periods,
2021-09,昌平,25.266666666666666,25.28,25.03,25.49,0.230289672658877,3,2021-09-17,2021-09-29,three_or_more_periods,
2021-09,大兴,16.066666666666666,16.08,15.87,16.25,0.19035055380359014,3,2021-09-17,2021-09-29,three_or_more_periods,
2021-09,怀柔,13.25,13.26,13.22,13.27,0.026457513110645342,3,2021-09-17,2021-09-29,three_or_more_periods,
2021-09,平谷,26.22666666666667,26.3,25.7,26.68,0.49409850569834113,3,2021-09-17,2021-09-29,three_or_more_periods,
2021-09,密云,16.613333333333333,16.6,16.31,16.93,0.31021497922139996,3,2021-09-17,2021-09-29,three_or_more_periods,
2021-09,延庆,7.213333333333334,7.21,7.1,7.33,0.11503622617824953,3,2021-09-17,2021-09-29,three_or_more_periods,
2021-10,东城,23.403333333333332,23.36,23.31,23.54,0.12096831541082714,3,2021-10-08,2021-10-29,three_or_more_periods,
2021-10,西城,21.590000000000003,21.57,21.42,21.78,0.180831413200251,3,2021-10-08,2021-10-29,three_or_more_periods,
2021-10,朝阳,28.393333333333334,28.32,28.28,28.58,0.16289055630494012,3,2021-10-08,2021-10-29,three_or_more_periods,
2021-10,海淀,21.72666666666667,21.67,21.47,22.04,0.28919428302325284,3,2021-10-08,2021-10-29,three_or_more_periods,
2021-10,丰台,16.84,16.82,16.74,16.96,0.11135528725660158,3,2021-10-08,2021-10-29,three_or_more_periods,
2021-10,石景山,26.933333333333334,26.74,26.41,27.65,0.6422097269065088,3,2021-10-08,2021-10-29,three_or_more_periods,
2021-10,门头沟,27.896666666666665,27.72,27.36,28.61,0.6434542200757825,3,2021-10-08,2021-10-29,three_or_more_periods,
2021-10,房山,6.723333333333334,6.73,6.68,6.76,0.0404145188432739,3,2021-10-08,2021-10-29,three_or_more_periods,
2021-10,通州,6.236666666666667,6.25,6.15,6.31,0.08082903768654723,3,2021-10-08,2021-10-29,three_or_more_periods,
2021-10,顺义,22.150000000000002,21.98,21.98,22.49,0.294448637286708,3,2021-10-08,2021-10-29,three_or_more_periods,
2021-10,昌平,24.483333333333334,24.47,24.34,24.64,0.15044378795195718,3,2021-10-08,2021-10-29,three_or_more_periods,
2021-10,大兴,15.656666666666666,15.62,15.6,15.75,0.08144527815247107,3,2021-10-08,2021-10-29,three_or_more_periods,
2021-10,怀柔,9.299999999999999,9.23,9.04,9.63,0.3011644069275127,3,2021-10-08,2021-10-29,three_or_more_periods,
2021-10,平谷,23.963333333333335,23.54,23.31,25.04,0.9394856748952235,3,2021-10-08,2021-10-29,three_or_more_periods,
2021-10,密云,15.556666666666667,15.47,15.26,15.94,0.3481857741685222,3,2021-10-08,2021-10-29,three_or_more_periods,
2021-10,延庆,6.756666666666668,6.72,6.65,6.9,0.1289702808143541,3,2021-10-08,2021-10-29,three_or_more_periods,
2021-11,东城,23.2425,23.244999999999997,23.19,23.29,0.04112987559750938,4,2021-11-05,2021-11-26,three_or_more_periods,
2021-11,西城,21.384999999999998,21.4,21.29,21.45,0.06952217871538117,4,2021-11-05,2021-11-26,three_or_more_periods,
2021-11,朝阳,28.277499999999996,28.275,28.24,28.32,0.035000000000000316,4,2021-11-05,2021-11-26,three_or_more_periods,
2021-11,海淀,20.9625,20.955,20.75,21.19,0.18025444978326288,4,2021-11-05,2021-11-26,three_or_more_periods,
2021-11,丰台,16.580000000000002,16.604999999999997,16.42,16.69,0.1197218999737859,4,2021-11-05,2021-11-26,three_or_more_periods,
2021-11,石景山,25.72,25.685,25.46,26.05,0.2588435821108959,4,2021-11-05,2021-11-26,three_or_more_periods,
2021-11,门头沟,25.485,25.009999999999998,24.95,26.97,0.9909423124817439,4,2021-11-05,2021-11-26,three_or_more_periods,
2021-11,房山,6.9475,6.995,6.76,7.04,0.126852933220587,4,2021-11-05,2021-11-26,three_or_more_periods,
2021-11,通州,6.33,6.335,6.24,6.41,0.08286535263104021,4,2021-11-05,2021-11-26,three_or_more_periods,
2021-11,顺义,21.762500000000003,21.700000000000003,21.47,22.18,0.30966379618332307,4,2021-11-05,2021-11-26,three_or_more_periods,
2021-11,昌平,24.020000000000003,24.020000000000003,23.94,24.1,0.1131370849898477,2,2021-11-05,2021-11-12,two_periods,
2021-11,大兴,15.457500000000001,15.46,15.43,15.48,0.020615528128088655,4,2021-11-05,2021-11-26,three_or_more_periods,
2021-11,怀柔,8.8025,8.809999999999999,8.67,8.92,0.1037223858833441,4,2021-11-05,2021-11-26,three_or_more_periods,
2021-11,平谷,22.5225,22.630000000000003,21.79,23.04,0.5605577579518459,4,2021-11-05,2021-11-26,three_or_more_periods,
2021-11,密云,14.9925,14.969999999999999,14.91,15.12,0.09287087810503325,4,2021-11-05,2021-11-26,three_or_more_periods,
2021-11,延庆,6.43,6.42,6.32,6.56,0.1016530045465125,4,2021-11-05,2021-11-26,three_or_more_periods,
2021-12,东城,22.997500000000002,23.025,22.85,23.09,0.10307764064044089,4,2021-12-03,2021-12-28,three_or_more_periods,
2021-12,西城,21.1575,21.17,21.04,21.25,0.08845903006477124,4,2021-12-03,2021-12-28,three_or_more_periods,
2021-12,朝阳,28.217499999999998,28.215,28.14,28.3,0.06551081335677851,4,2021-12-03,2021-12-28,three_or_more_periods,
2021-12,海淀,20.21,20.21,20.05,20.37,0.2262741699796954,2,2021-12-10,2021-12-28,two_periods,
2021-12,丰台,16.229999999999997,16.244999999999997,16.13,16.3,0.07164728420068288,4,2021-12-03,2021-12-28,three_or_more_periods,
2021-12,石景山,25.2775,25.265,25.24,25.34,0.04500000000000039,4,2021-12-03,2021-12-28,three_or_more_periods,
2021-12,门头沟,24.8525,24.85,24.82,24.89,0.029860788111948304,4,2021-12-03,2021-12-28,three_or_more_periods,
2021-12,房山,6.615,6.62,6.58,6.64,0.026457513110645734,4,2021-12-03,2021-12-28,three_or_more_periods,
2021-12,通州,6.3325000000000005,6.34,6.3,6.35,0.023629078131262946,4,2021-12-03,2021-12-28,three_or_more_periods,
2021-12,顺义,20.96,20.985,20.63,21.24,0.25152865973217975,4,2021-12-03,2021-12-28,three_or_more_periods,
2021-12,昌平,23.33,23.35,23.13,23.51,0.19078784028339046,3,2021-12-10,2021-12-28,three_or_more_periods,
2021-12,大兴,15.2675,15.280000000000001,15.1,15.41,0.12971121771072872,4,2021-12-03,2021-12-28,three_or_more_periods,
2021-12,怀柔,8.4625,8.455,8.15,8.79,0.26399179280172025,4,2021-12-03,2021-12-28,three_or_more_periods,
2021-12,平谷,21.267500000000002,21.225,21.01,21.61,0.249849954972979,4,2021-12-03,2021-12-28,three_or_more_periods,
2021-12,密云,14.975000000000001,14.969999999999999,14.87,15.09,0.09327379053088844,4,2021-12-03,2021-12-28,three_or_more_periods,
2021-12,延庆,6.404999999999999,6.45,6.17,6.55,0.16542873591570081,4,2021-12-03,2021-12-28,three_or_more_periods,
2022-01,东城,22.56,22.54,22.44,22.72,0.12110601416389864,4,2022-01-07,2022-01-27,three_or_more_periods,
2022-01,西城,20.6675,20.66,20.47,20.88,0.17250603854165045,4,2022-01-07,2022-01-27,three_or_more_periods,
2022-01,朝阳,27.945,27.955,27.79,28.08,0.12233832869001655,4,2022-01-07,2022-01-27,three_or_more_periods,
2022-01,海淀,19.6575,19.655,19.48,19.84,0.15370426148939367,4,2022-01-07,2022-01-27,three_or_more_periods,
2022-01,丰台,15.920000000000002,15.9,15.81,16.07,0.10984838035522708,4,2022-01-07,2022-01-27,three_or_more_periods,
2022-01,石景山,25.412499999999998,25.405,25.32,25.52,0.08995369179009063,4,2022-01-07,2022-01-27,three_or_more_periods,
2022-01,门头沟,24.8975,24.89,24.85,24.96,0.04856267428111127,4,2022-01-07,2022-01-27,three_or_more_periods,
2022-01,房山,6.8175,6.8149999999999995,6.69,6.95,0.1314977819838292,4,2022-01-07,2022-01-27,three_or_more_periods,
2022-01,通州,6.339999999999999,6.335,6.31,6.38,0.03162277660168378,4,2022-01-07,2022-01-27,three_or_more_periods,
2022-01,顺义,20.125,20.105,19.89,20.4,0.21610182784974252,4,2022-01-07,2022-01-27,three_or_more_periods,
2022-01,昌平,22.8075,22.785,22.61,23.05,0.1837344097694646,4,2022-01-07,2022-01-27,three_or_more_periods,
2022-01,大兴,14.872499999999999,14.86,14.8,14.97,0.07135591542869225,4,2022-01-07,2022-01-27,three_or_more_periods,
2022-01,怀柔,7.9725,7.960000000000001,7.9,8.07,0.07274384280931728,4,2022-01-07,2022-01-27,three_or_more_periods,
2022-01,平谷,20.725,20.71,20.61,20.87,0.11030261405182926,4,2022-01-07,2022-01-27,three_or_more_periods,
2022-01,密云,15.287500000000001,15.345,15.0,15.46,0.20122541257670917,4,2022-01-07,2022-01-27,three_or_more_periods,
2022-01,延庆,6.3475,6.365,6.28,6.38,0.045734742446707374,4,2022-01-07,2022-01-27,three_or_more_periods,
2022-02,东城,22.0525,22.049999999999997,21.86,22.25,0.16111590031195985,4,2022-02-07,2022-02-28,three_or_more_periods,
2022-02,西城,20.1525,20.18,19.91,20.34,0.18732769861039408,4,2022-02-07,2022-02-28,three_or_more_periods,
2022-02,朝阳,27.8025,27.845,27.63,27.89,0.12038133853162938,4,2022-02-07,2022-02-28,three_or_more_periods,
2022-02,海淀,19.182499999999997,19.14,19.05,19.4,0.1588238017426854,4,2022-02-07,2022-02-28,three_or_more_periods,
2022-02,丰台,15.88,15.885,15.81,15.94,0.05477225575051631,4,2022-02-07,2022-02-28,three_or_more_periods,
2022-02,石景山,25.794999999999998,25.799999999999997,25.63,25.95,0.13964240043768966,4,2022-02-07,2022-02-28,three_or_more_periods,
2022-02,门头沟,25.6075,25.61,25.51,25.7,0.0813941029804979,4,2022-02-07,2022-02-28,three_or_more_periods,
2022-02,房山,7.180000000000001,7.18,7.15,7.21,0.02581988897471602,4,2022-02-07,2022-02-28,three_or_more_periods,
2022-02,通州,6.695,6.6899999999999995,6.65,6.75,0.042031734043061555,4,2022-02-07,2022-02-28,three_or_more_periods,
2022-02,顺义,19.9825,19.96,19.89,20.12,0.09878427675158306,4,2022-02-07,2022-02-28,three_or_more_periods,
2022-02,昌平,22.4975,22.47,22.44,22.61,0.07804912982645358,4,2022-02-07,2022-02-28,three_or_more_periods,
2022-02,大兴,15.155,15.15,15.14,15.18,0.017320508075688405,4,2022-02-07,2022-02-28,three_or_more_periods,
2022-02,怀柔,7.91,7.915,7.84,7.97,0.05715476066494089,4,2022-02-07,2022-02-28,three_or_more_periods,
2022-02,平谷,20.4975,20.495,20.37,20.63,0.1099621146880438,4,2022-02-07,2022-02-28,three_or_more_periods,
2022-02,密云,16.405,16.41,16.28,16.52,0.10630145812734612,4,2022-02-07,2022-02-28,three_or_more_periods,
2022-02,延庆,6.4799999999999995,6.48,6.45,6.51,0.029439202887759364,4,2022-02-07,2022-02-28,three_or_more_periods,
2022-03,东城,21.840000000000003,21.83,21.8,21.9,0.04546060565661907,4,2022-03-07,2022-03-28,three_or_more_periods,
2022-03,西城,19.747500000000002,19.745,19.72,19.78,0.027537852736431483,4,2022-03-07,2022-03-28,three_or_more_periods,
2022-03,朝阳,27.740000000000002,27.725,27.68,27.83,0.06683312551921086,4,2022-03-07,2022-03-28,three_or_more_periods,
2022-03,海淀,18.997500000000002,18.990000000000002,18.97,19.04,0.030956959368344382,4,2022-03-07,2022-03-28,three_or_more_periods,
2022-03,丰台,15.752500000000001,15.765,15.67,15.81,0.06020797289396157,4,2022-03-07,2022-03-28,three_or_more_periods,
2022-03,石景山,26.1625,26.16,26.04,26.29,0.11324751652906077,4,2022-03-07,2022-03-28,three_or_more_periods,
2022-03,门头沟,25.8325,25.84,25.76,25.89,0.05619905100029062,4,2022-03-07,2022-03-28,three_or_more_periods,
2022-03,房山,7.154999999999999,7.155,7.1,7.21,0.0580229839517641,4,2022-03-07,2022-03-28,three_or_more_periods,
2022-03,通州,6.9525,6.93,6.86,7.09,0.0977667291737496,4,2022-03-07,2022-03-28,three_or_more_periods,
2022-03,顺义,19.895,19.865000000000002,19.86,19.99,0.06350852961085814,4,2022-03-07,2022-03-28,three_or_more_periods,
2022-03,昌平,22.547500000000003,22.520000000000003,22.5,22.65,0.06946221994724795,4,2022-03-07,2022-03-28,three_or_more_periods,
2022-03,大兴,15.485,15.469999999999999,15.32,15.68,0.15154757228892388,4,2022-03-07,2022-03-28,three_or_more_periods,
2022-03,怀柔,7.725,7.71,7.65,7.83,0.0793725393319377,4,2022-03-07,2022-03-28,three_or_more_periods,
2022-03,平谷,20.3375,20.32,20.29,20.42,0.059090326337453654,4,2022-03-07,2022-03-28,three_or_more_periods,
2022-03,密云,16.762500000000003,16.759999999999998,16.63,16.9,0.117579760163048,4,2022-03-07,2022-03-28,three_or_more_periods,
2022-03,延庆,6.43,6.43,6.41,6.45,0.016329931618554536,4,2022-03-07,2022-03-28,three_or_more_periods,
2022-04,东城,21.637500000000003,21.66,21.35,21.88,0.2723202771248089,4,2022-04-06,2022-04-27,three_or_more_periods,
2022-04,西城,19.314999999999998,19.285,19.07,19.62,0.24583192089989706,4,2022-04-06,2022-04-27,three_or_more_periods,
2022-04,朝阳,27.902499999999996,27.905,27.7,28.1,0.18839232114570642,4,2022-04-06,2022-04-27,three_or_more_periods,
2022-04,海淀,19.2925,19.240000000000002,19.16,19.53,0.1660070279636785,4,2022-04-06,2022-04-27,three_or_more_periods,
2022-04,丰台,15.5025,15.49,15.37,15.66,0.135984067694222,4,2022-04-06,2022-04-27,three_or_more_periods,
2022-04,石景山,26.305,26.310000000000002,26.24,26.36,0.055075705472861246,4,2022-04-06,2022-04-27,three_or_more_periods,
2022-04,门头沟,25.9975,26.0,25.94,26.05,0.04573474244670744,4,2022-04-06,2022-04-27,three_or_more_periods,
2022-04,房山,7.7625,7.715,7.69,7.93,0.1129527924990492,4,2022-04-06,2022-04-27,three_or_more_periods,
2022-04,通州,7.6475,7.640000000000001,7.4,7.91,0.2160825459556292,4,2022-04-06,2022-04-27,three_or_more_periods,
2022-04,顺义,21.6325,21.415,20.99,22.71,0.7862304581567257,4,2022-04-06,2022-04-27,three_or_more_periods,
2022-04,昌平,22.585,22.564999999999998,22.42,22.79,0.1528615931706404,4,2022-04-06,2022-04-27,three_or_more_periods,
2022-04,大兴,16.5675,16.604999999999997,16.27,16.79,0.23613202521753218,4,2022-04-06,2022-04-27,three_or_more_periods,
2022-04,怀柔,7.745,7.744999999999999,7.66,7.83,0.087368949480541,4,2022-04-06,2022-04-27,three_or_more_periods,
2022-04,平谷,21.5325,21.505000000000003,21.0,22.12,0.4879463768352697,4,2022-04-06,2022-04-27,three_or_more_periods,
2022-04,密云,17.1275,17.119999999999997,17.01,17.26,0.10750968948580127,4,2022-04-06,2022-04-27,three_or_more_periods,
2022-04,延庆,7.2725,7.275,6.59,7.95,0.6263319141371185,4,2022-04-06,2022-04-27,three_or_more_periods,
2022-05,东城,21.244999999999997,21.244999999999997,21.24,21.25,0.00577350269189716,4,2022-05-04,2022-05-25,three_or_more_periods,
2022-05,西城,18.972499999999997,18.985,18.93,18.99,0.028722813232689687,4,2022-05-04,2022-05-25,three_or_more_periods,
2022-05,朝阳,28.052500000000002,28.015,27.92,28.26,0.14591664287073877,4,2022-05-04,2022-05-25,three_or_more_periods,
2022-05,海淀,19.5875,19.5,19.43,19.92,0.22779742462694155,4,2022-05-04,2022-05-25,three_or_more_periods,
2022-05,丰台,15.045,15.04,14.94,15.16,0.09574271077563405,4,2022-05-04,2022-05-25,three_or_more_periods,
2022-05,石景山,25.5625,25.555,25.1,26.04,0.4041761167280086,4,2022-05-04,2022-05-25,three_or_more_periods,
2022-05,门头沟,25.322499999999998,25.314999999999998,24.89,25.77,0.364543093017364,4,2022-05-04,2022-05-25,three_or_more_periods,
2022-05,房山,7.890000000000001,7.9350000000000005,7.54,8.15,0.25832795693330096,4,2022-05-04,2022-05-25,three_or_more_periods,
2022-05,通州,7.904999999999999,7.859999999999999,7.55,8.35,0.33431522051301615,4,2022-05-04,2022-05-25,three_or_more_periods,
2022-05,顺义,22.860000000000003,22.810000000000002,22.34,23.48,0.49396356140913883,4,2022-05-04,2022-05-25,three_or_more_periods,
2022-05,昌平,23.0925,23.035,22.89,23.41,0.23837994882120433,4,2022-05-04,2022-05-25,three_or_more_periods,
2022-05,大兴,16.935,16.869999999999997,16.69,17.31,0.2685144316419502,4,2022-05-04,2022-05-25,three_or_more_periods,
2022-05,怀柔,7.905,7.9,7.75,8.07,0.13178264933847209,4,2022-05-04,2022-05-25,three_or_more_periods,
2022-05,平谷,21.962500000000002,21.89,21.84,22.23,0.1815443012967728,4,2022-05-04,2022-05-25,three_or_more_periods,
2022-05,密云,17.2425,17.314999999999998,16.96,17.38,0.19189841062395413,4,2022-05-04,2022-05-25,three_or_more_periods,
2022-05,延庆,7.56,7.55,7.35,7.79,0.1845715759987618,4,2022-05-04,2022-05-25,three_or_more_periods,
2022-06,东城,21.197499999999998,21.175,21.13,21.31,0.08301606270274808,4,2022-06-06,2022-06-27,three_or_more_periods,
2022-06,西城,18.979999999999997,18.990000000000002,18.86,19.08,0.10295630140986989,4,2022-06-06,2022-06-27,three_or_more_periods,
2022-06,朝阳,28.32,28.295,27.94,28.75,0.4199206274206267,4,2022-06-06,2022-06-27,three_or_more_periods,
2022-06,海淀,19.905,19.875,19.71,20.16,0.2212841310773696,4,2022-06-06,2022-06-27,three_or_more_periods,
2022-06,丰台,14.575000000000001,14.55,14.49,14.71,0.09746794344809005,4,2022-06-06,2022-06-27,three_or_more_periods,
2022-06,石景山,24.595000000000002,24.55,24.51,24.77,0.11930353445448773,4,2022-06-06,2022-06-27,three_or_more_periods,
2022-06,门头沟,24.217499999999998,24.174999999999997,24.11,24.41,0.14221462653327918,4,2022-06-06,2022-06-27,three_or_more_periods,
2022-06,房山,8.275,8.225000000000001,8.19,8.46,0.12449899597988771,4,2022-06-06,2022-06-27,three_or_more_periods,
2022-06,通州,7.987500000000001,7.9350000000000005,7.74,8.34,0.2787322490611135,4,2022-06-06,2022-06-27,three_or_more_periods,
2022-06,顺义,22.572499999999998,22.45,21.93,23.46,0.69168273073715,4,2022-06-06,2022-06-27,three_or_more_periods,
2022-06,昌平,23.375,23.33,23.1,23.74,0.27862758896658574,4,2022-06-06,2022-06-27,three_or_more_periods,
2022-06,大兴,17.442500000000003,17.36,17.11,17.94,0.35799208557359724,4,2022-06-06,2022-06-27,three_or_more_periods,
2022-06,怀柔,7.835,7.835,7.78,7.89,0.046547466812562846,4,2022-06-06,2022-06-27,three_or_more_periods,
2022-06,平谷,22.090000000000003,22.045,21.84,22.43,0.2636917392208814,4,2022-06-06,2022-06-27,three_or_more_periods,
2022-06,密云,17.17,17.175,17.05,17.28,0.09486832980505161,4,2022-06-06,2022-06-27,three_or_more_periods,
2022-06,延庆,7.98,7.88,7.76,8.4,0.2885596414377222,4,2022-06-06,2022-06-27,three_or_more_periods,
2022-07,东城,21.005,21.009999999999998,20.9,21.1,0.09539392014169576,4,2022-07-04,2022-07-25,three_or_more_periods,
2022-07,西城,18.715,18.72,18.64,18.78,0.06244997998398398,4,2022-07-04,2022-07-25,three_or_more_periods,
2022-07,朝阳,27.8125,27.79,27.72,27.95,0.10275375094532227,4,2022-07-04,2022-07-25,three_or_more_periods,
2022-07,海淀,19.14,19.125,19.08,19.23,0.06480740698407941,4,2022-07-04,2022-07-25,three_or_more_periods,
2022-07,丰台,14.252500000000001,14.25,14.16,14.35,0.0842120339777314,4,2022-07-04,2022-07-25,three_or_more_periods,
2022-07,石景山,24.195,24.145000000000003,24.07,24.42,0.15842979517754904,4,2022-07-04,2022-07-25,three_or_more_periods,
2022-07,门头沟,23.98,23.96,23.93,24.07,0.06218252702059249,4,2022-07-04,2022-07-25,three_or_more_periods,
2022-07,房山,7.2725,7.3100000000000005,6.9,7.57,0.3392516273603806,4,2022-07-04,2022-07-25,three_or_more_periods,
2022-07,通州,7.027500000000001,6.965,6.9,7.28,0.17689450716929192,4,2022-07-04,2022-07-25,three_or_more_periods,
2022-07,顺义,21.869999999999997,21.9,21.6,22.08,0.21509687739868782,4,2022-07-04,2022-07-25,three_or_more_periods,
2022-07,昌平,22.595,22.595,22.5,22.69,0.08962886439832535,4,2022-07-04,2022-07-25,three_or_more_periods,
2022-07,大兴,16.145,16.1,16.05,16.33,0.12662279942148308,4,2022-07-04,2022-07-25,three_or_more_periods,
2022-07,怀柔,7.762499999999999,7.76,7.74,7.79,0.022173557826083344,4,2022-07-04,2022-07-25,three_or_more_periods,
2022-07,平谷,21.419999999999998,21.415,21.33,21.52,0.07788880963698662,4,2022-07-04,2022-07-25,three_or_more_periods,
2022-07,密云,17.325000000000003,17.32,17.2,17.46,0.12922847983320132,4,2022-07-04,2022-07-25,three_or_more_periods,
2022-07,延庆,7.8625,7.83,7.5,8.29,0.4116936563352253,4,2022-07-04,2022-07-25,three_or_more_periods,
2022-08,东城,20.65,20.685000000000002,20.36,20.87,0.22075627586398017,4,2022-08-01,2022-08-26,three_or_more_periods,
2022-08,西城,18.4775,18.575000000000003,18.15,18.61,0.21990528264080822,4,2022-08-01,2022-08-26,three_or_more_periods,
2022-08,朝阳,27.6,27.595,27.57,27.64,0.029439202887759666,4,2022-08-01,2022-08-26,three_or_more_periods,
2022-08,海淀,18.560000000000002,18.630000000000003,18.26,18.72,0.2070426687102597,4,2022-08-01,2022-08-26,three_or_more_periods,
2022-08,丰台,13.987499999999999,13.995,13.9,14.06,0.07544313531837511,4,2022-08-01,2022-08-26,three_or_more_periods,
2022-08,石景山,24.0025,24.005000000000003,23.99,24.01,0.009574271077564877,4,2022-08-01,2022-08-26,three_or_more_periods,
2022-08,门头沟,22.975,23.11,22.43,23.25,0.36936883102575624,4,2022-08-01,2022-08-26,three_or_more_periods,
2022-08,房山,6.92,6.925000000000001,6.57,7.26,0.2945052348148216,4,2022-08-01,2022-08-26,three_or_more_periods,
2022-08,通州,6.6875,6.675000000000001,6.61,6.79,0.08732124598286486,4,2022-08-01,2022-08-26,three_or_more_periods,
2022-08,顺义,20.995,21.05,20.54,21.34,0.33521137609971857,4,2022-08-01,2022-08-26,three_or_more_periods,
2022-08,昌平,22.0725,22.07,21.86,22.29,0.1846392879824515,4,2022-08-01,2022-08-26,three_or_more_periods,
2022-08,大兴,15.645,15.665,15.49,15.76,0.11328430311977601,4,2022-08-01,2022-08-26,three_or_more_periods,
2022-08,怀柔,7.505000000000001,7.5,7.49,7.53,0.01914854215512674,4,2022-08-01,2022-08-26,three_or_more_periods,
2022-08,平谷,20.91,20.935000000000002,20.63,21.14,0.23021728866442748,4,2022-08-01,2022-08-26,three_or_more_periods,
2022-08,密云,17.207500000000003,17.215,17.17,17.23,0.026299556396764994,4,2022-08-01,2022-08-26,three_or_more_periods,
2022-08,延庆,8.002500000000001,7.99,7.75,8.28,0.22066188313042767,4,2022-08-01,2022-08-26,three_or_more_periods,
2022-09,东城,20.41,20.43,20.34,20.44,0.04760952285695306,4,2022-09-05,2022-09-26,three_or_more_periods,
2022-09,西城,18.3025,18.395,18.02,18.4,0.1883923211457054,4,2022-09-05,2022-09-26,three_or_more_periods,
2022-09,朝阳,27.6125,27.625,27.53,27.67,0.06551081335677857,4,2022-09-05,2022-09-26,three_or_more_periods,
2022-09,海淀,18.3175,18.32,18.29,18.34,0.02217355782608358,4,2022-09-05,2022-09-26,three_or_more_periods,
2022-09,丰台,13.93,13.934999999999999,13.9,13.95,0.021602468994692405,4,2022-09-05,2022-09-26,three_or_more_periods,
2022-09,石景山,24.175,24.16,24.02,24.36,0.14821156050277096,4,2022-09-05,2022-09-26,three_or_more_periods,
2022-09,门头沟,22.700000000000003,22.73,22.16,23.18,0.44862753667899874,4,2022-09-05,2022-09-26,three_or_more_periods,
2022-09,房山,7.146666666666667,7.01,6.72,7.71,0.5089531740085068,3,2022-09-05,2022-09-26,three_or_more_periods,
2022-09,通州,7.215,7.215,7.01,7.42,0.16862186493255657,4,2022-09-05,2022-09-26,three_or_more_periods,
2022-09,顺义,20.812499999999996,20.835,20.59,20.99,0.20822663934600924,4,2022-09-05,2022-09-26,three_or_more_periods,
2022-09,昌平,22.025,21.93,21.86,22.38,0.24020824298928609,4,2022-09-05,2022-09-26,three_or_more_periods,
2022-09,大兴,16.087500000000002,16.1,15.98,16.17,0.09742518497117046,4,2022-09-05,2022-09-26,three_or_more_periods,
2022-09,怀柔,7.539999999999999,7.539999999999999,7.45,7.63,0.07527726527090799,4,2022-09-05,2022-09-26,three_or_more_periods,
2022-09,平谷,20.962500000000002,20.994999999999997,20.66,21.2,0.22983689869122362,4,2022-09-05,2022-09-26,three_or_more_periods,
2022-09,密云,17.36,17.36,17.25,17.47,0.09556847457887566,4,2022-09-05,2022-09-26,three_or_more_periods,
2022-09,延庆,7.7075000000000005,7.74,7.58,7.77,0.0865544144839918,4,2022-09-05,2022-09-26,three_or_more_periods,
2022-10,东城,20.122500000000002,20.09,20.04,20.27,0.10626225419530037,4,2022-10-05,2022-10-26,three_or_more_periods,
2022-10,西城,18.0,17.985,17.83,18.2,0.15470401847829762,4,2022-10-05,2022-10-26,three_or_more_periods,
2022-10,朝阳,27.275000000000002,27.275,27.12,27.43,0.12714820748507039,4,2022-10-05,2022-10-26,three_or_more_periods,
2022-10,海淀,18.044999999999998,18.055,17.97,18.1,0.061373175465074134,4,2022-10-05,2022-10-26,three_or_more_periods,
2022-10,丰台,13.8275,13.83,13.73,13.92,0.08139410298049818,4,2022-10-05,2022-10-26,three_or_more_periods,
2022-10,石景山,24.337500000000002,24.34,24.33,24.34,0.005000000000000782,4,2022-10-05,2022-10-26,three_or_more_periods,
2022-10,门头沟,23.5925,23.555,23.51,23.75,0.10719919153923964,4,2022-10-05,2022-10-26,three_or_more_periods,
2022-10,房山,7.242500000000001,7.125,7.06,7.66,0.2807579028273293,4,2022-10-05,2022-10-26,three_or_more_periods,
2022-10,通州,7.4350000000000005,7.455,7.23,7.6,0.16462077633154307,4,2022-10-05,2022-10-26,three_or_more_periods,
2022-10,顺义,20.847499999999997,20.795,20.59,21.21,0.3051092700438099,4,2022-10-05,2022-10-26,three_or_more_periods,
2022-10,昌平,21.6825,21.685000000000002,21.63,21.73,0.04112987559751089,4,2022-10-05,2022-10-26,three_or_more_periods,
2022-10,大兴,15.87,15.9,15.8,15.91,0.06082762530298192,3,2022-10-05,2022-10-26,three_or_more_periods,
2022-10,怀柔,7.5725,7.575,7.54,7.6,0.024999999999999852,4,2022-10-05,2022-10-26,three_or_more_periods,
2022-10,平谷,21.317500000000003,21.325,21.14,21.48,0.1725060385416502,4,2022-10-05,2022-10-26,three_or_more_periods,
2022-10,密云,17.735,17.73,17.62,17.86,0.10344080432788517,4,2022-10-05,2022-10-26,three_or_more_periods,
2022-10,延庆,7.415,7.43,7.27,7.53,0.11818065267490586,4,2022-10-05,2022-10-26,three_or_more_periods,
2022-11,东城,20.03,20.055,19.9,20.11,0.09128709291752819,4,2022-11-07,2022-11-28,three_or_more_periods,
2022-11,西城,17.7275,17.755,17.59,17.81,0.09945685831890418,4,2022-11-07,2022-11-28,three_or_more_periods,
2022-11,朝阳,26.95,26.935,26.76,27.17,0.17068489485989502,4,2022-11-07,2022-11-28,three_or_more_periods,
2022-11,海淀,17.665,17.665,17.45,17.88,0.18876793513023707,4,2022-11-07,2022-11-28,three_or_more_periods,
2022-11,丰台,13.6425,13.64,13.6,13.69,0.03685557397915987,4,2022-11-07,2022-11-28,three_or_more_periods,
2022-11,石景山,24.4175,24.424999999999997,24.36,24.46,0.046457866215888356,4,2022-11-07,2022-11-28,three_or_more_periods,
2022-11,门头沟,23.707500000000003,23.71,23.56,23.85,0.13149778198383028,4,2022-11-07,2022-11-28,three_or_more_periods,
2022-11,房山,7.107500000000001,6.98,6.94,7.53,0.2841801072090257,4,2022-11-07,2022-11-28,three_or_more_periods,
2022-11,通州,7.425000000000001,7.395,7.3,7.61,0.13625955623979824,4,2022-11-07,2022-11-28,three_or_more_periods,
2022-11,顺义,20.495,20.475,20.07,20.96,0.3854434675366372,4,2022-11-07,2022-11-28,three_or_more_periods,
2022-11,昌平,21.445,21.445,21.3,21.59,0.11846237095944537,4,2022-11-07,2022-11-28,three_or_more_periods,
2022-11,大兴,15.450000000000001,15.48,15.26,15.61,0.17691806012954123,3,2022-11-07,2022-11-28,three_or_more_periods,
2022-11,怀柔,7.734999999999999,7.744999999999999,7.68,7.77,0.04358898943540666,4,2022-11-07,2022-11-28,three_or_more_periods,
2022-11,平谷,21.432499999999997,21.4,21.38,21.55,0.07889866919029846,4,2022-11-07,2022-11-28,three_or_more_periods,
2022-11,密云,18.049999999999997,18.060000000000002,17.97,18.11,0.05887840577551933,4,2022-11-07,2022-11-28,three_or_more_periods,
2022-11,延庆,7.04,7.04,6.95,7.13,0.07393691004272931,4,2022-11-07,2022-11-28,three_or_more_periods,
2022-12,东城,19.875,19.880000000000003,19.81,19.93,0.050000000000000475,4,2022-12-05,2022-12-26,three_or_more_periods,
2022-12,西城,17.409999999999997,17.41,17.4,17.42,0.008164965809278536,4,2022-12-05,2022-12-26,three_or_more_periods,
2022-12,朝阳,26.766666666666666,26.75,26.72,26.83,0.056862407030772784,3,2022-12-12,2022-12-26,three_or_more_periods,
2022-12,海淀,17.36,17.36,17.18,17.54,0.1471960144387972,4,2022-12-05,2022-12-26,three_or_more_periods,
2022-12,丰台,13.2875,13.295,13.26,13.3,0.01892969448600129,4,2022-12-05,2022-12-26,three_or_more_periods,
2022-12,石景山,24.81,24.775,24.63,25.06,0.1856520042085908,4,2022-12-05,2022-12-26,three_or_more_periods,
2022-12,门头沟,23.94,23.810000000000002,23.75,24.39,0.3040833219146796,4,2022-12-05,2022-12-26,three_or_more_periods,
2022-12,房山,7.11,7.105,7.07,7.16,0.03741657386773941,4,2022-12-05,2022-12-26,three_or_more_periods,
2022-12,通州,6.845,6.83,6.8,6.92,0.05259911279353165,4,2022-12-05,2022-12-26,three_or_more_periods,
2022-12,顺义,19.0025,18.975,18.81,19.25,0.1835528988239272,4,2022-12-05,2022-12-26,three_or_more_periods,
2022-12,昌平,20.744999999999997,20.759999999999998,20.54,20.92,0.15631165450257906,4,2022-12-05,2022-12-26,three_or_more_periods,
2022-12,大兴,14.33,14.33,14.25,14.41,0.1131370849898477,2,2022-12-19,2022-12-26,two_periods,
2022-12,怀柔,7.494999999999999,7.495,7.47,7.52,0.02081665999466124,4,2022-12-05,2022-12-26,three_or_more_periods,
2022-12,平谷,21.2575,21.25,21.2,21.33,0.05439056290693542,4,2022-12-05,2022-12-26,three_or_more_periods,
2022-12,密云,18.1925,18.27,17.64,18.59,0.42719043372560056,4,2022-12-05,2022-12-26,three_or_more_periods,
2022-12,延庆,6.4975,6.494999999999999,6.43,6.57,0.06075908711186082,4,2022-12-05,2022-12-26,three_or_more_periods,
2023-01,东城,19.3275,19.38,18.67,19.88,0.643706713755055,4,2023-01-03,2023-01-28,three_or_more_periods,
2023-01,西城,16.88,16.84,16.47,17.37,0.4080849584747448,4,2023-01-03,2023-01-28,three_or_more_periods,
2023-01,朝阳,26.544999999999998,26.535,26.39,26.72,0.1484362938547479,4,2023-01-03,2023-01-28,three_or_more_periods,
2023-01,海淀,16.86,16.89,16.6,17.06,0.2046134567096364,4,2023-01-03,2023-01-28,three_or_more_periods,
2023-01,丰台,13.2825,13.285,13.25,13.31,0.025000000000000116,4,2023-01-03,2023-01-28,three_or_more_periods,
2023-01,石景山,25.6275,25.595,25.29,26.03,0.3162672920173703,4,2023-01-03,2023-01-28,three_or_more_periods,
2023-01,门头沟,25.1075,25.1,24.61,25.62,0.42586187118986596,4,2023-01-03,2023-01-28,three_or_more_periods,
2023-01,房山,6.97,6.97,6.95,6.99,0.020000000000000018,3,2023-01-10,2023-01-28,three_or_more_periods,
2023-01,通州,6.79,6.785,6.75,6.84,0.03741657386773933,4,2023-01-03,2023-01-28,three_or_more_periods,
2023-01,顺义,18.4775,18.494999999999997,18.2,18.72,0.21975364995072674,4,2023-01-03,2023-01-28,three_or_more_periods,
2023-01,昌平,20.16,20.185000000000002,19.87,20.4,0.226715680975092,4,2023-01-03,2023-01-28,three_or_more_periods,
2023-01,大兴,14.0375,14.04,13.89,14.18,0.1252663828274233,4,2023-01-03,2023-01-28,three_or_more_periods,
2023-01,怀柔,7.51,7.51,7.5,7.52,0.008164965809277086,4,2023-01-03,2023-01-28,three_or_more_periods,
2023-01,平谷,21.185000000000002,21.235,21.01,21.26,0.11789826122551542,4,2023-01-03,2023-01-28,three_or_more_periods,
2023-01,密云,18.715,18.655,18.51,19.04,0.2301448819041308,4,2023-01-03,2023-01-28,three_or_more_periods,
2023-01,延庆,6.3374999999999995,6.33,6.27,6.42,0.062383224240709766,4,2023-01-03,2023-01-28,three_or_more_periods,
2023-02,东城,19.0225,19.04,18.72,19.29,0.2946608219631519,4,2023-02-06,2023-02-27,three_or_more_periods,
2023-02,西城,16.55,16.61,16.37,16.61,0.11999999999999922,4,2023-02-06,2023-02-27,three_or_more_periods,
2023-02,朝阳,26.3875,26.39,26.36,26.41,0.020615528128088655,4,2023-02-06,2023-02-27,three_or_more_periods,
2023-02,海淀,16.54,16.555,16.47,16.58,0.048304589153964746,4,2023-02-06,2023-02-27,three_or_more_periods,
2023-02,丰台,13.37,13.385,13.27,13.44,0.077028133388609,4,2023-02-06,2023-02-27,three_or_more_periods,
2023-02,石景山,26.567499999999995,26.585,26.22,26.88,0.2753633962602873,4,2023-02-06,2023-02-27,three_or_more_periods,
2023-02,门头沟,26.29,26.36,25.84,26.6,0.33526109228480483,4,2023-02-06,2023-02-27,three_or_more_periods,
2023-02,房山,6.98,6.98,6.98,6.98,0.0,1,2023-02-13,2023-02-13,single_period,
2023-02,通州,6.822500000000001,6.825,6.77,6.87,0.04112987559751044,4,2023-02-06,2023-02-27,three_or_more_periods,
2023-02,顺义,18.2,18.2,18.17,18.23,0.02943920288775886,4,2023-02-06,2023-02-27,three_or_more_periods,
2023-02,昌平,19.855,19.845,19.84,19.89,0.023804761428476404,4,2023-02-06,2023-02-27,three_or_more_periods,
2023-02,大兴,13.907499999999999,13.915,13.88,13.92,0.01892969448600051,4,2023-02-06,2023-02-27,three_or_more_periods,
2023-02,怀柔,7.5775,7.574999999999999,7.51,7.65,0.05852349955359838,4,2023-02-06,2023-02-27,three_or_more_periods,
2023-02,平谷,21.145,21.045,21.01,21.48,0.2242766149200579,4,2023-02-06,2023-02-27,three_or_more_periods,
2023-02,密云,19.2875,19.3,19.12,19.43,0.13375973484822173,4,2023-02-06,2023-02-27,three_or_more_periods,
2023-02,延庆,6.295,6.245,6.22,6.47,0.11789826122551583,4,2023-02-06,2023-02-27,three_or_more_periods,
2023-03,东城,18.927500000000002,19.060000000000002,18.4,19.19,0.3628934646238032,4,2023-03-06,2023-03-27,three_or_more_periods,
2023-03,西城,16.5,16.5,16.45,16.55,0.04396968652757681,4,2023-03-06,2023-03-27,three_or_more_periods,
2023-03,朝阳,26.499999999999996,26.52,26.38,26.58,0.08485281374238557,4,2023-03-06,2023-03-27,three_or_more_periods,
2023-03,海淀,16.6925,16.695,16.5,16.88,0.1699754884289692,4,2023-03-06,2023-03-27,three_or_more_periods,
2023-03,丰台,13.3125,13.309999999999999,13.2,13.43,0.10594810050208546,4,2023-03-06,2023-03-27,three_or_more_periods,
2023-03,石景山,26.997500000000002,27.0,26.95,27.04,0.04031128874149258,4,2023-03-06,2023-03-27,three_or_more_periods,
2023-03,门头沟,26.87,26.89,26.7,27.0,0.12701705922171821,4,2023-03-06,2023-03-27,three_or_more_periods,
2023-03,房山,7.335,7.335,7.18,7.49,0.2192031021678301,2,2023-03-20,2023-03-27,two_periods,
2023-03,通州,7.245,7.24,6.91,7.59,0.2806539981305568,4,2023-03-06,2023-03-27,three_or_more_periods,
2023-03,顺义,18.7975,18.715,18.1,19.66,0.6578943684209488,4,2023-03-06,2023-03-27,three_or_more_periods,
2023-03,昌平,20.165,20.195,19.87,20.4,0.2275228926210859,4,2023-03-06,2023-03-27,three_or_more_periods,
2023-03,大兴,14.35,14.335,13.91,14.82,0.3928528138289625,4,2023-03-06,2023-03-27,three_or_more_periods,
2023-03,怀柔,7.66,7.65,7.64,7.7,0.028284271247462134,4,2023-03-06,2023-03-27,three_or_more_periods,
2023-03,平谷,21.805,21.689999999999998,21.54,22.3,0.34375378785791894,4,2023-03-06,2023-03-27,three_or_more_periods,
2023-03,密云,19.6075,19.6,19.5,19.73,0.09742518497116995,4,2023-03-06,2023-03-27,three_or_more_periods,
2023-03,延庆,6.31,6.275,6.24,6.45,0.0955684745788764,4,2023-03-06,2023-03-27,three_or_more_periods,
2023-04,东城,18.9875,18.990000000000002,18.89,19.08,0.07932002689527129,4,2023-04-03,2023-04-24,three_or_more_periods,
2023-04,西城,16.47,16.46,16.43,16.53,0.042426406871193346,4,2023-04-03,2023-04-24,three_or_more_periods,
2023-04,朝阳,26.445,26.48,26.29,26.53,0.10878112581387248,4,2023-04-03,2023-04-24,three_or_more_periods,
2023-04,海淀,17.130000000000003,17.130000000000003,16.94,17.32,0.15534906930308015,4,2023-04-03,2023-04-24,three_or_more_periods,
2023-04,丰台,13.015,12.985,12.95,13.14,0.08582928793055856,4,2023-04-03,2023-04-24,three_or_more_periods,
2023-04,石景山,26.8575,26.86,26.78,26.93,0.06601767440112764,4,2023-04-03,2023-04-24,three_or_more_periods,
2023-04,门头沟,26.945,26.945,26.86,27.03,0.07234178138070269,4,2023-04-03,2023-04-24,three_or_more_periods,
2023-04,房山,7.720000000000001,7.720000000000001,7.57,7.87,0.21213203435596412,2,2023-04-10,2023-04-24,two_periods,
2023-04,通州,7.875,7.9399999999999995,7.45,8.17,0.31214312956291895,4,2023-04-03,2023-04-24,three_or_more_periods,
2023-04,顺义,20.7325,20.740000000000002,19.94,21.51,0.6805573696120947,4,2023-04-03,2023-04-24,three_or_more_periods,
2023-04,昌平,20.7125,20.7,20.52,20.93,0.17745891543302839,4,2023-04-03,2023-04-24,three_or_more_periods,
2023-04,大兴,15.08,15.1,14.93,15.19,0.1227463509301465,4,2023-04-03,2023-04-24,three_or_more_periods,
2023-04,怀柔,7.8149999999999995,7.8149999999999995,7.74,7.89,0.06244997998398379,4,2023-04-03,2023-04-24,three_or_more_periods,
2023-04,平谷,23.322499999999998,23.25,22.88,23.91,0.4315379473464648,4,2023-04-03,2023-04-24,three_or_more_periods,
2023-04,密云,19.9025,19.9,19.82,19.99,0.07675719293112931,4,2023-04-03,2023-04-24,three_or_more_periods,
2023-04,延庆,7.11,7.13,6.52,7.66,0.538268829984919,4,2023-04-03,2023-04-24,three_or_more_periods,
2023-05,东城,18.9875,18.98,18.96,19.03,0.0298607881119484,4,2023-05-04,2023-05-24,three_or_more_periods,
2023-05,西城,16.564999999999998,16.54,16.49,16.69,0.08812869377601638,4,2023-05-04,2023-05-24,three_or_more_periods,
2023-05,朝阳,26.3975,26.380000000000003,26.29,26.54,0.10436314802968827,4,2023-05-04,2023-05-24,three_or_more_periods,
2023-05,海淀,17.419999999999998,17.384999999999998,17.28,17.63,0.14988884770611335,4,2023-05-04,2023-05-24,three_or_more_periods,
2023-05,丰台,12.8,12.8,12.77,12.83,0.03464101615137783,4,2023-05-04,2023-05-24,three_or_more_periods,
2023-05,石景山,26.5475,26.54,26.42,26.69,0.1178629147215811,4,2023-05-04,2023-05-24,three_or_more_periods,
2023-05,门头沟,26.529999999999998,26.545,26.33,26.7,0.1639105447085907,4,2023-05-04,2023-05-24,three_or_more_periods,
2023-05,房山,8.13,8.07,8.03,8.29,0.13999999999999968,3,2023-05-04,2023-05-16,three_or_more_periods,
2023-05,通州,8.07,8.030000000000001,7.6,8.62,0.47728398255126886,4,2023-05-04,2023-05-24,three_or_more_periods,
2023-05,顺义,21.535,21.625,20.72,22.17,0.6981165136756666,4,2023-05-04,2023-05-24,three_or_more_periods,
2023-05,昌平,21.0425,21.045,20.88,21.2,0.1443086968966186,4,2023-05-04,2023-05-24,three_or_more_periods,
2023-05,大兴,15.627500000000001,15.595,15.41,15.91,0.22779742462694058,4,2023-05-04,2023-05-24,three_or_more_periods,
2023-05,怀柔,7.934999999999999,7.9350000000000005,7.75,8.12,0.15373136743466906,4,2023-05-04,2023-05-24,three_or_more_periods,
2023-05,平谷,24.130000000000003,24.07,23.56,24.82,0.5810909280540072,4,2023-05-04,2023-05-24,three_or_more_periods,
2023-05,密云,19.875,19.875,19.82,19.93,0.053229064742237577,4,2023-05-04,2023-05-24,three_or_more_periods,
2023-05,延庆,7.6475,7.625,7.54,7.8,0.11528949070347497,4,2023-05-04,2023-05-24,three_or_more_periods,
2023-06,东城,19.015,19.009999999999998,18.95,19.09,0.05802298395176423,4,2023-06-05,2023-06-26,three_or_more_periods,
2023-06,西城,16.55,16.53,16.51,16.63,0.05477225575051588,4,2023-06-05,2023-06-26,three_or_more_periods,
2023-06,朝阳,27.005,27.075,26.65,27.22,0.26083200212652874,4,2023-06-05,2023-06-26,three_or_more_periods,
2023-06,海淀,18.1475,18.21,17.77,18.4,0.2905598045153528,4,2023-06-05,2023-06-26,three_or_more_periods,
2023-06,丰台,12.815,12.809999999999999,12.75,12.89,0.059721576223896754,4,2023-06-05,2023-06-26,three_or_more_periods,
2023-06,石景山,26.1725,26.175,26.16,26.18,0.009574271077563022,4,2023-06-05,2023-06-26,three_or_more_periods,
2023-06,门头沟,25.792499999999997,25.725,25.68,26.04,0.16760568804985881,4,2023-06-05,2023-06-26,three_or_more_periods,
2023-06,房山,9.2,9.2,8.99,9.41,0.2969848480983499,2,2023-06-19,2023-06-26,two_periods,
2023-06,通州,8.6075,8.565000000000001,8.29,9.01,0.305982025615885,4,2023-06-05,2023-06-26,three_or_more_periods,
2023-06,顺义,22.52,22.465,22.32,22.83,0.22847319317591663,4,2023-06-05,2023-06-26,three_or_more_periods,
2023-06,昌平,22.0,22.085,21.44,22.39,0.4196029869610869,4,2023-06-05,2023-06-26,three_or_more_periods,
2023-06,大兴,16.392500000000002,16.310000000000002,15.9,17.05,0.5116232337700602,4,2023-06-05,2023-06-26,three_or_more_periods,
2023-06,怀柔,7.983333333333333,7.86,7.84,8.25,0.23115651263447742,3,2023-06-05,2023-06-26,three_or_more_periods,
2023-06,平谷,26.1425,26.125,25.33,26.99,0.7092425537148767,4,2023-06-05,2023-06-26,three_or_more_periods,
2023-06,密云,19.73,19.725,19.69,19.78,0.03915780041490221,4,2023-06-05,2023-06-26,three_or_more_periods,
2023-06,延庆,8.7325,8.885,7.95,9.21,0.5851709152034134,4,2023-06-05,2023-06-26,three_or_more_periods,
2023-07,东城,19.055,19.08,18.97,19.09,0.05686240703077331,4,2023-07-03,2023-07-24,three_or_more_periods,
2023-07,西城,16.5,16.5,16.49,16.51,0.01154700538379432,4,2023-07-03,2023-07-24,three_or_more_periods,
2023-07,朝阳,27.2925,27.23,27.11,27.6,0.21654483754332965,4,2023-07-03,2023-07-24,three_or_more_periods,
2023-07,海淀,18.2575,18.244999999999997,18.12,18.42,0.14150971698084905,4,2023-07-03,2023-07-24,three_or_more_periods,
2023-07,丰台,12.969999999999999,12.975,12.93,13.0,0.03559026084010461,4,2023-07-03,2023-07-24,three_or_more_periods,
2023-07,石景山,26.0975,26.125,25.94,26.2,0.11672617529928718,4,2023-07-03,2023-07-24,three_or_more_periods,
2023-07,门头沟,25.43,25.45,25.14,25.68,0.2753179979587234,4,2023-07-03,2023-07-24,three_or_more_periods,
2023-07,房山,8.74,8.77,8.33,9.09,0.3561834733205158,4,2023-07-03,2023-07-24,three_or_more_periods,
2023-07,通州,8.709999999999999,8.46,8.27,9.4,0.6050619802962339,3,2023-07-10,2023-07-24,three_or_more_periods,
2023-07,顺义,22.7975,22.905,21.86,23.52,0.764215283804243,4,2023-07-03,2023-07-24,three_or_more_periods,
2023-07,昌平,22.4975,22.58,22.11,22.72,0.2697375267428195,4,2023-07-03,2023-07-24,three_or_more_periods,
2023-07,大兴,16.040000000000003,15.940000000000001,15.47,16.81,0.582466021898845,4,2023-07-03,2023-07-24,three_or_more_periods,
2023-07,怀柔,8.275,8.254999999999999,8.17,8.42,0.1066145706114631,4,2023-07-03,2023-07-24,three_or_more_periods,
2023-07,平谷,27.060000000000002,27.105,26.54,27.49,0.47279311895725906,4,2023-07-03,2023-07-24,three_or_more_periods,
2023-07,密云,19.81,19.814999999999998,19.74,19.87,0.053541261347364436,4,2023-07-03,2023-07-24,three_or_more_periods,
2023-07,延庆,8.729999999999999,8.78,8.11,9.25,0.5761944116355175,4,2023-07-03,2023-07-24,three_or_more_periods,
2023-08,东城,17.981764705882348,17.98,17.76,18.7,0.22074406260751486,17,2023-08-02,2023-08-30,three_or_more_periods,
2023-08,西城,16.065624999999997,16.07,15.93,16.26,0.09556629461618113,16,2023-08-02,2023-08-30,three_or_more_periods,
2023-08,朝阳,26.322352941176476,26.37,26.16,26.44,0.09928049983284107,17,2023-08-02,2023-08-30,three_or_more_periods,
2023-08,海淀,16.26705882352941,16.26,15.85,17.53,0.41174574536178227,17,2023-08-02,2023-08-30,three_or_more_periods,
2023-08,丰台,12.384705882352943,12.4,12.31,12.57,0.06325717815580531,17,2023-08-02,2023-08-30,three_or_more_periods,
2023-08,石景山,23.21294117647059,23.02,22.6,25.12,0.6305728021596946,17,2023-08-02,2023-08-30,three_or_more_periods,
2023-08,门头沟,22.093529411764706,21.71,21.22,24.38,0.855686428959746,17,2023-08-02,2023-08-30,three_or_more_periods,
2023-08,房山,6.055454545454546,5.99,5.93,6.59,0.1867278038409725,11,2023-08-02,2023-08-30,three_or_more_periods,
2023-08,通州,6.920000000000001,6.95,6.61,7.12,0.15139352694220437,11,2023-08-02,2023-08-30,three_or_more_periods,
2023-08,顺义,19.973529411764705,20.0,19.66,20.69,0.26160421385345184,17,2023-08-02,2023-08-30,three_or_more_periods,
2023-08,昌平,20.536470588235293,20.6,20.09,21.23,0.3135869332511837,17,2023-08-02,2023-08-30,three_or_more_periods,
2023-08,大兴,14.363529411764704,14.37,14.18,14.51,0.09027327791701358,17,2023-08-02,2023-08-30,three_or_more_periods,
2023-08,怀柔,7.377058823529413,7.39,7.22,7.48,0.07121838824018291,17,2023-08-02,2023-08-30,three_or_more_periods,
2023-08,平谷,24.59294117647059,24.58,23.98,25.85,0.39320422025142304,17,2023-08-02,2023-08-30,three_or_more_periods,
2023-08,密云,19.25470588235294,19.23,19.06,19.71,0.16826755655275727,17,2023-08-02,2023-08-30,three_or_more_periods,
2023-08,延庆,7.087647058823529,7.06,6.87,7.49,0.1564260772603431,17,2023-08-02,2023-08-30,three_or_more_periods,
2023-09,东城,17.6925,17.72,17.5,17.83,0.13937359864766277,4,2023-09-07,2023-09-28,three_or_more_periods,
2023-09,西城,15.772499999999999,15.765,15.65,15.91,0.1102648327134872,4,2023-09-07,2023-09-28,three_or_more_periods,
2023-09,朝阳,25.895,25.86,25.74,26.12,0.16360521589077456,4,2023-09-07,2023-09-28,three_or_more_periods,
2023-09,海淀,15.39,15.315,15.17,15.76,0.25987176324743966,4,2023-09-07,2023-09-28,three_or_more_periods,
2023-09,丰台,12.122499999999999,12.094999999999999,12.04,12.26,0.09604686356149289,4,2023-09-07,2023-09-28,three_or_more_periods,
2023-09,石景山,22.009999999999998,21.97,21.72,22.38,0.29040202019499306,4,2023-09-07,2023-09-28,three_or_more_periods,
2023-09,门头沟,20.5975,20.54,20.39,20.92,0.24662724910277067,4,2023-09-07,2023-09-28,three_or_more_periods,
2023-09,房山,5.7225,5.68,5.55,5.98,0.18227726133558214,4,2023-09-07,2023-09-28,three_or_more_periods,
2023-09,通州,6.605,6.595000000000001,6.52,6.71,0.09469248474227868,4,2023-09-07,2023-09-28,three_or_more_periods,
2023-09,顺义,19.3825,19.32,19.15,19.74,0.2547384279347475,4,2023-09-07,2023-09-28,three_or_more_periods,
2023-09,昌平,19.744999999999997,19.689999999999998,19.49,20.11,0.26901053263146935,4,2023-09-07,2023-09-28,three_or_more_periods,
2023-09,大兴,14.0775,14.02,13.95,14.32,0.16500000000000042,4,2023-09-07,2023-09-28,three_or_more_periods,
2023-09,怀柔,7.5649999999999995,7.5649999999999995,7.55,7.58,0.01290994448735824,4,2023-09-07,2023-09-28,three_or_more_periods,
2023-09,平谷,23.7425,23.765,23.52,23.92,0.18264263832230815,4,2023-09-07,2023-09-28,three_or_more_periods,
2023-09,密云,19.142500000000002,19.145,18.91,19.37,0.18786076404259294,4,2023-09-07,2023-09-28,three_or_more_periods,
2023-09,延庆,6.64,6.645,6.48,6.79,0.1733974240485326,4,2023-09-07,2023-09-28,three_or_more_periods,
2023-10,东城,17.415,17.41,17.38,17.46,0.03316624790355472,4,2023-10-07,2023-10-28,three_or_more_periods,
2023-10,西城,15.4875,15.485,15.41,15.57,0.07135591542869227,4,2023-10-07,2023-10-28,three_or_more_periods,
2023-10,朝阳,25.569999999999997,25.58,25.49,25.63,0.06683312551921211,4,2023-10-07,2023-10-28,three_or_more_periods,
2023-10,海淀,14.809999999999999,14.805,14.69,14.94,0.11916375287812989,4,2023-10-07,2023-10-28,three_or_more_periods,
2023-10,丰台,12.017500000000002,12.024999999999999,11.98,12.04,0.026299556396765275,4,2023-10-07,2023-10-28,three_or_more_periods,
2023-10,石景山,21.325,21.275,21.16,21.59,0.1869937610367435,4,2023-10-07,2023-10-28,three_or_more_periods,
2023-10,门头沟,20.2425,20.295,19.94,20.44,0.21761969886325397,4,2023-10-07,2023-10-28,three_or_more_periods,
2023-10,房山,5.8325,5.865,5.72,5.88,0.0763216876123688,4,2023-10-07,2023-10-28,three_or_more_periods,
2023-10,通州,6.762499999999999,6.765,6.64,6.88,0.10468205831628143,4,2023-10-07,2023-10-28,three_or_more_periods,
2023-10,顺义,19.3725,19.4,19.17,19.52,0.1761391495380843,4,2023-10-07,2023-10-28,three_or_more_periods,
2023-10,昌平,19.185,19.2,19.02,19.32,0.13025615788386655,4,2023-10-07,2023-10-28,three_or_more_periods,
2023-10,大兴,13.875000000000002,13.870000000000001,13.84,13.92,0.03696845502136489,4,2023-10-07,2023-10-28,three_or_more_periods,
2023-10,怀柔,7.6175,7.630000000000001,7.55,7.66,0.049916597106239975,4,2023-10-07,2023-10-28,three_or_more_periods,
2023-10,平谷,23.692499999999995,23.695,23.56,23.82,0.11236102527122173,4,2023-10-07,2023-10-28,three_or_more_periods,
2023-10,密云,19.075,19.08,18.98,19.16,0.07549834435270761,4,2023-10-07,2023-10-28,three_or_more_periods,
2023-10,延庆,6.317499999999999,6.275,6.25,6.47,0.10307764064044142,4,2023-10-07,2023-10-28,three_or_more_periods,
2023-11,东城,17.435,17.439999999999998,17.38,17.48,0.04203173404306215,4,2023-11-07,2023-11-28,three_or_more_periods,
2023-11,西城,15.3575,15.35,15.33,15.4,0.03095695936834467,4,2023-11-07,2023-11-28,three_or_more_periods,
2023-11,朝阳,25.4375,25.43,25.4,25.49,0.041129875597509885,4,2023-11-07,2023-11-28,three_or_more_periods,
2023-11,海淀,14.2925,14.345,13.99,14.49,0.2397741993348464,4,2023-11-07,2023-11-28,three_or_more_periods,
2023-11,丰台,11.877500000000001,11.865,11.84,11.94,0.04787135538781681,4,2023-11-07,2023-11-28,three_or_more_periods,
2023-11,石景山,21.1875,21.17,21.12,21.29,0.0763216876123679,4,2023-11-07,2023-11-28,three_or_more_periods,
2023-11,门头沟,20.105,20.09,20.04,20.2,0.06806859285554057,4,2023-11-07,2023-11-28,three_or_more_periods,
2023-11,房山,5.97,6.03,5.83,6.05,0.12165525060596435,3,2023-11-07,2023-11-28,three_or_more_periods,
2023-11,通州,6.945,6.91,6.6,7.36,0.3129962726082642,4,2023-11-07,2023-11-28,three_or_more_periods,
2023-11,顺义,19.71,19.68,19.16,20.32,0.47546468498371863,4,2023-11-07,2023-11-28,three_or_more_periods,
2023-11,昌平,18.88,18.895,18.81,18.92,0.04966554808583888,4,2023-11-07,2023-11-28,three_or_more_periods,
2023-11,大兴,13.9975,13.975000000000001,13.85,14.19,0.15734781006843815,4,2023-11-07,2023-11-28,three_or_more_periods,
2023-11,怀柔,7.74,7.715,7.67,7.86,0.08755950357709154,4,2023-11-07,2023-11-28,three_or_more_periods,
2023-11,平谷,23.557499999999997,23.549999999999997,23.35,23.78,0.1759498034478394,4,2023-11-07,2023-11-28,three_or_more_periods,
2023-11,密云,19.4225,19.425,19.23,19.61,0.21093047827819172,4,2023-11-07,2023-11-28,three_or_more_periods,
2023-11,延庆,6.137500000000001,6.105,5.92,6.42,0.22156639336024472,4,2023-11-07,2023-11-28,three_or_more_periods,
2023-12,东城,17.342499999999998,17.345,17.3,17.38,0.03304037933599778,4,2023-12-07,2023-12-28,three_or_more_periods,
2023-12,西城,15.295,15.295,15.27,15.32,0.02081665999466174,4,2023-12-07,2023-12-28,three_or_more_periods,
2023-12,朝阳,25.2725,25.275,25.21,25.33,0.05057996968497717,4,2023-12-07,2023-12-28,three_or_more_periods,
2023-12,海淀,13.4225,13.42,13.2,13.65,0.18536001007049355,4,2023-12-07,2023-12-28,three_or_more_periods,
2023-12,丰台,11.81,11.815000000000001,11.78,11.83,0.02160246899469323,4,2023-12-07,2023-12-28,three_or_more_periods,
2023-12,石景山,21.630000000000003,21.64,21.39,21.85,0.19916492328386234,4,2023-12-07,2023-12-28,three_or_more_periods,
2023-12,门头沟,20.595000000000002,20.595,20.32,20.87,0.2327373340628162,4,2023-12-07,2023-12-28,three_or_more_periods,
2023-12,房山,5.965,5.965,5.9,6.03,0.0602771377334171,4,2023-12-07,2023-12-28,three_or_more_periods,
2023-12,通州,6.5775,6.57,6.5,6.67,0.0718215380880508,4,2023-12-07,2023-12-28,three_or_more_periods,
2023-12,顺义,18.732499999999998,18.7,18.45,19.08,0.2701080030901215,4,2023-12-07,2023-12-28,three_or_more_periods,
2023-12,昌平,18.36,18.384999999999998,18.13,18.54,0.1737814719698278,4,2023-12-07,2023-12-28,three_or_more_periods,
2023-12,大兴,13.34,13.36,13.11,13.53,0.17606816861659014,4,2023-12-07,2023-12-28,three_or_more_periods,
2023-12,怀柔,7.753333333333334,7.76,7.7,7.8,0.05033222956847147,3,2023-12-07,2023-12-21,three_or_more_periods,
2023-12,平谷,22.937499999999996,22.939999999999998,22.83,23.04,0.0917877987534297,4,2023-12-07,2023-12-28,three_or_more_periods,
2023-12,密云,19.4,19.415,19.22,19.55,0.14583095236151636,4,2023-12-07,2023-12-28,three_or_more_periods,
2023-12,延庆,6.02,6.02,5.74,6.3,0.290746166498087,4,2023-12-07,2023-12-28,three_or_more_periods,
2024-01,东城,17.284999999999997,17.310000000000002,17.18,17.34,0.07187952884282628,4,2024-01-07,2024-01-28,three_or_more_periods,
2024-01,西城,15.352500000000001,15.355,15.32,15.38,0.025000000000000116,4,2024-01-07,2024-01-28,three_or_more_periods,
2024-01,朝阳,24.9525,24.955,24.85,25.05,0.08261355820929107,4,2024-01-07,2024-01-28,three_or_more_periods,
2024-01,海淀,12.875,12.875,12.68,13.07,0.16340134638368214,4,2024-01-07,2024-01-28,three_or_more_periods,
2024-01,丰台,11.89,11.89,11.84,11.94,0.0439696865275764,4,2024-01-07,2024-01-28,three_or_more_periods,
2024-01,石景山,22.302500000000002,22.3,22.04,22.57,0.2447277398797835,4,2024-01-07,2024-01-28,three_or_more_periods,
2024-01,门头沟,21.445000000000004,21.43,21.16,21.76,0.2708628189077768,4,2024-01-07,2024-01-28,three_or_more_periods,
2024-01,房山,5.955,5.955,5.94,5.97,0.01290994448735778,4,2024-01-07,2024-01-28,three_or_more_periods,
2024-01,通州,6.4975,6.495,6.48,6.52,0.01707825127659897,4,2024-01-07,2024-01-28,three_or_more_periods,
2024-01,顺义,18.155,18.15,18.03,18.29,0.11387127235025708,4,2024-01-07,2024-01-28,three_or_more_periods,
2024-01,昌平,17.705000000000002,17.7,17.48,17.94,0.1963839776220729,4,2024-01-07,2024-01-28,three_or_more_periods,
2024-01,大兴,13.0075,13.01,12.92,13.09,0.06994045086119091,4,2024-01-07,2024-01-28,three_or_more_periods,
2024-01,怀柔,7.875,7.88,7.85,7.89,0.017320508075688832,4,2024-01-07,2024-01-28,three_or_more_periods,
2024-01,平谷,22.7075,22.7,22.67,22.76,0.037749172176354005,4,2024-01-07,2024-01-28,three_or_more_periods,
2024-01,密云,19.095,19.09,19.08,19.12,0.017320508075689772,4,2024-01-07,2024-01-28,three_or_more_periods,
2024-01,延庆,5.66,5.67,5.61,5.69,0.035590260840104276,4,2024-01-07,2024-01-28,three_or_more_periods,
2024-02,东城,17.169999999999998,17.15,17.13,17.25,0.05656854249492427,4,2024-02-07,2024-02-28,three_or_more_periods,
2024-02,西城,15.295000000000002,15.29,15.27,15.33,0.03000000000000035,4,2024-02-07,2024-02-28,three_or_more_periods,
2024-02,朝阳,24.497500000000002,24.465,24.38,24.68,0.12816005617976314,4,2024-02-07,2024-02-28,three_or_more_periods,
2024-02,海淀,12.26,12.219999999999999,12.11,12.49,0.16370705543744934,4,2024-02-07,2024-02-28,three_or_more_periods,
2024-02,丰台,11.864999999999998,11.87,11.85,11.87,0.009999999999999787,4,2024-02-07,2024-02-28,three_or_more_periods,
2024-02,石景山,22.927500000000002,22.935000000000002,22.75,23.09,0.14885675440951035,4,2024-02-07,2024-02-28,three_or_more_periods,
2024-02,门头沟,22.3575,22.355,22.04,22.68,0.2868652413009752,4,2024-02-07,2024-02-28,three_or_more_periods,
2024-02,房山,5.9475,5.945,5.93,5.97,0.01707825127659927,4,2024-02-07,2024-02-28,three_or_more_periods,
2024-02,通州,6.4375,6.43,6.42,6.47,0.02217355782608341,4,2024-02-07,2024-02-28,three_or_more_periods,
2024-02,顺义,17.7025,17.64,17.61,17.92,0.14591664287073988,4,2024-02-07,2024-02-28,three_or_more_periods,
2024-02,昌平,17.005,16.96,16.83,17.27,0.19330459556530696,4,2024-02-07,2024-02-28,three_or_more_periods,
2024-02,大兴,12.8175,12.815000000000001,12.79,12.85,0.025000000000000116,4,2024-02-07,2024-02-28,three_or_more_periods,
2024-02,怀柔,7.915000000000001,7.915,7.9,7.93,0.01290994448735778,4,2024-02-07,2024-02-28,three_or_more_periods,
2024-02,平谷,22.6725,22.68,22.63,22.7,0.030956959368344958,4,2024-02-07,2024-02-28,three_or_more_periods,
2024-02,密云,19.182499999999997,19.18,19.12,19.25,0.05852349955359817,4,2024-02-07,2024-02-28,three_or_more_periods,
2024-02,延庆,5.535,5.529999999999999,5.51,5.57,0.02645751311064618,4,2024-02-07,2024-02-28,three_or_more_periods,
2024-03,东城,16.98,16.99,16.85,17.09,0.1230176139149722,4,2024-03-07,2024-03-28,three_or_more_periods,
2024-03,西城,15.282499999999999,15.27,15.26,15.33,0.033040379335998495,4,2024-03-07,2024-03-28,three_or_more_periods,
2024-03,朝阳,24.525,24.54,24.46,24.56,0.04434711565216596,4,2024-03-07,2024-03-28,three_or_more_periods,
2024-03,海淀,12.1375,12.135,12.08,12.2,0.06652067347824996,4,2024-03-07,2024-03-28,three_or_more_periods,
2024-03,丰台,12.002500000000001,12.004999999999999,11.91,12.09,0.0763216876123685,4,2024-03-07,2024-03-28,three_or_more_periods,
2024-03,石景山,23.087500000000002,23.1,22.95,23.2,0.10594810050208536,4,2024-03-07,2024-03-28,three_or_more_periods,
2024-03,门头沟,22.89,22.884999999999998,22.86,22.93,0.03162277660168349,4,2024-03-07,2024-03-28,three_or_more_periods,
2024-03,房山,6.14,6.109999999999999,5.98,6.36,0.16891812612426568,4,2024-03-07,2024-03-28,three_or_more_periods,
2024-03,通州,6.6725,6.58,6.41,7.12,0.3127698834606683,4,2024-03-07,2024-03-28,three_or_more_periods,
2024-03,顺义,18.0825,17.955,17.68,18.74,0.4650716790632019,4,2024-03-07,2024-03-28,three_or_more_periods,
2024-03,昌平,16.93,16.94,16.8,17.04,0.11401754250991344,4,2024-03-07,2024-03-28,three_or_more_periods,
2024-03,大兴,13.0075,12.96,12.81,13.3,0.22291627725822716,4,2024-03-07,2024-03-28,three_or_more_periods,
2024-03,怀柔,7.99,7.955,7.93,8.12,0.08755950357709097,4,2024-03-07,2024-03-28,three_or_more_periods,
2024-03,平谷,22.94,22.895,22.69,23.28,0.2608958923913268,4,2024-03-07,2024-03-28,three_or_more_periods,
2024-03,密云,19.3625,19.36,19.28,19.45,0.07135591542869135,4,2024-03-07,2024-03-28,three_or_more_periods,
2024-03,延庆,5.525,5.5,5.48,5.62,0.06454972243679022,4,2024-03-07,2024-03-28,three_or_more_periods,
2024-04,东城,16.925,16.93,16.9,16.94,0.0191485421551279,4,2024-04-07,2024-04-28,three_or_more_periods,
2024-04,西城,15.5275,15.565000000000001,15.4,15.58,0.08539125638299659,4,2024-04-07,2024-04-28,three_or_more_periods,
2024-04,朝阳,24.6175,24.625,24.56,24.66,0.0434932945023337,4,2024-04-07,2024-04-28,three_or_more_periods,
2024-04,海淀,12.48,12.504999999999999,12.32,12.59,0.12935738607954828,4,2024-04-07,2024-04-28,three_or_more_periods,
2024-04,丰台,12.157499999999999,12.155000000000001,12.12,12.2,0.034999999999999885,4,2024-04-07,2024-04-28,three_or_more_periods,
2024-04,石景山,22.509999999999998,22.5,22.18,22.86,0.2946183972531249,4,2024-04-07,2024-04-28,three_or_more_periods,
2024-04,门头沟,22.3275,22.335,21.9,22.74,0.36854443422740735,4,2024-04-07,2024-04-28,three_or_more_periods,
2024-04,房山,6.7924999999999995,6.795,6.64,6.94,0.12311918344975083,4,2024-04-07,2024-04-28,three_or_more_periods,
2024-04,通州,7.529999999999999,7.475,7.31,7.86,0.23622023622035465,4,2024-04-07,2024-04-28,three_or_more_periods,
2024-04,顺义,20.134999999999998,19.96,19.56,21.06,0.7086842268128539,4,2024-04-07,2024-04-28,three_or_more_periods,
2024-04,昌平,17.355,17.345,17.23,17.5,0.1167618659209131,4,2024-04-07,2024-04-28,three_or_more_periods,
2024-04,大兴,14.125,14.055,13.93,14.46,0.23130067012440814,4,2024-04-07,2024-04-28,three_or_more_periods,
2024-04,怀柔,8.180000000000001,8.175,8.13,8.24,0.05354126134736322,4,2024-04-07,2024-04-28,three_or_more_periods,
2024-04,平谷,24.189999999999998,24.12,23.86,24.66,0.3853137249912944,4,2024-04-07,2024-04-28,three_or_more_periods,
2024-04,密云,19.314999999999998,19.314999999999998,19.27,19.36,0.03696845502136474,4,2024-04-07,2024-04-28,three_or_more_periods,
2024-04,延庆,6.7924999999999995,6.855,6.33,7.13,0.36058979464205565,4,2024-04-07,2024-04-28,three_or_more_periods,
2024-05,东城,16.927500000000002,16.915,16.8,17.08,0.1268529332205857,4,2024-05-07,2024-05-28,three_or_more_periods,
2024-05,西城,15.437500000000002,15.42,15.38,15.53,0.06499999999999946,4,2024-05-07,2024-05-28,three_or_more_periods,
2024-05,朝阳,24.7675,24.725,24.62,25.0,0.16680827317612254,4,2024-05-07,2024-05-28,three_or_more_periods,
2024-05,海淀,12.799999999999999,12.809999999999999,12.56,13.02,0.18885620632287023,4,2024-05-07,2024-05-28,three_or_more_periods,
2024-05,丰台,12.2125,12.215,12.18,12.24,0.02753785273643089,4,2024-05-07,2024-05-28,three_or_more_periods,
2024-05,石景山,21.725,21.785,21.39,21.94,0.2561900336338894,4,2024-05-07,2024-05-28,three_or_more_periods,
2024-05,门头沟,21.385000000000005,21.365000000000002,21.21,21.6,0.16502525059315445,4,2024-05-07,2024-05-28,three_or_more_periods,
2024-05,房山,7.375,7.4,7.04,7.66,0.30259984578096966,4,2024-05-07,2024-05-28,three_or_more_periods,
2024-05,通州,7.709999999999999,7.62,7.35,8.25,0.42197946237544154,4,2024-05-07,2024-05-28,three_or_more_periods,
2024-05,顺义,20.8275,20.814999999999998,20.04,21.64,0.6705905357717685,4,2024-05-07,2024-05-28,three_or_more_periods,
2024-05,昌平,17.675,17.700000000000003,17.4,17.9,0.2217355782608346,4,2024-05-07,2024-05-28,three_or_more_periods,
2024-05,大兴,14.607500000000002,14.58,14.25,15.02,0.39978119015281366,4,2024-05-07,2024-05-28,three_or_more_periods,
2024-05,怀柔,8.372499999999999,8.34,8.34,8.47,0.06500000000000039,4,2024-05-07,2024-05-28,three_or_more_periods,
2024-05,平谷,24.91,24.925,24.47,25.32,0.3486163124888647,4,2024-05-07,2024-05-28,three_or_more_periods,
2024-05,密云,19.1325,19.155,19.01,19.21,0.08655441448399168,4,2024-05-07,2024-05-28,three_or_more_periods,
2024-05,延庆,6.9375,6.92,6.81,7.1,0.1499722196497295,4,2024-05-07,2024-05-28,three_or_more_periods,
2024-06,东城,17.0675,17.08,17.0,17.11,0.04716990566028254,4,2024-06-07,2024-06-28,three_or_more_periods,
2024-06,西城,15.2775,15.274999999999999,15.22,15.34,0.05057996968497805,4,2024-06-07,2024-06-28,three_or_more_periods,
2024-06,朝阳,25.085,25.09,24.84,25.32,0.20207259421636892,4,2024-06-07,2024-06-28,three_or_more_periods,
2024-06,海淀,13.065000000000001,13.085,12.78,13.31,0.222186108176607,4,2024-06-07,2024-06-28,three_or_more_periods,
2024-06,丰台,12.137500000000001,12.135000000000002,12.12,12.16,0.017078251276599572,4,2024-06-07,2024-06-28,three_or_more_periods,
2024-06,石景山,21.002499999999998,20.975,20.83,21.23,0.18025444978326288,4,2024-06-07,2024-06-28,three_or_more_periods,
2024-06,门头沟,20.78,20.805,20.52,20.99,0.20896570691543237,4,2024-06-07,2024-06-28,three_or_more_periods,
2024-06,房山,7.505000000000001,7.515,7.23,7.76,0.23951339558919568,4,2024-06-07,2024-06-28,three_or_more_periods,
2024-06,通州,7.4875,7.5,7.09,7.86,0.32314857264113067,4,2024-06-07,2024-06-28,three_or_more_periods,
2024-06,顺义,20.817500000000003,20.61,20.23,21.82,0.6936557743818854,4,2024-06-07,2024-06-28,three_or_more_periods,
2024-06,昌平,17.9575,17.94,17.65,18.3,0.2721978447134861,4,2024-06-07,2024-06-28,three_or_more_periods,
2024-06,大兴,14.7,14.690000000000001,14.15,15.27,0.5113381138411907,4,2024-06-07,2024-06-28,three_or_more_periods,
2024-06,怀柔,8.4,8.344999999999999,8.3,8.61,0.14165686240583814,4,2024-06-07,2024-06-28,three_or_more_periods,
2024-06,平谷,25.572499999999998,25.415,25.02,26.44,0.6506086893568728,4,2024-06-07,2024-06-28,three_or_more_periods,
2024-06,密云,18.87,18.869999999999997,18.74,19.0,0.11690451944500195,4,2024-06-07,2024-06-28,three_or_more_periods,
2024-06,延庆,7.817499999999999,7.835,7.27,8.33,0.5038104802403384,4,2024-06-07,2024-06-28,three_or_more_periods,
2024-07,东城,17.0,17.0,16.95,17.05,0.04396968652757681,4,2024-07-07,2024-07-28,three_or_more_periods,
2024-07,西城,15.115,15.129999999999999,15.04,15.16,0.05744562646538077,4,2024-07-07,2024-07-28,three_or_more_periods,
2024-07,朝阳,24.885000000000005,24.91,24.71,25.01,0.1350308606701937,4,2024-07-07,2024-07-28,three_or_more_periods,
2024-07,海淀,12.6475,12.635000000000002,12.47,12.85,0.1674066904278317,4,2024-07-07,2024-07-28,three_or_more_periods,
2024-07,丰台,12.012500000000001,12.015,11.96,12.06,0.04991659710623973,4,2024-07-07,2024-07-28,three_or_more_periods,
2024-07,石景山,20.259999999999998,20.28,19.91,20.57,0.2968725877094977,4,2024-07-07,2024-07-28,three_or_more_periods,
2024-07,门头沟,20.14,20.17,19.71,20.51,0.37049516416097333,4,2024-07-07,2024-07-28,three_or_more_periods,
2024-07,房山,7.005000000000001,7.055,6.74,7.17,0.18520259177452125,4,2024-07-07,2024-07-28,three_or_more_periods,
2024-07,通州,7.129999999999999,7.135,6.9,7.35,0.18743887892679367,4,2024-07-07,2024-07-28,three_or_more_periods,
2024-07,顺义,20.072499999999998,20.045,19.58,20.62,0.4465702632285329,4,2024-07-07,2024-07-28,three_or_more_periods,
2024-07,昌平,17.725,17.72,17.4,18.06,0.2867635495200414,4,2024-07-07,2024-07-28,three_or_more_periods,
2024-07,大兴,13.985,14.0,13.64,14.3,0.2901149197588205,4,2024-07-07,2024-07-28,three_or_more_periods,
2024-07,怀柔,8.067499999999999,8.085,7.84,8.26,0.18318933738985288,4,2024-07-07,2024-07-28,three_or_more_periods,
2024-07,平谷,25.345,25.314999999999998,25.01,25.74,0.3002776492958907,4,2024-07-07,2024-07-28,three_or_more_periods,
2024-07,密云,18.535,18.54,18.42,18.64,0.09574271077563307,4,2024-07-07,2024-07-28,three_or_more_periods,
2024-07,延庆,7.6975,7.6850000000000005,7.34,8.08,0.33807050546693174,4,2024-07-07,2024-07-28,three_or_more_periods,
2024-08,东城,16.53333333333333,16.47,16.24,16.89,0.3295957119462176,3,2024-08-07,2024-08-21,three_or_more_periods,
2024-08,西城,14.516666666666666,14.43,14.19,14.93,0.3775358702604739,3,2024-08-07,2024-08-21,three_or_more_periods,
2024-08,朝阳,24.166666666666668,24.17,23.96,24.37,0.20502032419575716,3,2024-08-07,2024-08-21,three_or_more_periods,
2024-08,海淀,11.766666666666666,11.73,11.46,12.11,0.32654759734735894,3,2024-08-07,2024-08-21,three_or_more_periods,
2024-08,丰台,11.666666666666666,11.64,11.52,11.84,0.1616580753730953,3,2024-08-07,2024-08-21,three_or_more_periods,
2024-08,石景山,18.97,18.79,18.69,19.43,0.40149719799769423,3,2024-08-07,2024-08-21,three_or_more_periods,
2024-08,门头沟,18.896666666666665,18.86,18.65,19.18,0.2668957349478137,3,2024-08-07,2024-08-21,three_or_more_periods,
2024-08,房山,6.196666666666666,6.13,5.93,6.53,0.3055050463303896,3,2024-08-07,2024-08-21,three_or_more_periods,
2024-08,通州,5.780000000000001,5.44,5.42,6.48,0.6063002556489648,3,2024-08-07,2024-08-21,three_or_more_periods,
2024-08,顺义,18.563333333333336,18.6,17.96,19.13,0.5858611894752308,3,2024-08-07,2024-08-21,three_or_more_periods,
2024-08,昌平,16.593333333333334,16.56,16.21,17.01,0.4010403138505326,3,2024-08-07,2024-08-21,three_or_more_periods,
2024-08,大兴,13.133333333333335,13.17,12.84,13.39,0.2768272626265945,3,2024-08-07,2024-08-21,three_or_more_periods,
2024-08,怀柔,6.78,6.6,6.48,7.26,0.4199999999999998,3,2024-08-07,2024-08-21,three_or_more_periods,
2024-08,平谷,20.55666666666667,20.51,18.68,22.48,1.900429775954201,3,2024-08-07,2024-08-21,three_or_more_periods,
2024-08,密云,17.363333333333333,17.25,16.88,17.96,0.5488472768752108,3,2024-08-07,2024-08-21,three_or_more_periods,
2024-08,延庆,7.083333333333333,7.07,7.06,7.12,0.032145502536643326,3,2024-08-07,2024-08-21,three_or_more_periods,
2024-09,东城,15.72,15.675,15.6,15.93,0.15121728296285022,4,2024-09-07,2024-09-28,three_or_more_periods,
2024-09,西城,13.5275,13.52,13.36,13.71,0.15413738460650464,4,2024-09-07,2024-09-28,three_or_more_periods,
2024-09,朝阳,23.425000000000004,23.425,23.21,23.64,0.1811997056656916,4,2024-09-07,2024-09-28,three_or_more_periods,
2024-09,海淀,10.6225,10.62,10.38,10.87,0.21045585443666429,4,2024-09-07,2024-09-28,three_or_more_periods,
2024-09,丰台,11.1725,11.17,11.15,11.2,0.02061552812808786,4,2024-09-07,2024-09-28,three_or_more_periods,
2024-09,石景山,17.81,17.770000000000003,17.63,18.07,0.1966384160500353,4,2024-09-07,2024-09-28,three_or_more_periods,
2024-09,门头沟,16.7175,16.685000000000002,16.28,17.22,0.41120757126622276,4,2024-09-07,2024-09-28,three_or_more_periods,
2024-09,房山,5.56,5.56,5.51,5.61,0.052281290471193925,4,2024-09-07,2024-09-28,three_or_more_periods,
2024-09,通州,5.3325,5.335,5.32,5.34,0.009574271077563177,4,2024-09-07,2024-09-28,three_or_more_periods,
2024-09,顺义,17.09,17.065,16.84,17.39,0.22818121453499796,4,2024-09-07,2024-09-28,three_or_more_periods,
2024-09,昌平,15.514999999999999,15.5,15.29,15.77,0.20273134932713316,4,2024-09-07,2024-09-28,three_or_more_periods,
2024-09,大兴,12.594999999999999,12.61,12.5,12.66,0.0675771164423776,4,2024-09-07,2024-09-28,three_or_more_periods,
2024-09,怀柔,6.302499999999999,6.285,6.22,6.42,0.0850000000000001,4,2024-09-07,2024-09-28,three_or_more_periods,
2024-09,平谷,15.6775,15.68,15.57,15.78,0.08578072821638476,4,2024-09-07,2024-09-28,three_or_more_periods,
2024-09,密云,15.442499999999999,15.495000000000001,15.09,15.69,0.2539520952200761,4,2024-09-07,2024-09-28,three_or_more_periods,
2024-09,延庆,6.385000000000001,6.355,6.21,6.62,0.1767295485574876,4,2024-09-07,2024-09-28,three_or_more_periods,
2024-10,东城,15.2675,15.245000000000001,15.22,15.36,0.06291528696058911,4,2024-10-07,2024-10-28,three_or_more_periods,
2024-10,西城,13.1175,13.11,13.02,13.23,0.08958236433584496,4,2024-10-07,2024-10-28,three_or_more_periods,
2024-10,朝阳,22.925,22.93,22.81,23.03,0.0957427107756345,4,2024-10-07,2024-10-28,three_or_more_periods,
2024-10,海淀,10.092500000000001,10.09,9.99,10.2,0.09878427675158283,4,2024-10-07,2024-10-28,three_or_more_periods,
2024-10,丰台,11.1525,11.145,11.12,11.2,0.03403429642777007,4,2024-10-07,2024-10-28,three_or_more_periods,
2024-10,石景山,17.6425,17.625,17.58,17.74,0.07410578025138553,4,2024-10-07,2024-10-28,three_or_more_periods,
2024-10,门头沟,16.2525,16.270000000000003,16.17,16.3,0.057373048260194646,4,2024-10-07,2024-10-28,three_or_more_periods,
2024-10,房山,5.5675,5.545,5.52,5.66,0.06396613687465176,4,2024-10-07,2024-10-28,three_or_more_periods,
2024-10,通州,5.4375,5.445,5.4,5.46,0.028722813232689996,4,2024-10-07,2024-10-28,three_or_more_periods,
2024-10,顺义,16.4075,16.44,16.22,16.53,0.13200378782444194,4,2024-10-07,2024-10-28,three_or_more_periods,
2024-10,昌平,14.9975,15.02,14.87,15.08,0.09535023160258581,4,2024-10-07,2024-10-28,three_or_more_periods,
2024-10,大兴,12.294999999999998,12.309999999999999,12.16,12.4,0.10472185381603343,4,2024-10-07,2024-10-28,three_or_more_periods,
2024-10,怀柔,6.2765,6.273,6.19,6.37,0.09170059977993579,4,2024-10-07,2024-10-28,three_or_more_periods,
2024-10,平谷,15.93,15.84,15.66,16.38,0.32444824959716806,4,2024-10-07,2024-10-28,three_or_more_periods,
2024-10,密云,15.0825,15.08,15.06,15.11,0.02061552812808786,4,2024-10-07,2024-10-28,three_or_more_periods,
2024-10,延庆,6.0075,5.99,5.9,6.15,0.11500000000000007,4,2024-10-07,2024-10-28,three_or_more_periods,
2024-11,东城,15.162499999999998,15.165,15.02,15.3,0.12971121771072894,4,2024-11-07,2024-11-28,three_or_more_periods,
2024-11,西城,13.005,13.0,12.89,13.13,0.10344080432788588,4,2024-11-07,2024-11-28,three_or_more_periods,
2024-11,朝阳,22.6,22.605,22.44,22.75,0.12675435561220974,4,2024-11-07,2024-11-28,three_or_more_periods,
2024-11,海淀,9.882499999999999,9.875,9.76,10.02,0.11265729744080781,4,2024-11-07,2024-11-28,three_or_more_periods,
2024-11,丰台,11.3575,11.36,11.31,11.4,0.049244289008980494,4,2024-11-07,2024-11-28,three_or_more_periods,
2024-11,石景山,17.9675,17.945,17.9,18.08,0.08057087976847806,4,2024-11-07,2024-11-28,three_or_more_periods,
2024-11,门头沟,16.4675,16.455,16.41,16.55,0.06238322424071003,4,2024-11-07,2024-11-28,three_or_more_periods,
2024-11,房山,5.735,5.735,5.67,5.8,0.06454972243679022,4,2024-11-07,2024-11-28,three_or_more_periods,
2024-11,通州,5.695,5.654999999999999,5.57,5.9,0.1438749456993817,4,2024-11-07,2024-11-28,three_or_more_periods,
2024-11,顺义,16.815,16.79,16.62,17.06,0.18211717839530212,4,2024-11-07,2024-11-28,three_or_more_periods,
2024-11,昌平,14.67,14.684999999999999,14.47,14.84,0.1520964606206641,4,2024-11-07,2024-11-28,three_or_more_periods,
2024-11,大兴,12.127500000000001,12.135000000000002,12.09,12.15,0.026299556396766118,4,2024-11-07,2024-11-28,three_or_more_periods,
2024-11,怀柔,6.53,6.529999999999999,6.46,6.6,0.05944184833375657,4,2024-11-07,2024-11-28,three_or_more_periods,
2024-11,平谷,17.0575,17.049999999999997,16.82,17.31,0.20172175556113522,4,2024-11-07,2024-11-28,three_or_more_periods,
2024-11,密云,15.1875,15.190000000000001,15.16,15.21,0.026299556396766288,4,2024-11-07,2024-11-28,three_or_more_periods,
2024-11,延庆,5.79,5.795,5.71,5.86,0.06164414002968989,4,2024-11-07,2024-11-28,three_or_more_periods,
2024-12,东城,15.1275,15.115,15.01,15.27,0.11615363389350597,4,2024-12-07,2024-12-28,three_or_more_periods,
2024-12,西城,12.945,12.95,12.86,13.02,0.06608075867199686,4,2024-12-07,2024-12-28,three_or_more_periods,
2024-12,朝阳,22.287499999999998,22.284999999999997,22.16,22.42,0.11236102527122178,4,2024-12-07,2024-12-28,three_or_more_periods,
2024-12,海淀,9.5875,9.59,9.47,9.7,0.09708243919473733,4,2024-12-07,2024-12-28,three_or_more_periods,
2024-12,丰台,11.497499999999999,11.51,11.45,11.52,0.033040379335998495,4,2024-12-07,2024-12-28,three_or_more_periods,
2024-12,石景山,18.3325,18.325000000000003,18.23,18.45,0.09251126057585234,4,2024-12-07,2024-12-28,three_or_more_periods,
2024-12,门头沟,16.68,16.68,16.66,16.7,0.016329931618554172,4,2024-12-07,2024-12-28,three_or_more_periods,
2024-12,房山,5.7775,5.775,5.74,5.82,0.03862210075418823,4,2024-12-07,2024-12-28,three_or_more_periods,
2024-12,通州,5.5325,5.51,5.5,5.61,0.052519837521962626,4,2024-12-07,2024-12-28,three_or_more_periods,
2024-12,顺义,16.189999999999998,16.174999999999997,15.92,16.49,0.24589970855343946,4,2024-12-07,2024-12-28,three_or_more_periods,
2024-12,昌平,14.2425,14.235,14.04,14.46,0.17969882210706595,4,2024-12-07,2024-12-28,three_or_more_periods,
2024-12,大兴,11.7225,11.705,11.55,11.93,0.16276260831857703,4,2024-12-07,2024-12-28,three_or_more_periods,
2024-12,怀柔,6.66,6.67,6.62,6.68,0.027080128015453064,4,2024-12-07,2024-12-28,three_or_more_periods,
2024-12,平谷,16.9975,17.015,16.85,17.11,0.1081280105553898,4,2024-12-07,2024-12-28,three_or_more_periods,
2024-12,密云,15.232500000000002,15.235,15.22,15.24,0.009574271077563177,4,2024-12-07,2024-12-28,three_or_more_periods,
2024-12,延庆,5.597499999999999,5.6,5.52,5.67,0.06344288770224775,4,2024-12-07,2024-12-28,three_or_more_periods,
2025-01,东城,14.967500000000001,14.965,14.96,14.98,0.009574271077563177,4,2025-01-07,2025-01-28,three_or_more_periods,
2025-01,西城,12.887500000000001,12.885000000000002,12.87,12.91,0.017078251276599572,4,2025-01-07,2025-01-28,three_or_more_periods,
2025-01,朝阳,21.88,21.9,21.72,22.0,0.12649110640673586,4,2025-01-07,2025-01-28,three_or_more_periods,
2025-01,海淀,9.335,9.34,9.27,9.39,0.055075705472861135,4,2025-01-07,2025-01-28,three_or_more_periods,
2025-01,丰台,11.635000000000002,11.635000000000002,11.6,11.67,0.02886751345948139,4,2025-01-07,2025-01-28,three_or_more_periods,
2025-01,石景山,18.6775,18.68,18.56,18.79,0.09708243919473841,4,2025-01-07,2025-01-28,three_or_more_periods,
2025-01,门头沟,16.9075,16.91,16.79,17.02,0.09708243919473841,4,2025-01-07,2025-01-28,three_or_more_periods,
2025-01,房山,5.7725,5.775,5.74,5.8,0.02499999999999988,4,2025-01-07,2025-01-28,three_or_more_periods,
2025-01,通州,5.515,5.515000000000001,5.49,5.54,0.023804761428476155,4,2025-01-07,2025-01-28,three_or_more_periods,
2025-01,顺义,15.54,15.559999999999999,15.33,15.71,0.16206994374857644,4,2025-01-07,2025-01-28,three_or_more_periods,
2025-01,昌平,13.715000000000002,13.745000000000001,13.49,13.88,0.17406895185529234,4,2025-01-07,2025-01-28,three_or_more_periods,
2025-01,大兴,11.354999999999999,11.36,11.26,11.44,0.08062257748298543,4,2025-01-07,2025-01-28,three_or_more_periods,
2025-01,怀柔,6.734999999999999,6.6899999999999995,6.66,6.9,0.1112055154507487,4,2025-01-07,2025-01-28,three_or_more_periods,
2025-01,平谷,17.3275,17.325000000000003,17.23,17.43,0.08421203397773164,4,2025-01-07,2025-01-28,three_or_more_periods,
2025-01,密云,15.4675,15.475,15.27,15.65,0.19050371824892742,4,2025-01-07,2025-01-28,three_or_more_periods,
2025-01,延庆,5.445,5.445,5.4,5.49,0.042031734043061555,4,2025-01-07,2025-01-28,three_or_more_periods,
2025-02,东城,14.6775,14.685,14.35,14.99,0.31489416211377025,4,2025-02-07,2025-02-28,three_or_more_periods,
2025-02,西城,12.7925,12.795,12.66,12.92,0.11870832602082554,4,2025-02-07,2025-02-28,three_or_more_periods,
2025-02,朝阳,21.57,21.58,21.5,21.62,0.055976185412488964,4,2025-02-07,2025-02-28,three_or_more_periods,
2025-02,海淀,9.17,9.175,9.13,9.2,0.03162277660168312,4,2025-02-07,2025-02-28,three_or_more_periods,
2025-02,丰台,11.57,11.575,11.53,11.6,0.03162277660168387,4,2025-02-07,2025-02-28,three_or_more_periods,
2025-02,石景山,19.055,19.064999999999998,18.94,19.15,0.10598742063723056,4,2025-02-07,2025-02-28,three_or_more_periods,
2025-02,门头沟,17.275000000000002,17.26,17.19,17.39,0.08346656017032573,4,2025-02-07,2025-02-28,three_or_more_periods,
2025-02,房山,5.930000000000001,5.915,5.84,6.05,0.09486832980505132,4,2025-02-07,2025-02-28,three_or_more_periods,
2025-02,通州,5.595000000000001,5.595,5.53,5.66,0.06454972243679022,4,2025-02-07,2025-02-28,three_or_more_periods,
2025-02,顺义,15.1825,15.175,15.09,15.29,0.08995369179009055,4,2025-02-07,2025-02-28,three_or_more_periods,
2025-02,昌平,13.1175,13.125,12.99,13.23,0.09844626283748249,4,2025-02-07,2025-02-28,three_or_more_periods,
2025-02,大兴,11.1975,11.18,11.15,11.28,0.0618465843842645,4,2025-02-07,2025-02-28,three_or_more_periods,
2025-02,怀柔,6.6899999999999995,6.705,6.64,6.71,0.033665016461207085,4,2025-02-07,2025-02-28,three_or_more_periods,
2025-02,平谷,17.6575,17.645,17.52,17.82,0.13768926368215256,4,2025-02-07,2025-02-28,three_or_more_periods,
2025-02,密云,15.785,15.79,15.72,15.84,0.059160797830995905,4,2025-02-07,2025-02-28,three_or_more_periods,
2025-02,延庆,5.327500000000001,5.345,5.26,5.36,0.04573474244670759,4,2025-02-07,2025-02-28,three_or_more_periods,
2025-03,东城,14.28,14.280000000000001,14.12,14.44,0.16832508230603468,4,2025-03-07,2025-03-28,three_or_more_periods,
2025-03,西城,12.71,12.715,12.66,12.75,0.04242640687119292,4,2025-03-07,2025-03-28,three_or_more_periods,
2025-03,朝阳,21.735,21.729999999999997,21.64,21.84,0.0822597511950202,4,2025-03-07,2025-03-28,three_or_more_periods,
2025-03,海淀,9.4775,9.435,9.29,9.75,0.19517086531208175,4,2025-03-07,2025-03-28,three_or_more_periods,
2025-03,丰台,11.6225,11.620000000000001,11.6,11.65,0.022173557826083913,4,2025-03-07,2025-03-28,three_or_more_periods,
2025-03,石景山,18.7875,18.79,18.6,18.97,0.15456929406148656,4,2025-03-07,2025-03-28,three_or_more_periods,
2025-03,门头沟,16.7425,16.675,16.52,17.1,0.2532949532330513,4,2025-03-07,2025-03-28,three_or_more_periods,
2025-03,房山,6.297499999999999,6.285,6.04,6.58,0.23157072353818822,4,2025-03-07,2025-03-28,three_or_more_periods,
2025-03,通州,6.015000000000001,6.0,5.71,6.35,0.26639569566092197,4,2025-03-07,2025-03-28,three_or_more_periods,
2025-03,顺义,16.002499999999998,15.725000000000001,15.38,17.18,0.8143044066359127,4,2025-03-07,2025-03-28,three_or_more_periods,
2025-03,昌平,13.1225,13.06,12.99,13.38,0.1748094200360307,4,2025-03-07,2025-03-28,three_or_more_periods,
2025-03,大兴,11.68,11.61,11.31,12.19,0.3790338595253284,4,2025-03-07,2025-03-28,three_or_more_periods,
2025-03,怀柔,7.0175,7.005000000000001,6.89,7.17,0.11701139545645406,4,2025-03-07,2025-03-28,three_or_more_periods,
2025-03,平谷,18.400000000000002,18.310000000000002,17.92,19.06,0.47749345545253163,4,2025-03-07,2025-03-28,three_or_more_periods,
2025-03,密云,15.9525,15.95,15.89,16.02,0.053150729063672866,4,2025-03-07,2025-03-28,three_or_more_periods,
2025-03,延庆,5.3575,5.324999999999999,5.29,5.49,0.09069178573608544,4,2025-03-07,2025-03-28,three_or_more_periods,
2025-04,东城,13.909999999999998,13.905,13.85,13.98,0.0605530070819502,4,2025-04-07,2025-04-28,three_or_more_periods,
2025-04,西城,12.677500000000002,12.675,12.66,12.7,0.017078251276598965,4,2025-04-07,2025-04-28,three_or_more_periods,
2025-04,朝阳,21.6825,21.68,21.62,21.75,0.07228416147400381,4,2025-04-07,2025-04-28,three_or_more_periods,
2025-04,海淀,9.79,9.77,9.75,9.87,0.05477225575051631,4,2025-04-07,2025-04-28,three_or_more_periods,
2025-04,丰台,11.580000000000002,11.585,11.56,11.59,0.01414213562373065,4,2025-04-07,2025-04-28,three_or_more_periods,
2025-04,石景山,17.817500000000003,17.814999999999998,17.2,18.44,0.5385396921304879,4,2025-04-07,2025-04-28,three_or_more_periods,
2025-04,门头沟,15.6,15.555,15.01,16.28,0.5847506591132103,4,2025-04-07,2025-04-28,three_or_more_periods,
2025-04,房山,6.7275,6.67,6.46,7.11,0.2879091291825718,4,2025-04-07,2025-04-28,three_or_more_periods,
2025-04,通州,6.2749999999999995,6.285,6.05,6.48,0.21205345238091916,4,2025-04-07,2025-04-28,three_or_more_periods,
2025-04,顺义,17.785,17.805,17.06,18.47,0.7329620272110509,4,2025-04-07,2025-04-28,three_or_more_periods,
2025-04,昌平,13.52,13.515,13.43,13.62,0.09416297927883689,4,2025-04-07,2025-04-28,three_or_more_periods,
2025-04,大兴,12.569999999999999,12.475,12.14,13.19,0.44339598554790693,4,2025-04-07,2025-04-28,three_or_more_periods,
2025-04,怀柔,7.2775,7.305,7.05,7.45,0.1746186320719147,4,2025-04-07,2025-04-28,three_or_more_periods,
2025-04,平谷,19.8125,19.765,19.43,20.29,0.4160428663811779,4,2025-04-07,2025-04-28,three_or_more_periods,
2025-04,密云,16.045,16.035,16.03,16.08,0.023804761428474912,4,2025-04-07,2025-04-28,three_or_more_periods,
2025-04,延庆,6.4425,6.41,6.06,6.89,0.3595715042473009,4,2025-04-07,2025-04-28,three_or_more_periods,
2025-05,东城,13.945,13.95,13.88,14.0,0.05507570547286081,4,2025-05-07,2025-05-28,three_or_more_periods,
2025-05,西城,12.7,12.695,12.66,12.75,0.03741657386773941,4,2025-05-07,2025-05-28,three_or_more_periods,
2025-05,朝阳,21.620000000000005,21.645000000000003,21.51,21.68,0.0778888096369857,4,2025-05-07,2025-05-28,three_or_more_periods,
2025-05,海淀,9.745000000000001,9.765,9.63,9.82,0.08185352771872413,4,2025-05-07,2025-05-28,three_or_more_periods,
2025-05,丰台,11.532499999999999,11.524999999999999,11.51,11.57,0.026299556396766118,4,2025-05-07,2025-05-28,three_or_more_periods,
2025-05,石景山,16.195,16.14,15.79,16.71,0.4001249804748517,4,2025-05-07,2025-05-28,three_or_more_periods,
2025-05,门头沟,14.030000000000001,14.01,13.66,14.44,0.31937438845342603,4,2025-05-07,2025-05-28,three_or_more_periods,
2025-05,房山,6.9025,6.875,6.72,7.14,0.18227726133558186,4,2025-05-07,2025-05-28,three_or_more_periods,
2025-05,通州,6.35,6.395,6.05,6.56,0.2342363478768114,4,2025-05-07,2025-05-28,three_or_more_periods,
2025-05,顺义,18.12,17.990000000000002,17.71,18.79,0.47595517996270675,4,2025-05-07,2025-05-28,three_or_more_periods,
2025-05,昌平,13.5075,13.555,13.3,13.62,0.14637281168304386,4,2025-05-07,2025-05-28,three_or_more_periods,
2025-05,大兴,12.852825000000001,12.73065,12.47,13.48,0.4747475706450042,4,2025-05-07,2025-05-28,three_or_more_periods,
2025-05,怀柔,7.335,7.335,7.31,7.36,0.023804761428476283,4,2025-05-07,2025-05-28,three_or_more_periods,
2025-05,平谷,20.36,20.34,20.24,20.52,0.12355835328567145,4,2025-05-07,2025-05-28,three_or_more_periods,
2025-05,密云,16.072499999999998,16.095,16.0,16.1,0.04856267428111207,4,2025-05-07,2025-05-28,three_or_more_periods,
2025-05,延庆,6.3725000000000005,6.390000000000001,6.18,6.53,0.1619413474070168,4,2025-05-07,2025-05-28,three_or_more_periods,
2025-06,东城,14.1175,14.094999999999999,14.08,14.2,0.05560275772537395,4,2025-06-07,2025-06-28,three_or_more_periods,
2025-06,西城,12.69,12.69,12.68,12.7,0.008164965809277086,4,2025-06-07,2025-06-28,three_or_more_periods,
2025-06,朝阳,21.8525,21.85,21.71,22.0,0.13149778198382894,4,2025-06-07,2025-06-28,three_or_more_periods,
2025-06,海淀,10.0125,9.995000000000001,9.84,10.22,0.15903353943953688,4,2025-06-07,2025-06-28,three_or_more_periods,
2025-06,丰台,11.5175,11.515,11.5,11.54,0.020615528128087864,4,2025-06-07,2025-06-28,three_or_more_periods,
2025-06,石景山,15.3375,15.335,15.24,15.44,0.08180260794538656,4,2025-06-07,2025-06-28,three_or_more_periods,
2025-06,门头沟,13.502500000000001,13.485,13.38,13.66,0.11615363389350593,4,2025-06-07,2025-06-28,three_or_more_periods,
2025-06,房山,7.13,7.145,6.86,7.37,0.23252240035460373,4,2025-06-07,2025-06-28,three_or_more_periods,
2025-06,通州,6.7275,6.78,6.51,6.84,0.1477328670269417,4,2025-06-07,2025-06-28,three_or_more_periods,
2025-06,顺义,18.185000000000002,18.23,17.86,18.42,0.2608320021265294,4,2025-06-07,2025-06-28,three_or_more_periods,
2025-06,昌平,13.71,13.67,13.64,13.86,0.10392304845413212,4,2025-06-07,2025-06-28,three_or_more_periods,
2025-06,大兴,12.8725,12.934999999999999,12.39,13.23,0.37259227045122656,4,2025-06-07,2025-06-28,three_or_more_periods,
2025-06,怀柔,7.4675,7.45,7.38,7.59,0.09394147114027963,4,2025-06-07,2025-06-28,three_or_more_periods,
2025-06,平谷,21.15,21.14,20.86,21.46,0.2457641145488907,4,2025-06-07,2025-06-28,three_or_more_periods,
2025-06,密云,16.165,16.165,16.13,16.2,0.028867513459481495,4,2025-06-07,2025-06-28,three_or_more_periods,
2025-06,延庆,6.585,6.645,6.37,6.68,0.14479871085982304,4,2025-06-07,2025-06-28,three_or_more_periods,
2025-07,东城,13.9525,13.934999999999999,13.89,14.05,0.0694622199472492,4,2025-07-07,2025-07-28,three_or_more_periods,
2025-07,西城,12.6125,12.62,12.56,12.65,0.03774917217635353,4,2025-07-07,2025-07-28,three_or_more_periods,
2025-07,朝阳,21.3125,21.275,21.07,21.63,0.23865945054267812,4,2025-07-07,2025-07-28,three_or_more_periods,
2025-07,海淀,9.547500000000001,9.555,9.35,9.73,0.15671098663888708,4,2025-07-07,2025-07-28,three_or_more_periods,
2025-07,丰台,11.3775,11.385000000000002,11.26,11.48,0.09032349269892848,4,2025-07-07,2025-07-28,three_or_more_periods,
2025-07,石景山,15.0575,15.07,14.93,15.16,0.10688779163216013,4,2025-07-07,2025-07-28,three_or_more_periods,
2025-07,门头沟,13.62,13.629999999999999,13.53,13.69,0.08246211251235311,4,2025-07-07,2025-07-28,three_or_more_periods,
2025-07,房山,6.4075,6.415,5.95,6.85,0.3680919269240587,4,2025-07-07,2025-07-28,three_or_more_periods,
2025-07,通州,6.535,6.62,6.26,6.64,0.18375708603116966,4,2025-07-07,2025-07-28,three_or_more_periods,
2025-07,顺义,17.3825,17.465,16.96,17.64,0.2948869840012156,4,2025-07-07,2025-07-28,three_or_more_periods,
2025-07,昌平,13.28,13.3,13.01,13.51,0.20800641015763593,4,2025-07-07,2025-07-28,three_or_more_periods,
2025-07,大兴,12.045,12.07,11.67,12.37,0.28734416066220403,4,2025-07-07,2025-07-28,three_or_more_periods,
2025-07,怀柔,6.8950000000000005,6.970000000000001,6.53,7.11,0.25331140255951107,4,2025-07-07,2025-07-28,three_or_more_periods,
2025-07,平谷,21.2225,21.305,20.75,21.53,0.3501785258978631,4,2025-07-07,2025-07-28,three_or_more_periods,
2025-07,密云,16.12,16.18,15.94,16.18,0.1200000000000001,4,2025-07-07,2025-07-28,three_or_more_periods,
2025-07,延庆,6.795,6.76,6.31,7.35,0.45383550617670565,4,2025-07-07,2025-07-28,three_or_more_periods,
2025-08,东城,13.6275,13.675,13.42,13.74,0.14314910641239317,4,2025-08-07,2025-08-28,three_or_more_periods,
2025-08,西城,12.337500000000002,12.34,12.23,12.44,0.09178779875342877,4,2025-08-07,2025-08-28,three_or_more_periods,
2025-08,朝阳,20.572499999999998,20.59,20.3,20.81,0.22455511572885586,4,2025-08-07,2025-08-28,three_or_more_periods,
2025-08,海淀,8.944999999999999,8.985,8.69,9.12,0.18520259177452125,4,2025-08-07,2025-08-28,three_or_more_periods,
2025-08,丰台,10.8525,10.885000000000002,10.61,11.03,0.18874586088176887,4,2025-08-07,2025-08-28,three_or_more_periods,
2025-08,石景山,14.402500000000002,14.425,14.13,14.63,0.22618208004466933,4,2025-08-07,2025-08-28,three_or_more_periods,
2025-08,门头沟,13.2125,13.24,12.92,13.45,0.2282359889821642,4,2025-08-07,2025-08-28,three_or_more_periods,
2025-08,房山,4.8225,4.885,4.36,5.16,0.3386615813266492,4,2025-08-07,2025-08-28,three_or_more_periods,
2025-08,通州,5.807499999999999,5.93,5.31,6.06,0.3451931826287033,4,2025-08-07,2025-08-28,three_or_more_periods,
2025-08,顺义,15.7575,15.75,15.32,16.21,0.3920352875273689,4,2025-08-07,2025-08-28,three_or_more_periods,
2025-08,昌平,12.395,12.395,12.07,12.72,0.2788667543230401,4,2025-08-07,2025-08-28,three_or_more_periods,
2025-08,大兴,10.9975,11.030000000000001,10.61,11.32,0.3138338201447811,4,2025-08-07,2025-08-28,three_or_more_periods,
2025-08,怀柔,5.82,5.8100000000000005,5.58,6.08,0.2146314670934032,4,2025-08-07,2025-08-28,three_or_more_periods,
2025-08,平谷,14.530000000000001,14.305,13.31,16.2,1.2287934461630776,4,2025-08-07,2025-08-28,three_or_more_periods,
2025-08,密云,13.35,13.215,12.65,14.32,0.7370662566327852,4,2025-08-07,2025-08-28,three_or_more_periods,
2025-08,延庆,5.9025,5.98,5.46,6.19,0.313833820144781,4,2025-08-07,2025-08-28,three_or_more_periods,
2025-09,东城,13.21,13.225000000000001,13.1,13.29,0.0804155872120987,4,2025-09-07,2025-09-28,three_or_more_periods,
2025-09,西城,12.037499999999998,12.04,11.95,12.12,0.07365459931328124,4,2025-09-07,2025-09-28,three_or_more_periods,
2025-09,朝阳,20.025,20.025,19.89,20.16,0.1103026140518285,4,2025-09-07,2025-09-28,three_or_more_periods,
2025-09,海淀,8.545000000000002,8.559999999999999,8.46,8.6,0.06454972243678983,4,2025-09-07,2025-09-28,three_or_more_periods,
2025-09,丰台,10.3875,10.4,10.35,10.4,0.025000000000000355,4,2025-09-07,2025-09-28,three_or_more_periods,
2025-09,石景山,13.030000000000001,13.0,12.74,13.38,0.2784480801394281,4,2025-09-07,2025-09-28,three_or_more_periods,
2025-09,门头沟,12.26,12.23,12.15,12.43,0.11972189997378614,4,2025-09-07,2025-09-28,three_or_more_periods,
2025-09,房山,4.785,4.805,4.59,4.94,0.15154757228892432,4,2025-09-07,2025-09-28,three_or_more_periods,
2025-09,通州,5.2775,5.26,5.25,5.34,0.0419324854180304,4,2025-09-07,2025-09-28,three_or_more_periods,
2025-09,顺义,15.35,15.3,15.21,15.59,0.16573070526208045,4,2025-09-07,2025-09-28,three_or_more_periods,
2025-09,昌平,11.9,11.89,11.83,11.99,0.07071067811865492,4,2025-09-07,2025-09-28,three_or_more_periods,
2025-09,大兴,10.3375,10.335,10.24,10.44,0.09322910847297995,4,2025-09-07,2025-09-28,three_or_more_periods,
2025-09,怀柔,5.807499999999999,5.8149999999999995,5.68,5.92,0.10812801055539077,4,2025-09-07,2025-09-28,three_or_more_periods,
2025-09,平谷,13.045000000000002,13.010000000000002,12.85,13.31,0.19485036994234003,4,2025-09-07,2025-09-28,three_or_more_periods,
2025-09,密云,12.605,12.585,12.52,12.73,0.09949874371066253,4,2025-09-07,2025-09-28,three_or_more_periods,
2025-09,延庆,5.1175,5.109999999999999,5.01,5.24,0.09464847243000477,4,2025-09-07,2025-09-28,three_or_more_periods,
2025-10,东城,12.92,12.925,12.87,12.96,0.03741657386774004,4,2025-10-07,2025-10-28,three_or_more_periods,
2025-10,西城,11.84,11.835,11.76,11.93,0.07071067811865467,4,2025-10-07,2025-10-28,three_or_more_periods,
2025-10,朝阳,19.495,19.485,19.27,19.74,0.19330459556530588,4,2025-10-07,2025-10-28,three_or_more_periods,
2025-10,海淀,8.3475,8.329999999999998,8.22,8.51,0.12446552400832372,4,2025-10-07,2025-10-28,three_or_more_periods,
2025-10,丰台,10.45,10.47,10.39,10.47,0.040000000000000036,4,2025-10-07,2025-10-28,three_or_more_periods,
2025-10,石景山,13.5125,13.469999999999999,13.15,13.96,0.41443736961491956,4,2025-10-07,2025-10-28,three_or_more_periods,
2025-10,门头沟,12.5725,12.530000000000001,12.26,12.97,0.31542299641381066,4,2025-10-07,2025-10-28,three_or_more_periods,
2025-10,房山,4.664499999999999,4.629,4.47,4.93,0.1973921646536829,4,2025-10-07,2025-10-28,three_or_more_periods,
2025-10,通州,5.045,4.975,4.92,5.31,0.1823001188516708,4,2025-10-07,2025-10-28,three_or_more_periods,
2025-10,顺义,14.7925,14.719999999999999,14.61,15.12,0.22499999999999987,4,2025-10-07,2025-10-28,three_or_more_periods,
2025-10,昌平,11.465,11.435,11.27,11.72,0.19226717521893016,4,2025-10-07,2025-10-28,three_or_more_periods,
2025-10,大兴,9.8275,9.809999999999999,9.6,10.09,0.20694202086574878,4,2025-10-07,2025-10-28,three_or_more_periods,
2025-10,怀柔,6.0575,6.0600000000000005,6.02,6.09,0.03774917217635375,4,2025-10-07,2025-10-28,three_or_more_periods,
2025-10,平谷,13.4125,13.365,13.3,13.62,0.14453949863849155,4,2025-10-07,2025-10-28,three_or_more_periods,
2025-10,密云,12.925,12.92,12.86,13.0,0.06244997998398398,4,2025-10-07,2025-10-28,three_or_more_periods,
2025-10,延庆,4.71,4.69,4.61,4.85,0.10583005244258333,4,2025-10-07,2025-10-28,three_or_more_periods,
2025-11,东城,12.8875,12.89,12.82,12.95,0.06701989754294325,4,2025-11-07,2025-11-28,three_or_more_periods,
2025-11,西城,11.677499999999998,11.675,11.63,11.73,0.042720018726587476,4,2025-11-07,2025-11-28,three_or_more_periods,
2025-11,朝阳,19.2175,19.23,19.15,19.26,0.049916597106240836,4,2025-11-07,2025-11-28,three_or_more_periods,
2025-11,海淀,8.25,8.254999999999999,8.21,8.28,0.02943920288775886,4,2025-11-07,2025-11-28,three_or_more_periods,
2025-11,丰台,10.655,10.665,10.59,10.7,0.05446711546122685,4,2025-11-07,2025-11-28,three_or_more_periods,
2025-11,石景山,15.0625,15.08,14.54,15.55,0.43061003239590295,4,2025-11-07,2025-11-28,three_or_more_periods,
2025-11,门头沟,13.9225,13.915,13.49,14.37,0.38099650042137273,4,2025-11-07,2025-11-28,three_or_more_periods,
2025-11,房山,4.765499999999999,4.752,4.684,4.874,0.08332066570385348,4,2025-11-07,2025-11-28,three_or_more_periods,
2025-11,通州,5.1825,5.15,4.95,5.48,0.25552234083669995,4,2025-11-07,2025-11-28,three_or_more_periods,
2025-11,顺义,15.1675,15.225,14.65,15.57,0.39279977936178456,4,2025-11-07,2025-11-28,three_or_more_periods,
2025-11,昌平,11.049999999999999,11.045,10.98,11.13,0.06164414002968999,4,2025-11-07,2025-11-28,three_or_more_periods,
2025-11,大兴,9.6,9.57,9.49,9.77,0.11972189997378614,4,2025-11-07,2025-11-28,three_or_more_periods,
2025-11,怀柔,6.2275,6.225,6.15,6.31,0.08421203397773161,4,2025-11-07,2025-11-28,three_or_more_periods,
2025-11,平谷,14.4375,14.465,13.92,14.9,0.43805441062345984,4,2025-11-07,2025-11-28,three_or_more_periods,
2025-11,密云,13.215,13.21,13.1,13.34,0.10344080432788609,4,2025-11-07,2025-11-28,three_or_more_periods,
2025-11,延庆,4.475,4.475,4.42,4.53,0.05322906474223769,4,2025-11-07,2025-11-28,three_or_more_periods,
2025-12,东城,12.945,12.925,12.9,13.03,0.05802298395176366,4,2025-12-07,2025-12-28,three_or_more_periods,
2025-12,西城,11.735,11.725000000000001,11.69,11.8,0.04654746681256354,4,2025-12-07,2025-12-28,three_or_more_periods,
2025-12,朝阳,19.1375,19.145,19.06,19.2,0.05795112883571259,4,2025-12-07,2025-12-28,three_or_more_periods,
2025-12,海淀,8.192499999999999,8.195,8.18,8.2,0.009574271077563177,4,2025-12-07,2025-12-28,three_or_more_periods,
2025-12,丰台,10.7925,10.785,10.75,10.85,0.04349329450233292,4,2025-12-07,2025-12-28,three_or_more_periods,
2025-12,石景山,16.662499999999998,16.64,16.24,17.13,0.38430673513050345,4,2025-12-07,2025-12-28,three_or_more_periods,
2025-12,门头沟,15.457500000000001,15.420000000000002,14.89,16.1,0.5246824436425017,4,2025-12-07,2025-12-28,three_or_more_periods,
2025-12,房山,4.916,4.925,4.87,4.944,0.03220765954448299,4,2025-12-07,2025-12-28,three_or_more_periods,
2025-12,通州,5.1925,5.2,5.14,5.23,0.03774917217635406,4,2025-12-07,2025-12-28,three_or_more_periods,
2025-12,顺义,14.69,14.68,14.47,14.93,0.18973665961010241,4,2025-12-07,2025-12-28,three_or_more_periods,
2025-12,昌平,10.745000000000001,10.735,10.59,10.92,0.13527749258468683,4,2025-12-07,2025-12-28,three_or_more_periods,
2025-12,大兴,9.1775,9.175,9.01,9.35,0.14174507634012073,4,2025-12-07,2025-12-28,three_or_more_periods,
2025-12,怀柔,6.485,6.49,6.39,6.57,0.08426149773176374,4,2025-12-07,2025-12-28,three_or_more_periods,
2025-12,平谷,14.969999999999999,14.965,14.93,15.02,0.046904157598234304,4,2025-12-07,2025-12-28,three_or_more_periods,
2025-12,密云,13.65,13.65,13.48,13.82,0.1501110699893027,4,2025-12-07,2025-12-28,three_or_more_periods,
2025-12,延庆,4.305,4.36,4.09,4.41,0.1452583904633397,4,2025-12-07,2025-12-28,three_or_more_periods,
2026-01,东城,13.0025,12.97,12.92,13.15,0.10144785195688805,4,2026-01-07,2026-01-28,three_or_more_periods,
2026-01,西城,11.7,11.7,11.68,11.72,0.018257418583506123,4,2026-01-07,2026-01-28,three_or_more_periods,
2026-01,朝阳,19.0275,19.035,18.98,19.06,0.03593976442141265,4,2026-01-07,2026-01-28,three_or_more_periods,
2026-01,海淀,8.184999999999999,8.19,8.16,8.2,0.019148542155126354,4,2026-01-07,2026-01-28,three_or_more_periods,
2026-01,丰台,10.8625,10.86,10.83,10.9,0.037749172176353964,4,2026-01-07,2026-01-28,three_or_more_periods,
2026-01,石景山,18.142500000000002,18.155,17.62,18.64,0.44319860108082465,4,2026-01-07,2026-01-28,three_or_more_periods,
2026-01,门头沟,17.445,17.465,16.76,18.09,0.5763390206004324,4,2026-01-07,2026-01-28,three_or_more_periods,
2026-01,房山,5.0120000000000005,5.0120000000000005,4.964,5.06,0.04039801975344799,4,2026-01-07,2026-01-28,three_or_more_periods,
2026-01,通州,5.2749999999999995,5.275,5.26,5.29,0.017320508075688915,4,2026-01-07,2026-01-28,three_or_more_periods,
2026-01,顺义,14.317499999999999,14.305,14.27,14.39,0.05123475382979829,4,2026-01-07,2026-01-28,three_or_more_periods,
2026-01,昌平,10.400000000000002,10.395,10.3,10.51,0.08679477710860983,4,2026-01-07,2026-01-28,three_or_more_periods,
2026-01,大兴,8.917499999999999,8.915,8.87,8.97,0.0457347424467078,4,2026-01-07,2026-01-28,three_or_more_periods,
2026-01,怀柔,6.7524999999999995,6.75,6.7,6.81,0.05560275772537408,4,2026-01-07,2026-01-28,three_or_more_periods,
2026-01,平谷,15.2825,15.275,15.18,15.4,0.09742518497117009,4,2026-01-07,2026-01-28,three_or_more_periods,
2026-01,密云,14.2025,14.2,14.02,14.39,0.16152915113584523,4,2026-01-07,2026-01-28,three_or_more_periods,
2026-01,延庆,3.9675000000000002,3.965,3.95,3.99,0.020615528128088277,4,2026-01-07,2026-01-28,three_or_more_periods,
2026-02,东城,12.825,12.84,12.62,13.0,0.15947831618540953,4,2026-02-07,2026-02-28,three_or_more_periods,
2026-02,西城,11.5,11.489999999999998,11.4,11.62,0.09626352718795729,4,2026-02-07,2026-02-28,three_or_more_periods,
2026-02,朝阳,18.7675,18.765,18.59,18.95,0.1592430008927651,4,2026-02-07,2026-02-28,three_or_more_periods,
2026-02,海淀,8.145,8.15,8.07,8.21,0.05802298395176423,4,2026-02-07,2026-02-28,three_or_more_periods,
2026-02,丰台,10.8325,10.835,10.77,10.89,0.04924428900898092,4,2026-02-07,2026-02-28,three_or_more_periods,
2026-02,石景山,19.4575,19.494999999999997,19.02,19.82,0.34257602562545664,4,2026-02-07,2026-02-28,three_or_more_periods,
2026-02,门头沟,19.0275,19.04,18.6,19.43,0.35789896153337225,4,2026-02-07,2026-02-28,three_or_more_periods,
2026-02,房山,4.925,4.93,4.86,4.98,0.05196152422706635,4,2026-02-07,2026-02-28,three_or_more_periods,
2026-02,通州,5.32,5.335,5.27,5.34,0.033665016461207085,4,2026-02-07,2026-02-28,three_or_more_periods,
2026-02,顺义,14.057500000000001,14.06,13.89,14.22,0.15755951256588718,4,2026-02-07,2026-02-28,three_or_more_periods,
2026-02,昌平,9.99,9.965,9.83,10.2,0.1845715759987614,4,2026-02-07,2026-02-28,three_or_more_periods,
2026-02,大兴,8.75,8.75,8.63,8.87,0.09797958971132648,4,2026-02-07,2026-02-28,three_or_more_periods,
2026-02,怀柔,6.83,6.835,6.78,6.87,0.03915780041490228,4,2026-02-07,2026-02-28,three_or_more_periods,
2026-02,平谷,15.405000000000001,15.425,15.3,15.47,0.07852812659593167,4,2026-02-07,2026-02-28,three_or_more_periods,
2026-02,密云,14.7775,14.76,14.59,15.0,0.1780215342779258,4,2026-02-07,2026-02-28,three_or_more_periods,
2026-02,延庆,3.924,3.9314999999999998,3.89,3.943,0.025126347393390314,4,2026-02-07,2026-02-28,three_or_more_periods,
2026-03,东城,12.7225,12.73,12.57,12.86,0.1440775254275739,4,2026-03-07,2026-03-28,three_or_more_periods,
2026-03,西城,11.3325,11.329999999999998,11.25,11.42,0.0767571929311297,4,2026-03-07,2026-03-28,three_or_more_periods,
2026-03,朝阳,18.875,18.865000000000002,18.72,19.05,0.13576941236277598,4,2026-03-07,2026-03-28,three_or_more_periods,
2026-03,海淀,8.325,8.295,8.17,8.54,0.15758595538097053,4,2026-03-07,2026-03-28,three_or_more_periods,
2026-03,丰台,10.8075,10.805,10.79,10.83,0.020615528128088867,4,2026-03-07,2026-03-28,three_or_more_periods,
2026-03,石景山,20.215,20.235,20.01,20.38,0.15926916420533607,4,2026-03-07,2026-03-28,three_or_more_periods,
2026-03,门头沟,19.9525,19.97,19.67,20.2,0.2269177530883519,4,2026-03-07,2026-03-28,three_or_more_periods,
2026-03,房山,5.172,5.109999999999999,4.974,5.494,0.23845055392400877,4,2026-03-07,2026-03-28,three_or_more_periods,
2026-03,通州,5.657500000000001,5.66,5.42,5.89,0.23683679331275073,4,2026-03-07,2026-03-28,three_or_more_periods,
2026-03,顺义,14.5,14.2,13.98,15.62,0.7591662092936781,4,2026-03-07,2026-03-28,three_or_more_periods,
2026-03,昌平,9.9075,9.870000000000001,9.79,10.1,0.13598406769422178,4,2026-03-07,2026-03-28,three_or_more_periods,
2026-03,大兴,9.2075,9.06,8.79,9.92,0.508813980415895,4,2026-03-07,2026-03-28,three_or_more_periods,
2026-03,怀柔,6.98,6.970000000000001,6.91,7.07,0.06831300510639739,4,2026-03-07,2026-03-28,three_or_more_periods,
2026-03,平谷,16.045,15.899999999999999,15.59,16.79,0.5269092268439917,4,2026-03-07,2026-03-28,three_or_more_periods,
2026-03,密云,15.262500000000001,15.25,15.12,15.43,0.13375973484822237,4,2026-03-07,2026-03-28,three_or_more_periods,
2026-03,延庆,3.9699999999999998,3.95,3.93,4.05,0.054772255750516495,4,2026-03-07,2026-03-28,three_or_more_periods,
2026-04,东城,12.5525,12.555,12.49,12.61,0.050579969684978195,4,2026-04-07,2026-04-28,three_or_more_periods,
2026-04,西城,11.1475,11.125,11.1,11.24,0.06396613687465191,4,2026-04-07,2026-04-28,three_or_more_periods,
2026-04,朝阳,19.14,19.11,19.09,19.25,0.07393691004272963,4,2026-04-07,2026-04-28,three_or_more_periods,
2026-04,海淀,8.717,8.725000000000001,8.6,8.818,0.08956933999235828,4,2026-04-07,2026-04-28,three_or_more_periods,
2026-04,丰台,10.79,10.795,10.76,10.81,0.02160246899469323,4,2026-04-07,2026-04-28,three_or_more_periods,
2026-04,石景山,20.4875,20.505000000000003,20.43,20.51,0.038622100754188975,4,2026-04-07,2026-04-28,three_or_more_periods,
2026-04,门头沟,20.425,20.42,20.39,20.47,0.04123105625617573,4,2026-04-07,2026-04-28,three_or_more_periods,
2026-04,房山,5.61975,5.5595,5.47,5.89,0.1903161842828927,4,2026-04-07,2026-04-28,three_or_more_periods,
2026-04,通州,5.865,5.785,5.73,6.16,0.2004162335407655,4,2026-04-07,2026-04-28,three_or_more_periods,
2026-04,顺义,16.425,16.259999999999998,15.9,17.28,0.6261788881781313,4,2026-04-07,2026-04-28,three_or_more_periods,
2026-04,昌平,10.315,10.355,10.16,10.39,0.10535653752852732,4,2026-04-07,2026-04-28,three_or_more_periods,
2026-04,大兴,9.955,10.0,9.69,10.13,0.19807406022327487,4,2026-04-07,2026-04-28,three_or_more_periods,
2026-04,怀柔,7.28,7.255,7.24,7.37,0.06055300708194986,4,2026-04-07,2026-04-28,three_or_more_periods,
2026-04,平谷,17.720000000000002,17.634999999999998,17.24,18.37,0.5091823510950355,4,2026-04-07,2026-04-28,three_or_more_periods,
2026-04,密云,15.627500000000001,15.625,15.51,15.75,0.1021028892833108,4,2026-04-07,2026-04-28,three_or_more_periods,
2026-04,延庆,4.7375,4.795,4.46,4.9,0.19670197423174657,4,2026-04-07,2026-04-28,three_or_more_periods,
2026-05,东城,12.6225,12.594999999999999,12.56,12.74,0.08098353742170894,4,2026-05-07,2026-05-28,three_or_more_periods,
2026-05,西城,10.915,10.905,10.81,11.04,0.1014889156509217,4,2026-05-07,2026-05-28,three_or_more_periods,
2026-05,朝阳,19.247500000000002,19.25,19.1,19.39,0.12093386622447808,4,2026-05-07,2026-05-28,three_or_more_periods,
2026-05,海淀,8.84,8.82,8.62,9.1,0.20542638584174155,4,2026-05-07,2026-05-28,three_or_more_periods,
2026-05,丰台,10.747499999999999,10.745000000000001,10.69,10.81,0.05315072906367345,4,2026-05-07,2026-05-28,three_or_more_periods,
2026-05,石景山,20.1425,20.15,19.93,20.34,0.17708284313657652,4,2026-05-07,2026-05-28,three_or_more_periods,
2026-05,门头沟,20.09,20.105,19.87,20.28,0.17907168024751038,4,2026-05-07,2026-05-28,three_or_more_periods,
2026-05,房山,5.86625,5.8774999999999995,5.535,6.175,0.3256371958688586,4,2026-05-07,2026-05-28,three_or_more_periods,
2026-05,通州,5.99,6.050000000000001,5.53,6.33,0.35562152165844324,4,2026-05-07,2026-05-28,three_or_more_periods,
2026-05,顺义,17.1575,17.03,16.58,17.99,0.6009090336038111,4,2026-05-07,2026-05-28,three_or_more_periods,
2026-05,昌平,10.582500000000001,10.565000000000001,10.38,10.82,0.18117670931993418,4,2026-05-07,2026-05-28,three_or_more_periods,
2026-05,大兴,10.342500000000001,10.345,9.68,11.0,0.5902753594721705,4,2026-05-07,2026-05-28,three_or_more_periods,
2026-05,怀柔,7.38,7.405,7.22,7.49,0.11972189997378667,4,2026-05-07,2026-05-28,three_or_more_periods,
2026-05,平谷,18.665000000000003,18.65,18.01,19.35,0.5475703912131602,4,2026-05-07,2026-05-28,three_or_more_periods,
2026-05,密云,15.86,15.86,15.83,15.89,0.03464101615137783,4,2026-05-07,2026-05-28,three_or_more_periods,
2026-05,延庆,4.8374999999999995,4.785,4.72,5.06,0.15195942440884228,4,2026-05-07,2026-05-28,three_or_more_periods,
2026-06,东城,12.45,12.43,12.41,12.53,0.05477225575051631,4,2026-06-07,2026-06-28,three_or_more_periods,
2026-06,西城,10.674999999999999,10.67,10.62,10.74,0.05000000000000036,4,2026-06-07,2026-06-28,three_or_more_periods,
2026-06,朝阳,18.7825,18.775,18.76,18.82,0.026299556396765556,4,2026-06-07,2026-06-28,three_or_more_periods,
2026-06,海淀,8.622,8.604,8.55,8.73,0.08818163074019413,4,2026-06-07,2026-06-28,three_or_more_periods,
2026-06,丰台,10.64,10.645,10.6,10.67,0.03162277660168387,4,2026-06-07,2026-06-28,three_or_more_periods,
2026-06,石景山,19.560000000000002,19.560000000000002,19.4,19.72,0.13952299690970923,4,2026-06-07,2026-06-28,three_or_more_periods,
2026-06,门头沟,19.5375,19.53,19.38,19.71,0.1466003638012774,4,2026-06-07,2026-06-28,three_or_more_periods,
2026-06,房山,5.688,5.651,5.59,5.86,0.11996666203575071,4,2026-06-07,2026-06-28,three_or_more_periods,
2026-06,通州,5.65,5.6850000000000005,5.47,5.76,0.12569805089976543,4,2026-06-07,2026-06-28,three_or_more_periods,
2026-06,顺义,15.969999999999999,15.9,15.78,16.3,0.24138489320308928,4,2026-06-07,2026-06-28,three_or_more_periods,
2026-06,昌平,10.355,10.379999999999999,10.21,10.45,0.10344080432788544,4,2026-06-07,2026-06-28,three_or_more_periods,
2026-06,大兴,9.4725,9.51,9.28,9.59,0.14545904349105773,4,2026-06-07,2026-06-28,three_or_more_periods,
2026-06,怀柔,7.235,7.23,7.22,7.26,0.017320508075688662,4,2026-06-07,2026-06-28,three_or_more_periods,
2026-06,平谷,17.3175,17.105,16.99,18.07,0.5105144464165536,4,2026-06-07,2026-06-28,three_or_more_periods,
2026-06,密云,15.86,15.89,15.77,15.89,0.0600000000000005,4,2026-06-07,2026-06-28,three_or_more_periods,
2026-06,延庆,4.9125,4.91,4.84,4.99,0.061846584384265026,4,2026-06-07,2026-06-28,three_or_more_periods,
2026-07,东城,12.3325,12.3,12.28,12.45,0.07932002689527186,4,2026-07-07,2026-07-28,three_or_more_periods,
2026-07,西城,10.5175,10.51,10.48,10.57,0.03862210075418821,4,2026-07-07,2026-07-28,three_or_more_periods,
2026-07,朝阳,18.6075,18.595,18.53,18.71,0.0758836829188816,4,2026-07-07,2026-07-28,three_or_more_periods,
2026-07,海淀,8.41,8.4,8.34,8.5,0.06831300510639726,4,2026-07-07,2026-07-28,three_or_more_periods,
2026-07,丰台,10.4675,10.434999999999999,10.4,10.6,0.09069178573608506,4,2026-07-07,2026-07-28,three_or_more_periods,
2026-07,石景山,19.075,19.055,18.95,19.24,0.12871156384205165,4,2026-07-07,2026-07-28,three_or_more_periods,
2026-07,门头沟,19.1725,19.155,19.13,19.25,0.05678908345800322,4,2026-07-07,2026-07-28,three_or_more_periods,
2026-07,房山,5.669999999999999,5.6899999999999995,5.49,5.81,0.15165750888103094,4,2026-07-07,2026-07-28,three_or_more_periods,
2026-07,通州,5.25,5.140000000000001,5.07,5.65,0.2731300056749533,4,2026-07-07,2026-07-28,three_or_more_periods,
2026-07,顺义,15.182500000000001,15.09,14.98,15.57,0.2714620906621525,4,2026-07-07,2026-07-28,three_or_more_periods,
2026-07,昌平,10.1325,10.1,10.08,10.25,0.07932002689527202,4,2026-07-07,2026-07-28,three_or_more_periods,
2026-07,大兴,8.8575,8.8,8.76,9.07,0.1466003638012769,4,2026-07-07,2026-07-28,three_or_more_periods,
2026-07,怀柔,7.0075,6.955,6.92,7.2,0.12996794476587942,4,2026-07-07,2026-07-28,three_or_more_periods,
2026-07,平谷,13.57,12.895,11.77,16.72,2.2564721728101733,4,2026-07-07,2026-07-28,three_or_more_periods,
2026-07,密云,15.517500000000002,15.510000000000002,15.34,15.71,0.18481973199129317,4,2026-07-07,2026-07-28,three_or_more_periods,
2026-07,延庆,4.76,4.705,4.6,5.03,0.19407902170679542,4,2026-07-07,2026-07-28,three_or_more_periods,
2026-08,东城,12.05,12.02,11.91,12.25,0.14399074044303448,4,2026-08-07,2026-08-28,three_or_more_periods,
2026-08,西城,10.379999999999999,10.375,10.32,10.45,0.05477225575051631,4,2026-08-07,2026-08-28,three_or_more_periods,
2026-08,朝阳,18.4225,18.43,18.21,18.62,0.1707581135212418,4,2026-08-07,2026-08-28,three_or_more_periods,
2026-08,海淀,7.959999999999999,7.94,7.79,8.17,0.16020819787597212,4,2026-08-07,2026-08-28,three_or_more_periods,
2026-08,丰台,10.2475,10.25,10.14,10.35,0.08920949127381707,4,2026-08-07,2026-08-28,three_or_more_periods,
2026-08,石景山,18.78,18.765,18.74,18.85,0.05228129047119512,4,2026-08-07,2026-08-28,three_or_more_periods,
2026-08,门头沟,19.0925,19.075,19.0,19.22,0.09639329160614131,4,2026-08-07,2026-08-28,three_or_more_periods,
2026-08,房山,5.285,5.275,5.23,5.36,0.06137317546507313,4,2026-08-07,2026-08-28,three_or_more_periods,
2026-08,通州,5.369999999999999,5.385,5.24,5.47,0.09763879010584522,4,2026-08-07,2026-08-28,three_or_more_periods,
2026-08,顺义,14.67,14.635000000000002,14.47,14.94,0.19612920911140813,4,2026-08-07,2026-08-28,three_or_more_periods,
2026-08,昌平,9.795,9.780000000000001,9.62,10.0,0.15947831618540942,4,2026-08-07,2026-08-28,three_or_more_periods,
2026-08,大兴,8.71,8.675,8.45,9.04,0.2562550812504341,4,2026-08-07,2026-08-28,three_or_more_periods,
2026-08,怀柔,6.6225,6.705,6.2,6.88,0.3196221727811344,4,2026-08-07,2026-08-28,three_or_more_periods,
2026-08,平谷,12.09,12.08,11.9,12.3,0.21999999999999997,4,2026-08-07,2026-08-28,three_or_more_periods,
2026-08,密云,15.26,15.29,15.15,15.31,0.07438637868140467,4,2026-08-07,2026-08-28,three_or_more_periods,
2026-08,延庆,4.782500000000001,4.78,4.69,4.88,0.08421203397773169,4,2026-08-07,2026-08-28,three_or_more_periods,
2026-09,东城,11.74,11.74,11.74,11.74,0.0,1,2026-09-07,2026-09-07,single_period,
2026-09,西城,10.24,10.24,10.24,10.24,0.0,1,2026-09-07,2026-09-07,single_period,
2026-09,朝阳,18.15,18.15,18.15,18.15,0.0,1,2026-09-07,2026-09-07,single_period,
2026-09,海淀,7.88,7.88,7.88,7.88,0.0,1,2026-09-07,2026-09-07,single_period,
2026-09,丰台,10.04,10.04,10.04,10.04,0.0,1,2026-09-07,2026-09-07,single_period,
2026-09,石景山,18.97,18.97,18.97,18.97,0.0,1,2026-09-07,2026-09-07,single_period,
2026-09,门头沟,19.42,19.42,19.42,19.42,0.0,1,2026-09-07,2026-09-07,single_period,
2026-09,房山,5.42,5.42,5.42,5.42,0.0,1,2026-09-07,2026-09-07,single_period,
2026-09,通州,5.38,5.38,5.38,5.38,0.0,1,2026-09-07,2026-09-07,single_period,
2026-09,顺义,14.8,14.8,14.8,14.8,0.0,1,2026-09-07,2026-09-07,single_period,
2026-09,昌平,9.71,9.71,9.71,9.71,0.0,1,2026-09-07,2026-09-07,single_period,
2026-09,大兴,8.66,8.66,8.66,8.66,0.0,1,2026-09-07,2026-09-07,single_period,
2026-09,怀柔,6.32,6.32,6.32,6.32,0.0,1,2026-09-07,2026-09-07,single_period,
2026-09,平谷,12.75,12.75,12.75,12.75,0.0,1,2026-09-07,2026-09-07,single_period,
2026-09,密云,14.99,14.99,14.99,14.99,0.0,1,2026-09-07,2026-09-07,single_period,
2026-09,延庆,4.92,4.92,4.92,4.92,0.0,1,2026-09-07,2026-09-07,single_period,
