year,date,district,district_raw,spatial_unit_id,spatial_level,depth_m,selected_unrounded_digitization_m,variable,unit,positive_direction,temporal_statistic,record_type,is_1980_reference,source_file,source_bulletin_year,source_pdf_page,source_figure,source_series_role,source_record_id,selection_rule,digitization_method,digitization_error_scale_m,n_source_figures,source_reading_range_m,city_control_difference_m,year_to_year_change_m,qc_flag,interpolation_anchor_status,cross_year_spatial_support_verified
1980,1980-12-31,昌平区,昌平,changping,district_plain_part,6.7,6.69,groundwater_depth_below_ground,m,down,year_end,official_figure_digitized,True,gb2020.pdf,2020,13,图2-8,reference_1980,GB2020_1980_04,declared_1980_reference_from_2020_vector_chart,pdf_vector_rectangle,0.05,23,0.594,0.005,,no_screening_flag,historical_reference_not_time_gap_fill,False
1980,1980-12-31,大兴区,大兴,daxing,district_plain_part,2.4,2.446,groundwater_depth_below_ground,m,down,year_end,official_figure_digitized,True,gb2020.pdf,2020,13,图2-8,reference_1980,GB2020_1980_01,declared_1980_reference_from_2020_vector_chart,pdf_vector_rectangle,0.05,23,0.58,0.005,,no_screening_flag,historical_reference_not_time_gap_fill,False
1980,1980-12-31,房山区,房山,fangshan,district_plain_part,7.4,7.404,groundwater_depth_below_ground,m,down,year_end,official_figure_digitized,True,gb2020.pdf,2020,13,图2-8,reference_1980,GB2020_1980_02,declared_1980_reference_from_2020_vector_chart,pdf_vector_rectangle,0.05,23,0.645,0.005,,cross_report_value_disagreement,historical_reference_not_time_gap_fill,False
1980,1980-12-31,怀柔区,怀柔,huairou,district_plain_part,3.8,3.794,groundwater_depth_below_ground,m,down,year_end,official_figure_digitized,True,gb2020.pdf,2020,13,图2-8,reference_1980,GB2020_1980_07,declared_1980_reference_from_2020_vector_chart,pdf_vector_rectangle,0.05,23,0.591,0.005,,no_screening_flag,historical_reference_not_time_gap_fill,False
1980,1980-12-31,城近郊,城近郊,inner_urban_aggregate_legacy,multi_district_aggregate,13.7,13.67,groundwater_depth_below_ground,m,down,year_end,official_figure_digitized,True,gb2020.pdf,2020,13,图2-8,reference_1980,GB2020_1980_10,declared_1980_reference_from_2020_vector_chart,pdf_vector_rectangle,0.05,21,1.033,0.005,,aggregate_not_single_district;cross_report_value_disagreement,historical_reference_not_time_gap_fill,False
1980,1980-12-31,门头沟区,门头沟,mentougou,district_plain_part,9.9,9.863,groundwater_depth_below_ground,m,down,year_end,official_figure_digitized,True,gb2020.pdf,2020,13,图2-8,reference_1980,GB2020_1980_03,declared_1980_reference_from_2020_vector_chart,pdf_vector_rectangle,0.05,23,0.762,0.005,,cross_report_value_disagreement,historical_reference_not_time_gap_fill,False
1980,1980-12-31,密云区,密云,miyun,district_plain_part,9.4,9.426,groundwater_depth_below_ground,m,down,year_end,official_figure_digitized,True,gb2020.pdf,2020,13,图2-8,reference_1980,GB2020_1980_08,declared_1980_reference_from_2020_vector_chart,pdf_vector_rectangle,0.05,23,1.091,0.005,,cross_report_value_disagreement,historical_reference_not_time_gap_fill,False
1980,1980-12-31,平谷区,平谷,pinggu,district_plain_part,9.2,9.228,groundwater_depth_below_ground,m,down,year_end,official_figure_digitized,True,gb2020.pdf,2020,13,图2-8,reference_1980,GB2020_1980_09,declared_1980_reference_from_2020_vector_chart,pdf_vector_rectangle,0.05,23,1.214,0.005,,cross_report_value_disagreement,historical_reference_not_time_gap_fill,False
1980,1980-12-31,顺义区,顺义,shunyi,district_plain_part,5.8,5.777,groundwater_depth_below_ground,m,down,year_end,official_figure_digitized,True,gb2020.pdf,2020,13,图2-8,reference_1980,GB2020_1980_05,declared_1980_reference_from_2020_vector_chart,pdf_vector_rectangle,0.05,23,0.78,0.005,,cross_report_value_disagreement,historical_reference_not_time_gap_fill,False
1980,1980-12-31,通州区,通州,tongzhou,district_plain_part,2.4,2.446,groundwater_depth_below_ground,m,down,year_end,official_figure_digitized,True,gb2020.pdf,2020,13,图2-8,reference_1980,GB2020_1980_00,declared_1980_reference_from_2020_vector_chart,pdf_vector_rectangle,0.05,23,0.58,0.005,,no_screening_flag,historical_reference_not_time_gap_fill,False
1980,1980-12-31,延庆区,延庆,yanqing,district_plain_part,8.6,8.633,groundwater_depth_below_ground,m,down,year_end,official_figure_digitized,True,gb2020.pdf,2020,13,图2-8,reference_1980,GB2020_1980_06,declared_1980_reference_from_2020_vector_chart,pdf_vector_rectangle,0.05,23,0.954,0.005,,cross_report_value_disagreement,historical_reference_not_time_gap_fill,False
2000,2000-12-31,昌平区,昌平,changping,district_plain_part,15.9,15.92,groundwater_depth_below_ground,m,down,year_end,official_figure_digitized,False,gb2001.pdf,2001,7,未编号行政区埋深比较图,previous_year,GB2001_2000_06,next_available_bulletin_previous_year_series,raster_color_segment,0.3,1,,-0.182,,no_screening_flag,candidate_anchor_not_interpolation_validated,False
2000,2000-12-31,大兴区,大兴,daxing,district_plain_part,11.7,11.749,groundwater_depth_below_ground,m,down,year_end,official_figure_digitized,False,gb2001.pdf,2001,7,未编号行政区埋深比较图,previous_year,GB2001_2000_09,next_available_bulletin_previous_year_series,raster_color_segment,0.3,1,,-0.182,,no_screening_flag,candidate_anchor_not_interpolation_validated,False
2000,2000-12-31,房山区,房山,fangshan,district_plain_part,10.4,10.405,groundwater_depth_below_ground,m,down,year_end,official_figure_digitized,False,gb2001.pdf,2001,7,未编号行政区埋深比较图,previous_year,GB2001_2000_08,next_available_bulletin_previous_year_series,raster_color_segment,0.3,1,,-0.182,,no_screening_flag,candidate_anchor_not_interpolation_validated,False
2000,2000-12-31,怀柔区,怀柔,huairou,district_plain_part,6.9,6.929,groundwater_depth_below_ground,m,down,year_end,official_figure_digitized,False,gb2001.pdf,2001,7,未编号行政区埋深比较图,previous_year,GB2001_2000_03,next_available_bulletin_previous_year_series,raster_color_segment,0.3,1,,-0.182,,no_screening_flag,candidate_anchor_not_interpolation_validated,False
2000,2000-12-31,城近郊,城近郊,inner_urban_aggregate_legacy,multi_district_aggregate,22.6,22.594,groundwater_depth_below_ground,m,down,year_end,official_figure_digitized,False,gb2001.pdf,2001,7,未编号行政区埋深比较图,previous_year,GB2001_2000_11,next_available_bulletin_previous_year_series,raster_color_segment,0.3,1,,-0.182,,aggregate_not_single_district,candidate_anchor_not_interpolation_validated,False
2000,2000-12-31,门头沟区,门头沟,mentougou,district_plain_part,19.3,19.349,groundwater_depth_below_ground,m,down,year_end,official_figure_digitized,False,gb2001.pdf,2001,7,未编号行政区埋深比较图,previous_year,GB2001_2000_07,next_available_bulletin_previous_year_series,raster_color_segment,0.3,1,,-0.182,,no_screening_flag,candidate_anchor_not_interpolation_validated,False
2000,2000-12-31,密云区,密云,miyun,district_plain_part,19.3,19.349,groundwater_depth_below_ground,m,down,year_end,official_figure_digitized,False,gb2001.pdf,2001,7,未编号行政区埋深比较图,previous_year,GB2001_2000_02,next_available_bulletin_previous_year_series,raster_color_segment,0.3,1,,-0.182,,no_screening_flag,candidate_anchor_not_interpolation_validated,False
2000,2000-12-31,平谷区,平谷,pinggu,district_plain_part,19.6,19.581,groundwater_depth_below_ground,m,down,year_end,official_figure_digitized,False,gb2001.pdf,2001,7,未编号行政区埋深比较图,previous_year,GB2001_2000_01,next_available_bulletin_previous_year_series,raster_color_segment,0.3,1,,-0.182,,no_screening_flag,candidate_anchor_not_interpolation_validated,False
2000,2000-12-31,顺义区,顺义,shunyi,district_plain_part,16.8,16.754,groundwater_depth_below_ground,m,down,year_end,official_figure_digitized,False,gb2001.pdf,2001,7,未编号行政区埋深比较图,previous_year,GB2001_2000_05,next_available_bulletin_previous_year_series,raster_color_segment,0.3,1,,-0.182,,no_screening_flag,candidate_anchor_not_interpolation_validated,False
2000,2000-12-31,通州区,通州,tongzhou,district_plain_part,5.7,5.724,groundwater_depth_below_ground,m,down,year_end,official_figure_digitized,False,gb2001.pdf,2001,7,未编号行政区埋深比较图,previous_year,GB2001_2000_10,next_available_bulletin_previous_year_series,raster_color_segment,0.3,1,,-0.182,,no_screening_flag,candidate_anchor_not_interpolation_validated,False
2000,2000-12-31,延庆区,延庆,yanqing,district_plain_part,8.4,8.412,groundwater_depth_below_ground,m,down,year_end,official_figure_digitized,False,gb2001.pdf,2001,7,未编号行政区埋深比较图,previous_year,GB2001_2000_04,next_available_bulletin_previous_year_series,raster_color_segment,0.3,1,,-0.182,,no_screening_flag,candidate_anchor_not_interpolation_validated,False
2001,2001-12-31,昌平区,昌平,changping,district_plain_part,17.4,17.403,groundwater_depth_below_ground,m,down,year_end,official_figure_digitized,False,gb2001.pdf,2001,7,未编号行政区埋深比较图,current_year,GB2001_2001_06,current_year_bulletin_preferred,raster_color_segment,0.3,2,0.041,-0.176,1.5,no_screening_flag,candidate_anchor_not_interpolation_validated,False
2001,2001-12-31,大兴区,大兴,daxing,district_plain_part,12.6,12.583,groundwater_depth_below_ground,m,down,year_end,official_figure_digitized,False,gb2001.pdf,2001,7,未编号行政区埋深比较图,current_year,GB2001_2001_09,current_year_bulletin_preferred,raster_color_segment,0.3,2,0.024,-0.176,0.9,no_screening_flag,candidate_anchor_not_interpolation_validated,False
2001,2001-12-31,房山区,房山,fangshan,district_plain_part,12.0,12.027,groundwater_depth_below_ground,m,down,year_end,official_figure_digitized,False,gb2001.pdf,2001,7,未编号行政区埋深比较图,current_year,GB2001_2001_08,current_year_bulletin_preferred,raster_color_segment,0.3,2,0.014,-0.176,1.6,no_screening_flag,candidate_anchor_not_interpolation_validated,False
2001,2001-12-31,怀柔区,怀柔,huairou,district_plain_part,7.7,7.67,groundwater_depth_below_ground,m,down,year_end,official_figure_digitized,False,gb2001.pdf,2001,7,未编号行政区埋深比较图,current_year,GB2001_2001_03,current_year_bulletin_preferred,raster_color_segment,0.3,2,0.054,-0.176,0.8,no_screening_flag,candidate_anchor_not_interpolation_validated,False
2001,2001-12-31,城近郊,城近郊,inner_urban_aggregate_legacy,multi_district_aggregate,24.3,24.308,groundwater_depth_below_ground,m,down,year_end,official_figure_digitized,False,gb2001.pdf,2001,7,未编号行政区埋深比较图,current_year,GB2001_2001_11,current_year_bulletin_preferred,raster_color_segment,0.3,2,0.02,-0.176,1.7,aggregate_not_single_district,candidate_anchor_not_interpolation_validated,False
2001,2001-12-31,门头沟区,门头沟,mentougou,district_plain_part,19.9,19.859,groundwater_depth_below_ground,m,down,year_end,official_figure_digitized,False,gb2001.pdf,2001,7,未编号行政区埋深比较图,current_year,GB2001_2001_07,current_year_bulletin_preferred,raster_color_segment,0.3,2,0.099,-0.176,0.6,no_screening_flag,candidate_anchor_not_interpolation_validated,False
2001,2001-12-31,密云区,密云,miyun,district_plain_part,22.0,21.973,groundwater_depth_below_ground,m,down,year_end,official_figure_digitized,False,gb2002.pdf,2002,15,未编号行政区埋深比较图,previous_year,GB2002_2001_03,next_available_bulletin_previous_year_series,raster_color_segment,0.3,1,,-0.211,2.7,bulletin_marked_draft;primary_figure_occluded_used_alternate_source,review_before_use,False
2001,2001-12-31,平谷区,平谷,pinggu,district_plain_part,17.9,17.866,groundwater_depth_below_ground,m,down,year_end,official_figure_digitized,False,gb2001.pdf,2001,7,未编号行政区埋深比较图,current_year,GB2001_2001_01,current_year_bulletin_preferred,raster_color_segment,0.3,2,0.062,-0.176,-1.7,no_screening_flag,candidate_anchor_not_interpolation_validated,False
2001,2001-12-31,顺义区,顺义,shunyi,district_plain_part,17.5,17.542,groundwater_depth_below_ground,m,down,year_end,official_figure_digitized,False,gb2001.pdf,2001,7,未编号行政区埋深比较图,current_year,GB2001_2001_05,current_year_bulletin_preferred,raster_color_segment,0.3,2,0.057,-0.176,0.7,no_screening_flag,candidate_anchor_not_interpolation_validated,False
2001,2001-12-31,通州区,通州,tongzhou,district_plain_part,6.4,6.373,groundwater_depth_below_ground,m,down,year_end,official_figure_digitized,False,gb2001.pdf,2001,7,未编号行政区埋深比较图,current_year,GB2001_2001_10,current_year_bulletin_preferred,raster_color_segment,0.3,2,0.111,-0.176,0.7,no_screening_flag,candidate_anchor_not_interpolation_validated,False
2001,2001-12-31,延庆区,延庆,yanqing,district_plain_part,8.2,8.226,groundwater_depth_below_ground,m,down,year_end,official_figure_digitized,False,gb2001.pdf,2001,7,未编号行政区埋深比较图,current_year,GB2001_2001_04,current_year_bulletin_preferred,raster_color_segment,0.3,2,0.11,-0.176,-0.2,no_screening_flag,candidate_anchor_not_interpolation_validated,False
2002,2002-12-31,昌平区,昌平,changping,district_plain_part,19.1,19.091,groundwater_depth_below_ground,m,down,year_end,official_figure_digitized,False,gb2002.pdf,2002,15,未编号行政区埋深比较图,current_year,GB2002_2002_07,current_year_bulletin_preferred,raster_color_segment,0.3,2,0.864,-0.184,1.7,bulletin_marked_draft,review_before_use,False
2002,2002-12-31,大兴区,大兴,daxing,district_plain_part,13.2,13.173,groundwater_depth_below_ground,m,down,year_end,official_figure_digitized,False,gb2002.pdf,2002,15,未编号行政区埋深比较图,current_year,GB2002_2002_10,current_year_bulletin_preferred,raster_color_segment,0.3,2,2.191,-0.184,0.6,bulletin_marked_draft;cross_report_value_disagreement,review_before_use,False
2002,2002-12-31,房山区,房山,fangshan,district_plain_part,11.7,11.681,groundwater_depth_below_ground,m,down,year_end,official_figure_digitized,False,gb2002.pdf,2002,15,未编号行政区埋深比较图,current_year,GB2002_2002_09,current_year_bulletin_preferred,raster_color_segment,0.3,2,4.728,-0.184,-0.3,bulletin_marked_draft;cross_report_value_disagreement,review_before_use,False
2002,2002-12-31,怀柔区,怀柔,huairou,district_plain_part,10.4,10.395,groundwater_depth_below_ground,m,down,year_end,official_figure_digitized,False,gb2002.pdf,2002,15,未编号行政区埋深比较图,current_year,GB2002_2002_04,current_year_bulletin_preferred,raster_color_segment,0.3,2,6.923,-0.184,2.7,bulletin_marked_draft;cross_report_value_disagreement,review_before_use,False
2002,2002-12-31,城近郊,城近郊,inner_urban_aggregate_legacy,multi_district_aggregate,24.9,24.854,groundwater_depth_below_ground,m,down,year_end,official_figure_digitized,False,gb2002.pdf,2002,15,未编号行政区埋深比较图,current_year,GB2002_2002_01,current_year_bulletin_preferred,raster_color_segment,0.3,2,7.627,-0.184,0.6,aggregate_not_single_district;bulletin_marked_draft;cross_report_value_disagreement,review_before_use,False
2002,2002-12-31,门头沟区,门头沟,mentougou,district_plain_part,19.7,19.657,groundwater_depth_below_ground,m,down,year_end,official_figure_digitized,False,gb2002.pdf,2002,15,未编号行政区埋深比较图,current_year,GB2002_2002_08,current_year_bulletin_preferred,raster_color_segment,0.3,2,2.43,-0.184,-0.2,bulletin_marked_draft;cross_report_value_disagreement,review_before_use,False
2002,2002-12-31,密云区,密云,miyun,district_plain_part,22.7,22.693,groundwater_depth_below_ground,m,down,year_end,official_figure_digitized,False,gb2002.pdf,2002,15,未编号行政区埋深比较图,current_year,GB2002_2002_03,current_year_bulletin_preferred,raster_color_segment,0.3,2,5.238,-0.184,0.7,bulletin_marked_draft;cross_report_value_disagreement,review_before_use,False
2002,2002-12-31,平谷区,平谷,pinggu,district_plain_part,20.7,20.686,groundwater_depth_below_ground,m,down,year_end,official_figure_digitized,False,gb2002.pdf,2002,15,未编号行政区埋深比较图,current_year,GB2002_2002_02,current_year_bulletin_preferred,raster_color_segment,0.3,2,3.459,-0.184,2.8,bulletin_marked_draft;cross_report_value_disagreement,review_before_use,False
2002,2002-12-31,顺义区,顺义,shunyi,district_plain_part,18.7,18.731,groundwater_depth_below_ground,m,down,year_end,official_figure_digitized,False,gb2002.pdf,2002,15,未编号行政区埋深比较图,current_year,GB2002_2002_06,current_year_bulletin_preferred,raster_color_segment,0.3,2,0.686,-0.184,1.2,bulletin_marked_draft,review_before_use,False
2002,2002-12-31,通州区,通州,tongzhou,district_plain_part,6.4,6.381,groundwater_depth_below_ground,m,down,year_end,official_figure_digitized,False,gb2002.pdf,2002,15,未编号行政区埋深比较图,current_year,GB2002_2002_11,current_year_bulletin_preferred,raster_color_segment,0.3,2,9.21,-0.184,0.0,bulletin_marked_draft;cross_report_value_disagreement,review_before_use,False
2002,2002-12-31,延庆区,延庆,yanqing,district_plain_part,8.3,8.336,groundwater_depth_below_ground,m,down,year_end,official_figure_digitized,False,gb2002.pdf,2002,15,未编号行政区埋深比较图,current_year,GB2002_2002_05,current_year_bulletin_preferred,raster_color_segment,0.3,2,9.164,-0.184,0.1,bulletin_marked_draft;cross_report_value_disagreement,review_before_use,False
2003,2003-12-31,昌平区,昌平,changping,district_plain_part,18.5,18.455,groundwater_depth_below_ground,m,down,year_end,official_figure_digitized,False,gb2003.pdf,2003,17,未编号行政区埋深比较图,current_year,GB2003_2003_07,current_year_bulletin_preferred,photograph_rectified_color_trace,0.6,2,1.227,-0.739,-0.6,cross_report_value_disagreement;low_resolution_photographed_chart;source_chart_city_control_disagreement,review_before_use,False
2003,2003-12-31,大兴区,大兴,daxing,district_plain_part,13.9,13.909,groundwater_depth_below_ground,m,down,year_end,official_figure_digitized,False,gb2003.pdf,2003,17,未编号行政区埋深比较图,current_year,GB2003_2003_10,current_year_bulletin_preferred,photograph_rectified_color_trace,0.6,2,0.773,-0.739,0.7,low_resolution_photographed_chart;source_chart_city_control_disagreement,review_before_use,False
2003,2003-12-31,房山区,房山,fangshan,district_plain_part,11.1,11.091,groundwater_depth_below_ground,m,down,year_end,official_figure_digitized,False,gb2003.pdf,2003,17,未编号行政区埋深比较图,current_year,GB2003_2003_09,current_year_bulletin_preferred,photograph_rectified_color_trace,0.6,2,0.773,-0.739,-0.6,low_resolution_photographed_chart;source_chart_city_control_disagreement,review_before_use,False
2003,2003-12-31,怀柔区,怀柔,huairou,district_plain_part,11.7,11.682,groundwater_depth_below_ground,m,down,year_end,official_figure_digitized,False,gb2003.pdf,2003,17,未编号行政区埋深比较图,current_year,GB2003_2003_04,current_year_bulletin_preferred,photograph_rectified_color_trace,0.6,2,0.818,-0.739,1.3,low_resolution_photographed_chart;source_chart_city_control_disagreement,review_before_use,False
2003,2003-12-31,城近郊,城近郊,inner_urban_aggregate_legacy,multi_district_aggregate,22.2,22.182,groundwater_depth_below_ground,m,down,year_end,official_figure_digitized,False,gb2003.pdf,2003,17,未编号行政区埋深比较图,current_year,GB2003_2003_01,current_year_bulletin_preferred,photograph_rectified_color_trace,0.6,2,1.5,-0.739,-2.7,aggregate_not_single_district;cross_report_value_disagreement;low_resolution_photographed_chart;source_chart_city_control_disagreement,review_before_use,False
2003,2003-12-31,门头沟区,门头沟,mentougou,district_plain_part,19.9,19.909,groundwater_depth_below_ground,m,down,year_end,official_figure_digitized,False,gb2003.pdf,2003,17,未编号行政区埋深比较图,current_year,GB2003_2003_08,current_year_bulletin_preferred,photograph_rectified_color_trace,0.6,2,0.818,-0.739,0.2,low_resolution_photographed_chart;source_chart_city_control_disagreement,review_before_use,False
2003,2003-12-31,密云区,密云,miyun,district_plain_part,24.2,24.227,groundwater_depth_below_ground,m,down,year_end,official_figure_digitized,False,gb2003.pdf,2003,17,未编号行政区埋深比较图,current_year,GB2003_2003_03,current_year_bulletin_preferred,photograph_rectified_color_trace,0.6,2,1.591,-0.739,1.5,cross_report_value_disagreement;low_resolution_photographed_chart;source_chart_city_control_disagreement,review_before_use,False
2003,2003-12-31,平谷区,平谷,pinggu,district_plain_part,20.6,20.591,groundwater_depth_below_ground,m,down,year_end,official_figure_digitized,False,gb2003.pdf,2003,17,未编号行政区埋深比较图,current_year,GB2003_2003_02,current_year_bulletin_preferred,photograph_rectified_color_trace,0.6,2,1.273,-0.739,-0.1,cross_report_value_disagreement;low_resolution_photographed_chart;source_chart_city_control_disagreement,review_before_use,False
2003,2003-12-31,顺义区,顺义,shunyi,district_plain_part,19.1,19.136,groundwater_depth_below_ground,m,down,year_end,official_figure_digitized,False,gb2003.pdf,2003,17,未编号行政区埋深比较图,current_year,GB2003_2003_06,current_year_bulletin_preferred,photograph_rectified_color_trace,0.6,2,0.637,-0.739,0.4,low_resolution_photographed_chart;source_chart_city_control_disagreement,review_before_use,False
2003,2003-12-31,通州区,通州,tongzhou,district_plain_part,7.0,6.955,groundwater_depth_below_ground,m,down,year_end,official_figure_digitized,False,gb2003.pdf,2003,17,未编号行政区埋深比较图,current_year,GB2003_2003_11,current_year_bulletin_preferred,photograph_rectified_color_trace,0.6,2,0.454,-0.739,0.6,low_resolution_photographed_chart;source_chart_city_control_disagreement,review_before_use,False
2003,2003-12-31,延庆区,延庆,yanqing,district_plain_part,8.6,8.636,groundwater_depth_below_ground,m,down,year_end,official_figure_digitized,False,gb2003.pdf,2003,17,未编号行政区埋深比较图,current_year,GB2003_2003_05,current_year_bulletin_preferred,photograph_rectified_color_trace,0.6,2,0.364,-0.739,0.3,low_resolution_photographed_chart;source_chart_city_control_disagreement,review_before_use,False
2004,2004-12-31,昌平区,昌平,changping,district_plain_part,21.1,21.091,groundwater_depth_below_ground,m,down,year_end,official_figure_digitized,False,gb2004.pdf,2004,16,图7,current_year,GB2004_2004_04,current_year_bulletin_preferred,photograph_rectified_color_trace,0.6,1,,0.687,2.6,low_resolution_photographed_chart;source_chart_city_control_disagreement,review_before_use,False
2004,2004-12-31,大兴区,大兴,daxing,district_plain_part,15.0,15.0,groundwater_depth_below_ground,m,down,year_end,official_figure_digitized,False,gb2004.pdf,2004,16,图7,current_year,GB2004_2004_01,current_year_bulletin_preferred,photograph_rectified_color_trace,0.6,1,,0.687,1.1,low_resolution_photographed_chart;source_chart_city_control_disagreement,review_before_use,False
2004,2004-12-31,房山区,房山,fangshan,district_plain_part,11.4,11.409,groundwater_depth_below_ground,m,down,year_end,official_figure_digitized,False,gb2004.pdf,2004,16,图7,current_year,GB2004_2004_02,current_year_bulletin_preferred,photograph_rectified_color_trace,0.6,1,,0.687,0.3,low_resolution_photographed_chart;source_chart_city_control_disagreement,review_before_use,False
2004,2004-12-31,怀柔区,怀柔,huairou,district_plain_part,14.1,14.136,groundwater_depth_below_ground,m,down,year_end,official_figure_digitized,False,gb2004.pdf,2004,16,图7,current_year,GB2004_2004_07,current_year_bulletin_preferred,photograph_rectified_color_trace,0.6,1,,0.687,2.4,low_resolution_photographed_chart;source_chart_city_control_disagreement,review_before_use,False
2004,2004-12-31,城近郊,城近郊,inner_urban_aggregate_legacy,multi_district_aggregate,15.1,15.136,groundwater_depth_below_ground,m,down,year_end,official_figure_digitized,False,gb2004.pdf,2004,16,图7,current_year,GB2004_2004_10,current_year_bulletin_preferred,photograph_rectified_color_trace,0.6,1,,0.687,-7.1,aggregate_not_single_district;large_year_to_year_change_gt5m;low_resolution_photographed_chart;source_chart_city_control_disagreement,review_before_use,False
2004,2004-12-31,门头沟区,门头沟,mentougou,district_plain_part,19.6,19.636,groundwater_depth_below_ground,m,down,year_end,official_figure_digitized,False,gb2004.pdf,2004,16,图7,current_year,GB2004_2004_03,current_year_bulletin_preferred,photograph_rectified_color_trace,0.6,1,,0.687,-0.3,low_resolution_photographed_chart;source_chart_city_control_disagreement,review_before_use,False
2004,2004-12-31,密云区,密云,miyun,district_plain_part,25.5,25.545,groundwater_depth_below_ground,m,down,year_end,official_figure_digitized,False,gb2004.pdf,2004,16,图7,current_year,GB2004_2004_08,current_year_bulletin_preferred,photograph_rectified_color_trace,0.6,1,,0.687,1.3,low_resolution_photographed_chart;source_chart_city_control_disagreement,review_before_use,False
2004,2004-12-31,平谷区,平谷,pinggu,district_plain_part,23.0,22.955,groundwater_depth_below_ground,m,down,year_end,official_figure_digitized,False,gb2004.pdf,2004,16,图7,current_year,GB2004_2004_09,current_year_bulletin_preferred,photograph_rectified_color_trace,0.6,1,,0.687,2.4,low_resolution_photographed_chart;source_chart_city_control_disagreement,review_before_use,False
2004,2004-12-31,顺义区,顺义,shunyi,district_plain_part,22.3,22.273,groundwater_depth_below_ground,m,down,year_end,official_figure_digitized,False,gb2004.pdf,2004,16,图7,current_year,GB2004_2004_05,current_year_bulletin_preferred,photograph_rectified_color_trace,0.6,1,,0.687,3.2,low_resolution_photographed_chart;source_chart_city_control_disagreement,review_before_use,False
2004,2004-12-31,通州区,通州,tongzhou,district_plain_part,7.5,7.455,groundwater_depth_below_ground,m,down,year_end,official_figure_digitized,False,gb2004.pdf,2004,16,图7,current_year,GB2004_2004_00,current_year_bulletin_preferred,photograph_rectified_color_trace,0.6,1,,0.687,0.5,low_resolution_photographed_chart;source_chart_city_control_disagreement,review_before_use,False
2004,2004-12-31,延庆区,延庆,yanqing,district_plain_part,8.5,8.5,groundwater_depth_below_ground,m,down,year_end,official_figure_digitized,False,gb2004.pdf,2004,16,图7,current_year,GB2004_2004_06,current_year_bulletin_preferred,photograph_rectified_color_trace,0.6,1,,0.687,-0.1,low_resolution_photographed_chart;source_chart_city_control_disagreement,review_before_use,False
2005,2005-12-31,昌平区,昌平,changping,district_plain_part,22.7,22.727,groundwater_depth_below_ground,m,down,year_end,official_figure_digitized,False,gb2006.pdf,2006,15,图7,previous_year,GB2006_2005_04,next_available_bulletin_previous_year_series,photograph_rectified_color_trace,0.6,1,,0.199,1.6,low_resolution_photographed_chart,review_before_use,False
2005,2005-12-31,大兴区,大兴,daxing,district_plain_part,15.9,15.909,groundwater_depth_below_ground,m,down,year_end,official_figure_digitized,False,gb2006.pdf,2006,15,图7,previous_year,GB2006_2005_01,next_available_bulletin_previous_year_series,photograph_rectified_color_trace,0.6,1,,0.199,0.9,low_resolution_photographed_chart,review_before_use,False
2005,2005-12-31,房山区,房山,fangshan,district_plain_part,20.0,19.955,groundwater_depth_below_ground,m,down,year_end,official_figure_digitized,False,gb2006.pdf,2006,15,图7,previous_year,GB2006_2005_02,next_available_bulletin_previous_year_series,photograph_rectified_color_trace,0.6,1,,0.199,8.6,large_year_to_year_change_gt5m;low_resolution_photographed_chart,review_before_use,False
2005,2005-12-31,怀柔区,怀柔,huairou,district_plain_part,15.9,15.864,groundwater_depth_below_ground,m,down,year_end,official_figure_digitized,False,gb2006.pdf,2006,15,图7,previous_year,GB2006_2005_07,next_available_bulletin_previous_year_series,photograph_rectified_color_trace,0.6,1,,0.199,1.8,low_resolution_photographed_chart,review_before_use,False
2005,2005-12-31,城近郊,城近郊,inner_urban_aggregate_legacy,multi_district_aggregate,24.9,24.909,groundwater_depth_below_ground,m,down,year_end,official_figure_digitized,False,gb2006.pdf,2006,15,图7,previous_year,GB2006_2005_10,next_available_bulletin_previous_year_series,photograph_rectified_color_trace,0.6,1,,0.199,9.8,aggregate_not_single_district;large_year_to_year_change_gt5m;low_resolution_photographed_chart,review_before_use,False
2005,2005-12-31,门头沟区,门头沟,mentougou,district_plain_part,20.0,20.0,groundwater_depth_below_ground,m,down,year_end,official_figure_digitized,False,gb2006.pdf,2006,15,图7,previous_year,GB2006_2005_03,next_available_bulletin_previous_year_series,photograph_rectified_color_trace,0.6,1,,0.199,0.4,low_resolution_photographed_chart,review_before_use,False
2005,2005-12-31,密云区,密云,miyun,district_plain_part,25.4,25.364,groundwater_depth_below_ground,m,down,year_end,official_figure_digitized,False,gb2006.pdf,2006,15,图7,previous_year,GB2006_2005_08,next_available_bulletin_previous_year_series,photograph_rectified_color_trace,0.6,1,,0.199,-0.1,low_resolution_photographed_chart,review_before_use,False
2005,2005-12-31,平谷区,平谷,pinggu,district_plain_part,26.0,26.0,groundwater_depth_below_ground,m,down,year_end,official_figure_digitized,False,gb2006.pdf,2006,15,图7,previous_year,GB2006_2005_09,next_available_bulletin_previous_year_series,photograph_rectified_color_trace,0.6,1,,0.199,3.0,low_resolution_photographed_chart,review_before_use,False
2005,2005-12-31,顺义区,顺义,shunyi,district_plain_part,24.4,24.364,groundwater_depth_below_ground,m,down,year_end,official_figure_digitized,False,gb2006.pdf,2006,15,图7,previous_year,GB2006_2005_05,next_available_bulletin_previous_year_series,photograph_rectified_color_trace,0.6,1,,0.199,2.1,low_resolution_photographed_chart,review_before_use,False
2005,2005-12-31,通州区,通州,tongzhou,district_plain_part,8.1,8.136,groundwater_depth_below_ground,m,down,year_end,official_figure_digitized,False,gb2006.pdf,2006,15,图7,previous_year,GB2006_2005_00,next_available_bulletin_previous_year_series,photograph_rectified_color_trace,0.6,1,,0.199,0.6,low_resolution_photographed_chart,review_before_use,False
2005,2005-12-31,延庆区,延庆,yanqing,district_plain_part,8.7,8.682,groundwater_depth_below_ground,m,down,year_end,official_figure_digitized,False,gb2006.pdf,2006,15,图7,previous_year,GB2006_2005_06,next_available_bulletin_previous_year_series,photograph_rectified_color_trace,0.6,1,,0.199,0.2,low_resolution_photographed_chart,review_before_use,False
2006,2006-12-31,昌平区,昌平,changping,district_plain_part,23.1,23.136,groundwater_depth_below_ground,m,down,year_end,official_figure_digitized,False,gb2006.pdf,2006,15,图7,current_year,GB2006_2006_04,current_year_bulletin_preferred,photograph_rectified_color_trace,0.6,2,0.174,0.025,0.4,low_resolution_photographed_chart,review_before_use,False
2006,2006-12-31,大兴区,大兴,daxing,district_plain_part,17.3,17.273,groundwater_depth_below_ground,m,down,year_end,official_figure_digitized,False,gb2006.pdf,2006,15,图7,current_year,GB2006_2006_01,current_year_bulletin_preferred,photograph_rectified_color_trace,0.6,2,0.25,0.025,1.4,low_resolution_photographed_chart,review_before_use,False
2006,2006-12-31,房山区,房山,fangshan,district_plain_part,11.8,11.818,groundwater_depth_below_ground,m,down,year_end,official_figure_digitized,False,gb2006.pdf,2006,15,图7,current_year,GB2006_2006_02,current_year_bulletin_preferred,photograph_rectified_color_trace,0.6,2,0.151,0.025,-8.2,large_year_to_year_change_gt5m;low_resolution_photographed_chart,review_before_use,False
2006,2006-12-31,怀柔区,怀柔,huairou,district_plain_part,16.7,16.727,groundwater_depth_below_ground,m,down,year_end,official_figure_digitized,False,gb2006.pdf,2006,15,图7,current_year,GB2006_2006_07,current_year_bulletin_preferred,photograph_rectified_color_trace,0.6,2,0.075,0.025,0.8,low_resolution_photographed_chart,review_before_use,False
2006,2006-12-31,城近郊,城近郊,inner_urban_aggregate_legacy,multi_district_aggregate,25.9,25.864,groundwater_depth_below_ground,m,down,year_end,official_figure_digitized,False,gb2006.pdf,2006,15,图7,current_year,GB2006_2006_10,current_year_bulletin_preferred,photograph_rectified_color_trace,0.6,2,0.516,0.025,1.0,aggregate_not_single_district;low_resolution_photographed_chart,review_before_use,False
2006,2006-12-31,门头沟区,门头沟,mentougou,district_plain_part,19.0,19.0,groundwater_depth_below_ground,m,down,year_end,official_figure_digitized,False,gb2006.pdf,2006,15,图7,current_year,GB2006_2006_03,current_year_bulletin_preferred,photograph_rectified_color_trace,0.6,2,0.121,0.025,-1.0,low_resolution_photographed_chart,review_before_use,False
2006,2006-12-31,密云区,密云,miyun,district_plain_part,26.1,26.136,groundwater_depth_below_ground,m,down,year_end,official_figure_digitized,False,gb2006.pdf,2006,15,图7,current_year,GB2006_2006_08,current_year_bulletin_preferred,photograph_rectified_color_trace,0.6,2,0.008,0.025,0.7,low_resolution_photographed_chart,review_before_use,False
2006,2006-12-31,平谷区,平谷,pinggu,district_plain_part,29.8,29.773,groundwater_depth_below_ground,m,down,year_end,official_figure_digitized,False,gb2006.pdf,2006,15,图7,current_year,GB2006_2006_09,current_year_bulletin_preferred,photograph_rectified_color_trace,0.6,2,1.826,0.025,3.8,cross_report_value_disagreement;low_resolution_photographed_chart,review_before_use,False
2006,2006-12-31,顺义区,顺义,shunyi,district_plain_part,26.2,26.227,groundwater_depth_below_ground,m,down,year_end,official_figure_digitized,False,gb2006.pdf,2006,15,图7,current_year,GB2006_2006_05,current_year_bulletin_preferred,photograph_rectified_color_trace,0.6,2,0.03,0.025,1.8,low_resolution_photographed_chart,review_before_use,False
2006,2006-12-31,通州区,通州,tongzhou,district_plain_part,7.6,7.636,groundwater_depth_below_ground,m,down,year_end,official_figure_digitized,False,gb2006.pdf,2006,15,图7,current_year,GB2006_2006_00,current_year_bulletin_preferred,photograph_rectified_color_trace,0.6,2,0.159,0.025,-0.5,low_resolution_photographed_chart,review_before_use,False
2006,2006-12-31,延庆区,延庆,yanqing,district_plain_part,8.4,8.364,groundwater_depth_below_ground,m,down,year_end,official_figure_digitized,False,gb2006.pdf,2006,15,图7,current_year,GB2006_2006_06,current_year_bulletin_preferred,photograph_rectified_color_trace,0.6,2,0.144,0.025,-0.3,low_resolution_photographed_chart,review_before_use,False
2007,2007-12-31,昌平区,昌平,changping,district_plain_part,25.3,25.295,groundwater_depth_below_ground,m,down,year_end,official_figure_digitized,False,gb2007.pdf,2007,13,图7,current_year,GB2007_2007_04,current_year_bulletin_preferred,photograph_rectified_color_trace,0.6,2,0.117,0.066,2.2,low_resolution_photographed_chart,review_before_use,False
2007,2007-12-31,大兴区,大兴,daxing,district_plain_part,17.9,17.871,groundwater_depth_below_ground,m,down,year_end,official_figure_digitized,False,gb2007.pdf,2007,13,图7,current_year,GB2007_2007_01,current_year_bulletin_preferred,photograph_rectified_color_trace,0.6,2,0.561,0.066,0.6,low_resolution_photographed_chart,review_before_use,False
2007,2007-12-31,房山区,房山,fangshan,district_plain_part,11.6,11.614,groundwater_depth_below_ground,m,down,year_end,official_figure_digitized,False,gb2007.pdf,2007,13,图7,current_year,GB2007_2007_02,current_year_bulletin_preferred,photograph_rectified_color_trace,0.6,2,0.274,0.066,-0.2,low_resolution_photographed_chart,review_before_use,False
2007,2007-12-31,怀柔区,怀柔,huairou,district_plain_part,19.2,19.197,groundwater_depth_below_ground,m,down,year_end,official_figure_digitized,False,gb2007.pdf,2007,13,图7,current_year,GB2007_2007_07,current_year_bulletin_preferred,photograph_rectified_color_trace,0.6,2,0.165,0.066,2.5,low_resolution_photographed_chart,review_before_use,False
2007,2007-12-31,城近郊,城近郊,inner_urban_aggregate_legacy,multi_district_aggregate,27.3,27.311,groundwater_depth_below_ground,m,down,year_end,official_figure_digitized,False,gb2007.pdf,2007,13,图7,current_year,GB2007_2007_10,current_year_bulletin_preferred,photograph_rectified_color_trace,0.6,2,0.228,0.066,1.4,aggregate_not_single_district;low_resolution_photographed_chart,review_before_use,False
2007,2007-12-31,门头沟区,门头沟,mentougou,district_plain_part,19.8,19.833,groundwater_depth_below_ground,m,down,year_end,official_figure_digitized,False,gb2007.pdf,2007,13,图7,current_year,GB2007_2007_03,current_year_bulletin_preferred,photograph_rectified_color_trace,0.6,2,0.344,0.066,0.8,low_resolution_photographed_chart,review_before_use,False
2007,2007-12-31,密云区,密云,miyun,district_plain_part,28.0,28.0,groundwater_depth_below_ground,m,down,year_end,official_figure_digitized,False,gb2007.pdf,2007,13,图7,current_year,GB2007_2007_08,current_year_bulletin_preferred,photograph_rectified_color_trace,0.6,2,0.139,0.066,1.9,low_resolution_photographed_chart,review_before_use,False
2007,2007-12-31,平谷区,平谷,pinggu,district_plain_part,33.2,33.197,groundwater_depth_below_ground,m,down,year_end,official_figure_digitized,False,gb2007.pdf,2007,13,图7,current_year,GB2007_2007_09,current_year_bulletin_preferred,photograph_rectified_color_trace,0.6,2,0.177,0.066,3.4,low_resolution_photographed_chart,review_before_use,False
2007,2007-12-31,顺义区,顺义,shunyi,district_plain_part,28.2,28.159,groundwater_depth_below_ground,m,down,year_end,official_figure_digitized,False,gb2007.pdf,2007,13,图7,current_year,GB2007_2007_05,current_year_bulletin_preferred,photograph_rectified_color_trace,0.6,2,0.362,0.066,2.0,low_resolution_photographed_chart,review_before_use,False
2007,2007-12-31,通州区,通州,tongzhou,district_plain_part,7.5,7.53,groundwater_depth_below_ground,m,down,year_end,official_figure_digitized,False,gb2007.pdf,2007,13,图7,current_year,GB2007_2007_00,current_year_bulletin_preferred,photograph_rectified_color_trace,0.6,2,0.486,0.066,-0.1,low_resolution_photographed_chart,review_before_use,False
2007,2007-12-31,延庆区,延庆,yanqing,district_plain_part,9.0,9.015,groundwater_depth_below_ground,m,down,year_end,official_figure_digitized,False,gb2007.pdf,2007,13,图7,current_year,GB2007_2007_06,current_year_bulletin_preferred,photograph_rectified_color_trace,0.6,2,0.017,0.066,0.6,low_resolution_photographed_chart,review_before_use,False
2008,2008-12-31,昌平区,昌平,changping,district_plain_part,26.3,26.339,groundwater_depth_below_ground,m,down,year_end,official_figure_digitized,False,gb2008.pdf,2008,12,图7,current_year,GB2008_2008_04,current_year_bulletin_preferred,raster_color_segment,0.3,2,0.316,0.366,1.0,no_screening_flag,candidate_anchor_not_interpolation_validated,False
2008,2008-12-31,大兴区,大兴,daxing,district_plain_part,18.6,18.596,groundwater_depth_below_ground,m,down,year_end,official_figure_digitized,False,gb2008.pdf,2008,12,图7,current_year,GB2008_2008_01,current_year_bulletin_preferred,raster_color_segment,0.3,2,0.404,0.366,0.7,no_screening_flag,candidate_anchor_not_interpolation_validated,False
2008,2008-12-31,房山区,房山,fangshan,district_plain_part,11.1,11.07,groundwater_depth_below_ground,m,down,year_end,official_figure_digitized,False,gb2008.pdf,2008,12,图7,current_year,GB2008_2008_02,current_year_bulletin_preferred,raster_color_segment,0.3,2,0.492,0.366,-0.5,no_screening_flag,candidate_anchor_not_interpolation_validated,False
2008,2008-12-31,怀柔区,怀柔,huairou,district_plain_part,19.7,19.741,groundwater_depth_below_ground,m,down,year_end,official_figure_digitized,False,gb2008.pdf,2008,12,图7,current_year,GB2008_2008_07,current_year_bulletin_preferred,raster_color_segment,0.3,2,0.407,0.366,0.5,no_screening_flag,candidate_anchor_not_interpolation_validated,False
2008,2008-12-31,城近郊,城近郊,inner_urban_aggregate_legacy,multi_district_aggregate,30.2,30.211,groundwater_depth_below_ground,m,down,year_end,official_figure_digitized,False,gb2008.pdf,2008,12,图7,current_year,GB2008_2008_10,current_year_bulletin_preferred,raster_color_segment,0.3,2,0.381,0.366,2.9,aggregate_not_single_district,candidate_anchor_not_interpolation_validated,False
2008,2008-12-31,门头沟区,门头沟,mentougou,district_plain_part,20.1,20.123,groundwater_depth_below_ground,m,down,year_end,official_figure_digitized,False,gb2008.pdf,2008,12,图7,current_year,GB2008_2008_03,current_year_bulletin_preferred,raster_color_segment,0.3,2,0.409,0.366,0.3,no_screening_flag,candidate_anchor_not_interpolation_validated,False
2008,2008-12-31,密云区,密云,miyun,district_plain_part,28.2,28.248,groundwater_depth_below_ground,m,down,year_end,official_figure_digitized,False,gb2008.pdf,2008,12,图7,current_year,GB2008_2008_08,current_year_bulletin_preferred,raster_color_segment,0.3,2,0.321,0.366,0.2,no_screening_flag,candidate_anchor_not_interpolation_validated,False
2008,2008-12-31,平谷区,平谷,pinggu,district_plain_part,34.6,34.628,groundwater_depth_below_ground,m,down,year_end,official_figure_digitized,False,gb2008.pdf,2008,12,图7,current_year,GB2008_2008_09,current_year_bulletin_preferred,raster_color_segment,0.3,2,0.175,0.366,1.4,no_screening_flag,candidate_anchor_not_interpolation_validated,False
2008,2008-12-31,顺义区,顺义,shunyi,district_plain_part,29.0,29.012,groundwater_depth_below_ground,m,down,year_end,official_figure_digitized,False,gb2008.pdf,2008,12,图7,current_year,GB2008_2008_05,current_year_bulletin_preferred,raster_color_segment,0.3,2,0.487,0.366,0.8,no_screening_flag,candidate_anchor_not_interpolation_validated,False
2008,2008-12-31,通州区,通州,tongzhou,district_plain_part,7.6,7.58,groundwater_depth_below_ground,m,down,year_end,official_figure_digitized,False,gb2008.pdf,2008,12,图7,current_year,GB2008_2008_00,current_year_bulletin_preferred,raster_color_segment,0.3,2,0.211,0.366,0.1,no_screening_flag,candidate_anchor_not_interpolation_validated,False
2008,2008-12-31,延庆区,延庆,yanqing,district_plain_part,8.8,8.78,groundwater_depth_below_ground,m,down,year_end,official_figure_digitized,False,gb2008.pdf,2008,12,图7,current_year,GB2008_2008_06,current_year_bulletin_preferred,raster_color_segment,0.3,2,0.486,0.366,-0.2,no_screening_flag,candidate_anchor_not_interpolation_validated,False
2009,2009-12-31,昌平区,昌平,changping,district_plain_part,27.5,27.546,groundwater_depth_below_ground,m,down,year_end,official_figure_digitized,False,gb2009.pdf,2009,12,图7,current_year,GB2009_2009_04,current_year_bulletin_preferred,raster_color_segment,0.3,2,0.003,0.05,1.2,no_screening_flag,candidate_anchor_not_interpolation_validated,False
2009,2009-12-31,大兴区,大兴,daxing,district_plain_part,19.3,19.334,groundwater_depth_below_ground,m,down,year_end,official_figure_digitized,False,gb2009.pdf,2009,12,图7,current_year,GB2009_2009_01,current_year_bulletin_preferred,raster_color_segment,0.3,2,0.1,0.05,0.7,no_screening_flag,candidate_anchor_not_interpolation_validated,False
2009,2009-12-31,房山区,房山,fangshan,district_plain_part,11.6,11.557,groundwater_depth_below_ground,m,down,year_end,official_figure_digitized,False,gb2009.pdf,2009,12,图7,current_year,GB2009_2009_02,current_year_bulletin_preferred,raster_color_segment,0.3,2,0.055,0.05,0.5,no_screening_flag,candidate_anchor_not_interpolation_validated,False
2009,2009-12-31,怀柔区,怀柔,huairou,district_plain_part,20.1,20.095,groundwater_depth_below_ground,m,down,year_end,official_figure_digitized,False,gb2009.pdf,2009,12,图7,current_year,GB2009_2009_07,current_year_bulletin_preferred,raster_color_segment,0.3,2,0.01,0.05,0.4,no_screening_flag,candidate_anchor_not_interpolation_validated,False
2009,2009-12-31,城近郊,城近郊,inner_urban_aggregate_legacy,multi_district_aggregate,30.4,30.428,groundwater_depth_below_ground,m,down,year_end,official_figure_digitized,False,gb2009.pdf,2009,12,图7,current_year,GB2009_2009_10,current_year_bulletin_preferred,raster_color_segment,0.3,2,0.172,0.05,0.2,aggregate_not_single_district,candidate_anchor_not_interpolation_validated,False
2009,2009-12-31,门头沟区,门头沟,mentougou,district_plain_part,20.5,20.476,groundwater_depth_below_ground,m,down,year_end,official_figure_digitized,False,gb2009.pdf,2009,12,图7,current_year,GB2009_2009_03,current_year_bulletin_preferred,raster_color_segment,0.3,2,0.056,0.05,0.4,no_screening_flag,candidate_anchor_not_interpolation_validated,False
2009,2009-12-31,密云区,密云,miyun,district_plain_part,28.9,28.906,groundwater_depth_below_ground,m,down,year_end,official_figure_digitized,False,gb2009.pdf,2009,12,图7,current_year,GB2009_2009_08,current_year_bulletin_preferred,raster_color_segment,0.3,2,0.014,0.05,0.7,no_screening_flag,candidate_anchor_not_interpolation_validated,False
2009,2009-12-31,平谷区,平谷,pinggu,district_plain_part,37.7,37.661,groundwater_depth_below_ground,m,down,year_end,official_figure_digitized,False,gb2009.pdf,2009,12,图7,current_year,GB2009_2009_09,current_year_bulletin_preferred,raster_color_segment,0.3,2,0.017,0.05,3.1,no_screening_flag,candidate_anchor_not_interpolation_validated,False
2009,2009-12-31,顺义区,顺义,shunyi,district_plain_part,30.4,30.428,groundwater_depth_below_ground,m,down,year_end,official_figure_digitized,False,gb2009.pdf,2009,12,图7,current_year,GB2009_2009_05,current_year_bulletin_preferred,raster_color_segment,0.3,2,0.072,0.05,1.4,no_screening_flag,candidate_anchor_not_interpolation_validated,False
2009,2009-12-31,通州区,通州,tongzhou,district_plain_part,7.2,7.152,groundwater_depth_below_ground,m,down,year_end,official_figure_digitized,False,gb2009.pdf,2009,12,图7,current_year,GB2009_2009_00,current_year_bulletin_preferred,raster_color_segment,0.3,2,0.079,0.05,-0.4,no_screening_flag,candidate_anchor_not_interpolation_validated,False
2009,2009-12-31,延庆区,延庆,yanqing,district_plain_part,9.2,9.218,groundwater_depth_below_ground,m,down,year_end,official_figure_digitized,False,gb2009.pdf,2009,12,图7,current_year,GB2009_2009_06,current_year_bulletin_preferred,raster_color_segment,0.3,2,0.096,0.05,0.4,no_screening_flag,candidate_anchor_not_interpolation_validated,False
2010,2010-12-31,昌平区,昌平,changping,district_plain_part,29.3,29.258,groundwater_depth_below_ground,m,down,year_end,official_figure_digitized,False,gb2010.pdf,2010,12,图7,current_year,GB2010_2010_04,current_year_bulletin_preferred,raster_color_segment,0.3,1,,0.066,1.8,no_screening_flag,candidate_anchor_not_interpolation_validated,False
2010,2010-12-31,大兴区,大兴,daxing,district_plain_part,18.8,18.763,groundwater_depth_below_ground,m,down,year_end,official_figure_digitized,False,gb2010.pdf,2010,12,图7,current_year,GB2010_2010_01,current_year_bulletin_preferred,raster_color_segment,0.3,1,,0.066,-0.5,no_screening_flag,candidate_anchor_not_interpolation_validated,False
2010,2010-12-31,房山区,房山,fangshan,district_plain_part,12.6,12.6,groundwater_depth_below_ground,m,down,year_end,official_figure_digitized,False,gb2010.pdf,2010,12,图7,current_year,GB2010_2010_02,current_year_bulletin_preferred,raster_color_segment,0.3,1,,0.066,1.0,no_screening_flag,candidate_anchor_not_interpolation_validated,False
2010,2010-12-31,怀柔区,怀柔,huairou,district_plain_part,21.3,21.325,groundwater_depth_below_ground,m,down,year_end,official_figure_digitized,False,gb2010.pdf,2010,12,图7,current_year,GB2010_2010_07,current_year_bulletin_preferred,raster_color_segment,0.3,1,,0.066,1.2,no_screening_flag,candidate_anchor_not_interpolation_validated,False
2010,2010-12-31,城近郊,城近郊,inner_urban_aggregate_legacy,multi_district_aggregate,31.2,31.21,groundwater_depth_below_ground,m,down,year_end,official_figure_digitized,False,gb2010.pdf,2010,12,图7,current_year,GB2010_2010_10,current_year_bulletin_preferred,raster_color_segment,0.3,1,,0.066,0.8,aggregate_not_single_district,candidate_anchor_not_interpolation_validated,False
2010,2010-12-31,门头沟区,门头沟,mentougou,district_plain_part,20.7,20.715,groundwater_depth_below_ground,m,down,year_end,official_figure_digitized,False,gb2010.pdf,2010,12,图7,current_year,GB2010_2010_03,current_year_bulletin_preferred,raster_color_segment,0.3,1,,0.066,0.2,no_screening_flag,candidate_anchor_not_interpolation_validated,False
2010,2010-12-31,密云区,密云,miyun,district_plain_part,29.9,29.868,groundwater_depth_below_ground,m,down,year_end,official_figure_digitized,False,gb2010.pdf,2010,12,图7,current_year,GB2010_2010_08,current_year_bulletin_preferred,raster_color_segment,0.3,1,,0.066,1.0,no_screening_flag,candidate_anchor_not_interpolation_validated,False
2010,2010-12-31,平谷区,平谷,pinggu,district_plain_part,39.4,39.386,groundwater_depth_below_ground,m,down,year_end,official_figure_digitized,False,gb2010.pdf,2010,12,图7,current_year,GB2010_2010_09,current_year_bulletin_preferred,raster_color_segment,0.3,1,,0.066,1.7,no_screening_flag,candidate_anchor_not_interpolation_validated,False
2010,2010-12-31,顺义区,顺义,shunyi,district_plain_part,31.6,31.576,groundwater_depth_below_ground,m,down,year_end,official_figure_digitized,False,gb2010.pdf,2010,12,图7,current_year,GB2010_2010_05,current_year_bulletin_preferred,raster_color_segment,0.3,1,,0.066,1.2,no_screening_flag,candidate_anchor_not_interpolation_validated,False
2010,2010-12-31,通州区,通州,tongzhou,district_plain_part,7.4,7.414,groundwater_depth_below_ground,m,down,year_end,official_figure_digitized,False,gb2010.pdf,2010,12,图7,current_year,GB2010_2010_00,current_year_bulletin_preferred,raster_color_segment,0.3,1,,0.066,0.2,no_screening_flag,candidate_anchor_not_interpolation_validated,False
2010,2010-12-31,延庆区,延庆,yanqing,district_plain_part,9.3,9.305,groundwater_depth_below_ground,m,down,year_end,official_figure_digitized,False,gb2010.pdf,2010,12,图7,current_year,GB2010_2010_06,current_year_bulletin_preferred,raster_color_segment,0.3,1,,0.066,0.1,no_screening_flag,candidate_anchor_not_interpolation_validated,False
2011,2011-12-31,昌平区,昌平,changping,district_plain_part,29.9,29.899,groundwater_depth_below_ground,m,down,year_end,official_figure_digitized,False,gb2012.pdf,2012,14,图7,previous_year,GB2012_2011_04,next_available_bulletin_previous_year_series,raster_color_segment,0.3,1,,-0.201,0.6,no_screening_flag,candidate_anchor_not_interpolation_validated,False
2011,2011-12-31,大兴区,大兴,daxing,district_plain_part,18.9,18.902,groundwater_depth_below_ground,m,down,year_end,official_figure_digitized,False,gb2012.pdf,2012,14,图7,previous_year,GB2012_2011_01,next_available_bulletin_previous_year_series,raster_color_segment,0.3,1,,-0.201,0.1,no_screening_flag,candidate_anchor_not_interpolation_validated,False
2011,2011-12-31,房山区,房山,fangshan,district_plain_part,10.7,10.697,groundwater_depth_below_ground,m,down,year_end,official_figure_digitized,False,gb2012.pdf,2012,14,图7,previous_year,GB2012_2011_02,next_available_bulletin_previous_year_series,raster_color_segment,0.3,1,,-0.201,-1.9,no_screening_flag,candidate_anchor_not_interpolation_validated,False
2011,2011-12-31,怀柔区,怀柔,huairou,district_plain_part,22.3,22.286,groundwater_depth_below_ground,m,down,year_end,official_figure_digitized,False,gb2012.pdf,2012,14,图7,previous_year,GB2012_2011_07,next_available_bulletin_previous_year_series,raster_color_segment,0.3,1,,-0.201,1.0,no_screening_flag,candidate_anchor_not_interpolation_validated,False
2011,2011-12-31,城近郊,城近郊,inner_urban_aggregate_legacy,multi_district_aggregate,31.0,30.999,groundwater_depth_below_ground,m,down,year_end,official_figure_digitized,False,gb2012.pdf,2012,14,图7,previous_year,GB2012_2011_10,next_available_bulletin_previous_year_series,raster_color_segment,0.3,1,,-0.201,-0.2,aggregate_not_single_district,candidate_anchor_not_interpolation_validated,False
2011,2011-12-31,门头沟区,门头沟,mentougou,district_plain_part,20.0,20.002,groundwater_depth_below_ground,m,down,year_end,official_figure_digitized,False,gb2012.pdf,2012,14,图7,previous_year,GB2012_2011_03,next_available_bulletin_previous_year_series,raster_color_segment,0.3,1,,-0.201,-0.7,no_screening_flag,candidate_anchor_not_interpolation_validated,False
2011,2011-12-31,密云区,密云,miyun,district_plain_part,29.5,29.476,groundwater_depth_below_ground,m,down,year_end,official_figure_digitized,False,gb2012.pdf,2012,14,图7,previous_year,GB2012_2011_08,next_available_bulletin_previous_year_series,raster_color_segment,0.3,1,,-0.201,-0.4,no_screening_flag,candidate_anchor_not_interpolation_validated,False
2011,2011-12-31,平谷区,平谷,pinggu,district_plain_part,39.4,39.374,groundwater_depth_below_ground,m,down,year_end,official_figure_digitized,False,gb2012.pdf,2012,14,图7,previous_year,GB2012_2011_09,next_available_bulletin_previous_year_series,raster_color_segment,0.3,1,,-0.201,0.0,no_screening_flag,candidate_anchor_not_interpolation_validated,False
2011,2011-12-31,顺义区,顺义,shunyi,district_plain_part,32.4,32.352,groundwater_depth_below_ground,m,down,year_end,official_figure_digitized,False,gb2012.pdf,2012,14,图7,previous_year,GB2012_2011_05,next_available_bulletin_previous_year_series,raster_color_segment,0.3,1,,-0.201,0.8,no_screening_flag,candidate_anchor_not_interpolation_validated,False
2011,2011-12-31,通州区,通州,tongzhou,district_plain_part,7.1,7.059,groundwater_depth_below_ground,m,down,year_end,official_figure_digitized,False,gb2012.pdf,2012,14,图7,previous_year,GB2012_2011_00,next_available_bulletin_previous_year_series,raster_color_segment,0.3,1,,-0.201,-0.3,no_screening_flag,candidate_anchor_not_interpolation_validated,False
2011,2011-12-31,延庆区,延庆,yanqing,district_plain_part,9.3,9.343,groundwater_depth_below_ground,m,down,year_end,official_figure_digitized,False,gb2012.pdf,2012,14,图7,previous_year,GB2012_2011_06,next_available_bulletin_previous_year_series,raster_color_segment,0.3,1,,-0.201,0.0,no_screening_flag,candidate_anchor_not_interpolation_validated,False
2012,2012-12-31,昌平区,昌平,changping,district_plain_part,30.2,30.238,groundwater_depth_below_ground,m,down,year_end,official_figure_digitized,False,gb2012.pdf,2012,14,图7,current_year,GB2012_2012_04,current_year_bulletin_preferred,raster_color_segment,0.3,2,0.302,-0.123,0.3,no_screening_flag,candidate_anchor_not_interpolation_validated,False
2012,2012-12-31,大兴区,大兴,daxing,district_plain_part,17.9,17.887,groundwater_depth_below_ground,m,down,year_end,official_figure_digitized,False,gb2012.pdf,2012,14,图7,current_year,GB2012_2012_01,current_year_bulletin_preferred,raster_color_segment,0.3,2,0.314,-0.123,-1.0,no_screening_flag,candidate_anchor_not_interpolation_validated,False
2012,2012-12-31,房山区,房山,fangshan,district_plain_part,8.4,8.413,groundwater_depth_below_ground,m,down,year_end,official_figure_digitized,False,gb2012.pdf,2012,14,图7,current_year,GB2012_2012_02,current_year_bulletin_preferred,raster_color_segment,0.3,2,0.34,-0.123,-2.3,no_screening_flag,candidate_anchor_not_interpolation_validated,False
2012,2012-12-31,怀柔区,怀柔,huairou,district_plain_part,21.2,21.186,groundwater_depth_below_ground,m,down,year_end,official_figure_digitized,False,gb2012.pdf,2012,14,图7,current_year,GB2012_2012_07,current_year_bulletin_preferred,raster_color_segment,0.3,2,0.292,-0.123,-1.1,no_screening_flag,candidate_anchor_not_interpolation_validated,False
2012,2012-12-31,城近郊,城近郊,inner_urban_aggregate_legacy,multi_district_aggregate,30.2,30.238,groundwater_depth_below_ground,m,down,year_end,official_figure_digitized,False,gb2012.pdf,2012,14,图7,current_year,GB2012_2012_10,current_year_bulletin_preferred,raster_color_segment,0.3,2,0.302,-0.123,-0.8,aggregate_not_single_district,candidate_anchor_not_interpolation_validated,False
2012,2012-12-31,门头沟区,门头沟,mentougou,district_plain_part,19.4,19.41,groundwater_depth_below_ground,m,down,year_end,official_figure_digitized,False,gb2012.pdf,2012,14,图7,current_year,GB2012_2012_03,current_year_bulletin_preferred,raster_color_segment,0.3,2,0.333,-0.123,-0.6,no_screening_flag,candidate_anchor_not_interpolation_validated,False
2012,2012-12-31,密云区,密云,miyun,district_plain_part,28.7,28.715,groundwater_depth_below_ground,m,down,year_end,official_figure_digitized,False,gb2012.pdf,2012,14,图7,current_year,GB2012_2012_08,current_year_bulletin_preferred,raster_color_segment,0.3,2,0.282,-0.123,-0.8,no_screening_flag,candidate_anchor_not_interpolation_validated,False
2012,2012-12-31,平谷区,平谷,pinggu,district_plain_part,37.3,37.259,groundwater_depth_below_ground,m,down,year_end,official_figure_digitized,False,gb2012.pdf,2012,14,图7,current_year,GB2012_2012_09,current_year_bulletin_preferred,raster_color_segment,0.3,2,0.415,-0.123,-2.1,no_screening_flag,candidate_anchor_not_interpolation_validated,False
2012,2012-12-31,顺义区,顺义,shunyi,district_plain_part,32.4,32.352,groundwater_depth_below_ground,m,down,year_end,official_figure_digitized,False,gb2012.pdf,2012,14,图7,current_year,GB2012_2012_05,current_year_bulletin_preferred,raster_color_segment,0.3,2,0.309,-0.123,0.0,no_screening_flag,candidate_anchor_not_interpolation_validated,False
2012,2012-12-31,通州区,通州,tongzhou,district_plain_part,6.6,6.552,groundwater_depth_below_ground,m,down,year_end,official_figure_digitized,False,gb2012.pdf,2012,14,图7,current_year,GB2012_2012_00,current_year_bulletin_preferred,raster_color_segment,0.3,2,0.08,-0.123,-0.5,no_screening_flag,candidate_anchor_not_interpolation_validated,False
2012,2012-12-31,延庆区,延庆,yanqing,district_plain_part,9.2,9.174,groundwater_depth_below_ground,m,down,year_end,official_figure_digitized,False,gb2012.pdf,2012,14,图7,current_year,GB2012_2012_06,current_year_bulletin_preferred,raster_color_segment,0.3,2,0.158,-0.123,-0.1,no_screening_flag,candidate_anchor_not_interpolation_validated,False
2013,2013-12-31,昌平区,昌平,changping,district_plain_part,31.3,31.311,groundwater_depth_below_ground,m,down,year_end,official_figure_digitized,False,gb2013.pdf,2013,13,图7,current_year,GB2013_2013_04,current_year_bulletin_preferred,raster_color_segment,0.48,2,0.197,0.236,1.1,no_screening_flag,candidate_anchor_not_interpolation_validated,False
2013,2013-12-31,大兴区,大兴,daxing,district_plain_part,17.8,17.815,groundwater_depth_below_ground,m,down,year_end,official_figure_digitized,False,gb2013.pdf,2013,13,图7,current_year,GB2013_2013_01,current_year_bulletin_preferred,raster_color_segment,0.48,2,0.201,0.236,-0.1,no_screening_flag,candidate_anchor_not_interpolation_validated,False
2013,2013-12-31,房山区,房山,fangshan,district_plain_part,8.9,8.946,groundwater_depth_below_ground,m,down,year_end,official_figure_digitized,False,gb2013.pdf,2013,13,图7,current_year,GB2013_2013_02,current_year_bulletin_preferred,raster_color_segment,0.48,2,0.18,0.236,0.5,no_screening_flag,candidate_anchor_not_interpolation_validated,False
2013,2013-12-31,怀柔区,怀柔,huairou,district_plain_part,21.5,21.478,groundwater_depth_below_ground,m,down,year_end,official_figure_digitized,False,gb2013.pdf,2013,13,图7,current_year,GB2013_2013_07,current_year_bulletin_preferred,raster_color_segment,0.48,2,0.146,0.236,0.3,no_screening_flag,candidate_anchor_not_interpolation_validated,False
2013,2013-12-31,城近郊,城近郊,inner_urban_aggregate_legacy,multi_district_aggregate,31.3,31.311,groundwater_depth_below_ground,m,down,year_end,official_figure_digitized,False,gb2013.pdf,2013,13,图7,current_year,GB2013_2013_10,current_year_bulletin_preferred,raster_color_segment,0.48,2,0.092,0.236,1.1,aggregate_not_single_district,candidate_anchor_not_interpolation_validated,False
2013,2013-12-31,门头沟区,门头沟,mentougou,district_plain_part,21.5,21.478,groundwater_depth_below_ground,m,down,year_end,official_figure_digitized,False,gb2013.pdf,2013,13,图7,current_year,GB2013_2013_03,current_year_bulletin_preferred,raster_color_segment,0.48,2,0.198,0.236,2.1,no_screening_flag,candidate_anchor_not_interpolation_validated,False
2013,2013-12-31,密云区,密云,miyun,district_plain_part,29.8,29.769,groundwater_depth_below_ground,m,down,year_end,official_figure_digitized,False,gb2013.pdf,2013,13,图7,current_year,GB2013_2013_08,current_year_bulletin_preferred,raster_color_segment,0.48,2,0.51,0.236,1.1,no_screening_flag,candidate_anchor_not_interpolation_validated,False
2013,2013-12-31,平谷区,平谷,pinggu,district_plain_part,36.9,36.902,groundwater_depth_below_ground,m,down,year_end,official_figure_digitized,False,gb2013.pdf,2013,13,图7,current_year,GB2013_2013_09,current_year_bulletin_preferred,raster_color_segment,0.48,2,0.008,0.236,-0.4,no_screening_flag,candidate_anchor_not_interpolation_validated,False
2013,2013-12-31,顺义区,顺义,shunyi,district_plain_part,33.4,33.432,groundwater_depth_below_ground,m,down,year_end,official_figure_digitized,False,gb2013.pdf,2013,13,图7,current_year,GB2013_2013_05,current_year_bulletin_preferred,raster_color_segment,0.48,2,0.063,0.236,1.0,no_screening_flag,candidate_anchor_not_interpolation_validated,False
2013,2013-12-31,通州区,通州,tongzhou,district_plain_part,6.8,6.825,groundwater_depth_below_ground,m,down,year_end,official_figure_digitized,False,gb2013.pdf,2013,13,图7,current_year,GB2013_2013_00,current_year_bulletin_preferred,raster_color_segment,0.48,2,0.156,0.236,0.2,no_screening_flag,candidate_anchor_not_interpolation_validated,False
2013,2013-12-31,延庆区,延庆,yanqing,district_plain_part,9.3,9.332,groundwater_depth_below_ground,m,down,year_end,official_figure_digitized,False,gb2013.pdf,2013,13,图7,current_year,GB2013_2013_06,current_year_bulletin_preferred,raster_color_segment,0.48,2,0.107,0.236,0.1,no_screening_flag,candidate_anchor_not_interpolation_validated,False
2014,2014-12-31,昌平区,昌平,changping,district_plain_part,32.3,32.345,groundwater_depth_below_ground,m,down,year_end,official_figure_digitized,False,gb2014.pdf,2014,13,图2-8,current_year,GB2014_2014_04,current_year_bulletin_preferred,raster_color_segment,0.3,2,0.014,0.357,1.0,no_screening_flag,candidate_anchor_not_interpolation_validated,False
2014,2014-12-31,大兴区,大兴,daxing,district_plain_part,19.0,18.957,groundwater_depth_below_ground,m,down,year_end,official_figure_digitized,False,gb2014.pdf,2014,13,图2-8,current_year,GB2014_2014_01,current_year_bulletin_preferred,raster_color_segment,0.3,2,0.046,0.357,1.2,no_screening_flag,candidate_anchor_not_interpolation_validated,False
2014,2014-12-31,房山区,房山,fangshan,district_plain_part,10.2,10.171,groundwater_depth_below_ground,m,down,year_end,official_figure_digitized,False,gb2014.pdf,2014,13,图2-8,current_year,GB2014_2014_02,current_year_bulletin_preferred,raster_color_segment,0.3,2,0.01,0.357,1.3,no_screening_flag,candidate_anchor_not_interpolation_validated,False
2014,2014-12-31,怀柔区,怀柔,huairou,district_plain_part,22.6,22.565,groundwater_depth_below_ground,m,down,year_end,official_figure_digitized,False,gb2014.pdf,2014,13,图2-8,current_year,GB2014_2014_07,current_year_bulletin_preferred,raster_color_segment,0.3,2,0.001,0.357,1.1,no_screening_flag,candidate_anchor_not_interpolation_validated,False
2014,2014-12-31,城近郊,城近郊,inner_urban_aggregate_legacy,multi_district_aggregate,32.8,32.815,groundwater_depth_below_ground,m,down,year_end,official_figure_digitized,False,gb2014.pdf,2014,13,图2-8,current_year,GB2014_2014_10,current_year_bulletin_preferred,raster_color_segment,0.3,2,0.044,0.357,1.5,aggregate_not_single_district,candidate_anchor_not_interpolation_validated,False
2014,2014-12-31,门头沟区,门头沟,mentougou,district_plain_part,23.3,23.298,groundwater_depth_below_ground,m,down,year_end,official_figure_digitized,False,gb2014.pdf,2014,13,图2-8,current_year,GB2014_2014_03,current_year_bulletin_preferred,raster_color_segment,0.3,2,0.072,0.357,1.8,no_screening_flag,candidate_anchor_not_interpolation_validated,False
2014,2014-12-31,密云区,密云,miyun,district_plain_part,30.4,30.357,groundwater_depth_below_ground,m,down,year_end,official_figure_digitized,False,gb2014.pdf,2014,13,图2-8,current_year,GB2014_2014_08,current_year_bulletin_preferred,raster_color_segment,0.3,2,0.005,0.357,0.6,no_screening_flag,candidate_anchor_not_interpolation_validated,False
2014,2014-12-31,平谷区,平谷,pinggu,district_plain_part,40.5,40.503,groundwater_depth_below_ground,m,down,year_end,official_figure_digitized,False,gb2014.pdf,2014,13,图2-8,current_year,GB2014_2014_09,current_year_bulletin_preferred,raster_color_segment,0.3,2,0.01,0.357,3.6,no_screening_flag,candidate_anchor_not_interpolation_validated,False
2014,2014-12-31,顺义区,顺义,shunyi,district_plain_part,34.4,34.436,groundwater_depth_below_ground,m,down,year_end,official_figure_digitized,False,gb2014.pdf,2014,13,图2-8,current_year,GB2014_2014_05,current_year_bulletin_preferred,raster_color_segment,0.3,2,0.007,0.357,1.0,no_screening_flag,candidate_anchor_not_interpolation_validated,False
2014,2014-12-31,通州区,通州,tongzhou,district_plain_part,7.5,7.504,groundwater_depth_below_ground,m,down,year_end,official_figure_digitized,False,gb2014.pdf,2014,13,图2-8,current_year,GB2014_2014_00,current_year_bulletin_preferred,raster_color_segment,0.3,2,0.018,0.357,0.7,no_screening_flag,candidate_anchor_not_interpolation_validated,False
2014,2014-12-31,延庆区,延庆,yanqing,district_plain_part,10.4,10.433,groundwater_depth_below_ground,m,down,year_end,official_figure_digitized,False,gb2014.pdf,2014,13,图2-8,current_year,GB2014_2014_06,current_year_bulletin_preferred,raster_color_segment,0.3,2,0.008,0.357,1.1,no_screening_flag,candidate_anchor_not_interpolation_validated,False
2015,2015-12-31,昌平区,昌平,changping,district_plain_part,32.3,32.331,groundwater_depth_below_ground,m,down,year_end,official_figure_digitized,False,gb2015.pdf,2015,13,图2-8,current_year,GB2015_2015_04,current_year_bulletin_preferred,raster_color_segment,0.33,2,0.566,0.379,0.0,no_screening_flag,candidate_anchor_not_interpolation_validated,False
2015,2015-12-31,大兴区,大兴,daxing,district_plain_part,18.7,18.739,groundwater_depth_below_ground,m,down,year_end,official_figure_digitized,False,gb2015.pdf,2015,13,图2-8,current_year,GB2015_2015_01,current_year_bulletin_preferred,raster_color_segment,0.33,2,0.354,0.379,-0.3,no_screening_flag,candidate_anchor_not_interpolation_validated,False
2015,2015-12-31,房山区,房山,fangshan,district_plain_part,10.6,10.557,groundwater_depth_below_ground,m,down,year_end,official_figure_digitized,False,gb2015.pdf,2015,13,图2-8,current_year,GB2015_2015_02,current_year_bulletin_preferred,raster_color_segment,0.33,2,0.354,0.379,0.4,no_screening_flag,candidate_anchor_not_interpolation_validated,False
2015,2015-12-31,怀柔区,怀柔,huairou,district_plain_part,22.3,22.302,groundwater_depth_below_ground,m,down,year_end,official_figure_digitized,False,gb2015.pdf,2015,13,图2-8,current_year,GB2015_2015_07,current_year_bulletin_preferred,raster_color_segment,0.33,2,0.452,0.379,-0.3,no_screening_flag,candidate_anchor_not_interpolation_validated,False
2015,2015-12-31,城近郊,城近郊,inner_urban_aggregate_legacy,multi_district_aggregate,32.9,32.859,groundwater_depth_below_ground,m,down,year_end,official_figure_digitized,False,gb2015.pdf,2015,13,图2-8,current_year,GB2015_2015_10,current_year_bulletin_preferred,raster_color_segment,0.33,2,0.42,0.379,0.1,aggregate_not_single_district,candidate_anchor_not_interpolation_validated,False
2015,2015-12-31,门头沟区,门头沟,mentougou,district_plain_part,23.0,22.962,groundwater_depth_below_ground,m,down,year_end,official_figure_digitized,False,gb2015.pdf,2015,13,图2-8,current_year,GB2015_2015_03,current_year_bulletin_preferred,raster_color_segment,0.33,2,0.342,0.379,-0.3,no_screening_flag,candidate_anchor_not_interpolation_validated,False
2015,2015-12-31,密云区,密云,miyun,district_plain_part,30.6,30.616,groundwater_depth_below_ground,m,down,year_end,official_figure_digitized,False,gb2015.pdf,2015,13,图2-8,current_year,GB2015_2015_08,current_year_bulletin_preferred,raster_color_segment,0.33,2,0.295,0.379,0.2,no_screening_flag,candidate_anchor_not_interpolation_validated,False
2015,2015-12-31,平谷区,平谷,pinggu,district_plain_part,41.8,41.833,groundwater_depth_below_ground,m,down,year_end,official_figure_digitized,False,gb2015.pdf,2015,13,图2-8,current_year,GB2015_2015_09,current_year_bulletin_preferred,raster_color_segment,0.33,2,0.539,0.379,1.3,no_screening_flag,candidate_anchor_not_interpolation_validated,False
2015,2015-12-31,顺义区,顺义,shunyi,district_plain_part,34.3,34.311,groundwater_depth_below_ground,m,down,year_end,official_figure_digitized,False,gb2015.pdf,2015,13,图2-8,current_year,GB2015_2015_05,current_year_bulletin_preferred,raster_color_segment,0.33,2,0.429,0.379,-0.1,no_screening_flag,candidate_anchor_not_interpolation_validated,False
2015,2015-12-31,通州区,通州,tongzhou,district_plain_part,8.1,8.05,groundwater_depth_below_ground,m,down,year_end,official_figure_digitized,False,gb2015.pdf,2015,13,图2-8,current_year,GB2015_2015_00,current_year_bulletin_preferred,raster_color_segment,0.33,2,0.253,0.379,0.6,no_screening_flag,candidate_anchor_not_interpolation_validated,False
2015,2015-12-31,延庆区,延庆,yanqing,district_plain_part,10.4,10.425,groundwater_depth_below_ground,m,down,year_end,official_figure_digitized,False,gb2015.pdf,2015,13,图2-8,current_year,GB2015_2015_06,current_year_bulletin_preferred,raster_color_segment,0.33,2,0.414,0.379,0.0,no_screening_flag,candidate_anchor_not_interpolation_validated,False
2016,2016-12-31,昌平区,昌平,changping,district_plain_part,30.7,30.706,groundwater_depth_below_ground,m,down,year_end,official_figure_digitized,False,gb2016.pdf,2016,12,图2-8,current_year,GB2016_2016_04,current_year_bulletin_preferred,raster_color_segment,0.24,2,0.258,0.182,-1.6,no_screening_flag,candidate_anchor_not_interpolation_validated,False
2016,2016-12-31,大兴区,大兴,daxing,district_plain_part,17.8,17.807,groundwater_depth_below_ground,m,down,year_end,official_figure_digitized,False,gb2016.pdf,2016,12,图2-8,current_year,GB2016_2016_01,current_year_bulletin_preferred,raster_color_segment,0.24,2,0,0.182,-0.9,no_screening_flag,candidate_anchor_not_interpolation_validated,False
2016,2016-12-31,房山区,房山,fangshan,district_plain_part,9.0,8.952,groundwater_depth_below_ground,m,down,year_end,official_figure_digitized,False,gb2016.pdf,2016,12,图2-8,current_year,GB2016_2016_02,current_year_bulletin_preferred,raster_color_segment,0.24,2,0.14,0.182,-1.6,no_screening_flag,candidate_anchor_not_interpolation_validated,False
2016,2016-12-31,怀柔区,怀柔,huairou,district_plain_part,21.6,21.561,groundwater_depth_below_ground,m,down,year_end,official_figure_digitized,False,gb2016.pdf,2016,12,图2-8,current_year,GB2016_2016_07,current_year_bulletin_preferred,raster_color_segment,0.24,2,0.185,0.182,-0.7,no_screening_flag,candidate_anchor_not_interpolation_validated,False
2016,2016-12-31,城近郊,城近郊,inner_urban_aggregate_legacy,multi_district_aggregate,31.6,31.572,groundwater_depth_below_ground,m,down,year_end,official_figure_digitized,False,gb2016.pdf,2016,12,图2-8,current_year,GB2016_2016_10,current_year_bulletin_preferred,raster_color_segment,0.24,2,0.022,0.182,-1.3,aggregate_not_single_district,candidate_anchor_not_interpolation_validated,False
2016,2016-12-31,门头沟区,门头沟,mentougou,district_plain_part,20.0,20.021,groundwater_depth_below_ground,m,down,year_end,official_figure_digitized,False,gb2016.pdf,2016,12,图2-8,current_year,GB2016_2016_03,current_year_bulletin_preferred,raster_color_segment,0.24,2,0.035,0.182,-3.0,no_screening_flag,candidate_anchor_not_interpolation_validated,False
2016,2016-12-31,密云区,密云,miyun,district_plain_part,29.7,29.743,groundwater_depth_below_ground,m,down,year_end,official_figure_digitized,False,gb2016.pdf,2016,12,图2-8,current_year,GB2016_2016_08,current_year_bulletin_preferred,raster_color_segment,0.24,2,0.036,0.182,-0.9,no_screening_flag,candidate_anchor_not_interpolation_validated,False
2016,2016-12-31,平谷区,平谷,pinggu,district_plain_part,42.4,42.449,groundwater_depth_below_ground,m,down,year_end,official_figure_digitized,False,gb2016.pdf,2016,12,图2-8,current_year,GB2016_2016_09,current_year_bulletin_preferred,raster_color_segment,0.24,2,0.005,0.182,0.6,no_screening_flag,candidate_anchor_not_interpolation_validated,False
2016,2016-12-31,顺义区,顺义,shunyi,district_plain_part,33.7,33.69,groundwater_depth_below_ground,m,down,year_end,official_figure_digitized,False,gb2016.pdf,2016,12,图2-8,current_year,GB2016_2016_05,current_year_bulletin_preferred,raster_color_segment,0.24,2,0.039,0.182,-0.6,no_screening_flag,candidate_anchor_not_interpolation_validated,False
2016,2016-12-31,通州区,通州,tongzhou,district_plain_part,7.6,7.604,groundwater_depth_below_ground,m,down,year_end,official_figure_digitized,False,gb2016.pdf,2016,12,图2-8,current_year,GB2016_2016_00,current_year_bulletin_preferred,raster_color_segment,0.24,2,0.02,0.182,-0.5,no_screening_flag,candidate_anchor_not_interpolation_validated,False
2016,2016-12-31,延庆区,延庆,yanqing,district_plain_part,9.8,9.818,groundwater_depth_below_ground,m,down,year_end,official_figure_digitized,False,gb2016.pdf,2016,12,图2-8,current_year,GB2016_2016_06,current_year_bulletin_preferred,raster_color_segment,0.24,2,0.028,0.182,-0.6,no_screening_flag,candidate_anchor_not_interpolation_validated,False
2017,2017-12-31,昌平区,昌平,changping,district_plain_part,30.2,30.209,groundwater_depth_below_ground,m,down,year_end,official_figure_digitized,False,gb2017.pdf,2017,13,图2-8,current_year,GB2017_2017_04,current_year_bulletin_preferred,raster_color_segment,0.21,2,0.054,0.128,-0.5,no_screening_flag,candidate_anchor_not_interpolation_validated,False
2017,2017-12-31,大兴区,大兴,daxing,district_plain_part,17.9,17.891,groundwater_depth_below_ground,m,down,year_end,official_figure_digitized,False,gb2017.pdf,2017,13,图2-8,current_year,GB2017_2017_01,current_year_bulletin_preferred,raster_color_segment,0.21,2,0.071,0.128,0.1,no_screening_flag,candidate_anchor_not_interpolation_validated,False
2017,2017-12-31,房山区,房山,fangshan,district_plain_part,9.3,9.26,groundwater_depth_below_ground,m,down,year_end,official_figure_digitized,False,gb2017.pdf,2017,13,图2-8,current_year,GB2017_2017_02,current_year_bulletin_preferred,raster_color_segment,0.21,2,0.007,0.128,0.3,no_screening_flag,candidate_anchor_not_interpolation_validated,False
2017,2017-12-31,怀柔区,怀柔,huairou,district_plain_part,21.2,21.243,groundwater_depth_below_ground,m,down,year_end,official_figure_digitized,False,gb2017.pdf,2017,13,图2-8,current_year,GB2017_2017_07,current_year_bulletin_preferred,raster_color_segment,0.21,2,0.014,0.128,-0.4,no_screening_flag,candidate_anchor_not_interpolation_validated,False
2017,2017-12-31,城近郊,城近郊,inner_urban_aggregate_legacy,multi_district_aggregate,30.8,30.796,groundwater_depth_below_ground,m,down,year_end,official_figure_digitized,False,gb2017.pdf,2017,13,图2-8,current_year,GB2017_2017_10,current_year_bulletin_preferred,raster_color_segment,0.21,2,0.083,0.128,-0.8,aggregate_not_single_district,candidate_anchor_not_interpolation_validated,False
2017,2017-12-31,门头沟区,门头沟,mentougou,district_plain_part,16.7,16.718,groundwater_depth_below_ground,m,down,year_end,official_figure_digitized,False,gb2017.pdf,2017,13,图2-8,current_year,GB2017_2017_03,current_year_bulletin_preferred,raster_color_segment,0.21,2,0.075,0.128,-3.3,no_screening_flag,candidate_anchor_not_interpolation_validated,False
2017,2017-12-31,密云区,密云,miyun,district_plain_part,31.3,31.299,groundwater_depth_below_ground,m,down,year_end,official_figure_digitized,False,gb2017.pdf,2017,13,图2-8,current_year,GB2017_2017_08,current_year_bulletin_preferred,raster_color_segment,0.21,2,0.028,0.128,1.6,no_screening_flag,candidate_anchor_not_interpolation_validated,False
2017,2017-12-31,平谷区,平谷,pinggu,district_plain_part,42.0,42.025,groundwater_depth_below_ground,m,down,year_end,official_figure_digitized,False,gb2017.pdf,2017,13,图2-8,current_year,GB2017_2017_09,current_year_bulletin_preferred,raster_color_segment,0.21,2,0.031,0.128,-0.4,no_screening_flag,candidate_anchor_not_interpolation_validated,False
2017,2017-12-31,顺义区,顺义,shunyi,district_plain_part,34.1,34.064,groundwater_depth_below_ground,m,down,year_end,official_figure_digitized,False,gb2017.pdf,2017,13,图2-8,current_year,GB2017_2017_05,current_year_bulletin_preferred,raster_color_segment,0.21,2,0.128,0.128,0.4,no_screening_flag,candidate_anchor_not_interpolation_validated,False
2017,2017-12-31,通州区,通州,tongzhou,district_plain_part,7.8,7.835,groundwater_depth_below_ground,m,down,year_end,official_figure_digitized,False,gb2017.pdf,2017,13,图2-8,current_year,GB2017_2017_00,current_year_bulletin_preferred,raster_color_segment,0.21,2,0.056,0.128,0.2,no_screening_flag,candidate_anchor_not_interpolation_validated,False
2017,2017-12-31,延庆区,延庆,yanqing,district_plain_part,10.0,10.014,groundwater_depth_below_ground,m,down,year_end,official_figure_digitized,False,gb2017.pdf,2017,13,图2-8,current_year,GB2017_2017_06,current_year_bulletin_preferred,raster_color_segment,0.21,2,0.128,0.128,0.2,no_screening_flag,candidate_anchor_not_interpolation_validated,False
2018,2018-12-31,昌平区,昌平,changping,district_plain_part,29.4,29.411,groundwater_depth_below_ground,m,down,year_end,official_figure_digitized,False,gb2018.pdf,2018,13,图2-8,current_year,GB2018_2018_04,current_year_bulletin_preferred,raster_color_segment,0.15,2,0.089,0.059,-0.8,no_screening_flag,candidate_anchor_not_interpolation_validated,False
2018,2018-12-31,大兴区,大兴,daxing,district_plain_part,17.9,17.882,groundwater_depth_below_ground,m,down,year_end,official_figure_digitized,False,gb2018.pdf,2018,13,图2-8,current_year,GB2018_2018_01,current_year_bulletin_preferred,raster_color_segment,0.15,2,0.118,0.059,0.0,no_screening_flag,candidate_anchor_not_interpolation_validated,False
2018,2018-12-31,房山区,房山,fangshan,district_plain_part,9.6,9.638,groundwater_depth_below_ground,m,down,year_end,official_figure_digitized,False,gb2018.pdf,2018,13,图2-8,current_year,GB2018_2018_02,current_year_bulletin_preferred,raster_color_segment,0.15,2,0.112,0.059,0.3,no_screening_flag,candidate_anchor_not_interpolation_validated,False
2018,2018-12-31,怀柔区,怀柔,huairou,district_plain_part,17.3,17.324,groundwater_depth_below_ground,m,down,year_end,official_figure_digitized,False,gb2018.pdf,2018,13,图2-8,current_year,GB2018_2018_07,current_year_bulletin_preferred,raster_color_segment,0.15,2,0.176,0.059,-3.9,no_screening_flag,candidate_anchor_not_interpolation_validated,False
2018,2018-12-31,城近郊,城近郊,inner_urban_aggregate_legacy,multi_district_aggregate,30.5,30.527,groundwater_depth_below_ground,m,down,year_end,official_figure_digitized,False,gb2018.pdf,2018,13,图2-8,current_year,GB2018_2018_10,current_year_bulletin_preferred,raster_color_segment,0.15,2,0.223,0.059,-0.3,aggregate_not_single_district,candidate_anchor_not_interpolation_validated,False
2018,2018-12-31,门头沟区,门头沟,mentougou,district_plain_part,17.0,17.014,groundwater_depth_below_ground,m,down,year_end,official_figure_digitized,False,gb2018.pdf,2018,13,图2-8,current_year,GB2018_2018_03,current_year_bulletin_preferred,raster_color_segment,0.15,2,23.986,0.059,0.3,cross_report_value_disagreement,review_before_use,False
2018,2018-12-31,密云区,密云,miyun,district_plain_part,24.9,24.886,groundwater_depth_below_ground,m,down,year_end,official_figure_digitized,False,gb2018.pdf,2018,13,图2-8,current_year,GB2018_2018_08,current_year_bulletin_preferred,raster_color_segment,0.15,2,0.114,0.059,-6.4,large_year_to_year_change_gt5m,review_before_use,False
2018,2018-12-31,平谷区,平谷,pinggu,district_plain_part,32.8,32.82,groundwater_depth_below_ground,m,down,year_end,official_figure_digitized,False,gb2018.pdf,2018,13,图2-8,current_year,GB2018_2018_09,current_year_bulletin_preferred,raster_color_segment,0.15,2,0.18,0.059,-9.2,large_year_to_year_change_gt5m,review_before_use,False
2018,2018-12-31,顺义区,顺义,shunyi,district_plain_part,33.3,33.316,groundwater_depth_below_ground,m,down,year_end,official_figure_digitized,False,gb2018.pdf,2018,13,图2-8,current_year,GB2018_2018_05,current_year_bulletin_preferred,raster_color_segment,0.15,2,0.184,0.059,-0.8,no_screening_flag,candidate_anchor_not_interpolation_validated,False
2018,2018-12-31,通州区,通州,tongzhou,district_plain_part,7.3,7.345,groundwater_depth_below_ground,m,down,year_end,official_figure_digitized,False,gb2018.pdf,2018,13,图2-8,current_year,GB2018_2018_00,current_year_bulletin_preferred,raster_color_segment,0.15,2,0.155,0.059,-0.5,no_screening_flag,candidate_anchor_not_interpolation_validated,False
2018,2018-12-31,延庆区,延庆,yanqing,district_plain_part,9.7,9.7,groundwater_depth_below_ground,m,down,year_end,official_figure_digitized,False,gb2018.pdf,2018,13,图2-8,current_year,GB2018_2018_06,current_year_bulletin_preferred,raster_color_segment,0.15,2,0.05,0.059,-0.3,no_screening_flag,candidate_anchor_not_interpolation_validated,False
2019,2019-12-31,昌平区,昌平,changping,district_plain_part,28.8,28.75,groundwater_depth_below_ground,m,down,year_end,official_figure_digitized,False,gb2019.pdf,2019,13,图2-8,current_year,GB2019_2019_04,current_year_bulletin_preferred,raster_color_segment,0.62,2,0.087,0.29,-0.6,no_screening_flag,candidate_anchor_not_interpolation_validated,False
2019,2019-12-31,大兴区,大兴,daxing,district_plain_part,17.8,17.75,groundwater_depth_below_ground,m,down,year_end,official_figure_digitized,False,gb2019.pdf,2019,13,图2-8,current_year,GB2019_2019_01,current_year_bulletin_preferred,raster_color_segment,0.62,2,0.193,0.29,-0.1,no_screening_flag,candidate_anchor_not_interpolation_validated,False
2019,2019-12-31,房山区,房山,fangshan,district_plain_part,10.5,10.5,groundwater_depth_below_ground,m,down,year_end,official_figure_digitized,False,gb2019.pdf,2019,13,图2-8,current_year,GB2019_2019_02,current_year_bulletin_preferred,raster_color_segment,0.62,2,0.28,0.29,0.9,no_screening_flag,candidate_anchor_not_interpolation_validated,False
2019,2019-12-31,怀柔区,怀柔,huairou,district_plain_part,15.8,15.75,groundwater_depth_below_ground,m,down,year_end,official_figure_digitized,False,gb2019.pdf,2019,13,图2-8,current_year,GB2019_2019_07,current_year_bulletin_preferred,raster_color_segment,0.62,2,0.216,0.29,-1.5,no_screening_flag,candidate_anchor_not_interpolation_validated,False
2019,2019-12-31,城近郊,城近郊,inner_urban_aggregate_legacy,multi_district_aggregate,29.2,29.25,groundwater_depth_below_ground,m,down,year_end,official_figure_digitized,False,gb2019.pdf,2019,13,图2-8,current_year,GB2019_2019_10,current_year_bulletin_preferred,raster_color_segment,0.62,2,0.151,0.29,-1.3,aggregate_not_single_district,candidate_anchor_not_interpolation_validated,False
2019,2019-12-31,门头沟区,门头沟,mentougou,district_plain_part,38.2,38.25,groundwater_depth_below_ground,m,down,year_end,official_figure_digitized,False,gb2019.pdf,2019,13,图2-8,current_year,GB2019_2019_03,current_year_bulletin_preferred,raster_color_segment,0.62,2,0.108,0.29,21.2,large_year_to_year_change_gt5m,review_before_use,False
2019,2019-12-31,密云区,密云,miyun,district_plain_part,24.8,24.75,groundwater_depth_below_ground,m,down,year_end,official_figure_digitized,False,gb2019.pdf,2019,13,图2-8,current_year,GB2019_2019_08,current_year_bulletin_preferred,raster_color_segment,0.62,2,0.292,0.29,-0.1,no_screening_flag,candidate_anchor_not_interpolation_validated,False
2019,2019-12-31,平谷区,平谷,pinggu,district_plain_part,33.8,33.75,groundwater_depth_below_ground,m,down,year_end,official_figure_digitized,False,gb2019.pdf,2019,13,图2-8,current_year,GB2019_2019_09,current_year_bulletin_preferred,raster_color_segment,0.62,2,0.169,0.29,1.0,no_screening_flag,candidate_anchor_not_interpolation_validated,False
2019,2019-12-31,顺义区,顺义,shunyi,district_plain_part,32.2,32.25,groundwater_depth_below_ground,m,down,year_end,official_figure_digitized,False,gb2019.pdf,2019,13,图2-8,current_year,GB2019_2019_05,current_year_bulletin_preferred,raster_color_segment,0.62,2,0.137,0.29,-1.1,no_screening_flag,candidate_anchor_not_interpolation_validated,False
2019,2019-12-31,通州区,通州,tongzhou,district_plain_part,8.2,8.25,groundwater_depth_below_ground,m,down,year_end,official_figure_digitized,False,gb2019.pdf,2019,13,图2-8,current_year,GB2019_2019_00,current_year_bulletin_preferred,raster_color_segment,0.62,2,0.331,0.29,0.9,no_screening_flag,candidate_anchor_not_interpolation_validated,False
2019,2019-12-31,延庆区,延庆,yanqing,district_plain_part,9.8,9.75,groundwater_depth_below_ground,m,down,year_end,official_figure_digitized,False,gb2019.pdf,2019,13,图2-8,current_year,GB2019_2019_06,current_year_bulletin_preferred,raster_color_segment,0.62,2,0.363,0.29,0.1,no_screening_flag,candidate_anchor_not_interpolation_validated,False
2020,2020-12-31,昌平区,昌平,changping,district_plain_part,27.1,27.076,groundwater_depth_below_ground,m,down,year_end,official_figure_digitized,False,gb2020.pdf,2020,13,图2-8,current_year,GB2020_2020_04,current_year_bulletin_preferred,pdf_vector_rectangle,0.05,2,0.064,0.009,-1.7,no_screening_flag,candidate_anchor_not_interpolation_validated,False
2020,2020-12-31,大兴区,大兴,daxing,district_plain_part,16.8,16.843,groundwater_depth_below_ground,m,down,year_end,official_figure_digitized,False,gb2020.pdf,2020,13,图2-8,current_year,GB2020_2020_01,current_year_bulletin_preferred,pdf_vector_rectangle,0.05,2,0.008,0.009,-1.0,no_screening_flag,candidate_anchor_not_interpolation_validated,False
2020,2020-12-31,房山区,房山,fangshan,district_plain_part,8.6,8.633,groundwater_depth_below_ground,m,down,year_end,official_figure_digitized,False,gb2020.pdf,2020,13,图2-8,current_year,GB2020_2020_02,current_year_bulletin_preferred,pdf_vector_rectangle,0.05,2,0.03,0.009,-1.9,no_screening_flag,candidate_anchor_not_interpolation_validated,False
2020,2020-12-31,怀柔区,怀柔,huairou,district_plain_part,16.3,16.288,groundwater_depth_below_ground,m,down,year_end,official_figure_digitized,False,gb2020.pdf,2020,13,图2-8,current_year,GB2020_2020_07,current_year_bulletin_preferred,pdf_vector_rectangle,0.05,2,0.031,0.009,0.5,no_screening_flag,candidate_anchor_not_interpolation_validated,False
2020,2020-12-31,城近郊,城近郊,inner_urban_aggregate_legacy,multi_district_aggregate,26.4,26.402,groundwater_depth_below_ground,m,down,year_end,official_figure_digitized,False,gb2020.pdf,2020,13,图2-8,current_year,GB2020_2020_10,current_year_bulletin_preferred,pdf_vector_rectangle,0.05,2,0.117,0.009,-2.8,aggregate_not_single_district,candidate_anchor_not_interpolation_validated,False
2020,2020-12-31,门头沟区,门头沟,mentougou,district_plain_part,35.8,35.802,groundwater_depth_below_ground,m,down,year_end,official_figure_digitized,False,gb2020.pdf,2020,13,图2-8,current_year,GB2020_2020_03,current_year_bulletin_preferred,pdf_vector_rectangle,0.05,2,0.118,0.009,-2.4,no_screening_flag,candidate_anchor_not_interpolation_validated,False
2020,2020-12-31,密云区,密云,miyun,district_plain_part,25.2,25.172,groundwater_depth_below_ground,m,down,year_end,official_figure_digitized,False,gb2020.pdf,2020,13,图2-8,current_year,GB2020_2020_08,current_year_bulletin_preferred,pdf_vector_rectangle,0.05,2,0.105,0.009,0.4,no_screening_flag,candidate_anchor_not_interpolation_validated,False
2020,2020-12-31,平谷区,平谷,pinggu,district_plain_part,35.8,35.841,groundwater_depth_below_ground,m,down,year_end,official_figure_digitized,False,gb2020.pdf,2020,13,图2-8,current_year,GB2020_2020_09,current_year_bulletin_preferred,pdf_vector_rectangle,0.05,2,0.168,0.009,2.0,no_screening_flag,candidate_anchor_not_interpolation_validated,False
2020,2020-12-31,顺义区,顺义,shunyi,district_plain_part,29.3,29.337,groundwater_depth_below_ground,m,down,year_end,official_figure_digitized,False,gb2020.pdf,2020,13,图2-8,current_year,GB2020_2020_05,current_year_bulletin_preferred,pdf_vector_rectangle,0.05,2,0.109,0.009,-2.9,no_screening_flag,candidate_anchor_not_interpolation_validated,False
2020,2020-12-31,通州区,通州,tongzhou,district_plain_part,7.8,7.84,groundwater_depth_below_ground,m,down,year_end,official_figure_digitized,False,gb2020.pdf,2020,13,图2-8,current_year,GB2020_2020_00,current_year_bulletin_preferred,pdf_vector_rectangle,0.05,2,0.035,0.009,-0.4,no_screening_flag,candidate_anchor_not_interpolation_validated,False
2020,2020-12-31,延庆区,延庆,yanqing,district_plain_part,7.2,7.205,groundwater_depth_below_ground,m,down,year_end,official_figure_digitized,False,gb2020.pdf,2020,13,图2-8,current_year,GB2020_2020_06,current_year_bulletin_preferred,pdf_vector_rectangle,0.05,2,0.021,0.009,-2.6,no_screening_flag,candidate_anchor_not_interpolation_validated,False
2021,2021-12-31,昌平区,昌平,changping,district_plain_part,23.2,23.237,groundwater_depth_below_ground,m,down,year_end,official_figure_digitized,False,gb2021.pdf,2021,13,图2-8,current_year,GB2021_2021_04,current_year_bulletin_preferred,raster_color_segment,0.22,2,0.017,0.018,-3.9,no_screening_flag,candidate_anchor_not_interpolation_validated,False
2021,2021-12-31,大兴区,大兴,daxing,district_plain_part,15.1,15.078,groundwater_depth_below_ground,m,down,year_end,official_figure_digitized,False,gb2021.pdf,2021,13,图2-8,current_year,GB2021_2021_01,current_year_bulletin_preferred,raster_color_segment,0.22,2,0.176,0.018,-1.7,no_screening_flag,candidate_anchor_not_interpolation_validated,False
2021,2021-12-31,房山区,房山,fangshan,district_plain_part,6.6,6.563,groundwater_depth_below_ground,m,down,year_end,official_figure_digitized,False,gb2021.pdf,2021,13,图2-8,current_year,GB2021_2021_02,current_year_bulletin_preferred,raster_color_segment,0.22,2,0.047,0.018,-2.0,no_screening_flag,candidate_anchor_not_interpolation_validated,False
2021,2021-12-31,怀柔区,怀柔,huairou,district_plain_part,8.2,8.16,groundwater_depth_below_ground,m,down,year_end,official_figure_digitized,False,gb2021.pdf,2021,13,图2-8,current_year,GB2021_2021_07,current_year_bulletin_preferred,raster_color_segment,0.22,2,0.024,0.018,-8.1,large_year_to_year_change_gt5m,review_before_use,False
2021,2021-12-31,城近郊,城近郊,inner_urban_aggregate_legacy,multi_district_aggregate,22.3,22.262,groundwater_depth_below_ground,m,down,year_end,official_figure_digitized,False,gb2021.pdf,2021,13,图2-8,current_year,GB2021_2021_10,current_year_bulletin_preferred,raster_color_segment,0.22,2,0.111,0.018,-4.1,aggregate_not_single_district,candidate_anchor_not_interpolation_validated,False
2021,2021-12-31,门头沟区,门头沟,mentougou,district_plain_part,24.9,24.922,groundwater_depth_below_ground,m,down,year_end,official_figure_digitized,False,gb2021.pdf,2021,13,图2-8,current_year,GB2021_2021_03,current_year_bulletin_preferred,raster_color_segment,0.22,2,0.163,0.018,-10.9,large_year_to_year_change_gt5m,review_before_use,False
2021,2021-12-31,密云区,密云,miyun,district_plain_part,15.1,15.078,groundwater_depth_below_ground,m,down,year_end,official_figure_digitized,False,gb2021.pdf,2021,13,图2-8,current_year,GB2021_2021_08,current_year_bulletin_preferred,raster_color_segment,0.22,2,0.176,0.018,-10.1,large_year_to_year_change_gt5m,review_before_use,False
2021,2021-12-31,平谷区,平谷,pinggu,district_plain_part,21.0,21.02,groundwater_depth_below_ground,m,down,year_end,official_figure_digitized,False,gb2021.pdf,2021,13,图2-8,current_year,GB2021_2021_09,current_year_bulletin_preferred,raster_color_segment,0.22,2,0.166,0.018,-14.8,large_year_to_year_change_gt5m,review_before_use,False
2021,2021-12-31,顺义区,顺义,shunyi,district_plain_part,20.7,20.665,groundwater_depth_below_ground,m,down,year_end,official_figure_digitized,False,gb2021.pdf,2021,13,图2-8,current_year,GB2021_2021_05,current_year_bulletin_preferred,raster_color_segment,0.22,2,0.182,0.018,-8.6,large_year_to_year_change_gt5m,review_before_use,False
2021,2021-12-31,通州区,通州,tongzhou,district_plain_part,6.3,6.297,groundwater_depth_below_ground,m,down,year_end,official_figure_digitized,False,gb2021.pdf,2021,13,图2-8,current_year,GB2021_2021_00,current_year_bulletin_preferred,raster_color_segment,0.22,2,0.026,0.018,-1.5,no_screening_flag,candidate_anchor_not_interpolation_validated,False
2021,2021-12-31,延庆区,延庆,yanqing,district_plain_part,6.4,6.386,groundwater_depth_below_ground,m,down,year_end,official_figure_digitized,False,gb2021.pdf,2021,13,图2-8,current_year,GB2021_2021_06,current_year_bulletin_preferred,raster_color_segment,0.22,2,0.055,0.018,-0.8,no_screening_flag,candidate_anchor_not_interpolation_validated,False
2022,2022-12-31,昌平区,昌平,changping,district_plain_part,20.7,20.678,groundwater_depth_below_ground,m,down,year_end,official_figure_digitized,False,gb2022.pdf,2022,13,图2-8,current_year,GB2022_2022_04,current_year_bulletin_preferred,raster_color_segment,0.42,2,0.107,0.123,-2.5,no_screening_flag,candidate_anchor_not_interpolation_validated,False
2022,2022-12-31,大兴区,大兴,daxing,district_plain_part,14.4,14.407,groundwater_depth_below_ground,m,down,year_end,official_figure_digitized,False,gb2022.pdf,2022,13,图2-8,current_year,GB2022_2022_01,current_year_bulletin_preferred,raster_color_segment,0.42,2,0.05,0.123,-0.7,no_screening_flag,candidate_anchor_not_interpolation_validated,False
2022,2022-12-31,房山区,房山,fangshan,district_plain_part,7.1,7.119,groundwater_depth_below_ground,m,down,year_end,official_figure_digitized,False,gb2022.pdf,2022,13,图2-8,current_year,GB2022_2022_02,current_year_bulletin_preferred,raster_color_segment,0.42,2,0.06,0.123,0.5,no_screening_flag,candidate_anchor_not_interpolation_validated,False
2022,2022-12-31,怀柔区,怀柔,huairou,district_plain_part,7.5,7.458,groundwater_depth_below_ground,m,down,year_end,official_figure_digitized,False,gb2022.pdf,2022,13,图2-8,current_year,GB2022_2022_07,current_year_bulletin_preferred,raster_color_segment,0.42,2,0.149,0.123,-0.7,no_screening_flag,candidate_anchor_not_interpolation_validated,False
2022,2022-12-31,城近郊,城近郊,inner_urban_aggregate_legacy,multi_district_aggregate,21.4,21.356,groundwater_depth_below_ground,m,down,year_end,official_figure_digitized,False,gb2022.pdf,2022,13,图2-8,current_year,GB2022_2022_10,current_year_bulletin_preferred,raster_color_segment,0.42,2,0.142,0.123,-0.9,aggregate_not_single_district,candidate_anchor_not_interpolation_validated,False
2022,2022-12-31,门头沟区,门头沟,mentougou,district_plain_part,24.6,24.576,groundwater_depth_below_ground,m,down,year_end,official_figure_digitized,False,gb2022.pdf,2022,13,图2-8,current_year,GB2022_2022_03,current_year_bulletin_preferred,raster_color_segment,0.42,2,0.147,0.123,-0.3,no_screening_flag,candidate_anchor_not_interpolation_validated,False
2022,2022-12-31,密云区,密云,miyun,district_plain_part,18.6,18.644,groundwater_depth_below_ground,m,down,year_end,official_figure_digitized,False,gb2022.pdf,2022,13,图2-8,current_year,GB2022_2022_08,current_year_bulletin_preferred,raster_color_segment,0.42,2,0.001,0.123,3.5,no_screening_flag,candidate_anchor_not_interpolation_validated,False
2022,2022-12-31,平谷区,平谷,pinggu,district_plain_part,21.4,21.356,groundwater_depth_below_ground,m,down,year_end,official_figure_digitized,False,gb2022.pdf,2022,13,图2-8,current_year,GB2022_2022_09,current_year_bulletin_preferred,raster_color_segment,0.42,2,0.035,0.123,0.4,no_screening_flag,candidate_anchor_not_interpolation_validated,False
2022,2022-12-31,顺义区,顺义,shunyi,district_plain_part,19.0,18.983,groundwater_depth_below_ground,m,down,year_end,official_figure_digitized,False,gb2022.pdf,2022,13,图2-8,current_year,GB2022_2022_05,current_year_bulletin_preferred,raster_color_segment,0.42,2,0.126,0.123,-1.7,no_screening_flag,candidate_anchor_not_interpolation_validated,False
2022,2022-12-31,通州区,通州,tongzhou,district_plain_part,6.8,6.78,groundwater_depth_below_ground,m,down,year_end,official_figure_digitized,False,gb2022.pdf,2022,13,图2-8,current_year,GB2022_2022_00,current_year_bulletin_preferred,raster_color_segment,0.42,2,0.077,0.123,0.5,no_screening_flag,candidate_anchor_not_interpolation_validated,False
2022,2022-12-31,延庆区,延庆,yanqing,district_plain_part,6.4,6.441,groundwater_depth_below_ground,m,down,year_end,official_figure_digitized,False,gb2022.pdf,2022,13,图2-8,current_year,GB2022_2022_06,current_year_bulletin_preferred,raster_color_segment,0.42,2,0.095,0.123,0.0,no_screening_flag,candidate_anchor_not_interpolation_validated,False
2023,2023-12-31,昌平区,昌平,changping,district_plain_part,18.2,18.214,groundwater_depth_below_ground,m,down,year_end,official_figure_digitized,False,gb2023.pdf,2023,13,图2-8,current_year,GB2023_2023_05,current_year_bulletin_preferred,raster_color_segment,0.27,2,0.084,0.046,-2.5,no_screening_flag,candidate_anchor_not_interpolation_validated,False
2023,2023-12-31,大兴区,大兴,daxing,district_plain_part,13.2,13.179,groundwater_depth_below_ground,m,down,year_end,official_figure_digitized,False,gb2023.pdf,2023,13,图2-8,current_year,GB2023_2023_06,current_year_bulletin_preferred,raster_color_segment,0.27,2,0.059,0.046,-1.2,no_screening_flag,candidate_anchor_not_interpolation_validated,False
2023,2023-12-31,房山区,房山,fangshan,district_plain_part,6.0,6.0,groundwater_depth_below_ground,m,down,year_end,official_figure_digitized,False,gb2023.pdf,2023,13,图2-8,current_year,GB2023_2023_02,current_year_bulletin_preferred,raster_color_segment,0.27,2,0.06,0.046,-1.1,no_screening_flag,candidate_anchor_not_interpolation_validated,False
2023,2023-12-31,怀柔区,怀柔,huairou,district_plain_part,7.9,7.929,groundwater_depth_below_ground,m,down,year_end,official_figure_digitized,False,gb2023.pdf,2023,13,图2-8,current_year,GB2023_2023_07,current_year_bulletin_preferred,raster_color_segment,0.27,2,0.129,0.046,0.4,no_screening_flag,candidate_anchor_not_interpolation_validated,False
2023,2023-12-31,城近郊,城近郊,inner_urban_aggregate_legacy,multi_district_aggregate,17.6,17.571,groundwater_depth_below_ground,m,down,year_end,official_figure_digitized,False,gb2023.pdf,2023,13,图2-8,current_year,GB2023_2023_00,current_year_bulletin_preferred,raster_color_segment,0.27,1,,0.046,-3.8,aggregate_not_single_district,candidate_anchor_not_interpolation_validated,False
2023,2023-12-31,门头沟区,门头沟,mentougou,district_plain_part,21.0,21.0,groundwater_depth_below_ground,m,down,year_end,official_figure_digitized,False,gb2023.pdf,2023,13,图2-8,current_year,GB2023_2023_01,current_year_bulletin_preferred,raster_color_segment,0.27,2,0.132,0.046,-3.6,no_screening_flag,candidate_anchor_not_interpolation_validated,False
2023,2023-12-31,密云区,密云,miyun,district_plain_part,19.3,19.286,groundwater_depth_below_ground,m,down,year_end,official_figure_digitized,False,gb2023.pdf,2023,13,图2-8,current_year,GB2023_2023_09,current_year_bulletin_preferred,raster_color_segment,0.27,2,0.071,0.046,0.7,no_screening_flag,candidate_anchor_not_interpolation_validated,False
2023,2023-12-31,平谷区,平谷,pinggu,district_plain_part,22.9,22.929,groundwater_depth_below_ground,m,down,year_end,official_figure_digitized,False,gb2023.pdf,2023,13,图2-8,current_year,GB2023_2023_08,current_year_bulletin_preferred,raster_color_segment,0.27,2,0.098,0.046,1.5,no_screening_flag,candidate_anchor_not_interpolation_validated,False
2023,2023-12-31,顺义区,顺义,shunyi,district_plain_part,18.5,18.536,groundwater_depth_below_ground,m,down,year_end,official_figure_digitized,False,gb2023.pdf,2023,13,图2-8,current_year,GB2023_2023_04,current_year_bulletin_preferred,raster_color_segment,0.27,2,0.096,0.046,-0.5,no_screening_flag,candidate_anchor_not_interpolation_validated,False
2023,2023-12-31,城六区,城六区,six_urban_districts_aggregate,multi_district_aggregate,17.5,17.459,groundwater_depth_below_ground,m,down,year_end,official_figure_digitized,False,gb2024.pdf,2024,13,图2-8,previous_year,GB2024_2023_00,next_available_bulletin_previous_year_series,raster_color_segment,0.13,1,,0.033,,aggregate_not_single_district;not_merged_with_legacy_inner_urban_aggregate,candidate_anchor_not_interpolation_validated,False
2023,2023-12-31,通州区,通州,tongzhou,district_plain_part,6.6,6.643,groundwater_depth_below_ground,m,down,year_end,official_figure_digitized,False,gb2023.pdf,2023,13,图2-8,current_year,GB2023_2023_03,current_year_bulletin_preferred,raster_color_segment,0.27,2,0.135,0.046,-0.2,no_screening_flag,candidate_anchor_not_interpolation_validated,False
2023,2023-12-31,延庆区,延庆,yanqing,district_plain_part,5.8,5.786,groundwater_depth_below_ground,m,down,year_end,official_figure_digitized,False,gb2023.pdf,2023,13,图2-8,current_year,GB2023_2023_10,current_year_bulletin_preferred,raster_color_segment,0.27,2,0.053,0.046,-0.6,no_screening_flag,candidate_anchor_not_interpolation_validated,False
2024,2024-12-31,昌平区,昌平,changping,district_plain_part,14.1,14.101,groundwater_depth_below_ground,m,down,year_end,official_figure_digitized,False,gb2024.pdf,2024,13,图2-8,current_year,GB2024_2024_05,current_year_bulletin_preferred,raster_color_segment,0.13,2,0.101,0.085,-4.1,no_screening_flag,candidate_anchor_not_interpolation_validated,False
2024,2024-12-31,大兴区,大兴,daxing,district_plain_part,11.6,11.622,groundwater_depth_below_ground,m,down,year_end,official_figure_digitized,False,gb2024.pdf,2024,13,图2-8,current_year,GB2024_2024_06,current_year_bulletin_preferred,raster_color_segment,0.13,2,0.151,0.085,-1.6,no_screening_flag,candidate_anchor_not_interpolation_validated,False
2024,2024-12-31,房山区,房山,fangshan,district_plain_part,5.7,5.733,groundwater_depth_below_ground,m,down,year_end,official_figure_digitized,False,gb2024.pdf,2024,13,图2-8,current_year,GB2024_2024_02,current_year_bulletin_preferred,raster_color_segment,0.13,2,0.027,0.085,-0.3,no_screening_flag,candidate_anchor_not_interpolation_validated,False
2024,2024-12-31,怀柔区,怀柔,huairou,district_plain_part,6.7,6.715,groundwater_depth_below_ground,m,down,year_end,official_figure_digitized,False,gb2024.pdf,2024,13,图2-8,current_year,GB2024_2024_07,current_year_bulletin_preferred,raster_color_segment,0.13,2,0.068,0.085,-1.2,no_screening_flag,candidate_anchor_not_interpolation_validated,False
2024,2024-12-31,门头沟区,门头沟,mentougou,district_plain_part,16.7,16.736,groundwater_depth_below_ground,m,down,year_end,official_figure_digitized,False,gb2024.pdf,2024,13,图2-8,current_year,GB2024_2024_01,current_year_bulletin_preferred,raster_color_segment,0.13,2,0.089,0.085,-4.3,no_screening_flag,candidate_anchor_not_interpolation_validated,False
2024,2024-12-31,密云区,密云,miyun,district_plain_part,15.2,15.238,groundwater_depth_below_ground,m,down,year_end,official_figure_digitized,False,gb2024.pdf,2024,13,图2-8,current_year,GB2024_2024_09,current_year_bulletin_preferred,raster_color_segment,0.13,2,0.062,0.085,-4.1,no_screening_flag,candidate_anchor_not_interpolation_validated,False
2024,2024-12-31,平谷区,平谷,pinggu,district_plain_part,17.2,17.2,groundwater_depth_below_ground,m,down,year_end,official_figure_digitized,False,gb2024.pdf,2024,13,图2-8,current_year,GB2024_2024_08,current_year_bulletin_preferred,raster_color_segment,0.13,2,0.141,0.085,-5.7,large_year_to_year_change_gt5m,review_before_use,False
2024,2024-12-31,顺义区,顺义,shunyi,district_plain_part,16.0,15.961,groundwater_depth_below_ground,m,down,year_end,official_figure_digitized,False,gb2024.pdf,2024,13,图2-8,current_year,GB2024_2024_04,current_year_bulletin_preferred,raster_color_segment,0.13,2,0.079,0.085,-2.5,no_screening_flag,candidate_anchor_not_interpolation_validated,False
2024,2024-12-31,城六区,城六区,six_urban_districts_aggregate,multi_district_aggregate,15.0,14.979,groundwater_depth_below_ground,m,down,year_end,official_figure_digitized,False,gb2024.pdf,2024,13,图2-8,current_year,GB2024_2024_00,current_year_bulletin_preferred,raster_color_segment,0.13,2,0.155,0.085,-2.5,aggregate_not_single_district;not_merged_with_legacy_inner_urban_aggregate,candidate_anchor_not_interpolation_validated,False
2024,2024-12-31,通州区,通州,tongzhou,district_plain_part,5.6,5.579,groundwater_depth_below_ground,m,down,year_end,official_figure_digitized,False,gb2024.pdf,2024,13,图2-8,current_year,GB2024_2024_03,current_year_bulletin_preferred,raster_color_segment,0.13,2,0.108,0.085,-1.0,no_screening_flag,candidate_anchor_not_interpolation_validated,False
2024,2024-12-31,延庆区,延庆,yanqing,district_plain_part,5.6,5.579,groundwater_depth_below_ground,m,down,year_end,official_figure_digitized,False,gb2024.pdf,2024,13,图2-8,current_year,GB2024_2024_10,current_year_bulletin_preferred,raster_color_segment,0.13,2,0.108,0.085,-0.2,no_screening_flag,candidate_anchor_not_interpolation_validated,False
2025,2025-12-31,昌平区,昌平,changping,district_plain_part,10.5,10.529,groundwater_depth_below_ground,m,down,year_end,official_figure_digitized,False,gb2025.pdf,2025,13,图2-9,current_year,GB2025_2025_06,current_year_bulletin_preferred,raster_color_segment,0.15,1,,-0.058,-3.6,no_screening_flag,candidate_anchor_not_interpolation_validated,False
2025,2025-12-31,大兴区,大兴,daxing,district_plain_part,8.9,8.941,groundwater_depth_below_ground,m,down,year_end,official_figure_digitized,False,gb2025.pdf,2025,13,图2-9,current_year,GB2025_2025_07,current_year_bulletin_preferred,raster_color_segment,0.15,1,,-0.058,-2.7,no_screening_flag,candidate_anchor_not_interpolation_validated,False
2025,2025-12-31,房山区,房山,fangshan,district_plain_part,5.7,5.706,groundwater_depth_below_ground,m,down,year_end,official_figure_digitized,False,gb2025.pdf,2025,13,图2-9,current_year,GB2025_2025_02,current_year_bulletin_preferred,raster_color_segment,0.15,1,,-0.058,0.0,no_screening_flag,candidate_anchor_not_interpolation_validated,False
2025,2025-12-31,怀柔区,怀柔,huairou,district_plain_part,6.5,6.529,groundwater_depth_below_ground,m,down,year_end,official_figure_digitized,False,gb2025.pdf,2025,13,图2-9,current_year,GB2025_2025_08,current_year_bulletin_preferred,raster_color_segment,0.15,1,,-0.058,-0.2,no_screening_flag,candidate_anchor_not_interpolation_validated,False
2025,2025-12-31,门头沟区,门头沟,mentougou,district_plain_part,16.1,16.059,groundwater_depth_below_ground,m,down,year_end,official_figure_digitized,False,gb2025.pdf,2025,13,图2-9,current_year,GB2025_2025_01,current_year_bulletin_preferred,raster_color_segment,0.15,1,,-0.058,-0.6,no_screening_flag,candidate_anchor_not_interpolation_validated,False
2025,2025-12-31,密云区,密云,miyun,district_plain_part,13.8,13.765,groundwater_depth_below_ground,m,down,year_end,official_figure_digitized,False,gb2025.pdf,2025,13,图2-9,current_year,GB2025_2025_10,current_year_bulletin_preferred,raster_color_segment,0.15,1,,-0.058,-1.4,no_screening_flag,candidate_anchor_not_interpolation_validated,False
2025,2025-12-31,平谷区,平谷,pinggu,district_plain_part,14.9,14.941,groundwater_depth_below_ground,m,down,year_end,official_figure_digitized,False,gb2025.pdf,2025,13,图2-9,current_year,GB2025_2025_09,current_year_bulletin_preferred,raster_color_segment,0.15,1,,-0.058,-2.3,no_screening_flag,candidate_anchor_not_interpolation_validated,False
2025,2025-12-31,顺义区,顺义,shunyi,district_plain_part,14.4,14.412,groundwater_depth_below_ground,m,down,year_end,official_figure_digitized,False,gb2025.pdf,2025,13,图2-9,current_year,GB2025_2025_04,current_year_bulletin_preferred,raster_color_segment,0.15,1,,-0.058,-1.6,no_screening_flag,candidate_anchor_not_interpolation_validated,False
2025,2025-12-31,城六区,城六区,six_urban_districts_aggregate,multi_district_aggregate,13.2,13.235,groundwater_depth_below_ground,m,down,year_end,official_figure_digitized,False,gb2025.pdf,2025,13,图2-9,current_year,GB2025_2025_00,current_year_bulletin_preferred,raster_color_segment,0.15,1,,-0.058,-1.8,aggregate_not_single_district;not_merged_with_legacy_inner_urban_aggregate,candidate_anchor_not_interpolation_validated,False
2025,2025-12-31,通州区,通州,tongzhou,district_plain_part,5.2,5.176,groundwater_depth_below_ground,m,down,year_end,official_figure_digitized,False,gb2025.pdf,2025,13,图2-9,current_year,GB2025_2025_03,current_year_bulletin_preferred,raster_color_segment,0.15,1,,-0.058,-0.4,no_screening_flag,candidate_anchor_not_interpolation_validated,False
2025,2025-12-31,延庆区,延庆,yanqing,district_plain_part,4.1,4.059,groundwater_depth_below_ground,m,down,year_end,official_figure_digitized,False,gb2025.pdf,2025,13,图2-9,current_year,GB2025_2025_05,current_year_bulletin_preferred,raster_color_segment,0.15,1,,-0.058,-1.5,no_screening_flag,candidate_anchor_not_interpolation_validated,False
