year,district_raw,source_record_a,source_record_b,source_file_a,source_file_b,depth_a_m,depth_b_m,absolute_difference_m,screening_tolerance_m,flag_between_report_disagreement,interpretation
1980,城近郊,GB2001_1980_11,GB2002_1980_01,gb2001.pdf,gb2002.pdf,13.463,13.533,0.07,0.6,False,agreement_is_not_independent_observational_validation
1980,城近郊,GB2001_1980_11,GB2003_1980_01,gb2001.pdf,gb2003.pdf,13.463,13.091,0.372,0.9,False,agreement_is_not_independent_observational_validation
1980,城近郊,GB2001_1980_11,GB2004_1980_10,gb2001.pdf,gb2004.pdf,13.463,14.0,0.537,0.9,False,agreement_is_not_independent_observational_validation
1980,城近郊,GB2001_1980_11,GB2006_1980_10,gb2001.pdf,gb2006.pdf,13.463,13.864,0.401,0.9,False,agreement_is_not_independent_observational_validation
1980,城近郊,GB2001_1980_11,GB2007_1980_10,gb2001.pdf,gb2007.pdf,13.463,13.841,0.378,0.9,False,agreement_is_not_independent_observational_validation
1980,城近郊,GB2001_1980_11,GB2008_1980_10,gb2001.pdf,gb2008.pdf,13.463,14.124,0.661,0.6,True,agreement_is_not_independent_observational_validation
1980,城近郊,GB2001_1980_11,GB2009_1980_10,gb2001.pdf,gb2009.pdf,13.463,13.623,0.16,0.6,False,agreement_is_not_independent_observational_validation
1980,城近郊,GB2001_1980_11,GB2010_1980_10,gb2001.pdf,gb2010.pdf,13.463,13.637,0.174,0.6,False,agreement_is_not_independent_observational_validation
1980,城近郊,GB2001_1980_11,GB2012_1980_10,gb2001.pdf,gb2012.pdf,13.463,13.573,0.11,0.6,False,agreement_is_not_independent_observational_validation
1980,城近郊,GB2001_1980_11,GB2013_1980_10,gb2001.pdf,gb2013.pdf,13.463,13.766,0.303,0.78,False,agreement_is_not_independent_observational_validation
1980,城近郊,GB2001_1980_11,GB2014_1980_10,gb2001.pdf,gb2014.pdf,13.463,13.832,0.369,0.6,False,agreement_is_not_independent_observational_validation
1980,城近郊,GB2001_1980_11,GB2015_1980_10,gb2001.pdf,gb2015.pdf,13.463,13.856,0.393,0.63,False,agreement_is_not_independent_observational_validation
1980,城近郊,GB2001_1980_11,GB2016_1980_10,gb2001.pdf,gb2016.pdf,13.463,13.476,0.013,0.54,False,agreement_is_not_independent_observational_validation
1980,城近郊,GB2001_1980_11,GB2017_1980_10,gb2001.pdf,gb2017.pdf,13.463,13.617,0.154,0.51,False,agreement_is_not_independent_observational_validation
1980,城近郊,GB2001_1980_11,GB2018_1980_10,gb2001.pdf,gb2018.pdf,13.463,13.667,0.204,0.5,False,agreement_is_not_independent_observational_validation
1980,城近郊,GB2001_1980_11,GB2019_1980_10,gb2001.pdf,gb2019.pdf,13.463,14.0,0.537,0.92,False,agreement_is_not_independent_observational_validation
1980,城近郊,GB2001_1980_11,GB2020_1980_10,gb2001.pdf,gb2020.pdf,13.463,13.67,0.207,0.5,False,agreement_is_not_independent_observational_validation
1980,城近郊,GB2001_1980_11,GB2021_1980_10,gb2001.pdf,gb2021.pdf,13.463,13.659,0.196,0.52,False,agreement_is_not_independent_observational_validation
1980,城近郊,GB2001_1980_11,GB2022_1980_10,gb2001.pdf,gb2022.pdf,13.463,13.729,0.266,0.72,False,agreement_is_not_independent_observational_validation
1980,城近郊,GB2001_1980_11,GB2023_1980_00,gb2001.pdf,gb2023.pdf,13.463,13.821,0.358,0.57,False,agreement_is_not_independent_observational_validation
1980,城近郊,GB2002_1980_01,GB2003_1980_01,gb2002.pdf,gb2003.pdf,13.533,13.091,0.442,0.9,False,agreement_is_not_independent_observational_validation
1980,城近郊,GB2002_1980_01,GB2004_1980_10,gb2002.pdf,gb2004.pdf,13.533,14.0,0.467,0.9,False,agreement_is_not_independent_observational_validation
1980,城近郊,GB2002_1980_01,GB2006_1980_10,gb2002.pdf,gb2006.pdf,13.533,13.864,0.331,0.9,False,agreement_is_not_independent_observational_validation
1980,城近郊,GB2002_1980_01,GB2007_1980_10,gb2002.pdf,gb2007.pdf,13.533,13.841,0.308,0.9,False,agreement_is_not_independent_observational_validation
1980,城近郊,GB2002_1980_01,GB2008_1980_10,gb2002.pdf,gb2008.pdf,13.533,14.124,0.591,0.6,False,agreement_is_not_independent_observational_validation
1980,城近郊,GB2002_1980_01,GB2009_1980_10,gb2002.pdf,gb2009.pdf,13.533,13.623,0.09,0.6,False,agreement_is_not_independent_observational_validation
1980,城近郊,GB2002_1980_01,GB2010_1980_10,gb2002.pdf,gb2010.pdf,13.533,13.637,0.104,0.6,False,agreement_is_not_independent_observational_validation
1980,城近郊,GB2002_1980_01,GB2012_1980_10,gb2002.pdf,gb2012.pdf,13.533,13.573,0.04,0.6,False,agreement_is_not_independent_observational_validation
1980,城近郊,GB2002_1980_01,GB2013_1980_10,gb2002.pdf,gb2013.pdf,13.533,13.766,0.233,0.78,False,agreement_is_not_independent_observational_validation
1980,城近郊,GB2002_1980_01,GB2014_1980_10,gb2002.pdf,gb2014.pdf,13.533,13.832,0.299,0.6,False,agreement_is_not_independent_observational_validation
1980,城近郊,GB2002_1980_01,GB2015_1980_10,gb2002.pdf,gb2015.pdf,13.533,13.856,0.323,0.63,False,agreement_is_not_independent_observational_validation
1980,城近郊,GB2002_1980_01,GB2016_1980_10,gb2002.pdf,gb2016.pdf,13.533,13.476,0.057,0.54,False,agreement_is_not_independent_observational_validation
1980,城近郊,GB2002_1980_01,GB2017_1980_10,gb2002.pdf,gb2017.pdf,13.533,13.617,0.084,0.51,False,agreement_is_not_independent_observational_validation
1980,城近郊,GB2002_1980_01,GB2018_1980_10,gb2002.pdf,gb2018.pdf,13.533,13.667,0.134,0.5,False,agreement_is_not_independent_observational_validation
1980,城近郊,GB2002_1980_01,GB2019_1980_10,gb2002.pdf,gb2019.pdf,13.533,14.0,0.467,0.92,False,agreement_is_not_independent_observational_validation
1980,城近郊,GB2002_1980_01,GB2020_1980_10,gb2002.pdf,gb2020.pdf,13.533,13.67,0.137,0.5,False,agreement_is_not_independent_observational_validation
1980,城近郊,GB2002_1980_01,GB2021_1980_10,gb2002.pdf,gb2021.pdf,13.533,13.659,0.126,0.52,False,agreement_is_not_independent_observational_validation
1980,城近郊,GB2002_1980_01,GB2022_1980_10,gb2002.pdf,gb2022.pdf,13.533,13.729,0.196,0.72,False,agreement_is_not_independent_observational_validation
1980,城近郊,GB2002_1980_01,GB2023_1980_00,gb2002.pdf,gb2023.pdf,13.533,13.821,0.288,0.57,False,agreement_is_not_independent_observational_validation
1980,城近郊,GB2003_1980_01,GB2004_1980_10,gb2003.pdf,gb2004.pdf,13.091,14.0,0.909,1.2,False,agreement_is_not_independent_observational_validation
1980,城近郊,GB2003_1980_01,GB2006_1980_10,gb2003.pdf,gb2006.pdf,13.091,13.864,0.773,1.2,False,agreement_is_not_independent_observational_validation
1980,城近郊,GB2003_1980_01,GB2007_1980_10,gb2003.pdf,gb2007.pdf,13.091,13.841,0.75,1.2,False,agreement_is_not_independent_observational_validation
1980,城近郊,GB2003_1980_01,GB2008_1980_10,gb2003.pdf,gb2008.pdf,13.091,14.124,1.033,0.9,True,agreement_is_not_independent_observational_validation
1980,城近郊,GB2003_1980_01,GB2009_1980_10,gb2003.pdf,gb2009.pdf,13.091,13.623,0.532,0.9,False,agreement_is_not_independent_observational_validation
1980,城近郊,GB2003_1980_01,GB2010_1980_10,gb2003.pdf,gb2010.pdf,13.091,13.637,0.546,0.9,False,agreement_is_not_independent_observational_validation
1980,城近郊,GB2003_1980_01,GB2012_1980_10,gb2003.pdf,gb2012.pdf,13.091,13.573,0.482,0.9,False,agreement_is_not_independent_observational_validation
1980,城近郊,GB2003_1980_01,GB2013_1980_10,gb2003.pdf,gb2013.pdf,13.091,13.766,0.675,1.08,False,agreement_is_not_independent_observational_validation
1980,城近郊,GB2003_1980_01,GB2014_1980_10,gb2003.pdf,gb2014.pdf,13.091,13.832,0.741,0.9,False,agreement_is_not_independent_observational_validation
1980,城近郊,GB2003_1980_01,GB2015_1980_10,gb2003.pdf,gb2015.pdf,13.091,13.856,0.765,0.93,False,agreement_is_not_independent_observational_validation
1980,城近郊,GB2003_1980_01,GB2016_1980_10,gb2003.pdf,gb2016.pdf,13.091,13.476,0.385,0.84,False,agreement_is_not_independent_observational_validation
1980,城近郊,GB2003_1980_01,GB2017_1980_10,gb2003.pdf,gb2017.pdf,13.091,13.617,0.526,0.81,False,agreement_is_not_independent_observational_validation
1980,城近郊,GB2003_1980_01,GB2018_1980_10,gb2003.pdf,gb2018.pdf,13.091,13.667,0.576,0.75,False,agreement_is_not_independent_observational_validation
1980,城近郊,GB2003_1980_01,GB2019_1980_10,gb2003.pdf,gb2019.pdf,13.091,14.0,0.909,1.22,False,agreement_is_not_independent_observational_validation
1980,城近郊,GB2003_1980_01,GB2020_1980_10,gb2003.pdf,gb2020.pdf,13.091,13.67,0.579,0.65,False,agreement_is_not_independent_observational_validation
1980,城近郊,GB2003_1980_01,GB2021_1980_10,gb2003.pdf,gb2021.pdf,13.091,13.659,0.568,0.82,False,agreement_is_not_independent_observational_validation
1980,城近郊,GB2003_1980_01,GB2022_1980_10,gb2003.pdf,gb2022.pdf,13.091,13.729,0.638,1.02,False,agreement_is_not_independent_observational_validation
1980,城近郊,GB2003_1980_01,GB2023_1980_00,gb2003.pdf,gb2023.pdf,13.091,13.821,0.73,0.87,False,agreement_is_not_independent_observational_validation
1980,城近郊,GB2004_1980_10,GB2006_1980_10,gb2004.pdf,gb2006.pdf,14.0,13.864,0.136,1.2,False,agreement_is_not_independent_observational_validation
1980,城近郊,GB2004_1980_10,GB2007_1980_10,gb2004.pdf,gb2007.pdf,14.0,13.841,0.159,1.2,False,agreement_is_not_independent_observational_validation
1980,城近郊,GB2004_1980_10,GB2008_1980_10,gb2004.pdf,gb2008.pdf,14.0,14.124,0.124,0.9,False,agreement_is_not_independent_observational_validation
1980,城近郊,GB2004_1980_10,GB2009_1980_10,gb2004.pdf,gb2009.pdf,14.0,13.623,0.377,0.9,False,agreement_is_not_independent_observational_validation
1980,城近郊,GB2004_1980_10,GB2010_1980_10,gb2004.pdf,gb2010.pdf,14.0,13.637,0.363,0.9,False,agreement_is_not_independent_observational_validation
1980,城近郊,GB2004_1980_10,GB2012_1980_10,gb2004.pdf,gb2012.pdf,14.0,13.573,0.427,0.9,False,agreement_is_not_independent_observational_validation
1980,城近郊,GB2004_1980_10,GB2013_1980_10,gb2004.pdf,gb2013.pdf,14.0,13.766,0.234,1.08,False,agreement_is_not_independent_observational_validation
1980,城近郊,GB2004_1980_10,GB2014_1980_10,gb2004.pdf,gb2014.pdf,14.0,13.832,0.168,0.9,False,agreement_is_not_independent_observational_validation
1980,城近郊,GB2004_1980_10,GB2015_1980_10,gb2004.pdf,gb2015.pdf,14.0,13.856,0.144,0.93,False,agreement_is_not_independent_observational_validation
1980,城近郊,GB2004_1980_10,GB2016_1980_10,gb2004.pdf,gb2016.pdf,14.0,13.476,0.524,0.84,False,agreement_is_not_independent_observational_validation
1980,城近郊,GB2004_1980_10,GB2017_1980_10,gb2004.pdf,gb2017.pdf,14.0,13.617,0.383,0.81,False,agreement_is_not_independent_observational_validation
1980,城近郊,GB2004_1980_10,GB2018_1980_10,gb2004.pdf,gb2018.pdf,14.0,13.667,0.333,0.75,False,agreement_is_not_independent_observational_validation
1980,城近郊,GB2004_1980_10,GB2019_1980_10,gb2004.pdf,gb2019.pdf,14.0,14.0,0.0,1.22,False,agreement_is_not_independent_observational_validation
1980,城近郊,GB2004_1980_10,GB2020_1980_10,gb2004.pdf,gb2020.pdf,14.0,13.67,0.33,0.65,False,agreement_is_not_independent_observational_validation
1980,城近郊,GB2004_1980_10,GB2021_1980_10,gb2004.pdf,gb2021.pdf,14.0,13.659,0.341,0.82,False,agreement_is_not_independent_observational_validation
1980,城近郊,GB2004_1980_10,GB2022_1980_10,gb2004.pdf,gb2022.pdf,14.0,13.729,0.271,1.02,False,agreement_is_not_independent_observational_validation
1980,城近郊,GB2004_1980_10,GB2023_1980_00,gb2004.pdf,gb2023.pdf,14.0,13.821,0.179,0.87,False,agreement_is_not_independent_observational_validation
1980,城近郊,GB2006_1980_10,GB2007_1980_10,gb2006.pdf,gb2007.pdf,13.864,13.841,0.023,1.2,False,agreement_is_not_independent_observational_validation
1980,城近郊,GB2006_1980_10,GB2008_1980_10,gb2006.pdf,gb2008.pdf,13.864,14.124,0.26,0.9,False,agreement_is_not_independent_observational_validation
1980,城近郊,GB2006_1980_10,GB2009_1980_10,gb2006.pdf,gb2009.pdf,13.864,13.623,0.241,0.9,False,agreement_is_not_independent_observational_validation
1980,城近郊,GB2006_1980_10,GB2010_1980_10,gb2006.pdf,gb2010.pdf,13.864,13.637,0.227,0.9,False,agreement_is_not_independent_observational_validation
1980,城近郊,GB2006_1980_10,GB2012_1980_10,gb2006.pdf,gb2012.pdf,13.864,13.573,0.291,0.9,False,agreement_is_not_independent_observational_validation
1980,城近郊,GB2006_1980_10,GB2013_1980_10,gb2006.pdf,gb2013.pdf,13.864,13.766,0.098,1.08,False,agreement_is_not_independent_observational_validation
1980,城近郊,GB2006_1980_10,GB2014_1980_10,gb2006.pdf,gb2014.pdf,13.864,13.832,0.032,0.9,False,agreement_is_not_independent_observational_validation
1980,城近郊,GB2006_1980_10,GB2015_1980_10,gb2006.pdf,gb2015.pdf,13.864,13.856,0.008,0.93,False,agreement_is_not_independent_observational_validation
1980,城近郊,GB2006_1980_10,GB2016_1980_10,gb2006.pdf,gb2016.pdf,13.864,13.476,0.388,0.84,False,agreement_is_not_independent_observational_validation
1980,城近郊,GB2006_1980_10,GB2017_1980_10,gb2006.pdf,gb2017.pdf,13.864,13.617,0.247,0.81,False,agreement_is_not_independent_observational_validation
1980,城近郊,GB2006_1980_10,GB2018_1980_10,gb2006.pdf,gb2018.pdf,13.864,13.667,0.197,0.75,False,agreement_is_not_independent_observational_validation
1980,城近郊,GB2006_1980_10,GB2019_1980_10,gb2006.pdf,gb2019.pdf,13.864,14.0,0.136,1.22,False,agreement_is_not_independent_observational_validation
1980,城近郊,GB2006_1980_10,GB2020_1980_10,gb2006.pdf,gb2020.pdf,13.864,13.67,0.194,0.65,False,agreement_is_not_independent_observational_validation
1980,城近郊,GB2006_1980_10,GB2021_1980_10,gb2006.pdf,gb2021.pdf,13.864,13.659,0.205,0.82,False,agreement_is_not_independent_observational_validation
1980,城近郊,GB2006_1980_10,GB2022_1980_10,gb2006.pdf,gb2022.pdf,13.864,13.729,0.135,1.02,False,agreement_is_not_independent_observational_validation
1980,城近郊,GB2006_1980_10,GB2023_1980_00,gb2006.pdf,gb2023.pdf,13.864,13.821,0.043,0.87,False,agreement_is_not_independent_observational_validation
1980,城近郊,GB2007_1980_10,GB2008_1980_10,gb2007.pdf,gb2008.pdf,13.841,14.124,0.283,0.9,False,agreement_is_not_independent_observational_validation
1980,城近郊,GB2007_1980_10,GB2009_1980_10,gb2007.pdf,gb2009.pdf,13.841,13.623,0.218,0.9,False,agreement_is_not_independent_observational_validation
1980,城近郊,GB2007_1980_10,GB2010_1980_10,gb2007.pdf,gb2010.pdf,13.841,13.637,0.204,0.9,False,agreement_is_not_independent_observational_validation
1980,城近郊,GB2007_1980_10,GB2012_1980_10,gb2007.pdf,gb2012.pdf,13.841,13.573,0.268,0.9,False,agreement_is_not_independent_observational_validation
1980,城近郊,GB2007_1980_10,GB2013_1980_10,gb2007.pdf,gb2013.pdf,13.841,13.766,0.075,1.08,False,agreement_is_not_independent_observational_validation
1980,城近郊,GB2007_1980_10,GB2014_1980_10,gb2007.pdf,gb2014.pdf,13.841,13.832,0.009,0.9,False,agreement_is_not_independent_observational_validation
1980,城近郊,GB2007_1980_10,GB2015_1980_10,gb2007.pdf,gb2015.pdf,13.841,13.856,0.015,0.93,False,agreement_is_not_independent_observational_validation
1980,城近郊,GB2007_1980_10,GB2016_1980_10,gb2007.pdf,gb2016.pdf,13.841,13.476,0.365,0.84,False,agreement_is_not_independent_observational_validation
1980,城近郊,GB2007_1980_10,GB2017_1980_10,gb2007.pdf,gb2017.pdf,13.841,13.617,0.224,0.81,False,agreement_is_not_independent_observational_validation
1980,城近郊,GB2007_1980_10,GB2018_1980_10,gb2007.pdf,gb2018.pdf,13.841,13.667,0.174,0.75,False,agreement_is_not_independent_observational_validation
1980,城近郊,GB2007_1980_10,GB2019_1980_10,gb2007.pdf,gb2019.pdf,13.841,14.0,0.159,1.22,False,agreement_is_not_independent_observational_validation
1980,城近郊,GB2007_1980_10,GB2020_1980_10,gb2007.pdf,gb2020.pdf,13.841,13.67,0.171,0.65,False,agreement_is_not_independent_observational_validation
1980,城近郊,GB2007_1980_10,GB2021_1980_10,gb2007.pdf,gb2021.pdf,13.841,13.659,0.182,0.82,False,agreement_is_not_independent_observational_validation
1980,城近郊,GB2007_1980_10,GB2022_1980_10,gb2007.pdf,gb2022.pdf,13.841,13.729,0.112,1.02,False,agreement_is_not_independent_observational_validation
1980,城近郊,GB2007_1980_10,GB2023_1980_00,gb2007.pdf,gb2023.pdf,13.841,13.821,0.02,0.87,False,agreement_is_not_independent_observational_validation
1980,城近郊,GB2008_1980_10,GB2009_1980_10,gb2008.pdf,gb2009.pdf,14.124,13.623,0.501,0.6,False,agreement_is_not_independent_observational_validation
1980,城近郊,GB2008_1980_10,GB2010_1980_10,gb2008.pdf,gb2010.pdf,14.124,13.637,0.487,0.6,False,agreement_is_not_independent_observational_validation
1980,城近郊,GB2008_1980_10,GB2012_1980_10,gb2008.pdf,gb2012.pdf,14.124,13.573,0.551,0.6,False,agreement_is_not_independent_observational_validation
1980,城近郊,GB2008_1980_10,GB2013_1980_10,gb2008.pdf,gb2013.pdf,14.124,13.766,0.358,0.78,False,agreement_is_not_independent_observational_validation
1980,城近郊,GB2008_1980_10,GB2014_1980_10,gb2008.pdf,gb2014.pdf,14.124,13.832,0.292,0.6,False,agreement_is_not_independent_observational_validation
1980,城近郊,GB2008_1980_10,GB2015_1980_10,gb2008.pdf,gb2015.pdf,14.124,13.856,0.268,0.63,False,agreement_is_not_independent_observational_validation
1980,城近郊,GB2008_1980_10,GB2016_1980_10,gb2008.pdf,gb2016.pdf,14.124,13.476,0.648,0.54,True,agreement_is_not_independent_observational_validation
1980,城近郊,GB2008_1980_10,GB2017_1980_10,gb2008.pdf,gb2017.pdf,14.124,13.617,0.507,0.51,False,agreement_is_not_independent_observational_validation
1980,城近郊,GB2008_1980_10,GB2018_1980_10,gb2008.pdf,gb2018.pdf,14.124,13.667,0.457,0.5,False,agreement_is_not_independent_observational_validation
1980,城近郊,GB2008_1980_10,GB2019_1980_10,gb2008.pdf,gb2019.pdf,14.124,14.0,0.124,0.92,False,agreement_is_not_independent_observational_validation
1980,城近郊,GB2008_1980_10,GB2020_1980_10,gb2008.pdf,gb2020.pdf,14.124,13.67,0.454,0.5,False,agreement_is_not_independent_observational_validation
1980,城近郊,GB2008_1980_10,GB2021_1980_10,gb2008.pdf,gb2021.pdf,14.124,13.659,0.465,0.52,False,agreement_is_not_independent_observational_validation
1980,城近郊,GB2008_1980_10,GB2022_1980_10,gb2008.pdf,gb2022.pdf,14.124,13.729,0.395,0.72,False,agreement_is_not_independent_observational_validation
1980,城近郊,GB2008_1980_10,GB2023_1980_00,gb2008.pdf,gb2023.pdf,14.124,13.821,0.303,0.57,False,agreement_is_not_independent_observational_validation
1980,城近郊,GB2009_1980_10,GB2010_1980_10,gb2009.pdf,gb2010.pdf,13.623,13.637,0.014,0.6,False,agreement_is_not_independent_observational_validation
1980,城近郊,GB2009_1980_10,GB2012_1980_10,gb2009.pdf,gb2012.pdf,13.623,13.573,0.05,0.6,False,agreement_is_not_independent_observational_validation
1980,城近郊,GB2009_1980_10,GB2013_1980_10,gb2009.pdf,gb2013.pdf,13.623,13.766,0.143,0.78,False,agreement_is_not_independent_observational_validation
1980,城近郊,GB2009_1980_10,GB2014_1980_10,gb2009.pdf,gb2014.pdf,13.623,13.832,0.209,0.6,False,agreement_is_not_independent_observational_validation
1980,城近郊,GB2009_1980_10,GB2015_1980_10,gb2009.pdf,gb2015.pdf,13.623,13.856,0.233,0.63,False,agreement_is_not_independent_observational_validation
1980,城近郊,GB2009_1980_10,GB2016_1980_10,gb2009.pdf,gb2016.pdf,13.623,13.476,0.147,0.54,False,agreement_is_not_independent_observational_validation
1980,城近郊,GB2009_1980_10,GB2017_1980_10,gb2009.pdf,gb2017.pdf,13.623,13.617,0.006,0.51,False,agreement_is_not_independent_observational_validation
1980,城近郊,GB2009_1980_10,GB2018_1980_10,gb2009.pdf,gb2018.pdf,13.623,13.667,0.044,0.5,False,agreement_is_not_independent_observational_validation
1980,城近郊,GB2009_1980_10,GB2019_1980_10,gb2009.pdf,gb2019.pdf,13.623,14.0,0.377,0.92,False,agreement_is_not_independent_observational_validation
1980,城近郊,GB2009_1980_10,GB2020_1980_10,gb2009.pdf,gb2020.pdf,13.623,13.67,0.047,0.5,False,agreement_is_not_independent_observational_validation
1980,城近郊,GB2009_1980_10,GB2021_1980_10,gb2009.pdf,gb2021.pdf,13.623,13.659,0.036,0.52,False,agreement_is_not_independent_observational_validation
1980,城近郊,GB2009_1980_10,GB2022_1980_10,gb2009.pdf,gb2022.pdf,13.623,13.729,0.106,0.72,False,agreement_is_not_independent_observational_validation
1980,城近郊,GB2009_1980_10,GB2023_1980_00,gb2009.pdf,gb2023.pdf,13.623,13.821,0.198,0.57,False,agreement_is_not_independent_observational_validation
1980,城近郊,GB2010_1980_10,GB2012_1980_10,gb2010.pdf,gb2012.pdf,13.637,13.573,0.064,0.6,False,agreement_is_not_independent_observational_validation
1980,城近郊,GB2010_1980_10,GB2013_1980_10,gb2010.pdf,gb2013.pdf,13.637,13.766,0.129,0.78,False,agreement_is_not_independent_observational_validation
1980,城近郊,GB2010_1980_10,GB2014_1980_10,gb2010.pdf,gb2014.pdf,13.637,13.832,0.195,0.6,False,agreement_is_not_independent_observational_validation
1980,城近郊,GB2010_1980_10,GB2015_1980_10,gb2010.pdf,gb2015.pdf,13.637,13.856,0.219,0.63,False,agreement_is_not_independent_observational_validation
1980,城近郊,GB2010_1980_10,GB2016_1980_10,gb2010.pdf,gb2016.pdf,13.637,13.476,0.161,0.54,False,agreement_is_not_independent_observational_validation
1980,城近郊,GB2010_1980_10,GB2017_1980_10,gb2010.pdf,gb2017.pdf,13.637,13.617,0.02,0.51,False,agreement_is_not_independent_observational_validation
1980,城近郊,GB2010_1980_10,GB2018_1980_10,gb2010.pdf,gb2018.pdf,13.637,13.667,0.03,0.5,False,agreement_is_not_independent_observational_validation
1980,城近郊,GB2010_1980_10,GB2019_1980_10,gb2010.pdf,gb2019.pdf,13.637,14.0,0.363,0.92,False,agreement_is_not_independent_observational_validation
1980,城近郊,GB2010_1980_10,GB2020_1980_10,gb2010.pdf,gb2020.pdf,13.637,13.67,0.033,0.5,False,agreement_is_not_independent_observational_validation
1980,城近郊,GB2010_1980_10,GB2021_1980_10,gb2010.pdf,gb2021.pdf,13.637,13.659,0.022,0.52,False,agreement_is_not_independent_observational_validation
1980,城近郊,GB2010_1980_10,GB2022_1980_10,gb2010.pdf,gb2022.pdf,13.637,13.729,0.092,0.72,False,agreement_is_not_independent_observational_validation
1980,城近郊,GB2010_1980_10,GB2023_1980_00,gb2010.pdf,gb2023.pdf,13.637,13.821,0.184,0.57,False,agreement_is_not_independent_observational_validation
1980,城近郊,GB2012_1980_10,GB2013_1980_10,gb2012.pdf,gb2013.pdf,13.573,13.766,0.193,0.78,False,agreement_is_not_independent_observational_validation
1980,城近郊,GB2012_1980_10,GB2014_1980_10,gb2012.pdf,gb2014.pdf,13.573,13.832,0.259,0.6,False,agreement_is_not_independent_observational_validation
1980,城近郊,GB2012_1980_10,GB2015_1980_10,gb2012.pdf,gb2015.pdf,13.573,13.856,0.283,0.63,False,agreement_is_not_independent_observational_validation
1980,城近郊,GB2012_1980_10,GB2016_1980_10,gb2012.pdf,gb2016.pdf,13.573,13.476,0.097,0.54,False,agreement_is_not_independent_observational_validation
1980,城近郊,GB2012_1980_10,GB2017_1980_10,gb2012.pdf,gb2017.pdf,13.573,13.617,0.044,0.51,False,agreement_is_not_independent_observational_validation
1980,城近郊,GB2012_1980_10,GB2018_1980_10,gb2012.pdf,gb2018.pdf,13.573,13.667,0.094,0.5,False,agreement_is_not_independent_observational_validation
1980,城近郊,GB2012_1980_10,GB2019_1980_10,gb2012.pdf,gb2019.pdf,13.573,14.0,0.427,0.92,False,agreement_is_not_independent_observational_validation
1980,城近郊,GB2012_1980_10,GB2020_1980_10,gb2012.pdf,gb2020.pdf,13.573,13.67,0.097,0.5,False,agreement_is_not_independent_observational_validation
1980,城近郊,GB2012_1980_10,GB2021_1980_10,gb2012.pdf,gb2021.pdf,13.573,13.659,0.086,0.52,False,agreement_is_not_independent_observational_validation
1980,城近郊,GB2012_1980_10,GB2022_1980_10,gb2012.pdf,gb2022.pdf,13.573,13.729,0.156,0.72,False,agreement_is_not_independent_observational_validation
1980,城近郊,GB2012_1980_10,GB2023_1980_00,gb2012.pdf,gb2023.pdf,13.573,13.821,0.248,0.57,False,agreement_is_not_independent_observational_validation
1980,城近郊,GB2013_1980_10,GB2014_1980_10,gb2013.pdf,gb2014.pdf,13.766,13.832,0.066,0.78,False,agreement_is_not_independent_observational_validation
1980,城近郊,GB2013_1980_10,GB2015_1980_10,gb2013.pdf,gb2015.pdf,13.766,13.856,0.09,0.81,False,agreement_is_not_independent_observational_validation
1980,城近郊,GB2013_1980_10,GB2016_1980_10,gb2013.pdf,gb2016.pdf,13.766,13.476,0.29,0.72,False,agreement_is_not_independent_observational_validation
1980,城近郊,GB2013_1980_10,GB2017_1980_10,gb2013.pdf,gb2017.pdf,13.766,13.617,0.149,0.69,False,agreement_is_not_independent_observational_validation
1980,城近郊,GB2013_1980_10,GB2018_1980_10,gb2013.pdf,gb2018.pdf,13.766,13.667,0.099,0.63,False,agreement_is_not_independent_observational_validation
1980,城近郊,GB2013_1980_10,GB2019_1980_10,gb2013.pdf,gb2019.pdf,13.766,14.0,0.234,1.1,False,agreement_is_not_independent_observational_validation
1980,城近郊,GB2013_1980_10,GB2020_1980_10,gb2013.pdf,gb2020.pdf,13.766,13.67,0.096,0.53,False,agreement_is_not_independent_observational_validation
1980,城近郊,GB2013_1980_10,GB2021_1980_10,gb2013.pdf,gb2021.pdf,13.766,13.659,0.107,0.7,False,agreement_is_not_independent_observational_validation
1980,城近郊,GB2013_1980_10,GB2022_1980_10,gb2013.pdf,gb2022.pdf,13.766,13.729,0.037,0.9,False,agreement_is_not_independent_observational_validation
1980,城近郊,GB2013_1980_10,GB2023_1980_00,gb2013.pdf,gb2023.pdf,13.766,13.821,0.055,0.75,False,agreement_is_not_independent_observational_validation
1980,城近郊,GB2014_1980_10,GB2015_1980_10,gb2014.pdf,gb2015.pdf,13.832,13.856,0.024,0.63,False,agreement_is_not_independent_observational_validation
1980,城近郊,GB2014_1980_10,GB2016_1980_10,gb2014.pdf,gb2016.pdf,13.832,13.476,0.356,0.54,False,agreement_is_not_independent_observational_validation
1980,城近郊,GB2014_1980_10,GB2017_1980_10,gb2014.pdf,gb2017.pdf,13.832,13.617,0.215,0.51,False,agreement_is_not_independent_observational_validation
1980,城近郊,GB2014_1980_10,GB2018_1980_10,gb2014.pdf,gb2018.pdf,13.832,13.667,0.165,0.5,False,agreement_is_not_independent_observational_validation
1980,城近郊,GB2014_1980_10,GB2019_1980_10,gb2014.pdf,gb2019.pdf,13.832,14.0,0.168,0.92,False,agreement_is_not_independent_observational_validation
1980,城近郊,GB2014_1980_10,GB2020_1980_10,gb2014.pdf,gb2020.pdf,13.832,13.67,0.162,0.5,False,agreement_is_not_independent_observational_validation
1980,城近郊,GB2014_1980_10,GB2021_1980_10,gb2014.pdf,gb2021.pdf,13.832,13.659,0.173,0.52,False,agreement_is_not_independent_observational_validation
1980,城近郊,GB2014_1980_10,GB2022_1980_10,gb2014.pdf,gb2022.pdf,13.832,13.729,0.103,0.72,False,agreement_is_not_independent_observational_validation
1980,城近郊,GB2014_1980_10,GB2023_1980_00,gb2014.pdf,gb2023.pdf,13.832,13.821,0.011,0.57,False,agreement_is_not_independent_observational_validation
1980,城近郊,GB2015_1980_10,GB2016_1980_10,gb2015.pdf,gb2016.pdf,13.856,13.476,0.38,0.57,False,agreement_is_not_independent_observational_validation
1980,城近郊,GB2015_1980_10,GB2017_1980_10,gb2015.pdf,gb2017.pdf,13.856,13.617,0.239,0.54,False,agreement_is_not_independent_observational_validation
1980,城近郊,GB2015_1980_10,GB2018_1980_10,gb2015.pdf,gb2018.pdf,13.856,13.667,0.189,0.5,False,agreement_is_not_independent_observational_validation
1980,城近郊,GB2015_1980_10,GB2019_1980_10,gb2015.pdf,gb2019.pdf,13.856,14.0,0.144,0.95,False,agreement_is_not_independent_observational_validation
1980,城近郊,GB2015_1980_10,GB2020_1980_10,gb2015.pdf,gb2020.pdf,13.856,13.67,0.186,0.5,False,agreement_is_not_independent_observational_validation
1980,城近郊,GB2015_1980_10,GB2021_1980_10,gb2015.pdf,gb2021.pdf,13.856,13.659,0.197,0.55,False,agreement_is_not_independent_observational_validation
1980,城近郊,GB2015_1980_10,GB2022_1980_10,gb2015.pdf,gb2022.pdf,13.856,13.729,0.127,0.75,False,agreement_is_not_independent_observational_validation
1980,城近郊,GB2015_1980_10,GB2023_1980_00,gb2015.pdf,gb2023.pdf,13.856,13.821,0.035,0.6,False,agreement_is_not_independent_observational_validation
1980,城近郊,GB2016_1980_10,GB2017_1980_10,gb2016.pdf,gb2017.pdf,13.476,13.617,0.141,0.5,False,agreement_is_not_independent_observational_validation
1980,城近郊,GB2016_1980_10,GB2018_1980_10,gb2016.pdf,gb2018.pdf,13.476,13.667,0.191,0.5,False,agreement_is_not_independent_observational_validation
1980,城近郊,GB2016_1980_10,GB2019_1980_10,gb2016.pdf,gb2019.pdf,13.476,14.0,0.524,0.86,False,agreement_is_not_independent_observational_validation
1980,城近郊,GB2016_1980_10,GB2020_1980_10,gb2016.pdf,gb2020.pdf,13.476,13.67,0.194,0.5,False,agreement_is_not_independent_observational_validation
1980,城近郊,GB2016_1980_10,GB2021_1980_10,gb2016.pdf,gb2021.pdf,13.476,13.659,0.183,0.5,False,agreement_is_not_independent_observational_validation
1980,城近郊,GB2016_1980_10,GB2022_1980_10,gb2016.pdf,gb2022.pdf,13.476,13.729,0.253,0.66,False,agreement_is_not_independent_observational_validation
1980,城近郊,GB2016_1980_10,GB2023_1980_00,gb2016.pdf,gb2023.pdf,13.476,13.821,0.345,0.51,False,agreement_is_not_independent_observational_validation
1980,城近郊,GB2017_1980_10,GB2018_1980_10,gb2017.pdf,gb2018.pdf,13.617,13.667,0.05,0.5,False,agreement_is_not_independent_observational_validation
1980,城近郊,GB2017_1980_10,GB2019_1980_10,gb2017.pdf,gb2019.pdf,13.617,14.0,0.383,0.83,False,agreement_is_not_independent_observational_validation
1980,城近郊,GB2017_1980_10,GB2020_1980_10,gb2017.pdf,gb2020.pdf,13.617,13.67,0.053,0.5,False,agreement_is_not_independent_observational_validation
1980,城近郊,GB2017_1980_10,GB2021_1980_10,gb2017.pdf,gb2021.pdf,13.617,13.659,0.042,0.5,False,agreement_is_not_independent_observational_validation
1980,城近郊,GB2017_1980_10,GB2022_1980_10,gb2017.pdf,gb2022.pdf,13.617,13.729,0.112,0.63,False,agreement_is_not_independent_observational_validation
1980,城近郊,GB2017_1980_10,GB2023_1980_00,gb2017.pdf,gb2023.pdf,13.617,13.821,0.204,0.5,False,agreement_is_not_independent_observational_validation
1980,城近郊,GB2018_1980_10,GB2019_1980_10,gb2018.pdf,gb2019.pdf,13.667,14.0,0.333,0.77,False,agreement_is_not_independent_observational_validation
1980,城近郊,GB2018_1980_10,GB2020_1980_10,gb2018.pdf,gb2020.pdf,13.667,13.67,0.003,0.5,False,agreement_is_not_independent_observational_validation
1980,城近郊,GB2018_1980_10,GB2021_1980_10,gb2018.pdf,gb2021.pdf,13.667,13.659,0.008,0.5,False,agreement_is_not_independent_observational_validation
1980,城近郊,GB2018_1980_10,GB2022_1980_10,gb2018.pdf,gb2022.pdf,13.667,13.729,0.062,0.57,False,agreement_is_not_independent_observational_validation
1980,城近郊,GB2018_1980_10,GB2023_1980_00,gb2018.pdf,gb2023.pdf,13.667,13.821,0.154,0.5,False,agreement_is_not_independent_observational_validation
1980,城近郊,GB2019_1980_10,GB2020_1980_10,gb2019.pdf,gb2020.pdf,14.0,13.67,0.33,0.67,False,agreement_is_not_independent_observational_validation
1980,城近郊,GB2019_1980_10,GB2021_1980_10,gb2019.pdf,gb2021.pdf,14.0,13.659,0.341,0.84,False,agreement_is_not_independent_observational_validation
1980,城近郊,GB2019_1980_10,GB2022_1980_10,gb2019.pdf,gb2022.pdf,14.0,13.729,0.271,1.04,False,agreement_is_not_independent_observational_validation
1980,城近郊,GB2019_1980_10,GB2023_1980_00,gb2019.pdf,gb2023.pdf,14.0,13.821,0.179,0.89,False,agreement_is_not_independent_observational_validation
1980,城近郊,GB2020_1980_10,GB2021_1980_10,gb2020.pdf,gb2021.pdf,13.67,13.659,0.011,0.5,False,agreement_is_not_independent_observational_validation
1980,城近郊,GB2020_1980_10,GB2022_1980_10,gb2020.pdf,gb2022.pdf,13.67,13.729,0.059,0.5,False,agreement_is_not_independent_observational_validation
1980,城近郊,GB2020_1980_10,GB2023_1980_00,gb2020.pdf,gb2023.pdf,13.67,13.821,0.151,0.5,False,agreement_is_not_independent_observational_validation
1980,城近郊,GB2021_1980_10,GB2022_1980_10,gb2021.pdf,gb2022.pdf,13.659,13.729,0.07,0.64,False,agreement_is_not_independent_observational_validation
1980,城近郊,GB2021_1980_10,GB2023_1980_00,gb2021.pdf,gb2023.pdf,13.659,13.821,0.162,0.5,False,agreement_is_not_independent_observational_validation
1980,城近郊,GB2022_1980_10,GB2023_1980_00,gb2022.pdf,gb2023.pdf,13.729,13.821,0.092,0.69,False,agreement_is_not_independent_observational_validation
1980,大兴,GB2001_1980_09,GB2002_1980_10,gb2001.pdf,gb2002.pdf,2.201,2.316,0.115,0.6,False,agreement_is_not_independent_observational_validation
1980,大兴,GB2001_1980_09,GB2003_1980_10,gb2001.pdf,gb2003.pdf,2.201,2.455,0.254,0.9,False,agreement_is_not_independent_observational_validation
1980,大兴,GB2001_1980_09,GB2004_1980_01,gb2001.pdf,gb2004.pdf,2.201,2.682,0.481,0.9,False,agreement_is_not_independent_observational_validation
1980,大兴,GB2001_1980_09,GB2006_1980_01,gb2001.pdf,gb2006.pdf,2.201,2.682,0.481,0.9,False,agreement_is_not_independent_observational_validation
1980,大兴,GB2001_1980_09,GB2007_1980_01,gb2001.pdf,gb2007.pdf,2.201,2.545,0.344,0.9,False,agreement_is_not_independent_observational_validation
1980,大兴,GB2001_1980_09,GB2008_1980_01,gb2001.pdf,gb2008.pdf,2.201,2.781,0.58,0.6,False,agreement_is_not_independent_observational_validation
1980,大兴,GB2001_1980_09,GB2009_1980_01,gb2001.pdf,gb2009.pdf,2.201,2.366,0.165,0.6,False,agreement_is_not_independent_observational_validation
1980,大兴,GB2001_1980_09,GB2010_1980_01,gb2001.pdf,gb2010.pdf,2.201,2.471,0.27,0.6,False,agreement_is_not_independent_observational_validation
1980,大兴,GB2001_1980_09,GB2012_1980_01,gb2001.pdf,gb2012.pdf,2.201,2.322,0.121,0.6,False,agreement_is_not_independent_observational_validation
1980,大兴,GB2001_1980_09,GB2013_1980_01,gb2001.pdf,gb2013.pdf,2.201,2.584,0.383,0.78,False,agreement_is_not_independent_observational_validation
1980,大兴,GB2001_1980_09,GB2014_1980_01,gb2001.pdf,gb2014.pdf,2.201,2.589,0.388,0.6,False,agreement_is_not_independent_observational_validation
1980,大兴,GB2001_1980_09,GB2015_1980_01,gb2001.pdf,gb2015.pdf,2.201,2.507,0.306,0.63,False,agreement_is_not_independent_observational_validation
1980,大兴,GB2001_1980_09,GB2016_1980_01,gb2001.pdf,gb2016.pdf,2.201,2.31,0.109,0.54,False,agreement_is_not_independent_observational_validation
1980,大兴,GB2001_1980_09,GB2017_1980_01,gb2001.pdf,gb2017.pdf,2.201,2.388,0.187,0.51,False,agreement_is_not_independent_observational_validation
1980,大兴,GB2001_1980_09,GB2018_1980_01,gb2001.pdf,gb2018.pdf,2.201,2.386,0.185,0.5,False,agreement_is_not_independent_observational_validation
1980,大兴,GB2001_1980_09,GB2019_1980_01,gb2001.pdf,gb2019.pdf,2.201,2.75,0.549,0.92,False,agreement_is_not_independent_observational_validation
1980,大兴,GB2001_1980_09,GB2020_1980_01,gb2001.pdf,gb2020.pdf,2.201,2.446,0.245,0.5,False,agreement_is_not_independent_observational_validation
1980,大兴,GB2001_1980_09,GB2021_1980_01,gb2001.pdf,gb2021.pdf,2.201,2.395,0.194,0.52,False,agreement_is_not_independent_observational_validation
1980,大兴,GB2001_1980_09,GB2022_1980_01,gb2001.pdf,gb2022.pdf,2.201,2.373,0.172,0.72,False,agreement_is_not_independent_observational_validation
1980,大兴,GB2001_1980_09,GB2023_1980_06,gb2001.pdf,gb2023.pdf,2.201,2.464,0.263,0.57,False,agreement_is_not_independent_observational_validation
1980,大兴,GB2001_1980_09,GB2024_1980_06,gb2001.pdf,gb2024.pdf,2.201,2.428,0.227,0.5,False,agreement_is_not_independent_observational_validation
1980,大兴,GB2001_1980_09,GB2025_1980_07,gb2001.pdf,gb2025.pdf,2.201,2.412,0.211,0.5,False,agreement_is_not_independent_observational_validation
1980,大兴,GB2002_1980_10,GB2003_1980_10,gb2002.pdf,gb2003.pdf,2.316,2.455,0.139,0.9,False,agreement_is_not_independent_observational_validation
1980,大兴,GB2002_1980_10,GB2004_1980_01,gb2002.pdf,gb2004.pdf,2.316,2.682,0.366,0.9,False,agreement_is_not_independent_observational_validation
1980,大兴,GB2002_1980_10,GB2006_1980_01,gb2002.pdf,gb2006.pdf,2.316,2.682,0.366,0.9,False,agreement_is_not_independent_observational_validation
1980,大兴,GB2002_1980_10,GB2007_1980_01,gb2002.pdf,gb2007.pdf,2.316,2.545,0.229,0.9,False,agreement_is_not_independent_observational_validation
1980,大兴,GB2002_1980_10,GB2008_1980_01,gb2002.pdf,gb2008.pdf,2.316,2.781,0.465,0.6,False,agreement_is_not_independent_observational_validation
1980,大兴,GB2002_1980_10,GB2009_1980_01,gb2002.pdf,gb2009.pdf,2.316,2.366,0.05,0.6,False,agreement_is_not_independent_observational_validation
1980,大兴,GB2002_1980_10,GB2010_1980_01,gb2002.pdf,gb2010.pdf,2.316,2.471,0.155,0.6,False,agreement_is_not_independent_observational_validation
1980,大兴,GB2002_1980_10,GB2012_1980_01,gb2002.pdf,gb2012.pdf,2.316,2.322,0.006,0.6,False,agreement_is_not_independent_observational_validation
1980,大兴,GB2002_1980_10,GB2013_1980_01,gb2002.pdf,gb2013.pdf,2.316,2.584,0.268,0.78,False,agreement_is_not_independent_observational_validation
1980,大兴,GB2002_1980_10,GB2014_1980_01,gb2002.pdf,gb2014.pdf,2.316,2.589,0.273,0.6,False,agreement_is_not_independent_observational_validation
1980,大兴,GB2002_1980_10,GB2015_1980_01,gb2002.pdf,gb2015.pdf,2.316,2.507,0.191,0.63,False,agreement_is_not_independent_observational_validation
1980,大兴,GB2002_1980_10,GB2016_1980_01,gb2002.pdf,gb2016.pdf,2.316,2.31,0.006,0.54,False,agreement_is_not_independent_observational_validation
1980,大兴,GB2002_1980_10,GB2017_1980_01,gb2002.pdf,gb2017.pdf,2.316,2.388,0.072,0.51,False,agreement_is_not_independent_observational_validation
1980,大兴,GB2002_1980_10,GB2018_1980_01,gb2002.pdf,gb2018.pdf,2.316,2.386,0.07,0.5,False,agreement_is_not_independent_observational_validation
1980,大兴,GB2002_1980_10,GB2019_1980_01,gb2002.pdf,gb2019.pdf,2.316,2.75,0.434,0.92,False,agreement_is_not_independent_observational_validation
1980,大兴,GB2002_1980_10,GB2020_1980_01,gb2002.pdf,gb2020.pdf,2.316,2.446,0.13,0.5,False,agreement_is_not_independent_observational_validation
1980,大兴,GB2002_1980_10,GB2021_1980_01,gb2002.pdf,gb2021.pdf,2.316,2.395,0.079,0.52,False,agreement_is_not_independent_observational_validation
1980,大兴,GB2002_1980_10,GB2022_1980_01,gb2002.pdf,gb2022.pdf,2.316,2.373,0.057,0.72,False,agreement_is_not_independent_observational_validation
1980,大兴,GB2002_1980_10,GB2023_1980_06,gb2002.pdf,gb2023.pdf,2.316,2.464,0.148,0.57,False,agreement_is_not_independent_observational_validation
1980,大兴,GB2002_1980_10,GB2024_1980_06,gb2002.pdf,gb2024.pdf,2.316,2.428,0.112,0.5,False,agreement_is_not_independent_observational_validation
1980,大兴,GB2002_1980_10,GB2025_1980_07,gb2002.pdf,gb2025.pdf,2.316,2.412,0.096,0.5,False,agreement_is_not_independent_observational_validation
1980,大兴,GB2003_1980_10,GB2004_1980_01,gb2003.pdf,gb2004.pdf,2.455,2.682,0.227,1.2,False,agreement_is_not_independent_observational_validation
1980,大兴,GB2003_1980_10,GB2006_1980_01,gb2003.pdf,gb2006.pdf,2.455,2.682,0.227,1.2,False,agreement_is_not_independent_observational_validation
1980,大兴,GB2003_1980_10,GB2007_1980_01,gb2003.pdf,gb2007.pdf,2.455,2.545,0.09,1.2,False,agreement_is_not_independent_observational_validation
1980,大兴,GB2003_1980_10,GB2008_1980_01,gb2003.pdf,gb2008.pdf,2.455,2.781,0.326,0.9,False,agreement_is_not_independent_observational_validation
1980,大兴,GB2003_1980_10,GB2009_1980_01,gb2003.pdf,gb2009.pdf,2.455,2.366,0.089,0.9,False,agreement_is_not_independent_observational_validation
1980,大兴,GB2003_1980_10,GB2010_1980_01,gb2003.pdf,gb2010.pdf,2.455,2.471,0.016,0.9,False,agreement_is_not_independent_observational_validation
1980,大兴,GB2003_1980_10,GB2012_1980_01,gb2003.pdf,gb2012.pdf,2.455,2.322,0.133,0.9,False,agreement_is_not_independent_observational_validation
1980,大兴,GB2003_1980_10,GB2013_1980_01,gb2003.pdf,gb2013.pdf,2.455,2.584,0.129,1.08,False,agreement_is_not_independent_observational_validation
1980,大兴,GB2003_1980_10,GB2014_1980_01,gb2003.pdf,gb2014.pdf,2.455,2.589,0.134,0.9,False,agreement_is_not_independent_observational_validation
1980,大兴,GB2003_1980_10,GB2015_1980_01,gb2003.pdf,gb2015.pdf,2.455,2.507,0.052,0.93,False,agreement_is_not_independent_observational_validation
1980,大兴,GB2003_1980_10,GB2016_1980_01,gb2003.pdf,gb2016.pdf,2.455,2.31,0.145,0.84,False,agreement_is_not_independent_observational_validation
1980,大兴,GB2003_1980_10,GB2017_1980_01,gb2003.pdf,gb2017.pdf,2.455,2.388,0.067,0.81,False,agreement_is_not_independent_observational_validation
1980,大兴,GB2003_1980_10,GB2018_1980_01,gb2003.pdf,gb2018.pdf,2.455,2.386,0.069,0.75,False,agreement_is_not_independent_observational_validation
1980,大兴,GB2003_1980_10,GB2019_1980_01,gb2003.pdf,gb2019.pdf,2.455,2.75,0.295,1.22,False,agreement_is_not_independent_observational_validation
1980,大兴,GB2003_1980_10,GB2020_1980_01,gb2003.pdf,gb2020.pdf,2.455,2.446,0.009,0.65,False,agreement_is_not_independent_observational_validation
1980,大兴,GB2003_1980_10,GB2021_1980_01,gb2003.pdf,gb2021.pdf,2.455,2.395,0.06,0.82,False,agreement_is_not_independent_observational_validation
1980,大兴,GB2003_1980_10,GB2022_1980_01,gb2003.pdf,gb2022.pdf,2.455,2.373,0.082,1.02,False,agreement_is_not_independent_observational_validation
1980,大兴,GB2003_1980_10,GB2023_1980_06,gb2003.pdf,gb2023.pdf,2.455,2.464,0.009,0.87,False,agreement_is_not_independent_observational_validation
1980,大兴,GB2003_1980_10,GB2024_1980_06,gb2003.pdf,gb2024.pdf,2.455,2.428,0.027,0.73,False,agreement_is_not_independent_observational_validation
1980,大兴,GB2003_1980_10,GB2025_1980_07,gb2003.pdf,gb2025.pdf,2.455,2.412,0.043,0.75,False,agreement_is_not_independent_observational_validation
1980,大兴,GB2004_1980_01,GB2006_1980_01,gb2004.pdf,gb2006.pdf,2.682,2.682,0.0,1.2,False,agreement_is_not_independent_observational_validation
1980,大兴,GB2004_1980_01,GB2007_1980_01,gb2004.pdf,gb2007.pdf,2.682,2.545,0.137,1.2,False,agreement_is_not_independent_observational_validation
1980,大兴,GB2004_1980_01,GB2008_1980_01,gb2004.pdf,gb2008.pdf,2.682,2.781,0.099,0.9,False,agreement_is_not_independent_observational_validation
1980,大兴,GB2004_1980_01,GB2009_1980_01,gb2004.pdf,gb2009.pdf,2.682,2.366,0.316,0.9,False,agreement_is_not_independent_observational_validation
1980,大兴,GB2004_1980_01,GB2010_1980_01,gb2004.pdf,gb2010.pdf,2.682,2.471,0.211,0.9,False,agreement_is_not_independent_observational_validation
1980,大兴,GB2004_1980_01,GB2012_1980_01,gb2004.pdf,gb2012.pdf,2.682,2.322,0.36,0.9,False,agreement_is_not_independent_observational_validation
1980,大兴,GB2004_1980_01,GB2013_1980_01,gb2004.pdf,gb2013.pdf,2.682,2.584,0.098,1.08,False,agreement_is_not_independent_observational_validation
1980,大兴,GB2004_1980_01,GB2014_1980_01,gb2004.pdf,gb2014.pdf,2.682,2.589,0.093,0.9,False,agreement_is_not_independent_observational_validation
1980,大兴,GB2004_1980_01,GB2015_1980_01,gb2004.pdf,gb2015.pdf,2.682,2.507,0.175,0.93,False,agreement_is_not_independent_observational_validation
1980,大兴,GB2004_1980_01,GB2016_1980_01,gb2004.pdf,gb2016.pdf,2.682,2.31,0.372,0.84,False,agreement_is_not_independent_observational_validation
1980,大兴,GB2004_1980_01,GB2017_1980_01,gb2004.pdf,gb2017.pdf,2.682,2.388,0.294,0.81,False,agreement_is_not_independent_observational_validation
1980,大兴,GB2004_1980_01,GB2018_1980_01,gb2004.pdf,gb2018.pdf,2.682,2.386,0.296,0.75,False,agreement_is_not_independent_observational_validation
1980,大兴,GB2004_1980_01,GB2019_1980_01,gb2004.pdf,gb2019.pdf,2.682,2.75,0.068,1.22,False,agreement_is_not_independent_observational_validation
1980,大兴,GB2004_1980_01,GB2020_1980_01,gb2004.pdf,gb2020.pdf,2.682,2.446,0.236,0.65,False,agreement_is_not_independent_observational_validation
1980,大兴,GB2004_1980_01,GB2021_1980_01,gb2004.pdf,gb2021.pdf,2.682,2.395,0.287,0.82,False,agreement_is_not_independent_observational_validation
1980,大兴,GB2004_1980_01,GB2022_1980_01,gb2004.pdf,gb2022.pdf,2.682,2.373,0.309,1.02,False,agreement_is_not_independent_observational_validation
1980,大兴,GB2004_1980_01,GB2023_1980_06,gb2004.pdf,gb2023.pdf,2.682,2.464,0.218,0.87,False,agreement_is_not_independent_observational_validation
1980,大兴,GB2004_1980_01,GB2024_1980_06,gb2004.pdf,gb2024.pdf,2.682,2.428,0.254,0.73,False,agreement_is_not_independent_observational_validation
1980,大兴,GB2004_1980_01,GB2025_1980_07,gb2004.pdf,gb2025.pdf,2.682,2.412,0.27,0.75,False,agreement_is_not_independent_observational_validation
1980,大兴,GB2006_1980_01,GB2007_1980_01,gb2006.pdf,gb2007.pdf,2.682,2.545,0.137,1.2,False,agreement_is_not_independent_observational_validation
1980,大兴,GB2006_1980_01,GB2008_1980_01,gb2006.pdf,gb2008.pdf,2.682,2.781,0.099,0.9,False,agreement_is_not_independent_observational_validation
1980,大兴,GB2006_1980_01,GB2009_1980_01,gb2006.pdf,gb2009.pdf,2.682,2.366,0.316,0.9,False,agreement_is_not_independent_observational_validation
1980,大兴,GB2006_1980_01,GB2010_1980_01,gb2006.pdf,gb2010.pdf,2.682,2.471,0.211,0.9,False,agreement_is_not_independent_observational_validation
1980,大兴,GB2006_1980_01,GB2012_1980_01,gb2006.pdf,gb2012.pdf,2.682,2.322,0.36,0.9,False,agreement_is_not_independent_observational_validation
1980,大兴,GB2006_1980_01,GB2013_1980_01,gb2006.pdf,gb2013.pdf,2.682,2.584,0.098,1.08,False,agreement_is_not_independent_observational_validation
1980,大兴,GB2006_1980_01,GB2014_1980_01,gb2006.pdf,gb2014.pdf,2.682,2.589,0.093,0.9,False,agreement_is_not_independent_observational_validation
1980,大兴,GB2006_1980_01,GB2015_1980_01,gb2006.pdf,gb2015.pdf,2.682,2.507,0.175,0.93,False,agreement_is_not_independent_observational_validation
1980,大兴,GB2006_1980_01,GB2016_1980_01,gb2006.pdf,gb2016.pdf,2.682,2.31,0.372,0.84,False,agreement_is_not_independent_observational_validation
1980,大兴,GB2006_1980_01,GB2017_1980_01,gb2006.pdf,gb2017.pdf,2.682,2.388,0.294,0.81,False,agreement_is_not_independent_observational_validation
1980,大兴,GB2006_1980_01,GB2018_1980_01,gb2006.pdf,gb2018.pdf,2.682,2.386,0.296,0.75,False,agreement_is_not_independent_observational_validation
1980,大兴,GB2006_1980_01,GB2019_1980_01,gb2006.pdf,gb2019.pdf,2.682,2.75,0.068,1.22,False,agreement_is_not_independent_observational_validation
1980,大兴,GB2006_1980_01,GB2020_1980_01,gb2006.pdf,gb2020.pdf,2.682,2.446,0.236,0.65,False,agreement_is_not_independent_observational_validation
1980,大兴,GB2006_1980_01,GB2021_1980_01,gb2006.pdf,gb2021.pdf,2.682,2.395,0.287,0.82,False,agreement_is_not_independent_observational_validation
1980,大兴,GB2006_1980_01,GB2022_1980_01,gb2006.pdf,gb2022.pdf,2.682,2.373,0.309,1.02,False,agreement_is_not_independent_observational_validation
1980,大兴,GB2006_1980_01,GB2023_1980_06,gb2006.pdf,gb2023.pdf,2.682,2.464,0.218,0.87,False,agreement_is_not_independent_observational_validation
1980,大兴,GB2006_1980_01,GB2024_1980_06,gb2006.pdf,gb2024.pdf,2.682,2.428,0.254,0.73,False,agreement_is_not_independent_observational_validation
1980,大兴,GB2006_1980_01,GB2025_1980_07,gb2006.pdf,gb2025.pdf,2.682,2.412,0.27,0.75,False,agreement_is_not_independent_observational_validation
1980,大兴,GB2007_1980_01,GB2008_1980_01,gb2007.pdf,gb2008.pdf,2.545,2.781,0.236,0.9,False,agreement_is_not_independent_observational_validation
1980,大兴,GB2007_1980_01,GB2009_1980_01,gb2007.pdf,gb2009.pdf,2.545,2.366,0.179,0.9,False,agreement_is_not_independent_observational_validation
1980,大兴,GB2007_1980_01,GB2010_1980_01,gb2007.pdf,gb2010.pdf,2.545,2.471,0.074,0.9,False,agreement_is_not_independent_observational_validation
1980,大兴,GB2007_1980_01,GB2012_1980_01,gb2007.pdf,gb2012.pdf,2.545,2.322,0.223,0.9,False,agreement_is_not_independent_observational_validation
1980,大兴,GB2007_1980_01,GB2013_1980_01,gb2007.pdf,gb2013.pdf,2.545,2.584,0.039,1.08,False,agreement_is_not_independent_observational_validation
1980,大兴,GB2007_1980_01,GB2014_1980_01,gb2007.pdf,gb2014.pdf,2.545,2.589,0.044,0.9,False,agreement_is_not_independent_observational_validation
1980,大兴,GB2007_1980_01,GB2015_1980_01,gb2007.pdf,gb2015.pdf,2.545,2.507,0.038,0.93,False,agreement_is_not_independent_observational_validation
1980,大兴,GB2007_1980_01,GB2016_1980_01,gb2007.pdf,gb2016.pdf,2.545,2.31,0.235,0.84,False,agreement_is_not_independent_observational_validation
1980,大兴,GB2007_1980_01,GB2017_1980_01,gb2007.pdf,gb2017.pdf,2.545,2.388,0.157,0.81,False,agreement_is_not_independent_observational_validation
1980,大兴,GB2007_1980_01,GB2018_1980_01,gb2007.pdf,gb2018.pdf,2.545,2.386,0.159,0.75,False,agreement_is_not_independent_observational_validation
1980,大兴,GB2007_1980_01,GB2019_1980_01,gb2007.pdf,gb2019.pdf,2.545,2.75,0.205,1.22,False,agreement_is_not_independent_observational_validation
1980,大兴,GB2007_1980_01,GB2020_1980_01,gb2007.pdf,gb2020.pdf,2.545,2.446,0.099,0.65,False,agreement_is_not_independent_observational_validation
1980,大兴,GB2007_1980_01,GB2021_1980_01,gb2007.pdf,gb2021.pdf,2.545,2.395,0.15,0.82,False,agreement_is_not_independent_observational_validation
1980,大兴,GB2007_1980_01,GB2022_1980_01,gb2007.pdf,gb2022.pdf,2.545,2.373,0.172,1.02,False,agreement_is_not_independent_observational_validation
1980,大兴,GB2007_1980_01,GB2023_1980_06,gb2007.pdf,gb2023.pdf,2.545,2.464,0.081,0.87,False,agreement_is_not_independent_observational_validation
1980,大兴,GB2007_1980_01,GB2024_1980_06,gb2007.pdf,gb2024.pdf,2.545,2.428,0.117,0.73,False,agreement_is_not_independent_observational_validation
1980,大兴,GB2007_1980_01,GB2025_1980_07,gb2007.pdf,gb2025.pdf,2.545,2.412,0.133,0.75,False,agreement_is_not_independent_observational_validation
1980,大兴,GB2008_1980_01,GB2009_1980_01,gb2008.pdf,gb2009.pdf,2.781,2.366,0.415,0.6,False,agreement_is_not_independent_observational_validation
1980,大兴,GB2008_1980_01,GB2010_1980_01,gb2008.pdf,gb2010.pdf,2.781,2.471,0.31,0.6,False,agreement_is_not_independent_observational_validation
1980,大兴,GB2008_1980_01,GB2012_1980_01,gb2008.pdf,gb2012.pdf,2.781,2.322,0.459,0.6,False,agreement_is_not_independent_observational_validation
1980,大兴,GB2008_1980_01,GB2013_1980_01,gb2008.pdf,gb2013.pdf,2.781,2.584,0.197,0.78,False,agreement_is_not_independent_observational_validation
1980,大兴,GB2008_1980_01,GB2014_1980_01,gb2008.pdf,gb2014.pdf,2.781,2.589,0.192,0.6,False,agreement_is_not_independent_observational_validation
1980,大兴,GB2008_1980_01,GB2015_1980_01,gb2008.pdf,gb2015.pdf,2.781,2.507,0.274,0.63,False,agreement_is_not_independent_observational_validation
1980,大兴,GB2008_1980_01,GB2016_1980_01,gb2008.pdf,gb2016.pdf,2.781,2.31,0.471,0.54,False,agreement_is_not_independent_observational_validation
1980,大兴,GB2008_1980_01,GB2017_1980_01,gb2008.pdf,gb2017.pdf,2.781,2.388,0.393,0.51,False,agreement_is_not_independent_observational_validation
1980,大兴,GB2008_1980_01,GB2018_1980_01,gb2008.pdf,gb2018.pdf,2.781,2.386,0.395,0.5,False,agreement_is_not_independent_observational_validation
1980,大兴,GB2008_1980_01,GB2019_1980_01,gb2008.pdf,gb2019.pdf,2.781,2.75,0.031,0.92,False,agreement_is_not_independent_observational_validation
1980,大兴,GB2008_1980_01,GB2020_1980_01,gb2008.pdf,gb2020.pdf,2.781,2.446,0.335,0.5,False,agreement_is_not_independent_observational_validation
1980,大兴,GB2008_1980_01,GB2021_1980_01,gb2008.pdf,gb2021.pdf,2.781,2.395,0.386,0.52,False,agreement_is_not_independent_observational_validation
1980,大兴,GB2008_1980_01,GB2022_1980_01,gb2008.pdf,gb2022.pdf,2.781,2.373,0.408,0.72,False,agreement_is_not_independent_observational_validation
1980,大兴,GB2008_1980_01,GB2023_1980_06,gb2008.pdf,gb2023.pdf,2.781,2.464,0.317,0.57,False,agreement_is_not_independent_observational_validation
1980,大兴,GB2008_1980_01,GB2024_1980_06,gb2008.pdf,gb2024.pdf,2.781,2.428,0.353,0.5,False,agreement_is_not_independent_observational_validation
1980,大兴,GB2008_1980_01,GB2025_1980_07,gb2008.pdf,gb2025.pdf,2.781,2.412,0.369,0.5,False,agreement_is_not_independent_observational_validation
1980,大兴,GB2009_1980_01,GB2010_1980_01,gb2009.pdf,gb2010.pdf,2.366,2.471,0.105,0.6,False,agreement_is_not_independent_observational_validation
1980,大兴,GB2009_1980_01,GB2012_1980_01,gb2009.pdf,gb2012.pdf,2.366,2.322,0.044,0.6,False,agreement_is_not_independent_observational_validation
1980,大兴,GB2009_1980_01,GB2013_1980_01,gb2009.pdf,gb2013.pdf,2.366,2.584,0.218,0.78,False,agreement_is_not_independent_observational_validation
1980,大兴,GB2009_1980_01,GB2014_1980_01,gb2009.pdf,gb2014.pdf,2.366,2.589,0.223,0.6,False,agreement_is_not_independent_observational_validation
1980,大兴,GB2009_1980_01,GB2015_1980_01,gb2009.pdf,gb2015.pdf,2.366,2.507,0.141,0.63,False,agreement_is_not_independent_observational_validation
1980,大兴,GB2009_1980_01,GB2016_1980_01,gb2009.pdf,gb2016.pdf,2.366,2.31,0.056,0.54,False,agreement_is_not_independent_observational_validation
1980,大兴,GB2009_1980_01,GB2017_1980_01,gb2009.pdf,gb2017.pdf,2.366,2.388,0.022,0.51,False,agreement_is_not_independent_observational_validation
1980,大兴,GB2009_1980_01,GB2018_1980_01,gb2009.pdf,gb2018.pdf,2.366,2.386,0.02,0.5,False,agreement_is_not_independent_observational_validation
1980,大兴,GB2009_1980_01,GB2019_1980_01,gb2009.pdf,gb2019.pdf,2.366,2.75,0.384,0.92,False,agreement_is_not_independent_observational_validation
1980,大兴,GB2009_1980_01,GB2020_1980_01,gb2009.pdf,gb2020.pdf,2.366,2.446,0.08,0.5,False,agreement_is_not_independent_observational_validation
1980,大兴,GB2009_1980_01,GB2021_1980_01,gb2009.pdf,gb2021.pdf,2.366,2.395,0.029,0.52,False,agreement_is_not_independent_observational_validation
1980,大兴,GB2009_1980_01,GB2022_1980_01,gb2009.pdf,gb2022.pdf,2.366,2.373,0.007,0.72,False,agreement_is_not_independent_observational_validation
1980,大兴,GB2009_1980_01,GB2023_1980_06,gb2009.pdf,gb2023.pdf,2.366,2.464,0.098,0.57,False,agreement_is_not_independent_observational_validation
1980,大兴,GB2009_1980_01,GB2024_1980_06,gb2009.pdf,gb2024.pdf,2.366,2.428,0.062,0.5,False,agreement_is_not_independent_observational_validation
1980,大兴,GB2009_1980_01,GB2025_1980_07,gb2009.pdf,gb2025.pdf,2.366,2.412,0.046,0.5,False,agreement_is_not_independent_observational_validation
1980,大兴,GB2010_1980_01,GB2012_1980_01,gb2010.pdf,gb2012.pdf,2.471,2.322,0.149,0.6,False,agreement_is_not_independent_observational_validation
1980,大兴,GB2010_1980_01,GB2013_1980_01,gb2010.pdf,gb2013.pdf,2.471,2.584,0.113,0.78,False,agreement_is_not_independent_observational_validation
1980,大兴,GB2010_1980_01,GB2014_1980_01,gb2010.pdf,gb2014.pdf,2.471,2.589,0.118,0.6,False,agreement_is_not_independent_observational_validation
1980,大兴,GB2010_1980_01,GB2015_1980_01,gb2010.pdf,gb2015.pdf,2.471,2.507,0.036,0.63,False,agreement_is_not_independent_observational_validation
1980,大兴,GB2010_1980_01,GB2016_1980_01,gb2010.pdf,gb2016.pdf,2.471,2.31,0.161,0.54,False,agreement_is_not_independent_observational_validation
1980,大兴,GB2010_1980_01,GB2017_1980_01,gb2010.pdf,gb2017.pdf,2.471,2.388,0.083,0.51,False,agreement_is_not_independent_observational_validation
1980,大兴,GB2010_1980_01,GB2018_1980_01,gb2010.pdf,gb2018.pdf,2.471,2.386,0.085,0.5,False,agreement_is_not_independent_observational_validation
1980,大兴,GB2010_1980_01,GB2019_1980_01,gb2010.pdf,gb2019.pdf,2.471,2.75,0.279,0.92,False,agreement_is_not_independent_observational_validation
1980,大兴,GB2010_1980_01,GB2020_1980_01,gb2010.pdf,gb2020.pdf,2.471,2.446,0.025,0.5,False,agreement_is_not_independent_observational_validation
1980,大兴,GB2010_1980_01,GB2021_1980_01,gb2010.pdf,gb2021.pdf,2.471,2.395,0.076,0.52,False,agreement_is_not_independent_observational_validation
1980,大兴,GB2010_1980_01,GB2022_1980_01,gb2010.pdf,gb2022.pdf,2.471,2.373,0.098,0.72,False,agreement_is_not_independent_observational_validation
1980,大兴,GB2010_1980_01,GB2023_1980_06,gb2010.pdf,gb2023.pdf,2.471,2.464,0.007,0.57,False,agreement_is_not_independent_observational_validation
1980,大兴,GB2010_1980_01,GB2024_1980_06,gb2010.pdf,gb2024.pdf,2.471,2.428,0.043,0.5,False,agreement_is_not_independent_observational_validation
1980,大兴,GB2010_1980_01,GB2025_1980_07,gb2010.pdf,gb2025.pdf,2.471,2.412,0.059,0.5,False,agreement_is_not_independent_observational_validation
1980,大兴,GB2012_1980_01,GB2013_1980_01,gb2012.pdf,gb2013.pdf,2.322,2.584,0.262,0.78,False,agreement_is_not_independent_observational_validation
1980,大兴,GB2012_1980_01,GB2014_1980_01,gb2012.pdf,gb2014.pdf,2.322,2.589,0.267,0.6,False,agreement_is_not_independent_observational_validation
1980,大兴,GB2012_1980_01,GB2015_1980_01,gb2012.pdf,gb2015.pdf,2.322,2.507,0.185,0.63,False,agreement_is_not_independent_observational_validation
1980,大兴,GB2012_1980_01,GB2016_1980_01,gb2012.pdf,gb2016.pdf,2.322,2.31,0.012,0.54,False,agreement_is_not_independent_observational_validation
1980,大兴,GB2012_1980_01,GB2017_1980_01,gb2012.pdf,gb2017.pdf,2.322,2.388,0.066,0.51,False,agreement_is_not_independent_observational_validation
1980,大兴,GB2012_1980_01,GB2018_1980_01,gb2012.pdf,gb2018.pdf,2.322,2.386,0.064,0.5,False,agreement_is_not_independent_observational_validation
1980,大兴,GB2012_1980_01,GB2019_1980_01,gb2012.pdf,gb2019.pdf,2.322,2.75,0.428,0.92,False,agreement_is_not_independent_observational_validation
1980,大兴,GB2012_1980_01,GB2020_1980_01,gb2012.pdf,gb2020.pdf,2.322,2.446,0.124,0.5,False,agreement_is_not_independent_observational_validation
1980,大兴,GB2012_1980_01,GB2021_1980_01,gb2012.pdf,gb2021.pdf,2.322,2.395,0.073,0.52,False,agreement_is_not_independent_observational_validation
1980,大兴,GB2012_1980_01,GB2022_1980_01,gb2012.pdf,gb2022.pdf,2.322,2.373,0.051,0.72,False,agreement_is_not_independent_observational_validation
1980,大兴,GB2012_1980_01,GB2023_1980_06,gb2012.pdf,gb2023.pdf,2.322,2.464,0.142,0.57,False,agreement_is_not_independent_observational_validation
1980,大兴,GB2012_1980_01,GB2024_1980_06,gb2012.pdf,gb2024.pdf,2.322,2.428,0.106,0.5,False,agreement_is_not_independent_observational_validation
1980,大兴,GB2012_1980_01,GB2025_1980_07,gb2012.pdf,gb2025.pdf,2.322,2.412,0.09,0.5,False,agreement_is_not_independent_observational_validation
1980,大兴,GB2013_1980_01,GB2014_1980_01,gb2013.pdf,gb2014.pdf,2.584,2.589,0.005,0.78,False,agreement_is_not_independent_observational_validation
1980,大兴,GB2013_1980_01,GB2015_1980_01,gb2013.pdf,gb2015.pdf,2.584,2.507,0.077,0.81,False,agreement_is_not_independent_observational_validation
1980,大兴,GB2013_1980_01,GB2016_1980_01,gb2013.pdf,gb2016.pdf,2.584,2.31,0.274,0.72,False,agreement_is_not_independent_observational_validation
1980,大兴,GB2013_1980_01,GB2017_1980_01,gb2013.pdf,gb2017.pdf,2.584,2.388,0.196,0.69,False,agreement_is_not_independent_observational_validation
1980,大兴,GB2013_1980_01,GB2018_1980_01,gb2013.pdf,gb2018.pdf,2.584,2.386,0.198,0.63,False,agreement_is_not_independent_observational_validation
1980,大兴,GB2013_1980_01,GB2019_1980_01,gb2013.pdf,gb2019.pdf,2.584,2.75,0.166,1.1,False,agreement_is_not_independent_observational_validation
1980,大兴,GB2013_1980_01,GB2020_1980_01,gb2013.pdf,gb2020.pdf,2.584,2.446,0.138,0.53,False,agreement_is_not_independent_observational_validation
1980,大兴,GB2013_1980_01,GB2021_1980_01,gb2013.pdf,gb2021.pdf,2.584,2.395,0.189,0.7,False,agreement_is_not_independent_observational_validation
1980,大兴,GB2013_1980_01,GB2022_1980_01,gb2013.pdf,gb2022.pdf,2.584,2.373,0.211,0.9,False,agreement_is_not_independent_observational_validation
1980,大兴,GB2013_1980_01,GB2023_1980_06,gb2013.pdf,gb2023.pdf,2.584,2.464,0.12,0.75,False,agreement_is_not_independent_observational_validation
1980,大兴,GB2013_1980_01,GB2024_1980_06,gb2013.pdf,gb2024.pdf,2.584,2.428,0.156,0.61,False,agreement_is_not_independent_observational_validation
1980,大兴,GB2013_1980_01,GB2025_1980_07,gb2013.pdf,gb2025.pdf,2.584,2.412,0.172,0.63,False,agreement_is_not_independent_observational_validation
1980,大兴,GB2014_1980_01,GB2015_1980_01,gb2014.pdf,gb2015.pdf,2.589,2.507,0.082,0.63,False,agreement_is_not_independent_observational_validation
1980,大兴,GB2014_1980_01,GB2016_1980_01,gb2014.pdf,gb2016.pdf,2.589,2.31,0.279,0.54,False,agreement_is_not_independent_observational_validation
1980,大兴,GB2014_1980_01,GB2017_1980_01,gb2014.pdf,gb2017.pdf,2.589,2.388,0.201,0.51,False,agreement_is_not_independent_observational_validation
1980,大兴,GB2014_1980_01,GB2018_1980_01,gb2014.pdf,gb2018.pdf,2.589,2.386,0.203,0.5,False,agreement_is_not_independent_observational_validation
1980,大兴,GB2014_1980_01,GB2019_1980_01,gb2014.pdf,gb2019.pdf,2.589,2.75,0.161,0.92,False,agreement_is_not_independent_observational_validation
1980,大兴,GB2014_1980_01,GB2020_1980_01,gb2014.pdf,gb2020.pdf,2.589,2.446,0.143,0.5,False,agreement_is_not_independent_observational_validation
1980,大兴,GB2014_1980_01,GB2021_1980_01,gb2014.pdf,gb2021.pdf,2.589,2.395,0.194,0.52,False,agreement_is_not_independent_observational_validation
1980,大兴,GB2014_1980_01,GB2022_1980_01,gb2014.pdf,gb2022.pdf,2.589,2.373,0.216,0.72,False,agreement_is_not_independent_observational_validation
1980,大兴,GB2014_1980_01,GB2023_1980_06,gb2014.pdf,gb2023.pdf,2.589,2.464,0.125,0.57,False,agreement_is_not_independent_observational_validation
1980,大兴,GB2014_1980_01,GB2024_1980_06,gb2014.pdf,gb2024.pdf,2.589,2.428,0.161,0.5,False,agreement_is_not_independent_observational_validation
1980,大兴,GB2014_1980_01,GB2025_1980_07,gb2014.pdf,gb2025.pdf,2.589,2.412,0.177,0.5,False,agreement_is_not_independent_observational_validation
1980,大兴,GB2015_1980_01,GB2016_1980_01,gb2015.pdf,gb2016.pdf,2.507,2.31,0.197,0.57,False,agreement_is_not_independent_observational_validation
1980,大兴,GB2015_1980_01,GB2017_1980_01,gb2015.pdf,gb2017.pdf,2.507,2.388,0.119,0.54,False,agreement_is_not_independent_observational_validation
1980,大兴,GB2015_1980_01,GB2018_1980_01,gb2015.pdf,gb2018.pdf,2.507,2.386,0.121,0.5,False,agreement_is_not_independent_observational_validation
1980,大兴,GB2015_1980_01,GB2019_1980_01,gb2015.pdf,gb2019.pdf,2.507,2.75,0.243,0.95,False,agreement_is_not_independent_observational_validation
1980,大兴,GB2015_1980_01,GB2020_1980_01,gb2015.pdf,gb2020.pdf,2.507,2.446,0.061,0.5,False,agreement_is_not_independent_observational_validation
1980,大兴,GB2015_1980_01,GB2021_1980_01,gb2015.pdf,gb2021.pdf,2.507,2.395,0.112,0.55,False,agreement_is_not_independent_observational_validation
1980,大兴,GB2015_1980_01,GB2022_1980_01,gb2015.pdf,gb2022.pdf,2.507,2.373,0.134,0.75,False,agreement_is_not_independent_observational_validation
1980,大兴,GB2015_1980_01,GB2023_1980_06,gb2015.pdf,gb2023.pdf,2.507,2.464,0.043,0.6,False,agreement_is_not_independent_observational_validation
1980,大兴,GB2015_1980_01,GB2024_1980_06,gb2015.pdf,gb2024.pdf,2.507,2.428,0.079,0.5,False,agreement_is_not_independent_observational_validation
1980,大兴,GB2015_1980_01,GB2025_1980_07,gb2015.pdf,gb2025.pdf,2.507,2.412,0.095,0.5,False,agreement_is_not_independent_observational_validation
1980,大兴,GB2016_1980_01,GB2017_1980_01,gb2016.pdf,gb2017.pdf,2.31,2.388,0.078,0.5,False,agreement_is_not_independent_observational_validation
1980,大兴,GB2016_1980_01,GB2018_1980_01,gb2016.pdf,gb2018.pdf,2.31,2.386,0.076,0.5,False,agreement_is_not_independent_observational_validation
1980,大兴,GB2016_1980_01,GB2019_1980_01,gb2016.pdf,gb2019.pdf,2.31,2.75,0.44,0.86,False,agreement_is_not_independent_observational_validation
1980,大兴,GB2016_1980_01,GB2020_1980_01,gb2016.pdf,gb2020.pdf,2.31,2.446,0.136,0.5,False,agreement_is_not_independent_observational_validation
1980,大兴,GB2016_1980_01,GB2021_1980_01,gb2016.pdf,gb2021.pdf,2.31,2.395,0.085,0.5,False,agreement_is_not_independent_observational_validation
1980,大兴,GB2016_1980_01,GB2022_1980_01,gb2016.pdf,gb2022.pdf,2.31,2.373,0.063,0.66,False,agreement_is_not_independent_observational_validation
1980,大兴,GB2016_1980_01,GB2023_1980_06,gb2016.pdf,gb2023.pdf,2.31,2.464,0.154,0.51,False,agreement_is_not_independent_observational_validation
1980,大兴,GB2016_1980_01,GB2024_1980_06,gb2016.pdf,gb2024.pdf,2.31,2.428,0.118,0.5,False,agreement_is_not_independent_observational_validation
1980,大兴,GB2016_1980_01,GB2025_1980_07,gb2016.pdf,gb2025.pdf,2.31,2.412,0.102,0.5,False,agreement_is_not_independent_observational_validation
1980,大兴,GB2017_1980_01,GB2018_1980_01,gb2017.pdf,gb2018.pdf,2.388,2.386,0.002,0.5,False,agreement_is_not_independent_observational_validation
1980,大兴,GB2017_1980_01,GB2019_1980_01,gb2017.pdf,gb2019.pdf,2.388,2.75,0.362,0.83,False,agreement_is_not_independent_observational_validation
1980,大兴,GB2017_1980_01,GB2020_1980_01,gb2017.pdf,gb2020.pdf,2.388,2.446,0.058,0.5,False,agreement_is_not_independent_observational_validation
1980,大兴,GB2017_1980_01,GB2021_1980_01,gb2017.pdf,gb2021.pdf,2.388,2.395,0.007,0.5,False,agreement_is_not_independent_observational_validation
1980,大兴,GB2017_1980_01,GB2022_1980_01,gb2017.pdf,gb2022.pdf,2.388,2.373,0.015,0.63,False,agreement_is_not_independent_observational_validation
1980,大兴,GB2017_1980_01,GB2023_1980_06,gb2017.pdf,gb2023.pdf,2.388,2.464,0.076,0.5,False,agreement_is_not_independent_observational_validation
1980,大兴,GB2017_1980_01,GB2024_1980_06,gb2017.pdf,gb2024.pdf,2.388,2.428,0.04,0.5,False,agreement_is_not_independent_observational_validation
1980,大兴,GB2017_1980_01,GB2025_1980_07,gb2017.pdf,gb2025.pdf,2.388,2.412,0.024,0.5,False,agreement_is_not_independent_observational_validation
1980,大兴,GB2018_1980_01,GB2019_1980_01,gb2018.pdf,gb2019.pdf,2.386,2.75,0.364,0.77,False,agreement_is_not_independent_observational_validation
1980,大兴,GB2018_1980_01,GB2020_1980_01,gb2018.pdf,gb2020.pdf,2.386,2.446,0.06,0.5,False,agreement_is_not_independent_observational_validation
1980,大兴,GB2018_1980_01,GB2021_1980_01,gb2018.pdf,gb2021.pdf,2.386,2.395,0.009,0.5,False,agreement_is_not_independent_observational_validation
1980,大兴,GB2018_1980_01,GB2022_1980_01,gb2018.pdf,gb2022.pdf,2.386,2.373,0.013,0.57,False,agreement_is_not_independent_observational_validation
1980,大兴,GB2018_1980_01,GB2023_1980_06,gb2018.pdf,gb2023.pdf,2.386,2.464,0.078,0.5,False,agreement_is_not_independent_observational_validation
1980,大兴,GB2018_1980_01,GB2024_1980_06,gb2018.pdf,gb2024.pdf,2.386,2.428,0.042,0.5,False,agreement_is_not_independent_observational_validation
1980,大兴,GB2018_1980_01,GB2025_1980_07,gb2018.pdf,gb2025.pdf,2.386,2.412,0.026,0.5,False,agreement_is_not_independent_observational_validation
1980,大兴,GB2019_1980_01,GB2020_1980_01,gb2019.pdf,gb2020.pdf,2.75,2.446,0.304,0.67,False,agreement_is_not_independent_observational_validation
1980,大兴,GB2019_1980_01,GB2021_1980_01,gb2019.pdf,gb2021.pdf,2.75,2.395,0.355,0.84,False,agreement_is_not_independent_observational_validation
1980,大兴,GB2019_1980_01,GB2022_1980_01,gb2019.pdf,gb2022.pdf,2.75,2.373,0.377,1.04,False,agreement_is_not_independent_observational_validation
1980,大兴,GB2019_1980_01,GB2023_1980_06,gb2019.pdf,gb2023.pdf,2.75,2.464,0.286,0.89,False,agreement_is_not_independent_observational_validation
1980,大兴,GB2019_1980_01,GB2024_1980_06,gb2019.pdf,gb2024.pdf,2.75,2.428,0.322,0.75,False,agreement_is_not_independent_observational_validation
1980,大兴,GB2019_1980_01,GB2025_1980_07,gb2019.pdf,gb2025.pdf,2.75,2.412,0.338,0.77,False,agreement_is_not_independent_observational_validation
1980,大兴,GB2020_1980_01,GB2021_1980_01,gb2020.pdf,gb2021.pdf,2.446,2.395,0.051,0.5,False,agreement_is_not_independent_observational_validation
1980,大兴,GB2020_1980_01,GB2022_1980_01,gb2020.pdf,gb2022.pdf,2.446,2.373,0.073,0.5,False,agreement_is_not_independent_observational_validation
1980,大兴,GB2020_1980_01,GB2023_1980_06,gb2020.pdf,gb2023.pdf,2.446,2.464,0.018,0.5,False,agreement_is_not_independent_observational_validation
1980,大兴,GB2020_1980_01,GB2024_1980_06,gb2020.pdf,gb2024.pdf,2.446,2.428,0.018,0.5,False,agreement_is_not_independent_observational_validation
1980,大兴,GB2020_1980_01,GB2025_1980_07,gb2020.pdf,gb2025.pdf,2.446,2.412,0.034,0.5,False,agreement_is_not_independent_observational_validation
1980,大兴,GB2021_1980_01,GB2022_1980_01,gb2021.pdf,gb2022.pdf,2.395,2.373,0.022,0.64,False,agreement_is_not_independent_observational_validation
1980,大兴,GB2021_1980_01,GB2023_1980_06,gb2021.pdf,gb2023.pdf,2.395,2.464,0.069,0.5,False,agreement_is_not_independent_observational_validation
1980,大兴,GB2021_1980_01,GB2024_1980_06,gb2021.pdf,gb2024.pdf,2.395,2.428,0.033,0.5,False,agreement_is_not_independent_observational_validation
1980,大兴,GB2021_1980_01,GB2025_1980_07,gb2021.pdf,gb2025.pdf,2.395,2.412,0.017,0.5,False,agreement_is_not_independent_observational_validation
1980,大兴,GB2022_1980_01,GB2023_1980_06,gb2022.pdf,gb2023.pdf,2.373,2.464,0.091,0.69,False,agreement_is_not_independent_observational_validation
1980,大兴,GB2022_1980_01,GB2024_1980_06,gb2022.pdf,gb2024.pdf,2.373,2.428,0.055,0.55,False,agreement_is_not_independent_observational_validation
1980,大兴,GB2022_1980_01,GB2025_1980_07,gb2022.pdf,gb2025.pdf,2.373,2.412,0.039,0.57,False,agreement_is_not_independent_observational_validation
1980,大兴,GB2023_1980_06,GB2024_1980_06,gb2023.pdf,gb2024.pdf,2.464,2.428,0.036,0.5,False,agreement_is_not_independent_observational_validation
1980,大兴,GB2023_1980_06,GB2025_1980_07,gb2023.pdf,gb2025.pdf,2.464,2.412,0.052,0.5,False,agreement_is_not_independent_observational_validation
1980,大兴,GB2024_1980_06,GB2025_1980_07,gb2024.pdf,gb2025.pdf,2.428,2.412,0.016,0.5,False,agreement_is_not_independent_observational_validation
1980,密云,GB2001_1980_02,GB2002_1980_03,gb2001.pdf,gb2002.pdf,9.153,9.262,0.109,0.6,False,agreement_is_not_independent_observational_validation
1980,密云,GB2001_1980_02,GB2003_1980_03,gb2001.pdf,gb2003.pdf,9.153,9.091,0.062,0.9,False,agreement_is_not_independent_observational_validation
1980,密云,GB2001_1980_02,GB2004_1980_08,gb2001.pdf,gb2004.pdf,9.153,9.5,0.347,0.9,False,agreement_is_not_independent_observational_validation
1980,密云,GB2001_1980_02,GB2006_1980_08,gb2001.pdf,gb2006.pdf,9.153,10.182,1.029,0.9,True,agreement_is_not_independent_observational_validation
1980,密云,GB2001_1980_02,GB2007_1980_08,gb2001.pdf,gb2007.pdf,9.153,9.545,0.392,0.9,False,agreement_is_not_independent_observational_validation
1980,密云,GB2001_1980_02,GB2008_1980_08,gb2001.pdf,gb2008.pdf,9.153,9.761,0.608,0.6,True,agreement_is_not_independent_observational_validation
1980,密云,GB2001_1980_02,GB2009_1980_08,gb2001.pdf,gb2009.pdf,9.153,9.436,0.283,0.6,False,agreement_is_not_independent_observational_validation
1980,密云,GB2001_1980_02,GB2010_1980_08,gb2001.pdf,gb2010.pdf,9.153,9.366,0.213,0.6,False,agreement_is_not_independent_observational_validation
1980,密云,GB2001_1980_02,GB2012_1980_08,gb2001.pdf,gb2012.pdf,9.153,9.343,0.19,0.6,False,agreement_is_not_independent_observational_validation
1980,密云,GB2001_1980_02,GB2013_1980_08,gb2001.pdf,gb2013.pdf,9.153,9.524,0.371,0.78,False,agreement_is_not_independent_observational_validation
1980,密云,GB2001_1980_02,GB2014_1980_08,gb2001.pdf,gb2014.pdf,9.153,9.596,0.443,0.6,False,agreement_is_not_independent_observational_validation
1980,密云,GB2001_1980_02,GB2015_1980_08,gb2001.pdf,gb2015.pdf,9.153,9.501,0.348,0.63,False,agreement_is_not_independent_observational_validation
1980,密云,GB2001_1980_02,GB2016_1980_08,gb2001.pdf,gb2016.pdf,9.153,9.337,0.184,0.54,False,agreement_is_not_independent_observational_validation
1980,密云,GB2001_1980_02,GB2017_1980_08,gb2001.pdf,gb2017.pdf,9.153,9.26,0.107,0.51,False,agreement_is_not_independent_observational_validation
1980,密云,GB2001_1980_02,GB2018_1980_08,gb2001.pdf,gb2018.pdf,9.153,9.39,0.237,0.5,False,agreement_is_not_independent_observational_validation
1980,密云,GB2001_1980_02,GB2019_1980_08,gb2001.pdf,gb2019.pdf,9.153,9.75,0.597,0.92,False,agreement_is_not_independent_observational_validation
1980,密云,GB2001_1980_02,GB2020_1980_08,gb2001.pdf,gb2020.pdf,9.153,9.426,0.273,0.5,False,agreement_is_not_independent_observational_validation
1980,密云,GB2001_1980_02,GB2021_1980_08,gb2001.pdf,gb2021.pdf,9.153,9.401,0.248,0.52,False,agreement_is_not_independent_observational_validation
1980,密云,GB2001_1980_02,GB2022_1980_08,gb2001.pdf,gb2022.pdf,9.153,9.492,0.339,0.72,False,agreement_is_not_independent_observational_validation
1980,密云,GB2001_1980_02,GB2023_1980_09,gb2001.pdf,gb2023.pdf,9.153,9.536,0.383,0.57,False,agreement_is_not_independent_observational_validation
1980,密云,GB2001_1980_02,GB2024_1980_09,gb2001.pdf,gb2024.pdf,9.153,9.349,0.196,0.5,False,agreement_is_not_independent_observational_validation
1980,密云,GB2001_1980_02,GB2025_1980_10,gb2001.pdf,gb2025.pdf,9.153,9.353,0.2,0.5,False,agreement_is_not_independent_observational_validation
1980,密云,GB2002_1980_03,GB2003_1980_03,gb2002.pdf,gb2003.pdf,9.262,9.091,0.171,0.9,False,agreement_is_not_independent_observational_validation
1980,密云,GB2002_1980_03,GB2004_1980_08,gb2002.pdf,gb2004.pdf,9.262,9.5,0.238,0.9,False,agreement_is_not_independent_observational_validation
1980,密云,GB2002_1980_03,GB2006_1980_08,gb2002.pdf,gb2006.pdf,9.262,10.182,0.92,0.9,True,agreement_is_not_independent_observational_validation
1980,密云,GB2002_1980_03,GB2007_1980_08,gb2002.pdf,gb2007.pdf,9.262,9.545,0.283,0.9,False,agreement_is_not_independent_observational_validation
1980,密云,GB2002_1980_03,GB2008_1980_08,gb2002.pdf,gb2008.pdf,9.262,9.761,0.499,0.6,False,agreement_is_not_independent_observational_validation
1980,密云,GB2002_1980_03,GB2009_1980_08,gb2002.pdf,gb2009.pdf,9.262,9.436,0.174,0.6,False,agreement_is_not_independent_observational_validation
1980,密云,GB2002_1980_03,GB2010_1980_08,gb2002.pdf,gb2010.pdf,9.262,9.366,0.104,0.6,False,agreement_is_not_independent_observational_validation
1980,密云,GB2002_1980_03,GB2012_1980_08,gb2002.pdf,gb2012.pdf,9.262,9.343,0.081,0.6,False,agreement_is_not_independent_observational_validation
1980,密云,GB2002_1980_03,GB2013_1980_08,gb2002.pdf,gb2013.pdf,9.262,9.524,0.262,0.78,False,agreement_is_not_independent_observational_validation
1980,密云,GB2002_1980_03,GB2014_1980_08,gb2002.pdf,gb2014.pdf,9.262,9.596,0.334,0.6,False,agreement_is_not_independent_observational_validation
1980,密云,GB2002_1980_03,GB2015_1980_08,gb2002.pdf,gb2015.pdf,9.262,9.501,0.239,0.63,False,agreement_is_not_independent_observational_validation
1980,密云,GB2002_1980_03,GB2016_1980_08,gb2002.pdf,gb2016.pdf,9.262,9.337,0.075,0.54,False,agreement_is_not_independent_observational_validation
1980,密云,GB2002_1980_03,GB2017_1980_08,gb2002.pdf,gb2017.pdf,9.262,9.26,0.002,0.51,False,agreement_is_not_independent_observational_validation
1980,密云,GB2002_1980_03,GB2018_1980_08,gb2002.pdf,gb2018.pdf,9.262,9.39,0.128,0.5,False,agreement_is_not_independent_observational_validation
1980,密云,GB2002_1980_03,GB2019_1980_08,gb2002.pdf,gb2019.pdf,9.262,9.75,0.488,0.92,False,agreement_is_not_independent_observational_validation
1980,密云,GB2002_1980_03,GB2020_1980_08,gb2002.pdf,gb2020.pdf,9.262,9.426,0.164,0.5,False,agreement_is_not_independent_observational_validation
1980,密云,GB2002_1980_03,GB2021_1980_08,gb2002.pdf,gb2021.pdf,9.262,9.401,0.139,0.52,False,agreement_is_not_independent_observational_validation
1980,密云,GB2002_1980_03,GB2022_1980_08,gb2002.pdf,gb2022.pdf,9.262,9.492,0.23,0.72,False,agreement_is_not_independent_observational_validation
1980,密云,GB2002_1980_03,GB2023_1980_09,gb2002.pdf,gb2023.pdf,9.262,9.536,0.274,0.57,False,agreement_is_not_independent_observational_validation
1980,密云,GB2002_1980_03,GB2024_1980_09,gb2002.pdf,gb2024.pdf,9.262,9.349,0.087,0.5,False,agreement_is_not_independent_observational_validation
1980,密云,GB2002_1980_03,GB2025_1980_10,gb2002.pdf,gb2025.pdf,9.262,9.353,0.091,0.5,False,agreement_is_not_independent_observational_validation
1980,密云,GB2003_1980_03,GB2004_1980_08,gb2003.pdf,gb2004.pdf,9.091,9.5,0.409,1.2,False,agreement_is_not_independent_observational_validation
1980,密云,GB2003_1980_03,GB2006_1980_08,gb2003.pdf,gb2006.pdf,9.091,10.182,1.091,1.2,False,agreement_is_not_independent_observational_validation
1980,密云,GB2003_1980_03,GB2007_1980_08,gb2003.pdf,gb2007.pdf,9.091,9.545,0.454,1.2,False,agreement_is_not_independent_observational_validation
1980,密云,GB2003_1980_03,GB2008_1980_08,gb2003.pdf,gb2008.pdf,9.091,9.761,0.67,0.9,False,agreement_is_not_independent_observational_validation
1980,密云,GB2003_1980_03,GB2009_1980_08,gb2003.pdf,gb2009.pdf,9.091,9.436,0.345,0.9,False,agreement_is_not_independent_observational_validation
1980,密云,GB2003_1980_03,GB2010_1980_08,gb2003.pdf,gb2010.pdf,9.091,9.366,0.275,0.9,False,agreement_is_not_independent_observational_validation
1980,密云,GB2003_1980_03,GB2012_1980_08,gb2003.pdf,gb2012.pdf,9.091,9.343,0.252,0.9,False,agreement_is_not_independent_observational_validation
1980,密云,GB2003_1980_03,GB2013_1980_08,gb2003.pdf,gb2013.pdf,9.091,9.524,0.433,1.08,False,agreement_is_not_independent_observational_validation
1980,密云,GB2003_1980_03,GB2014_1980_08,gb2003.pdf,gb2014.pdf,9.091,9.596,0.505,0.9,False,agreement_is_not_independent_observational_validation
1980,密云,GB2003_1980_03,GB2015_1980_08,gb2003.pdf,gb2015.pdf,9.091,9.501,0.41,0.93,False,agreement_is_not_independent_observational_validation
1980,密云,GB2003_1980_03,GB2016_1980_08,gb2003.pdf,gb2016.pdf,9.091,9.337,0.246,0.84,False,agreement_is_not_independent_observational_validation
1980,密云,GB2003_1980_03,GB2017_1980_08,gb2003.pdf,gb2017.pdf,9.091,9.26,0.169,0.81,False,agreement_is_not_independent_observational_validation
1980,密云,GB2003_1980_03,GB2018_1980_08,gb2003.pdf,gb2018.pdf,9.091,9.39,0.299,0.75,False,agreement_is_not_independent_observational_validation
1980,密云,GB2003_1980_03,GB2019_1980_08,gb2003.pdf,gb2019.pdf,9.091,9.75,0.659,1.22,False,agreement_is_not_independent_observational_validation
1980,密云,GB2003_1980_03,GB2020_1980_08,gb2003.pdf,gb2020.pdf,9.091,9.426,0.335,0.65,False,agreement_is_not_independent_observational_validation
1980,密云,GB2003_1980_03,GB2021_1980_08,gb2003.pdf,gb2021.pdf,9.091,9.401,0.31,0.82,False,agreement_is_not_independent_observational_validation
1980,密云,GB2003_1980_03,GB2022_1980_08,gb2003.pdf,gb2022.pdf,9.091,9.492,0.401,1.02,False,agreement_is_not_independent_observational_validation
1980,密云,GB2003_1980_03,GB2023_1980_09,gb2003.pdf,gb2023.pdf,9.091,9.536,0.445,0.87,False,agreement_is_not_independent_observational_validation
1980,密云,GB2003_1980_03,GB2024_1980_09,gb2003.pdf,gb2024.pdf,9.091,9.349,0.258,0.73,False,agreement_is_not_independent_observational_validation
1980,密云,GB2003_1980_03,GB2025_1980_10,gb2003.pdf,gb2025.pdf,9.091,9.353,0.262,0.75,False,agreement_is_not_independent_observational_validation
1980,密云,GB2004_1980_08,GB2006_1980_08,gb2004.pdf,gb2006.pdf,9.5,10.182,0.682,1.2,False,agreement_is_not_independent_observational_validation
1980,密云,GB2004_1980_08,GB2007_1980_08,gb2004.pdf,gb2007.pdf,9.5,9.545,0.045,1.2,False,agreement_is_not_independent_observational_validation
1980,密云,GB2004_1980_08,GB2008_1980_08,gb2004.pdf,gb2008.pdf,9.5,9.761,0.261,0.9,False,agreement_is_not_independent_observational_validation
1980,密云,GB2004_1980_08,GB2009_1980_08,gb2004.pdf,gb2009.pdf,9.5,9.436,0.064,0.9,False,agreement_is_not_independent_observational_validation
1980,密云,GB2004_1980_08,GB2010_1980_08,gb2004.pdf,gb2010.pdf,9.5,9.366,0.134,0.9,False,agreement_is_not_independent_observational_validation
1980,密云,GB2004_1980_08,GB2012_1980_08,gb2004.pdf,gb2012.pdf,9.5,9.343,0.157,0.9,False,agreement_is_not_independent_observational_validation
1980,密云,GB2004_1980_08,GB2013_1980_08,gb2004.pdf,gb2013.pdf,9.5,9.524,0.024,1.08,False,agreement_is_not_independent_observational_validation
1980,密云,GB2004_1980_08,GB2014_1980_08,gb2004.pdf,gb2014.pdf,9.5,9.596,0.096,0.9,False,agreement_is_not_independent_observational_validation
1980,密云,GB2004_1980_08,GB2015_1980_08,gb2004.pdf,gb2015.pdf,9.5,9.501,0.001,0.93,False,agreement_is_not_independent_observational_validation
1980,密云,GB2004_1980_08,GB2016_1980_08,gb2004.pdf,gb2016.pdf,9.5,9.337,0.163,0.84,False,agreement_is_not_independent_observational_validation
1980,密云,GB2004_1980_08,GB2017_1980_08,gb2004.pdf,gb2017.pdf,9.5,9.26,0.24,0.81,False,agreement_is_not_independent_observational_validation
1980,密云,GB2004_1980_08,GB2018_1980_08,gb2004.pdf,gb2018.pdf,9.5,9.39,0.11,0.75,False,agreement_is_not_independent_observational_validation
1980,密云,GB2004_1980_08,GB2019_1980_08,gb2004.pdf,gb2019.pdf,9.5,9.75,0.25,1.22,False,agreement_is_not_independent_observational_validation
1980,密云,GB2004_1980_08,GB2020_1980_08,gb2004.pdf,gb2020.pdf,9.5,9.426,0.074,0.65,False,agreement_is_not_independent_observational_validation
1980,密云,GB2004_1980_08,GB2021_1980_08,gb2004.pdf,gb2021.pdf,9.5,9.401,0.099,0.82,False,agreement_is_not_independent_observational_validation
1980,密云,GB2004_1980_08,GB2022_1980_08,gb2004.pdf,gb2022.pdf,9.5,9.492,0.008,1.02,False,agreement_is_not_independent_observational_validation
1980,密云,GB2004_1980_08,GB2023_1980_09,gb2004.pdf,gb2023.pdf,9.5,9.536,0.036,0.87,False,agreement_is_not_independent_observational_validation
1980,密云,GB2004_1980_08,GB2024_1980_09,gb2004.pdf,gb2024.pdf,9.5,9.349,0.151,0.73,False,agreement_is_not_independent_observational_validation
1980,密云,GB2004_1980_08,GB2025_1980_10,gb2004.pdf,gb2025.pdf,9.5,9.353,0.147,0.75,False,agreement_is_not_independent_observational_validation
1980,密云,GB2006_1980_08,GB2007_1980_08,gb2006.pdf,gb2007.pdf,10.182,9.545,0.637,1.2,False,agreement_is_not_independent_observational_validation
1980,密云,GB2006_1980_08,GB2008_1980_08,gb2006.pdf,gb2008.pdf,10.182,9.761,0.421,0.9,False,agreement_is_not_independent_observational_validation
1980,密云,GB2006_1980_08,GB2009_1980_08,gb2006.pdf,gb2009.pdf,10.182,9.436,0.746,0.9,False,agreement_is_not_independent_observational_validation
1980,密云,GB2006_1980_08,GB2010_1980_08,gb2006.pdf,gb2010.pdf,10.182,9.366,0.816,0.9,False,agreement_is_not_independent_observational_validation
1980,密云,GB2006_1980_08,GB2012_1980_08,gb2006.pdf,gb2012.pdf,10.182,9.343,0.839,0.9,False,agreement_is_not_independent_observational_validation
1980,密云,GB2006_1980_08,GB2013_1980_08,gb2006.pdf,gb2013.pdf,10.182,9.524,0.658,1.08,False,agreement_is_not_independent_observational_validation
1980,密云,GB2006_1980_08,GB2014_1980_08,gb2006.pdf,gb2014.pdf,10.182,9.596,0.586,0.9,False,agreement_is_not_independent_observational_validation
1980,密云,GB2006_1980_08,GB2015_1980_08,gb2006.pdf,gb2015.pdf,10.182,9.501,0.681,0.93,False,agreement_is_not_independent_observational_validation
1980,密云,GB2006_1980_08,GB2016_1980_08,gb2006.pdf,gb2016.pdf,10.182,9.337,0.845,0.84,True,agreement_is_not_independent_observational_validation
1980,密云,GB2006_1980_08,GB2017_1980_08,gb2006.pdf,gb2017.pdf,10.182,9.26,0.922,0.81,True,agreement_is_not_independent_observational_validation
1980,密云,GB2006_1980_08,GB2018_1980_08,gb2006.pdf,gb2018.pdf,10.182,9.39,0.792,0.75,True,agreement_is_not_independent_observational_validation
1980,密云,GB2006_1980_08,GB2019_1980_08,gb2006.pdf,gb2019.pdf,10.182,9.75,0.432,1.22,False,agreement_is_not_independent_observational_validation
1980,密云,GB2006_1980_08,GB2020_1980_08,gb2006.pdf,gb2020.pdf,10.182,9.426,0.756,0.65,True,agreement_is_not_independent_observational_validation
1980,密云,GB2006_1980_08,GB2021_1980_08,gb2006.pdf,gb2021.pdf,10.182,9.401,0.781,0.82,False,agreement_is_not_independent_observational_validation
1980,密云,GB2006_1980_08,GB2022_1980_08,gb2006.pdf,gb2022.pdf,10.182,9.492,0.69,1.02,False,agreement_is_not_independent_observational_validation
1980,密云,GB2006_1980_08,GB2023_1980_09,gb2006.pdf,gb2023.pdf,10.182,9.536,0.646,0.87,False,agreement_is_not_independent_observational_validation
1980,密云,GB2006_1980_08,GB2024_1980_09,gb2006.pdf,gb2024.pdf,10.182,9.349,0.833,0.73,True,agreement_is_not_independent_observational_validation
1980,密云,GB2006_1980_08,GB2025_1980_10,gb2006.pdf,gb2025.pdf,10.182,9.353,0.829,0.75,True,agreement_is_not_independent_observational_validation
1980,密云,GB2007_1980_08,GB2008_1980_08,gb2007.pdf,gb2008.pdf,9.545,9.761,0.216,0.9,False,agreement_is_not_independent_observational_validation
1980,密云,GB2007_1980_08,GB2009_1980_08,gb2007.pdf,gb2009.pdf,9.545,9.436,0.109,0.9,False,agreement_is_not_independent_observational_validation
1980,密云,GB2007_1980_08,GB2010_1980_08,gb2007.pdf,gb2010.pdf,9.545,9.366,0.179,0.9,False,agreement_is_not_independent_observational_validation
1980,密云,GB2007_1980_08,GB2012_1980_08,gb2007.pdf,gb2012.pdf,9.545,9.343,0.202,0.9,False,agreement_is_not_independent_observational_validation
1980,密云,GB2007_1980_08,GB2013_1980_08,gb2007.pdf,gb2013.pdf,9.545,9.524,0.021,1.08,False,agreement_is_not_independent_observational_validation
1980,密云,GB2007_1980_08,GB2014_1980_08,gb2007.pdf,gb2014.pdf,9.545,9.596,0.051,0.9,False,agreement_is_not_independent_observational_validation
1980,密云,GB2007_1980_08,GB2015_1980_08,gb2007.pdf,gb2015.pdf,9.545,9.501,0.044,0.93,False,agreement_is_not_independent_observational_validation
1980,密云,GB2007_1980_08,GB2016_1980_08,gb2007.pdf,gb2016.pdf,9.545,9.337,0.208,0.84,False,agreement_is_not_independent_observational_validation
1980,密云,GB2007_1980_08,GB2017_1980_08,gb2007.pdf,gb2017.pdf,9.545,9.26,0.285,0.81,False,agreement_is_not_independent_observational_validation
1980,密云,GB2007_1980_08,GB2018_1980_08,gb2007.pdf,gb2018.pdf,9.545,9.39,0.155,0.75,False,agreement_is_not_independent_observational_validation
1980,密云,GB2007_1980_08,GB2019_1980_08,gb2007.pdf,gb2019.pdf,9.545,9.75,0.205,1.22,False,agreement_is_not_independent_observational_validation
1980,密云,GB2007_1980_08,GB2020_1980_08,gb2007.pdf,gb2020.pdf,9.545,9.426,0.119,0.65,False,agreement_is_not_independent_observational_validation
1980,密云,GB2007_1980_08,GB2021_1980_08,gb2007.pdf,gb2021.pdf,9.545,9.401,0.144,0.82,False,agreement_is_not_independent_observational_validation
1980,密云,GB2007_1980_08,GB2022_1980_08,gb2007.pdf,gb2022.pdf,9.545,9.492,0.053,1.02,False,agreement_is_not_independent_observational_validation
1980,密云,GB2007_1980_08,GB2023_1980_09,gb2007.pdf,gb2023.pdf,9.545,9.536,0.009,0.87,False,agreement_is_not_independent_observational_validation
1980,密云,GB2007_1980_08,GB2024_1980_09,gb2007.pdf,gb2024.pdf,9.545,9.349,0.196,0.73,False,agreement_is_not_independent_observational_validation
1980,密云,GB2007_1980_08,GB2025_1980_10,gb2007.pdf,gb2025.pdf,9.545,9.353,0.192,0.75,False,agreement_is_not_independent_observational_validation
1980,密云,GB2008_1980_08,GB2009_1980_08,gb2008.pdf,gb2009.pdf,9.761,9.436,0.325,0.6,False,agreement_is_not_independent_observational_validation
1980,密云,GB2008_1980_08,GB2010_1980_08,gb2008.pdf,gb2010.pdf,9.761,9.366,0.395,0.6,False,agreement_is_not_independent_observational_validation
1980,密云,GB2008_1980_08,GB2012_1980_08,gb2008.pdf,gb2012.pdf,9.761,9.343,0.418,0.6,False,agreement_is_not_independent_observational_validation
1980,密云,GB2008_1980_08,GB2013_1980_08,gb2008.pdf,gb2013.pdf,9.761,9.524,0.237,0.78,False,agreement_is_not_independent_observational_validation
1980,密云,GB2008_1980_08,GB2014_1980_08,gb2008.pdf,gb2014.pdf,9.761,9.596,0.165,0.6,False,agreement_is_not_independent_observational_validation
1980,密云,GB2008_1980_08,GB2015_1980_08,gb2008.pdf,gb2015.pdf,9.761,9.501,0.26,0.63,False,agreement_is_not_independent_observational_validation
1980,密云,GB2008_1980_08,GB2016_1980_08,gb2008.pdf,gb2016.pdf,9.761,9.337,0.424,0.54,False,agreement_is_not_independent_observational_validation
1980,密云,GB2008_1980_08,GB2017_1980_08,gb2008.pdf,gb2017.pdf,9.761,9.26,0.501,0.51,False,agreement_is_not_independent_observational_validation
1980,密云,GB2008_1980_08,GB2018_1980_08,gb2008.pdf,gb2018.pdf,9.761,9.39,0.371,0.5,False,agreement_is_not_independent_observational_validation
1980,密云,GB2008_1980_08,GB2019_1980_08,gb2008.pdf,gb2019.pdf,9.761,9.75,0.011,0.92,False,agreement_is_not_independent_observational_validation
1980,密云,GB2008_1980_08,GB2020_1980_08,gb2008.pdf,gb2020.pdf,9.761,9.426,0.335,0.5,False,agreement_is_not_independent_observational_validation
1980,密云,GB2008_1980_08,GB2021_1980_08,gb2008.pdf,gb2021.pdf,9.761,9.401,0.36,0.52,False,agreement_is_not_independent_observational_validation
1980,密云,GB2008_1980_08,GB2022_1980_08,gb2008.pdf,gb2022.pdf,9.761,9.492,0.269,0.72,False,agreement_is_not_independent_observational_validation
1980,密云,GB2008_1980_08,GB2023_1980_09,gb2008.pdf,gb2023.pdf,9.761,9.536,0.225,0.57,False,agreement_is_not_independent_observational_validation
1980,密云,GB2008_1980_08,GB2024_1980_09,gb2008.pdf,gb2024.pdf,9.761,9.349,0.412,0.5,False,agreement_is_not_independent_observational_validation
1980,密云,GB2008_1980_08,GB2025_1980_10,gb2008.pdf,gb2025.pdf,9.761,9.353,0.408,0.5,False,agreement_is_not_independent_observational_validation
1980,密云,GB2009_1980_08,GB2010_1980_08,gb2009.pdf,gb2010.pdf,9.436,9.366,0.07,0.6,False,agreement_is_not_independent_observational_validation
1980,密云,GB2009_1980_08,GB2012_1980_08,gb2009.pdf,gb2012.pdf,9.436,9.343,0.093,0.6,False,agreement_is_not_independent_observational_validation
1980,密云,GB2009_1980_08,GB2013_1980_08,gb2009.pdf,gb2013.pdf,9.436,9.524,0.088,0.78,False,agreement_is_not_independent_observational_validation
1980,密云,GB2009_1980_08,GB2014_1980_08,gb2009.pdf,gb2014.pdf,9.436,9.596,0.16,0.6,False,agreement_is_not_independent_observational_validation
1980,密云,GB2009_1980_08,GB2015_1980_08,gb2009.pdf,gb2015.pdf,9.436,9.501,0.065,0.63,False,agreement_is_not_independent_observational_validation
1980,密云,GB2009_1980_08,GB2016_1980_08,gb2009.pdf,gb2016.pdf,9.436,9.337,0.099,0.54,False,agreement_is_not_independent_observational_validation
1980,密云,GB2009_1980_08,GB2017_1980_08,gb2009.pdf,gb2017.pdf,9.436,9.26,0.176,0.51,False,agreement_is_not_independent_observational_validation
1980,密云,GB2009_1980_08,GB2018_1980_08,gb2009.pdf,gb2018.pdf,9.436,9.39,0.046,0.5,False,agreement_is_not_independent_observational_validation
1980,密云,GB2009_1980_08,GB2019_1980_08,gb2009.pdf,gb2019.pdf,9.436,9.75,0.314,0.92,False,agreement_is_not_independent_observational_validation
1980,密云,GB2009_1980_08,GB2020_1980_08,gb2009.pdf,gb2020.pdf,9.436,9.426,0.01,0.5,False,agreement_is_not_independent_observational_validation
1980,密云,GB2009_1980_08,GB2021_1980_08,gb2009.pdf,gb2021.pdf,9.436,9.401,0.035,0.52,False,agreement_is_not_independent_observational_validation
1980,密云,GB2009_1980_08,GB2022_1980_08,gb2009.pdf,gb2022.pdf,9.436,9.492,0.056,0.72,False,agreement_is_not_independent_observational_validation
1980,密云,GB2009_1980_08,GB2023_1980_09,gb2009.pdf,gb2023.pdf,9.436,9.536,0.1,0.57,False,agreement_is_not_independent_observational_validation
1980,密云,GB2009_1980_08,GB2024_1980_09,gb2009.pdf,gb2024.pdf,9.436,9.349,0.087,0.5,False,agreement_is_not_independent_observational_validation
1980,密云,GB2009_1980_08,GB2025_1980_10,gb2009.pdf,gb2025.pdf,9.436,9.353,0.083,0.5,False,agreement_is_not_independent_observational_validation
1980,密云,GB2010_1980_08,GB2012_1980_08,gb2010.pdf,gb2012.pdf,9.366,9.343,0.023,0.6,False,agreement_is_not_independent_observational_validation
1980,密云,GB2010_1980_08,GB2013_1980_08,gb2010.pdf,gb2013.pdf,9.366,9.524,0.158,0.78,False,agreement_is_not_independent_observational_validation
1980,密云,GB2010_1980_08,GB2014_1980_08,gb2010.pdf,gb2014.pdf,9.366,9.596,0.23,0.6,False,agreement_is_not_independent_observational_validation
1980,密云,GB2010_1980_08,GB2015_1980_08,gb2010.pdf,gb2015.pdf,9.366,9.501,0.135,0.63,False,agreement_is_not_independent_observational_validation
1980,密云,GB2010_1980_08,GB2016_1980_08,gb2010.pdf,gb2016.pdf,9.366,9.337,0.029,0.54,False,agreement_is_not_independent_observational_validation
1980,密云,GB2010_1980_08,GB2017_1980_08,gb2010.pdf,gb2017.pdf,9.366,9.26,0.106,0.51,False,agreement_is_not_independent_observational_validation
1980,密云,GB2010_1980_08,GB2018_1980_08,gb2010.pdf,gb2018.pdf,9.366,9.39,0.024,0.5,False,agreement_is_not_independent_observational_validation
1980,密云,GB2010_1980_08,GB2019_1980_08,gb2010.pdf,gb2019.pdf,9.366,9.75,0.384,0.92,False,agreement_is_not_independent_observational_validation
1980,密云,GB2010_1980_08,GB2020_1980_08,gb2010.pdf,gb2020.pdf,9.366,9.426,0.06,0.5,False,agreement_is_not_independent_observational_validation
1980,密云,GB2010_1980_08,GB2021_1980_08,gb2010.pdf,gb2021.pdf,9.366,9.401,0.035,0.52,False,agreement_is_not_independent_observational_validation
1980,密云,GB2010_1980_08,GB2022_1980_08,gb2010.pdf,gb2022.pdf,9.366,9.492,0.126,0.72,False,agreement_is_not_independent_observational_validation
1980,密云,GB2010_1980_08,GB2023_1980_09,gb2010.pdf,gb2023.pdf,9.366,9.536,0.17,0.57,False,agreement_is_not_independent_observational_validation
1980,密云,GB2010_1980_08,GB2024_1980_09,gb2010.pdf,gb2024.pdf,9.366,9.349,0.017,0.5,False,agreement_is_not_independent_observational_validation
1980,密云,GB2010_1980_08,GB2025_1980_10,gb2010.pdf,gb2025.pdf,9.366,9.353,0.013,0.5,False,agreement_is_not_independent_observational_validation
1980,密云,GB2012_1980_08,GB2013_1980_08,gb2012.pdf,gb2013.pdf,9.343,9.524,0.181,0.78,False,agreement_is_not_independent_observational_validation
1980,密云,GB2012_1980_08,GB2014_1980_08,gb2012.pdf,gb2014.pdf,9.343,9.596,0.253,0.6,False,agreement_is_not_independent_observational_validation
1980,密云,GB2012_1980_08,GB2015_1980_08,gb2012.pdf,gb2015.pdf,9.343,9.501,0.158,0.63,False,agreement_is_not_independent_observational_validation
1980,密云,GB2012_1980_08,GB2016_1980_08,gb2012.pdf,gb2016.pdf,9.343,9.337,0.006,0.54,False,agreement_is_not_independent_observational_validation
1980,密云,GB2012_1980_08,GB2017_1980_08,gb2012.pdf,gb2017.pdf,9.343,9.26,0.083,0.51,False,agreement_is_not_independent_observational_validation
1980,密云,GB2012_1980_08,GB2018_1980_08,gb2012.pdf,gb2018.pdf,9.343,9.39,0.047,0.5,False,agreement_is_not_independent_observational_validation
1980,密云,GB2012_1980_08,GB2019_1980_08,gb2012.pdf,gb2019.pdf,9.343,9.75,0.407,0.92,False,agreement_is_not_independent_observational_validation
1980,密云,GB2012_1980_08,GB2020_1980_08,gb2012.pdf,gb2020.pdf,9.343,9.426,0.083,0.5,False,agreement_is_not_independent_observational_validation
1980,密云,GB2012_1980_08,GB2021_1980_08,gb2012.pdf,gb2021.pdf,9.343,9.401,0.058,0.52,False,agreement_is_not_independent_observational_validation
1980,密云,GB2012_1980_08,GB2022_1980_08,gb2012.pdf,gb2022.pdf,9.343,9.492,0.149,0.72,False,agreement_is_not_independent_observational_validation
1980,密云,GB2012_1980_08,GB2023_1980_09,gb2012.pdf,gb2023.pdf,9.343,9.536,0.193,0.57,False,agreement_is_not_independent_observational_validation
1980,密云,GB2012_1980_08,GB2024_1980_09,gb2012.pdf,gb2024.pdf,9.343,9.349,0.006,0.5,False,agreement_is_not_independent_observational_validation
1980,密云,GB2012_1980_08,GB2025_1980_10,gb2012.pdf,gb2025.pdf,9.343,9.353,0.01,0.5,False,agreement_is_not_independent_observational_validation
1980,密云,GB2013_1980_08,GB2014_1980_08,gb2013.pdf,gb2014.pdf,9.524,9.596,0.072,0.78,False,agreement_is_not_independent_observational_validation
1980,密云,GB2013_1980_08,GB2015_1980_08,gb2013.pdf,gb2015.pdf,9.524,9.501,0.023,0.81,False,agreement_is_not_independent_observational_validation
1980,密云,GB2013_1980_08,GB2016_1980_08,gb2013.pdf,gb2016.pdf,9.524,9.337,0.187,0.72,False,agreement_is_not_independent_observational_validation
1980,密云,GB2013_1980_08,GB2017_1980_08,gb2013.pdf,gb2017.pdf,9.524,9.26,0.264,0.69,False,agreement_is_not_independent_observational_validation
1980,密云,GB2013_1980_08,GB2018_1980_08,gb2013.pdf,gb2018.pdf,9.524,9.39,0.134,0.63,False,agreement_is_not_independent_observational_validation
1980,密云,GB2013_1980_08,GB2019_1980_08,gb2013.pdf,gb2019.pdf,9.524,9.75,0.226,1.1,False,agreement_is_not_independent_observational_validation
1980,密云,GB2013_1980_08,GB2020_1980_08,gb2013.pdf,gb2020.pdf,9.524,9.426,0.098,0.53,False,agreement_is_not_independent_observational_validation
1980,密云,GB2013_1980_08,GB2021_1980_08,gb2013.pdf,gb2021.pdf,9.524,9.401,0.123,0.7,False,agreement_is_not_independent_observational_validation
1980,密云,GB2013_1980_08,GB2022_1980_08,gb2013.pdf,gb2022.pdf,9.524,9.492,0.032,0.9,False,agreement_is_not_independent_observational_validation
1980,密云,GB2013_1980_08,GB2023_1980_09,gb2013.pdf,gb2023.pdf,9.524,9.536,0.012,0.75,False,agreement_is_not_independent_observational_validation
1980,密云,GB2013_1980_08,GB2024_1980_09,gb2013.pdf,gb2024.pdf,9.524,9.349,0.175,0.61,False,agreement_is_not_independent_observational_validation
1980,密云,GB2013_1980_08,GB2025_1980_10,gb2013.pdf,gb2025.pdf,9.524,9.353,0.171,0.63,False,agreement_is_not_independent_observational_validation
1980,密云,GB2014_1980_08,GB2015_1980_08,gb2014.pdf,gb2015.pdf,9.596,9.501,0.095,0.63,False,agreement_is_not_independent_observational_validation
1980,密云,GB2014_1980_08,GB2016_1980_08,gb2014.pdf,gb2016.pdf,9.596,9.337,0.259,0.54,False,agreement_is_not_independent_observational_validation
1980,密云,GB2014_1980_08,GB2017_1980_08,gb2014.pdf,gb2017.pdf,9.596,9.26,0.336,0.51,False,agreement_is_not_independent_observational_validation
1980,密云,GB2014_1980_08,GB2018_1980_08,gb2014.pdf,gb2018.pdf,9.596,9.39,0.206,0.5,False,agreement_is_not_independent_observational_validation
1980,密云,GB2014_1980_08,GB2019_1980_08,gb2014.pdf,gb2019.pdf,9.596,9.75,0.154,0.92,False,agreement_is_not_independent_observational_validation
1980,密云,GB2014_1980_08,GB2020_1980_08,gb2014.pdf,gb2020.pdf,9.596,9.426,0.17,0.5,False,agreement_is_not_independent_observational_validation
1980,密云,GB2014_1980_08,GB2021_1980_08,gb2014.pdf,gb2021.pdf,9.596,9.401,0.195,0.52,False,agreement_is_not_independent_observational_validation
1980,密云,GB2014_1980_08,GB2022_1980_08,gb2014.pdf,gb2022.pdf,9.596,9.492,0.104,0.72,False,agreement_is_not_independent_observational_validation
1980,密云,GB2014_1980_08,GB2023_1980_09,gb2014.pdf,gb2023.pdf,9.596,9.536,0.06,0.57,False,agreement_is_not_independent_observational_validation
1980,密云,GB2014_1980_08,GB2024_1980_09,gb2014.pdf,gb2024.pdf,9.596,9.349,0.247,0.5,False,agreement_is_not_independent_observational_validation
1980,密云,GB2014_1980_08,GB2025_1980_10,gb2014.pdf,gb2025.pdf,9.596,9.353,0.243,0.5,False,agreement_is_not_independent_observational_validation
1980,密云,GB2015_1980_08,GB2016_1980_08,gb2015.pdf,gb2016.pdf,9.501,9.337,0.164,0.57,False,agreement_is_not_independent_observational_validation
1980,密云,GB2015_1980_08,GB2017_1980_08,gb2015.pdf,gb2017.pdf,9.501,9.26,0.241,0.54,False,agreement_is_not_independent_observational_validation
1980,密云,GB2015_1980_08,GB2018_1980_08,gb2015.pdf,gb2018.pdf,9.501,9.39,0.111,0.5,False,agreement_is_not_independent_observational_validation
1980,密云,GB2015_1980_08,GB2019_1980_08,gb2015.pdf,gb2019.pdf,9.501,9.75,0.249,0.95,False,agreement_is_not_independent_observational_validation
1980,密云,GB2015_1980_08,GB2020_1980_08,gb2015.pdf,gb2020.pdf,9.501,9.426,0.075,0.5,False,agreement_is_not_independent_observational_validation
1980,密云,GB2015_1980_08,GB2021_1980_08,gb2015.pdf,gb2021.pdf,9.501,9.401,0.1,0.55,False,agreement_is_not_independent_observational_validation
1980,密云,GB2015_1980_08,GB2022_1980_08,gb2015.pdf,gb2022.pdf,9.501,9.492,0.009,0.75,False,agreement_is_not_independent_observational_validation
1980,密云,GB2015_1980_08,GB2023_1980_09,gb2015.pdf,gb2023.pdf,9.501,9.536,0.035,0.6,False,agreement_is_not_independent_observational_validation
1980,密云,GB2015_1980_08,GB2024_1980_09,gb2015.pdf,gb2024.pdf,9.501,9.349,0.152,0.5,False,agreement_is_not_independent_observational_validation
1980,密云,GB2015_1980_08,GB2025_1980_10,gb2015.pdf,gb2025.pdf,9.501,9.353,0.148,0.5,False,agreement_is_not_independent_observational_validation
1980,密云,GB2016_1980_08,GB2017_1980_08,gb2016.pdf,gb2017.pdf,9.337,9.26,0.077,0.5,False,agreement_is_not_independent_observational_validation
1980,密云,GB2016_1980_08,GB2018_1980_08,gb2016.pdf,gb2018.pdf,9.337,9.39,0.053,0.5,False,agreement_is_not_independent_observational_validation
1980,密云,GB2016_1980_08,GB2019_1980_08,gb2016.pdf,gb2019.pdf,9.337,9.75,0.413,0.86,False,agreement_is_not_independent_observational_validation
1980,密云,GB2016_1980_08,GB2020_1980_08,gb2016.pdf,gb2020.pdf,9.337,9.426,0.089,0.5,False,agreement_is_not_independent_observational_validation
1980,密云,GB2016_1980_08,GB2021_1980_08,gb2016.pdf,gb2021.pdf,9.337,9.401,0.064,0.5,False,agreement_is_not_independent_observational_validation
1980,密云,GB2016_1980_08,GB2022_1980_08,gb2016.pdf,gb2022.pdf,9.337,9.492,0.155,0.66,False,agreement_is_not_independent_observational_validation
1980,密云,GB2016_1980_08,GB2023_1980_09,gb2016.pdf,gb2023.pdf,9.337,9.536,0.199,0.51,False,agreement_is_not_independent_observational_validation
1980,密云,GB2016_1980_08,GB2024_1980_09,gb2016.pdf,gb2024.pdf,9.337,9.349,0.012,0.5,False,agreement_is_not_independent_observational_validation
1980,密云,GB2016_1980_08,GB2025_1980_10,gb2016.pdf,gb2025.pdf,9.337,9.353,0.016,0.5,False,agreement_is_not_independent_observational_validation
1980,密云,GB2017_1980_08,GB2018_1980_08,gb2017.pdf,gb2018.pdf,9.26,9.39,0.13,0.5,False,agreement_is_not_independent_observational_validation
1980,密云,GB2017_1980_08,GB2019_1980_08,gb2017.pdf,gb2019.pdf,9.26,9.75,0.49,0.83,False,agreement_is_not_independent_observational_validation
1980,密云,GB2017_1980_08,GB2020_1980_08,gb2017.pdf,gb2020.pdf,9.26,9.426,0.166,0.5,False,agreement_is_not_independent_observational_validation
1980,密云,GB2017_1980_08,GB2021_1980_08,gb2017.pdf,gb2021.pdf,9.26,9.401,0.141,0.5,False,agreement_is_not_independent_observational_validation
1980,密云,GB2017_1980_08,GB2022_1980_08,gb2017.pdf,gb2022.pdf,9.26,9.492,0.232,0.63,False,agreement_is_not_independent_observational_validation
1980,密云,GB2017_1980_08,GB2023_1980_09,gb2017.pdf,gb2023.pdf,9.26,9.536,0.276,0.5,False,agreement_is_not_independent_observational_validation
1980,密云,GB2017_1980_08,GB2024_1980_09,gb2017.pdf,gb2024.pdf,9.26,9.349,0.089,0.5,False,agreement_is_not_independent_observational_validation
1980,密云,GB2017_1980_08,GB2025_1980_10,gb2017.pdf,gb2025.pdf,9.26,9.353,0.093,0.5,False,agreement_is_not_independent_observational_validation
1980,密云,GB2018_1980_08,GB2019_1980_08,gb2018.pdf,gb2019.pdf,9.39,9.75,0.36,0.77,False,agreement_is_not_independent_observational_validation
1980,密云,GB2018_1980_08,GB2020_1980_08,gb2018.pdf,gb2020.pdf,9.39,9.426,0.036,0.5,False,agreement_is_not_independent_observational_validation
1980,密云,GB2018_1980_08,GB2021_1980_08,gb2018.pdf,gb2021.pdf,9.39,9.401,0.011,0.5,False,agreement_is_not_independent_observational_validation
1980,密云,GB2018_1980_08,GB2022_1980_08,gb2018.pdf,gb2022.pdf,9.39,9.492,0.102,0.57,False,agreement_is_not_independent_observational_validation
1980,密云,GB2018_1980_08,GB2023_1980_09,gb2018.pdf,gb2023.pdf,9.39,9.536,0.146,0.5,False,agreement_is_not_independent_observational_validation
1980,密云,GB2018_1980_08,GB2024_1980_09,gb2018.pdf,gb2024.pdf,9.39,9.349,0.041,0.5,False,agreement_is_not_independent_observational_validation
1980,密云,GB2018_1980_08,GB2025_1980_10,gb2018.pdf,gb2025.pdf,9.39,9.353,0.037,0.5,False,agreement_is_not_independent_observational_validation
1980,密云,GB2019_1980_08,GB2020_1980_08,gb2019.pdf,gb2020.pdf,9.75,9.426,0.324,0.67,False,agreement_is_not_independent_observational_validation
1980,密云,GB2019_1980_08,GB2021_1980_08,gb2019.pdf,gb2021.pdf,9.75,9.401,0.349,0.84,False,agreement_is_not_independent_observational_validation
1980,密云,GB2019_1980_08,GB2022_1980_08,gb2019.pdf,gb2022.pdf,9.75,9.492,0.258,1.04,False,agreement_is_not_independent_observational_validation
1980,密云,GB2019_1980_08,GB2023_1980_09,gb2019.pdf,gb2023.pdf,9.75,9.536,0.214,0.89,False,agreement_is_not_independent_observational_validation
1980,密云,GB2019_1980_08,GB2024_1980_09,gb2019.pdf,gb2024.pdf,9.75,9.349,0.401,0.75,False,agreement_is_not_independent_observational_validation
1980,密云,GB2019_1980_08,GB2025_1980_10,gb2019.pdf,gb2025.pdf,9.75,9.353,0.397,0.77,False,agreement_is_not_independent_observational_validation
1980,密云,GB2020_1980_08,GB2021_1980_08,gb2020.pdf,gb2021.pdf,9.426,9.401,0.025,0.5,False,agreement_is_not_independent_observational_validation
1980,密云,GB2020_1980_08,GB2022_1980_08,gb2020.pdf,gb2022.pdf,9.426,9.492,0.066,0.5,False,agreement_is_not_independent_observational_validation
1980,密云,GB2020_1980_08,GB2023_1980_09,gb2020.pdf,gb2023.pdf,9.426,9.536,0.11,0.5,False,agreement_is_not_independent_observational_validation
1980,密云,GB2020_1980_08,GB2024_1980_09,gb2020.pdf,gb2024.pdf,9.426,9.349,0.077,0.5,False,agreement_is_not_independent_observational_validation
1980,密云,GB2020_1980_08,GB2025_1980_10,gb2020.pdf,gb2025.pdf,9.426,9.353,0.073,0.5,False,agreement_is_not_independent_observational_validation
1980,密云,GB2021_1980_08,GB2022_1980_08,gb2021.pdf,gb2022.pdf,9.401,9.492,0.091,0.64,False,agreement_is_not_independent_observational_validation
1980,密云,GB2021_1980_08,GB2023_1980_09,gb2021.pdf,gb2023.pdf,9.401,9.536,0.135,0.5,False,agreement_is_not_independent_observational_validation
1980,密云,GB2021_1980_08,GB2024_1980_09,gb2021.pdf,gb2024.pdf,9.401,9.349,0.052,0.5,False,agreement_is_not_independent_observational_validation
1980,密云,GB2021_1980_08,GB2025_1980_10,gb2021.pdf,gb2025.pdf,9.401,9.353,0.048,0.5,False,agreement_is_not_independent_observational_validation
1980,密云,GB2022_1980_08,GB2023_1980_09,gb2022.pdf,gb2023.pdf,9.492,9.536,0.044,0.69,False,agreement_is_not_independent_observational_validation
1980,密云,GB2022_1980_08,GB2024_1980_09,gb2022.pdf,gb2024.pdf,9.492,9.349,0.143,0.55,False,agreement_is_not_independent_observational_validation
1980,密云,GB2022_1980_08,GB2025_1980_10,gb2022.pdf,gb2025.pdf,9.492,9.353,0.139,0.57,False,agreement_is_not_independent_observational_validation
1980,密云,GB2023_1980_09,GB2024_1980_09,gb2023.pdf,gb2024.pdf,9.536,9.349,0.187,0.5,False,agreement_is_not_independent_observational_validation
1980,密云,GB2023_1980_09,GB2025_1980_10,gb2023.pdf,gb2025.pdf,9.536,9.353,0.183,0.5,False,agreement_is_not_independent_observational_validation
1980,密云,GB2024_1980_09,GB2025_1980_10,gb2024.pdf,gb2025.pdf,9.349,9.353,0.004,0.5,False,agreement_is_not_independent_observational_validation
1980,平谷,GB2001_1980_01,GB2002_1980_02,gb2001.pdf,gb2002.pdf,8.968,9.005,0.037,0.6,False,agreement_is_not_independent_observational_validation
1980,平谷,GB2001_1980_01,GB2003_1980_02,gb2001.pdf,gb2003.pdf,8.968,9.0,0.032,0.9,False,agreement_is_not_independent_observational_validation
1980,平谷,GB2001_1980_01,GB2004_1980_09,gb2001.pdf,gb2004.pdf,8.968,9.455,0.487,0.9,False,agreement_is_not_independent_observational_validation
1980,平谷,GB2001_1980_01,GB2006_1980_09,gb2001.pdf,gb2006.pdf,8.968,10.182,1.214,0.9,True,agreement_is_not_independent_observational_validation
1980,平谷,GB2001_1980_01,GB2007_1980_09,gb2001.pdf,gb2007.pdf,8.968,9.386,0.418,0.9,False,agreement_is_not_independent_observational_validation
1980,平谷,GB2001_1980_01,GB2008_1980_09,gb2001.pdf,gb2008.pdf,8.968,9.543,0.575,0.6,False,agreement_is_not_independent_observational_validation
1980,平谷,GB2001_1980_01,GB2009_1980_09,gb2001.pdf,gb2009.pdf,8.968,9.273,0.305,0.6,False,agreement_is_not_independent_observational_validation
1980,平谷,GB2001_1980_01,GB2010_1980_09,gb2001.pdf,gb2010.pdf,8.968,9.366,0.398,0.6,False,agreement_is_not_independent_observational_validation
1980,平谷,GB2001_1980_01,GB2012_1980_09,gb2001.pdf,gb2012.pdf,8.968,9.174,0.206,0.6,False,agreement_is_not_independent_observational_validation
1980,平谷,GB2001_1980_01,GB2013_1980_09,gb2001.pdf,gb2013.pdf,8.968,9.332,0.364,0.78,False,agreement_is_not_independent_observational_validation
1980,平谷,GB2001_1980_01,GB2014_1980_09,gb2001.pdf,gb2014.pdf,8.968,9.387,0.419,0.6,False,agreement_is_not_independent_observational_validation
1980,平谷,GB2001_1980_01,GB2015_1980_09,gb2001.pdf,gb2015.pdf,8.968,9.37,0.402,0.63,False,agreement_is_not_independent_observational_validation
1980,平谷,GB2001_1980_01,GB2016_1980_09,gb2001.pdf,gb2016.pdf,8.968,9.048,0.08,0.54,False,agreement_is_not_independent_observational_validation
1980,平谷,GB2001_1980_01,GB2017_1980_09,gb2001.pdf,gb2017.pdf,8.968,9.092,0.124,0.51,False,agreement_is_not_independent_observational_validation
1980,平谷,GB2001_1980_01,GB2018_1980_09,gb2001.pdf,gb2018.pdf,8.968,9.205,0.237,0.5,False,agreement_is_not_independent_observational_validation
1980,平谷,GB2001_1980_01,GB2019_1980_09,gb2001.pdf,gb2019.pdf,8.968,9.5,0.532,0.92,False,agreement_is_not_independent_observational_validation
1980,平谷,GB2001_1980_01,GB2020_1980_09,gb2001.pdf,gb2020.pdf,8.968,9.228,0.26,0.5,False,agreement_is_not_independent_observational_validation
1980,平谷,GB2001_1980_01,GB2021_1980_09,gb2001.pdf,gb2021.pdf,8.968,9.224,0.256,0.52,False,agreement_is_not_independent_observational_validation
1980,平谷,GB2001_1980_01,GB2022_1980_09,gb2001.pdf,gb2022.pdf,8.968,9.153,0.185,0.72,False,agreement_is_not_independent_observational_validation
1980,平谷,GB2001_1980_01,GB2023_1980_08,gb2001.pdf,gb2023.pdf,8.968,9.321,0.353,0.57,False,agreement_is_not_independent_observational_validation
1980,平谷,GB2001_1980_01,GB2024_1980_08,gb2001.pdf,gb2024.pdf,8.968,9.246,0.278,0.5,False,agreement_is_not_independent_observational_validation
1980,平谷,GB2001_1980_01,GB2025_1980_09,gb2001.pdf,gb2025.pdf,8.968,9.118,0.15,0.5,False,agreement_is_not_independent_observational_validation
1980,平谷,GB2002_1980_02,GB2003_1980_02,gb2002.pdf,gb2003.pdf,9.005,9.0,0.005,0.9,False,agreement_is_not_independent_observational_validation
1980,平谷,GB2002_1980_02,GB2004_1980_09,gb2002.pdf,gb2004.pdf,9.005,9.455,0.45,0.9,False,agreement_is_not_independent_observational_validation
1980,平谷,GB2002_1980_02,GB2006_1980_09,gb2002.pdf,gb2006.pdf,9.005,10.182,1.177,0.9,True,agreement_is_not_independent_observational_validation
1980,平谷,GB2002_1980_02,GB2007_1980_09,gb2002.pdf,gb2007.pdf,9.005,9.386,0.381,0.9,False,agreement_is_not_independent_observational_validation
1980,平谷,GB2002_1980_02,GB2008_1980_09,gb2002.pdf,gb2008.pdf,9.005,9.543,0.538,0.6,False,agreement_is_not_independent_observational_validation
1980,平谷,GB2002_1980_02,GB2009_1980_09,gb2002.pdf,gb2009.pdf,9.005,9.273,0.268,0.6,False,agreement_is_not_independent_observational_validation
1980,平谷,GB2002_1980_02,GB2010_1980_09,gb2002.pdf,gb2010.pdf,9.005,9.366,0.361,0.6,False,agreement_is_not_independent_observational_validation
1980,平谷,GB2002_1980_02,GB2012_1980_09,gb2002.pdf,gb2012.pdf,9.005,9.174,0.169,0.6,False,agreement_is_not_independent_observational_validation
1980,平谷,GB2002_1980_02,GB2013_1980_09,gb2002.pdf,gb2013.pdf,9.005,9.332,0.327,0.78,False,agreement_is_not_independent_observational_validation
1980,平谷,GB2002_1980_02,GB2014_1980_09,gb2002.pdf,gb2014.pdf,9.005,9.387,0.382,0.6,False,agreement_is_not_independent_observational_validation
1980,平谷,GB2002_1980_02,GB2015_1980_09,gb2002.pdf,gb2015.pdf,9.005,9.37,0.365,0.63,False,agreement_is_not_independent_observational_validation
1980,平谷,GB2002_1980_02,GB2016_1980_09,gb2002.pdf,gb2016.pdf,9.005,9.048,0.043,0.54,False,agreement_is_not_independent_observational_validation
1980,平谷,GB2002_1980_02,GB2017_1980_09,gb2002.pdf,gb2017.pdf,9.005,9.092,0.087,0.51,False,agreement_is_not_independent_observational_validation
1980,平谷,GB2002_1980_02,GB2018_1980_09,gb2002.pdf,gb2018.pdf,9.005,9.205,0.2,0.5,False,agreement_is_not_independent_observational_validation
1980,平谷,GB2002_1980_02,GB2019_1980_09,gb2002.pdf,gb2019.pdf,9.005,9.5,0.495,0.92,False,agreement_is_not_independent_observational_validation
1980,平谷,GB2002_1980_02,GB2020_1980_09,gb2002.pdf,gb2020.pdf,9.005,9.228,0.223,0.5,False,agreement_is_not_independent_observational_validation
1980,平谷,GB2002_1980_02,GB2021_1980_09,gb2002.pdf,gb2021.pdf,9.005,9.224,0.219,0.52,False,agreement_is_not_independent_observational_validation
1980,平谷,GB2002_1980_02,GB2022_1980_09,gb2002.pdf,gb2022.pdf,9.005,9.153,0.148,0.72,False,agreement_is_not_independent_observational_validation
1980,平谷,GB2002_1980_02,GB2023_1980_08,gb2002.pdf,gb2023.pdf,9.005,9.321,0.316,0.57,False,agreement_is_not_independent_observational_validation
1980,平谷,GB2002_1980_02,GB2024_1980_08,gb2002.pdf,gb2024.pdf,9.005,9.246,0.241,0.5,False,agreement_is_not_independent_observational_validation
1980,平谷,GB2002_1980_02,GB2025_1980_09,gb2002.pdf,gb2025.pdf,9.005,9.118,0.113,0.5,False,agreement_is_not_independent_observational_validation
1980,平谷,GB2003_1980_02,GB2004_1980_09,gb2003.pdf,gb2004.pdf,9.0,9.455,0.455,1.2,False,agreement_is_not_independent_observational_validation
1980,平谷,GB2003_1980_02,GB2006_1980_09,gb2003.pdf,gb2006.pdf,9.0,10.182,1.182,1.2,False,agreement_is_not_independent_observational_validation
1980,平谷,GB2003_1980_02,GB2007_1980_09,gb2003.pdf,gb2007.pdf,9.0,9.386,0.386,1.2,False,agreement_is_not_independent_observational_validation
1980,平谷,GB2003_1980_02,GB2008_1980_09,gb2003.pdf,gb2008.pdf,9.0,9.543,0.543,0.9,False,agreement_is_not_independent_observational_validation
1980,平谷,GB2003_1980_02,GB2009_1980_09,gb2003.pdf,gb2009.pdf,9.0,9.273,0.273,0.9,False,agreement_is_not_independent_observational_validation
1980,平谷,GB2003_1980_02,GB2010_1980_09,gb2003.pdf,gb2010.pdf,9.0,9.366,0.366,0.9,False,agreement_is_not_independent_observational_validation
1980,平谷,GB2003_1980_02,GB2012_1980_09,gb2003.pdf,gb2012.pdf,9.0,9.174,0.174,0.9,False,agreement_is_not_independent_observational_validation
1980,平谷,GB2003_1980_02,GB2013_1980_09,gb2003.pdf,gb2013.pdf,9.0,9.332,0.332,1.08,False,agreement_is_not_independent_observational_validation
1980,平谷,GB2003_1980_02,GB2014_1980_09,gb2003.pdf,gb2014.pdf,9.0,9.387,0.387,0.9,False,agreement_is_not_independent_observational_validation
1980,平谷,GB2003_1980_02,GB2015_1980_09,gb2003.pdf,gb2015.pdf,9.0,9.37,0.37,0.93,False,agreement_is_not_independent_observational_validation
1980,平谷,GB2003_1980_02,GB2016_1980_09,gb2003.pdf,gb2016.pdf,9.0,9.048,0.048,0.84,False,agreement_is_not_independent_observational_validation
1980,平谷,GB2003_1980_02,GB2017_1980_09,gb2003.pdf,gb2017.pdf,9.0,9.092,0.092,0.81,False,agreement_is_not_independent_observational_validation
1980,平谷,GB2003_1980_02,GB2018_1980_09,gb2003.pdf,gb2018.pdf,9.0,9.205,0.205,0.75,False,agreement_is_not_independent_observational_validation
1980,平谷,GB2003_1980_02,GB2019_1980_09,gb2003.pdf,gb2019.pdf,9.0,9.5,0.5,1.22,False,agreement_is_not_independent_observational_validation
1980,平谷,GB2003_1980_02,GB2020_1980_09,gb2003.pdf,gb2020.pdf,9.0,9.228,0.228,0.65,False,agreement_is_not_independent_observational_validation
1980,平谷,GB2003_1980_02,GB2021_1980_09,gb2003.pdf,gb2021.pdf,9.0,9.224,0.224,0.82,False,agreement_is_not_independent_observational_validation
1980,平谷,GB2003_1980_02,GB2022_1980_09,gb2003.pdf,gb2022.pdf,9.0,9.153,0.153,1.02,False,agreement_is_not_independent_observational_validation
1980,平谷,GB2003_1980_02,GB2023_1980_08,gb2003.pdf,gb2023.pdf,9.0,9.321,0.321,0.87,False,agreement_is_not_independent_observational_validation
1980,平谷,GB2003_1980_02,GB2024_1980_08,gb2003.pdf,gb2024.pdf,9.0,9.246,0.246,0.73,False,agreement_is_not_independent_observational_validation
1980,平谷,GB2003_1980_02,GB2025_1980_09,gb2003.pdf,gb2025.pdf,9.0,9.118,0.118,0.75,False,agreement_is_not_independent_observational_validation
1980,平谷,GB2004_1980_09,GB2006_1980_09,gb2004.pdf,gb2006.pdf,9.455,10.182,0.727,1.2,False,agreement_is_not_independent_observational_validation
1980,平谷,GB2004_1980_09,GB2007_1980_09,gb2004.pdf,gb2007.pdf,9.455,9.386,0.069,1.2,False,agreement_is_not_independent_observational_validation
1980,平谷,GB2004_1980_09,GB2008_1980_09,gb2004.pdf,gb2008.pdf,9.455,9.543,0.088,0.9,False,agreement_is_not_independent_observational_validation
1980,平谷,GB2004_1980_09,GB2009_1980_09,gb2004.pdf,gb2009.pdf,9.455,9.273,0.182,0.9,False,agreement_is_not_independent_observational_validation
1980,平谷,GB2004_1980_09,GB2010_1980_09,gb2004.pdf,gb2010.pdf,9.455,9.366,0.089,0.9,False,agreement_is_not_independent_observational_validation
1980,平谷,GB2004_1980_09,GB2012_1980_09,gb2004.pdf,gb2012.pdf,9.455,9.174,0.281,0.9,False,agreement_is_not_independent_observational_validation
1980,平谷,GB2004_1980_09,GB2013_1980_09,gb2004.pdf,gb2013.pdf,9.455,9.332,0.123,1.08,False,agreement_is_not_independent_observational_validation
1980,平谷,GB2004_1980_09,GB2014_1980_09,gb2004.pdf,gb2014.pdf,9.455,9.387,0.068,0.9,False,agreement_is_not_independent_observational_validation
1980,平谷,GB2004_1980_09,GB2015_1980_09,gb2004.pdf,gb2015.pdf,9.455,9.37,0.085,0.93,False,agreement_is_not_independent_observational_validation
1980,平谷,GB2004_1980_09,GB2016_1980_09,gb2004.pdf,gb2016.pdf,9.455,9.048,0.407,0.84,False,agreement_is_not_independent_observational_validation
1980,平谷,GB2004_1980_09,GB2017_1980_09,gb2004.pdf,gb2017.pdf,9.455,9.092,0.363,0.81,False,agreement_is_not_independent_observational_validation
1980,平谷,GB2004_1980_09,GB2018_1980_09,gb2004.pdf,gb2018.pdf,9.455,9.205,0.25,0.75,False,agreement_is_not_independent_observational_validation
1980,平谷,GB2004_1980_09,GB2019_1980_09,gb2004.pdf,gb2019.pdf,9.455,9.5,0.045,1.22,False,agreement_is_not_independent_observational_validation
1980,平谷,GB2004_1980_09,GB2020_1980_09,gb2004.pdf,gb2020.pdf,9.455,9.228,0.227,0.65,False,agreement_is_not_independent_observational_validation
1980,平谷,GB2004_1980_09,GB2021_1980_09,gb2004.pdf,gb2021.pdf,9.455,9.224,0.231,0.82,False,agreement_is_not_independent_observational_validation
1980,平谷,GB2004_1980_09,GB2022_1980_09,gb2004.pdf,gb2022.pdf,9.455,9.153,0.302,1.02,False,agreement_is_not_independent_observational_validation
1980,平谷,GB2004_1980_09,GB2023_1980_08,gb2004.pdf,gb2023.pdf,9.455,9.321,0.134,0.87,False,agreement_is_not_independent_observational_validation
1980,平谷,GB2004_1980_09,GB2024_1980_08,gb2004.pdf,gb2024.pdf,9.455,9.246,0.209,0.73,False,agreement_is_not_independent_observational_validation
1980,平谷,GB2004_1980_09,GB2025_1980_09,gb2004.pdf,gb2025.pdf,9.455,9.118,0.337,0.75,False,agreement_is_not_independent_observational_validation
1980,平谷,GB2006_1980_09,GB2007_1980_09,gb2006.pdf,gb2007.pdf,10.182,9.386,0.796,1.2,False,agreement_is_not_independent_observational_validation
1980,平谷,GB2006_1980_09,GB2008_1980_09,gb2006.pdf,gb2008.pdf,10.182,9.543,0.639,0.9,False,agreement_is_not_independent_observational_validation
1980,平谷,GB2006_1980_09,GB2009_1980_09,gb2006.pdf,gb2009.pdf,10.182,9.273,0.909,0.9,True,agreement_is_not_independent_observational_validation
1980,平谷,GB2006_1980_09,GB2010_1980_09,gb2006.pdf,gb2010.pdf,10.182,9.366,0.816,0.9,False,agreement_is_not_independent_observational_validation
1980,平谷,GB2006_1980_09,GB2012_1980_09,gb2006.pdf,gb2012.pdf,10.182,9.174,1.008,0.9,True,agreement_is_not_independent_observational_validation
1980,平谷,GB2006_1980_09,GB2013_1980_09,gb2006.pdf,gb2013.pdf,10.182,9.332,0.85,1.08,False,agreement_is_not_independent_observational_validation
1980,平谷,GB2006_1980_09,GB2014_1980_09,gb2006.pdf,gb2014.pdf,10.182,9.387,0.795,0.9,False,agreement_is_not_independent_observational_validation
1980,平谷,GB2006_1980_09,GB2015_1980_09,gb2006.pdf,gb2015.pdf,10.182,9.37,0.812,0.93,False,agreement_is_not_independent_observational_validation
1980,平谷,GB2006_1980_09,GB2016_1980_09,gb2006.pdf,gb2016.pdf,10.182,9.048,1.134,0.84,True,agreement_is_not_independent_observational_validation
1980,平谷,GB2006_1980_09,GB2017_1980_09,gb2006.pdf,gb2017.pdf,10.182,9.092,1.09,0.81,True,agreement_is_not_independent_observational_validation
1980,平谷,GB2006_1980_09,GB2018_1980_09,gb2006.pdf,gb2018.pdf,10.182,9.205,0.977,0.75,True,agreement_is_not_independent_observational_validation
1980,平谷,GB2006_1980_09,GB2019_1980_09,gb2006.pdf,gb2019.pdf,10.182,9.5,0.682,1.22,False,agreement_is_not_independent_observational_validation
1980,平谷,GB2006_1980_09,GB2020_1980_09,gb2006.pdf,gb2020.pdf,10.182,9.228,0.954,0.65,True,agreement_is_not_independent_observational_validation
1980,平谷,GB2006_1980_09,GB2021_1980_09,gb2006.pdf,gb2021.pdf,10.182,9.224,0.958,0.82,True,agreement_is_not_independent_observational_validation
1980,平谷,GB2006_1980_09,GB2022_1980_09,gb2006.pdf,gb2022.pdf,10.182,9.153,1.029,1.02,True,agreement_is_not_independent_observational_validation
1980,平谷,GB2006_1980_09,GB2023_1980_08,gb2006.pdf,gb2023.pdf,10.182,9.321,0.861,0.87,False,agreement_is_not_independent_observational_validation
1980,平谷,GB2006_1980_09,GB2024_1980_08,gb2006.pdf,gb2024.pdf,10.182,9.246,0.936,0.73,True,agreement_is_not_independent_observational_validation
1980,平谷,GB2006_1980_09,GB2025_1980_09,gb2006.pdf,gb2025.pdf,10.182,9.118,1.064,0.75,True,agreement_is_not_independent_observational_validation
1980,平谷,GB2007_1980_09,GB2008_1980_09,gb2007.pdf,gb2008.pdf,9.386,9.543,0.157,0.9,False,agreement_is_not_independent_observational_validation
1980,平谷,GB2007_1980_09,GB2009_1980_09,gb2007.pdf,gb2009.pdf,9.386,9.273,0.113,0.9,False,agreement_is_not_independent_observational_validation
1980,平谷,GB2007_1980_09,GB2010_1980_09,gb2007.pdf,gb2010.pdf,9.386,9.366,0.02,0.9,False,agreement_is_not_independent_observational_validation
1980,平谷,GB2007_1980_09,GB2012_1980_09,gb2007.pdf,gb2012.pdf,9.386,9.174,0.212,0.9,False,agreement_is_not_independent_observational_validation
1980,平谷,GB2007_1980_09,GB2013_1980_09,gb2007.pdf,gb2013.pdf,9.386,9.332,0.054,1.08,False,agreement_is_not_independent_observational_validation
1980,平谷,GB2007_1980_09,GB2014_1980_09,gb2007.pdf,gb2014.pdf,9.386,9.387,0.001,0.9,False,agreement_is_not_independent_observational_validation
1980,平谷,GB2007_1980_09,GB2015_1980_09,gb2007.pdf,gb2015.pdf,9.386,9.37,0.016,0.93,False,agreement_is_not_independent_observational_validation
1980,平谷,GB2007_1980_09,GB2016_1980_09,gb2007.pdf,gb2016.pdf,9.386,9.048,0.338,0.84,False,agreement_is_not_independent_observational_validation
1980,平谷,GB2007_1980_09,GB2017_1980_09,gb2007.pdf,gb2017.pdf,9.386,9.092,0.294,0.81,False,agreement_is_not_independent_observational_validation
1980,平谷,GB2007_1980_09,GB2018_1980_09,gb2007.pdf,gb2018.pdf,9.386,9.205,0.181,0.75,False,agreement_is_not_independent_observational_validation
1980,平谷,GB2007_1980_09,GB2019_1980_09,gb2007.pdf,gb2019.pdf,9.386,9.5,0.114,1.22,False,agreement_is_not_independent_observational_validation
1980,平谷,GB2007_1980_09,GB2020_1980_09,gb2007.pdf,gb2020.pdf,9.386,9.228,0.158,0.65,False,agreement_is_not_independent_observational_validation
1980,平谷,GB2007_1980_09,GB2021_1980_09,gb2007.pdf,gb2021.pdf,9.386,9.224,0.162,0.82,False,agreement_is_not_independent_observational_validation
1980,平谷,GB2007_1980_09,GB2022_1980_09,gb2007.pdf,gb2022.pdf,9.386,9.153,0.233,1.02,False,agreement_is_not_independent_observational_validation
1980,平谷,GB2007_1980_09,GB2023_1980_08,gb2007.pdf,gb2023.pdf,9.386,9.321,0.065,0.87,False,agreement_is_not_independent_observational_validation
1980,平谷,GB2007_1980_09,GB2024_1980_08,gb2007.pdf,gb2024.pdf,9.386,9.246,0.14,0.73,False,agreement_is_not_independent_observational_validation
1980,平谷,GB2007_1980_09,GB2025_1980_09,gb2007.pdf,gb2025.pdf,9.386,9.118,0.268,0.75,False,agreement_is_not_independent_observational_validation
1980,平谷,GB2008_1980_09,GB2009_1980_09,gb2008.pdf,gb2009.pdf,9.543,9.273,0.27,0.6,False,agreement_is_not_independent_observational_validation
1980,平谷,GB2008_1980_09,GB2010_1980_09,gb2008.pdf,gb2010.pdf,9.543,9.366,0.177,0.6,False,agreement_is_not_independent_observational_validation
1980,平谷,GB2008_1980_09,GB2012_1980_09,gb2008.pdf,gb2012.pdf,9.543,9.174,0.369,0.6,False,agreement_is_not_independent_observational_validation
1980,平谷,GB2008_1980_09,GB2013_1980_09,gb2008.pdf,gb2013.pdf,9.543,9.332,0.211,0.78,False,agreement_is_not_independent_observational_validation
1980,平谷,GB2008_1980_09,GB2014_1980_09,gb2008.pdf,gb2014.pdf,9.543,9.387,0.156,0.6,False,agreement_is_not_independent_observational_validation
1980,平谷,GB2008_1980_09,GB2015_1980_09,gb2008.pdf,gb2015.pdf,9.543,9.37,0.173,0.63,False,agreement_is_not_independent_observational_validation
1980,平谷,GB2008_1980_09,GB2016_1980_09,gb2008.pdf,gb2016.pdf,9.543,9.048,0.495,0.54,False,agreement_is_not_independent_observational_validation
1980,平谷,GB2008_1980_09,GB2017_1980_09,gb2008.pdf,gb2017.pdf,9.543,9.092,0.451,0.51,False,agreement_is_not_independent_observational_validation
1980,平谷,GB2008_1980_09,GB2018_1980_09,gb2008.pdf,gb2018.pdf,9.543,9.205,0.338,0.5,False,agreement_is_not_independent_observational_validation
1980,平谷,GB2008_1980_09,GB2019_1980_09,gb2008.pdf,gb2019.pdf,9.543,9.5,0.043,0.92,False,agreement_is_not_independent_observational_validation
1980,平谷,GB2008_1980_09,GB2020_1980_09,gb2008.pdf,gb2020.pdf,9.543,9.228,0.315,0.5,False,agreement_is_not_independent_observational_validation
1980,平谷,GB2008_1980_09,GB2021_1980_09,gb2008.pdf,gb2021.pdf,9.543,9.224,0.319,0.52,False,agreement_is_not_independent_observational_validation
1980,平谷,GB2008_1980_09,GB2022_1980_09,gb2008.pdf,gb2022.pdf,9.543,9.153,0.39,0.72,False,agreement_is_not_independent_observational_validation
1980,平谷,GB2008_1980_09,GB2023_1980_08,gb2008.pdf,gb2023.pdf,9.543,9.321,0.222,0.57,False,agreement_is_not_independent_observational_validation
1980,平谷,GB2008_1980_09,GB2024_1980_08,gb2008.pdf,gb2024.pdf,9.543,9.246,0.297,0.5,False,agreement_is_not_independent_observational_validation
1980,平谷,GB2008_1980_09,GB2025_1980_09,gb2008.pdf,gb2025.pdf,9.543,9.118,0.425,0.5,False,agreement_is_not_independent_observational_validation
1980,平谷,GB2009_1980_09,GB2010_1980_09,gb2009.pdf,gb2010.pdf,9.273,9.366,0.093,0.6,False,agreement_is_not_independent_observational_validation
1980,平谷,GB2009_1980_09,GB2012_1980_09,gb2009.pdf,gb2012.pdf,9.273,9.174,0.099,0.6,False,agreement_is_not_independent_observational_validation
1980,平谷,GB2009_1980_09,GB2013_1980_09,gb2009.pdf,gb2013.pdf,9.273,9.332,0.059,0.78,False,agreement_is_not_independent_observational_validation
1980,平谷,GB2009_1980_09,GB2014_1980_09,gb2009.pdf,gb2014.pdf,9.273,9.387,0.114,0.6,False,agreement_is_not_independent_observational_validation
1980,平谷,GB2009_1980_09,GB2015_1980_09,gb2009.pdf,gb2015.pdf,9.273,9.37,0.097,0.63,False,agreement_is_not_independent_observational_validation
1980,平谷,GB2009_1980_09,GB2016_1980_09,gb2009.pdf,gb2016.pdf,9.273,9.048,0.225,0.54,False,agreement_is_not_independent_observational_validation
1980,平谷,GB2009_1980_09,GB2017_1980_09,gb2009.pdf,gb2017.pdf,9.273,9.092,0.181,0.51,False,agreement_is_not_independent_observational_validation
1980,平谷,GB2009_1980_09,GB2018_1980_09,gb2009.pdf,gb2018.pdf,9.273,9.205,0.068,0.5,False,agreement_is_not_independent_observational_validation
1980,平谷,GB2009_1980_09,GB2019_1980_09,gb2009.pdf,gb2019.pdf,9.273,9.5,0.227,0.92,False,agreement_is_not_independent_observational_validation
1980,平谷,GB2009_1980_09,GB2020_1980_09,gb2009.pdf,gb2020.pdf,9.273,9.228,0.045,0.5,False,agreement_is_not_independent_observational_validation
1980,平谷,GB2009_1980_09,GB2021_1980_09,gb2009.pdf,gb2021.pdf,9.273,9.224,0.049,0.52,False,agreement_is_not_independent_observational_validation
1980,平谷,GB2009_1980_09,GB2022_1980_09,gb2009.pdf,gb2022.pdf,9.273,9.153,0.12,0.72,False,agreement_is_not_independent_observational_validation
1980,平谷,GB2009_1980_09,GB2023_1980_08,gb2009.pdf,gb2023.pdf,9.273,9.321,0.048,0.57,False,agreement_is_not_independent_observational_validation
1980,平谷,GB2009_1980_09,GB2024_1980_08,gb2009.pdf,gb2024.pdf,9.273,9.246,0.027,0.5,False,agreement_is_not_independent_observational_validation
1980,平谷,GB2009_1980_09,GB2025_1980_09,gb2009.pdf,gb2025.pdf,9.273,9.118,0.155,0.5,False,agreement_is_not_independent_observational_validation
1980,平谷,GB2010_1980_09,GB2012_1980_09,gb2010.pdf,gb2012.pdf,9.366,9.174,0.192,0.6,False,agreement_is_not_independent_observational_validation
1980,平谷,GB2010_1980_09,GB2013_1980_09,gb2010.pdf,gb2013.pdf,9.366,9.332,0.034,0.78,False,agreement_is_not_independent_observational_validation
1980,平谷,GB2010_1980_09,GB2014_1980_09,gb2010.pdf,gb2014.pdf,9.366,9.387,0.021,0.6,False,agreement_is_not_independent_observational_validation
1980,平谷,GB2010_1980_09,GB2015_1980_09,gb2010.pdf,gb2015.pdf,9.366,9.37,0.004,0.63,False,agreement_is_not_independent_observational_validation
1980,平谷,GB2010_1980_09,GB2016_1980_09,gb2010.pdf,gb2016.pdf,9.366,9.048,0.318,0.54,False,agreement_is_not_independent_observational_validation
1980,平谷,GB2010_1980_09,GB2017_1980_09,gb2010.pdf,gb2017.pdf,9.366,9.092,0.274,0.51,False,agreement_is_not_independent_observational_validation
1980,平谷,GB2010_1980_09,GB2018_1980_09,gb2010.pdf,gb2018.pdf,9.366,9.205,0.161,0.5,False,agreement_is_not_independent_observational_validation
1980,平谷,GB2010_1980_09,GB2019_1980_09,gb2010.pdf,gb2019.pdf,9.366,9.5,0.134,0.92,False,agreement_is_not_independent_observational_validation
1980,平谷,GB2010_1980_09,GB2020_1980_09,gb2010.pdf,gb2020.pdf,9.366,9.228,0.138,0.5,False,agreement_is_not_independent_observational_validation
1980,平谷,GB2010_1980_09,GB2021_1980_09,gb2010.pdf,gb2021.pdf,9.366,9.224,0.142,0.52,False,agreement_is_not_independent_observational_validation
1980,平谷,GB2010_1980_09,GB2022_1980_09,gb2010.pdf,gb2022.pdf,9.366,9.153,0.213,0.72,False,agreement_is_not_independent_observational_validation
1980,平谷,GB2010_1980_09,GB2023_1980_08,gb2010.pdf,gb2023.pdf,9.366,9.321,0.045,0.57,False,agreement_is_not_independent_observational_validation
1980,平谷,GB2010_1980_09,GB2024_1980_08,gb2010.pdf,gb2024.pdf,9.366,9.246,0.12,0.5,False,agreement_is_not_independent_observational_validation
1980,平谷,GB2010_1980_09,GB2025_1980_09,gb2010.pdf,gb2025.pdf,9.366,9.118,0.248,0.5,False,agreement_is_not_independent_observational_validation
1980,平谷,GB2012_1980_09,GB2013_1980_09,gb2012.pdf,gb2013.pdf,9.174,9.332,0.158,0.78,False,agreement_is_not_independent_observational_validation
1980,平谷,GB2012_1980_09,GB2014_1980_09,gb2012.pdf,gb2014.pdf,9.174,9.387,0.213,0.6,False,agreement_is_not_independent_observational_validation
1980,平谷,GB2012_1980_09,GB2015_1980_09,gb2012.pdf,gb2015.pdf,9.174,9.37,0.196,0.63,False,agreement_is_not_independent_observational_validation
1980,平谷,GB2012_1980_09,GB2016_1980_09,gb2012.pdf,gb2016.pdf,9.174,9.048,0.126,0.54,False,agreement_is_not_independent_observational_validation
1980,平谷,GB2012_1980_09,GB2017_1980_09,gb2012.pdf,gb2017.pdf,9.174,9.092,0.082,0.51,False,agreement_is_not_independent_observational_validation
1980,平谷,GB2012_1980_09,GB2018_1980_09,gb2012.pdf,gb2018.pdf,9.174,9.205,0.031,0.5,False,agreement_is_not_independent_observational_validation
1980,平谷,GB2012_1980_09,GB2019_1980_09,gb2012.pdf,gb2019.pdf,9.174,9.5,0.326,0.92,False,agreement_is_not_independent_observational_validation
1980,平谷,GB2012_1980_09,GB2020_1980_09,gb2012.pdf,gb2020.pdf,9.174,9.228,0.054,0.5,False,agreement_is_not_independent_observational_validation
1980,平谷,GB2012_1980_09,GB2021_1980_09,gb2012.pdf,gb2021.pdf,9.174,9.224,0.05,0.52,False,agreement_is_not_independent_observational_validation
1980,平谷,GB2012_1980_09,GB2022_1980_09,gb2012.pdf,gb2022.pdf,9.174,9.153,0.021,0.72,False,agreement_is_not_independent_observational_validation
1980,平谷,GB2012_1980_09,GB2023_1980_08,gb2012.pdf,gb2023.pdf,9.174,9.321,0.147,0.57,False,agreement_is_not_independent_observational_validation
1980,平谷,GB2012_1980_09,GB2024_1980_08,gb2012.pdf,gb2024.pdf,9.174,9.246,0.072,0.5,False,agreement_is_not_independent_observational_validation
1980,平谷,GB2012_1980_09,GB2025_1980_09,gb2012.pdf,gb2025.pdf,9.174,9.118,0.056,0.5,False,agreement_is_not_independent_observational_validation
1980,平谷,GB2013_1980_09,GB2014_1980_09,gb2013.pdf,gb2014.pdf,9.332,9.387,0.055,0.78,False,agreement_is_not_independent_observational_validation
1980,平谷,GB2013_1980_09,GB2015_1980_09,gb2013.pdf,gb2015.pdf,9.332,9.37,0.038,0.81,False,agreement_is_not_independent_observational_validation
1980,平谷,GB2013_1980_09,GB2016_1980_09,gb2013.pdf,gb2016.pdf,9.332,9.048,0.284,0.72,False,agreement_is_not_independent_observational_validation
1980,平谷,GB2013_1980_09,GB2017_1980_09,gb2013.pdf,gb2017.pdf,9.332,9.092,0.24,0.69,False,agreement_is_not_independent_observational_validation
1980,平谷,GB2013_1980_09,GB2018_1980_09,gb2013.pdf,gb2018.pdf,9.332,9.205,0.127,0.63,False,agreement_is_not_independent_observational_validation
1980,平谷,GB2013_1980_09,GB2019_1980_09,gb2013.pdf,gb2019.pdf,9.332,9.5,0.168,1.1,False,agreement_is_not_independent_observational_validation
1980,平谷,GB2013_1980_09,GB2020_1980_09,gb2013.pdf,gb2020.pdf,9.332,9.228,0.104,0.53,False,agreement_is_not_independent_observational_validation
1980,平谷,GB2013_1980_09,GB2021_1980_09,gb2013.pdf,gb2021.pdf,9.332,9.224,0.108,0.7,False,agreement_is_not_independent_observational_validation
1980,平谷,GB2013_1980_09,GB2022_1980_09,gb2013.pdf,gb2022.pdf,9.332,9.153,0.179,0.9,False,agreement_is_not_independent_observational_validation
1980,平谷,GB2013_1980_09,GB2023_1980_08,gb2013.pdf,gb2023.pdf,9.332,9.321,0.011,0.75,False,agreement_is_not_independent_observational_validation
1980,平谷,GB2013_1980_09,GB2024_1980_08,gb2013.pdf,gb2024.pdf,9.332,9.246,0.086,0.61,False,agreement_is_not_independent_observational_validation
1980,平谷,GB2013_1980_09,GB2025_1980_09,gb2013.pdf,gb2025.pdf,9.332,9.118,0.214,0.63,False,agreement_is_not_independent_observational_validation
1980,平谷,GB2014_1980_09,GB2015_1980_09,gb2014.pdf,gb2015.pdf,9.387,9.37,0.017,0.63,False,agreement_is_not_independent_observational_validation
1980,平谷,GB2014_1980_09,GB2016_1980_09,gb2014.pdf,gb2016.pdf,9.387,9.048,0.339,0.54,False,agreement_is_not_independent_observational_validation
1980,平谷,GB2014_1980_09,GB2017_1980_09,gb2014.pdf,gb2017.pdf,9.387,9.092,0.295,0.51,False,agreement_is_not_independent_observational_validation
1980,平谷,GB2014_1980_09,GB2018_1980_09,gb2014.pdf,gb2018.pdf,9.387,9.205,0.182,0.5,False,agreement_is_not_independent_observational_validation
1980,平谷,GB2014_1980_09,GB2019_1980_09,gb2014.pdf,gb2019.pdf,9.387,9.5,0.113,0.92,False,agreement_is_not_independent_observational_validation
1980,平谷,GB2014_1980_09,GB2020_1980_09,gb2014.pdf,gb2020.pdf,9.387,9.228,0.159,0.5,False,agreement_is_not_independent_observational_validation
1980,平谷,GB2014_1980_09,GB2021_1980_09,gb2014.pdf,gb2021.pdf,9.387,9.224,0.163,0.52,False,agreement_is_not_independent_observational_validation
1980,平谷,GB2014_1980_09,GB2022_1980_09,gb2014.pdf,gb2022.pdf,9.387,9.153,0.234,0.72,False,agreement_is_not_independent_observational_validation
1980,平谷,GB2014_1980_09,GB2023_1980_08,gb2014.pdf,gb2023.pdf,9.387,9.321,0.066,0.57,False,agreement_is_not_independent_observational_validation
1980,平谷,GB2014_1980_09,GB2024_1980_08,gb2014.pdf,gb2024.pdf,9.387,9.246,0.141,0.5,False,agreement_is_not_independent_observational_validation
1980,平谷,GB2014_1980_09,GB2025_1980_09,gb2014.pdf,gb2025.pdf,9.387,9.118,0.269,0.5,False,agreement_is_not_independent_observational_validation
1980,平谷,GB2015_1980_09,GB2016_1980_09,gb2015.pdf,gb2016.pdf,9.37,9.048,0.322,0.57,False,agreement_is_not_independent_observational_validation
1980,平谷,GB2015_1980_09,GB2017_1980_09,gb2015.pdf,gb2017.pdf,9.37,9.092,0.278,0.54,False,agreement_is_not_independent_observational_validation
1980,平谷,GB2015_1980_09,GB2018_1980_09,gb2015.pdf,gb2018.pdf,9.37,9.205,0.165,0.5,False,agreement_is_not_independent_observational_validation
1980,平谷,GB2015_1980_09,GB2019_1980_09,gb2015.pdf,gb2019.pdf,9.37,9.5,0.13,0.95,False,agreement_is_not_independent_observational_validation
1980,平谷,GB2015_1980_09,GB2020_1980_09,gb2015.pdf,gb2020.pdf,9.37,9.228,0.142,0.5,False,agreement_is_not_independent_observational_validation
1980,平谷,GB2015_1980_09,GB2021_1980_09,gb2015.pdf,gb2021.pdf,9.37,9.224,0.146,0.55,False,agreement_is_not_independent_observational_validation
1980,平谷,GB2015_1980_09,GB2022_1980_09,gb2015.pdf,gb2022.pdf,9.37,9.153,0.217,0.75,False,agreement_is_not_independent_observational_validation
1980,平谷,GB2015_1980_09,GB2023_1980_08,gb2015.pdf,gb2023.pdf,9.37,9.321,0.049,0.6,False,agreement_is_not_independent_observational_validation
1980,平谷,GB2015_1980_09,GB2024_1980_08,gb2015.pdf,gb2024.pdf,9.37,9.246,0.124,0.5,False,agreement_is_not_independent_observational_validation
1980,平谷,GB2015_1980_09,GB2025_1980_09,gb2015.pdf,gb2025.pdf,9.37,9.118,0.252,0.5,False,agreement_is_not_independent_observational_validation
1980,平谷,GB2016_1980_09,GB2017_1980_09,gb2016.pdf,gb2017.pdf,9.048,9.092,0.044,0.5,False,agreement_is_not_independent_observational_validation
1980,平谷,GB2016_1980_09,GB2018_1980_09,gb2016.pdf,gb2018.pdf,9.048,9.205,0.157,0.5,False,agreement_is_not_independent_observational_validation
1980,平谷,GB2016_1980_09,GB2019_1980_09,gb2016.pdf,gb2019.pdf,9.048,9.5,0.452,0.86,False,agreement_is_not_independent_observational_validation
1980,平谷,GB2016_1980_09,GB2020_1980_09,gb2016.pdf,gb2020.pdf,9.048,9.228,0.18,0.5,False,agreement_is_not_independent_observational_validation
1980,平谷,GB2016_1980_09,GB2021_1980_09,gb2016.pdf,gb2021.pdf,9.048,9.224,0.176,0.5,False,agreement_is_not_independent_observational_validation
1980,平谷,GB2016_1980_09,GB2022_1980_09,gb2016.pdf,gb2022.pdf,9.048,9.153,0.105,0.66,False,agreement_is_not_independent_observational_validation
1980,平谷,GB2016_1980_09,GB2023_1980_08,gb2016.pdf,gb2023.pdf,9.048,9.321,0.273,0.51,False,agreement_is_not_independent_observational_validation
1980,平谷,GB2016_1980_09,GB2024_1980_08,gb2016.pdf,gb2024.pdf,9.048,9.246,0.198,0.5,False,agreement_is_not_independent_observational_validation
1980,平谷,GB2016_1980_09,GB2025_1980_09,gb2016.pdf,gb2025.pdf,9.048,9.118,0.07,0.5,False,agreement_is_not_independent_observational_validation
1980,平谷,GB2017_1980_09,GB2018_1980_09,gb2017.pdf,gb2018.pdf,9.092,9.205,0.113,0.5,False,agreement_is_not_independent_observational_validation
1980,平谷,GB2017_1980_09,GB2019_1980_09,gb2017.pdf,gb2019.pdf,9.092,9.5,0.408,0.83,False,agreement_is_not_independent_observational_validation
1980,平谷,GB2017_1980_09,GB2020_1980_09,gb2017.pdf,gb2020.pdf,9.092,9.228,0.136,0.5,False,agreement_is_not_independent_observational_validation
1980,平谷,GB2017_1980_09,GB2021_1980_09,gb2017.pdf,gb2021.pdf,9.092,9.224,0.132,0.5,False,agreement_is_not_independent_observational_validation
1980,平谷,GB2017_1980_09,GB2022_1980_09,gb2017.pdf,gb2022.pdf,9.092,9.153,0.061,0.63,False,agreement_is_not_independent_observational_validation
1980,平谷,GB2017_1980_09,GB2023_1980_08,gb2017.pdf,gb2023.pdf,9.092,9.321,0.229,0.5,False,agreement_is_not_independent_observational_validation
1980,平谷,GB2017_1980_09,GB2024_1980_08,gb2017.pdf,gb2024.pdf,9.092,9.246,0.154,0.5,False,agreement_is_not_independent_observational_validation
1980,平谷,GB2017_1980_09,GB2025_1980_09,gb2017.pdf,gb2025.pdf,9.092,9.118,0.026,0.5,False,agreement_is_not_independent_observational_validation
1980,平谷,GB2018_1980_09,GB2019_1980_09,gb2018.pdf,gb2019.pdf,9.205,9.5,0.295,0.77,False,agreement_is_not_independent_observational_validation
1980,平谷,GB2018_1980_09,GB2020_1980_09,gb2018.pdf,gb2020.pdf,9.205,9.228,0.023,0.5,False,agreement_is_not_independent_observational_validation
1980,平谷,GB2018_1980_09,GB2021_1980_09,gb2018.pdf,gb2021.pdf,9.205,9.224,0.019,0.5,False,agreement_is_not_independent_observational_validation
1980,平谷,GB2018_1980_09,GB2022_1980_09,gb2018.pdf,gb2022.pdf,9.205,9.153,0.052,0.57,False,agreement_is_not_independent_observational_validation
1980,平谷,GB2018_1980_09,GB2023_1980_08,gb2018.pdf,gb2023.pdf,9.205,9.321,0.116,0.5,False,agreement_is_not_independent_observational_validation
1980,平谷,GB2018_1980_09,GB2024_1980_08,gb2018.pdf,gb2024.pdf,9.205,9.246,0.041,0.5,False,agreement_is_not_independent_observational_validation
1980,平谷,GB2018_1980_09,GB2025_1980_09,gb2018.pdf,gb2025.pdf,9.205,9.118,0.087,0.5,False,agreement_is_not_independent_observational_validation
1980,平谷,GB2019_1980_09,GB2020_1980_09,gb2019.pdf,gb2020.pdf,9.5,9.228,0.272,0.67,False,agreement_is_not_independent_observational_validation
1980,平谷,GB2019_1980_09,GB2021_1980_09,gb2019.pdf,gb2021.pdf,9.5,9.224,0.276,0.84,False,agreement_is_not_independent_observational_validation
1980,平谷,GB2019_1980_09,GB2022_1980_09,gb2019.pdf,gb2022.pdf,9.5,9.153,0.347,1.04,False,agreement_is_not_independent_observational_validation
1980,平谷,GB2019_1980_09,GB2023_1980_08,gb2019.pdf,gb2023.pdf,9.5,9.321,0.179,0.89,False,agreement_is_not_independent_observational_validation
1980,平谷,GB2019_1980_09,GB2024_1980_08,gb2019.pdf,gb2024.pdf,9.5,9.246,0.254,0.75,False,agreement_is_not_independent_observational_validation
1980,平谷,GB2019_1980_09,GB2025_1980_09,gb2019.pdf,gb2025.pdf,9.5,9.118,0.382,0.77,False,agreement_is_not_independent_observational_validation
1980,平谷,GB2020_1980_09,GB2021_1980_09,gb2020.pdf,gb2021.pdf,9.228,9.224,0.004,0.5,False,agreement_is_not_independent_observational_validation
1980,平谷,GB2020_1980_09,GB2022_1980_09,gb2020.pdf,gb2022.pdf,9.228,9.153,0.075,0.5,False,agreement_is_not_independent_observational_validation
1980,平谷,GB2020_1980_09,GB2023_1980_08,gb2020.pdf,gb2023.pdf,9.228,9.321,0.093,0.5,False,agreement_is_not_independent_observational_validation
1980,平谷,GB2020_1980_09,GB2024_1980_08,gb2020.pdf,gb2024.pdf,9.228,9.246,0.018,0.5,False,agreement_is_not_independent_observational_validation
1980,平谷,GB2020_1980_09,GB2025_1980_09,gb2020.pdf,gb2025.pdf,9.228,9.118,0.11,0.5,False,agreement_is_not_independent_observational_validation
1980,平谷,GB2021_1980_09,GB2022_1980_09,gb2021.pdf,gb2022.pdf,9.224,9.153,0.071,0.64,False,agreement_is_not_independent_observational_validation
1980,平谷,GB2021_1980_09,GB2023_1980_08,gb2021.pdf,gb2023.pdf,9.224,9.321,0.097,0.5,False,agreement_is_not_independent_observational_validation
1980,平谷,GB2021_1980_09,GB2024_1980_08,gb2021.pdf,gb2024.pdf,9.224,9.246,0.022,0.5,False,agreement_is_not_independent_observational_validation
1980,平谷,GB2021_1980_09,GB2025_1980_09,gb2021.pdf,gb2025.pdf,9.224,9.118,0.106,0.5,False,agreement_is_not_independent_observational_validation
1980,平谷,GB2022_1980_09,GB2023_1980_08,gb2022.pdf,gb2023.pdf,9.153,9.321,0.168,0.69,False,agreement_is_not_independent_observational_validation
1980,平谷,GB2022_1980_09,GB2024_1980_08,gb2022.pdf,gb2024.pdf,9.153,9.246,0.093,0.55,False,agreement_is_not_independent_observational_validation
1980,平谷,GB2022_1980_09,GB2025_1980_09,gb2022.pdf,gb2025.pdf,9.153,9.118,0.035,0.57,False,agreement_is_not_independent_observational_validation
1980,平谷,GB2023_1980_08,GB2024_1980_08,gb2023.pdf,gb2024.pdf,9.321,9.246,0.075,0.5,False,agreement_is_not_independent_observational_validation
1980,平谷,GB2023_1980_08,GB2025_1980_09,gb2023.pdf,gb2025.pdf,9.321,9.118,0.203,0.5,False,agreement_is_not_independent_observational_validation
1980,平谷,GB2024_1980_08,GB2025_1980_09,gb2024.pdf,gb2025.pdf,9.246,9.118,0.128,0.5,False,agreement_is_not_independent_observational_validation
1980,延庆,GB2001_1980_04,GB2002_1980_05,gb2001.pdf,gb2002.pdf,8.412,8.439,0.027,0.6,False,agreement_is_not_independent_observational_validation
1980,延庆,GB2001_1980_04,GB2003_1980_05,gb2001.pdf,gb2003.pdf,8.412,8.364,0.048,0.9,False,agreement_is_not_independent_observational_validation
1980,延庆,GB2001_1980_04,GB2004_1980_06,gb2001.pdf,gb2004.pdf,8.412,8.818,0.406,0.9,False,agreement_is_not_independent_observational_validation
1980,延庆,GB2001_1980_04,GB2006_1980_06,gb2001.pdf,gb2006.pdf,8.412,9.318,0.906,0.9,True,agreement_is_not_independent_observational_validation
1980,延庆,GB2001_1980_04,GB2007_1980_06,gb2001.pdf,gb2007.pdf,8.412,8.856,0.444,0.9,False,agreement_is_not_independent_observational_validation
1980,延庆,GB2001_1980_04,GB2008_1980_06,gb2001.pdf,gb2008.pdf,8.412,8.998,0.586,0.6,False,agreement_is_not_independent_observational_validation
1980,延庆,GB2001_1980_04,GB2009_1980_06,gb2001.pdf,gb2009.pdf,8.412,8.674,0.262,0.6,False,agreement_is_not_independent_observational_validation
1980,延庆,GB2001_1980_04,GB2010_1980_06,gb2001.pdf,gb2010.pdf,8.412,8.634,0.222,0.6,False,agreement_is_not_independent_observational_validation
1980,延庆,GB2001_1980_04,GB2012_1980_06,gb2001.pdf,gb2012.pdf,8.412,8.582,0.17,0.6,False,agreement_is_not_independent_observational_validation
1980,延庆,GB2001_1980_04,GB2013_1980_06,gb2001.pdf,gb2013.pdf,8.412,8.753,0.341,0.78,False,agreement_is_not_independent_observational_validation
1980,延庆,GB2001_1980_04,GB2014_1980_06,gb2001.pdf,gb2014.pdf,8.412,8.812,0.4,0.6,False,agreement_is_not_independent_observational_validation
1980,延庆,GB2001_1980_04,GB2015_1980_06,gb2001.pdf,gb2015.pdf,8.412,8.71,0.298,0.63,False,agreement_is_not_independent_observational_validation
1980,延庆,GB2001_1980_04,GB2016_1980_06,gb2001.pdf,gb2016.pdf,8.412,8.374,0.038,0.54,False,agreement_is_not_independent_observational_validation
1980,延庆,GB2001_1980_04,GB2017_1980_06,gb2001.pdf,gb2017.pdf,8.412,8.589,0.177,0.51,False,agreement_is_not_independent_observational_validation
1980,延庆,GB2001_1980_04,GB2018_1980_06,gb2001.pdf,gb2018.pdf,8.412,8.523,0.111,0.5,False,agreement_is_not_independent_observational_validation
1980,延庆,GB2001_1980_04,GB2019_1980_06,gb2001.pdf,gb2019.pdf,8.412,9.0,0.588,0.92,False,agreement_is_not_independent_observational_validation
1980,延庆,GB2001_1980_04,GB2020_1980_06,gb2001.pdf,gb2020.pdf,8.412,8.633,0.221,0.5,False,agreement_is_not_independent_observational_validation
1980,延庆,GB2001_1980_04,GB2021_1980_06,gb2001.pdf,gb2021.pdf,8.412,8.603,0.191,0.52,False,agreement_is_not_independent_observational_validation
1980,延庆,GB2001_1980_04,GB2022_1980_06,gb2001.pdf,gb2022.pdf,8.412,8.475,0.063,0.72,False,agreement_is_not_independent_observational_validation
1980,延庆,GB2001_1980_04,GB2023_1980_10,gb2001.pdf,gb2023.pdf,8.412,8.679,0.267,0.57,False,agreement_is_not_independent_observational_validation
1980,延庆,GB2001_1980_04,GB2024_1980_10,gb2001.pdf,gb2024.pdf,8.412,8.626,0.214,0.5,False,agreement_is_not_independent_observational_validation
1980,延庆,GB2001_1980_04,GB2025_1980_05,gb2001.pdf,gb2025.pdf,8.412,8.529,0.117,0.5,False,agreement_is_not_independent_observational_validation
1980,延庆,GB2002_1980_05,GB2003_1980_05,gb2002.pdf,gb2003.pdf,8.439,8.364,0.075,0.9,False,agreement_is_not_independent_observational_validation
1980,延庆,GB2002_1980_05,GB2004_1980_06,gb2002.pdf,gb2004.pdf,8.439,8.818,0.379,0.9,False,agreement_is_not_independent_observational_validation
1980,延庆,GB2002_1980_05,GB2006_1980_06,gb2002.pdf,gb2006.pdf,8.439,9.318,0.879,0.9,False,agreement_is_not_independent_observational_validation
1980,延庆,GB2002_1980_05,GB2007_1980_06,gb2002.pdf,gb2007.pdf,8.439,8.856,0.417,0.9,False,agreement_is_not_independent_observational_validation
1980,延庆,GB2002_1980_05,GB2008_1980_06,gb2002.pdf,gb2008.pdf,8.439,8.998,0.559,0.6,False,agreement_is_not_independent_observational_validation
1980,延庆,GB2002_1980_05,GB2009_1980_06,gb2002.pdf,gb2009.pdf,8.439,8.674,0.235,0.6,False,agreement_is_not_independent_observational_validation
1980,延庆,GB2002_1980_05,GB2010_1980_06,gb2002.pdf,gb2010.pdf,8.439,8.634,0.195,0.6,False,agreement_is_not_independent_observational_validation
1980,延庆,GB2002_1980_05,GB2012_1980_06,gb2002.pdf,gb2012.pdf,8.439,8.582,0.143,0.6,False,agreement_is_not_independent_observational_validation
1980,延庆,GB2002_1980_05,GB2013_1980_06,gb2002.pdf,gb2013.pdf,8.439,8.753,0.314,0.78,False,agreement_is_not_independent_observational_validation
1980,延庆,GB2002_1980_05,GB2014_1980_06,gb2002.pdf,gb2014.pdf,8.439,8.812,0.373,0.6,False,agreement_is_not_independent_observational_validation
1980,延庆,GB2002_1980_05,GB2015_1980_06,gb2002.pdf,gb2015.pdf,8.439,8.71,0.271,0.63,False,agreement_is_not_independent_observational_validation
1980,延庆,GB2002_1980_05,GB2016_1980_06,gb2002.pdf,gb2016.pdf,8.439,8.374,0.065,0.54,False,agreement_is_not_independent_observational_validation
1980,延庆,GB2002_1980_05,GB2017_1980_06,gb2002.pdf,gb2017.pdf,8.439,8.589,0.15,0.51,False,agreement_is_not_independent_observational_validation
1980,延庆,GB2002_1980_05,GB2018_1980_06,gb2002.pdf,gb2018.pdf,8.439,8.523,0.084,0.5,False,agreement_is_not_independent_observational_validation
1980,延庆,GB2002_1980_05,GB2019_1980_06,gb2002.pdf,gb2019.pdf,8.439,9.0,0.561,0.92,False,agreement_is_not_independent_observational_validation
1980,延庆,GB2002_1980_05,GB2020_1980_06,gb2002.pdf,gb2020.pdf,8.439,8.633,0.194,0.5,False,agreement_is_not_independent_observational_validation
1980,延庆,GB2002_1980_05,GB2021_1980_06,gb2002.pdf,gb2021.pdf,8.439,8.603,0.164,0.52,False,agreement_is_not_independent_observational_validation
1980,延庆,GB2002_1980_05,GB2022_1980_06,gb2002.pdf,gb2022.pdf,8.439,8.475,0.036,0.72,False,agreement_is_not_independent_observational_validation
1980,延庆,GB2002_1980_05,GB2023_1980_10,gb2002.pdf,gb2023.pdf,8.439,8.679,0.24,0.57,False,agreement_is_not_independent_observational_validation
1980,延庆,GB2002_1980_05,GB2024_1980_10,gb2002.pdf,gb2024.pdf,8.439,8.626,0.187,0.5,False,agreement_is_not_independent_observational_validation
1980,延庆,GB2002_1980_05,GB2025_1980_05,gb2002.pdf,gb2025.pdf,8.439,8.529,0.09,0.5,False,agreement_is_not_independent_observational_validation
1980,延庆,GB2003_1980_05,GB2004_1980_06,gb2003.pdf,gb2004.pdf,8.364,8.818,0.454,1.2,False,agreement_is_not_independent_observational_validation
1980,延庆,GB2003_1980_05,GB2006_1980_06,gb2003.pdf,gb2006.pdf,8.364,9.318,0.954,1.2,False,agreement_is_not_independent_observational_validation
1980,延庆,GB2003_1980_05,GB2007_1980_06,gb2003.pdf,gb2007.pdf,8.364,8.856,0.492,1.2,False,agreement_is_not_independent_observational_validation
1980,延庆,GB2003_1980_05,GB2008_1980_06,gb2003.pdf,gb2008.pdf,8.364,8.998,0.634,0.9,False,agreement_is_not_independent_observational_validation
1980,延庆,GB2003_1980_05,GB2009_1980_06,gb2003.pdf,gb2009.pdf,8.364,8.674,0.31,0.9,False,agreement_is_not_independent_observational_validation
1980,延庆,GB2003_1980_05,GB2010_1980_06,gb2003.pdf,gb2010.pdf,8.364,8.634,0.27,0.9,False,agreement_is_not_independent_observational_validation
1980,延庆,GB2003_1980_05,GB2012_1980_06,gb2003.pdf,gb2012.pdf,8.364,8.582,0.218,0.9,False,agreement_is_not_independent_observational_validation
1980,延庆,GB2003_1980_05,GB2013_1980_06,gb2003.pdf,gb2013.pdf,8.364,8.753,0.389,1.08,False,agreement_is_not_independent_observational_validation
1980,延庆,GB2003_1980_05,GB2014_1980_06,gb2003.pdf,gb2014.pdf,8.364,8.812,0.448,0.9,False,agreement_is_not_independent_observational_validation
1980,延庆,GB2003_1980_05,GB2015_1980_06,gb2003.pdf,gb2015.pdf,8.364,8.71,0.346,0.93,False,agreement_is_not_independent_observational_validation
1980,延庆,GB2003_1980_05,GB2016_1980_06,gb2003.pdf,gb2016.pdf,8.364,8.374,0.01,0.84,False,agreement_is_not_independent_observational_validation
1980,延庆,GB2003_1980_05,GB2017_1980_06,gb2003.pdf,gb2017.pdf,8.364,8.589,0.225,0.81,False,agreement_is_not_independent_observational_validation
1980,延庆,GB2003_1980_05,GB2018_1980_06,gb2003.pdf,gb2018.pdf,8.364,8.523,0.159,0.75,False,agreement_is_not_independent_observational_validation
1980,延庆,GB2003_1980_05,GB2019_1980_06,gb2003.pdf,gb2019.pdf,8.364,9.0,0.636,1.22,False,agreement_is_not_independent_observational_validation
1980,延庆,GB2003_1980_05,GB2020_1980_06,gb2003.pdf,gb2020.pdf,8.364,8.633,0.269,0.65,False,agreement_is_not_independent_observational_validation
1980,延庆,GB2003_1980_05,GB2021_1980_06,gb2003.pdf,gb2021.pdf,8.364,8.603,0.239,0.82,False,agreement_is_not_independent_observational_validation
1980,延庆,GB2003_1980_05,GB2022_1980_06,gb2003.pdf,gb2022.pdf,8.364,8.475,0.111,1.02,False,agreement_is_not_independent_observational_validation
1980,延庆,GB2003_1980_05,GB2023_1980_10,gb2003.pdf,gb2023.pdf,8.364,8.679,0.315,0.87,False,agreement_is_not_independent_observational_validation
1980,延庆,GB2003_1980_05,GB2024_1980_10,gb2003.pdf,gb2024.pdf,8.364,8.626,0.262,0.73,False,agreement_is_not_independent_observational_validation
1980,延庆,GB2003_1980_05,GB2025_1980_05,gb2003.pdf,gb2025.pdf,8.364,8.529,0.165,0.75,False,agreement_is_not_independent_observational_validation
1980,延庆,GB2004_1980_06,GB2006_1980_06,gb2004.pdf,gb2006.pdf,8.818,9.318,0.5,1.2,False,agreement_is_not_independent_observational_validation
1980,延庆,GB2004_1980_06,GB2007_1980_06,gb2004.pdf,gb2007.pdf,8.818,8.856,0.038,1.2,False,agreement_is_not_independent_observational_validation
1980,延庆,GB2004_1980_06,GB2008_1980_06,gb2004.pdf,gb2008.pdf,8.818,8.998,0.18,0.9,False,agreement_is_not_independent_observational_validation
1980,延庆,GB2004_1980_06,GB2009_1980_06,gb2004.pdf,gb2009.pdf,8.818,8.674,0.144,0.9,False,agreement_is_not_independent_observational_validation
1980,延庆,GB2004_1980_06,GB2010_1980_06,gb2004.pdf,gb2010.pdf,8.818,8.634,0.184,0.9,False,agreement_is_not_independent_observational_validation
1980,延庆,GB2004_1980_06,GB2012_1980_06,gb2004.pdf,gb2012.pdf,8.818,8.582,0.236,0.9,False,agreement_is_not_independent_observational_validation
1980,延庆,GB2004_1980_06,GB2013_1980_06,gb2004.pdf,gb2013.pdf,8.818,8.753,0.065,1.08,False,agreement_is_not_independent_observational_validation
1980,延庆,GB2004_1980_06,GB2014_1980_06,gb2004.pdf,gb2014.pdf,8.818,8.812,0.006,0.9,False,agreement_is_not_independent_observational_validation
1980,延庆,GB2004_1980_06,GB2015_1980_06,gb2004.pdf,gb2015.pdf,8.818,8.71,0.108,0.93,False,agreement_is_not_independent_observational_validation
1980,延庆,GB2004_1980_06,GB2016_1980_06,gb2004.pdf,gb2016.pdf,8.818,8.374,0.444,0.84,False,agreement_is_not_independent_observational_validation
1980,延庆,GB2004_1980_06,GB2017_1980_06,gb2004.pdf,gb2017.pdf,8.818,8.589,0.229,0.81,False,agreement_is_not_independent_observational_validation
1980,延庆,GB2004_1980_06,GB2018_1980_06,gb2004.pdf,gb2018.pdf,8.818,8.523,0.295,0.75,False,agreement_is_not_independent_observational_validation
1980,延庆,GB2004_1980_06,GB2019_1980_06,gb2004.pdf,gb2019.pdf,8.818,9.0,0.182,1.22,False,agreement_is_not_independent_observational_validation
1980,延庆,GB2004_1980_06,GB2020_1980_06,gb2004.pdf,gb2020.pdf,8.818,8.633,0.185,0.65,False,agreement_is_not_independent_observational_validation
1980,延庆,GB2004_1980_06,GB2021_1980_06,gb2004.pdf,gb2021.pdf,8.818,8.603,0.215,0.82,False,agreement_is_not_independent_observational_validation
1980,延庆,GB2004_1980_06,GB2022_1980_06,gb2004.pdf,gb2022.pdf,8.818,8.475,0.343,1.02,False,agreement_is_not_independent_observational_validation
1980,延庆,GB2004_1980_06,GB2023_1980_10,gb2004.pdf,gb2023.pdf,8.818,8.679,0.139,0.87,False,agreement_is_not_independent_observational_validation
1980,延庆,GB2004_1980_06,GB2024_1980_10,gb2004.pdf,gb2024.pdf,8.818,8.626,0.192,0.73,False,agreement_is_not_independent_observational_validation
1980,延庆,GB2004_1980_06,GB2025_1980_05,gb2004.pdf,gb2025.pdf,8.818,8.529,0.289,0.75,False,agreement_is_not_independent_observational_validation
1980,延庆,GB2006_1980_06,GB2007_1980_06,gb2006.pdf,gb2007.pdf,9.318,8.856,0.462,1.2,False,agreement_is_not_independent_observational_validation
1980,延庆,GB2006_1980_06,GB2008_1980_06,gb2006.pdf,gb2008.pdf,9.318,8.998,0.32,0.9,False,agreement_is_not_independent_observational_validation
1980,延庆,GB2006_1980_06,GB2009_1980_06,gb2006.pdf,gb2009.pdf,9.318,8.674,0.644,0.9,False,agreement_is_not_independent_observational_validation
1980,延庆,GB2006_1980_06,GB2010_1980_06,gb2006.pdf,gb2010.pdf,9.318,8.634,0.684,0.9,False,agreement_is_not_independent_observational_validation
1980,延庆,GB2006_1980_06,GB2012_1980_06,gb2006.pdf,gb2012.pdf,9.318,8.582,0.736,0.9,False,agreement_is_not_independent_observational_validation
1980,延庆,GB2006_1980_06,GB2013_1980_06,gb2006.pdf,gb2013.pdf,9.318,8.753,0.565,1.08,False,agreement_is_not_independent_observational_validation
1980,延庆,GB2006_1980_06,GB2014_1980_06,gb2006.pdf,gb2014.pdf,9.318,8.812,0.506,0.9,False,agreement_is_not_independent_observational_validation
1980,延庆,GB2006_1980_06,GB2015_1980_06,gb2006.pdf,gb2015.pdf,9.318,8.71,0.608,0.93,False,agreement_is_not_independent_observational_validation
1980,延庆,GB2006_1980_06,GB2016_1980_06,gb2006.pdf,gb2016.pdf,9.318,8.374,0.944,0.84,True,agreement_is_not_independent_observational_validation
1980,延庆,GB2006_1980_06,GB2017_1980_06,gb2006.pdf,gb2017.pdf,9.318,8.589,0.729,0.81,False,agreement_is_not_independent_observational_validation
1980,延庆,GB2006_1980_06,GB2018_1980_06,gb2006.pdf,gb2018.pdf,9.318,8.523,0.795,0.75,True,agreement_is_not_independent_observational_validation
1980,延庆,GB2006_1980_06,GB2019_1980_06,gb2006.pdf,gb2019.pdf,9.318,9.0,0.318,1.22,False,agreement_is_not_independent_observational_validation
1980,延庆,GB2006_1980_06,GB2020_1980_06,gb2006.pdf,gb2020.pdf,9.318,8.633,0.685,0.65,True,agreement_is_not_independent_observational_validation
1980,延庆,GB2006_1980_06,GB2021_1980_06,gb2006.pdf,gb2021.pdf,9.318,8.603,0.715,0.82,False,agreement_is_not_independent_observational_validation
1980,延庆,GB2006_1980_06,GB2022_1980_06,gb2006.pdf,gb2022.pdf,9.318,8.475,0.843,1.02,False,agreement_is_not_independent_observational_validation
1980,延庆,GB2006_1980_06,GB2023_1980_10,gb2006.pdf,gb2023.pdf,9.318,8.679,0.639,0.87,False,agreement_is_not_independent_observational_validation
1980,延庆,GB2006_1980_06,GB2024_1980_10,gb2006.pdf,gb2024.pdf,9.318,8.626,0.692,0.73,False,agreement_is_not_independent_observational_validation
1980,延庆,GB2006_1980_06,GB2025_1980_05,gb2006.pdf,gb2025.pdf,9.318,8.529,0.789,0.75,True,agreement_is_not_independent_observational_validation
1980,延庆,GB2007_1980_06,GB2008_1980_06,gb2007.pdf,gb2008.pdf,8.856,8.998,0.142,0.9,False,agreement_is_not_independent_observational_validation
1980,延庆,GB2007_1980_06,GB2009_1980_06,gb2007.pdf,gb2009.pdf,8.856,8.674,0.182,0.9,False,agreement_is_not_independent_observational_validation
1980,延庆,GB2007_1980_06,GB2010_1980_06,gb2007.pdf,gb2010.pdf,8.856,8.634,0.222,0.9,False,agreement_is_not_independent_observational_validation
1980,延庆,GB2007_1980_06,GB2012_1980_06,gb2007.pdf,gb2012.pdf,8.856,8.582,0.274,0.9,False,agreement_is_not_independent_observational_validation
1980,延庆,GB2007_1980_06,GB2013_1980_06,gb2007.pdf,gb2013.pdf,8.856,8.753,0.103,1.08,False,agreement_is_not_independent_observational_validation
1980,延庆,GB2007_1980_06,GB2014_1980_06,gb2007.pdf,gb2014.pdf,8.856,8.812,0.044,0.9,False,agreement_is_not_independent_observational_validation
1980,延庆,GB2007_1980_06,GB2015_1980_06,gb2007.pdf,gb2015.pdf,8.856,8.71,0.146,0.93,False,agreement_is_not_independent_observational_validation
1980,延庆,GB2007_1980_06,GB2016_1980_06,gb2007.pdf,gb2016.pdf,8.856,8.374,0.482,0.84,False,agreement_is_not_independent_observational_validation
1980,延庆,GB2007_1980_06,GB2017_1980_06,gb2007.pdf,gb2017.pdf,8.856,8.589,0.267,0.81,False,agreement_is_not_independent_observational_validation
1980,延庆,GB2007_1980_06,GB2018_1980_06,gb2007.pdf,gb2018.pdf,8.856,8.523,0.333,0.75,False,agreement_is_not_independent_observational_validation
1980,延庆,GB2007_1980_06,GB2019_1980_06,gb2007.pdf,gb2019.pdf,8.856,9.0,0.144,1.22,False,agreement_is_not_independent_observational_validation
1980,延庆,GB2007_1980_06,GB2020_1980_06,gb2007.pdf,gb2020.pdf,8.856,8.633,0.223,0.65,False,agreement_is_not_independent_observational_validation
1980,延庆,GB2007_1980_06,GB2021_1980_06,gb2007.pdf,gb2021.pdf,8.856,8.603,0.253,0.82,False,agreement_is_not_independent_observational_validation
1980,延庆,GB2007_1980_06,GB2022_1980_06,gb2007.pdf,gb2022.pdf,8.856,8.475,0.381,1.02,False,agreement_is_not_independent_observational_validation
1980,延庆,GB2007_1980_06,GB2023_1980_10,gb2007.pdf,gb2023.pdf,8.856,8.679,0.177,0.87,False,agreement_is_not_independent_observational_validation
1980,延庆,GB2007_1980_06,GB2024_1980_10,gb2007.pdf,gb2024.pdf,8.856,8.626,0.23,0.73,False,agreement_is_not_independent_observational_validation
1980,延庆,GB2007_1980_06,GB2025_1980_05,gb2007.pdf,gb2025.pdf,8.856,8.529,0.327,0.75,False,agreement_is_not_independent_observational_validation
1980,延庆,GB2008_1980_06,GB2009_1980_06,gb2008.pdf,gb2009.pdf,8.998,8.674,0.324,0.6,False,agreement_is_not_independent_observational_validation
1980,延庆,GB2008_1980_06,GB2010_1980_06,gb2008.pdf,gb2010.pdf,8.998,8.634,0.364,0.6,False,agreement_is_not_independent_observational_validation
1980,延庆,GB2008_1980_06,GB2012_1980_06,gb2008.pdf,gb2012.pdf,8.998,8.582,0.416,0.6,False,agreement_is_not_independent_observational_validation
1980,延庆,GB2008_1980_06,GB2013_1980_06,gb2008.pdf,gb2013.pdf,8.998,8.753,0.245,0.78,False,agreement_is_not_independent_observational_validation
1980,延庆,GB2008_1980_06,GB2014_1980_06,gb2008.pdf,gb2014.pdf,8.998,8.812,0.186,0.6,False,agreement_is_not_independent_observational_validation
1980,延庆,GB2008_1980_06,GB2015_1980_06,gb2008.pdf,gb2015.pdf,8.998,8.71,0.288,0.63,False,agreement_is_not_independent_observational_validation
1980,延庆,GB2008_1980_06,GB2016_1980_06,gb2008.pdf,gb2016.pdf,8.998,8.374,0.624,0.54,True,agreement_is_not_independent_observational_validation
1980,延庆,GB2008_1980_06,GB2017_1980_06,gb2008.pdf,gb2017.pdf,8.998,8.589,0.409,0.51,False,agreement_is_not_independent_observational_validation
1980,延庆,GB2008_1980_06,GB2018_1980_06,gb2008.pdf,gb2018.pdf,8.998,8.523,0.475,0.5,False,agreement_is_not_independent_observational_validation
1980,延庆,GB2008_1980_06,GB2019_1980_06,gb2008.pdf,gb2019.pdf,8.998,9.0,0.002,0.92,False,agreement_is_not_independent_observational_validation
1980,延庆,GB2008_1980_06,GB2020_1980_06,gb2008.pdf,gb2020.pdf,8.998,8.633,0.365,0.5,False,agreement_is_not_independent_observational_validation
1980,延庆,GB2008_1980_06,GB2021_1980_06,gb2008.pdf,gb2021.pdf,8.998,8.603,0.395,0.52,False,agreement_is_not_independent_observational_validation
1980,延庆,GB2008_1980_06,GB2022_1980_06,gb2008.pdf,gb2022.pdf,8.998,8.475,0.523,0.72,False,agreement_is_not_independent_observational_validation
1980,延庆,GB2008_1980_06,GB2023_1980_10,gb2008.pdf,gb2023.pdf,8.998,8.679,0.319,0.57,False,agreement_is_not_independent_observational_validation
1980,延庆,GB2008_1980_06,GB2024_1980_10,gb2008.pdf,gb2024.pdf,8.998,8.626,0.372,0.5,False,agreement_is_not_independent_observational_validation
1980,延庆,GB2008_1980_06,GB2025_1980_05,gb2008.pdf,gb2025.pdf,8.998,8.529,0.469,0.5,False,agreement_is_not_independent_observational_validation
1980,延庆,GB2009_1980_06,GB2010_1980_06,gb2009.pdf,gb2010.pdf,8.674,8.634,0.04,0.6,False,agreement_is_not_independent_observational_validation
1980,延庆,GB2009_1980_06,GB2012_1980_06,gb2009.pdf,gb2012.pdf,8.674,8.582,0.092,0.6,False,agreement_is_not_independent_observational_validation
1980,延庆,GB2009_1980_06,GB2013_1980_06,gb2009.pdf,gb2013.pdf,8.674,8.753,0.079,0.78,False,agreement_is_not_independent_observational_validation
1980,延庆,GB2009_1980_06,GB2014_1980_06,gb2009.pdf,gb2014.pdf,8.674,8.812,0.138,0.6,False,agreement_is_not_independent_observational_validation
1980,延庆,GB2009_1980_06,GB2015_1980_06,gb2009.pdf,gb2015.pdf,8.674,8.71,0.036,0.63,False,agreement_is_not_independent_observational_validation
1980,延庆,GB2009_1980_06,GB2016_1980_06,gb2009.pdf,gb2016.pdf,8.674,8.374,0.3,0.54,False,agreement_is_not_independent_observational_validation
1980,延庆,GB2009_1980_06,GB2017_1980_06,gb2009.pdf,gb2017.pdf,8.674,8.589,0.085,0.51,False,agreement_is_not_independent_observational_validation
1980,延庆,GB2009_1980_06,GB2018_1980_06,gb2009.pdf,gb2018.pdf,8.674,8.523,0.151,0.5,False,agreement_is_not_independent_observational_validation
1980,延庆,GB2009_1980_06,GB2019_1980_06,gb2009.pdf,gb2019.pdf,8.674,9.0,0.326,0.92,False,agreement_is_not_independent_observational_validation
1980,延庆,GB2009_1980_06,GB2020_1980_06,gb2009.pdf,gb2020.pdf,8.674,8.633,0.041,0.5,False,agreement_is_not_independent_observational_validation
1980,延庆,GB2009_1980_06,GB2021_1980_06,gb2009.pdf,gb2021.pdf,8.674,8.603,0.071,0.52,False,agreement_is_not_independent_observational_validation
1980,延庆,GB2009_1980_06,GB2022_1980_06,gb2009.pdf,gb2022.pdf,8.674,8.475,0.199,0.72,False,agreement_is_not_independent_observational_validation
1980,延庆,GB2009_1980_06,GB2023_1980_10,gb2009.pdf,gb2023.pdf,8.674,8.679,0.005,0.57,False,agreement_is_not_independent_observational_validation
1980,延庆,GB2009_1980_06,GB2024_1980_10,gb2009.pdf,gb2024.pdf,8.674,8.626,0.048,0.5,False,agreement_is_not_independent_observational_validation
1980,延庆,GB2009_1980_06,GB2025_1980_05,gb2009.pdf,gb2025.pdf,8.674,8.529,0.145,0.5,False,agreement_is_not_independent_observational_validation
1980,延庆,GB2010_1980_06,GB2012_1980_06,gb2010.pdf,gb2012.pdf,8.634,8.582,0.052,0.6,False,agreement_is_not_independent_observational_validation
1980,延庆,GB2010_1980_06,GB2013_1980_06,gb2010.pdf,gb2013.pdf,8.634,8.753,0.119,0.78,False,agreement_is_not_independent_observational_validation
1980,延庆,GB2010_1980_06,GB2014_1980_06,gb2010.pdf,gb2014.pdf,8.634,8.812,0.178,0.6,False,agreement_is_not_independent_observational_validation
1980,延庆,GB2010_1980_06,GB2015_1980_06,gb2010.pdf,gb2015.pdf,8.634,8.71,0.076,0.63,False,agreement_is_not_independent_observational_validation
1980,延庆,GB2010_1980_06,GB2016_1980_06,gb2010.pdf,gb2016.pdf,8.634,8.374,0.26,0.54,False,agreement_is_not_independent_observational_validation
1980,延庆,GB2010_1980_06,GB2017_1980_06,gb2010.pdf,gb2017.pdf,8.634,8.589,0.045,0.51,False,agreement_is_not_independent_observational_validation
1980,延庆,GB2010_1980_06,GB2018_1980_06,gb2010.pdf,gb2018.pdf,8.634,8.523,0.111,0.5,False,agreement_is_not_independent_observational_validation
1980,延庆,GB2010_1980_06,GB2019_1980_06,gb2010.pdf,gb2019.pdf,8.634,9.0,0.366,0.92,False,agreement_is_not_independent_observational_validation
1980,延庆,GB2010_1980_06,GB2020_1980_06,gb2010.pdf,gb2020.pdf,8.634,8.633,0.001,0.5,False,agreement_is_not_independent_observational_validation
1980,延庆,GB2010_1980_06,GB2021_1980_06,gb2010.pdf,gb2021.pdf,8.634,8.603,0.031,0.52,False,agreement_is_not_independent_observational_validation
1980,延庆,GB2010_1980_06,GB2022_1980_06,gb2010.pdf,gb2022.pdf,8.634,8.475,0.159,0.72,False,agreement_is_not_independent_observational_validation
1980,延庆,GB2010_1980_06,GB2023_1980_10,gb2010.pdf,gb2023.pdf,8.634,8.679,0.045,0.57,False,agreement_is_not_independent_observational_validation
1980,延庆,GB2010_1980_06,GB2024_1980_10,gb2010.pdf,gb2024.pdf,8.634,8.626,0.008,0.5,False,agreement_is_not_independent_observational_validation
1980,延庆,GB2010_1980_06,GB2025_1980_05,gb2010.pdf,gb2025.pdf,8.634,8.529,0.105,0.5,False,agreement_is_not_independent_observational_validation
1980,延庆,GB2012_1980_06,GB2013_1980_06,gb2012.pdf,gb2013.pdf,8.582,8.753,0.171,0.78,False,agreement_is_not_independent_observational_validation
1980,延庆,GB2012_1980_06,GB2014_1980_06,gb2012.pdf,gb2014.pdf,8.582,8.812,0.23,0.6,False,agreement_is_not_independent_observational_validation
1980,延庆,GB2012_1980_06,GB2015_1980_06,gb2012.pdf,gb2015.pdf,8.582,8.71,0.128,0.63,False,agreement_is_not_independent_observational_validation
1980,延庆,GB2012_1980_06,GB2016_1980_06,gb2012.pdf,gb2016.pdf,8.582,8.374,0.208,0.54,False,agreement_is_not_independent_observational_validation
1980,延庆,GB2012_1980_06,GB2017_1980_06,gb2012.pdf,gb2017.pdf,8.582,8.589,0.007,0.51,False,agreement_is_not_independent_observational_validation
1980,延庆,GB2012_1980_06,GB2018_1980_06,gb2012.pdf,gb2018.pdf,8.582,8.523,0.059,0.5,False,agreement_is_not_independent_observational_validation
1980,延庆,GB2012_1980_06,GB2019_1980_06,gb2012.pdf,gb2019.pdf,8.582,9.0,0.418,0.92,False,agreement_is_not_independent_observational_validation
1980,延庆,GB2012_1980_06,GB2020_1980_06,gb2012.pdf,gb2020.pdf,8.582,8.633,0.051,0.5,False,agreement_is_not_independent_observational_validation
1980,延庆,GB2012_1980_06,GB2021_1980_06,gb2012.pdf,gb2021.pdf,8.582,8.603,0.021,0.52,False,agreement_is_not_independent_observational_validation
1980,延庆,GB2012_1980_06,GB2022_1980_06,gb2012.pdf,gb2022.pdf,8.582,8.475,0.107,0.72,False,agreement_is_not_independent_observational_validation
1980,延庆,GB2012_1980_06,GB2023_1980_10,gb2012.pdf,gb2023.pdf,8.582,8.679,0.097,0.57,False,agreement_is_not_independent_observational_validation
1980,延庆,GB2012_1980_06,GB2024_1980_10,gb2012.pdf,gb2024.pdf,8.582,8.626,0.044,0.5,False,agreement_is_not_independent_observational_validation
1980,延庆,GB2012_1980_06,GB2025_1980_05,gb2012.pdf,gb2025.pdf,8.582,8.529,0.053,0.5,False,agreement_is_not_independent_observational_validation
1980,延庆,GB2013_1980_06,GB2014_1980_06,gb2013.pdf,gb2014.pdf,8.753,8.812,0.059,0.78,False,agreement_is_not_independent_observational_validation
1980,延庆,GB2013_1980_06,GB2015_1980_06,gb2013.pdf,gb2015.pdf,8.753,8.71,0.043,0.81,False,agreement_is_not_independent_observational_validation
1980,延庆,GB2013_1980_06,GB2016_1980_06,gb2013.pdf,gb2016.pdf,8.753,8.374,0.379,0.72,False,agreement_is_not_independent_observational_validation
1980,延庆,GB2013_1980_06,GB2017_1980_06,gb2013.pdf,gb2017.pdf,8.753,8.589,0.164,0.69,False,agreement_is_not_independent_observational_validation
1980,延庆,GB2013_1980_06,GB2018_1980_06,gb2013.pdf,gb2018.pdf,8.753,8.523,0.23,0.63,False,agreement_is_not_independent_observational_validation
1980,延庆,GB2013_1980_06,GB2019_1980_06,gb2013.pdf,gb2019.pdf,8.753,9.0,0.247,1.1,False,agreement_is_not_independent_observational_validation
1980,延庆,GB2013_1980_06,GB2020_1980_06,gb2013.pdf,gb2020.pdf,8.753,8.633,0.12,0.53,False,agreement_is_not_independent_observational_validation
1980,延庆,GB2013_1980_06,GB2021_1980_06,gb2013.pdf,gb2021.pdf,8.753,8.603,0.15,0.7,False,agreement_is_not_independent_observational_validation
1980,延庆,GB2013_1980_06,GB2022_1980_06,gb2013.pdf,gb2022.pdf,8.753,8.475,0.278,0.9,False,agreement_is_not_independent_observational_validation
1980,延庆,GB2013_1980_06,GB2023_1980_10,gb2013.pdf,gb2023.pdf,8.753,8.679,0.074,0.75,False,agreement_is_not_independent_observational_validation
1980,延庆,GB2013_1980_06,GB2024_1980_10,gb2013.pdf,gb2024.pdf,8.753,8.626,0.127,0.61,False,agreement_is_not_independent_observational_validation
1980,延庆,GB2013_1980_06,GB2025_1980_05,gb2013.pdf,gb2025.pdf,8.753,8.529,0.224,0.63,False,agreement_is_not_independent_observational_validation
1980,延庆,GB2014_1980_06,GB2015_1980_06,gb2014.pdf,gb2015.pdf,8.812,8.71,0.102,0.63,False,agreement_is_not_independent_observational_validation
1980,延庆,GB2014_1980_06,GB2016_1980_06,gb2014.pdf,gb2016.pdf,8.812,8.374,0.438,0.54,False,agreement_is_not_independent_observational_validation
1980,延庆,GB2014_1980_06,GB2017_1980_06,gb2014.pdf,gb2017.pdf,8.812,8.589,0.223,0.51,False,agreement_is_not_independent_observational_validation
1980,延庆,GB2014_1980_06,GB2018_1980_06,gb2014.pdf,gb2018.pdf,8.812,8.523,0.289,0.5,False,agreement_is_not_independent_observational_validation
1980,延庆,GB2014_1980_06,GB2019_1980_06,gb2014.pdf,gb2019.pdf,8.812,9.0,0.188,0.92,False,agreement_is_not_independent_observational_validation
1980,延庆,GB2014_1980_06,GB2020_1980_06,gb2014.pdf,gb2020.pdf,8.812,8.633,0.179,0.5,False,agreement_is_not_independent_observational_validation
1980,延庆,GB2014_1980_06,GB2021_1980_06,gb2014.pdf,gb2021.pdf,8.812,8.603,0.209,0.52,False,agreement_is_not_independent_observational_validation
1980,延庆,GB2014_1980_06,GB2022_1980_06,gb2014.pdf,gb2022.pdf,8.812,8.475,0.337,0.72,False,agreement_is_not_independent_observational_validation
1980,延庆,GB2014_1980_06,GB2023_1980_10,gb2014.pdf,gb2023.pdf,8.812,8.679,0.133,0.57,False,agreement_is_not_independent_observational_validation
1980,延庆,GB2014_1980_06,GB2024_1980_10,gb2014.pdf,gb2024.pdf,8.812,8.626,0.186,0.5,False,agreement_is_not_independent_observational_validation
1980,延庆,GB2014_1980_06,GB2025_1980_05,gb2014.pdf,gb2025.pdf,8.812,8.529,0.283,0.5,False,agreement_is_not_independent_observational_validation
1980,延庆,GB2015_1980_06,GB2016_1980_06,gb2015.pdf,gb2016.pdf,8.71,8.374,0.336,0.57,False,agreement_is_not_independent_observational_validation
1980,延庆,GB2015_1980_06,GB2017_1980_06,gb2015.pdf,gb2017.pdf,8.71,8.589,0.121,0.54,False,agreement_is_not_independent_observational_validation
1980,延庆,GB2015_1980_06,GB2018_1980_06,gb2015.pdf,gb2018.pdf,8.71,8.523,0.187,0.5,False,agreement_is_not_independent_observational_validation
1980,延庆,GB2015_1980_06,GB2019_1980_06,gb2015.pdf,gb2019.pdf,8.71,9.0,0.29,0.95,False,agreement_is_not_independent_observational_validation
1980,延庆,GB2015_1980_06,GB2020_1980_06,gb2015.pdf,gb2020.pdf,8.71,8.633,0.077,0.5,False,agreement_is_not_independent_observational_validation
1980,延庆,GB2015_1980_06,GB2021_1980_06,gb2015.pdf,gb2021.pdf,8.71,8.603,0.107,0.55,False,agreement_is_not_independent_observational_validation
1980,延庆,GB2015_1980_06,GB2022_1980_06,gb2015.pdf,gb2022.pdf,8.71,8.475,0.235,0.75,False,agreement_is_not_independent_observational_validation
1980,延庆,GB2015_1980_06,GB2023_1980_10,gb2015.pdf,gb2023.pdf,8.71,8.679,0.031,0.6,False,agreement_is_not_independent_observational_validation
1980,延庆,GB2015_1980_06,GB2024_1980_10,gb2015.pdf,gb2024.pdf,8.71,8.626,0.084,0.5,False,agreement_is_not_independent_observational_validation
1980,延庆,GB2015_1980_06,GB2025_1980_05,gb2015.pdf,gb2025.pdf,8.71,8.529,0.181,0.5,False,agreement_is_not_independent_observational_validation
1980,延庆,GB2016_1980_06,GB2017_1980_06,gb2016.pdf,gb2017.pdf,8.374,8.589,0.215,0.5,False,agreement_is_not_independent_observational_validation
1980,延庆,GB2016_1980_06,GB2018_1980_06,gb2016.pdf,gb2018.pdf,8.374,8.523,0.149,0.5,False,agreement_is_not_independent_observational_validation
1980,延庆,GB2016_1980_06,GB2019_1980_06,gb2016.pdf,gb2019.pdf,8.374,9.0,0.626,0.86,False,agreement_is_not_independent_observational_validation
1980,延庆,GB2016_1980_06,GB2020_1980_06,gb2016.pdf,gb2020.pdf,8.374,8.633,0.259,0.5,False,agreement_is_not_independent_observational_validation
1980,延庆,GB2016_1980_06,GB2021_1980_06,gb2016.pdf,gb2021.pdf,8.374,8.603,0.229,0.5,False,agreement_is_not_independent_observational_validation
1980,延庆,GB2016_1980_06,GB2022_1980_06,gb2016.pdf,gb2022.pdf,8.374,8.475,0.101,0.66,False,agreement_is_not_independent_observational_validation
1980,延庆,GB2016_1980_06,GB2023_1980_10,gb2016.pdf,gb2023.pdf,8.374,8.679,0.305,0.51,False,agreement_is_not_independent_observational_validation
1980,延庆,GB2016_1980_06,GB2024_1980_10,gb2016.pdf,gb2024.pdf,8.374,8.626,0.252,0.5,False,agreement_is_not_independent_observational_validation
1980,延庆,GB2016_1980_06,GB2025_1980_05,gb2016.pdf,gb2025.pdf,8.374,8.529,0.155,0.5,False,agreement_is_not_independent_observational_validation
1980,延庆,GB2017_1980_06,GB2018_1980_06,gb2017.pdf,gb2018.pdf,8.589,8.523,0.066,0.5,False,agreement_is_not_independent_observational_validation
1980,延庆,GB2017_1980_06,GB2019_1980_06,gb2017.pdf,gb2019.pdf,8.589,9.0,0.411,0.83,False,agreement_is_not_independent_observational_validation
1980,延庆,GB2017_1980_06,GB2020_1980_06,gb2017.pdf,gb2020.pdf,8.589,8.633,0.044,0.5,False,agreement_is_not_independent_observational_validation
1980,延庆,GB2017_1980_06,GB2021_1980_06,gb2017.pdf,gb2021.pdf,8.589,8.603,0.014,0.5,False,agreement_is_not_independent_observational_validation
1980,延庆,GB2017_1980_06,GB2022_1980_06,gb2017.pdf,gb2022.pdf,8.589,8.475,0.114,0.63,False,agreement_is_not_independent_observational_validation
1980,延庆,GB2017_1980_06,GB2023_1980_10,gb2017.pdf,gb2023.pdf,8.589,8.679,0.09,0.5,False,agreement_is_not_independent_observational_validation
1980,延庆,GB2017_1980_06,GB2024_1980_10,gb2017.pdf,gb2024.pdf,8.589,8.626,0.037,0.5,False,agreement_is_not_independent_observational_validation
1980,延庆,GB2017_1980_06,GB2025_1980_05,gb2017.pdf,gb2025.pdf,8.589,8.529,0.06,0.5,False,agreement_is_not_independent_observational_validation
1980,延庆,GB2018_1980_06,GB2019_1980_06,gb2018.pdf,gb2019.pdf,8.523,9.0,0.477,0.77,False,agreement_is_not_independent_observational_validation
1980,延庆,GB2018_1980_06,GB2020_1980_06,gb2018.pdf,gb2020.pdf,8.523,8.633,0.11,0.5,False,agreement_is_not_independent_observational_validation
1980,延庆,GB2018_1980_06,GB2021_1980_06,gb2018.pdf,gb2021.pdf,8.523,8.603,0.08,0.5,False,agreement_is_not_independent_observational_validation
1980,延庆,GB2018_1980_06,GB2022_1980_06,gb2018.pdf,gb2022.pdf,8.523,8.475,0.048,0.57,False,agreement_is_not_independent_observational_validation
1980,延庆,GB2018_1980_06,GB2023_1980_10,gb2018.pdf,gb2023.pdf,8.523,8.679,0.156,0.5,False,agreement_is_not_independent_observational_validation
1980,延庆,GB2018_1980_06,GB2024_1980_10,gb2018.pdf,gb2024.pdf,8.523,8.626,0.103,0.5,False,agreement_is_not_independent_observational_validation
1980,延庆,GB2018_1980_06,GB2025_1980_05,gb2018.pdf,gb2025.pdf,8.523,8.529,0.006,0.5,False,agreement_is_not_independent_observational_validation
1980,延庆,GB2019_1980_06,GB2020_1980_06,gb2019.pdf,gb2020.pdf,9.0,8.633,0.367,0.67,False,agreement_is_not_independent_observational_validation
1980,延庆,GB2019_1980_06,GB2021_1980_06,gb2019.pdf,gb2021.pdf,9.0,8.603,0.397,0.84,False,agreement_is_not_independent_observational_validation
1980,延庆,GB2019_1980_06,GB2022_1980_06,gb2019.pdf,gb2022.pdf,9.0,8.475,0.525,1.04,False,agreement_is_not_independent_observational_validation
1980,延庆,GB2019_1980_06,GB2023_1980_10,gb2019.pdf,gb2023.pdf,9.0,8.679,0.321,0.89,False,agreement_is_not_independent_observational_validation
1980,延庆,GB2019_1980_06,GB2024_1980_10,gb2019.pdf,gb2024.pdf,9.0,8.626,0.374,0.75,False,agreement_is_not_independent_observational_validation
1980,延庆,GB2019_1980_06,GB2025_1980_05,gb2019.pdf,gb2025.pdf,9.0,8.529,0.471,0.77,False,agreement_is_not_independent_observational_validation
1980,延庆,GB2020_1980_06,GB2021_1980_06,gb2020.pdf,gb2021.pdf,8.633,8.603,0.03,0.5,False,agreement_is_not_independent_observational_validation
1980,延庆,GB2020_1980_06,GB2022_1980_06,gb2020.pdf,gb2022.pdf,8.633,8.475,0.158,0.5,False,agreement_is_not_independent_observational_validation
1980,延庆,GB2020_1980_06,GB2023_1980_10,gb2020.pdf,gb2023.pdf,8.633,8.679,0.046,0.5,False,agreement_is_not_independent_observational_validation
1980,延庆,GB2020_1980_06,GB2024_1980_10,gb2020.pdf,gb2024.pdf,8.633,8.626,0.007,0.5,False,agreement_is_not_independent_observational_validation
1980,延庆,GB2020_1980_06,GB2025_1980_05,gb2020.pdf,gb2025.pdf,8.633,8.529,0.104,0.5,False,agreement_is_not_independent_observational_validation
1980,延庆,GB2021_1980_06,GB2022_1980_06,gb2021.pdf,gb2022.pdf,8.603,8.475,0.128,0.64,False,agreement_is_not_independent_observational_validation
1980,延庆,GB2021_1980_06,GB2023_1980_10,gb2021.pdf,gb2023.pdf,8.603,8.679,0.076,0.5,False,agreement_is_not_independent_observational_validation
1980,延庆,GB2021_1980_06,GB2024_1980_10,gb2021.pdf,gb2024.pdf,8.603,8.626,0.023,0.5,False,agreement_is_not_independent_observational_validation
1980,延庆,GB2021_1980_06,GB2025_1980_05,gb2021.pdf,gb2025.pdf,8.603,8.529,0.074,0.5,False,agreement_is_not_independent_observational_validation
1980,延庆,GB2022_1980_06,GB2023_1980_10,gb2022.pdf,gb2023.pdf,8.475,8.679,0.204,0.69,False,agreement_is_not_independent_observational_validation
1980,延庆,GB2022_1980_06,GB2024_1980_10,gb2022.pdf,gb2024.pdf,8.475,8.626,0.151,0.55,False,agreement_is_not_independent_observational_validation
1980,延庆,GB2022_1980_06,GB2025_1980_05,gb2022.pdf,gb2025.pdf,8.475,8.529,0.054,0.57,False,agreement_is_not_independent_observational_validation
1980,延庆,GB2023_1980_10,GB2024_1980_10,gb2023.pdf,gb2024.pdf,8.679,8.626,0.053,0.5,False,agreement_is_not_independent_observational_validation
1980,延庆,GB2023_1980_10,GB2025_1980_05,gb2023.pdf,gb2025.pdf,8.679,8.529,0.15,0.5,False,agreement_is_not_independent_observational_validation
1980,延庆,GB2024_1980_10,GB2025_1980_05,gb2024.pdf,gb2025.pdf,8.626,8.529,0.097,0.5,False,agreement_is_not_independent_observational_validation
1980,怀柔,GB2001_1980_03,GB2002_1980_04,gb2001.pdf,gb2002.pdf,3.499,3.602,0.103,0.6,False,agreement_is_not_independent_observational_validation
1980,怀柔,GB2001_1980_03,GB2003_1980_04,gb2001.pdf,gb2003.pdf,3.499,3.818,0.319,0.9,False,agreement_is_not_independent_observational_validation
1980,怀柔,GB2001_1980_03,GB2004_1980_07,gb2001.pdf,gb2004.pdf,3.499,3.909,0.41,0.9,False,agreement_is_not_independent_observational_validation
1980,怀柔,GB2001_1980_03,GB2006_1980_07,gb2001.pdf,gb2006.pdf,3.499,4.045,0.546,0.9,False,agreement_is_not_independent_observational_validation
1980,怀柔,GB2001_1980_03,GB2007_1980_07,gb2001.pdf,gb2007.pdf,3.499,3.977,0.478,0.9,False,agreement_is_not_independent_observational_validation
1980,怀柔,GB2001_1980_03,GB2008_1980_07,gb2001.pdf,gb2008.pdf,3.499,4.09,0.591,0.6,False,agreement_is_not_independent_observational_validation
1980,怀柔,GB2001_1980_03,GB2009_1980_07,gb2001.pdf,gb2009.pdf,3.499,3.725,0.226,0.6,False,agreement_is_not_independent_observational_validation
1980,怀柔,GB2001_1980_03,GB2010_1980_07,gb2001.pdf,gb2010.pdf,3.499,3.814,0.315,0.6,False,agreement_is_not_independent_observational_validation
1980,怀柔,GB2001_1980_03,GB2012_1980_07,gb2001.pdf,gb2012.pdf,3.499,3.676,0.177,0.6,False,agreement_is_not_independent_observational_validation
1980,怀柔,GB2001_1980_03,GB2013_1980_07,gb2001.pdf,gb2013.pdf,3.499,3.933,0.434,0.78,False,agreement_is_not_independent_observational_validation
1980,怀柔,GB2001_1980_03,GB2014_1980_07,gb2001.pdf,gb2014.pdf,3.499,3.948,0.449,0.6,False,agreement_is_not_independent_observational_validation
1980,怀柔,GB2001_1980_03,GB2015_1980_07,gb2001.pdf,gb2015.pdf,3.499,3.959,0.46,0.63,False,agreement_is_not_independent_observational_validation
1980,怀柔,GB2001_1980_03,GB2016_1980_07,gb2001.pdf,gb2016.pdf,3.499,3.658,0.159,0.54,False,agreement_is_not_independent_observational_validation
1980,怀柔,GB2001_1980_03,GB2017_1980_07,gb2001.pdf,gb2017.pdf,3.499,3.729,0.23,0.51,False,agreement_is_not_independent_observational_validation
1980,怀柔,GB2001_1980_03,GB2018_1980_07,gb2001.pdf,gb2018.pdf,3.499,3.75,0.251,0.5,False,agreement_is_not_independent_observational_validation
1980,怀柔,GB2001_1980_03,GB2019_1980_07,gb2001.pdf,gb2019.pdf,3.499,4.0,0.501,0.92,False,agreement_is_not_independent_observational_validation
1980,怀柔,GB2001_1980_03,GB2020_1980_07,gb2001.pdf,gb2020.pdf,3.499,3.794,0.295,0.5,False,agreement_is_not_independent_observational_validation
1980,怀柔,GB2001_1980_03,GB2021_1980_07,gb2001.pdf,gb2021.pdf,3.499,3.725,0.226,0.52,False,agreement_is_not_independent_observational_validation
1980,怀柔,GB2001_1980_03,GB2022_1980_07,gb2001.pdf,gb2022.pdf,3.499,3.729,0.23,0.72,False,agreement_is_not_independent_observational_validation
1980,怀柔,GB2001_1980_03,GB2023_1980_07,gb2001.pdf,gb2023.pdf,3.499,3.75,0.251,0.57,False,agreement_is_not_independent_observational_validation
1980,怀柔,GB2001_1980_03,GB2024_1980_07,gb2001.pdf,gb2024.pdf,3.499,3.771,0.272,0.5,False,agreement_is_not_independent_observational_validation
1980,怀柔,GB2001_1980_03,GB2025_1980_08,gb2001.pdf,gb2025.pdf,3.499,3.765,0.266,0.5,False,agreement_is_not_independent_observational_validation
1980,怀柔,GB2002_1980_04,GB2003_1980_04,gb2002.pdf,gb2003.pdf,3.602,3.818,0.216,0.9,False,agreement_is_not_independent_observational_validation
1980,怀柔,GB2002_1980_04,GB2004_1980_07,gb2002.pdf,gb2004.pdf,3.602,3.909,0.307,0.9,False,agreement_is_not_independent_observational_validation
1980,怀柔,GB2002_1980_04,GB2006_1980_07,gb2002.pdf,gb2006.pdf,3.602,4.045,0.443,0.9,False,agreement_is_not_independent_observational_validation
1980,怀柔,GB2002_1980_04,GB2007_1980_07,gb2002.pdf,gb2007.pdf,3.602,3.977,0.375,0.9,False,agreement_is_not_independent_observational_validation
1980,怀柔,GB2002_1980_04,GB2008_1980_07,gb2002.pdf,gb2008.pdf,3.602,4.09,0.488,0.6,False,agreement_is_not_independent_observational_validation
1980,怀柔,GB2002_1980_04,GB2009_1980_07,gb2002.pdf,gb2009.pdf,3.602,3.725,0.123,0.6,False,agreement_is_not_independent_observational_validation
1980,怀柔,GB2002_1980_04,GB2010_1980_07,gb2002.pdf,gb2010.pdf,3.602,3.814,0.212,0.6,False,agreement_is_not_independent_observational_validation
1980,怀柔,GB2002_1980_04,GB2012_1980_07,gb2002.pdf,gb2012.pdf,3.602,3.676,0.074,0.6,False,agreement_is_not_independent_observational_validation
1980,怀柔,GB2002_1980_04,GB2013_1980_07,gb2002.pdf,gb2013.pdf,3.602,3.933,0.331,0.78,False,agreement_is_not_independent_observational_validation
1980,怀柔,GB2002_1980_04,GB2014_1980_07,gb2002.pdf,gb2014.pdf,3.602,3.948,0.346,0.6,False,agreement_is_not_independent_observational_validation
1980,怀柔,GB2002_1980_04,GB2015_1980_07,gb2002.pdf,gb2015.pdf,3.602,3.959,0.357,0.63,False,agreement_is_not_independent_observational_validation
1980,怀柔,GB2002_1980_04,GB2016_1980_07,gb2002.pdf,gb2016.pdf,3.602,3.658,0.056,0.54,False,agreement_is_not_independent_observational_validation
1980,怀柔,GB2002_1980_04,GB2017_1980_07,gb2002.pdf,gb2017.pdf,3.602,3.729,0.127,0.51,False,agreement_is_not_independent_observational_validation
1980,怀柔,GB2002_1980_04,GB2018_1980_07,gb2002.pdf,gb2018.pdf,3.602,3.75,0.148,0.5,False,agreement_is_not_independent_observational_validation
1980,怀柔,GB2002_1980_04,GB2019_1980_07,gb2002.pdf,gb2019.pdf,3.602,4.0,0.398,0.92,False,agreement_is_not_independent_observational_validation
1980,怀柔,GB2002_1980_04,GB2020_1980_07,gb2002.pdf,gb2020.pdf,3.602,3.794,0.192,0.5,False,agreement_is_not_independent_observational_validation
1980,怀柔,GB2002_1980_04,GB2021_1980_07,gb2002.pdf,gb2021.pdf,3.602,3.725,0.123,0.52,False,agreement_is_not_independent_observational_validation
1980,怀柔,GB2002_1980_04,GB2022_1980_07,gb2002.pdf,gb2022.pdf,3.602,3.729,0.127,0.72,False,agreement_is_not_independent_observational_validation
1980,怀柔,GB2002_1980_04,GB2023_1980_07,gb2002.pdf,gb2023.pdf,3.602,3.75,0.148,0.57,False,agreement_is_not_independent_observational_validation
1980,怀柔,GB2002_1980_04,GB2024_1980_07,gb2002.pdf,gb2024.pdf,3.602,3.771,0.169,0.5,False,agreement_is_not_independent_observational_validation
1980,怀柔,GB2002_1980_04,GB2025_1980_08,gb2002.pdf,gb2025.pdf,3.602,3.765,0.163,0.5,False,agreement_is_not_independent_observational_validation
1980,怀柔,GB2003_1980_04,GB2004_1980_07,gb2003.pdf,gb2004.pdf,3.818,3.909,0.091,1.2,False,agreement_is_not_independent_observational_validation
1980,怀柔,GB2003_1980_04,GB2006_1980_07,gb2003.pdf,gb2006.pdf,3.818,4.045,0.227,1.2,False,agreement_is_not_independent_observational_validation
1980,怀柔,GB2003_1980_04,GB2007_1980_07,gb2003.pdf,gb2007.pdf,3.818,3.977,0.159,1.2,False,agreement_is_not_independent_observational_validation
1980,怀柔,GB2003_1980_04,GB2008_1980_07,gb2003.pdf,gb2008.pdf,3.818,4.09,0.272,0.9,False,agreement_is_not_independent_observational_validation
1980,怀柔,GB2003_1980_04,GB2009_1980_07,gb2003.pdf,gb2009.pdf,3.818,3.725,0.093,0.9,False,agreement_is_not_independent_observational_validation
1980,怀柔,GB2003_1980_04,GB2010_1980_07,gb2003.pdf,gb2010.pdf,3.818,3.814,0.004,0.9,False,agreement_is_not_independent_observational_validation
1980,怀柔,GB2003_1980_04,GB2012_1980_07,gb2003.pdf,gb2012.pdf,3.818,3.676,0.142,0.9,False,agreement_is_not_independent_observational_validation
1980,怀柔,GB2003_1980_04,GB2013_1980_07,gb2003.pdf,gb2013.pdf,3.818,3.933,0.115,1.08,False,agreement_is_not_independent_observational_validation
1980,怀柔,GB2003_1980_04,GB2014_1980_07,gb2003.pdf,gb2014.pdf,3.818,3.948,0.13,0.9,False,agreement_is_not_independent_observational_validation
1980,怀柔,GB2003_1980_04,GB2015_1980_07,gb2003.pdf,gb2015.pdf,3.818,3.959,0.141,0.93,False,agreement_is_not_independent_observational_validation
1980,怀柔,GB2003_1980_04,GB2016_1980_07,gb2003.pdf,gb2016.pdf,3.818,3.658,0.16,0.84,False,agreement_is_not_independent_observational_validation
1980,怀柔,GB2003_1980_04,GB2017_1980_07,gb2003.pdf,gb2017.pdf,3.818,3.729,0.089,0.81,False,agreement_is_not_independent_observational_validation
1980,怀柔,GB2003_1980_04,GB2018_1980_07,gb2003.pdf,gb2018.pdf,3.818,3.75,0.068,0.75,False,agreement_is_not_independent_observational_validation
1980,怀柔,GB2003_1980_04,GB2019_1980_07,gb2003.pdf,gb2019.pdf,3.818,4.0,0.182,1.22,False,agreement_is_not_independent_observational_validation
1980,怀柔,GB2003_1980_04,GB2020_1980_07,gb2003.pdf,gb2020.pdf,3.818,3.794,0.024,0.65,False,agreement_is_not_independent_observational_validation
1980,怀柔,GB2003_1980_04,GB2021_1980_07,gb2003.pdf,gb2021.pdf,3.818,3.725,0.093,0.82,False,agreement_is_not_independent_observational_validation
1980,怀柔,GB2003_1980_04,GB2022_1980_07,gb2003.pdf,gb2022.pdf,3.818,3.729,0.089,1.02,False,agreement_is_not_independent_observational_validation
1980,怀柔,GB2003_1980_04,GB2023_1980_07,gb2003.pdf,gb2023.pdf,3.818,3.75,0.068,0.87,False,agreement_is_not_independent_observational_validation
1980,怀柔,GB2003_1980_04,GB2024_1980_07,gb2003.pdf,gb2024.pdf,3.818,3.771,0.047,0.73,False,agreement_is_not_independent_observational_validation
1980,怀柔,GB2003_1980_04,GB2025_1980_08,gb2003.pdf,gb2025.pdf,3.818,3.765,0.053,0.75,False,agreement_is_not_independent_observational_validation
1980,怀柔,GB2004_1980_07,GB2006_1980_07,gb2004.pdf,gb2006.pdf,3.909,4.045,0.136,1.2,False,agreement_is_not_independent_observational_validation
1980,怀柔,GB2004_1980_07,GB2007_1980_07,gb2004.pdf,gb2007.pdf,3.909,3.977,0.068,1.2,False,agreement_is_not_independent_observational_validation
1980,怀柔,GB2004_1980_07,GB2008_1980_07,gb2004.pdf,gb2008.pdf,3.909,4.09,0.181,0.9,False,agreement_is_not_independent_observational_validation
1980,怀柔,GB2004_1980_07,GB2009_1980_07,gb2004.pdf,gb2009.pdf,3.909,3.725,0.184,0.9,False,agreement_is_not_independent_observational_validation
1980,怀柔,GB2004_1980_07,GB2010_1980_07,gb2004.pdf,gb2010.pdf,3.909,3.814,0.095,0.9,False,agreement_is_not_independent_observational_validation
1980,怀柔,GB2004_1980_07,GB2012_1980_07,gb2004.pdf,gb2012.pdf,3.909,3.676,0.233,0.9,False,agreement_is_not_independent_observational_validation
1980,怀柔,GB2004_1980_07,GB2013_1980_07,gb2004.pdf,gb2013.pdf,3.909,3.933,0.024,1.08,False,agreement_is_not_independent_observational_validation
1980,怀柔,GB2004_1980_07,GB2014_1980_07,gb2004.pdf,gb2014.pdf,3.909,3.948,0.039,0.9,False,agreement_is_not_independent_observational_validation
1980,怀柔,GB2004_1980_07,GB2015_1980_07,gb2004.pdf,gb2015.pdf,3.909,3.959,0.05,0.93,False,agreement_is_not_independent_observational_validation
1980,怀柔,GB2004_1980_07,GB2016_1980_07,gb2004.pdf,gb2016.pdf,3.909,3.658,0.251,0.84,False,agreement_is_not_independent_observational_validation
1980,怀柔,GB2004_1980_07,GB2017_1980_07,gb2004.pdf,gb2017.pdf,3.909,3.729,0.18,0.81,False,agreement_is_not_independent_observational_validation
1980,怀柔,GB2004_1980_07,GB2018_1980_07,gb2004.pdf,gb2018.pdf,3.909,3.75,0.159,0.75,False,agreement_is_not_independent_observational_validation
1980,怀柔,GB2004_1980_07,GB2019_1980_07,gb2004.pdf,gb2019.pdf,3.909,4.0,0.091,1.22,False,agreement_is_not_independent_observational_validation
1980,怀柔,GB2004_1980_07,GB2020_1980_07,gb2004.pdf,gb2020.pdf,3.909,3.794,0.115,0.65,False,agreement_is_not_independent_observational_validation
1980,怀柔,GB2004_1980_07,GB2021_1980_07,gb2004.pdf,gb2021.pdf,3.909,3.725,0.184,0.82,False,agreement_is_not_independent_observational_validation
1980,怀柔,GB2004_1980_07,GB2022_1980_07,gb2004.pdf,gb2022.pdf,3.909,3.729,0.18,1.02,False,agreement_is_not_independent_observational_validation
1980,怀柔,GB2004_1980_07,GB2023_1980_07,gb2004.pdf,gb2023.pdf,3.909,3.75,0.159,0.87,False,agreement_is_not_independent_observational_validation
1980,怀柔,GB2004_1980_07,GB2024_1980_07,gb2004.pdf,gb2024.pdf,3.909,3.771,0.138,0.73,False,agreement_is_not_independent_observational_validation
1980,怀柔,GB2004_1980_07,GB2025_1980_08,gb2004.pdf,gb2025.pdf,3.909,3.765,0.144,0.75,False,agreement_is_not_independent_observational_validation
1980,怀柔,GB2006_1980_07,GB2007_1980_07,gb2006.pdf,gb2007.pdf,4.045,3.977,0.068,1.2,False,agreement_is_not_independent_observational_validation
1980,怀柔,GB2006_1980_07,GB2008_1980_07,gb2006.pdf,gb2008.pdf,4.045,4.09,0.045,0.9,False,agreement_is_not_independent_observational_validation
1980,怀柔,GB2006_1980_07,GB2009_1980_07,gb2006.pdf,gb2009.pdf,4.045,3.725,0.32,0.9,False,agreement_is_not_independent_observational_validation
1980,怀柔,GB2006_1980_07,GB2010_1980_07,gb2006.pdf,gb2010.pdf,4.045,3.814,0.231,0.9,False,agreement_is_not_independent_observational_validation
1980,怀柔,GB2006_1980_07,GB2012_1980_07,gb2006.pdf,gb2012.pdf,4.045,3.676,0.369,0.9,False,agreement_is_not_independent_observational_validation
1980,怀柔,GB2006_1980_07,GB2013_1980_07,gb2006.pdf,gb2013.pdf,4.045,3.933,0.112,1.08,False,agreement_is_not_independent_observational_validation
1980,怀柔,GB2006_1980_07,GB2014_1980_07,gb2006.pdf,gb2014.pdf,4.045,3.948,0.097,0.9,False,agreement_is_not_independent_observational_validation
1980,怀柔,GB2006_1980_07,GB2015_1980_07,gb2006.pdf,gb2015.pdf,4.045,3.959,0.086,0.93,False,agreement_is_not_independent_observational_validation
1980,怀柔,GB2006_1980_07,GB2016_1980_07,gb2006.pdf,gb2016.pdf,4.045,3.658,0.387,0.84,False,agreement_is_not_independent_observational_validation
1980,怀柔,GB2006_1980_07,GB2017_1980_07,gb2006.pdf,gb2017.pdf,4.045,3.729,0.316,0.81,False,agreement_is_not_independent_observational_validation
1980,怀柔,GB2006_1980_07,GB2018_1980_07,gb2006.pdf,gb2018.pdf,4.045,3.75,0.295,0.75,False,agreement_is_not_independent_observational_validation
1980,怀柔,GB2006_1980_07,GB2019_1980_07,gb2006.pdf,gb2019.pdf,4.045,4.0,0.045,1.22,False,agreement_is_not_independent_observational_validation
1980,怀柔,GB2006_1980_07,GB2020_1980_07,gb2006.pdf,gb2020.pdf,4.045,3.794,0.251,0.65,False,agreement_is_not_independent_observational_validation
1980,怀柔,GB2006_1980_07,GB2021_1980_07,gb2006.pdf,gb2021.pdf,4.045,3.725,0.32,0.82,False,agreement_is_not_independent_observational_validation
1980,怀柔,GB2006_1980_07,GB2022_1980_07,gb2006.pdf,gb2022.pdf,4.045,3.729,0.316,1.02,False,agreement_is_not_independent_observational_validation
1980,怀柔,GB2006_1980_07,GB2023_1980_07,gb2006.pdf,gb2023.pdf,4.045,3.75,0.295,0.87,False,agreement_is_not_independent_observational_validation
1980,怀柔,GB2006_1980_07,GB2024_1980_07,gb2006.pdf,gb2024.pdf,4.045,3.771,0.274,0.73,False,agreement_is_not_independent_observational_validation
1980,怀柔,GB2006_1980_07,GB2025_1980_08,gb2006.pdf,gb2025.pdf,4.045,3.765,0.28,0.75,False,agreement_is_not_independent_observational_validation
1980,怀柔,GB2007_1980_07,GB2008_1980_07,gb2007.pdf,gb2008.pdf,3.977,4.09,0.113,0.9,False,agreement_is_not_independent_observational_validation
1980,怀柔,GB2007_1980_07,GB2009_1980_07,gb2007.pdf,gb2009.pdf,3.977,3.725,0.252,0.9,False,agreement_is_not_independent_observational_validation
1980,怀柔,GB2007_1980_07,GB2010_1980_07,gb2007.pdf,gb2010.pdf,3.977,3.814,0.163,0.9,False,agreement_is_not_independent_observational_validation
1980,怀柔,GB2007_1980_07,GB2012_1980_07,gb2007.pdf,gb2012.pdf,3.977,3.676,0.301,0.9,False,agreement_is_not_independent_observational_validation
1980,怀柔,GB2007_1980_07,GB2013_1980_07,gb2007.pdf,gb2013.pdf,3.977,3.933,0.044,1.08,False,agreement_is_not_independent_observational_validation
1980,怀柔,GB2007_1980_07,GB2014_1980_07,gb2007.pdf,gb2014.pdf,3.977,3.948,0.029,0.9,False,agreement_is_not_independent_observational_validation
1980,怀柔,GB2007_1980_07,GB2015_1980_07,gb2007.pdf,gb2015.pdf,3.977,3.959,0.018,0.93,False,agreement_is_not_independent_observational_validation
1980,怀柔,GB2007_1980_07,GB2016_1980_07,gb2007.pdf,gb2016.pdf,3.977,3.658,0.319,0.84,False,agreement_is_not_independent_observational_validation
1980,怀柔,GB2007_1980_07,GB2017_1980_07,gb2007.pdf,gb2017.pdf,3.977,3.729,0.248,0.81,False,agreement_is_not_independent_observational_validation
1980,怀柔,GB2007_1980_07,GB2018_1980_07,gb2007.pdf,gb2018.pdf,3.977,3.75,0.227,0.75,False,agreement_is_not_independent_observational_validation
1980,怀柔,GB2007_1980_07,GB2019_1980_07,gb2007.pdf,gb2019.pdf,3.977,4.0,0.023,1.22,False,agreement_is_not_independent_observational_validation
1980,怀柔,GB2007_1980_07,GB2020_1980_07,gb2007.pdf,gb2020.pdf,3.977,3.794,0.183,0.65,False,agreement_is_not_independent_observational_validation
1980,怀柔,GB2007_1980_07,GB2021_1980_07,gb2007.pdf,gb2021.pdf,3.977,3.725,0.252,0.82,False,agreement_is_not_independent_observational_validation
1980,怀柔,GB2007_1980_07,GB2022_1980_07,gb2007.pdf,gb2022.pdf,3.977,3.729,0.248,1.02,False,agreement_is_not_independent_observational_validation
1980,怀柔,GB2007_1980_07,GB2023_1980_07,gb2007.pdf,gb2023.pdf,3.977,3.75,0.227,0.87,False,agreement_is_not_independent_observational_validation
1980,怀柔,GB2007_1980_07,GB2024_1980_07,gb2007.pdf,gb2024.pdf,3.977,3.771,0.206,0.73,False,agreement_is_not_independent_observational_validation
1980,怀柔,GB2007_1980_07,GB2025_1980_08,gb2007.pdf,gb2025.pdf,3.977,3.765,0.212,0.75,False,agreement_is_not_independent_observational_validation
1980,怀柔,GB2008_1980_07,GB2009_1980_07,gb2008.pdf,gb2009.pdf,4.09,3.725,0.365,0.6,False,agreement_is_not_independent_observational_validation
1980,怀柔,GB2008_1980_07,GB2010_1980_07,gb2008.pdf,gb2010.pdf,4.09,3.814,0.276,0.6,False,agreement_is_not_independent_observational_validation
1980,怀柔,GB2008_1980_07,GB2012_1980_07,gb2008.pdf,gb2012.pdf,4.09,3.676,0.414,0.6,False,agreement_is_not_independent_observational_validation
1980,怀柔,GB2008_1980_07,GB2013_1980_07,gb2008.pdf,gb2013.pdf,4.09,3.933,0.157,0.78,False,agreement_is_not_independent_observational_validation
1980,怀柔,GB2008_1980_07,GB2014_1980_07,gb2008.pdf,gb2014.pdf,4.09,3.948,0.142,0.6,False,agreement_is_not_independent_observational_validation
1980,怀柔,GB2008_1980_07,GB2015_1980_07,gb2008.pdf,gb2015.pdf,4.09,3.959,0.131,0.63,False,agreement_is_not_independent_observational_validation
1980,怀柔,GB2008_1980_07,GB2016_1980_07,gb2008.pdf,gb2016.pdf,4.09,3.658,0.432,0.54,False,agreement_is_not_independent_observational_validation
1980,怀柔,GB2008_1980_07,GB2017_1980_07,gb2008.pdf,gb2017.pdf,4.09,3.729,0.361,0.51,False,agreement_is_not_independent_observational_validation
1980,怀柔,GB2008_1980_07,GB2018_1980_07,gb2008.pdf,gb2018.pdf,4.09,3.75,0.34,0.5,False,agreement_is_not_independent_observational_validation
1980,怀柔,GB2008_1980_07,GB2019_1980_07,gb2008.pdf,gb2019.pdf,4.09,4.0,0.09,0.92,False,agreement_is_not_independent_observational_validation
1980,怀柔,GB2008_1980_07,GB2020_1980_07,gb2008.pdf,gb2020.pdf,4.09,3.794,0.296,0.5,False,agreement_is_not_independent_observational_validation
1980,怀柔,GB2008_1980_07,GB2021_1980_07,gb2008.pdf,gb2021.pdf,4.09,3.725,0.365,0.52,False,agreement_is_not_independent_observational_validation
1980,怀柔,GB2008_1980_07,GB2022_1980_07,gb2008.pdf,gb2022.pdf,4.09,3.729,0.361,0.72,False,agreement_is_not_independent_observational_validation
1980,怀柔,GB2008_1980_07,GB2023_1980_07,gb2008.pdf,gb2023.pdf,4.09,3.75,0.34,0.57,False,agreement_is_not_independent_observational_validation
1980,怀柔,GB2008_1980_07,GB2024_1980_07,gb2008.pdf,gb2024.pdf,4.09,3.771,0.319,0.5,False,agreement_is_not_independent_observational_validation
1980,怀柔,GB2008_1980_07,GB2025_1980_08,gb2008.pdf,gb2025.pdf,4.09,3.765,0.325,0.5,False,agreement_is_not_independent_observational_validation
1980,怀柔,GB2009_1980_07,GB2010_1980_07,gb2009.pdf,gb2010.pdf,3.725,3.814,0.089,0.6,False,agreement_is_not_independent_observational_validation
1980,怀柔,GB2009_1980_07,GB2012_1980_07,gb2009.pdf,gb2012.pdf,3.725,3.676,0.049,0.6,False,agreement_is_not_independent_observational_validation
1980,怀柔,GB2009_1980_07,GB2013_1980_07,gb2009.pdf,gb2013.pdf,3.725,3.933,0.208,0.78,False,agreement_is_not_independent_observational_validation
1980,怀柔,GB2009_1980_07,GB2014_1980_07,gb2009.pdf,gb2014.pdf,3.725,3.948,0.223,0.6,False,agreement_is_not_independent_observational_validation
1980,怀柔,GB2009_1980_07,GB2015_1980_07,gb2009.pdf,gb2015.pdf,3.725,3.959,0.234,0.63,False,agreement_is_not_independent_observational_validation
1980,怀柔,GB2009_1980_07,GB2016_1980_07,gb2009.pdf,gb2016.pdf,3.725,3.658,0.067,0.54,False,agreement_is_not_independent_observational_validation
1980,怀柔,GB2009_1980_07,GB2017_1980_07,gb2009.pdf,gb2017.pdf,3.725,3.729,0.004,0.51,False,agreement_is_not_independent_observational_validation
1980,怀柔,GB2009_1980_07,GB2018_1980_07,gb2009.pdf,gb2018.pdf,3.725,3.75,0.025,0.5,False,agreement_is_not_independent_observational_validation
1980,怀柔,GB2009_1980_07,GB2019_1980_07,gb2009.pdf,gb2019.pdf,3.725,4.0,0.275,0.92,False,agreement_is_not_independent_observational_validation
1980,怀柔,GB2009_1980_07,GB2020_1980_07,gb2009.pdf,gb2020.pdf,3.725,3.794,0.069,0.5,False,agreement_is_not_independent_observational_validation
1980,怀柔,GB2009_1980_07,GB2021_1980_07,gb2009.pdf,gb2021.pdf,3.725,3.725,0.0,0.52,False,agreement_is_not_independent_observational_validation
1980,怀柔,GB2009_1980_07,GB2022_1980_07,gb2009.pdf,gb2022.pdf,3.725,3.729,0.004,0.72,False,agreement_is_not_independent_observational_validation
1980,怀柔,GB2009_1980_07,GB2023_1980_07,gb2009.pdf,gb2023.pdf,3.725,3.75,0.025,0.57,False,agreement_is_not_independent_observational_validation
1980,怀柔,GB2009_1980_07,GB2024_1980_07,gb2009.pdf,gb2024.pdf,3.725,3.771,0.046,0.5,False,agreement_is_not_independent_observational_validation
1980,怀柔,GB2009_1980_07,GB2025_1980_08,gb2009.pdf,gb2025.pdf,3.725,3.765,0.04,0.5,False,agreement_is_not_independent_observational_validation
1980,怀柔,GB2010_1980_07,GB2012_1980_07,gb2010.pdf,gb2012.pdf,3.814,3.676,0.138,0.6,False,agreement_is_not_independent_observational_validation
1980,怀柔,GB2010_1980_07,GB2013_1980_07,gb2010.pdf,gb2013.pdf,3.814,3.933,0.119,0.78,False,agreement_is_not_independent_observational_validation
1980,怀柔,GB2010_1980_07,GB2014_1980_07,gb2010.pdf,gb2014.pdf,3.814,3.948,0.134,0.6,False,agreement_is_not_independent_observational_validation
1980,怀柔,GB2010_1980_07,GB2015_1980_07,gb2010.pdf,gb2015.pdf,3.814,3.959,0.145,0.63,False,agreement_is_not_independent_observational_validation
1980,怀柔,GB2010_1980_07,GB2016_1980_07,gb2010.pdf,gb2016.pdf,3.814,3.658,0.156,0.54,False,agreement_is_not_independent_observational_validation
1980,怀柔,GB2010_1980_07,GB2017_1980_07,gb2010.pdf,gb2017.pdf,3.814,3.729,0.085,0.51,False,agreement_is_not_independent_observational_validation
1980,怀柔,GB2010_1980_07,GB2018_1980_07,gb2010.pdf,gb2018.pdf,3.814,3.75,0.064,0.5,False,agreement_is_not_independent_observational_validation
1980,怀柔,GB2010_1980_07,GB2019_1980_07,gb2010.pdf,gb2019.pdf,3.814,4.0,0.186,0.92,False,agreement_is_not_independent_observational_validation
1980,怀柔,GB2010_1980_07,GB2020_1980_07,gb2010.pdf,gb2020.pdf,3.814,3.794,0.02,0.5,False,agreement_is_not_independent_observational_validation
1980,怀柔,GB2010_1980_07,GB2021_1980_07,gb2010.pdf,gb2021.pdf,3.814,3.725,0.089,0.52,False,agreement_is_not_independent_observational_validation
1980,怀柔,GB2010_1980_07,GB2022_1980_07,gb2010.pdf,gb2022.pdf,3.814,3.729,0.085,0.72,False,agreement_is_not_independent_observational_validation
1980,怀柔,GB2010_1980_07,GB2023_1980_07,gb2010.pdf,gb2023.pdf,3.814,3.75,0.064,0.57,False,agreement_is_not_independent_observational_validation
1980,怀柔,GB2010_1980_07,GB2024_1980_07,gb2010.pdf,gb2024.pdf,3.814,3.771,0.043,0.5,False,agreement_is_not_independent_observational_validation
1980,怀柔,GB2010_1980_07,GB2025_1980_08,gb2010.pdf,gb2025.pdf,3.814,3.765,0.049,0.5,False,agreement_is_not_independent_observational_validation
1980,怀柔,GB2012_1980_07,GB2013_1980_07,gb2012.pdf,gb2013.pdf,3.676,3.933,0.257,0.78,False,agreement_is_not_independent_observational_validation
1980,怀柔,GB2012_1980_07,GB2014_1980_07,gb2012.pdf,gb2014.pdf,3.676,3.948,0.272,0.6,False,agreement_is_not_independent_observational_validation
1980,怀柔,GB2012_1980_07,GB2015_1980_07,gb2012.pdf,gb2015.pdf,3.676,3.959,0.283,0.63,False,agreement_is_not_independent_observational_validation
1980,怀柔,GB2012_1980_07,GB2016_1980_07,gb2012.pdf,gb2016.pdf,3.676,3.658,0.018,0.54,False,agreement_is_not_independent_observational_validation
1980,怀柔,GB2012_1980_07,GB2017_1980_07,gb2012.pdf,gb2017.pdf,3.676,3.729,0.053,0.51,False,agreement_is_not_independent_observational_validation
1980,怀柔,GB2012_1980_07,GB2018_1980_07,gb2012.pdf,gb2018.pdf,3.676,3.75,0.074,0.5,False,agreement_is_not_independent_observational_validation
1980,怀柔,GB2012_1980_07,GB2019_1980_07,gb2012.pdf,gb2019.pdf,3.676,4.0,0.324,0.92,False,agreement_is_not_independent_observational_validation
1980,怀柔,GB2012_1980_07,GB2020_1980_07,gb2012.pdf,gb2020.pdf,3.676,3.794,0.118,0.5,False,agreement_is_not_independent_observational_validation
1980,怀柔,GB2012_1980_07,GB2021_1980_07,gb2012.pdf,gb2021.pdf,3.676,3.725,0.049,0.52,False,agreement_is_not_independent_observational_validation
1980,怀柔,GB2012_1980_07,GB2022_1980_07,gb2012.pdf,gb2022.pdf,3.676,3.729,0.053,0.72,False,agreement_is_not_independent_observational_validation
1980,怀柔,GB2012_1980_07,GB2023_1980_07,gb2012.pdf,gb2023.pdf,3.676,3.75,0.074,0.57,False,agreement_is_not_independent_observational_validation
1980,怀柔,GB2012_1980_07,GB2024_1980_07,gb2012.pdf,gb2024.pdf,3.676,3.771,0.095,0.5,False,agreement_is_not_independent_observational_validation
1980,怀柔,GB2012_1980_07,GB2025_1980_08,gb2012.pdf,gb2025.pdf,3.676,3.765,0.089,0.5,False,agreement_is_not_independent_observational_validation
1980,怀柔,GB2013_1980_07,GB2014_1980_07,gb2013.pdf,gb2014.pdf,3.933,3.948,0.015,0.78,False,agreement_is_not_independent_observational_validation
1980,怀柔,GB2013_1980_07,GB2015_1980_07,gb2013.pdf,gb2015.pdf,3.933,3.959,0.026,0.81,False,agreement_is_not_independent_observational_validation
1980,怀柔,GB2013_1980_07,GB2016_1980_07,gb2013.pdf,gb2016.pdf,3.933,3.658,0.275,0.72,False,agreement_is_not_independent_observational_validation
1980,怀柔,GB2013_1980_07,GB2017_1980_07,gb2013.pdf,gb2017.pdf,3.933,3.729,0.204,0.69,False,agreement_is_not_independent_observational_validation
1980,怀柔,GB2013_1980_07,GB2018_1980_07,gb2013.pdf,gb2018.pdf,3.933,3.75,0.183,0.63,False,agreement_is_not_independent_observational_validation
1980,怀柔,GB2013_1980_07,GB2019_1980_07,gb2013.pdf,gb2019.pdf,3.933,4.0,0.067,1.1,False,agreement_is_not_independent_observational_validation
1980,怀柔,GB2013_1980_07,GB2020_1980_07,gb2013.pdf,gb2020.pdf,3.933,3.794,0.139,0.53,False,agreement_is_not_independent_observational_validation
1980,怀柔,GB2013_1980_07,GB2021_1980_07,gb2013.pdf,gb2021.pdf,3.933,3.725,0.208,0.7,False,agreement_is_not_independent_observational_validation
1980,怀柔,GB2013_1980_07,GB2022_1980_07,gb2013.pdf,gb2022.pdf,3.933,3.729,0.204,0.9,False,agreement_is_not_independent_observational_validation
1980,怀柔,GB2013_1980_07,GB2023_1980_07,gb2013.pdf,gb2023.pdf,3.933,3.75,0.183,0.75,False,agreement_is_not_independent_observational_validation
1980,怀柔,GB2013_1980_07,GB2024_1980_07,gb2013.pdf,gb2024.pdf,3.933,3.771,0.162,0.61,False,agreement_is_not_independent_observational_validation
1980,怀柔,GB2013_1980_07,GB2025_1980_08,gb2013.pdf,gb2025.pdf,3.933,3.765,0.168,0.63,False,agreement_is_not_independent_observational_validation
1980,怀柔,GB2014_1980_07,GB2015_1980_07,gb2014.pdf,gb2015.pdf,3.948,3.959,0.011,0.63,False,agreement_is_not_independent_observational_validation
1980,怀柔,GB2014_1980_07,GB2016_1980_07,gb2014.pdf,gb2016.pdf,3.948,3.658,0.29,0.54,False,agreement_is_not_independent_observational_validation
1980,怀柔,GB2014_1980_07,GB2017_1980_07,gb2014.pdf,gb2017.pdf,3.948,3.729,0.219,0.51,False,agreement_is_not_independent_observational_validation
1980,怀柔,GB2014_1980_07,GB2018_1980_07,gb2014.pdf,gb2018.pdf,3.948,3.75,0.198,0.5,False,agreement_is_not_independent_observational_validation
1980,怀柔,GB2014_1980_07,GB2019_1980_07,gb2014.pdf,gb2019.pdf,3.948,4.0,0.052,0.92,False,agreement_is_not_independent_observational_validation
1980,怀柔,GB2014_1980_07,GB2020_1980_07,gb2014.pdf,gb2020.pdf,3.948,3.794,0.154,0.5,False,agreement_is_not_independent_observational_validation
1980,怀柔,GB2014_1980_07,GB2021_1980_07,gb2014.pdf,gb2021.pdf,3.948,3.725,0.223,0.52,False,agreement_is_not_independent_observational_validation
1980,怀柔,GB2014_1980_07,GB2022_1980_07,gb2014.pdf,gb2022.pdf,3.948,3.729,0.219,0.72,False,agreement_is_not_independent_observational_validation
1980,怀柔,GB2014_1980_07,GB2023_1980_07,gb2014.pdf,gb2023.pdf,3.948,3.75,0.198,0.57,False,agreement_is_not_independent_observational_validation
1980,怀柔,GB2014_1980_07,GB2024_1980_07,gb2014.pdf,gb2024.pdf,3.948,3.771,0.177,0.5,False,agreement_is_not_independent_observational_validation
1980,怀柔,GB2014_1980_07,GB2025_1980_08,gb2014.pdf,gb2025.pdf,3.948,3.765,0.183,0.5,False,agreement_is_not_independent_observational_validation
1980,怀柔,GB2015_1980_07,GB2016_1980_07,gb2015.pdf,gb2016.pdf,3.959,3.658,0.301,0.57,False,agreement_is_not_independent_observational_validation
1980,怀柔,GB2015_1980_07,GB2017_1980_07,gb2015.pdf,gb2017.pdf,3.959,3.729,0.23,0.54,False,agreement_is_not_independent_observational_validation
1980,怀柔,GB2015_1980_07,GB2018_1980_07,gb2015.pdf,gb2018.pdf,3.959,3.75,0.209,0.5,False,agreement_is_not_independent_observational_validation
1980,怀柔,GB2015_1980_07,GB2019_1980_07,gb2015.pdf,gb2019.pdf,3.959,4.0,0.041,0.95,False,agreement_is_not_independent_observational_validation
1980,怀柔,GB2015_1980_07,GB2020_1980_07,gb2015.pdf,gb2020.pdf,3.959,3.794,0.165,0.5,False,agreement_is_not_independent_observational_validation
1980,怀柔,GB2015_1980_07,GB2021_1980_07,gb2015.pdf,gb2021.pdf,3.959,3.725,0.234,0.55,False,agreement_is_not_independent_observational_validation
1980,怀柔,GB2015_1980_07,GB2022_1980_07,gb2015.pdf,gb2022.pdf,3.959,3.729,0.23,0.75,False,agreement_is_not_independent_observational_validation
1980,怀柔,GB2015_1980_07,GB2023_1980_07,gb2015.pdf,gb2023.pdf,3.959,3.75,0.209,0.6,False,agreement_is_not_independent_observational_validation
1980,怀柔,GB2015_1980_07,GB2024_1980_07,gb2015.pdf,gb2024.pdf,3.959,3.771,0.188,0.5,False,agreement_is_not_independent_observational_validation
1980,怀柔,GB2015_1980_07,GB2025_1980_08,gb2015.pdf,gb2025.pdf,3.959,3.765,0.194,0.5,False,agreement_is_not_independent_observational_validation
1980,怀柔,GB2016_1980_07,GB2017_1980_07,gb2016.pdf,gb2017.pdf,3.658,3.729,0.071,0.5,False,agreement_is_not_independent_observational_validation
1980,怀柔,GB2016_1980_07,GB2018_1980_07,gb2016.pdf,gb2018.pdf,3.658,3.75,0.092,0.5,False,agreement_is_not_independent_observational_validation
1980,怀柔,GB2016_1980_07,GB2019_1980_07,gb2016.pdf,gb2019.pdf,3.658,4.0,0.342,0.86,False,agreement_is_not_independent_observational_validation
1980,怀柔,GB2016_1980_07,GB2020_1980_07,gb2016.pdf,gb2020.pdf,3.658,3.794,0.136,0.5,False,agreement_is_not_independent_observational_validation
1980,怀柔,GB2016_1980_07,GB2021_1980_07,gb2016.pdf,gb2021.pdf,3.658,3.725,0.067,0.5,False,agreement_is_not_independent_observational_validation
1980,怀柔,GB2016_1980_07,GB2022_1980_07,gb2016.pdf,gb2022.pdf,3.658,3.729,0.071,0.66,False,agreement_is_not_independent_observational_validation
1980,怀柔,GB2016_1980_07,GB2023_1980_07,gb2016.pdf,gb2023.pdf,3.658,3.75,0.092,0.51,False,agreement_is_not_independent_observational_validation
1980,怀柔,GB2016_1980_07,GB2024_1980_07,gb2016.pdf,gb2024.pdf,3.658,3.771,0.113,0.5,False,agreement_is_not_independent_observational_validation
1980,怀柔,GB2016_1980_07,GB2025_1980_08,gb2016.pdf,gb2025.pdf,3.658,3.765,0.107,0.5,False,agreement_is_not_independent_observational_validation
1980,怀柔,GB2017_1980_07,GB2018_1980_07,gb2017.pdf,gb2018.pdf,3.729,3.75,0.021,0.5,False,agreement_is_not_independent_observational_validation
1980,怀柔,GB2017_1980_07,GB2019_1980_07,gb2017.pdf,gb2019.pdf,3.729,4.0,0.271,0.83,False,agreement_is_not_independent_observational_validation
1980,怀柔,GB2017_1980_07,GB2020_1980_07,gb2017.pdf,gb2020.pdf,3.729,3.794,0.065,0.5,False,agreement_is_not_independent_observational_validation
1980,怀柔,GB2017_1980_07,GB2021_1980_07,gb2017.pdf,gb2021.pdf,3.729,3.725,0.004,0.5,False,agreement_is_not_independent_observational_validation
1980,怀柔,GB2017_1980_07,GB2022_1980_07,gb2017.pdf,gb2022.pdf,3.729,3.729,0.0,0.63,False,agreement_is_not_independent_observational_validation
1980,怀柔,GB2017_1980_07,GB2023_1980_07,gb2017.pdf,gb2023.pdf,3.729,3.75,0.021,0.5,False,agreement_is_not_independent_observational_validation
1980,怀柔,GB2017_1980_07,GB2024_1980_07,gb2017.pdf,gb2024.pdf,3.729,3.771,0.042,0.5,False,agreement_is_not_independent_observational_validation
1980,怀柔,GB2017_1980_07,GB2025_1980_08,gb2017.pdf,gb2025.pdf,3.729,3.765,0.036,0.5,False,agreement_is_not_independent_observational_validation
1980,怀柔,GB2018_1980_07,GB2019_1980_07,gb2018.pdf,gb2019.pdf,3.75,4.0,0.25,0.77,False,agreement_is_not_independent_observational_validation
1980,怀柔,GB2018_1980_07,GB2020_1980_07,gb2018.pdf,gb2020.pdf,3.75,3.794,0.044,0.5,False,agreement_is_not_independent_observational_validation
1980,怀柔,GB2018_1980_07,GB2021_1980_07,gb2018.pdf,gb2021.pdf,3.75,3.725,0.025,0.5,False,agreement_is_not_independent_observational_validation
1980,怀柔,GB2018_1980_07,GB2022_1980_07,gb2018.pdf,gb2022.pdf,3.75,3.729,0.021,0.57,False,agreement_is_not_independent_observational_validation
1980,怀柔,GB2018_1980_07,GB2023_1980_07,gb2018.pdf,gb2023.pdf,3.75,3.75,0.0,0.5,False,agreement_is_not_independent_observational_validation
1980,怀柔,GB2018_1980_07,GB2024_1980_07,gb2018.pdf,gb2024.pdf,3.75,3.771,0.021,0.5,False,agreement_is_not_independent_observational_validation
1980,怀柔,GB2018_1980_07,GB2025_1980_08,gb2018.pdf,gb2025.pdf,3.75,3.765,0.015,0.5,False,agreement_is_not_independent_observational_validation
1980,怀柔,GB2019_1980_07,GB2020_1980_07,gb2019.pdf,gb2020.pdf,4.0,3.794,0.206,0.67,False,agreement_is_not_independent_observational_validation
1980,怀柔,GB2019_1980_07,GB2021_1980_07,gb2019.pdf,gb2021.pdf,4.0,3.725,0.275,0.84,False,agreement_is_not_independent_observational_validation
1980,怀柔,GB2019_1980_07,GB2022_1980_07,gb2019.pdf,gb2022.pdf,4.0,3.729,0.271,1.04,False,agreement_is_not_independent_observational_validation
1980,怀柔,GB2019_1980_07,GB2023_1980_07,gb2019.pdf,gb2023.pdf,4.0,3.75,0.25,0.89,False,agreement_is_not_independent_observational_validation
1980,怀柔,GB2019_1980_07,GB2024_1980_07,gb2019.pdf,gb2024.pdf,4.0,3.771,0.229,0.75,False,agreement_is_not_independent_observational_validation
1980,怀柔,GB2019_1980_07,GB2025_1980_08,gb2019.pdf,gb2025.pdf,4.0,3.765,0.235,0.77,False,agreement_is_not_independent_observational_validation
1980,怀柔,GB2020_1980_07,GB2021_1980_07,gb2020.pdf,gb2021.pdf,3.794,3.725,0.069,0.5,False,agreement_is_not_independent_observational_validation
1980,怀柔,GB2020_1980_07,GB2022_1980_07,gb2020.pdf,gb2022.pdf,3.794,3.729,0.065,0.5,False,agreement_is_not_independent_observational_validation
1980,怀柔,GB2020_1980_07,GB2023_1980_07,gb2020.pdf,gb2023.pdf,3.794,3.75,0.044,0.5,False,agreement_is_not_independent_observational_validation
1980,怀柔,GB2020_1980_07,GB2024_1980_07,gb2020.pdf,gb2024.pdf,3.794,3.771,0.023,0.5,False,agreement_is_not_independent_observational_validation
1980,怀柔,GB2020_1980_07,GB2025_1980_08,gb2020.pdf,gb2025.pdf,3.794,3.765,0.029,0.5,False,agreement_is_not_independent_observational_validation
1980,怀柔,GB2021_1980_07,GB2022_1980_07,gb2021.pdf,gb2022.pdf,3.725,3.729,0.004,0.64,False,agreement_is_not_independent_observational_validation
1980,怀柔,GB2021_1980_07,GB2023_1980_07,gb2021.pdf,gb2023.pdf,3.725,3.75,0.025,0.5,False,agreement_is_not_independent_observational_validation
1980,怀柔,GB2021_1980_07,GB2024_1980_07,gb2021.pdf,gb2024.pdf,3.725,3.771,0.046,0.5,False,agreement_is_not_independent_observational_validation
1980,怀柔,GB2021_1980_07,GB2025_1980_08,gb2021.pdf,gb2025.pdf,3.725,3.765,0.04,0.5,False,agreement_is_not_independent_observational_validation
1980,怀柔,GB2022_1980_07,GB2023_1980_07,gb2022.pdf,gb2023.pdf,3.729,3.75,0.021,0.69,False,agreement_is_not_independent_observational_validation
1980,怀柔,GB2022_1980_07,GB2024_1980_07,gb2022.pdf,gb2024.pdf,3.729,3.771,0.042,0.55,False,agreement_is_not_independent_observational_validation
1980,怀柔,GB2022_1980_07,GB2025_1980_08,gb2022.pdf,gb2025.pdf,3.729,3.765,0.036,0.57,False,agreement_is_not_independent_observational_validation
1980,怀柔,GB2023_1980_07,GB2024_1980_07,gb2023.pdf,gb2024.pdf,3.75,3.771,0.021,0.5,False,agreement_is_not_independent_observational_validation
1980,怀柔,GB2023_1980_07,GB2025_1980_08,gb2023.pdf,gb2025.pdf,3.75,3.765,0.015,0.5,False,agreement_is_not_independent_observational_validation
1980,怀柔,GB2024_1980_07,GB2025_1980_08,gb2024.pdf,gb2025.pdf,3.771,3.765,0.006,0.5,False,agreement_is_not_independent_observational_validation
1980,房山,GB2001_1980_08,GB2002_1980_09,gb2001.pdf,gb2002.pdf,7.16,7.153,0.007,0.6,False,agreement_is_not_independent_observational_validation
1980,房山,GB2001_1980_08,GB2003_1980_09,gb2001.pdf,gb2003.pdf,7.16,7.273,0.113,0.9,False,agreement_is_not_independent_observational_validation
1980,房山,GB2001_1980_08,GB2004_1980_02,gb2001.pdf,gb2004.pdf,7.16,7.5,0.34,0.9,False,agreement_is_not_independent_observational_validation
1980,房山,GB2001_1980_08,GB2006_1980_02,gb2001.pdf,gb2006.pdf,7.16,7.773,0.613,0.9,False,agreement_is_not_independent_observational_validation
1980,房山,GB2001_1980_08,GB2007_1980_02,gb2001.pdf,gb2007.pdf,7.16,7.583,0.423,0.9,False,agreement_is_not_independent_observational_validation
1980,房山,GB2001_1980_08,GB2008_1980_02,gb2001.pdf,gb2008.pdf,7.16,7.798,0.638,0.6,True,agreement_is_not_independent_observational_validation
1980,房山,GB2001_1980_08,GB2009_1980_02,gb2001.pdf,gb2009.pdf,7.16,7.369,0.209,0.6,False,agreement_is_not_independent_observational_validation
1980,房山,GB2001_1980_08,GB2010_1980_02,gb2001.pdf,gb2010.pdf,7.16,7.414,0.254,0.6,False,agreement_is_not_independent_observational_validation
1980,房山,GB2001_1980_08,GB2012_1980_02,gb2001.pdf,gb2012.pdf,7.16,7.313,0.153,0.6,False,agreement_is_not_independent_observational_validation
1980,房山,GB2001_1980_08,GB2013_1980_02,gb2001.pdf,gb2013.pdf,7.16,7.404,0.244,0.78,False,agreement_is_not_independent_observational_validation
1980,房山,GB2001_1980_08,GB2014_1980_02,gb2001.pdf,gb2014.pdf,7.16,7.557,0.397,0.6,False,agreement_is_not_independent_observational_validation
1980,房山,GB2001_1980_08,GB2015_1980_02,gb2001.pdf,gb2015.pdf,7.16,7.654,0.494,0.63,False,agreement_is_not_independent_observational_validation
1980,房山,GB2001_1980_08,GB2016_1980_02,gb2001.pdf,gb2016.pdf,7.16,7.316,0.156,0.54,False,agreement_is_not_independent_observational_validation
1980,房山,GB2001_1980_08,GB2017_1980_02,gb2001.pdf,gb2017.pdf,7.16,7.249,0.089,0.51,False,agreement_is_not_independent_observational_validation
1980,房山,GB2001_1980_08,GB2018_1980_02,gb2001.pdf,gb2018.pdf,7.16,7.345,0.185,0.5,False,agreement_is_not_independent_observational_validation
1980,房山,GB2001_1980_08,GB2019_1980_02,gb2001.pdf,gb2019.pdf,7.16,7.75,0.59,0.92,False,agreement_is_not_independent_observational_validation
1980,房山,GB2001_1980_08,GB2020_1980_02,gb2001.pdf,gb2020.pdf,7.16,7.404,0.244,0.5,False,agreement_is_not_independent_observational_validation
1980,房山,GB2001_1980_08,GB2021_1980_02,gb2001.pdf,gb2021.pdf,7.16,7.273,0.113,0.52,False,agreement_is_not_independent_observational_validation
1980,房山,GB2001_1980_08,GB2022_1980_02,gb2001.pdf,gb2022.pdf,7.16,7.458,0.298,0.72,False,agreement_is_not_independent_observational_validation
1980,房山,GB2001_1980_08,GB2023_1980_02,gb2001.pdf,gb2023.pdf,7.16,7.393,0.233,0.57,False,agreement_is_not_independent_observational_validation
1980,房山,GB2001_1980_08,GB2024_1980_02,gb2001.pdf,gb2024.pdf,7.16,7.386,0.226,0.5,False,agreement_is_not_independent_observational_validation
1980,房山,GB2001_1980_08,GB2025_1980_02,gb2001.pdf,gb2025.pdf,7.16,7.353,0.193,0.5,False,agreement_is_not_independent_observational_validation
1980,房山,GB2002_1980_09,GB2003_1980_09,gb2002.pdf,gb2003.pdf,7.153,7.273,0.12,0.9,False,agreement_is_not_independent_observational_validation
1980,房山,GB2002_1980_09,GB2004_1980_02,gb2002.pdf,gb2004.pdf,7.153,7.5,0.347,0.9,False,agreement_is_not_independent_observational_validation
1980,房山,GB2002_1980_09,GB2006_1980_02,gb2002.pdf,gb2006.pdf,7.153,7.773,0.62,0.9,False,agreement_is_not_independent_observational_validation
1980,房山,GB2002_1980_09,GB2007_1980_02,gb2002.pdf,gb2007.pdf,7.153,7.583,0.43,0.9,False,agreement_is_not_independent_observational_validation
1980,房山,GB2002_1980_09,GB2008_1980_02,gb2002.pdf,gb2008.pdf,7.153,7.798,0.645,0.6,True,agreement_is_not_independent_observational_validation
1980,房山,GB2002_1980_09,GB2009_1980_02,gb2002.pdf,gb2009.pdf,7.153,7.369,0.216,0.6,False,agreement_is_not_independent_observational_validation
1980,房山,GB2002_1980_09,GB2010_1980_02,gb2002.pdf,gb2010.pdf,7.153,7.414,0.261,0.6,False,agreement_is_not_independent_observational_validation
1980,房山,GB2002_1980_09,GB2012_1980_02,gb2002.pdf,gb2012.pdf,7.153,7.313,0.16,0.6,False,agreement_is_not_independent_observational_validation
1980,房山,GB2002_1980_09,GB2013_1980_02,gb2002.pdf,gb2013.pdf,7.153,7.404,0.251,0.78,False,agreement_is_not_independent_observational_validation
1980,房山,GB2002_1980_09,GB2014_1980_02,gb2002.pdf,gb2014.pdf,7.153,7.557,0.404,0.6,False,agreement_is_not_independent_observational_validation
1980,房山,GB2002_1980_09,GB2015_1980_02,gb2002.pdf,gb2015.pdf,7.153,7.654,0.501,0.63,False,agreement_is_not_independent_observational_validation
1980,房山,GB2002_1980_09,GB2016_1980_02,gb2002.pdf,gb2016.pdf,7.153,7.316,0.163,0.54,False,agreement_is_not_independent_observational_validation
1980,房山,GB2002_1980_09,GB2017_1980_02,gb2002.pdf,gb2017.pdf,7.153,7.249,0.096,0.51,False,agreement_is_not_independent_observational_validation
1980,房山,GB2002_1980_09,GB2018_1980_02,gb2002.pdf,gb2018.pdf,7.153,7.345,0.192,0.5,False,agreement_is_not_independent_observational_validation
1980,房山,GB2002_1980_09,GB2019_1980_02,gb2002.pdf,gb2019.pdf,7.153,7.75,0.597,0.92,False,agreement_is_not_independent_observational_validation
1980,房山,GB2002_1980_09,GB2020_1980_02,gb2002.pdf,gb2020.pdf,7.153,7.404,0.251,0.5,False,agreement_is_not_independent_observational_validation
1980,房山,GB2002_1980_09,GB2021_1980_02,gb2002.pdf,gb2021.pdf,7.153,7.273,0.12,0.52,False,agreement_is_not_independent_observational_validation
1980,房山,GB2002_1980_09,GB2022_1980_02,gb2002.pdf,gb2022.pdf,7.153,7.458,0.305,0.72,False,agreement_is_not_independent_observational_validation
1980,房山,GB2002_1980_09,GB2023_1980_02,gb2002.pdf,gb2023.pdf,7.153,7.393,0.24,0.57,False,agreement_is_not_independent_observational_validation
1980,房山,GB2002_1980_09,GB2024_1980_02,gb2002.pdf,gb2024.pdf,7.153,7.386,0.233,0.5,False,agreement_is_not_independent_observational_validation
1980,房山,GB2002_1980_09,GB2025_1980_02,gb2002.pdf,gb2025.pdf,7.153,7.353,0.2,0.5,False,agreement_is_not_independent_observational_validation
1980,房山,GB2003_1980_09,GB2004_1980_02,gb2003.pdf,gb2004.pdf,7.273,7.5,0.227,1.2,False,agreement_is_not_independent_observational_validation
1980,房山,GB2003_1980_09,GB2006_1980_02,gb2003.pdf,gb2006.pdf,7.273,7.773,0.5,1.2,False,agreement_is_not_independent_observational_validation
1980,房山,GB2003_1980_09,GB2007_1980_02,gb2003.pdf,gb2007.pdf,7.273,7.583,0.31,1.2,False,agreement_is_not_independent_observational_validation
1980,房山,GB2003_1980_09,GB2008_1980_02,gb2003.pdf,gb2008.pdf,7.273,7.798,0.525,0.9,False,agreement_is_not_independent_observational_validation
1980,房山,GB2003_1980_09,GB2009_1980_02,gb2003.pdf,gb2009.pdf,7.273,7.369,0.096,0.9,False,agreement_is_not_independent_observational_validation
1980,房山,GB2003_1980_09,GB2010_1980_02,gb2003.pdf,gb2010.pdf,7.273,7.414,0.141,0.9,False,agreement_is_not_independent_observational_validation
1980,房山,GB2003_1980_09,GB2012_1980_02,gb2003.pdf,gb2012.pdf,7.273,7.313,0.04,0.9,False,agreement_is_not_independent_observational_validation
1980,房山,GB2003_1980_09,GB2013_1980_02,gb2003.pdf,gb2013.pdf,7.273,7.404,0.131,1.08,False,agreement_is_not_independent_observational_validation
1980,房山,GB2003_1980_09,GB2014_1980_02,gb2003.pdf,gb2014.pdf,7.273,7.557,0.284,0.9,False,agreement_is_not_independent_observational_validation
1980,房山,GB2003_1980_09,GB2015_1980_02,gb2003.pdf,gb2015.pdf,7.273,7.654,0.381,0.93,False,agreement_is_not_independent_observational_validation
1980,房山,GB2003_1980_09,GB2016_1980_02,gb2003.pdf,gb2016.pdf,7.273,7.316,0.043,0.84,False,agreement_is_not_independent_observational_validation
1980,房山,GB2003_1980_09,GB2017_1980_02,gb2003.pdf,gb2017.pdf,7.273,7.249,0.024,0.81,False,agreement_is_not_independent_observational_validation
1980,房山,GB2003_1980_09,GB2018_1980_02,gb2003.pdf,gb2018.pdf,7.273,7.345,0.072,0.75,False,agreement_is_not_independent_observational_validation
1980,房山,GB2003_1980_09,GB2019_1980_02,gb2003.pdf,gb2019.pdf,7.273,7.75,0.477,1.22,False,agreement_is_not_independent_observational_validation
1980,房山,GB2003_1980_09,GB2020_1980_02,gb2003.pdf,gb2020.pdf,7.273,7.404,0.131,0.65,False,agreement_is_not_independent_observational_validation
1980,房山,GB2003_1980_09,GB2021_1980_02,gb2003.pdf,gb2021.pdf,7.273,7.273,0.0,0.82,False,agreement_is_not_independent_observational_validation
1980,房山,GB2003_1980_09,GB2022_1980_02,gb2003.pdf,gb2022.pdf,7.273,7.458,0.185,1.02,False,agreement_is_not_independent_observational_validation
1980,房山,GB2003_1980_09,GB2023_1980_02,gb2003.pdf,gb2023.pdf,7.273,7.393,0.12,0.87,False,agreement_is_not_independent_observational_validation
1980,房山,GB2003_1980_09,GB2024_1980_02,gb2003.pdf,gb2024.pdf,7.273,7.386,0.113,0.73,False,agreement_is_not_independent_observational_validation
1980,房山,GB2003_1980_09,GB2025_1980_02,gb2003.pdf,gb2025.pdf,7.273,7.353,0.08,0.75,False,agreement_is_not_independent_observational_validation
1980,房山,GB2004_1980_02,GB2006_1980_02,gb2004.pdf,gb2006.pdf,7.5,7.773,0.273,1.2,False,agreement_is_not_independent_observational_validation
1980,房山,GB2004_1980_02,GB2007_1980_02,gb2004.pdf,gb2007.pdf,7.5,7.583,0.083,1.2,False,agreement_is_not_independent_observational_validation
1980,房山,GB2004_1980_02,GB2008_1980_02,gb2004.pdf,gb2008.pdf,7.5,7.798,0.298,0.9,False,agreement_is_not_independent_observational_validation
1980,房山,GB2004_1980_02,GB2009_1980_02,gb2004.pdf,gb2009.pdf,7.5,7.369,0.131,0.9,False,agreement_is_not_independent_observational_validation
1980,房山,GB2004_1980_02,GB2010_1980_02,gb2004.pdf,gb2010.pdf,7.5,7.414,0.086,0.9,False,agreement_is_not_independent_observational_validation
1980,房山,GB2004_1980_02,GB2012_1980_02,gb2004.pdf,gb2012.pdf,7.5,7.313,0.187,0.9,False,agreement_is_not_independent_observational_validation
1980,房山,GB2004_1980_02,GB2013_1980_02,gb2004.pdf,gb2013.pdf,7.5,7.404,0.096,1.08,False,agreement_is_not_independent_observational_validation
1980,房山,GB2004_1980_02,GB2014_1980_02,gb2004.pdf,gb2014.pdf,7.5,7.557,0.057,0.9,False,agreement_is_not_independent_observational_validation
1980,房山,GB2004_1980_02,GB2015_1980_02,gb2004.pdf,gb2015.pdf,7.5,7.654,0.154,0.93,False,agreement_is_not_independent_observational_validation
1980,房山,GB2004_1980_02,GB2016_1980_02,gb2004.pdf,gb2016.pdf,7.5,7.316,0.184,0.84,False,agreement_is_not_independent_observational_validation
1980,房山,GB2004_1980_02,GB2017_1980_02,gb2004.pdf,gb2017.pdf,7.5,7.249,0.251,0.81,False,agreement_is_not_independent_observational_validation
1980,房山,GB2004_1980_02,GB2018_1980_02,gb2004.pdf,gb2018.pdf,7.5,7.345,0.155,0.75,False,agreement_is_not_independent_observational_validation
1980,房山,GB2004_1980_02,GB2019_1980_02,gb2004.pdf,gb2019.pdf,7.5,7.75,0.25,1.22,False,agreement_is_not_independent_observational_validation
1980,房山,GB2004_1980_02,GB2020_1980_02,gb2004.pdf,gb2020.pdf,7.5,7.404,0.096,0.65,False,agreement_is_not_independent_observational_validation
1980,房山,GB2004_1980_02,GB2021_1980_02,gb2004.pdf,gb2021.pdf,7.5,7.273,0.227,0.82,False,agreement_is_not_independent_observational_validation
1980,房山,GB2004_1980_02,GB2022_1980_02,gb2004.pdf,gb2022.pdf,7.5,7.458,0.042,1.02,False,agreement_is_not_independent_observational_validation
1980,房山,GB2004_1980_02,GB2023_1980_02,gb2004.pdf,gb2023.pdf,7.5,7.393,0.107,0.87,False,agreement_is_not_independent_observational_validation
1980,房山,GB2004_1980_02,GB2024_1980_02,gb2004.pdf,gb2024.pdf,7.5,7.386,0.114,0.73,False,agreement_is_not_independent_observational_validation
1980,房山,GB2004_1980_02,GB2025_1980_02,gb2004.pdf,gb2025.pdf,7.5,7.353,0.147,0.75,False,agreement_is_not_independent_observational_validation
1980,房山,GB2006_1980_02,GB2007_1980_02,gb2006.pdf,gb2007.pdf,7.773,7.583,0.19,1.2,False,agreement_is_not_independent_observational_validation
1980,房山,GB2006_1980_02,GB2008_1980_02,gb2006.pdf,gb2008.pdf,7.773,7.798,0.025,0.9,False,agreement_is_not_independent_observational_validation
1980,房山,GB2006_1980_02,GB2009_1980_02,gb2006.pdf,gb2009.pdf,7.773,7.369,0.404,0.9,False,agreement_is_not_independent_observational_validation
1980,房山,GB2006_1980_02,GB2010_1980_02,gb2006.pdf,gb2010.pdf,7.773,7.414,0.359,0.9,False,agreement_is_not_independent_observational_validation
1980,房山,GB2006_1980_02,GB2012_1980_02,gb2006.pdf,gb2012.pdf,7.773,7.313,0.46,0.9,False,agreement_is_not_independent_observational_validation
1980,房山,GB2006_1980_02,GB2013_1980_02,gb2006.pdf,gb2013.pdf,7.773,7.404,0.369,1.08,False,agreement_is_not_independent_observational_validation
1980,房山,GB2006_1980_02,GB2014_1980_02,gb2006.pdf,gb2014.pdf,7.773,7.557,0.216,0.9,False,agreement_is_not_independent_observational_validation
1980,房山,GB2006_1980_02,GB2015_1980_02,gb2006.pdf,gb2015.pdf,7.773,7.654,0.119,0.93,False,agreement_is_not_independent_observational_validation
1980,房山,GB2006_1980_02,GB2016_1980_02,gb2006.pdf,gb2016.pdf,7.773,7.316,0.457,0.84,False,agreement_is_not_independent_observational_validation
1980,房山,GB2006_1980_02,GB2017_1980_02,gb2006.pdf,gb2017.pdf,7.773,7.249,0.524,0.81,False,agreement_is_not_independent_observational_validation
1980,房山,GB2006_1980_02,GB2018_1980_02,gb2006.pdf,gb2018.pdf,7.773,7.345,0.428,0.75,False,agreement_is_not_independent_observational_validation
1980,房山,GB2006_1980_02,GB2019_1980_02,gb2006.pdf,gb2019.pdf,7.773,7.75,0.023,1.22,False,agreement_is_not_independent_observational_validation
1980,房山,GB2006_1980_02,GB2020_1980_02,gb2006.pdf,gb2020.pdf,7.773,7.404,0.369,0.65,False,agreement_is_not_independent_observational_validation
1980,房山,GB2006_1980_02,GB2021_1980_02,gb2006.pdf,gb2021.pdf,7.773,7.273,0.5,0.82,False,agreement_is_not_independent_observational_validation
1980,房山,GB2006_1980_02,GB2022_1980_02,gb2006.pdf,gb2022.pdf,7.773,7.458,0.315,1.02,False,agreement_is_not_independent_observational_validation
1980,房山,GB2006_1980_02,GB2023_1980_02,gb2006.pdf,gb2023.pdf,7.773,7.393,0.38,0.87,False,agreement_is_not_independent_observational_validation
1980,房山,GB2006_1980_02,GB2024_1980_02,gb2006.pdf,gb2024.pdf,7.773,7.386,0.387,0.73,False,agreement_is_not_independent_observational_validation
1980,房山,GB2006_1980_02,GB2025_1980_02,gb2006.pdf,gb2025.pdf,7.773,7.353,0.42,0.75,False,agreement_is_not_independent_observational_validation
1980,房山,GB2007_1980_02,GB2008_1980_02,gb2007.pdf,gb2008.pdf,7.583,7.798,0.215,0.9,False,agreement_is_not_independent_observational_validation
1980,房山,GB2007_1980_02,GB2009_1980_02,gb2007.pdf,gb2009.pdf,7.583,7.369,0.214,0.9,False,agreement_is_not_independent_observational_validation
1980,房山,GB2007_1980_02,GB2010_1980_02,gb2007.pdf,gb2010.pdf,7.583,7.414,0.169,0.9,False,agreement_is_not_independent_observational_validation
1980,房山,GB2007_1980_02,GB2012_1980_02,gb2007.pdf,gb2012.pdf,7.583,7.313,0.27,0.9,False,agreement_is_not_independent_observational_validation
1980,房山,GB2007_1980_02,GB2013_1980_02,gb2007.pdf,gb2013.pdf,7.583,7.404,0.179,1.08,False,agreement_is_not_independent_observational_validation
1980,房山,GB2007_1980_02,GB2014_1980_02,gb2007.pdf,gb2014.pdf,7.583,7.557,0.026,0.9,False,agreement_is_not_independent_observational_validation
1980,房山,GB2007_1980_02,GB2015_1980_02,gb2007.pdf,gb2015.pdf,7.583,7.654,0.071,0.93,False,agreement_is_not_independent_observational_validation
1980,房山,GB2007_1980_02,GB2016_1980_02,gb2007.pdf,gb2016.pdf,7.583,7.316,0.267,0.84,False,agreement_is_not_independent_observational_validation
1980,房山,GB2007_1980_02,GB2017_1980_02,gb2007.pdf,gb2017.pdf,7.583,7.249,0.334,0.81,False,agreement_is_not_independent_observational_validation
1980,房山,GB2007_1980_02,GB2018_1980_02,gb2007.pdf,gb2018.pdf,7.583,7.345,0.238,0.75,False,agreement_is_not_independent_observational_validation
1980,房山,GB2007_1980_02,GB2019_1980_02,gb2007.pdf,gb2019.pdf,7.583,7.75,0.167,1.22,False,agreement_is_not_independent_observational_validation
1980,房山,GB2007_1980_02,GB2020_1980_02,gb2007.pdf,gb2020.pdf,7.583,7.404,0.179,0.65,False,agreement_is_not_independent_observational_validation
1980,房山,GB2007_1980_02,GB2021_1980_02,gb2007.pdf,gb2021.pdf,7.583,7.273,0.31,0.82,False,agreement_is_not_independent_observational_validation
1980,房山,GB2007_1980_02,GB2022_1980_02,gb2007.pdf,gb2022.pdf,7.583,7.458,0.125,1.02,False,agreement_is_not_independent_observational_validation
1980,房山,GB2007_1980_02,GB2023_1980_02,gb2007.pdf,gb2023.pdf,7.583,7.393,0.19,0.87,False,agreement_is_not_independent_observational_validation
1980,房山,GB2007_1980_02,GB2024_1980_02,gb2007.pdf,gb2024.pdf,7.583,7.386,0.197,0.73,False,agreement_is_not_independent_observational_validation
1980,房山,GB2007_1980_02,GB2025_1980_02,gb2007.pdf,gb2025.pdf,7.583,7.353,0.23,0.75,False,agreement_is_not_independent_observational_validation
1980,房山,GB2008_1980_02,GB2009_1980_02,gb2008.pdf,gb2009.pdf,7.798,7.369,0.429,0.6,False,agreement_is_not_independent_observational_validation
1980,房山,GB2008_1980_02,GB2010_1980_02,gb2008.pdf,gb2010.pdf,7.798,7.414,0.384,0.6,False,agreement_is_not_independent_observational_validation
1980,房山,GB2008_1980_02,GB2012_1980_02,gb2008.pdf,gb2012.pdf,7.798,7.313,0.485,0.6,False,agreement_is_not_independent_observational_validation
1980,房山,GB2008_1980_02,GB2013_1980_02,gb2008.pdf,gb2013.pdf,7.798,7.404,0.394,0.78,False,agreement_is_not_independent_observational_validation
1980,房山,GB2008_1980_02,GB2014_1980_02,gb2008.pdf,gb2014.pdf,7.798,7.557,0.241,0.6,False,agreement_is_not_independent_observational_validation
1980,房山,GB2008_1980_02,GB2015_1980_02,gb2008.pdf,gb2015.pdf,7.798,7.654,0.144,0.63,False,agreement_is_not_independent_observational_validation
1980,房山,GB2008_1980_02,GB2016_1980_02,gb2008.pdf,gb2016.pdf,7.798,7.316,0.482,0.54,False,agreement_is_not_independent_observational_validation
1980,房山,GB2008_1980_02,GB2017_1980_02,gb2008.pdf,gb2017.pdf,7.798,7.249,0.549,0.51,True,agreement_is_not_independent_observational_validation
1980,房山,GB2008_1980_02,GB2018_1980_02,gb2008.pdf,gb2018.pdf,7.798,7.345,0.453,0.5,False,agreement_is_not_independent_observational_validation
1980,房山,GB2008_1980_02,GB2019_1980_02,gb2008.pdf,gb2019.pdf,7.798,7.75,0.048,0.92,False,agreement_is_not_independent_observational_validation
1980,房山,GB2008_1980_02,GB2020_1980_02,gb2008.pdf,gb2020.pdf,7.798,7.404,0.394,0.5,False,agreement_is_not_independent_observational_validation
1980,房山,GB2008_1980_02,GB2021_1980_02,gb2008.pdf,gb2021.pdf,7.798,7.273,0.525,0.52,True,agreement_is_not_independent_observational_validation
1980,房山,GB2008_1980_02,GB2022_1980_02,gb2008.pdf,gb2022.pdf,7.798,7.458,0.34,0.72,False,agreement_is_not_independent_observational_validation
1980,房山,GB2008_1980_02,GB2023_1980_02,gb2008.pdf,gb2023.pdf,7.798,7.393,0.405,0.57,False,agreement_is_not_independent_observational_validation
1980,房山,GB2008_1980_02,GB2024_1980_02,gb2008.pdf,gb2024.pdf,7.798,7.386,0.412,0.5,False,agreement_is_not_independent_observational_validation
1980,房山,GB2008_1980_02,GB2025_1980_02,gb2008.pdf,gb2025.pdf,7.798,7.353,0.445,0.5,False,agreement_is_not_independent_observational_validation
1980,房山,GB2009_1980_02,GB2010_1980_02,gb2009.pdf,gb2010.pdf,7.369,7.414,0.045,0.6,False,agreement_is_not_independent_observational_validation
1980,房山,GB2009_1980_02,GB2012_1980_02,gb2009.pdf,gb2012.pdf,7.369,7.313,0.056,0.6,False,agreement_is_not_independent_observational_validation
1980,房山,GB2009_1980_02,GB2013_1980_02,gb2009.pdf,gb2013.pdf,7.369,7.404,0.035,0.78,False,agreement_is_not_independent_observational_validation
1980,房山,GB2009_1980_02,GB2014_1980_02,gb2009.pdf,gb2014.pdf,7.369,7.557,0.188,0.6,False,agreement_is_not_independent_observational_validation
1980,房山,GB2009_1980_02,GB2015_1980_02,gb2009.pdf,gb2015.pdf,7.369,7.654,0.285,0.63,False,agreement_is_not_independent_observational_validation
1980,房山,GB2009_1980_02,GB2016_1980_02,gb2009.pdf,gb2016.pdf,7.369,7.316,0.053,0.54,False,agreement_is_not_independent_observational_validation
1980,房山,GB2009_1980_02,GB2017_1980_02,gb2009.pdf,gb2017.pdf,7.369,7.249,0.12,0.51,False,agreement_is_not_independent_observational_validation
1980,房山,GB2009_1980_02,GB2018_1980_02,gb2009.pdf,gb2018.pdf,7.369,7.345,0.024,0.5,False,agreement_is_not_independent_observational_validation
1980,房山,GB2009_1980_02,GB2019_1980_02,gb2009.pdf,gb2019.pdf,7.369,7.75,0.381,0.92,False,agreement_is_not_independent_observational_validation
1980,房山,GB2009_1980_02,GB2020_1980_02,gb2009.pdf,gb2020.pdf,7.369,7.404,0.035,0.5,False,agreement_is_not_independent_observational_validation
1980,房山,GB2009_1980_02,GB2021_1980_02,gb2009.pdf,gb2021.pdf,7.369,7.273,0.096,0.52,False,agreement_is_not_independent_observational_validation
1980,房山,GB2009_1980_02,GB2022_1980_02,gb2009.pdf,gb2022.pdf,7.369,7.458,0.089,0.72,False,agreement_is_not_independent_observational_validation
1980,房山,GB2009_1980_02,GB2023_1980_02,gb2009.pdf,gb2023.pdf,7.369,7.393,0.024,0.57,False,agreement_is_not_independent_observational_validation
1980,房山,GB2009_1980_02,GB2024_1980_02,gb2009.pdf,gb2024.pdf,7.369,7.386,0.017,0.5,False,agreement_is_not_independent_observational_validation
1980,房山,GB2009_1980_02,GB2025_1980_02,gb2009.pdf,gb2025.pdf,7.369,7.353,0.016,0.5,False,agreement_is_not_independent_observational_validation
1980,房山,GB2010_1980_02,GB2012_1980_02,gb2010.pdf,gb2012.pdf,7.414,7.313,0.101,0.6,False,agreement_is_not_independent_observational_validation
1980,房山,GB2010_1980_02,GB2013_1980_02,gb2010.pdf,gb2013.pdf,7.414,7.404,0.01,0.78,False,agreement_is_not_independent_observational_validation
1980,房山,GB2010_1980_02,GB2014_1980_02,gb2010.pdf,gb2014.pdf,7.414,7.557,0.143,0.6,False,agreement_is_not_independent_observational_validation
1980,房山,GB2010_1980_02,GB2015_1980_02,gb2010.pdf,gb2015.pdf,7.414,7.654,0.24,0.63,False,agreement_is_not_independent_observational_validation
1980,房山,GB2010_1980_02,GB2016_1980_02,gb2010.pdf,gb2016.pdf,7.414,7.316,0.098,0.54,False,agreement_is_not_independent_observational_validation
1980,房山,GB2010_1980_02,GB2017_1980_02,gb2010.pdf,gb2017.pdf,7.414,7.249,0.165,0.51,False,agreement_is_not_independent_observational_validation
1980,房山,GB2010_1980_02,GB2018_1980_02,gb2010.pdf,gb2018.pdf,7.414,7.345,0.069,0.5,False,agreement_is_not_independent_observational_validation
1980,房山,GB2010_1980_02,GB2019_1980_02,gb2010.pdf,gb2019.pdf,7.414,7.75,0.336,0.92,False,agreement_is_not_independent_observational_validation
1980,房山,GB2010_1980_02,GB2020_1980_02,gb2010.pdf,gb2020.pdf,7.414,7.404,0.01,0.5,False,agreement_is_not_independent_observational_validation
1980,房山,GB2010_1980_02,GB2021_1980_02,gb2010.pdf,gb2021.pdf,7.414,7.273,0.141,0.52,False,agreement_is_not_independent_observational_validation
1980,房山,GB2010_1980_02,GB2022_1980_02,gb2010.pdf,gb2022.pdf,7.414,7.458,0.044,0.72,False,agreement_is_not_independent_observational_validation
1980,房山,GB2010_1980_02,GB2023_1980_02,gb2010.pdf,gb2023.pdf,7.414,7.393,0.021,0.57,False,agreement_is_not_independent_observational_validation
1980,房山,GB2010_1980_02,GB2024_1980_02,gb2010.pdf,gb2024.pdf,7.414,7.386,0.028,0.5,False,agreement_is_not_independent_observational_validation
1980,房山,GB2010_1980_02,GB2025_1980_02,gb2010.pdf,gb2025.pdf,7.414,7.353,0.061,0.5,False,agreement_is_not_independent_observational_validation
1980,房山,GB2012_1980_02,GB2013_1980_02,gb2012.pdf,gb2013.pdf,7.313,7.404,0.091,0.78,False,agreement_is_not_independent_observational_validation
1980,房山,GB2012_1980_02,GB2014_1980_02,gb2012.pdf,gb2014.pdf,7.313,7.557,0.244,0.6,False,agreement_is_not_independent_observational_validation
1980,房山,GB2012_1980_02,GB2015_1980_02,gb2012.pdf,gb2015.pdf,7.313,7.654,0.341,0.63,False,agreement_is_not_independent_observational_validation
1980,房山,GB2012_1980_02,GB2016_1980_02,gb2012.pdf,gb2016.pdf,7.313,7.316,0.003,0.54,False,agreement_is_not_independent_observational_validation
1980,房山,GB2012_1980_02,GB2017_1980_02,gb2012.pdf,gb2017.pdf,7.313,7.249,0.064,0.51,False,agreement_is_not_independent_observational_validation
1980,房山,GB2012_1980_02,GB2018_1980_02,gb2012.pdf,gb2018.pdf,7.313,7.345,0.032,0.5,False,agreement_is_not_independent_observational_validation
1980,房山,GB2012_1980_02,GB2019_1980_02,gb2012.pdf,gb2019.pdf,7.313,7.75,0.437,0.92,False,agreement_is_not_independent_observational_validation
1980,房山,GB2012_1980_02,GB2020_1980_02,gb2012.pdf,gb2020.pdf,7.313,7.404,0.091,0.5,False,agreement_is_not_independent_observational_validation
1980,房山,GB2012_1980_02,GB2021_1980_02,gb2012.pdf,gb2021.pdf,7.313,7.273,0.04,0.52,False,agreement_is_not_independent_observational_validation
1980,房山,GB2012_1980_02,GB2022_1980_02,gb2012.pdf,gb2022.pdf,7.313,7.458,0.145,0.72,False,agreement_is_not_independent_observational_validation
1980,房山,GB2012_1980_02,GB2023_1980_02,gb2012.pdf,gb2023.pdf,7.313,7.393,0.08,0.57,False,agreement_is_not_independent_observational_validation
1980,房山,GB2012_1980_02,GB2024_1980_02,gb2012.pdf,gb2024.pdf,7.313,7.386,0.073,0.5,False,agreement_is_not_independent_observational_validation
1980,房山,GB2012_1980_02,GB2025_1980_02,gb2012.pdf,gb2025.pdf,7.313,7.353,0.04,0.5,False,agreement_is_not_independent_observational_validation
1980,房山,GB2013_1980_02,GB2014_1980_02,gb2013.pdf,gb2014.pdf,7.404,7.557,0.153,0.78,False,agreement_is_not_independent_observational_validation
1980,房山,GB2013_1980_02,GB2015_1980_02,gb2013.pdf,gb2015.pdf,7.404,7.654,0.25,0.81,False,agreement_is_not_independent_observational_validation
1980,房山,GB2013_1980_02,GB2016_1980_02,gb2013.pdf,gb2016.pdf,7.404,7.316,0.088,0.72,False,agreement_is_not_independent_observational_validation
1980,房山,GB2013_1980_02,GB2017_1980_02,gb2013.pdf,gb2017.pdf,7.404,7.249,0.155,0.69,False,agreement_is_not_independent_observational_validation
1980,房山,GB2013_1980_02,GB2018_1980_02,gb2013.pdf,gb2018.pdf,7.404,7.345,0.059,0.63,False,agreement_is_not_independent_observational_validation
1980,房山,GB2013_1980_02,GB2019_1980_02,gb2013.pdf,gb2019.pdf,7.404,7.75,0.346,1.1,False,agreement_is_not_independent_observational_validation
1980,房山,GB2013_1980_02,GB2020_1980_02,gb2013.pdf,gb2020.pdf,7.404,7.404,0.0,0.53,False,agreement_is_not_independent_observational_validation
1980,房山,GB2013_1980_02,GB2021_1980_02,gb2013.pdf,gb2021.pdf,7.404,7.273,0.131,0.7,False,agreement_is_not_independent_observational_validation
1980,房山,GB2013_1980_02,GB2022_1980_02,gb2013.pdf,gb2022.pdf,7.404,7.458,0.054,0.9,False,agreement_is_not_independent_observational_validation
1980,房山,GB2013_1980_02,GB2023_1980_02,gb2013.pdf,gb2023.pdf,7.404,7.393,0.011,0.75,False,agreement_is_not_independent_observational_validation
1980,房山,GB2013_1980_02,GB2024_1980_02,gb2013.pdf,gb2024.pdf,7.404,7.386,0.018,0.61,False,agreement_is_not_independent_observational_validation
1980,房山,GB2013_1980_02,GB2025_1980_02,gb2013.pdf,gb2025.pdf,7.404,7.353,0.051,0.63,False,agreement_is_not_independent_observational_validation
1980,房山,GB2014_1980_02,GB2015_1980_02,gb2014.pdf,gb2015.pdf,7.557,7.654,0.097,0.63,False,agreement_is_not_independent_observational_validation
1980,房山,GB2014_1980_02,GB2016_1980_02,gb2014.pdf,gb2016.pdf,7.557,7.316,0.241,0.54,False,agreement_is_not_independent_observational_validation
1980,房山,GB2014_1980_02,GB2017_1980_02,gb2014.pdf,gb2017.pdf,7.557,7.249,0.308,0.51,False,agreement_is_not_independent_observational_validation
1980,房山,GB2014_1980_02,GB2018_1980_02,gb2014.pdf,gb2018.pdf,7.557,7.345,0.212,0.5,False,agreement_is_not_independent_observational_validation
1980,房山,GB2014_1980_02,GB2019_1980_02,gb2014.pdf,gb2019.pdf,7.557,7.75,0.193,0.92,False,agreement_is_not_independent_observational_validation
1980,房山,GB2014_1980_02,GB2020_1980_02,gb2014.pdf,gb2020.pdf,7.557,7.404,0.153,0.5,False,agreement_is_not_independent_observational_validation
1980,房山,GB2014_1980_02,GB2021_1980_02,gb2014.pdf,gb2021.pdf,7.557,7.273,0.284,0.52,False,agreement_is_not_independent_observational_validation
1980,房山,GB2014_1980_02,GB2022_1980_02,gb2014.pdf,gb2022.pdf,7.557,7.458,0.099,0.72,False,agreement_is_not_independent_observational_validation
1980,房山,GB2014_1980_02,GB2023_1980_02,gb2014.pdf,gb2023.pdf,7.557,7.393,0.164,0.57,False,agreement_is_not_independent_observational_validation
1980,房山,GB2014_1980_02,GB2024_1980_02,gb2014.pdf,gb2024.pdf,7.557,7.386,0.171,0.5,False,agreement_is_not_independent_observational_validation
1980,房山,GB2014_1980_02,GB2025_1980_02,gb2014.pdf,gb2025.pdf,7.557,7.353,0.204,0.5,False,agreement_is_not_independent_observational_validation
1980,房山,GB2015_1980_02,GB2016_1980_02,gb2015.pdf,gb2016.pdf,7.654,7.316,0.338,0.57,False,agreement_is_not_independent_observational_validation
1980,房山,GB2015_1980_02,GB2017_1980_02,gb2015.pdf,gb2017.pdf,7.654,7.249,0.405,0.54,False,agreement_is_not_independent_observational_validation
1980,房山,GB2015_1980_02,GB2018_1980_02,gb2015.pdf,gb2018.pdf,7.654,7.345,0.309,0.5,False,agreement_is_not_independent_observational_validation
1980,房山,GB2015_1980_02,GB2019_1980_02,gb2015.pdf,gb2019.pdf,7.654,7.75,0.096,0.95,False,agreement_is_not_independent_observational_validation
1980,房山,GB2015_1980_02,GB2020_1980_02,gb2015.pdf,gb2020.pdf,7.654,7.404,0.25,0.5,False,agreement_is_not_independent_observational_validation
1980,房山,GB2015_1980_02,GB2021_1980_02,gb2015.pdf,gb2021.pdf,7.654,7.273,0.381,0.55,False,agreement_is_not_independent_observational_validation
1980,房山,GB2015_1980_02,GB2022_1980_02,gb2015.pdf,gb2022.pdf,7.654,7.458,0.196,0.75,False,agreement_is_not_independent_observational_validation
1980,房山,GB2015_1980_02,GB2023_1980_02,gb2015.pdf,gb2023.pdf,7.654,7.393,0.261,0.6,False,agreement_is_not_independent_observational_validation
1980,房山,GB2015_1980_02,GB2024_1980_02,gb2015.pdf,gb2024.pdf,7.654,7.386,0.268,0.5,False,agreement_is_not_independent_observational_validation
1980,房山,GB2015_1980_02,GB2025_1980_02,gb2015.pdf,gb2025.pdf,7.654,7.353,0.301,0.5,False,agreement_is_not_independent_observational_validation
1980,房山,GB2016_1980_02,GB2017_1980_02,gb2016.pdf,gb2017.pdf,7.316,7.249,0.067,0.5,False,agreement_is_not_independent_observational_validation
1980,房山,GB2016_1980_02,GB2018_1980_02,gb2016.pdf,gb2018.pdf,7.316,7.345,0.029,0.5,False,agreement_is_not_independent_observational_validation
1980,房山,GB2016_1980_02,GB2019_1980_02,gb2016.pdf,gb2019.pdf,7.316,7.75,0.434,0.86,False,agreement_is_not_independent_observational_validation
1980,房山,GB2016_1980_02,GB2020_1980_02,gb2016.pdf,gb2020.pdf,7.316,7.404,0.088,0.5,False,agreement_is_not_independent_observational_validation
1980,房山,GB2016_1980_02,GB2021_1980_02,gb2016.pdf,gb2021.pdf,7.316,7.273,0.043,0.5,False,agreement_is_not_independent_observational_validation
1980,房山,GB2016_1980_02,GB2022_1980_02,gb2016.pdf,gb2022.pdf,7.316,7.458,0.142,0.66,False,agreement_is_not_independent_observational_validation
1980,房山,GB2016_1980_02,GB2023_1980_02,gb2016.pdf,gb2023.pdf,7.316,7.393,0.077,0.51,False,agreement_is_not_independent_observational_validation
1980,房山,GB2016_1980_02,GB2024_1980_02,gb2016.pdf,gb2024.pdf,7.316,7.386,0.07,0.5,False,agreement_is_not_independent_observational_validation
1980,房山,GB2016_1980_02,GB2025_1980_02,gb2016.pdf,gb2025.pdf,7.316,7.353,0.037,0.5,False,agreement_is_not_independent_observational_validation
1980,房山,GB2017_1980_02,GB2018_1980_02,gb2017.pdf,gb2018.pdf,7.249,7.345,0.096,0.5,False,agreement_is_not_independent_observational_validation
1980,房山,GB2017_1980_02,GB2019_1980_02,gb2017.pdf,gb2019.pdf,7.249,7.75,0.501,0.83,False,agreement_is_not_independent_observational_validation
1980,房山,GB2017_1980_02,GB2020_1980_02,gb2017.pdf,gb2020.pdf,7.249,7.404,0.155,0.5,False,agreement_is_not_independent_observational_validation
1980,房山,GB2017_1980_02,GB2021_1980_02,gb2017.pdf,gb2021.pdf,7.249,7.273,0.024,0.5,False,agreement_is_not_independent_observational_validation
1980,房山,GB2017_1980_02,GB2022_1980_02,gb2017.pdf,gb2022.pdf,7.249,7.458,0.209,0.63,False,agreement_is_not_independent_observational_validation
1980,房山,GB2017_1980_02,GB2023_1980_02,gb2017.pdf,gb2023.pdf,7.249,7.393,0.144,0.5,False,agreement_is_not_independent_observational_validation
1980,房山,GB2017_1980_02,GB2024_1980_02,gb2017.pdf,gb2024.pdf,7.249,7.386,0.137,0.5,False,agreement_is_not_independent_observational_validation
1980,房山,GB2017_1980_02,GB2025_1980_02,gb2017.pdf,gb2025.pdf,7.249,7.353,0.104,0.5,False,agreement_is_not_independent_observational_validation
1980,房山,GB2018_1980_02,GB2019_1980_02,gb2018.pdf,gb2019.pdf,7.345,7.75,0.405,0.77,False,agreement_is_not_independent_observational_validation
1980,房山,GB2018_1980_02,GB2020_1980_02,gb2018.pdf,gb2020.pdf,7.345,7.404,0.059,0.5,False,agreement_is_not_independent_observational_validation
1980,房山,GB2018_1980_02,GB2021_1980_02,gb2018.pdf,gb2021.pdf,7.345,7.273,0.072,0.5,False,agreement_is_not_independent_observational_validation
1980,房山,GB2018_1980_02,GB2022_1980_02,gb2018.pdf,gb2022.pdf,7.345,7.458,0.113,0.57,False,agreement_is_not_independent_observational_validation
1980,房山,GB2018_1980_02,GB2023_1980_02,gb2018.pdf,gb2023.pdf,7.345,7.393,0.048,0.5,False,agreement_is_not_independent_observational_validation
1980,房山,GB2018_1980_02,GB2024_1980_02,gb2018.pdf,gb2024.pdf,7.345,7.386,0.041,0.5,False,agreement_is_not_independent_observational_validation
1980,房山,GB2018_1980_02,GB2025_1980_02,gb2018.pdf,gb2025.pdf,7.345,7.353,0.008,0.5,False,agreement_is_not_independent_observational_validation
1980,房山,GB2019_1980_02,GB2020_1980_02,gb2019.pdf,gb2020.pdf,7.75,7.404,0.346,0.67,False,agreement_is_not_independent_observational_validation
1980,房山,GB2019_1980_02,GB2021_1980_02,gb2019.pdf,gb2021.pdf,7.75,7.273,0.477,0.84,False,agreement_is_not_independent_observational_validation
1980,房山,GB2019_1980_02,GB2022_1980_02,gb2019.pdf,gb2022.pdf,7.75,7.458,0.292,1.04,False,agreement_is_not_independent_observational_validation
1980,房山,GB2019_1980_02,GB2023_1980_02,gb2019.pdf,gb2023.pdf,7.75,7.393,0.357,0.89,False,agreement_is_not_independent_observational_validation
1980,房山,GB2019_1980_02,GB2024_1980_02,gb2019.pdf,gb2024.pdf,7.75,7.386,0.364,0.75,False,agreement_is_not_independent_observational_validation
1980,房山,GB2019_1980_02,GB2025_1980_02,gb2019.pdf,gb2025.pdf,7.75,7.353,0.397,0.77,False,agreement_is_not_independent_observational_validation
1980,房山,GB2020_1980_02,GB2021_1980_02,gb2020.pdf,gb2021.pdf,7.404,7.273,0.131,0.5,False,agreement_is_not_independent_observational_validation
1980,房山,GB2020_1980_02,GB2022_1980_02,gb2020.pdf,gb2022.pdf,7.404,7.458,0.054,0.5,False,agreement_is_not_independent_observational_validation
1980,房山,GB2020_1980_02,GB2023_1980_02,gb2020.pdf,gb2023.pdf,7.404,7.393,0.011,0.5,False,agreement_is_not_independent_observational_validation
1980,房山,GB2020_1980_02,GB2024_1980_02,gb2020.pdf,gb2024.pdf,7.404,7.386,0.018,0.5,False,agreement_is_not_independent_observational_validation
1980,房山,GB2020_1980_02,GB2025_1980_02,gb2020.pdf,gb2025.pdf,7.404,7.353,0.051,0.5,False,agreement_is_not_independent_observational_validation
1980,房山,GB2021_1980_02,GB2022_1980_02,gb2021.pdf,gb2022.pdf,7.273,7.458,0.185,0.64,False,agreement_is_not_independent_observational_validation
1980,房山,GB2021_1980_02,GB2023_1980_02,gb2021.pdf,gb2023.pdf,7.273,7.393,0.12,0.5,False,agreement_is_not_independent_observational_validation
1980,房山,GB2021_1980_02,GB2024_1980_02,gb2021.pdf,gb2024.pdf,7.273,7.386,0.113,0.5,False,agreement_is_not_independent_observational_validation
1980,房山,GB2021_1980_02,GB2025_1980_02,gb2021.pdf,gb2025.pdf,7.273,7.353,0.08,0.5,False,agreement_is_not_independent_observational_validation
1980,房山,GB2022_1980_02,GB2023_1980_02,gb2022.pdf,gb2023.pdf,7.458,7.393,0.065,0.69,False,agreement_is_not_independent_observational_validation
1980,房山,GB2022_1980_02,GB2024_1980_02,gb2022.pdf,gb2024.pdf,7.458,7.386,0.072,0.55,False,agreement_is_not_independent_observational_validation
1980,房山,GB2022_1980_02,GB2025_1980_02,gb2022.pdf,gb2025.pdf,7.458,7.353,0.105,0.57,False,agreement_is_not_independent_observational_validation
1980,房山,GB2023_1980_02,GB2024_1980_02,gb2023.pdf,gb2024.pdf,7.393,7.386,0.007,0.5,False,agreement_is_not_independent_observational_validation
1980,房山,GB2023_1980_02,GB2025_1980_02,gb2023.pdf,gb2025.pdf,7.393,7.353,0.04,0.5,False,agreement_is_not_independent_observational_validation
1980,房山,GB2024_1980_02,GB2025_1980_02,gb2024.pdf,gb2025.pdf,7.386,7.353,0.033,0.5,False,agreement_is_not_independent_observational_validation
1980,昌平,GB2001_1980_06,GB2002_1980_07,gb2001.pdf,gb2002.pdf,6.512,6.484,0.028,0.6,False,agreement_is_not_independent_observational_validation
1980,昌平,GB2001_1980_06,GB2003_1980_07,gb2001.pdf,gb2003.pdf,6.512,6.5,0.012,0.9,False,agreement_is_not_independent_observational_validation
1980,昌平,GB2001_1980_06,GB2004_1980_04,gb2001.pdf,gb2004.pdf,6.512,6.818,0.306,0.9,False,agreement_is_not_independent_observational_validation
1980,昌平,GB2001_1980_06,GB2006_1980_04,gb2001.pdf,gb2006.pdf,6.512,6.909,0.397,0.9,False,agreement_is_not_independent_observational_validation
1980,昌平,GB2001_1980_06,GB2007_1980_04,gb2001.pdf,gb2007.pdf,6.512,6.788,0.276,0.9,False,agreement_is_not_independent_observational_validation
1980,昌平,GB2001_1980_06,GB2008_1980_04,gb2001.pdf,gb2008.pdf,6.512,7.035,0.523,0.6,False,agreement_is_not_independent_observational_validation
1980,昌平,GB2001_1980_06,GB2009_1980_04,gb2001.pdf,gb2009.pdf,6.512,6.717,0.205,0.6,False,agreement_is_not_independent_observational_validation
1980,昌平,GB2001_1980_06,GB2010_1980_04,gb2001.pdf,gb2010.pdf,6.512,6.803,0.291,0.6,False,agreement_is_not_independent_observational_validation
1980,昌平,GB2001_1980_06,GB2012_1980_04,gb2001.pdf,gb2012.pdf,6.512,6.721,0.209,0.6,False,agreement_is_not_independent_observational_validation
1980,昌平,GB2001_1980_06,GB2013_1980_04,gb2001.pdf,gb2013.pdf,6.512,6.825,0.313,0.78,False,agreement_is_not_independent_observational_validation
1980,昌平,GB2001_1980_06,GB2014_1980_04,gb2001.pdf,gb2014.pdf,6.512,6.825,0.313,0.6,False,agreement_is_not_independent_observational_validation
1980,昌平,GB2001_1980_06,GB2015_1980_04,gb2001.pdf,gb2015.pdf,6.512,6.862,0.35,0.63,False,agreement_is_not_independent_observational_validation
1980,昌平,GB2001_1980_06,GB2016_1980_04,gb2001.pdf,gb2016.pdf,6.512,6.642,0.13,0.54,False,agreement_is_not_independent_observational_validation
1980,昌平,GB2001_1980_06,GB2017_1980_04,gb2001.pdf,gb2017.pdf,6.512,6.578,0.066,0.51,False,agreement_is_not_independent_observational_validation
1980,昌平,GB2001_1980_06,GB2018_1980_04,gb2001.pdf,gb2018.pdf,6.512,6.663,0.151,0.5,False,agreement_is_not_independent_observational_validation
1980,昌平,GB2001_1980_06,GB2019_1980_04,gb2001.pdf,gb2019.pdf,6.512,7.0,0.488,0.92,False,agreement_is_not_independent_observational_validation
1980,昌平,GB2001_1980_06,GB2020_1980_04,gb2001.pdf,gb2020.pdf,6.512,6.69,0.178,0.5,False,agreement_is_not_independent_observational_validation
1980,昌平,GB2001_1980_06,GB2021_1980_04,gb2001.pdf,gb2021.pdf,6.512,6.652,0.14,0.52,False,agreement_is_not_independent_observational_validation
1980,昌平,GB2001_1980_06,GB2022_1980_04,gb2001.pdf,gb2022.pdf,6.512,6.441,0.071,0.72,False,agreement_is_not_independent_observational_validation
1980,昌平,GB2001_1980_06,GB2023_1980_05,gb2001.pdf,gb2023.pdf,6.512,6.75,0.238,0.57,False,agreement_is_not_independent_observational_validation
1980,昌平,GB2001_1980_06,GB2024_1980_05,gb2001.pdf,gb2024.pdf,6.512,6.663,0.151,0.5,False,agreement_is_not_independent_observational_validation
1980,昌平,GB2001_1980_06,GB2025_1980_06,gb2001.pdf,gb2025.pdf,6.512,6.647,0.135,0.5,False,agreement_is_not_independent_observational_validation
1980,昌平,GB2002_1980_07,GB2003_1980_07,gb2002.pdf,gb2003.pdf,6.484,6.5,0.016,0.9,False,agreement_is_not_independent_observational_validation
1980,昌平,GB2002_1980_07,GB2004_1980_04,gb2002.pdf,gb2004.pdf,6.484,6.818,0.334,0.9,False,agreement_is_not_independent_observational_validation
1980,昌平,GB2002_1980_07,GB2006_1980_04,gb2002.pdf,gb2006.pdf,6.484,6.909,0.425,0.9,False,agreement_is_not_independent_observational_validation
1980,昌平,GB2002_1980_07,GB2007_1980_04,gb2002.pdf,gb2007.pdf,6.484,6.788,0.304,0.9,False,agreement_is_not_independent_observational_validation
1980,昌平,GB2002_1980_07,GB2008_1980_04,gb2002.pdf,gb2008.pdf,6.484,7.035,0.551,0.6,False,agreement_is_not_independent_observational_validation
1980,昌平,GB2002_1980_07,GB2009_1980_04,gb2002.pdf,gb2009.pdf,6.484,6.717,0.233,0.6,False,agreement_is_not_independent_observational_validation
1980,昌平,GB2002_1980_07,GB2010_1980_04,gb2002.pdf,gb2010.pdf,6.484,6.803,0.319,0.6,False,agreement_is_not_independent_observational_validation
1980,昌平,GB2002_1980_07,GB2012_1980_04,gb2002.pdf,gb2012.pdf,6.484,6.721,0.237,0.6,False,agreement_is_not_independent_observational_validation
1980,昌平,GB2002_1980_07,GB2013_1980_04,gb2002.pdf,gb2013.pdf,6.484,6.825,0.341,0.78,False,agreement_is_not_independent_observational_validation
1980,昌平,GB2002_1980_07,GB2014_1980_04,gb2002.pdf,gb2014.pdf,6.484,6.825,0.341,0.6,False,agreement_is_not_independent_observational_validation
1980,昌平,GB2002_1980_07,GB2015_1980_04,gb2002.pdf,gb2015.pdf,6.484,6.862,0.378,0.63,False,agreement_is_not_independent_observational_validation
1980,昌平,GB2002_1980_07,GB2016_1980_04,gb2002.pdf,gb2016.pdf,6.484,6.642,0.158,0.54,False,agreement_is_not_independent_observational_validation
1980,昌平,GB2002_1980_07,GB2017_1980_04,gb2002.pdf,gb2017.pdf,6.484,6.578,0.094,0.51,False,agreement_is_not_independent_observational_validation
1980,昌平,GB2002_1980_07,GB2018_1980_04,gb2002.pdf,gb2018.pdf,6.484,6.663,0.179,0.5,False,agreement_is_not_independent_observational_validation
1980,昌平,GB2002_1980_07,GB2019_1980_04,gb2002.pdf,gb2019.pdf,6.484,7.0,0.516,0.92,False,agreement_is_not_independent_observational_validation
1980,昌平,GB2002_1980_07,GB2020_1980_04,gb2002.pdf,gb2020.pdf,6.484,6.69,0.206,0.5,False,agreement_is_not_independent_observational_validation
1980,昌平,GB2002_1980_07,GB2021_1980_04,gb2002.pdf,gb2021.pdf,6.484,6.652,0.168,0.52,False,agreement_is_not_independent_observational_validation
1980,昌平,GB2002_1980_07,GB2022_1980_04,gb2002.pdf,gb2022.pdf,6.484,6.441,0.043,0.72,False,agreement_is_not_independent_observational_validation
1980,昌平,GB2002_1980_07,GB2023_1980_05,gb2002.pdf,gb2023.pdf,6.484,6.75,0.266,0.57,False,agreement_is_not_independent_observational_validation
1980,昌平,GB2002_1980_07,GB2024_1980_05,gb2002.pdf,gb2024.pdf,6.484,6.663,0.179,0.5,False,agreement_is_not_independent_observational_validation
1980,昌平,GB2002_1980_07,GB2025_1980_06,gb2002.pdf,gb2025.pdf,6.484,6.647,0.163,0.5,False,agreement_is_not_independent_observational_validation
1980,昌平,GB2003_1980_07,GB2004_1980_04,gb2003.pdf,gb2004.pdf,6.5,6.818,0.318,1.2,False,agreement_is_not_independent_observational_validation
1980,昌平,GB2003_1980_07,GB2006_1980_04,gb2003.pdf,gb2006.pdf,6.5,6.909,0.409,1.2,False,agreement_is_not_independent_observational_validation
1980,昌平,GB2003_1980_07,GB2007_1980_04,gb2003.pdf,gb2007.pdf,6.5,6.788,0.288,1.2,False,agreement_is_not_independent_observational_validation
1980,昌平,GB2003_1980_07,GB2008_1980_04,gb2003.pdf,gb2008.pdf,6.5,7.035,0.535,0.9,False,agreement_is_not_independent_observational_validation
1980,昌平,GB2003_1980_07,GB2009_1980_04,gb2003.pdf,gb2009.pdf,6.5,6.717,0.217,0.9,False,agreement_is_not_independent_observational_validation
1980,昌平,GB2003_1980_07,GB2010_1980_04,gb2003.pdf,gb2010.pdf,6.5,6.803,0.303,0.9,False,agreement_is_not_independent_observational_validation
1980,昌平,GB2003_1980_07,GB2012_1980_04,gb2003.pdf,gb2012.pdf,6.5,6.721,0.221,0.9,False,agreement_is_not_independent_observational_validation
1980,昌平,GB2003_1980_07,GB2013_1980_04,gb2003.pdf,gb2013.pdf,6.5,6.825,0.325,1.08,False,agreement_is_not_independent_observational_validation
1980,昌平,GB2003_1980_07,GB2014_1980_04,gb2003.pdf,gb2014.pdf,6.5,6.825,0.325,0.9,False,agreement_is_not_independent_observational_validation
1980,昌平,GB2003_1980_07,GB2015_1980_04,gb2003.pdf,gb2015.pdf,6.5,6.862,0.362,0.93,False,agreement_is_not_independent_observational_validation
1980,昌平,GB2003_1980_07,GB2016_1980_04,gb2003.pdf,gb2016.pdf,6.5,6.642,0.142,0.84,False,agreement_is_not_independent_observational_validation
1980,昌平,GB2003_1980_07,GB2017_1980_04,gb2003.pdf,gb2017.pdf,6.5,6.578,0.078,0.81,False,agreement_is_not_independent_observational_validation
1980,昌平,GB2003_1980_07,GB2018_1980_04,gb2003.pdf,gb2018.pdf,6.5,6.663,0.163,0.75,False,agreement_is_not_independent_observational_validation
1980,昌平,GB2003_1980_07,GB2019_1980_04,gb2003.pdf,gb2019.pdf,6.5,7.0,0.5,1.22,False,agreement_is_not_independent_observational_validation
1980,昌平,GB2003_1980_07,GB2020_1980_04,gb2003.pdf,gb2020.pdf,6.5,6.69,0.19,0.65,False,agreement_is_not_independent_observational_validation
1980,昌平,GB2003_1980_07,GB2021_1980_04,gb2003.pdf,gb2021.pdf,6.5,6.652,0.152,0.82,False,agreement_is_not_independent_observational_validation
1980,昌平,GB2003_1980_07,GB2022_1980_04,gb2003.pdf,gb2022.pdf,6.5,6.441,0.059,1.02,False,agreement_is_not_independent_observational_validation
1980,昌平,GB2003_1980_07,GB2023_1980_05,gb2003.pdf,gb2023.pdf,6.5,6.75,0.25,0.87,False,agreement_is_not_independent_observational_validation
1980,昌平,GB2003_1980_07,GB2024_1980_05,gb2003.pdf,gb2024.pdf,6.5,6.663,0.163,0.73,False,agreement_is_not_independent_observational_validation
1980,昌平,GB2003_1980_07,GB2025_1980_06,gb2003.pdf,gb2025.pdf,6.5,6.647,0.147,0.75,False,agreement_is_not_independent_observational_validation
1980,昌平,GB2004_1980_04,GB2006_1980_04,gb2004.pdf,gb2006.pdf,6.818,6.909,0.091,1.2,False,agreement_is_not_independent_observational_validation
1980,昌平,GB2004_1980_04,GB2007_1980_04,gb2004.pdf,gb2007.pdf,6.818,6.788,0.03,1.2,False,agreement_is_not_independent_observational_validation
1980,昌平,GB2004_1980_04,GB2008_1980_04,gb2004.pdf,gb2008.pdf,6.818,7.035,0.217,0.9,False,agreement_is_not_independent_observational_validation
1980,昌平,GB2004_1980_04,GB2009_1980_04,gb2004.pdf,gb2009.pdf,6.818,6.717,0.101,0.9,False,agreement_is_not_independent_observational_validation
1980,昌平,GB2004_1980_04,GB2010_1980_04,gb2004.pdf,gb2010.pdf,6.818,6.803,0.015,0.9,False,agreement_is_not_independent_observational_validation
1980,昌平,GB2004_1980_04,GB2012_1980_04,gb2004.pdf,gb2012.pdf,6.818,6.721,0.097,0.9,False,agreement_is_not_independent_observational_validation
1980,昌平,GB2004_1980_04,GB2013_1980_04,gb2004.pdf,gb2013.pdf,6.818,6.825,0.007,1.08,False,agreement_is_not_independent_observational_validation
1980,昌平,GB2004_1980_04,GB2014_1980_04,gb2004.pdf,gb2014.pdf,6.818,6.825,0.007,0.9,False,agreement_is_not_independent_observational_validation
1980,昌平,GB2004_1980_04,GB2015_1980_04,gb2004.pdf,gb2015.pdf,6.818,6.862,0.044,0.93,False,agreement_is_not_independent_observational_validation
1980,昌平,GB2004_1980_04,GB2016_1980_04,gb2004.pdf,gb2016.pdf,6.818,6.642,0.176,0.84,False,agreement_is_not_independent_observational_validation
1980,昌平,GB2004_1980_04,GB2017_1980_04,gb2004.pdf,gb2017.pdf,6.818,6.578,0.24,0.81,False,agreement_is_not_independent_observational_validation
1980,昌平,GB2004_1980_04,GB2018_1980_04,gb2004.pdf,gb2018.pdf,6.818,6.663,0.155,0.75,False,agreement_is_not_independent_observational_validation
1980,昌平,GB2004_1980_04,GB2019_1980_04,gb2004.pdf,gb2019.pdf,6.818,7.0,0.182,1.22,False,agreement_is_not_independent_observational_validation
1980,昌平,GB2004_1980_04,GB2020_1980_04,gb2004.pdf,gb2020.pdf,6.818,6.69,0.128,0.65,False,agreement_is_not_independent_observational_validation
1980,昌平,GB2004_1980_04,GB2021_1980_04,gb2004.pdf,gb2021.pdf,6.818,6.652,0.166,0.82,False,agreement_is_not_independent_observational_validation
1980,昌平,GB2004_1980_04,GB2022_1980_04,gb2004.pdf,gb2022.pdf,6.818,6.441,0.377,1.02,False,agreement_is_not_independent_observational_validation
1980,昌平,GB2004_1980_04,GB2023_1980_05,gb2004.pdf,gb2023.pdf,6.818,6.75,0.068,0.87,False,agreement_is_not_independent_observational_validation
1980,昌平,GB2004_1980_04,GB2024_1980_05,gb2004.pdf,gb2024.pdf,6.818,6.663,0.155,0.73,False,agreement_is_not_independent_observational_validation
1980,昌平,GB2004_1980_04,GB2025_1980_06,gb2004.pdf,gb2025.pdf,6.818,6.647,0.171,0.75,False,agreement_is_not_independent_observational_validation
1980,昌平,GB2006_1980_04,GB2007_1980_04,gb2006.pdf,gb2007.pdf,6.909,6.788,0.121,1.2,False,agreement_is_not_independent_observational_validation
1980,昌平,GB2006_1980_04,GB2008_1980_04,gb2006.pdf,gb2008.pdf,6.909,7.035,0.126,0.9,False,agreement_is_not_independent_observational_validation
1980,昌平,GB2006_1980_04,GB2009_1980_04,gb2006.pdf,gb2009.pdf,6.909,6.717,0.192,0.9,False,agreement_is_not_independent_observational_validation
1980,昌平,GB2006_1980_04,GB2010_1980_04,gb2006.pdf,gb2010.pdf,6.909,6.803,0.106,0.9,False,agreement_is_not_independent_observational_validation
1980,昌平,GB2006_1980_04,GB2012_1980_04,gb2006.pdf,gb2012.pdf,6.909,6.721,0.188,0.9,False,agreement_is_not_independent_observational_validation
1980,昌平,GB2006_1980_04,GB2013_1980_04,gb2006.pdf,gb2013.pdf,6.909,6.825,0.084,1.08,False,agreement_is_not_independent_observational_validation
1980,昌平,GB2006_1980_04,GB2014_1980_04,gb2006.pdf,gb2014.pdf,6.909,6.825,0.084,0.9,False,agreement_is_not_independent_observational_validation
1980,昌平,GB2006_1980_04,GB2015_1980_04,gb2006.pdf,gb2015.pdf,6.909,6.862,0.047,0.93,False,agreement_is_not_independent_observational_validation
1980,昌平,GB2006_1980_04,GB2016_1980_04,gb2006.pdf,gb2016.pdf,6.909,6.642,0.267,0.84,False,agreement_is_not_independent_observational_validation
1980,昌平,GB2006_1980_04,GB2017_1980_04,gb2006.pdf,gb2017.pdf,6.909,6.578,0.331,0.81,False,agreement_is_not_independent_observational_validation
1980,昌平,GB2006_1980_04,GB2018_1980_04,gb2006.pdf,gb2018.pdf,6.909,6.663,0.246,0.75,False,agreement_is_not_independent_observational_validation
1980,昌平,GB2006_1980_04,GB2019_1980_04,gb2006.pdf,gb2019.pdf,6.909,7.0,0.091,1.22,False,agreement_is_not_independent_observational_validation
1980,昌平,GB2006_1980_04,GB2020_1980_04,gb2006.pdf,gb2020.pdf,6.909,6.69,0.219,0.65,False,agreement_is_not_independent_observational_validation
1980,昌平,GB2006_1980_04,GB2021_1980_04,gb2006.pdf,gb2021.pdf,6.909,6.652,0.257,0.82,False,agreement_is_not_independent_observational_validation
1980,昌平,GB2006_1980_04,GB2022_1980_04,gb2006.pdf,gb2022.pdf,6.909,6.441,0.468,1.02,False,agreement_is_not_independent_observational_validation
1980,昌平,GB2006_1980_04,GB2023_1980_05,gb2006.pdf,gb2023.pdf,6.909,6.75,0.159,0.87,False,agreement_is_not_independent_observational_validation
1980,昌平,GB2006_1980_04,GB2024_1980_05,gb2006.pdf,gb2024.pdf,6.909,6.663,0.246,0.73,False,agreement_is_not_independent_observational_validation
1980,昌平,GB2006_1980_04,GB2025_1980_06,gb2006.pdf,gb2025.pdf,6.909,6.647,0.262,0.75,False,agreement_is_not_independent_observational_validation
1980,昌平,GB2007_1980_04,GB2008_1980_04,gb2007.pdf,gb2008.pdf,6.788,7.035,0.247,0.9,False,agreement_is_not_independent_observational_validation
1980,昌平,GB2007_1980_04,GB2009_1980_04,gb2007.pdf,gb2009.pdf,6.788,6.717,0.071,0.9,False,agreement_is_not_independent_observational_validation
1980,昌平,GB2007_1980_04,GB2010_1980_04,gb2007.pdf,gb2010.pdf,6.788,6.803,0.015,0.9,False,agreement_is_not_independent_observational_validation
1980,昌平,GB2007_1980_04,GB2012_1980_04,gb2007.pdf,gb2012.pdf,6.788,6.721,0.067,0.9,False,agreement_is_not_independent_observational_validation
1980,昌平,GB2007_1980_04,GB2013_1980_04,gb2007.pdf,gb2013.pdf,6.788,6.825,0.037,1.08,False,agreement_is_not_independent_observational_validation
1980,昌平,GB2007_1980_04,GB2014_1980_04,gb2007.pdf,gb2014.pdf,6.788,6.825,0.037,0.9,False,agreement_is_not_independent_observational_validation
1980,昌平,GB2007_1980_04,GB2015_1980_04,gb2007.pdf,gb2015.pdf,6.788,6.862,0.074,0.93,False,agreement_is_not_independent_observational_validation
1980,昌平,GB2007_1980_04,GB2016_1980_04,gb2007.pdf,gb2016.pdf,6.788,6.642,0.146,0.84,False,agreement_is_not_independent_observational_validation
1980,昌平,GB2007_1980_04,GB2017_1980_04,gb2007.pdf,gb2017.pdf,6.788,6.578,0.21,0.81,False,agreement_is_not_independent_observational_validation
1980,昌平,GB2007_1980_04,GB2018_1980_04,gb2007.pdf,gb2018.pdf,6.788,6.663,0.125,0.75,False,agreement_is_not_independent_observational_validation
1980,昌平,GB2007_1980_04,GB2019_1980_04,gb2007.pdf,gb2019.pdf,6.788,7.0,0.212,1.22,False,agreement_is_not_independent_observational_validation
1980,昌平,GB2007_1980_04,GB2020_1980_04,gb2007.pdf,gb2020.pdf,6.788,6.69,0.098,0.65,False,agreement_is_not_independent_observational_validation
1980,昌平,GB2007_1980_04,GB2021_1980_04,gb2007.pdf,gb2021.pdf,6.788,6.652,0.136,0.82,False,agreement_is_not_independent_observational_validation
1980,昌平,GB2007_1980_04,GB2022_1980_04,gb2007.pdf,gb2022.pdf,6.788,6.441,0.347,1.02,False,agreement_is_not_independent_observational_validation
1980,昌平,GB2007_1980_04,GB2023_1980_05,gb2007.pdf,gb2023.pdf,6.788,6.75,0.038,0.87,False,agreement_is_not_independent_observational_validation
1980,昌平,GB2007_1980_04,GB2024_1980_05,gb2007.pdf,gb2024.pdf,6.788,6.663,0.125,0.73,False,agreement_is_not_independent_observational_validation
1980,昌平,GB2007_1980_04,GB2025_1980_06,gb2007.pdf,gb2025.pdf,6.788,6.647,0.141,0.75,False,agreement_is_not_independent_observational_validation
1980,昌平,GB2008_1980_04,GB2009_1980_04,gb2008.pdf,gb2009.pdf,7.035,6.717,0.318,0.6,False,agreement_is_not_independent_observational_validation
1980,昌平,GB2008_1980_04,GB2010_1980_04,gb2008.pdf,gb2010.pdf,7.035,6.803,0.232,0.6,False,agreement_is_not_independent_observational_validation
1980,昌平,GB2008_1980_04,GB2012_1980_04,gb2008.pdf,gb2012.pdf,7.035,6.721,0.314,0.6,False,agreement_is_not_independent_observational_validation
1980,昌平,GB2008_1980_04,GB2013_1980_04,gb2008.pdf,gb2013.pdf,7.035,6.825,0.21,0.78,False,agreement_is_not_independent_observational_validation
1980,昌平,GB2008_1980_04,GB2014_1980_04,gb2008.pdf,gb2014.pdf,7.035,6.825,0.21,0.6,False,agreement_is_not_independent_observational_validation
1980,昌平,GB2008_1980_04,GB2015_1980_04,gb2008.pdf,gb2015.pdf,7.035,6.862,0.173,0.63,False,agreement_is_not_independent_observational_validation
1980,昌平,GB2008_1980_04,GB2016_1980_04,gb2008.pdf,gb2016.pdf,7.035,6.642,0.393,0.54,False,agreement_is_not_independent_observational_validation
1980,昌平,GB2008_1980_04,GB2017_1980_04,gb2008.pdf,gb2017.pdf,7.035,6.578,0.457,0.51,False,agreement_is_not_independent_observational_validation
1980,昌平,GB2008_1980_04,GB2018_1980_04,gb2008.pdf,gb2018.pdf,7.035,6.663,0.372,0.5,False,agreement_is_not_independent_observational_validation
1980,昌平,GB2008_1980_04,GB2019_1980_04,gb2008.pdf,gb2019.pdf,7.035,7.0,0.035,0.92,False,agreement_is_not_independent_observational_validation
1980,昌平,GB2008_1980_04,GB2020_1980_04,gb2008.pdf,gb2020.pdf,7.035,6.69,0.345,0.5,False,agreement_is_not_independent_observational_validation
1980,昌平,GB2008_1980_04,GB2021_1980_04,gb2008.pdf,gb2021.pdf,7.035,6.652,0.383,0.52,False,agreement_is_not_independent_observational_validation
1980,昌平,GB2008_1980_04,GB2022_1980_04,gb2008.pdf,gb2022.pdf,7.035,6.441,0.594,0.72,False,agreement_is_not_independent_observational_validation
1980,昌平,GB2008_1980_04,GB2023_1980_05,gb2008.pdf,gb2023.pdf,7.035,6.75,0.285,0.57,False,agreement_is_not_independent_observational_validation
1980,昌平,GB2008_1980_04,GB2024_1980_05,gb2008.pdf,gb2024.pdf,7.035,6.663,0.372,0.5,False,agreement_is_not_independent_observational_validation
1980,昌平,GB2008_1980_04,GB2025_1980_06,gb2008.pdf,gb2025.pdf,7.035,6.647,0.388,0.5,False,agreement_is_not_independent_observational_validation
1980,昌平,GB2009_1980_04,GB2010_1980_04,gb2009.pdf,gb2010.pdf,6.717,6.803,0.086,0.6,False,agreement_is_not_independent_observational_validation
1980,昌平,GB2009_1980_04,GB2012_1980_04,gb2009.pdf,gb2012.pdf,6.717,6.721,0.004,0.6,False,agreement_is_not_independent_observational_validation
1980,昌平,GB2009_1980_04,GB2013_1980_04,gb2009.pdf,gb2013.pdf,6.717,6.825,0.108,0.78,False,agreement_is_not_independent_observational_validation
1980,昌平,GB2009_1980_04,GB2014_1980_04,gb2009.pdf,gb2014.pdf,6.717,6.825,0.108,0.6,False,agreement_is_not_independent_observational_validation
1980,昌平,GB2009_1980_04,GB2015_1980_04,gb2009.pdf,gb2015.pdf,6.717,6.862,0.145,0.63,False,agreement_is_not_independent_observational_validation
1980,昌平,GB2009_1980_04,GB2016_1980_04,gb2009.pdf,gb2016.pdf,6.717,6.642,0.075,0.54,False,agreement_is_not_independent_observational_validation
1980,昌平,GB2009_1980_04,GB2017_1980_04,gb2009.pdf,gb2017.pdf,6.717,6.578,0.139,0.51,False,agreement_is_not_independent_observational_validation
1980,昌平,GB2009_1980_04,GB2018_1980_04,gb2009.pdf,gb2018.pdf,6.717,6.663,0.054,0.5,False,agreement_is_not_independent_observational_validation
1980,昌平,GB2009_1980_04,GB2019_1980_04,gb2009.pdf,gb2019.pdf,6.717,7.0,0.283,0.92,False,agreement_is_not_independent_observational_validation
1980,昌平,GB2009_1980_04,GB2020_1980_04,gb2009.pdf,gb2020.pdf,6.717,6.69,0.027,0.5,False,agreement_is_not_independent_observational_validation
1980,昌平,GB2009_1980_04,GB2021_1980_04,gb2009.pdf,gb2021.pdf,6.717,6.652,0.065,0.52,False,agreement_is_not_independent_observational_validation
1980,昌平,GB2009_1980_04,GB2022_1980_04,gb2009.pdf,gb2022.pdf,6.717,6.441,0.276,0.72,False,agreement_is_not_independent_observational_validation
1980,昌平,GB2009_1980_04,GB2023_1980_05,gb2009.pdf,gb2023.pdf,6.717,6.75,0.033,0.57,False,agreement_is_not_independent_observational_validation
1980,昌平,GB2009_1980_04,GB2024_1980_05,gb2009.pdf,gb2024.pdf,6.717,6.663,0.054,0.5,False,agreement_is_not_independent_observational_validation
1980,昌平,GB2009_1980_04,GB2025_1980_06,gb2009.pdf,gb2025.pdf,6.717,6.647,0.07,0.5,False,agreement_is_not_independent_observational_validation
1980,昌平,GB2010_1980_04,GB2012_1980_04,gb2010.pdf,gb2012.pdf,6.803,6.721,0.082,0.6,False,agreement_is_not_independent_observational_validation
1980,昌平,GB2010_1980_04,GB2013_1980_04,gb2010.pdf,gb2013.pdf,6.803,6.825,0.022,0.78,False,agreement_is_not_independent_observational_validation
1980,昌平,GB2010_1980_04,GB2014_1980_04,gb2010.pdf,gb2014.pdf,6.803,6.825,0.022,0.6,False,agreement_is_not_independent_observational_validation
1980,昌平,GB2010_1980_04,GB2015_1980_04,gb2010.pdf,gb2015.pdf,6.803,6.862,0.059,0.63,False,agreement_is_not_independent_observational_validation
1980,昌平,GB2010_1980_04,GB2016_1980_04,gb2010.pdf,gb2016.pdf,6.803,6.642,0.161,0.54,False,agreement_is_not_independent_observational_validation
1980,昌平,GB2010_1980_04,GB2017_1980_04,gb2010.pdf,gb2017.pdf,6.803,6.578,0.225,0.51,False,agreement_is_not_independent_observational_validation
1980,昌平,GB2010_1980_04,GB2018_1980_04,gb2010.pdf,gb2018.pdf,6.803,6.663,0.14,0.5,False,agreement_is_not_independent_observational_validation
1980,昌平,GB2010_1980_04,GB2019_1980_04,gb2010.pdf,gb2019.pdf,6.803,7.0,0.197,0.92,False,agreement_is_not_independent_observational_validation
1980,昌平,GB2010_1980_04,GB2020_1980_04,gb2010.pdf,gb2020.pdf,6.803,6.69,0.113,0.5,False,agreement_is_not_independent_observational_validation
1980,昌平,GB2010_1980_04,GB2021_1980_04,gb2010.pdf,gb2021.pdf,6.803,6.652,0.151,0.52,False,agreement_is_not_independent_observational_validation
1980,昌平,GB2010_1980_04,GB2022_1980_04,gb2010.pdf,gb2022.pdf,6.803,6.441,0.362,0.72,False,agreement_is_not_independent_observational_validation
1980,昌平,GB2010_1980_04,GB2023_1980_05,gb2010.pdf,gb2023.pdf,6.803,6.75,0.053,0.57,False,agreement_is_not_independent_observational_validation
1980,昌平,GB2010_1980_04,GB2024_1980_05,gb2010.pdf,gb2024.pdf,6.803,6.663,0.14,0.5,False,agreement_is_not_independent_observational_validation
1980,昌平,GB2010_1980_04,GB2025_1980_06,gb2010.pdf,gb2025.pdf,6.803,6.647,0.156,0.5,False,agreement_is_not_independent_observational_validation
1980,昌平,GB2012_1980_04,GB2013_1980_04,gb2012.pdf,gb2013.pdf,6.721,6.825,0.104,0.78,False,agreement_is_not_independent_observational_validation
1980,昌平,GB2012_1980_04,GB2014_1980_04,gb2012.pdf,gb2014.pdf,6.721,6.825,0.104,0.6,False,agreement_is_not_independent_observational_validation
1980,昌平,GB2012_1980_04,GB2015_1980_04,gb2012.pdf,gb2015.pdf,6.721,6.862,0.141,0.63,False,agreement_is_not_independent_observational_validation
1980,昌平,GB2012_1980_04,GB2016_1980_04,gb2012.pdf,gb2016.pdf,6.721,6.642,0.079,0.54,False,agreement_is_not_independent_observational_validation
1980,昌平,GB2012_1980_04,GB2017_1980_04,gb2012.pdf,gb2017.pdf,6.721,6.578,0.143,0.51,False,agreement_is_not_independent_observational_validation
1980,昌平,GB2012_1980_04,GB2018_1980_04,gb2012.pdf,gb2018.pdf,6.721,6.663,0.058,0.5,False,agreement_is_not_independent_observational_validation
1980,昌平,GB2012_1980_04,GB2019_1980_04,gb2012.pdf,gb2019.pdf,6.721,7.0,0.279,0.92,False,agreement_is_not_independent_observational_validation
1980,昌平,GB2012_1980_04,GB2020_1980_04,gb2012.pdf,gb2020.pdf,6.721,6.69,0.031,0.5,False,agreement_is_not_independent_observational_validation
1980,昌平,GB2012_1980_04,GB2021_1980_04,gb2012.pdf,gb2021.pdf,6.721,6.652,0.069,0.52,False,agreement_is_not_independent_observational_validation
1980,昌平,GB2012_1980_04,GB2022_1980_04,gb2012.pdf,gb2022.pdf,6.721,6.441,0.28,0.72,False,agreement_is_not_independent_observational_validation
1980,昌平,GB2012_1980_04,GB2023_1980_05,gb2012.pdf,gb2023.pdf,6.721,6.75,0.029,0.57,False,agreement_is_not_independent_observational_validation
1980,昌平,GB2012_1980_04,GB2024_1980_05,gb2012.pdf,gb2024.pdf,6.721,6.663,0.058,0.5,False,agreement_is_not_independent_observational_validation
1980,昌平,GB2012_1980_04,GB2025_1980_06,gb2012.pdf,gb2025.pdf,6.721,6.647,0.074,0.5,False,agreement_is_not_independent_observational_validation
1980,昌平,GB2013_1980_04,GB2014_1980_04,gb2013.pdf,gb2014.pdf,6.825,6.825,0.0,0.78,False,agreement_is_not_independent_observational_validation
1980,昌平,GB2013_1980_04,GB2015_1980_04,gb2013.pdf,gb2015.pdf,6.825,6.862,0.037,0.81,False,agreement_is_not_independent_observational_validation
1980,昌平,GB2013_1980_04,GB2016_1980_04,gb2013.pdf,gb2016.pdf,6.825,6.642,0.183,0.72,False,agreement_is_not_independent_observational_validation
1980,昌平,GB2013_1980_04,GB2017_1980_04,gb2013.pdf,gb2017.pdf,6.825,6.578,0.247,0.69,False,agreement_is_not_independent_observational_validation
1980,昌平,GB2013_1980_04,GB2018_1980_04,gb2013.pdf,gb2018.pdf,6.825,6.663,0.162,0.63,False,agreement_is_not_independent_observational_validation
1980,昌平,GB2013_1980_04,GB2019_1980_04,gb2013.pdf,gb2019.pdf,6.825,7.0,0.175,1.1,False,agreement_is_not_independent_observational_validation
1980,昌平,GB2013_1980_04,GB2020_1980_04,gb2013.pdf,gb2020.pdf,6.825,6.69,0.135,0.53,False,agreement_is_not_independent_observational_validation
1980,昌平,GB2013_1980_04,GB2021_1980_04,gb2013.pdf,gb2021.pdf,6.825,6.652,0.173,0.7,False,agreement_is_not_independent_observational_validation
1980,昌平,GB2013_1980_04,GB2022_1980_04,gb2013.pdf,gb2022.pdf,6.825,6.441,0.384,0.9,False,agreement_is_not_independent_observational_validation
1980,昌平,GB2013_1980_04,GB2023_1980_05,gb2013.pdf,gb2023.pdf,6.825,6.75,0.075,0.75,False,agreement_is_not_independent_observational_validation
1980,昌平,GB2013_1980_04,GB2024_1980_05,gb2013.pdf,gb2024.pdf,6.825,6.663,0.162,0.61,False,agreement_is_not_independent_observational_validation
1980,昌平,GB2013_1980_04,GB2025_1980_06,gb2013.pdf,gb2025.pdf,6.825,6.647,0.178,0.63,False,agreement_is_not_independent_observational_validation
1980,昌平,GB2014_1980_04,GB2015_1980_04,gb2014.pdf,gb2015.pdf,6.825,6.862,0.037,0.63,False,agreement_is_not_independent_observational_validation
1980,昌平,GB2014_1980_04,GB2016_1980_04,gb2014.pdf,gb2016.pdf,6.825,6.642,0.183,0.54,False,agreement_is_not_independent_observational_validation
1980,昌平,GB2014_1980_04,GB2017_1980_04,gb2014.pdf,gb2017.pdf,6.825,6.578,0.247,0.51,False,agreement_is_not_independent_observational_validation
1980,昌平,GB2014_1980_04,GB2018_1980_04,gb2014.pdf,gb2018.pdf,6.825,6.663,0.162,0.5,False,agreement_is_not_independent_observational_validation
1980,昌平,GB2014_1980_04,GB2019_1980_04,gb2014.pdf,gb2019.pdf,6.825,7.0,0.175,0.92,False,agreement_is_not_independent_observational_validation
1980,昌平,GB2014_1980_04,GB2020_1980_04,gb2014.pdf,gb2020.pdf,6.825,6.69,0.135,0.5,False,agreement_is_not_independent_observational_validation
1980,昌平,GB2014_1980_04,GB2021_1980_04,gb2014.pdf,gb2021.pdf,6.825,6.652,0.173,0.52,False,agreement_is_not_independent_observational_validation
1980,昌平,GB2014_1980_04,GB2022_1980_04,gb2014.pdf,gb2022.pdf,6.825,6.441,0.384,0.72,False,agreement_is_not_independent_observational_validation
1980,昌平,GB2014_1980_04,GB2023_1980_05,gb2014.pdf,gb2023.pdf,6.825,6.75,0.075,0.57,False,agreement_is_not_independent_observational_validation
1980,昌平,GB2014_1980_04,GB2024_1980_05,gb2014.pdf,gb2024.pdf,6.825,6.663,0.162,0.5,False,agreement_is_not_independent_observational_validation
1980,昌平,GB2014_1980_04,GB2025_1980_06,gb2014.pdf,gb2025.pdf,6.825,6.647,0.178,0.5,False,agreement_is_not_independent_observational_validation
1980,昌平,GB2015_1980_04,GB2016_1980_04,gb2015.pdf,gb2016.pdf,6.862,6.642,0.22,0.57,False,agreement_is_not_independent_observational_validation
1980,昌平,GB2015_1980_04,GB2017_1980_04,gb2015.pdf,gb2017.pdf,6.862,6.578,0.284,0.54,False,agreement_is_not_independent_observational_validation
1980,昌平,GB2015_1980_04,GB2018_1980_04,gb2015.pdf,gb2018.pdf,6.862,6.663,0.199,0.5,False,agreement_is_not_independent_observational_validation
1980,昌平,GB2015_1980_04,GB2019_1980_04,gb2015.pdf,gb2019.pdf,6.862,7.0,0.138,0.95,False,agreement_is_not_independent_observational_validation
1980,昌平,GB2015_1980_04,GB2020_1980_04,gb2015.pdf,gb2020.pdf,6.862,6.69,0.172,0.5,False,agreement_is_not_independent_observational_validation
1980,昌平,GB2015_1980_04,GB2021_1980_04,gb2015.pdf,gb2021.pdf,6.862,6.652,0.21,0.55,False,agreement_is_not_independent_observational_validation
1980,昌平,GB2015_1980_04,GB2022_1980_04,gb2015.pdf,gb2022.pdf,6.862,6.441,0.421,0.75,False,agreement_is_not_independent_observational_validation
1980,昌平,GB2015_1980_04,GB2023_1980_05,gb2015.pdf,gb2023.pdf,6.862,6.75,0.112,0.6,False,agreement_is_not_independent_observational_validation
1980,昌平,GB2015_1980_04,GB2024_1980_05,gb2015.pdf,gb2024.pdf,6.862,6.663,0.199,0.5,False,agreement_is_not_independent_observational_validation
1980,昌平,GB2015_1980_04,GB2025_1980_06,gb2015.pdf,gb2025.pdf,6.862,6.647,0.215,0.5,False,agreement_is_not_independent_observational_validation
1980,昌平,GB2016_1980_04,GB2017_1980_04,gb2016.pdf,gb2017.pdf,6.642,6.578,0.064,0.5,False,agreement_is_not_independent_observational_validation
1980,昌平,GB2016_1980_04,GB2018_1980_04,gb2016.pdf,gb2018.pdf,6.642,6.663,0.021,0.5,False,agreement_is_not_independent_observational_validation
1980,昌平,GB2016_1980_04,GB2019_1980_04,gb2016.pdf,gb2019.pdf,6.642,7.0,0.358,0.86,False,agreement_is_not_independent_observational_validation
1980,昌平,GB2016_1980_04,GB2020_1980_04,gb2016.pdf,gb2020.pdf,6.642,6.69,0.048,0.5,False,agreement_is_not_independent_observational_validation
1980,昌平,GB2016_1980_04,GB2021_1980_04,gb2016.pdf,gb2021.pdf,6.642,6.652,0.01,0.5,False,agreement_is_not_independent_observational_validation
1980,昌平,GB2016_1980_04,GB2022_1980_04,gb2016.pdf,gb2022.pdf,6.642,6.441,0.201,0.66,False,agreement_is_not_independent_observational_validation
1980,昌平,GB2016_1980_04,GB2023_1980_05,gb2016.pdf,gb2023.pdf,6.642,6.75,0.108,0.51,False,agreement_is_not_independent_observational_validation
1980,昌平,GB2016_1980_04,GB2024_1980_05,gb2016.pdf,gb2024.pdf,6.642,6.663,0.021,0.5,False,agreement_is_not_independent_observational_validation
1980,昌平,GB2016_1980_04,GB2025_1980_06,gb2016.pdf,gb2025.pdf,6.642,6.647,0.005,0.5,False,agreement_is_not_independent_observational_validation
1980,昌平,GB2017_1980_04,GB2018_1980_04,gb2017.pdf,gb2018.pdf,6.578,6.663,0.085,0.5,False,agreement_is_not_independent_observational_validation
1980,昌平,GB2017_1980_04,GB2019_1980_04,gb2017.pdf,gb2019.pdf,6.578,7.0,0.422,0.83,False,agreement_is_not_independent_observational_validation
1980,昌平,GB2017_1980_04,GB2020_1980_04,gb2017.pdf,gb2020.pdf,6.578,6.69,0.112,0.5,False,agreement_is_not_independent_observational_validation
1980,昌平,GB2017_1980_04,GB2021_1980_04,gb2017.pdf,gb2021.pdf,6.578,6.652,0.074,0.5,False,agreement_is_not_independent_observational_validation
1980,昌平,GB2017_1980_04,GB2022_1980_04,gb2017.pdf,gb2022.pdf,6.578,6.441,0.137,0.63,False,agreement_is_not_independent_observational_validation
1980,昌平,GB2017_1980_04,GB2023_1980_05,gb2017.pdf,gb2023.pdf,6.578,6.75,0.172,0.5,False,agreement_is_not_independent_observational_validation
1980,昌平,GB2017_1980_04,GB2024_1980_05,gb2017.pdf,gb2024.pdf,6.578,6.663,0.085,0.5,False,agreement_is_not_independent_observational_validation
1980,昌平,GB2017_1980_04,GB2025_1980_06,gb2017.pdf,gb2025.pdf,6.578,6.647,0.069,0.5,False,agreement_is_not_independent_observational_validation
1980,昌平,GB2018_1980_04,GB2019_1980_04,gb2018.pdf,gb2019.pdf,6.663,7.0,0.337,0.77,False,agreement_is_not_independent_observational_validation
1980,昌平,GB2018_1980_04,GB2020_1980_04,gb2018.pdf,gb2020.pdf,6.663,6.69,0.027,0.5,False,agreement_is_not_independent_observational_validation
1980,昌平,GB2018_1980_04,GB2021_1980_04,gb2018.pdf,gb2021.pdf,6.663,6.652,0.011,0.5,False,agreement_is_not_independent_observational_validation
1980,昌平,GB2018_1980_04,GB2022_1980_04,gb2018.pdf,gb2022.pdf,6.663,6.441,0.222,0.57,False,agreement_is_not_independent_observational_validation
1980,昌平,GB2018_1980_04,GB2023_1980_05,gb2018.pdf,gb2023.pdf,6.663,6.75,0.087,0.5,False,agreement_is_not_independent_observational_validation
1980,昌平,GB2018_1980_04,GB2024_1980_05,gb2018.pdf,gb2024.pdf,6.663,6.663,0.0,0.5,False,agreement_is_not_independent_observational_validation
1980,昌平,GB2018_1980_04,GB2025_1980_06,gb2018.pdf,gb2025.pdf,6.663,6.647,0.016,0.5,False,agreement_is_not_independent_observational_validation
1980,昌平,GB2019_1980_04,GB2020_1980_04,gb2019.pdf,gb2020.pdf,7.0,6.69,0.31,0.67,False,agreement_is_not_independent_observational_validation
1980,昌平,GB2019_1980_04,GB2021_1980_04,gb2019.pdf,gb2021.pdf,7.0,6.652,0.348,0.84,False,agreement_is_not_independent_observational_validation
1980,昌平,GB2019_1980_04,GB2022_1980_04,gb2019.pdf,gb2022.pdf,7.0,6.441,0.559,1.04,False,agreement_is_not_independent_observational_validation
1980,昌平,GB2019_1980_04,GB2023_1980_05,gb2019.pdf,gb2023.pdf,7.0,6.75,0.25,0.89,False,agreement_is_not_independent_observational_validation
1980,昌平,GB2019_1980_04,GB2024_1980_05,gb2019.pdf,gb2024.pdf,7.0,6.663,0.337,0.75,False,agreement_is_not_independent_observational_validation
1980,昌平,GB2019_1980_04,GB2025_1980_06,gb2019.pdf,gb2025.pdf,7.0,6.647,0.353,0.77,False,agreement_is_not_independent_observational_validation
1980,昌平,GB2020_1980_04,GB2021_1980_04,gb2020.pdf,gb2021.pdf,6.69,6.652,0.038,0.5,False,agreement_is_not_independent_observational_validation
1980,昌平,GB2020_1980_04,GB2022_1980_04,gb2020.pdf,gb2022.pdf,6.69,6.441,0.249,0.5,False,agreement_is_not_independent_observational_validation
1980,昌平,GB2020_1980_04,GB2023_1980_05,gb2020.pdf,gb2023.pdf,6.69,6.75,0.06,0.5,False,agreement_is_not_independent_observational_validation
1980,昌平,GB2020_1980_04,GB2024_1980_05,gb2020.pdf,gb2024.pdf,6.69,6.663,0.027,0.5,False,agreement_is_not_independent_observational_validation
1980,昌平,GB2020_1980_04,GB2025_1980_06,gb2020.pdf,gb2025.pdf,6.69,6.647,0.043,0.5,False,agreement_is_not_independent_observational_validation
1980,昌平,GB2021_1980_04,GB2022_1980_04,gb2021.pdf,gb2022.pdf,6.652,6.441,0.211,0.64,False,agreement_is_not_independent_observational_validation
1980,昌平,GB2021_1980_04,GB2023_1980_05,gb2021.pdf,gb2023.pdf,6.652,6.75,0.098,0.5,False,agreement_is_not_independent_observational_validation
1980,昌平,GB2021_1980_04,GB2024_1980_05,gb2021.pdf,gb2024.pdf,6.652,6.663,0.011,0.5,False,agreement_is_not_independent_observational_validation
1980,昌平,GB2021_1980_04,GB2025_1980_06,gb2021.pdf,gb2025.pdf,6.652,6.647,0.005,0.5,False,agreement_is_not_independent_observational_validation
1980,昌平,GB2022_1980_04,GB2023_1980_05,gb2022.pdf,gb2023.pdf,6.441,6.75,0.309,0.69,False,agreement_is_not_independent_observational_validation
1980,昌平,GB2022_1980_04,GB2024_1980_05,gb2022.pdf,gb2024.pdf,6.441,6.663,0.222,0.55,False,agreement_is_not_independent_observational_validation
1980,昌平,GB2022_1980_04,GB2025_1980_06,gb2022.pdf,gb2025.pdf,6.441,6.647,0.206,0.57,False,agreement_is_not_independent_observational_validation
1980,昌平,GB2023_1980_05,GB2024_1980_05,gb2023.pdf,gb2024.pdf,6.75,6.663,0.087,0.5,False,agreement_is_not_independent_observational_validation
1980,昌平,GB2023_1980_05,GB2025_1980_06,gb2023.pdf,gb2025.pdf,6.75,6.647,0.103,0.5,False,agreement_is_not_independent_observational_validation
1980,昌平,GB2024_1980_05,GB2025_1980_06,gb2024.pdf,gb2025.pdf,6.663,6.647,0.016,0.5,False,agreement_is_not_independent_observational_validation
1980,通州,GB2001_1980_10,GB2002_1980_11,gb2001.pdf,gb2002.pdf,2.201,2.316,0.115,0.6,False,agreement_is_not_independent_observational_validation
1980,通州,GB2001_1980_10,GB2003_1980_11,gb2001.pdf,gb2003.pdf,2.201,2.5,0.299,0.9,False,agreement_is_not_independent_observational_validation
1980,通州,GB2001_1980_10,GB2004_1980_00,gb2001.pdf,gb2004.pdf,2.201,2.636,0.435,0.9,False,agreement_is_not_independent_observational_validation
1980,通州,GB2001_1980_10,GB2006_1980_00,gb2001.pdf,gb2006.pdf,2.201,2.591,0.39,0.9,False,agreement_is_not_independent_observational_validation
1980,通州,GB2001_1980_10,GB2007_1980_00,gb2001.pdf,gb2007.pdf,2.201,2.386,0.185,0.9,False,agreement_is_not_independent_observational_validation
1980,通州,GB2001_1980_10,GB2008_1980_00,gb2001.pdf,gb2008.pdf,2.201,2.781,0.58,0.6,False,agreement_is_not_independent_observational_validation
1980,通州,GB2001_1980_10,GB2009_1980_00,gb2001.pdf,gb2009.pdf,2.201,2.366,0.165,0.6,False,agreement_is_not_independent_observational_validation
1980,通州,GB2001_1980_10,GB2010_1980_00,gb2001.pdf,gb2010.pdf,2.201,2.41,0.209,0.6,False,agreement_is_not_independent_observational_validation
1980,通州,GB2001_1980_10,GB2012_1980_00,gb2001.pdf,gb2012.pdf,2.201,2.322,0.121,0.6,False,agreement_is_not_independent_observational_validation
1980,通州,GB2001_1980_10,GB2013_1980_00,gb2001.pdf,gb2013.pdf,2.201,2.584,0.383,0.78,False,agreement_is_not_independent_observational_validation
1980,通州,GB2001_1980_10,GB2014_1980_00,gb2001.pdf,gb2014.pdf,2.201,2.589,0.388,0.6,False,agreement_is_not_independent_observational_validation
1980,通州,GB2001_1980_10,GB2015_1980_00,gb2001.pdf,gb2015.pdf,2.201,2.507,0.306,0.63,False,agreement_is_not_independent_observational_validation
1980,通州,GB2001_1980_10,GB2016_1980_00,gb2001.pdf,gb2016.pdf,2.201,2.31,0.109,0.54,False,agreement_is_not_independent_observational_validation
1980,通州,GB2001_1980_10,GB2017_1980_00,gb2001.pdf,gb2017.pdf,2.201,2.388,0.187,0.51,False,agreement_is_not_independent_observational_validation
1980,通州,GB2001_1980_10,GB2018_1980_00,gb2001.pdf,gb2018.pdf,2.201,2.386,0.185,0.5,False,agreement_is_not_independent_observational_validation
1980,通州,GB2001_1980_10,GB2019_1980_00,gb2001.pdf,gb2019.pdf,2.201,2.75,0.549,0.92,False,agreement_is_not_independent_observational_validation
1980,通州,GB2001_1980_10,GB2020_1980_00,gb2001.pdf,gb2020.pdf,2.201,2.446,0.245,0.5,False,agreement_is_not_independent_observational_validation
1980,通州,GB2001_1980_10,GB2021_1980_00,gb2001.pdf,gb2021.pdf,2.201,2.395,0.194,0.52,False,agreement_is_not_independent_observational_validation
1980,通州,GB2001_1980_10,GB2022_1980_00,gb2001.pdf,gb2022.pdf,2.201,2.373,0.172,0.72,False,agreement_is_not_independent_observational_validation
1980,通州,GB2001_1980_10,GB2023_1980_03,gb2001.pdf,gb2023.pdf,2.201,2.464,0.263,0.57,False,agreement_is_not_independent_observational_validation
1980,通州,GB2001_1980_10,GB2024_1980_03,gb2001.pdf,gb2024.pdf,2.201,2.428,0.227,0.5,False,agreement_is_not_independent_observational_validation
1980,通州,GB2001_1980_10,GB2025_1980_03,gb2001.pdf,gb2025.pdf,2.201,2.412,0.211,0.5,False,agreement_is_not_independent_observational_validation
1980,通州,GB2002_1980_11,GB2003_1980_11,gb2002.pdf,gb2003.pdf,2.316,2.5,0.184,0.9,False,agreement_is_not_independent_observational_validation
1980,通州,GB2002_1980_11,GB2004_1980_00,gb2002.pdf,gb2004.pdf,2.316,2.636,0.32,0.9,False,agreement_is_not_independent_observational_validation
1980,通州,GB2002_1980_11,GB2006_1980_00,gb2002.pdf,gb2006.pdf,2.316,2.591,0.275,0.9,False,agreement_is_not_independent_observational_validation
1980,通州,GB2002_1980_11,GB2007_1980_00,gb2002.pdf,gb2007.pdf,2.316,2.386,0.07,0.9,False,agreement_is_not_independent_observational_validation
1980,通州,GB2002_1980_11,GB2008_1980_00,gb2002.pdf,gb2008.pdf,2.316,2.781,0.465,0.6,False,agreement_is_not_independent_observational_validation
1980,通州,GB2002_1980_11,GB2009_1980_00,gb2002.pdf,gb2009.pdf,2.316,2.366,0.05,0.6,False,agreement_is_not_independent_observational_validation
1980,通州,GB2002_1980_11,GB2010_1980_00,gb2002.pdf,gb2010.pdf,2.316,2.41,0.094,0.6,False,agreement_is_not_independent_observational_validation
1980,通州,GB2002_1980_11,GB2012_1980_00,gb2002.pdf,gb2012.pdf,2.316,2.322,0.006,0.6,False,agreement_is_not_independent_observational_validation
1980,通州,GB2002_1980_11,GB2013_1980_00,gb2002.pdf,gb2013.pdf,2.316,2.584,0.268,0.78,False,agreement_is_not_independent_observational_validation
1980,通州,GB2002_1980_11,GB2014_1980_00,gb2002.pdf,gb2014.pdf,2.316,2.589,0.273,0.6,False,agreement_is_not_independent_observational_validation
1980,通州,GB2002_1980_11,GB2015_1980_00,gb2002.pdf,gb2015.pdf,2.316,2.507,0.191,0.63,False,agreement_is_not_independent_observational_validation
1980,通州,GB2002_1980_11,GB2016_1980_00,gb2002.pdf,gb2016.pdf,2.316,2.31,0.006,0.54,False,agreement_is_not_independent_observational_validation
1980,通州,GB2002_1980_11,GB2017_1980_00,gb2002.pdf,gb2017.pdf,2.316,2.388,0.072,0.51,False,agreement_is_not_independent_observational_validation
1980,通州,GB2002_1980_11,GB2018_1980_00,gb2002.pdf,gb2018.pdf,2.316,2.386,0.07,0.5,False,agreement_is_not_independent_observational_validation
1980,通州,GB2002_1980_11,GB2019_1980_00,gb2002.pdf,gb2019.pdf,2.316,2.75,0.434,0.92,False,agreement_is_not_independent_observational_validation
1980,通州,GB2002_1980_11,GB2020_1980_00,gb2002.pdf,gb2020.pdf,2.316,2.446,0.13,0.5,False,agreement_is_not_independent_observational_validation
1980,通州,GB2002_1980_11,GB2021_1980_00,gb2002.pdf,gb2021.pdf,2.316,2.395,0.079,0.52,False,agreement_is_not_independent_observational_validation
1980,通州,GB2002_1980_11,GB2022_1980_00,gb2002.pdf,gb2022.pdf,2.316,2.373,0.057,0.72,False,agreement_is_not_independent_observational_validation
1980,通州,GB2002_1980_11,GB2023_1980_03,gb2002.pdf,gb2023.pdf,2.316,2.464,0.148,0.57,False,agreement_is_not_independent_observational_validation
1980,通州,GB2002_1980_11,GB2024_1980_03,gb2002.pdf,gb2024.pdf,2.316,2.428,0.112,0.5,False,agreement_is_not_independent_observational_validation
1980,通州,GB2002_1980_11,GB2025_1980_03,gb2002.pdf,gb2025.pdf,2.316,2.412,0.096,0.5,False,agreement_is_not_independent_observational_validation
1980,通州,GB2003_1980_11,GB2004_1980_00,gb2003.pdf,gb2004.pdf,2.5,2.636,0.136,1.2,False,agreement_is_not_independent_observational_validation
1980,通州,GB2003_1980_11,GB2006_1980_00,gb2003.pdf,gb2006.pdf,2.5,2.591,0.091,1.2,False,agreement_is_not_independent_observational_validation
1980,通州,GB2003_1980_11,GB2007_1980_00,gb2003.pdf,gb2007.pdf,2.5,2.386,0.114,1.2,False,agreement_is_not_independent_observational_validation
1980,通州,GB2003_1980_11,GB2008_1980_00,gb2003.pdf,gb2008.pdf,2.5,2.781,0.281,0.9,False,agreement_is_not_independent_observational_validation
1980,通州,GB2003_1980_11,GB2009_1980_00,gb2003.pdf,gb2009.pdf,2.5,2.366,0.134,0.9,False,agreement_is_not_independent_observational_validation
1980,通州,GB2003_1980_11,GB2010_1980_00,gb2003.pdf,gb2010.pdf,2.5,2.41,0.09,0.9,False,agreement_is_not_independent_observational_validation
1980,通州,GB2003_1980_11,GB2012_1980_00,gb2003.pdf,gb2012.pdf,2.5,2.322,0.178,0.9,False,agreement_is_not_independent_observational_validation
1980,通州,GB2003_1980_11,GB2013_1980_00,gb2003.pdf,gb2013.pdf,2.5,2.584,0.084,1.08,False,agreement_is_not_independent_observational_validation
1980,通州,GB2003_1980_11,GB2014_1980_00,gb2003.pdf,gb2014.pdf,2.5,2.589,0.089,0.9,False,agreement_is_not_independent_observational_validation
1980,通州,GB2003_1980_11,GB2015_1980_00,gb2003.pdf,gb2015.pdf,2.5,2.507,0.007,0.93,False,agreement_is_not_independent_observational_validation
1980,通州,GB2003_1980_11,GB2016_1980_00,gb2003.pdf,gb2016.pdf,2.5,2.31,0.19,0.84,False,agreement_is_not_independent_observational_validation
1980,通州,GB2003_1980_11,GB2017_1980_00,gb2003.pdf,gb2017.pdf,2.5,2.388,0.112,0.81,False,agreement_is_not_independent_observational_validation
1980,通州,GB2003_1980_11,GB2018_1980_00,gb2003.pdf,gb2018.pdf,2.5,2.386,0.114,0.75,False,agreement_is_not_independent_observational_validation
1980,通州,GB2003_1980_11,GB2019_1980_00,gb2003.pdf,gb2019.pdf,2.5,2.75,0.25,1.22,False,agreement_is_not_independent_observational_validation
1980,通州,GB2003_1980_11,GB2020_1980_00,gb2003.pdf,gb2020.pdf,2.5,2.446,0.054,0.65,False,agreement_is_not_independent_observational_validation
1980,通州,GB2003_1980_11,GB2021_1980_00,gb2003.pdf,gb2021.pdf,2.5,2.395,0.105,0.82,False,agreement_is_not_independent_observational_validation
1980,通州,GB2003_1980_11,GB2022_1980_00,gb2003.pdf,gb2022.pdf,2.5,2.373,0.127,1.02,False,agreement_is_not_independent_observational_validation
1980,通州,GB2003_1980_11,GB2023_1980_03,gb2003.pdf,gb2023.pdf,2.5,2.464,0.036,0.87,False,agreement_is_not_independent_observational_validation
1980,通州,GB2003_1980_11,GB2024_1980_03,gb2003.pdf,gb2024.pdf,2.5,2.428,0.072,0.73,False,agreement_is_not_independent_observational_validation
1980,通州,GB2003_1980_11,GB2025_1980_03,gb2003.pdf,gb2025.pdf,2.5,2.412,0.088,0.75,False,agreement_is_not_independent_observational_validation
1980,通州,GB2004_1980_00,GB2006_1980_00,gb2004.pdf,gb2006.pdf,2.636,2.591,0.045,1.2,False,agreement_is_not_independent_observational_validation
1980,通州,GB2004_1980_00,GB2007_1980_00,gb2004.pdf,gb2007.pdf,2.636,2.386,0.25,1.2,False,agreement_is_not_independent_observational_validation
1980,通州,GB2004_1980_00,GB2008_1980_00,gb2004.pdf,gb2008.pdf,2.636,2.781,0.145,0.9,False,agreement_is_not_independent_observational_validation
1980,通州,GB2004_1980_00,GB2009_1980_00,gb2004.pdf,gb2009.pdf,2.636,2.366,0.27,0.9,False,agreement_is_not_independent_observational_validation
1980,通州,GB2004_1980_00,GB2010_1980_00,gb2004.pdf,gb2010.pdf,2.636,2.41,0.226,0.9,False,agreement_is_not_independent_observational_validation
1980,通州,GB2004_1980_00,GB2012_1980_00,gb2004.pdf,gb2012.pdf,2.636,2.322,0.314,0.9,False,agreement_is_not_independent_observational_validation
1980,通州,GB2004_1980_00,GB2013_1980_00,gb2004.pdf,gb2013.pdf,2.636,2.584,0.052,1.08,False,agreement_is_not_independent_observational_validation
1980,通州,GB2004_1980_00,GB2014_1980_00,gb2004.pdf,gb2014.pdf,2.636,2.589,0.047,0.9,False,agreement_is_not_independent_observational_validation
1980,通州,GB2004_1980_00,GB2015_1980_00,gb2004.pdf,gb2015.pdf,2.636,2.507,0.129,0.93,False,agreement_is_not_independent_observational_validation
1980,通州,GB2004_1980_00,GB2016_1980_00,gb2004.pdf,gb2016.pdf,2.636,2.31,0.326,0.84,False,agreement_is_not_independent_observational_validation
1980,通州,GB2004_1980_00,GB2017_1980_00,gb2004.pdf,gb2017.pdf,2.636,2.388,0.248,0.81,False,agreement_is_not_independent_observational_validation
1980,通州,GB2004_1980_00,GB2018_1980_00,gb2004.pdf,gb2018.pdf,2.636,2.386,0.25,0.75,False,agreement_is_not_independent_observational_validation
1980,通州,GB2004_1980_00,GB2019_1980_00,gb2004.pdf,gb2019.pdf,2.636,2.75,0.114,1.22,False,agreement_is_not_independent_observational_validation
1980,通州,GB2004_1980_00,GB2020_1980_00,gb2004.pdf,gb2020.pdf,2.636,2.446,0.19,0.65,False,agreement_is_not_independent_observational_validation
1980,通州,GB2004_1980_00,GB2021_1980_00,gb2004.pdf,gb2021.pdf,2.636,2.395,0.241,0.82,False,agreement_is_not_independent_observational_validation
1980,通州,GB2004_1980_00,GB2022_1980_00,gb2004.pdf,gb2022.pdf,2.636,2.373,0.263,1.02,False,agreement_is_not_independent_observational_validation
1980,通州,GB2004_1980_00,GB2023_1980_03,gb2004.pdf,gb2023.pdf,2.636,2.464,0.172,0.87,False,agreement_is_not_independent_observational_validation
1980,通州,GB2004_1980_00,GB2024_1980_03,gb2004.pdf,gb2024.pdf,2.636,2.428,0.208,0.73,False,agreement_is_not_independent_observational_validation
1980,通州,GB2004_1980_00,GB2025_1980_03,gb2004.pdf,gb2025.pdf,2.636,2.412,0.224,0.75,False,agreement_is_not_independent_observational_validation
1980,通州,GB2006_1980_00,GB2007_1980_00,gb2006.pdf,gb2007.pdf,2.591,2.386,0.205,1.2,False,agreement_is_not_independent_observational_validation
1980,通州,GB2006_1980_00,GB2008_1980_00,gb2006.pdf,gb2008.pdf,2.591,2.781,0.19,0.9,False,agreement_is_not_independent_observational_validation
1980,通州,GB2006_1980_00,GB2009_1980_00,gb2006.pdf,gb2009.pdf,2.591,2.366,0.225,0.9,False,agreement_is_not_independent_observational_validation
1980,通州,GB2006_1980_00,GB2010_1980_00,gb2006.pdf,gb2010.pdf,2.591,2.41,0.181,0.9,False,agreement_is_not_independent_observational_validation
1980,通州,GB2006_1980_00,GB2012_1980_00,gb2006.pdf,gb2012.pdf,2.591,2.322,0.269,0.9,False,agreement_is_not_independent_observational_validation
1980,通州,GB2006_1980_00,GB2013_1980_00,gb2006.pdf,gb2013.pdf,2.591,2.584,0.007,1.08,False,agreement_is_not_independent_observational_validation
1980,通州,GB2006_1980_00,GB2014_1980_00,gb2006.pdf,gb2014.pdf,2.591,2.589,0.002,0.9,False,agreement_is_not_independent_observational_validation
1980,通州,GB2006_1980_00,GB2015_1980_00,gb2006.pdf,gb2015.pdf,2.591,2.507,0.084,0.93,False,agreement_is_not_independent_observational_validation
1980,通州,GB2006_1980_00,GB2016_1980_00,gb2006.pdf,gb2016.pdf,2.591,2.31,0.281,0.84,False,agreement_is_not_independent_observational_validation
1980,通州,GB2006_1980_00,GB2017_1980_00,gb2006.pdf,gb2017.pdf,2.591,2.388,0.203,0.81,False,agreement_is_not_independent_observational_validation
1980,通州,GB2006_1980_00,GB2018_1980_00,gb2006.pdf,gb2018.pdf,2.591,2.386,0.205,0.75,False,agreement_is_not_independent_observational_validation
1980,通州,GB2006_1980_00,GB2019_1980_00,gb2006.pdf,gb2019.pdf,2.591,2.75,0.159,1.22,False,agreement_is_not_independent_observational_validation
1980,通州,GB2006_1980_00,GB2020_1980_00,gb2006.pdf,gb2020.pdf,2.591,2.446,0.145,0.65,False,agreement_is_not_independent_observational_validation
1980,通州,GB2006_1980_00,GB2021_1980_00,gb2006.pdf,gb2021.pdf,2.591,2.395,0.196,0.82,False,agreement_is_not_independent_observational_validation
1980,通州,GB2006_1980_00,GB2022_1980_00,gb2006.pdf,gb2022.pdf,2.591,2.373,0.218,1.02,False,agreement_is_not_independent_observational_validation
1980,通州,GB2006_1980_00,GB2023_1980_03,gb2006.pdf,gb2023.pdf,2.591,2.464,0.127,0.87,False,agreement_is_not_independent_observational_validation
1980,通州,GB2006_1980_00,GB2024_1980_03,gb2006.pdf,gb2024.pdf,2.591,2.428,0.163,0.73,False,agreement_is_not_independent_observational_validation
1980,通州,GB2006_1980_00,GB2025_1980_03,gb2006.pdf,gb2025.pdf,2.591,2.412,0.179,0.75,False,agreement_is_not_independent_observational_validation
1980,通州,GB2007_1980_00,GB2008_1980_00,gb2007.pdf,gb2008.pdf,2.386,2.781,0.395,0.9,False,agreement_is_not_independent_observational_validation
1980,通州,GB2007_1980_00,GB2009_1980_00,gb2007.pdf,gb2009.pdf,2.386,2.366,0.02,0.9,False,agreement_is_not_independent_observational_validation
1980,通州,GB2007_1980_00,GB2010_1980_00,gb2007.pdf,gb2010.pdf,2.386,2.41,0.024,0.9,False,agreement_is_not_independent_observational_validation
1980,通州,GB2007_1980_00,GB2012_1980_00,gb2007.pdf,gb2012.pdf,2.386,2.322,0.064,0.9,False,agreement_is_not_independent_observational_validation
1980,通州,GB2007_1980_00,GB2013_1980_00,gb2007.pdf,gb2013.pdf,2.386,2.584,0.198,1.08,False,agreement_is_not_independent_observational_validation
1980,通州,GB2007_1980_00,GB2014_1980_00,gb2007.pdf,gb2014.pdf,2.386,2.589,0.203,0.9,False,agreement_is_not_independent_observational_validation
1980,通州,GB2007_1980_00,GB2015_1980_00,gb2007.pdf,gb2015.pdf,2.386,2.507,0.121,0.93,False,agreement_is_not_independent_observational_validation
1980,通州,GB2007_1980_00,GB2016_1980_00,gb2007.pdf,gb2016.pdf,2.386,2.31,0.076,0.84,False,agreement_is_not_independent_observational_validation
1980,通州,GB2007_1980_00,GB2017_1980_00,gb2007.pdf,gb2017.pdf,2.386,2.388,0.002,0.81,False,agreement_is_not_independent_observational_validation
1980,通州,GB2007_1980_00,GB2018_1980_00,gb2007.pdf,gb2018.pdf,2.386,2.386,0.0,0.75,False,agreement_is_not_independent_observational_validation
1980,通州,GB2007_1980_00,GB2019_1980_00,gb2007.pdf,gb2019.pdf,2.386,2.75,0.364,1.22,False,agreement_is_not_independent_observational_validation
1980,通州,GB2007_1980_00,GB2020_1980_00,gb2007.pdf,gb2020.pdf,2.386,2.446,0.06,0.65,False,agreement_is_not_independent_observational_validation
1980,通州,GB2007_1980_00,GB2021_1980_00,gb2007.pdf,gb2021.pdf,2.386,2.395,0.009,0.82,False,agreement_is_not_independent_observational_validation
1980,通州,GB2007_1980_00,GB2022_1980_00,gb2007.pdf,gb2022.pdf,2.386,2.373,0.013,1.02,False,agreement_is_not_independent_observational_validation
1980,通州,GB2007_1980_00,GB2023_1980_03,gb2007.pdf,gb2023.pdf,2.386,2.464,0.078,0.87,False,agreement_is_not_independent_observational_validation
1980,通州,GB2007_1980_00,GB2024_1980_03,gb2007.pdf,gb2024.pdf,2.386,2.428,0.042,0.73,False,agreement_is_not_independent_observational_validation
1980,通州,GB2007_1980_00,GB2025_1980_03,gb2007.pdf,gb2025.pdf,2.386,2.412,0.026,0.75,False,agreement_is_not_independent_observational_validation
1980,通州,GB2008_1980_00,GB2009_1980_00,gb2008.pdf,gb2009.pdf,2.781,2.366,0.415,0.6,False,agreement_is_not_independent_observational_validation
1980,通州,GB2008_1980_00,GB2010_1980_00,gb2008.pdf,gb2010.pdf,2.781,2.41,0.371,0.6,False,agreement_is_not_independent_observational_validation
1980,通州,GB2008_1980_00,GB2012_1980_00,gb2008.pdf,gb2012.pdf,2.781,2.322,0.459,0.6,False,agreement_is_not_independent_observational_validation
1980,通州,GB2008_1980_00,GB2013_1980_00,gb2008.pdf,gb2013.pdf,2.781,2.584,0.197,0.78,False,agreement_is_not_independent_observational_validation
1980,通州,GB2008_1980_00,GB2014_1980_00,gb2008.pdf,gb2014.pdf,2.781,2.589,0.192,0.6,False,agreement_is_not_independent_observational_validation
1980,通州,GB2008_1980_00,GB2015_1980_00,gb2008.pdf,gb2015.pdf,2.781,2.507,0.274,0.63,False,agreement_is_not_independent_observational_validation
1980,通州,GB2008_1980_00,GB2016_1980_00,gb2008.pdf,gb2016.pdf,2.781,2.31,0.471,0.54,False,agreement_is_not_independent_observational_validation
1980,通州,GB2008_1980_00,GB2017_1980_00,gb2008.pdf,gb2017.pdf,2.781,2.388,0.393,0.51,False,agreement_is_not_independent_observational_validation
1980,通州,GB2008_1980_00,GB2018_1980_00,gb2008.pdf,gb2018.pdf,2.781,2.386,0.395,0.5,False,agreement_is_not_independent_observational_validation
1980,通州,GB2008_1980_00,GB2019_1980_00,gb2008.pdf,gb2019.pdf,2.781,2.75,0.031,0.92,False,agreement_is_not_independent_observational_validation
1980,通州,GB2008_1980_00,GB2020_1980_00,gb2008.pdf,gb2020.pdf,2.781,2.446,0.335,0.5,False,agreement_is_not_independent_observational_validation
1980,通州,GB2008_1980_00,GB2021_1980_00,gb2008.pdf,gb2021.pdf,2.781,2.395,0.386,0.52,False,agreement_is_not_independent_observational_validation
1980,通州,GB2008_1980_00,GB2022_1980_00,gb2008.pdf,gb2022.pdf,2.781,2.373,0.408,0.72,False,agreement_is_not_independent_observational_validation
1980,通州,GB2008_1980_00,GB2023_1980_03,gb2008.pdf,gb2023.pdf,2.781,2.464,0.317,0.57,False,agreement_is_not_independent_observational_validation
1980,通州,GB2008_1980_00,GB2024_1980_03,gb2008.pdf,gb2024.pdf,2.781,2.428,0.353,0.5,False,agreement_is_not_independent_observational_validation
1980,通州,GB2008_1980_00,GB2025_1980_03,gb2008.pdf,gb2025.pdf,2.781,2.412,0.369,0.5,False,agreement_is_not_independent_observational_validation
1980,通州,GB2009_1980_00,GB2010_1980_00,gb2009.pdf,gb2010.pdf,2.366,2.41,0.044,0.6,False,agreement_is_not_independent_observational_validation
1980,通州,GB2009_1980_00,GB2012_1980_00,gb2009.pdf,gb2012.pdf,2.366,2.322,0.044,0.6,False,agreement_is_not_independent_observational_validation
1980,通州,GB2009_1980_00,GB2013_1980_00,gb2009.pdf,gb2013.pdf,2.366,2.584,0.218,0.78,False,agreement_is_not_independent_observational_validation
1980,通州,GB2009_1980_00,GB2014_1980_00,gb2009.pdf,gb2014.pdf,2.366,2.589,0.223,0.6,False,agreement_is_not_independent_observational_validation
1980,通州,GB2009_1980_00,GB2015_1980_00,gb2009.pdf,gb2015.pdf,2.366,2.507,0.141,0.63,False,agreement_is_not_independent_observational_validation
1980,通州,GB2009_1980_00,GB2016_1980_00,gb2009.pdf,gb2016.pdf,2.366,2.31,0.056,0.54,False,agreement_is_not_independent_observational_validation
1980,通州,GB2009_1980_00,GB2017_1980_00,gb2009.pdf,gb2017.pdf,2.366,2.388,0.022,0.51,False,agreement_is_not_independent_observational_validation
1980,通州,GB2009_1980_00,GB2018_1980_00,gb2009.pdf,gb2018.pdf,2.366,2.386,0.02,0.5,False,agreement_is_not_independent_observational_validation
1980,通州,GB2009_1980_00,GB2019_1980_00,gb2009.pdf,gb2019.pdf,2.366,2.75,0.384,0.92,False,agreement_is_not_independent_observational_validation
1980,通州,GB2009_1980_00,GB2020_1980_00,gb2009.pdf,gb2020.pdf,2.366,2.446,0.08,0.5,False,agreement_is_not_independent_observational_validation
1980,通州,GB2009_1980_00,GB2021_1980_00,gb2009.pdf,gb2021.pdf,2.366,2.395,0.029,0.52,False,agreement_is_not_independent_observational_validation
1980,通州,GB2009_1980_00,GB2022_1980_00,gb2009.pdf,gb2022.pdf,2.366,2.373,0.007,0.72,False,agreement_is_not_independent_observational_validation
1980,通州,GB2009_1980_00,GB2023_1980_03,gb2009.pdf,gb2023.pdf,2.366,2.464,0.098,0.57,False,agreement_is_not_independent_observational_validation
1980,通州,GB2009_1980_00,GB2024_1980_03,gb2009.pdf,gb2024.pdf,2.366,2.428,0.062,0.5,False,agreement_is_not_independent_observational_validation
1980,通州,GB2009_1980_00,GB2025_1980_03,gb2009.pdf,gb2025.pdf,2.366,2.412,0.046,0.5,False,agreement_is_not_independent_observational_validation
1980,通州,GB2010_1980_00,GB2012_1980_00,gb2010.pdf,gb2012.pdf,2.41,2.322,0.088,0.6,False,agreement_is_not_independent_observational_validation
1980,通州,GB2010_1980_00,GB2013_1980_00,gb2010.pdf,gb2013.pdf,2.41,2.584,0.174,0.78,False,agreement_is_not_independent_observational_validation
1980,通州,GB2010_1980_00,GB2014_1980_00,gb2010.pdf,gb2014.pdf,2.41,2.589,0.179,0.6,False,agreement_is_not_independent_observational_validation
1980,通州,GB2010_1980_00,GB2015_1980_00,gb2010.pdf,gb2015.pdf,2.41,2.507,0.097,0.63,False,agreement_is_not_independent_observational_validation
1980,通州,GB2010_1980_00,GB2016_1980_00,gb2010.pdf,gb2016.pdf,2.41,2.31,0.1,0.54,False,agreement_is_not_independent_observational_validation
1980,通州,GB2010_1980_00,GB2017_1980_00,gb2010.pdf,gb2017.pdf,2.41,2.388,0.022,0.51,False,agreement_is_not_independent_observational_validation
1980,通州,GB2010_1980_00,GB2018_1980_00,gb2010.pdf,gb2018.pdf,2.41,2.386,0.024,0.5,False,agreement_is_not_independent_observational_validation
1980,通州,GB2010_1980_00,GB2019_1980_00,gb2010.pdf,gb2019.pdf,2.41,2.75,0.34,0.92,False,agreement_is_not_independent_observational_validation
1980,通州,GB2010_1980_00,GB2020_1980_00,gb2010.pdf,gb2020.pdf,2.41,2.446,0.036,0.5,False,agreement_is_not_independent_observational_validation
1980,通州,GB2010_1980_00,GB2021_1980_00,gb2010.pdf,gb2021.pdf,2.41,2.395,0.015,0.52,False,agreement_is_not_independent_observational_validation
1980,通州,GB2010_1980_00,GB2022_1980_00,gb2010.pdf,gb2022.pdf,2.41,2.373,0.037,0.72,False,agreement_is_not_independent_observational_validation
1980,通州,GB2010_1980_00,GB2023_1980_03,gb2010.pdf,gb2023.pdf,2.41,2.464,0.054,0.57,False,agreement_is_not_independent_observational_validation
1980,通州,GB2010_1980_00,GB2024_1980_03,gb2010.pdf,gb2024.pdf,2.41,2.428,0.018,0.5,False,agreement_is_not_independent_observational_validation
1980,通州,GB2010_1980_00,GB2025_1980_03,gb2010.pdf,gb2025.pdf,2.41,2.412,0.002,0.5,False,agreement_is_not_independent_observational_validation
1980,通州,GB2012_1980_00,GB2013_1980_00,gb2012.pdf,gb2013.pdf,2.322,2.584,0.262,0.78,False,agreement_is_not_independent_observational_validation
1980,通州,GB2012_1980_00,GB2014_1980_00,gb2012.pdf,gb2014.pdf,2.322,2.589,0.267,0.6,False,agreement_is_not_independent_observational_validation
1980,通州,GB2012_1980_00,GB2015_1980_00,gb2012.pdf,gb2015.pdf,2.322,2.507,0.185,0.63,False,agreement_is_not_independent_observational_validation
1980,通州,GB2012_1980_00,GB2016_1980_00,gb2012.pdf,gb2016.pdf,2.322,2.31,0.012,0.54,False,agreement_is_not_independent_observational_validation
1980,通州,GB2012_1980_00,GB2017_1980_00,gb2012.pdf,gb2017.pdf,2.322,2.388,0.066,0.51,False,agreement_is_not_independent_observational_validation
1980,通州,GB2012_1980_00,GB2018_1980_00,gb2012.pdf,gb2018.pdf,2.322,2.386,0.064,0.5,False,agreement_is_not_independent_observational_validation
1980,通州,GB2012_1980_00,GB2019_1980_00,gb2012.pdf,gb2019.pdf,2.322,2.75,0.428,0.92,False,agreement_is_not_independent_observational_validation
1980,通州,GB2012_1980_00,GB2020_1980_00,gb2012.pdf,gb2020.pdf,2.322,2.446,0.124,0.5,False,agreement_is_not_independent_observational_validation
1980,通州,GB2012_1980_00,GB2021_1980_00,gb2012.pdf,gb2021.pdf,2.322,2.395,0.073,0.52,False,agreement_is_not_independent_observational_validation
1980,通州,GB2012_1980_00,GB2022_1980_00,gb2012.pdf,gb2022.pdf,2.322,2.373,0.051,0.72,False,agreement_is_not_independent_observational_validation
1980,通州,GB2012_1980_00,GB2023_1980_03,gb2012.pdf,gb2023.pdf,2.322,2.464,0.142,0.57,False,agreement_is_not_independent_observational_validation
1980,通州,GB2012_1980_00,GB2024_1980_03,gb2012.pdf,gb2024.pdf,2.322,2.428,0.106,0.5,False,agreement_is_not_independent_observational_validation
1980,通州,GB2012_1980_00,GB2025_1980_03,gb2012.pdf,gb2025.pdf,2.322,2.412,0.09,0.5,False,agreement_is_not_independent_observational_validation
1980,通州,GB2013_1980_00,GB2014_1980_00,gb2013.pdf,gb2014.pdf,2.584,2.589,0.005,0.78,False,agreement_is_not_independent_observational_validation
1980,通州,GB2013_1980_00,GB2015_1980_00,gb2013.pdf,gb2015.pdf,2.584,2.507,0.077,0.81,False,agreement_is_not_independent_observational_validation
1980,通州,GB2013_1980_00,GB2016_1980_00,gb2013.pdf,gb2016.pdf,2.584,2.31,0.274,0.72,False,agreement_is_not_independent_observational_validation
1980,通州,GB2013_1980_00,GB2017_1980_00,gb2013.pdf,gb2017.pdf,2.584,2.388,0.196,0.69,False,agreement_is_not_independent_observational_validation
1980,通州,GB2013_1980_00,GB2018_1980_00,gb2013.pdf,gb2018.pdf,2.584,2.386,0.198,0.63,False,agreement_is_not_independent_observational_validation
1980,通州,GB2013_1980_00,GB2019_1980_00,gb2013.pdf,gb2019.pdf,2.584,2.75,0.166,1.1,False,agreement_is_not_independent_observational_validation
1980,通州,GB2013_1980_00,GB2020_1980_00,gb2013.pdf,gb2020.pdf,2.584,2.446,0.138,0.53,False,agreement_is_not_independent_observational_validation
1980,通州,GB2013_1980_00,GB2021_1980_00,gb2013.pdf,gb2021.pdf,2.584,2.395,0.189,0.7,False,agreement_is_not_independent_observational_validation
1980,通州,GB2013_1980_00,GB2022_1980_00,gb2013.pdf,gb2022.pdf,2.584,2.373,0.211,0.9,False,agreement_is_not_independent_observational_validation
1980,通州,GB2013_1980_00,GB2023_1980_03,gb2013.pdf,gb2023.pdf,2.584,2.464,0.12,0.75,False,agreement_is_not_independent_observational_validation
1980,通州,GB2013_1980_00,GB2024_1980_03,gb2013.pdf,gb2024.pdf,2.584,2.428,0.156,0.61,False,agreement_is_not_independent_observational_validation
1980,通州,GB2013_1980_00,GB2025_1980_03,gb2013.pdf,gb2025.pdf,2.584,2.412,0.172,0.63,False,agreement_is_not_independent_observational_validation
1980,通州,GB2014_1980_00,GB2015_1980_00,gb2014.pdf,gb2015.pdf,2.589,2.507,0.082,0.63,False,agreement_is_not_independent_observational_validation
1980,通州,GB2014_1980_00,GB2016_1980_00,gb2014.pdf,gb2016.pdf,2.589,2.31,0.279,0.54,False,agreement_is_not_independent_observational_validation
1980,通州,GB2014_1980_00,GB2017_1980_00,gb2014.pdf,gb2017.pdf,2.589,2.388,0.201,0.51,False,agreement_is_not_independent_observational_validation
1980,通州,GB2014_1980_00,GB2018_1980_00,gb2014.pdf,gb2018.pdf,2.589,2.386,0.203,0.5,False,agreement_is_not_independent_observational_validation
1980,通州,GB2014_1980_00,GB2019_1980_00,gb2014.pdf,gb2019.pdf,2.589,2.75,0.161,0.92,False,agreement_is_not_independent_observational_validation
1980,通州,GB2014_1980_00,GB2020_1980_00,gb2014.pdf,gb2020.pdf,2.589,2.446,0.143,0.5,False,agreement_is_not_independent_observational_validation
1980,通州,GB2014_1980_00,GB2021_1980_00,gb2014.pdf,gb2021.pdf,2.589,2.395,0.194,0.52,False,agreement_is_not_independent_observational_validation
1980,通州,GB2014_1980_00,GB2022_1980_00,gb2014.pdf,gb2022.pdf,2.589,2.373,0.216,0.72,False,agreement_is_not_independent_observational_validation
1980,通州,GB2014_1980_00,GB2023_1980_03,gb2014.pdf,gb2023.pdf,2.589,2.464,0.125,0.57,False,agreement_is_not_independent_observational_validation
1980,通州,GB2014_1980_00,GB2024_1980_03,gb2014.pdf,gb2024.pdf,2.589,2.428,0.161,0.5,False,agreement_is_not_independent_observational_validation
1980,通州,GB2014_1980_00,GB2025_1980_03,gb2014.pdf,gb2025.pdf,2.589,2.412,0.177,0.5,False,agreement_is_not_independent_observational_validation
1980,通州,GB2015_1980_00,GB2016_1980_00,gb2015.pdf,gb2016.pdf,2.507,2.31,0.197,0.57,False,agreement_is_not_independent_observational_validation
1980,通州,GB2015_1980_00,GB2017_1980_00,gb2015.pdf,gb2017.pdf,2.507,2.388,0.119,0.54,False,agreement_is_not_independent_observational_validation
1980,通州,GB2015_1980_00,GB2018_1980_00,gb2015.pdf,gb2018.pdf,2.507,2.386,0.121,0.5,False,agreement_is_not_independent_observational_validation
1980,通州,GB2015_1980_00,GB2019_1980_00,gb2015.pdf,gb2019.pdf,2.507,2.75,0.243,0.95,False,agreement_is_not_independent_observational_validation
1980,通州,GB2015_1980_00,GB2020_1980_00,gb2015.pdf,gb2020.pdf,2.507,2.446,0.061,0.5,False,agreement_is_not_independent_observational_validation
1980,通州,GB2015_1980_00,GB2021_1980_00,gb2015.pdf,gb2021.pdf,2.507,2.395,0.112,0.55,False,agreement_is_not_independent_observational_validation
1980,通州,GB2015_1980_00,GB2022_1980_00,gb2015.pdf,gb2022.pdf,2.507,2.373,0.134,0.75,False,agreement_is_not_independent_observational_validation
1980,通州,GB2015_1980_00,GB2023_1980_03,gb2015.pdf,gb2023.pdf,2.507,2.464,0.043,0.6,False,agreement_is_not_independent_observational_validation
1980,通州,GB2015_1980_00,GB2024_1980_03,gb2015.pdf,gb2024.pdf,2.507,2.428,0.079,0.5,False,agreement_is_not_independent_observational_validation
1980,通州,GB2015_1980_00,GB2025_1980_03,gb2015.pdf,gb2025.pdf,2.507,2.412,0.095,0.5,False,agreement_is_not_independent_observational_validation
1980,通州,GB2016_1980_00,GB2017_1980_00,gb2016.pdf,gb2017.pdf,2.31,2.388,0.078,0.5,False,agreement_is_not_independent_observational_validation
1980,通州,GB2016_1980_00,GB2018_1980_00,gb2016.pdf,gb2018.pdf,2.31,2.386,0.076,0.5,False,agreement_is_not_independent_observational_validation
1980,通州,GB2016_1980_00,GB2019_1980_00,gb2016.pdf,gb2019.pdf,2.31,2.75,0.44,0.86,False,agreement_is_not_independent_observational_validation
1980,通州,GB2016_1980_00,GB2020_1980_00,gb2016.pdf,gb2020.pdf,2.31,2.446,0.136,0.5,False,agreement_is_not_independent_observational_validation
1980,通州,GB2016_1980_00,GB2021_1980_00,gb2016.pdf,gb2021.pdf,2.31,2.395,0.085,0.5,False,agreement_is_not_independent_observational_validation
1980,通州,GB2016_1980_00,GB2022_1980_00,gb2016.pdf,gb2022.pdf,2.31,2.373,0.063,0.66,False,agreement_is_not_independent_observational_validation
1980,通州,GB2016_1980_00,GB2023_1980_03,gb2016.pdf,gb2023.pdf,2.31,2.464,0.154,0.51,False,agreement_is_not_independent_observational_validation
1980,通州,GB2016_1980_00,GB2024_1980_03,gb2016.pdf,gb2024.pdf,2.31,2.428,0.118,0.5,False,agreement_is_not_independent_observational_validation
1980,通州,GB2016_1980_00,GB2025_1980_03,gb2016.pdf,gb2025.pdf,2.31,2.412,0.102,0.5,False,agreement_is_not_independent_observational_validation
1980,通州,GB2017_1980_00,GB2018_1980_00,gb2017.pdf,gb2018.pdf,2.388,2.386,0.002,0.5,False,agreement_is_not_independent_observational_validation
1980,通州,GB2017_1980_00,GB2019_1980_00,gb2017.pdf,gb2019.pdf,2.388,2.75,0.362,0.83,False,agreement_is_not_independent_observational_validation
1980,通州,GB2017_1980_00,GB2020_1980_00,gb2017.pdf,gb2020.pdf,2.388,2.446,0.058,0.5,False,agreement_is_not_independent_observational_validation
1980,通州,GB2017_1980_00,GB2021_1980_00,gb2017.pdf,gb2021.pdf,2.388,2.395,0.007,0.5,False,agreement_is_not_independent_observational_validation
1980,通州,GB2017_1980_00,GB2022_1980_00,gb2017.pdf,gb2022.pdf,2.388,2.373,0.015,0.63,False,agreement_is_not_independent_observational_validation
1980,通州,GB2017_1980_00,GB2023_1980_03,gb2017.pdf,gb2023.pdf,2.388,2.464,0.076,0.5,False,agreement_is_not_independent_observational_validation
1980,通州,GB2017_1980_00,GB2024_1980_03,gb2017.pdf,gb2024.pdf,2.388,2.428,0.04,0.5,False,agreement_is_not_independent_observational_validation
1980,通州,GB2017_1980_00,GB2025_1980_03,gb2017.pdf,gb2025.pdf,2.388,2.412,0.024,0.5,False,agreement_is_not_independent_observational_validation
1980,通州,GB2018_1980_00,GB2019_1980_00,gb2018.pdf,gb2019.pdf,2.386,2.75,0.364,0.77,False,agreement_is_not_independent_observational_validation
1980,通州,GB2018_1980_00,GB2020_1980_00,gb2018.pdf,gb2020.pdf,2.386,2.446,0.06,0.5,False,agreement_is_not_independent_observational_validation
1980,通州,GB2018_1980_00,GB2021_1980_00,gb2018.pdf,gb2021.pdf,2.386,2.395,0.009,0.5,False,agreement_is_not_independent_observational_validation
1980,通州,GB2018_1980_00,GB2022_1980_00,gb2018.pdf,gb2022.pdf,2.386,2.373,0.013,0.57,False,agreement_is_not_independent_observational_validation
1980,通州,GB2018_1980_00,GB2023_1980_03,gb2018.pdf,gb2023.pdf,2.386,2.464,0.078,0.5,False,agreement_is_not_independent_observational_validation
1980,通州,GB2018_1980_00,GB2024_1980_03,gb2018.pdf,gb2024.pdf,2.386,2.428,0.042,0.5,False,agreement_is_not_independent_observational_validation
1980,通州,GB2018_1980_00,GB2025_1980_03,gb2018.pdf,gb2025.pdf,2.386,2.412,0.026,0.5,False,agreement_is_not_independent_observational_validation
1980,通州,GB2019_1980_00,GB2020_1980_00,gb2019.pdf,gb2020.pdf,2.75,2.446,0.304,0.67,False,agreement_is_not_independent_observational_validation
1980,通州,GB2019_1980_00,GB2021_1980_00,gb2019.pdf,gb2021.pdf,2.75,2.395,0.355,0.84,False,agreement_is_not_independent_observational_validation
1980,通州,GB2019_1980_00,GB2022_1980_00,gb2019.pdf,gb2022.pdf,2.75,2.373,0.377,1.04,False,agreement_is_not_independent_observational_validation
1980,通州,GB2019_1980_00,GB2023_1980_03,gb2019.pdf,gb2023.pdf,2.75,2.464,0.286,0.89,False,agreement_is_not_independent_observational_validation
1980,通州,GB2019_1980_00,GB2024_1980_03,gb2019.pdf,gb2024.pdf,2.75,2.428,0.322,0.75,False,agreement_is_not_independent_observational_validation
1980,通州,GB2019_1980_00,GB2025_1980_03,gb2019.pdf,gb2025.pdf,2.75,2.412,0.338,0.77,False,agreement_is_not_independent_observational_validation
1980,通州,GB2020_1980_00,GB2021_1980_00,gb2020.pdf,gb2021.pdf,2.446,2.395,0.051,0.5,False,agreement_is_not_independent_observational_validation
1980,通州,GB2020_1980_00,GB2022_1980_00,gb2020.pdf,gb2022.pdf,2.446,2.373,0.073,0.5,False,agreement_is_not_independent_observational_validation
1980,通州,GB2020_1980_00,GB2023_1980_03,gb2020.pdf,gb2023.pdf,2.446,2.464,0.018,0.5,False,agreement_is_not_independent_observational_validation
1980,通州,GB2020_1980_00,GB2024_1980_03,gb2020.pdf,gb2024.pdf,2.446,2.428,0.018,0.5,False,agreement_is_not_independent_observational_validation
1980,通州,GB2020_1980_00,GB2025_1980_03,gb2020.pdf,gb2025.pdf,2.446,2.412,0.034,0.5,False,agreement_is_not_independent_observational_validation
1980,通州,GB2021_1980_00,GB2022_1980_00,gb2021.pdf,gb2022.pdf,2.395,2.373,0.022,0.64,False,agreement_is_not_independent_observational_validation
1980,通州,GB2021_1980_00,GB2023_1980_03,gb2021.pdf,gb2023.pdf,2.395,2.464,0.069,0.5,False,agreement_is_not_independent_observational_validation
1980,通州,GB2021_1980_00,GB2024_1980_03,gb2021.pdf,gb2024.pdf,2.395,2.428,0.033,0.5,False,agreement_is_not_independent_observational_validation
1980,通州,GB2021_1980_00,GB2025_1980_03,gb2021.pdf,gb2025.pdf,2.395,2.412,0.017,0.5,False,agreement_is_not_independent_observational_validation
1980,通州,GB2022_1980_00,GB2023_1980_03,gb2022.pdf,gb2023.pdf,2.373,2.464,0.091,0.69,False,agreement_is_not_independent_observational_validation
1980,通州,GB2022_1980_00,GB2024_1980_03,gb2022.pdf,gb2024.pdf,2.373,2.428,0.055,0.55,False,agreement_is_not_independent_observational_validation
1980,通州,GB2022_1980_00,GB2025_1980_03,gb2022.pdf,gb2025.pdf,2.373,2.412,0.039,0.57,False,agreement_is_not_independent_observational_validation
1980,通州,GB2023_1980_03,GB2024_1980_03,gb2023.pdf,gb2024.pdf,2.464,2.428,0.036,0.5,False,agreement_is_not_independent_observational_validation
1980,通州,GB2023_1980_03,GB2025_1980_03,gb2023.pdf,gb2025.pdf,2.464,2.412,0.052,0.5,False,agreement_is_not_independent_observational_validation
1980,通州,GB2024_1980_03,GB2025_1980_03,gb2024.pdf,gb2025.pdf,2.428,2.412,0.016,0.5,False,agreement_is_not_independent_observational_validation
1980,门头沟,GB2001_1980_07,GB2002_1980_08,gb2001.pdf,gb2002.pdf,9.663,9.726,0.063,0.6,False,agreement_is_not_independent_observational_validation
1980,门头沟,GB2001_1980_07,GB2003_1980_08,gb2001.pdf,gb2003.pdf,9.663,9.545,0.118,0.9,False,agreement_is_not_independent_observational_validation
1980,门头沟,GB2001_1980_07,GB2004_1980_03,gb2001.pdf,gb2004.pdf,9.663,9.955,0.292,0.9,False,agreement_is_not_independent_observational_validation
1980,门头沟,GB2001_1980_07,GB2006_1980_03,gb2001.pdf,gb2006.pdf,9.663,10.091,0.428,0.9,False,agreement_is_not_independent_observational_validation
1980,门头沟,GB2001_1980_07,GB2007_1980_03,gb2001.pdf,gb2007.pdf,9.663,10.023,0.36,0.9,False,agreement_is_not_independent_observational_validation
1980,门头沟,GB2001_1980_07,GB2008_1980_03,gb2001.pdf,gb2008.pdf,9.663,10.307,0.644,0.6,True,agreement_is_not_independent_observational_validation
1980,门头沟,GB2001_1980_07,GB2009_1980_03,gb2001.pdf,gb2009.pdf,9.663,9.816,0.153,0.6,False,agreement_is_not_independent_observational_validation
1980,门头沟,GB2001_1980_07,GB2010_1980_03,gb2001.pdf,gb2010.pdf,9.663,9.976,0.313,0.6,False,agreement_is_not_independent_observational_validation
1980,门头沟,GB2001_1980_07,GB2012_1980_03,gb2001.pdf,gb2012.pdf,9.663,9.766,0.103,0.6,False,agreement_is_not_independent_observational_validation
1980,门头沟,GB2001_1980_07,GB2013_1980_03,gb2001.pdf,gb2013.pdf,9.663,9.91,0.247,0.78,False,agreement_is_not_independent_observational_validation
1980,门头沟,GB2001_1980_07,GB2014_1980_03,gb2001.pdf,gb2014.pdf,9.663,10.015,0.352,0.6,False,agreement_is_not_independent_observational_validation
1980,门头沟,GB2001_1980_07,GB2015_1980_03,gb2001.pdf,gb2015.pdf,9.663,10.029,0.366,0.63,False,agreement_is_not_independent_observational_validation
1980,门头沟,GB2001_1980_07,GB2016_1980_03,gb2001.pdf,gb2016.pdf,9.663,9.818,0.155,0.54,False,agreement_is_not_independent_observational_validation
1980,门头沟,GB2001_1980_07,GB2017_1980_03,gb2001.pdf,gb2017.pdf,9.663,9.846,0.183,0.51,False,agreement_is_not_independent_observational_validation
1980,门头沟,GB2001_1980_07,GB2018_1980_03,gb2001.pdf,gb2018.pdf,9.663,9.824,0.161,0.5,False,agreement_is_not_independent_observational_validation
1980,门头沟,GB2001_1980_07,GB2019_1980_03,gb2001.pdf,gb2019.pdf,9.663,10.25,0.587,0.92,False,agreement_is_not_independent_observational_validation
1980,门头沟,GB2001_1980_07,GB2020_1980_03,gb2001.pdf,gb2020.pdf,9.663,9.863,0.2,0.5,False,agreement_is_not_independent_observational_validation
1980,门头沟,GB2001_1980_07,GB2021_1980_03,gb2001.pdf,gb2021.pdf,9.663,9.756,0.093,0.52,False,agreement_is_not_independent_observational_validation
1980,门头沟,GB2001_1980_07,GB2022_1980_03,gb2001.pdf,gb2022.pdf,9.663,9.831,0.168,0.72,False,agreement_is_not_independent_observational_validation
1980,门头沟,GB2001_1980_07,GB2023_1980_01,gb2001.pdf,gb2023.pdf,9.663,9.964,0.301,0.57,False,agreement_is_not_independent_observational_validation
1980,门头沟,GB2001_1980_07,GB2024_1980_01,gb2001.pdf,gb2024.pdf,9.663,9.866,0.203,0.5,False,agreement_is_not_independent_observational_validation
1980,门头沟,GB2001_1980_07,GB2025_1980_01,gb2001.pdf,gb2025.pdf,9.663,9.824,0.161,0.5,False,agreement_is_not_independent_observational_validation
1980,门头沟,GB2002_1980_08,GB2003_1980_08,gb2002.pdf,gb2003.pdf,9.726,9.545,0.181,0.9,False,agreement_is_not_independent_observational_validation
1980,门头沟,GB2002_1980_08,GB2004_1980_03,gb2002.pdf,gb2004.pdf,9.726,9.955,0.229,0.9,False,agreement_is_not_independent_observational_validation
1980,门头沟,GB2002_1980_08,GB2006_1980_03,gb2002.pdf,gb2006.pdf,9.726,10.091,0.365,0.9,False,agreement_is_not_independent_observational_validation
1980,门头沟,GB2002_1980_08,GB2007_1980_03,gb2002.pdf,gb2007.pdf,9.726,10.023,0.297,0.9,False,agreement_is_not_independent_observational_validation
1980,门头沟,GB2002_1980_08,GB2008_1980_03,gb2002.pdf,gb2008.pdf,9.726,10.307,0.581,0.6,False,agreement_is_not_independent_observational_validation
1980,门头沟,GB2002_1980_08,GB2009_1980_03,gb2002.pdf,gb2009.pdf,9.726,9.816,0.09,0.6,False,agreement_is_not_independent_observational_validation
1980,门头沟,GB2002_1980_08,GB2010_1980_03,gb2002.pdf,gb2010.pdf,9.726,9.976,0.25,0.6,False,agreement_is_not_independent_observational_validation
1980,门头沟,GB2002_1980_08,GB2012_1980_03,gb2002.pdf,gb2012.pdf,9.726,9.766,0.04,0.6,False,agreement_is_not_independent_observational_validation
1980,门头沟,GB2002_1980_08,GB2013_1980_03,gb2002.pdf,gb2013.pdf,9.726,9.91,0.184,0.78,False,agreement_is_not_independent_observational_validation
1980,门头沟,GB2002_1980_08,GB2014_1980_03,gb2002.pdf,gb2014.pdf,9.726,10.015,0.289,0.6,False,agreement_is_not_independent_observational_validation
1980,门头沟,GB2002_1980_08,GB2015_1980_03,gb2002.pdf,gb2015.pdf,9.726,10.029,0.303,0.63,False,agreement_is_not_independent_observational_validation
1980,门头沟,GB2002_1980_08,GB2016_1980_03,gb2002.pdf,gb2016.pdf,9.726,9.818,0.092,0.54,False,agreement_is_not_independent_observational_validation
1980,门头沟,GB2002_1980_08,GB2017_1980_03,gb2002.pdf,gb2017.pdf,9.726,9.846,0.12,0.51,False,agreement_is_not_independent_observational_validation
1980,门头沟,GB2002_1980_08,GB2018_1980_03,gb2002.pdf,gb2018.pdf,9.726,9.824,0.098,0.5,False,agreement_is_not_independent_observational_validation
1980,门头沟,GB2002_1980_08,GB2019_1980_03,gb2002.pdf,gb2019.pdf,9.726,10.25,0.524,0.92,False,agreement_is_not_independent_observational_validation
1980,门头沟,GB2002_1980_08,GB2020_1980_03,gb2002.pdf,gb2020.pdf,9.726,9.863,0.137,0.5,False,agreement_is_not_independent_observational_validation
1980,门头沟,GB2002_1980_08,GB2021_1980_03,gb2002.pdf,gb2021.pdf,9.726,9.756,0.03,0.52,False,agreement_is_not_independent_observational_validation
1980,门头沟,GB2002_1980_08,GB2022_1980_03,gb2002.pdf,gb2022.pdf,9.726,9.831,0.105,0.72,False,agreement_is_not_independent_observational_validation
1980,门头沟,GB2002_1980_08,GB2023_1980_01,gb2002.pdf,gb2023.pdf,9.726,9.964,0.238,0.57,False,agreement_is_not_independent_observational_validation
1980,门头沟,GB2002_1980_08,GB2024_1980_01,gb2002.pdf,gb2024.pdf,9.726,9.866,0.14,0.5,False,agreement_is_not_independent_observational_validation
1980,门头沟,GB2002_1980_08,GB2025_1980_01,gb2002.pdf,gb2025.pdf,9.726,9.824,0.098,0.5,False,agreement_is_not_independent_observational_validation
1980,门头沟,GB2003_1980_08,GB2004_1980_03,gb2003.pdf,gb2004.pdf,9.545,9.955,0.41,1.2,False,agreement_is_not_independent_observational_validation
1980,门头沟,GB2003_1980_08,GB2006_1980_03,gb2003.pdf,gb2006.pdf,9.545,10.091,0.546,1.2,False,agreement_is_not_independent_observational_validation
1980,门头沟,GB2003_1980_08,GB2007_1980_03,gb2003.pdf,gb2007.pdf,9.545,10.023,0.478,1.2,False,agreement_is_not_independent_observational_validation
1980,门头沟,GB2003_1980_08,GB2008_1980_03,gb2003.pdf,gb2008.pdf,9.545,10.307,0.762,0.9,False,agreement_is_not_independent_observational_validation
1980,门头沟,GB2003_1980_08,GB2009_1980_03,gb2003.pdf,gb2009.pdf,9.545,9.816,0.271,0.9,False,agreement_is_not_independent_observational_validation
1980,门头沟,GB2003_1980_08,GB2010_1980_03,gb2003.pdf,gb2010.pdf,9.545,9.976,0.431,0.9,False,agreement_is_not_independent_observational_validation
1980,门头沟,GB2003_1980_08,GB2012_1980_03,gb2003.pdf,gb2012.pdf,9.545,9.766,0.221,0.9,False,agreement_is_not_independent_observational_validation
1980,门头沟,GB2003_1980_08,GB2013_1980_03,gb2003.pdf,gb2013.pdf,9.545,9.91,0.365,1.08,False,agreement_is_not_independent_observational_validation
1980,门头沟,GB2003_1980_08,GB2014_1980_03,gb2003.pdf,gb2014.pdf,9.545,10.015,0.47,0.9,False,agreement_is_not_independent_observational_validation
1980,门头沟,GB2003_1980_08,GB2015_1980_03,gb2003.pdf,gb2015.pdf,9.545,10.029,0.484,0.93,False,agreement_is_not_independent_observational_validation
1980,门头沟,GB2003_1980_08,GB2016_1980_03,gb2003.pdf,gb2016.pdf,9.545,9.818,0.273,0.84,False,agreement_is_not_independent_observational_validation
1980,门头沟,GB2003_1980_08,GB2017_1980_03,gb2003.pdf,gb2017.pdf,9.545,9.846,0.301,0.81,False,agreement_is_not_independent_observational_validation
1980,门头沟,GB2003_1980_08,GB2018_1980_03,gb2003.pdf,gb2018.pdf,9.545,9.824,0.279,0.75,False,agreement_is_not_independent_observational_validation
1980,门头沟,GB2003_1980_08,GB2019_1980_03,gb2003.pdf,gb2019.pdf,9.545,10.25,0.705,1.22,False,agreement_is_not_independent_observational_validation
1980,门头沟,GB2003_1980_08,GB2020_1980_03,gb2003.pdf,gb2020.pdf,9.545,9.863,0.318,0.65,False,agreement_is_not_independent_observational_validation
1980,门头沟,GB2003_1980_08,GB2021_1980_03,gb2003.pdf,gb2021.pdf,9.545,9.756,0.211,0.82,False,agreement_is_not_independent_observational_validation
1980,门头沟,GB2003_1980_08,GB2022_1980_03,gb2003.pdf,gb2022.pdf,9.545,9.831,0.286,1.02,False,agreement_is_not_independent_observational_validation
1980,门头沟,GB2003_1980_08,GB2023_1980_01,gb2003.pdf,gb2023.pdf,9.545,9.964,0.419,0.87,False,agreement_is_not_independent_observational_validation
1980,门头沟,GB2003_1980_08,GB2024_1980_01,gb2003.pdf,gb2024.pdf,9.545,9.866,0.321,0.73,False,agreement_is_not_independent_observational_validation
1980,门头沟,GB2003_1980_08,GB2025_1980_01,gb2003.pdf,gb2025.pdf,9.545,9.824,0.279,0.75,False,agreement_is_not_independent_observational_validation
1980,门头沟,GB2004_1980_03,GB2006_1980_03,gb2004.pdf,gb2006.pdf,9.955,10.091,0.136,1.2,False,agreement_is_not_independent_observational_validation
1980,门头沟,GB2004_1980_03,GB2007_1980_03,gb2004.pdf,gb2007.pdf,9.955,10.023,0.068,1.2,False,agreement_is_not_independent_observational_validation
1980,门头沟,GB2004_1980_03,GB2008_1980_03,gb2004.pdf,gb2008.pdf,9.955,10.307,0.352,0.9,False,agreement_is_not_independent_observational_validation
1980,门头沟,GB2004_1980_03,GB2009_1980_03,gb2004.pdf,gb2009.pdf,9.955,9.816,0.139,0.9,False,agreement_is_not_independent_observational_validation
1980,门头沟,GB2004_1980_03,GB2010_1980_03,gb2004.pdf,gb2010.pdf,9.955,9.976,0.021,0.9,False,agreement_is_not_independent_observational_validation
1980,门头沟,GB2004_1980_03,GB2012_1980_03,gb2004.pdf,gb2012.pdf,9.955,9.766,0.189,0.9,False,agreement_is_not_independent_observational_validation
1980,门头沟,GB2004_1980_03,GB2013_1980_03,gb2004.pdf,gb2013.pdf,9.955,9.91,0.045,1.08,False,agreement_is_not_independent_observational_validation
1980,门头沟,GB2004_1980_03,GB2014_1980_03,gb2004.pdf,gb2014.pdf,9.955,10.015,0.06,0.9,False,agreement_is_not_independent_observational_validation
1980,门头沟,GB2004_1980_03,GB2015_1980_03,gb2004.pdf,gb2015.pdf,9.955,10.029,0.074,0.93,False,agreement_is_not_independent_observational_validation
1980,门头沟,GB2004_1980_03,GB2016_1980_03,gb2004.pdf,gb2016.pdf,9.955,9.818,0.137,0.84,False,agreement_is_not_independent_observational_validation
1980,门头沟,GB2004_1980_03,GB2017_1980_03,gb2004.pdf,gb2017.pdf,9.955,9.846,0.109,0.81,False,agreement_is_not_independent_observational_validation
1980,门头沟,GB2004_1980_03,GB2018_1980_03,gb2004.pdf,gb2018.pdf,9.955,9.824,0.131,0.75,False,agreement_is_not_independent_observational_validation
1980,门头沟,GB2004_1980_03,GB2019_1980_03,gb2004.pdf,gb2019.pdf,9.955,10.25,0.295,1.22,False,agreement_is_not_independent_observational_validation
1980,门头沟,GB2004_1980_03,GB2020_1980_03,gb2004.pdf,gb2020.pdf,9.955,9.863,0.092,0.65,False,agreement_is_not_independent_observational_validation
1980,门头沟,GB2004_1980_03,GB2021_1980_03,gb2004.pdf,gb2021.pdf,9.955,9.756,0.199,0.82,False,agreement_is_not_independent_observational_validation
1980,门头沟,GB2004_1980_03,GB2022_1980_03,gb2004.pdf,gb2022.pdf,9.955,9.831,0.124,1.02,False,agreement_is_not_independent_observational_validation
1980,门头沟,GB2004_1980_03,GB2023_1980_01,gb2004.pdf,gb2023.pdf,9.955,9.964,0.009,0.87,False,agreement_is_not_independent_observational_validation
1980,门头沟,GB2004_1980_03,GB2024_1980_01,gb2004.pdf,gb2024.pdf,9.955,9.866,0.089,0.73,False,agreement_is_not_independent_observational_validation
1980,门头沟,GB2004_1980_03,GB2025_1980_01,gb2004.pdf,gb2025.pdf,9.955,9.824,0.131,0.75,False,agreement_is_not_independent_observational_validation
1980,门头沟,GB2006_1980_03,GB2007_1980_03,gb2006.pdf,gb2007.pdf,10.091,10.023,0.068,1.2,False,agreement_is_not_independent_observational_validation
1980,门头沟,GB2006_1980_03,GB2008_1980_03,gb2006.pdf,gb2008.pdf,10.091,10.307,0.216,0.9,False,agreement_is_not_independent_observational_validation
1980,门头沟,GB2006_1980_03,GB2009_1980_03,gb2006.pdf,gb2009.pdf,10.091,9.816,0.275,0.9,False,agreement_is_not_independent_observational_validation
1980,门头沟,GB2006_1980_03,GB2010_1980_03,gb2006.pdf,gb2010.pdf,10.091,9.976,0.115,0.9,False,agreement_is_not_independent_observational_validation
1980,门头沟,GB2006_1980_03,GB2012_1980_03,gb2006.pdf,gb2012.pdf,10.091,9.766,0.325,0.9,False,agreement_is_not_independent_observational_validation
1980,门头沟,GB2006_1980_03,GB2013_1980_03,gb2006.pdf,gb2013.pdf,10.091,9.91,0.181,1.08,False,agreement_is_not_independent_observational_validation
1980,门头沟,GB2006_1980_03,GB2014_1980_03,gb2006.pdf,gb2014.pdf,10.091,10.015,0.076,0.9,False,agreement_is_not_independent_observational_validation
1980,门头沟,GB2006_1980_03,GB2015_1980_03,gb2006.pdf,gb2015.pdf,10.091,10.029,0.062,0.93,False,agreement_is_not_independent_observational_validation
1980,门头沟,GB2006_1980_03,GB2016_1980_03,gb2006.pdf,gb2016.pdf,10.091,9.818,0.273,0.84,False,agreement_is_not_independent_observational_validation
1980,门头沟,GB2006_1980_03,GB2017_1980_03,gb2006.pdf,gb2017.pdf,10.091,9.846,0.245,0.81,False,agreement_is_not_independent_observational_validation
1980,门头沟,GB2006_1980_03,GB2018_1980_03,gb2006.pdf,gb2018.pdf,10.091,9.824,0.267,0.75,False,agreement_is_not_independent_observational_validation
1980,门头沟,GB2006_1980_03,GB2019_1980_03,gb2006.pdf,gb2019.pdf,10.091,10.25,0.159,1.22,False,agreement_is_not_independent_observational_validation
1980,门头沟,GB2006_1980_03,GB2020_1980_03,gb2006.pdf,gb2020.pdf,10.091,9.863,0.228,0.65,False,agreement_is_not_independent_observational_validation
1980,门头沟,GB2006_1980_03,GB2021_1980_03,gb2006.pdf,gb2021.pdf,10.091,9.756,0.335,0.82,False,agreement_is_not_independent_observational_validation
1980,门头沟,GB2006_1980_03,GB2022_1980_03,gb2006.pdf,gb2022.pdf,10.091,9.831,0.26,1.02,False,agreement_is_not_independent_observational_validation
1980,门头沟,GB2006_1980_03,GB2023_1980_01,gb2006.pdf,gb2023.pdf,10.091,9.964,0.127,0.87,False,agreement_is_not_independent_observational_validation
1980,门头沟,GB2006_1980_03,GB2024_1980_01,gb2006.pdf,gb2024.pdf,10.091,9.866,0.225,0.73,False,agreement_is_not_independent_observational_validation
1980,门头沟,GB2006_1980_03,GB2025_1980_01,gb2006.pdf,gb2025.pdf,10.091,9.824,0.267,0.75,False,agreement_is_not_independent_observational_validation
1980,门头沟,GB2007_1980_03,GB2008_1980_03,gb2007.pdf,gb2008.pdf,10.023,10.307,0.284,0.9,False,agreement_is_not_independent_observational_validation
1980,门头沟,GB2007_1980_03,GB2009_1980_03,gb2007.pdf,gb2009.pdf,10.023,9.816,0.207,0.9,False,agreement_is_not_independent_observational_validation
1980,门头沟,GB2007_1980_03,GB2010_1980_03,gb2007.pdf,gb2010.pdf,10.023,9.976,0.047,0.9,False,agreement_is_not_independent_observational_validation
1980,门头沟,GB2007_1980_03,GB2012_1980_03,gb2007.pdf,gb2012.pdf,10.023,9.766,0.257,0.9,False,agreement_is_not_independent_observational_validation
1980,门头沟,GB2007_1980_03,GB2013_1980_03,gb2007.pdf,gb2013.pdf,10.023,9.91,0.113,1.08,False,agreement_is_not_independent_observational_validation
1980,门头沟,GB2007_1980_03,GB2014_1980_03,gb2007.pdf,gb2014.pdf,10.023,10.015,0.008,0.9,False,agreement_is_not_independent_observational_validation
1980,门头沟,GB2007_1980_03,GB2015_1980_03,gb2007.pdf,gb2015.pdf,10.023,10.029,0.006,0.93,False,agreement_is_not_independent_observational_validation
1980,门头沟,GB2007_1980_03,GB2016_1980_03,gb2007.pdf,gb2016.pdf,10.023,9.818,0.205,0.84,False,agreement_is_not_independent_observational_validation
1980,门头沟,GB2007_1980_03,GB2017_1980_03,gb2007.pdf,gb2017.pdf,10.023,9.846,0.177,0.81,False,agreement_is_not_independent_observational_validation
1980,门头沟,GB2007_1980_03,GB2018_1980_03,gb2007.pdf,gb2018.pdf,10.023,9.824,0.199,0.75,False,agreement_is_not_independent_observational_validation
1980,门头沟,GB2007_1980_03,GB2019_1980_03,gb2007.pdf,gb2019.pdf,10.023,10.25,0.227,1.22,False,agreement_is_not_independent_observational_validation
1980,门头沟,GB2007_1980_03,GB2020_1980_03,gb2007.pdf,gb2020.pdf,10.023,9.863,0.16,0.65,False,agreement_is_not_independent_observational_validation
1980,门头沟,GB2007_1980_03,GB2021_1980_03,gb2007.pdf,gb2021.pdf,10.023,9.756,0.267,0.82,False,agreement_is_not_independent_observational_validation
1980,门头沟,GB2007_1980_03,GB2022_1980_03,gb2007.pdf,gb2022.pdf,10.023,9.831,0.192,1.02,False,agreement_is_not_independent_observational_validation
1980,门头沟,GB2007_1980_03,GB2023_1980_01,gb2007.pdf,gb2023.pdf,10.023,9.964,0.059,0.87,False,agreement_is_not_independent_observational_validation
1980,门头沟,GB2007_1980_03,GB2024_1980_01,gb2007.pdf,gb2024.pdf,10.023,9.866,0.157,0.73,False,agreement_is_not_independent_observational_validation
1980,门头沟,GB2007_1980_03,GB2025_1980_01,gb2007.pdf,gb2025.pdf,10.023,9.824,0.199,0.75,False,agreement_is_not_independent_observational_validation
1980,门头沟,GB2008_1980_03,GB2009_1980_03,gb2008.pdf,gb2009.pdf,10.307,9.816,0.491,0.6,False,agreement_is_not_independent_observational_validation
1980,门头沟,GB2008_1980_03,GB2010_1980_03,gb2008.pdf,gb2010.pdf,10.307,9.976,0.331,0.6,False,agreement_is_not_independent_observational_validation
1980,门头沟,GB2008_1980_03,GB2012_1980_03,gb2008.pdf,gb2012.pdf,10.307,9.766,0.541,0.6,False,agreement_is_not_independent_observational_validation
1980,门头沟,GB2008_1980_03,GB2013_1980_03,gb2008.pdf,gb2013.pdf,10.307,9.91,0.397,0.78,False,agreement_is_not_independent_observational_validation
1980,门头沟,GB2008_1980_03,GB2014_1980_03,gb2008.pdf,gb2014.pdf,10.307,10.015,0.292,0.6,False,agreement_is_not_independent_observational_validation
1980,门头沟,GB2008_1980_03,GB2015_1980_03,gb2008.pdf,gb2015.pdf,10.307,10.029,0.278,0.63,False,agreement_is_not_independent_observational_validation
1980,门头沟,GB2008_1980_03,GB2016_1980_03,gb2008.pdf,gb2016.pdf,10.307,9.818,0.489,0.54,False,agreement_is_not_independent_observational_validation
1980,门头沟,GB2008_1980_03,GB2017_1980_03,gb2008.pdf,gb2017.pdf,10.307,9.846,0.461,0.51,False,agreement_is_not_independent_observational_validation
1980,门头沟,GB2008_1980_03,GB2018_1980_03,gb2008.pdf,gb2018.pdf,10.307,9.824,0.483,0.5,False,agreement_is_not_independent_observational_validation
1980,门头沟,GB2008_1980_03,GB2019_1980_03,gb2008.pdf,gb2019.pdf,10.307,10.25,0.057,0.92,False,agreement_is_not_independent_observational_validation
1980,门头沟,GB2008_1980_03,GB2020_1980_03,gb2008.pdf,gb2020.pdf,10.307,9.863,0.444,0.5,False,agreement_is_not_independent_observational_validation
1980,门头沟,GB2008_1980_03,GB2021_1980_03,gb2008.pdf,gb2021.pdf,10.307,9.756,0.551,0.52,True,agreement_is_not_independent_observational_validation
1980,门头沟,GB2008_1980_03,GB2022_1980_03,gb2008.pdf,gb2022.pdf,10.307,9.831,0.476,0.72,False,agreement_is_not_independent_observational_validation
1980,门头沟,GB2008_1980_03,GB2023_1980_01,gb2008.pdf,gb2023.pdf,10.307,9.964,0.343,0.57,False,agreement_is_not_independent_observational_validation
1980,门头沟,GB2008_1980_03,GB2024_1980_01,gb2008.pdf,gb2024.pdf,10.307,9.866,0.441,0.5,False,agreement_is_not_independent_observational_validation
1980,门头沟,GB2008_1980_03,GB2025_1980_01,gb2008.pdf,gb2025.pdf,10.307,9.824,0.483,0.5,False,agreement_is_not_independent_observational_validation
1980,门头沟,GB2009_1980_03,GB2010_1980_03,gb2009.pdf,gb2010.pdf,9.816,9.976,0.16,0.6,False,agreement_is_not_independent_observational_validation
1980,门头沟,GB2009_1980_03,GB2012_1980_03,gb2009.pdf,gb2012.pdf,9.816,9.766,0.05,0.6,False,agreement_is_not_independent_observational_validation
1980,门头沟,GB2009_1980_03,GB2013_1980_03,gb2009.pdf,gb2013.pdf,9.816,9.91,0.094,0.78,False,agreement_is_not_independent_observational_validation
1980,门头沟,GB2009_1980_03,GB2014_1980_03,gb2009.pdf,gb2014.pdf,9.816,10.015,0.199,0.6,False,agreement_is_not_independent_observational_validation
1980,门头沟,GB2009_1980_03,GB2015_1980_03,gb2009.pdf,gb2015.pdf,9.816,10.029,0.213,0.63,False,agreement_is_not_independent_observational_validation
1980,门头沟,GB2009_1980_03,GB2016_1980_03,gb2009.pdf,gb2016.pdf,9.816,9.818,0.002,0.54,False,agreement_is_not_independent_observational_validation
1980,门头沟,GB2009_1980_03,GB2017_1980_03,gb2009.pdf,gb2017.pdf,9.816,9.846,0.03,0.51,False,agreement_is_not_independent_observational_validation
1980,门头沟,GB2009_1980_03,GB2018_1980_03,gb2009.pdf,gb2018.pdf,9.816,9.824,0.008,0.5,False,agreement_is_not_independent_observational_validation
1980,门头沟,GB2009_1980_03,GB2019_1980_03,gb2009.pdf,gb2019.pdf,9.816,10.25,0.434,0.92,False,agreement_is_not_independent_observational_validation
1980,门头沟,GB2009_1980_03,GB2020_1980_03,gb2009.pdf,gb2020.pdf,9.816,9.863,0.047,0.5,False,agreement_is_not_independent_observational_validation
1980,门头沟,GB2009_1980_03,GB2021_1980_03,gb2009.pdf,gb2021.pdf,9.816,9.756,0.06,0.52,False,agreement_is_not_independent_observational_validation
1980,门头沟,GB2009_1980_03,GB2022_1980_03,gb2009.pdf,gb2022.pdf,9.816,9.831,0.015,0.72,False,agreement_is_not_independent_observational_validation
1980,门头沟,GB2009_1980_03,GB2023_1980_01,gb2009.pdf,gb2023.pdf,9.816,9.964,0.148,0.57,False,agreement_is_not_independent_observational_validation
1980,门头沟,GB2009_1980_03,GB2024_1980_01,gb2009.pdf,gb2024.pdf,9.816,9.866,0.05,0.5,False,agreement_is_not_independent_observational_validation
1980,门头沟,GB2009_1980_03,GB2025_1980_01,gb2009.pdf,gb2025.pdf,9.816,9.824,0.008,0.5,False,agreement_is_not_independent_observational_validation
1980,门头沟,GB2010_1980_03,GB2012_1980_03,gb2010.pdf,gb2012.pdf,9.976,9.766,0.21,0.6,False,agreement_is_not_independent_observational_validation
1980,门头沟,GB2010_1980_03,GB2013_1980_03,gb2010.pdf,gb2013.pdf,9.976,9.91,0.066,0.78,False,agreement_is_not_independent_observational_validation
1980,门头沟,GB2010_1980_03,GB2014_1980_03,gb2010.pdf,gb2014.pdf,9.976,10.015,0.039,0.6,False,agreement_is_not_independent_observational_validation
1980,门头沟,GB2010_1980_03,GB2015_1980_03,gb2010.pdf,gb2015.pdf,9.976,10.029,0.053,0.63,False,agreement_is_not_independent_observational_validation
1980,门头沟,GB2010_1980_03,GB2016_1980_03,gb2010.pdf,gb2016.pdf,9.976,9.818,0.158,0.54,False,agreement_is_not_independent_observational_validation
1980,门头沟,GB2010_1980_03,GB2017_1980_03,gb2010.pdf,gb2017.pdf,9.976,9.846,0.13,0.51,False,agreement_is_not_independent_observational_validation
1980,门头沟,GB2010_1980_03,GB2018_1980_03,gb2010.pdf,gb2018.pdf,9.976,9.824,0.152,0.5,False,agreement_is_not_independent_observational_validation
1980,门头沟,GB2010_1980_03,GB2019_1980_03,gb2010.pdf,gb2019.pdf,9.976,10.25,0.274,0.92,False,agreement_is_not_independent_observational_validation
1980,门头沟,GB2010_1980_03,GB2020_1980_03,gb2010.pdf,gb2020.pdf,9.976,9.863,0.113,0.5,False,agreement_is_not_independent_observational_validation
1980,门头沟,GB2010_1980_03,GB2021_1980_03,gb2010.pdf,gb2021.pdf,9.976,9.756,0.22,0.52,False,agreement_is_not_independent_observational_validation
1980,门头沟,GB2010_1980_03,GB2022_1980_03,gb2010.pdf,gb2022.pdf,9.976,9.831,0.145,0.72,False,agreement_is_not_independent_observational_validation
1980,门头沟,GB2010_1980_03,GB2023_1980_01,gb2010.pdf,gb2023.pdf,9.976,9.964,0.012,0.57,False,agreement_is_not_independent_observational_validation
1980,门头沟,GB2010_1980_03,GB2024_1980_01,gb2010.pdf,gb2024.pdf,9.976,9.866,0.11,0.5,False,agreement_is_not_independent_observational_validation
1980,门头沟,GB2010_1980_03,GB2025_1980_01,gb2010.pdf,gb2025.pdf,9.976,9.824,0.152,0.5,False,agreement_is_not_independent_observational_validation
1980,门头沟,GB2012_1980_03,GB2013_1980_03,gb2012.pdf,gb2013.pdf,9.766,9.91,0.144,0.78,False,agreement_is_not_independent_observational_validation
1980,门头沟,GB2012_1980_03,GB2014_1980_03,gb2012.pdf,gb2014.pdf,9.766,10.015,0.249,0.6,False,agreement_is_not_independent_observational_validation
1980,门头沟,GB2012_1980_03,GB2015_1980_03,gb2012.pdf,gb2015.pdf,9.766,10.029,0.263,0.63,False,agreement_is_not_independent_observational_validation
1980,门头沟,GB2012_1980_03,GB2016_1980_03,gb2012.pdf,gb2016.pdf,9.766,9.818,0.052,0.54,False,agreement_is_not_independent_observational_validation
1980,门头沟,GB2012_1980_03,GB2017_1980_03,gb2012.pdf,gb2017.pdf,9.766,9.846,0.08,0.51,False,agreement_is_not_independent_observational_validation
1980,门头沟,GB2012_1980_03,GB2018_1980_03,gb2012.pdf,gb2018.pdf,9.766,9.824,0.058,0.5,False,agreement_is_not_independent_observational_validation
1980,门头沟,GB2012_1980_03,GB2019_1980_03,gb2012.pdf,gb2019.pdf,9.766,10.25,0.484,0.92,False,agreement_is_not_independent_observational_validation
1980,门头沟,GB2012_1980_03,GB2020_1980_03,gb2012.pdf,gb2020.pdf,9.766,9.863,0.097,0.5,False,agreement_is_not_independent_observational_validation
1980,门头沟,GB2012_1980_03,GB2021_1980_03,gb2012.pdf,gb2021.pdf,9.766,9.756,0.01,0.52,False,agreement_is_not_independent_observational_validation
1980,门头沟,GB2012_1980_03,GB2022_1980_03,gb2012.pdf,gb2022.pdf,9.766,9.831,0.065,0.72,False,agreement_is_not_independent_observational_validation
1980,门头沟,GB2012_1980_03,GB2023_1980_01,gb2012.pdf,gb2023.pdf,9.766,9.964,0.198,0.57,False,agreement_is_not_independent_observational_validation
1980,门头沟,GB2012_1980_03,GB2024_1980_01,gb2012.pdf,gb2024.pdf,9.766,9.866,0.1,0.5,False,agreement_is_not_independent_observational_validation
1980,门头沟,GB2012_1980_03,GB2025_1980_01,gb2012.pdf,gb2025.pdf,9.766,9.824,0.058,0.5,False,agreement_is_not_independent_observational_validation
1980,门头沟,GB2013_1980_03,GB2014_1980_03,gb2013.pdf,gb2014.pdf,9.91,10.015,0.105,0.78,False,agreement_is_not_independent_observational_validation
1980,门头沟,GB2013_1980_03,GB2015_1980_03,gb2013.pdf,gb2015.pdf,9.91,10.029,0.119,0.81,False,agreement_is_not_independent_observational_validation
1980,门头沟,GB2013_1980_03,GB2016_1980_03,gb2013.pdf,gb2016.pdf,9.91,9.818,0.092,0.72,False,agreement_is_not_independent_observational_validation
1980,门头沟,GB2013_1980_03,GB2017_1980_03,gb2013.pdf,gb2017.pdf,9.91,9.846,0.064,0.69,False,agreement_is_not_independent_observational_validation
1980,门头沟,GB2013_1980_03,GB2018_1980_03,gb2013.pdf,gb2018.pdf,9.91,9.824,0.086,0.63,False,agreement_is_not_independent_observational_validation
1980,门头沟,GB2013_1980_03,GB2019_1980_03,gb2013.pdf,gb2019.pdf,9.91,10.25,0.34,1.1,False,agreement_is_not_independent_observational_validation
1980,门头沟,GB2013_1980_03,GB2020_1980_03,gb2013.pdf,gb2020.pdf,9.91,9.863,0.047,0.53,False,agreement_is_not_independent_observational_validation
1980,门头沟,GB2013_1980_03,GB2021_1980_03,gb2013.pdf,gb2021.pdf,9.91,9.756,0.154,0.7,False,agreement_is_not_independent_observational_validation
1980,门头沟,GB2013_1980_03,GB2022_1980_03,gb2013.pdf,gb2022.pdf,9.91,9.831,0.079,0.9,False,agreement_is_not_independent_observational_validation
1980,门头沟,GB2013_1980_03,GB2023_1980_01,gb2013.pdf,gb2023.pdf,9.91,9.964,0.054,0.75,False,agreement_is_not_independent_observational_validation
1980,门头沟,GB2013_1980_03,GB2024_1980_01,gb2013.pdf,gb2024.pdf,9.91,9.866,0.044,0.61,False,agreement_is_not_independent_observational_validation
1980,门头沟,GB2013_1980_03,GB2025_1980_01,gb2013.pdf,gb2025.pdf,9.91,9.824,0.086,0.63,False,agreement_is_not_independent_observational_validation
1980,门头沟,GB2014_1980_03,GB2015_1980_03,gb2014.pdf,gb2015.pdf,10.015,10.029,0.014,0.63,False,agreement_is_not_independent_observational_validation
1980,门头沟,GB2014_1980_03,GB2016_1980_03,gb2014.pdf,gb2016.pdf,10.015,9.818,0.197,0.54,False,agreement_is_not_independent_observational_validation
1980,门头沟,GB2014_1980_03,GB2017_1980_03,gb2014.pdf,gb2017.pdf,10.015,9.846,0.169,0.51,False,agreement_is_not_independent_observational_validation
1980,门头沟,GB2014_1980_03,GB2018_1980_03,gb2014.pdf,gb2018.pdf,10.015,9.824,0.191,0.5,False,agreement_is_not_independent_observational_validation
1980,门头沟,GB2014_1980_03,GB2019_1980_03,gb2014.pdf,gb2019.pdf,10.015,10.25,0.235,0.92,False,agreement_is_not_independent_observational_validation
1980,门头沟,GB2014_1980_03,GB2020_1980_03,gb2014.pdf,gb2020.pdf,10.015,9.863,0.152,0.5,False,agreement_is_not_independent_observational_validation
1980,门头沟,GB2014_1980_03,GB2021_1980_03,gb2014.pdf,gb2021.pdf,10.015,9.756,0.259,0.52,False,agreement_is_not_independent_observational_validation
1980,门头沟,GB2014_1980_03,GB2022_1980_03,gb2014.pdf,gb2022.pdf,10.015,9.831,0.184,0.72,False,agreement_is_not_independent_observational_validation
1980,门头沟,GB2014_1980_03,GB2023_1980_01,gb2014.pdf,gb2023.pdf,10.015,9.964,0.051,0.57,False,agreement_is_not_independent_observational_validation
1980,门头沟,GB2014_1980_03,GB2024_1980_01,gb2014.pdf,gb2024.pdf,10.015,9.866,0.149,0.5,False,agreement_is_not_independent_observational_validation
1980,门头沟,GB2014_1980_03,GB2025_1980_01,gb2014.pdf,gb2025.pdf,10.015,9.824,0.191,0.5,False,agreement_is_not_independent_observational_validation
1980,门头沟,GB2015_1980_03,GB2016_1980_03,gb2015.pdf,gb2016.pdf,10.029,9.818,0.211,0.57,False,agreement_is_not_independent_observational_validation
1980,门头沟,GB2015_1980_03,GB2017_1980_03,gb2015.pdf,gb2017.pdf,10.029,9.846,0.183,0.54,False,agreement_is_not_independent_observational_validation
1980,门头沟,GB2015_1980_03,GB2018_1980_03,gb2015.pdf,gb2018.pdf,10.029,9.824,0.205,0.5,False,agreement_is_not_independent_observational_validation
1980,门头沟,GB2015_1980_03,GB2019_1980_03,gb2015.pdf,gb2019.pdf,10.029,10.25,0.221,0.95,False,agreement_is_not_independent_observational_validation
1980,门头沟,GB2015_1980_03,GB2020_1980_03,gb2015.pdf,gb2020.pdf,10.029,9.863,0.166,0.5,False,agreement_is_not_independent_observational_validation
1980,门头沟,GB2015_1980_03,GB2021_1980_03,gb2015.pdf,gb2021.pdf,10.029,9.756,0.273,0.55,False,agreement_is_not_independent_observational_validation
1980,门头沟,GB2015_1980_03,GB2022_1980_03,gb2015.pdf,gb2022.pdf,10.029,9.831,0.198,0.75,False,agreement_is_not_independent_observational_validation
1980,门头沟,GB2015_1980_03,GB2023_1980_01,gb2015.pdf,gb2023.pdf,10.029,9.964,0.065,0.6,False,agreement_is_not_independent_observational_validation
1980,门头沟,GB2015_1980_03,GB2024_1980_01,gb2015.pdf,gb2024.pdf,10.029,9.866,0.163,0.5,False,agreement_is_not_independent_observational_validation
1980,门头沟,GB2015_1980_03,GB2025_1980_01,gb2015.pdf,gb2025.pdf,10.029,9.824,0.205,0.5,False,agreement_is_not_independent_observational_validation
1980,门头沟,GB2016_1980_03,GB2017_1980_03,gb2016.pdf,gb2017.pdf,9.818,9.846,0.028,0.5,False,agreement_is_not_independent_observational_validation
1980,门头沟,GB2016_1980_03,GB2018_1980_03,gb2016.pdf,gb2018.pdf,9.818,9.824,0.006,0.5,False,agreement_is_not_independent_observational_validation
1980,门头沟,GB2016_1980_03,GB2019_1980_03,gb2016.pdf,gb2019.pdf,9.818,10.25,0.432,0.86,False,agreement_is_not_independent_observational_validation
1980,门头沟,GB2016_1980_03,GB2020_1980_03,gb2016.pdf,gb2020.pdf,9.818,9.863,0.045,0.5,False,agreement_is_not_independent_observational_validation
1980,门头沟,GB2016_1980_03,GB2021_1980_03,gb2016.pdf,gb2021.pdf,9.818,9.756,0.062,0.5,False,agreement_is_not_independent_observational_validation
1980,门头沟,GB2016_1980_03,GB2022_1980_03,gb2016.pdf,gb2022.pdf,9.818,9.831,0.013,0.66,False,agreement_is_not_independent_observational_validation
1980,门头沟,GB2016_1980_03,GB2023_1980_01,gb2016.pdf,gb2023.pdf,9.818,9.964,0.146,0.51,False,agreement_is_not_independent_observational_validation
1980,门头沟,GB2016_1980_03,GB2024_1980_01,gb2016.pdf,gb2024.pdf,9.818,9.866,0.048,0.5,False,agreement_is_not_independent_observational_validation
1980,门头沟,GB2016_1980_03,GB2025_1980_01,gb2016.pdf,gb2025.pdf,9.818,9.824,0.006,0.5,False,agreement_is_not_independent_observational_validation
1980,门头沟,GB2017_1980_03,GB2018_1980_03,gb2017.pdf,gb2018.pdf,9.846,9.824,0.022,0.5,False,agreement_is_not_independent_observational_validation
1980,门头沟,GB2017_1980_03,GB2019_1980_03,gb2017.pdf,gb2019.pdf,9.846,10.25,0.404,0.83,False,agreement_is_not_independent_observational_validation
1980,门头沟,GB2017_1980_03,GB2020_1980_03,gb2017.pdf,gb2020.pdf,9.846,9.863,0.017,0.5,False,agreement_is_not_independent_observational_validation
1980,门头沟,GB2017_1980_03,GB2021_1980_03,gb2017.pdf,gb2021.pdf,9.846,9.756,0.09,0.5,False,agreement_is_not_independent_observational_validation
1980,门头沟,GB2017_1980_03,GB2022_1980_03,gb2017.pdf,gb2022.pdf,9.846,9.831,0.015,0.63,False,agreement_is_not_independent_observational_validation
1980,门头沟,GB2017_1980_03,GB2023_1980_01,gb2017.pdf,gb2023.pdf,9.846,9.964,0.118,0.5,False,agreement_is_not_independent_observational_validation
1980,门头沟,GB2017_1980_03,GB2024_1980_01,gb2017.pdf,gb2024.pdf,9.846,9.866,0.02,0.5,False,agreement_is_not_independent_observational_validation
1980,门头沟,GB2017_1980_03,GB2025_1980_01,gb2017.pdf,gb2025.pdf,9.846,9.824,0.022,0.5,False,agreement_is_not_independent_observational_validation
1980,门头沟,GB2018_1980_03,GB2019_1980_03,gb2018.pdf,gb2019.pdf,9.824,10.25,0.426,0.77,False,agreement_is_not_independent_observational_validation
1980,门头沟,GB2018_1980_03,GB2020_1980_03,gb2018.pdf,gb2020.pdf,9.824,9.863,0.039,0.5,False,agreement_is_not_independent_observational_validation
1980,门头沟,GB2018_1980_03,GB2021_1980_03,gb2018.pdf,gb2021.pdf,9.824,9.756,0.068,0.5,False,agreement_is_not_independent_observational_validation
1980,门头沟,GB2018_1980_03,GB2022_1980_03,gb2018.pdf,gb2022.pdf,9.824,9.831,0.007,0.57,False,agreement_is_not_independent_observational_validation
1980,门头沟,GB2018_1980_03,GB2023_1980_01,gb2018.pdf,gb2023.pdf,9.824,9.964,0.14,0.5,False,agreement_is_not_independent_observational_validation
1980,门头沟,GB2018_1980_03,GB2024_1980_01,gb2018.pdf,gb2024.pdf,9.824,9.866,0.042,0.5,False,agreement_is_not_independent_observational_validation
1980,门头沟,GB2018_1980_03,GB2025_1980_01,gb2018.pdf,gb2025.pdf,9.824,9.824,0.0,0.5,False,agreement_is_not_independent_observational_validation
1980,门头沟,GB2019_1980_03,GB2020_1980_03,gb2019.pdf,gb2020.pdf,10.25,9.863,0.387,0.67,False,agreement_is_not_independent_observational_validation
1980,门头沟,GB2019_1980_03,GB2021_1980_03,gb2019.pdf,gb2021.pdf,10.25,9.756,0.494,0.84,False,agreement_is_not_independent_observational_validation
1980,门头沟,GB2019_1980_03,GB2022_1980_03,gb2019.pdf,gb2022.pdf,10.25,9.831,0.419,1.04,False,agreement_is_not_independent_observational_validation
1980,门头沟,GB2019_1980_03,GB2023_1980_01,gb2019.pdf,gb2023.pdf,10.25,9.964,0.286,0.89,False,agreement_is_not_independent_observational_validation
1980,门头沟,GB2019_1980_03,GB2024_1980_01,gb2019.pdf,gb2024.pdf,10.25,9.866,0.384,0.75,False,agreement_is_not_independent_observational_validation
1980,门头沟,GB2019_1980_03,GB2025_1980_01,gb2019.pdf,gb2025.pdf,10.25,9.824,0.426,0.77,False,agreement_is_not_independent_observational_validation
1980,门头沟,GB2020_1980_03,GB2021_1980_03,gb2020.pdf,gb2021.pdf,9.863,9.756,0.107,0.5,False,agreement_is_not_independent_observational_validation
1980,门头沟,GB2020_1980_03,GB2022_1980_03,gb2020.pdf,gb2022.pdf,9.863,9.831,0.032,0.5,False,agreement_is_not_independent_observational_validation
1980,门头沟,GB2020_1980_03,GB2023_1980_01,gb2020.pdf,gb2023.pdf,9.863,9.964,0.101,0.5,False,agreement_is_not_independent_observational_validation
1980,门头沟,GB2020_1980_03,GB2024_1980_01,gb2020.pdf,gb2024.pdf,9.863,9.866,0.003,0.5,False,agreement_is_not_independent_observational_validation
1980,门头沟,GB2020_1980_03,GB2025_1980_01,gb2020.pdf,gb2025.pdf,9.863,9.824,0.039,0.5,False,agreement_is_not_independent_observational_validation
1980,门头沟,GB2021_1980_03,GB2022_1980_03,gb2021.pdf,gb2022.pdf,9.756,9.831,0.075,0.64,False,agreement_is_not_independent_observational_validation
1980,门头沟,GB2021_1980_03,GB2023_1980_01,gb2021.pdf,gb2023.pdf,9.756,9.964,0.208,0.5,False,agreement_is_not_independent_observational_validation
1980,门头沟,GB2021_1980_03,GB2024_1980_01,gb2021.pdf,gb2024.pdf,9.756,9.866,0.11,0.5,False,agreement_is_not_independent_observational_validation
1980,门头沟,GB2021_1980_03,GB2025_1980_01,gb2021.pdf,gb2025.pdf,9.756,9.824,0.068,0.5,False,agreement_is_not_independent_observational_validation
1980,门头沟,GB2022_1980_03,GB2023_1980_01,gb2022.pdf,gb2023.pdf,9.831,9.964,0.133,0.69,False,agreement_is_not_independent_observational_validation
1980,门头沟,GB2022_1980_03,GB2024_1980_01,gb2022.pdf,gb2024.pdf,9.831,9.866,0.035,0.55,False,agreement_is_not_independent_observational_validation
1980,门头沟,GB2022_1980_03,GB2025_1980_01,gb2022.pdf,gb2025.pdf,9.831,9.824,0.007,0.57,False,agreement_is_not_independent_observational_validation
1980,门头沟,GB2023_1980_01,GB2024_1980_01,gb2023.pdf,gb2024.pdf,9.964,9.866,0.098,0.5,False,agreement_is_not_independent_observational_validation
1980,门头沟,GB2023_1980_01,GB2025_1980_01,gb2023.pdf,gb2025.pdf,9.964,9.824,0.14,0.5,False,agreement_is_not_independent_observational_validation
1980,门头沟,GB2024_1980_01,GB2025_1980_01,gb2024.pdf,gb2025.pdf,9.866,9.824,0.042,0.5,False,agreement_is_not_independent_observational_validation
1980,顺义,GB2001_1980_05,GB2002_1980_06,gb2001.pdf,gb2002.pdf,5.538,5.557,0.019,0.6,False,agreement_is_not_independent_observational_validation
1980,顺义,GB2001_1980_05,GB2003_1980_06,gb2001.pdf,gb2003.pdf,5.538,5.727,0.189,0.9,False,agreement_is_not_independent_observational_validation
1980,顺义,GB2001_1980_05,GB2004_1980_05,gb2001.pdf,gb2004.pdf,5.538,6.091,0.553,0.9,False,agreement_is_not_independent_observational_validation
1980,顺义,GB2001_1980_05,GB2006_1980_05,gb2001.pdf,gb2006.pdf,5.538,6.318,0.78,0.9,False,agreement_is_not_independent_observational_validation
1980,顺义,GB2001_1980_05,GB2007_1980_05,gb2001.pdf,gb2007.pdf,5.538,5.78,0.242,0.9,False,agreement_is_not_independent_observational_validation
1980,顺义,GB2001_1980_05,GB2008_1980_05,gb2001.pdf,gb2008.pdf,5.538,6.271,0.733,0.6,True,agreement_is_not_independent_observational_validation
1980,顺义,GB2001_1980_05,GB2009_1980_05,gb2001.pdf,gb2009.pdf,5.538,5.792,0.254,0.6,False,agreement_is_not_independent_observational_validation
1980,顺义,GB2001_1980_05,GB2010_1980_05,gb2001.pdf,gb2010.pdf,5.538,5.949,0.411,0.6,False,agreement_is_not_independent_observational_validation
1980,顺义,GB2001_1980_05,GB2012_1980_05,gb2001.pdf,gb2012.pdf,5.538,5.79,0.252,0.6,False,agreement_is_not_independent_observational_validation
1980,顺义,GB2001_1980_05,GB2013_1980_05,gb2001.pdf,gb2013.pdf,5.538,5.861,0.323,0.78,False,agreement_is_not_independent_observational_validation
1980,顺义,GB2001_1980_05,GB2014_1980_05,gb2001.pdf,gb2014.pdf,5.538,5.936,0.398,0.6,False,agreement_is_not_independent_observational_validation
1980,顺义,GB2001_1980_05,GB2015_1980_05,gb2001.pdf,gb2015.pdf,5.538,5.938,0.4,0.63,False,agreement_is_not_independent_observational_validation
1980,顺义,GB2001_1980_05,GB2016_1980_05,gb2001.pdf,gb2016.pdf,5.538,5.679,0.141,0.54,False,agreement_is_not_independent_observational_validation
1980,顺义,GB2001_1980_05,GB2017_1980_05,gb2001.pdf,gb2017.pdf,5.538,5.74,0.202,0.51,False,agreement_is_not_independent_observational_validation
1980,顺义,GB2001_1980_05,GB2018_1980_05,gb2001.pdf,gb2018.pdf,5.538,5.733,0.195,0.5,False,agreement_is_not_independent_observational_validation
1980,顺义,GB2001_1980_05,GB2019_1980_05,gb2001.pdf,gb2019.pdf,5.538,6.0,0.462,0.92,False,agreement_is_not_independent_observational_validation
1980,顺义,GB2001_1980_05,GB2020_1980_05,gb2001.pdf,gb2020.pdf,5.538,5.777,0.239,0.5,False,agreement_is_not_independent_observational_validation
1980,顺义,GB2001_1980_05,GB2021_1980_05,gb2001.pdf,gb2021.pdf,5.538,5.765,0.227,0.52,False,agreement_is_not_independent_observational_validation
1980,顺义,GB2001_1980_05,GB2022_1980_05,gb2001.pdf,gb2022.pdf,5.538,5.593,0.055,0.72,False,agreement_is_not_independent_observational_validation
1980,顺义,GB2001_1980_05,GB2023_1980_04,gb2001.pdf,gb2023.pdf,5.538,5.893,0.355,0.57,False,agreement_is_not_independent_observational_validation
1980,顺义,GB2001_1980_05,GB2024_1980_04,gb2001.pdf,gb2024.pdf,5.538,5.785,0.247,0.5,False,agreement_is_not_independent_observational_validation
1980,顺义,GB2001_1980_05,GB2025_1980_04,gb2001.pdf,gb2025.pdf,5.538,5.765,0.227,0.5,False,agreement_is_not_independent_observational_validation
1980,顺义,GB2002_1980_06,GB2003_1980_06,gb2002.pdf,gb2003.pdf,5.557,5.727,0.17,0.9,False,agreement_is_not_independent_observational_validation
1980,顺义,GB2002_1980_06,GB2004_1980_05,gb2002.pdf,gb2004.pdf,5.557,6.091,0.534,0.9,False,agreement_is_not_independent_observational_validation
1980,顺义,GB2002_1980_06,GB2006_1980_05,gb2002.pdf,gb2006.pdf,5.557,6.318,0.761,0.9,False,agreement_is_not_independent_observational_validation
1980,顺义,GB2002_1980_06,GB2007_1980_05,gb2002.pdf,gb2007.pdf,5.557,5.78,0.223,0.9,False,agreement_is_not_independent_observational_validation
1980,顺义,GB2002_1980_06,GB2008_1980_05,gb2002.pdf,gb2008.pdf,5.557,6.271,0.714,0.6,True,agreement_is_not_independent_observational_validation
1980,顺义,GB2002_1980_06,GB2009_1980_05,gb2002.pdf,gb2009.pdf,5.557,5.792,0.235,0.6,False,agreement_is_not_independent_observational_validation
1980,顺义,GB2002_1980_06,GB2010_1980_05,gb2002.pdf,gb2010.pdf,5.557,5.949,0.392,0.6,False,agreement_is_not_independent_observational_validation
1980,顺义,GB2002_1980_06,GB2012_1980_05,gb2002.pdf,gb2012.pdf,5.557,5.79,0.233,0.6,False,agreement_is_not_independent_observational_validation
1980,顺义,GB2002_1980_06,GB2013_1980_05,gb2002.pdf,gb2013.pdf,5.557,5.861,0.304,0.78,False,agreement_is_not_independent_observational_validation
1980,顺义,GB2002_1980_06,GB2014_1980_05,gb2002.pdf,gb2014.pdf,5.557,5.936,0.379,0.6,False,agreement_is_not_independent_observational_validation
1980,顺义,GB2002_1980_06,GB2015_1980_05,gb2002.pdf,gb2015.pdf,5.557,5.938,0.381,0.63,False,agreement_is_not_independent_observational_validation
1980,顺义,GB2002_1980_06,GB2016_1980_05,gb2002.pdf,gb2016.pdf,5.557,5.679,0.122,0.54,False,agreement_is_not_independent_observational_validation
1980,顺义,GB2002_1980_06,GB2017_1980_05,gb2002.pdf,gb2017.pdf,5.557,5.74,0.183,0.51,False,agreement_is_not_independent_observational_validation
1980,顺义,GB2002_1980_06,GB2018_1980_05,gb2002.pdf,gb2018.pdf,5.557,5.733,0.176,0.5,False,agreement_is_not_independent_observational_validation
1980,顺义,GB2002_1980_06,GB2019_1980_05,gb2002.pdf,gb2019.pdf,5.557,6.0,0.443,0.92,False,agreement_is_not_independent_observational_validation
1980,顺义,GB2002_1980_06,GB2020_1980_05,gb2002.pdf,gb2020.pdf,5.557,5.777,0.22,0.5,False,agreement_is_not_independent_observational_validation
1980,顺义,GB2002_1980_06,GB2021_1980_05,gb2002.pdf,gb2021.pdf,5.557,5.765,0.208,0.52,False,agreement_is_not_independent_observational_validation
1980,顺义,GB2002_1980_06,GB2022_1980_05,gb2002.pdf,gb2022.pdf,5.557,5.593,0.036,0.72,False,agreement_is_not_independent_observational_validation
1980,顺义,GB2002_1980_06,GB2023_1980_04,gb2002.pdf,gb2023.pdf,5.557,5.893,0.336,0.57,False,agreement_is_not_independent_observational_validation
1980,顺义,GB2002_1980_06,GB2024_1980_04,gb2002.pdf,gb2024.pdf,5.557,5.785,0.228,0.5,False,agreement_is_not_independent_observational_validation
1980,顺义,GB2002_1980_06,GB2025_1980_04,gb2002.pdf,gb2025.pdf,5.557,5.765,0.208,0.5,False,agreement_is_not_independent_observational_validation
1980,顺义,GB2003_1980_06,GB2004_1980_05,gb2003.pdf,gb2004.pdf,5.727,6.091,0.364,1.2,False,agreement_is_not_independent_observational_validation
1980,顺义,GB2003_1980_06,GB2006_1980_05,gb2003.pdf,gb2006.pdf,5.727,6.318,0.591,1.2,False,agreement_is_not_independent_observational_validation
1980,顺义,GB2003_1980_06,GB2007_1980_05,gb2003.pdf,gb2007.pdf,5.727,5.78,0.053,1.2,False,agreement_is_not_independent_observational_validation
1980,顺义,GB2003_1980_06,GB2008_1980_05,gb2003.pdf,gb2008.pdf,5.727,6.271,0.544,0.9,False,agreement_is_not_independent_observational_validation
1980,顺义,GB2003_1980_06,GB2009_1980_05,gb2003.pdf,gb2009.pdf,5.727,5.792,0.065,0.9,False,agreement_is_not_independent_observational_validation
1980,顺义,GB2003_1980_06,GB2010_1980_05,gb2003.pdf,gb2010.pdf,5.727,5.949,0.222,0.9,False,agreement_is_not_independent_observational_validation
1980,顺义,GB2003_1980_06,GB2012_1980_05,gb2003.pdf,gb2012.pdf,5.727,5.79,0.063,0.9,False,agreement_is_not_independent_observational_validation
1980,顺义,GB2003_1980_06,GB2013_1980_05,gb2003.pdf,gb2013.pdf,5.727,5.861,0.134,1.08,False,agreement_is_not_independent_observational_validation
1980,顺义,GB2003_1980_06,GB2014_1980_05,gb2003.pdf,gb2014.pdf,5.727,5.936,0.209,0.9,False,agreement_is_not_independent_observational_validation
1980,顺义,GB2003_1980_06,GB2015_1980_05,gb2003.pdf,gb2015.pdf,5.727,5.938,0.211,0.93,False,agreement_is_not_independent_observational_validation
1980,顺义,GB2003_1980_06,GB2016_1980_05,gb2003.pdf,gb2016.pdf,5.727,5.679,0.048,0.84,False,agreement_is_not_independent_observational_validation
1980,顺义,GB2003_1980_06,GB2017_1980_05,gb2003.pdf,gb2017.pdf,5.727,5.74,0.013,0.81,False,agreement_is_not_independent_observational_validation
1980,顺义,GB2003_1980_06,GB2018_1980_05,gb2003.pdf,gb2018.pdf,5.727,5.733,0.006,0.75,False,agreement_is_not_independent_observational_validation
1980,顺义,GB2003_1980_06,GB2019_1980_05,gb2003.pdf,gb2019.pdf,5.727,6.0,0.273,1.22,False,agreement_is_not_independent_observational_validation
1980,顺义,GB2003_1980_06,GB2020_1980_05,gb2003.pdf,gb2020.pdf,5.727,5.777,0.05,0.65,False,agreement_is_not_independent_observational_validation
1980,顺义,GB2003_1980_06,GB2021_1980_05,gb2003.pdf,gb2021.pdf,5.727,5.765,0.038,0.82,False,agreement_is_not_independent_observational_validation
1980,顺义,GB2003_1980_06,GB2022_1980_05,gb2003.pdf,gb2022.pdf,5.727,5.593,0.134,1.02,False,agreement_is_not_independent_observational_validation
1980,顺义,GB2003_1980_06,GB2023_1980_04,gb2003.pdf,gb2023.pdf,5.727,5.893,0.166,0.87,False,agreement_is_not_independent_observational_validation
1980,顺义,GB2003_1980_06,GB2024_1980_04,gb2003.pdf,gb2024.pdf,5.727,5.785,0.058,0.73,False,agreement_is_not_independent_observational_validation
1980,顺义,GB2003_1980_06,GB2025_1980_04,gb2003.pdf,gb2025.pdf,5.727,5.765,0.038,0.75,False,agreement_is_not_independent_observational_validation
1980,顺义,GB2004_1980_05,GB2006_1980_05,gb2004.pdf,gb2006.pdf,6.091,6.318,0.227,1.2,False,agreement_is_not_independent_observational_validation
1980,顺义,GB2004_1980_05,GB2007_1980_05,gb2004.pdf,gb2007.pdf,6.091,5.78,0.311,1.2,False,agreement_is_not_independent_observational_validation
1980,顺义,GB2004_1980_05,GB2008_1980_05,gb2004.pdf,gb2008.pdf,6.091,6.271,0.18,0.9,False,agreement_is_not_independent_observational_validation
1980,顺义,GB2004_1980_05,GB2009_1980_05,gb2004.pdf,gb2009.pdf,6.091,5.792,0.299,0.9,False,agreement_is_not_independent_observational_validation
1980,顺义,GB2004_1980_05,GB2010_1980_05,gb2004.pdf,gb2010.pdf,6.091,5.949,0.142,0.9,False,agreement_is_not_independent_observational_validation
1980,顺义,GB2004_1980_05,GB2012_1980_05,gb2004.pdf,gb2012.pdf,6.091,5.79,0.301,0.9,False,agreement_is_not_independent_observational_validation
1980,顺义,GB2004_1980_05,GB2013_1980_05,gb2004.pdf,gb2013.pdf,6.091,5.861,0.23,1.08,False,agreement_is_not_independent_observational_validation
1980,顺义,GB2004_1980_05,GB2014_1980_05,gb2004.pdf,gb2014.pdf,6.091,5.936,0.155,0.9,False,agreement_is_not_independent_observational_validation
1980,顺义,GB2004_1980_05,GB2015_1980_05,gb2004.pdf,gb2015.pdf,6.091,5.938,0.153,0.93,False,agreement_is_not_independent_observational_validation
1980,顺义,GB2004_1980_05,GB2016_1980_05,gb2004.pdf,gb2016.pdf,6.091,5.679,0.412,0.84,False,agreement_is_not_independent_observational_validation
1980,顺义,GB2004_1980_05,GB2017_1980_05,gb2004.pdf,gb2017.pdf,6.091,5.74,0.351,0.81,False,agreement_is_not_independent_observational_validation
1980,顺义,GB2004_1980_05,GB2018_1980_05,gb2004.pdf,gb2018.pdf,6.091,5.733,0.358,0.75,False,agreement_is_not_independent_observational_validation
1980,顺义,GB2004_1980_05,GB2019_1980_05,gb2004.pdf,gb2019.pdf,6.091,6.0,0.091,1.22,False,agreement_is_not_independent_observational_validation
1980,顺义,GB2004_1980_05,GB2020_1980_05,gb2004.pdf,gb2020.pdf,6.091,5.777,0.314,0.65,False,agreement_is_not_independent_observational_validation
1980,顺义,GB2004_1980_05,GB2021_1980_05,gb2004.pdf,gb2021.pdf,6.091,5.765,0.326,0.82,False,agreement_is_not_independent_observational_validation
1980,顺义,GB2004_1980_05,GB2022_1980_05,gb2004.pdf,gb2022.pdf,6.091,5.593,0.498,1.02,False,agreement_is_not_independent_observational_validation
1980,顺义,GB2004_1980_05,GB2023_1980_04,gb2004.pdf,gb2023.pdf,6.091,5.893,0.198,0.87,False,agreement_is_not_independent_observational_validation
1980,顺义,GB2004_1980_05,GB2024_1980_04,gb2004.pdf,gb2024.pdf,6.091,5.785,0.306,0.73,False,agreement_is_not_independent_observational_validation
1980,顺义,GB2004_1980_05,GB2025_1980_04,gb2004.pdf,gb2025.pdf,6.091,5.765,0.326,0.75,False,agreement_is_not_independent_observational_validation
1980,顺义,GB2006_1980_05,GB2007_1980_05,gb2006.pdf,gb2007.pdf,6.318,5.78,0.538,1.2,False,agreement_is_not_independent_observational_validation
1980,顺义,GB2006_1980_05,GB2008_1980_05,gb2006.pdf,gb2008.pdf,6.318,6.271,0.047,0.9,False,agreement_is_not_independent_observational_validation
1980,顺义,GB2006_1980_05,GB2009_1980_05,gb2006.pdf,gb2009.pdf,6.318,5.792,0.526,0.9,False,agreement_is_not_independent_observational_validation
1980,顺义,GB2006_1980_05,GB2010_1980_05,gb2006.pdf,gb2010.pdf,6.318,5.949,0.369,0.9,False,agreement_is_not_independent_observational_validation
1980,顺义,GB2006_1980_05,GB2012_1980_05,gb2006.pdf,gb2012.pdf,6.318,5.79,0.528,0.9,False,agreement_is_not_independent_observational_validation
1980,顺义,GB2006_1980_05,GB2013_1980_05,gb2006.pdf,gb2013.pdf,6.318,5.861,0.457,1.08,False,agreement_is_not_independent_observational_validation
1980,顺义,GB2006_1980_05,GB2014_1980_05,gb2006.pdf,gb2014.pdf,6.318,5.936,0.382,0.9,False,agreement_is_not_independent_observational_validation
1980,顺义,GB2006_1980_05,GB2015_1980_05,gb2006.pdf,gb2015.pdf,6.318,5.938,0.38,0.93,False,agreement_is_not_independent_observational_validation
1980,顺义,GB2006_1980_05,GB2016_1980_05,gb2006.pdf,gb2016.pdf,6.318,5.679,0.639,0.84,False,agreement_is_not_independent_observational_validation
1980,顺义,GB2006_1980_05,GB2017_1980_05,gb2006.pdf,gb2017.pdf,6.318,5.74,0.578,0.81,False,agreement_is_not_independent_observational_validation
1980,顺义,GB2006_1980_05,GB2018_1980_05,gb2006.pdf,gb2018.pdf,6.318,5.733,0.585,0.75,False,agreement_is_not_independent_observational_validation
1980,顺义,GB2006_1980_05,GB2019_1980_05,gb2006.pdf,gb2019.pdf,6.318,6.0,0.318,1.22,False,agreement_is_not_independent_observational_validation
1980,顺义,GB2006_1980_05,GB2020_1980_05,gb2006.pdf,gb2020.pdf,6.318,5.777,0.541,0.65,False,agreement_is_not_independent_observational_validation
1980,顺义,GB2006_1980_05,GB2021_1980_05,gb2006.pdf,gb2021.pdf,6.318,5.765,0.553,0.82,False,agreement_is_not_independent_observational_validation
1980,顺义,GB2006_1980_05,GB2022_1980_05,gb2006.pdf,gb2022.pdf,6.318,5.593,0.725,1.02,False,agreement_is_not_independent_observational_validation
1980,顺义,GB2006_1980_05,GB2023_1980_04,gb2006.pdf,gb2023.pdf,6.318,5.893,0.425,0.87,False,agreement_is_not_independent_observational_validation
1980,顺义,GB2006_1980_05,GB2024_1980_04,gb2006.pdf,gb2024.pdf,6.318,5.785,0.533,0.73,False,agreement_is_not_independent_observational_validation
1980,顺义,GB2006_1980_05,GB2025_1980_04,gb2006.pdf,gb2025.pdf,6.318,5.765,0.553,0.75,False,agreement_is_not_independent_observational_validation
1980,顺义,GB2007_1980_05,GB2008_1980_05,gb2007.pdf,gb2008.pdf,5.78,6.271,0.491,0.9,False,agreement_is_not_independent_observational_validation
1980,顺义,GB2007_1980_05,GB2009_1980_05,gb2007.pdf,gb2009.pdf,5.78,5.792,0.012,0.9,False,agreement_is_not_independent_observational_validation
1980,顺义,GB2007_1980_05,GB2010_1980_05,gb2007.pdf,gb2010.pdf,5.78,5.949,0.169,0.9,False,agreement_is_not_independent_observational_validation
1980,顺义,GB2007_1980_05,GB2012_1980_05,gb2007.pdf,gb2012.pdf,5.78,5.79,0.01,0.9,False,agreement_is_not_independent_observational_validation
1980,顺义,GB2007_1980_05,GB2013_1980_05,gb2007.pdf,gb2013.pdf,5.78,5.861,0.081,1.08,False,agreement_is_not_independent_observational_validation
1980,顺义,GB2007_1980_05,GB2014_1980_05,gb2007.pdf,gb2014.pdf,5.78,5.936,0.156,0.9,False,agreement_is_not_independent_observational_validation
1980,顺义,GB2007_1980_05,GB2015_1980_05,gb2007.pdf,gb2015.pdf,5.78,5.938,0.158,0.93,False,agreement_is_not_independent_observational_validation
1980,顺义,GB2007_1980_05,GB2016_1980_05,gb2007.pdf,gb2016.pdf,5.78,5.679,0.101,0.84,False,agreement_is_not_independent_observational_validation
1980,顺义,GB2007_1980_05,GB2017_1980_05,gb2007.pdf,gb2017.pdf,5.78,5.74,0.04,0.81,False,agreement_is_not_independent_observational_validation
1980,顺义,GB2007_1980_05,GB2018_1980_05,gb2007.pdf,gb2018.pdf,5.78,5.733,0.047,0.75,False,agreement_is_not_independent_observational_validation
1980,顺义,GB2007_1980_05,GB2019_1980_05,gb2007.pdf,gb2019.pdf,5.78,6.0,0.22,1.22,False,agreement_is_not_independent_observational_validation
1980,顺义,GB2007_1980_05,GB2020_1980_05,gb2007.pdf,gb2020.pdf,5.78,5.777,0.003,0.65,False,agreement_is_not_independent_observational_validation
1980,顺义,GB2007_1980_05,GB2021_1980_05,gb2007.pdf,gb2021.pdf,5.78,5.765,0.015,0.82,False,agreement_is_not_independent_observational_validation
1980,顺义,GB2007_1980_05,GB2022_1980_05,gb2007.pdf,gb2022.pdf,5.78,5.593,0.187,1.02,False,agreement_is_not_independent_observational_validation
1980,顺义,GB2007_1980_05,GB2023_1980_04,gb2007.pdf,gb2023.pdf,5.78,5.893,0.113,0.87,False,agreement_is_not_independent_observational_validation
1980,顺义,GB2007_1980_05,GB2024_1980_04,gb2007.pdf,gb2024.pdf,5.78,5.785,0.005,0.73,False,agreement_is_not_independent_observational_validation
1980,顺义,GB2007_1980_05,GB2025_1980_04,gb2007.pdf,gb2025.pdf,5.78,5.765,0.015,0.75,False,agreement_is_not_independent_observational_validation
1980,顺义,GB2008_1980_05,GB2009_1980_05,gb2008.pdf,gb2009.pdf,6.271,5.792,0.479,0.6,False,agreement_is_not_independent_observational_validation
1980,顺义,GB2008_1980_05,GB2010_1980_05,gb2008.pdf,gb2010.pdf,6.271,5.949,0.322,0.6,False,agreement_is_not_independent_observational_validation
1980,顺义,GB2008_1980_05,GB2012_1980_05,gb2008.pdf,gb2012.pdf,6.271,5.79,0.481,0.6,False,agreement_is_not_independent_observational_validation
1980,顺义,GB2008_1980_05,GB2013_1980_05,gb2008.pdf,gb2013.pdf,6.271,5.861,0.41,0.78,False,agreement_is_not_independent_observational_validation
1980,顺义,GB2008_1980_05,GB2014_1980_05,gb2008.pdf,gb2014.pdf,6.271,5.936,0.335,0.6,False,agreement_is_not_independent_observational_validation
1980,顺义,GB2008_1980_05,GB2015_1980_05,gb2008.pdf,gb2015.pdf,6.271,5.938,0.333,0.63,False,agreement_is_not_independent_observational_validation
1980,顺义,GB2008_1980_05,GB2016_1980_05,gb2008.pdf,gb2016.pdf,6.271,5.679,0.592,0.54,True,agreement_is_not_independent_observational_validation
1980,顺义,GB2008_1980_05,GB2017_1980_05,gb2008.pdf,gb2017.pdf,6.271,5.74,0.531,0.51,True,agreement_is_not_independent_observational_validation
1980,顺义,GB2008_1980_05,GB2018_1980_05,gb2008.pdf,gb2018.pdf,6.271,5.733,0.538,0.5,True,agreement_is_not_independent_observational_validation
1980,顺义,GB2008_1980_05,GB2019_1980_05,gb2008.pdf,gb2019.pdf,6.271,6.0,0.271,0.92,False,agreement_is_not_independent_observational_validation
1980,顺义,GB2008_1980_05,GB2020_1980_05,gb2008.pdf,gb2020.pdf,6.271,5.777,0.494,0.5,False,agreement_is_not_independent_observational_validation
1980,顺义,GB2008_1980_05,GB2021_1980_05,gb2008.pdf,gb2021.pdf,6.271,5.765,0.506,0.52,False,agreement_is_not_independent_observational_validation
1980,顺义,GB2008_1980_05,GB2022_1980_05,gb2008.pdf,gb2022.pdf,6.271,5.593,0.678,0.72,False,agreement_is_not_independent_observational_validation
1980,顺义,GB2008_1980_05,GB2023_1980_04,gb2008.pdf,gb2023.pdf,6.271,5.893,0.378,0.57,False,agreement_is_not_independent_observational_validation
1980,顺义,GB2008_1980_05,GB2024_1980_04,gb2008.pdf,gb2024.pdf,6.271,5.785,0.486,0.5,False,agreement_is_not_independent_observational_validation
1980,顺义,GB2008_1980_05,GB2025_1980_04,gb2008.pdf,gb2025.pdf,6.271,5.765,0.506,0.5,True,agreement_is_not_independent_observational_validation
1980,顺义,GB2009_1980_05,GB2010_1980_05,gb2009.pdf,gb2010.pdf,5.792,5.949,0.157,0.6,False,agreement_is_not_independent_observational_validation
1980,顺义,GB2009_1980_05,GB2012_1980_05,gb2009.pdf,gb2012.pdf,5.792,5.79,0.002,0.6,False,agreement_is_not_independent_observational_validation
1980,顺义,GB2009_1980_05,GB2013_1980_05,gb2009.pdf,gb2013.pdf,5.792,5.861,0.069,0.78,False,agreement_is_not_independent_observational_validation
1980,顺义,GB2009_1980_05,GB2014_1980_05,gb2009.pdf,gb2014.pdf,5.792,5.936,0.144,0.6,False,agreement_is_not_independent_observational_validation
1980,顺义,GB2009_1980_05,GB2015_1980_05,gb2009.pdf,gb2015.pdf,5.792,5.938,0.146,0.63,False,agreement_is_not_independent_observational_validation
1980,顺义,GB2009_1980_05,GB2016_1980_05,gb2009.pdf,gb2016.pdf,5.792,5.679,0.113,0.54,False,agreement_is_not_independent_observational_validation
1980,顺义,GB2009_1980_05,GB2017_1980_05,gb2009.pdf,gb2017.pdf,5.792,5.74,0.052,0.51,False,agreement_is_not_independent_observational_validation
1980,顺义,GB2009_1980_05,GB2018_1980_05,gb2009.pdf,gb2018.pdf,5.792,5.733,0.059,0.5,False,agreement_is_not_independent_observational_validation
1980,顺义,GB2009_1980_05,GB2019_1980_05,gb2009.pdf,gb2019.pdf,5.792,6.0,0.208,0.92,False,agreement_is_not_independent_observational_validation
1980,顺义,GB2009_1980_05,GB2020_1980_05,gb2009.pdf,gb2020.pdf,5.792,5.777,0.015,0.5,False,agreement_is_not_independent_observational_validation
1980,顺义,GB2009_1980_05,GB2021_1980_05,gb2009.pdf,gb2021.pdf,5.792,5.765,0.027,0.52,False,agreement_is_not_independent_observational_validation
1980,顺义,GB2009_1980_05,GB2022_1980_05,gb2009.pdf,gb2022.pdf,5.792,5.593,0.199,0.72,False,agreement_is_not_independent_observational_validation
1980,顺义,GB2009_1980_05,GB2023_1980_04,gb2009.pdf,gb2023.pdf,5.792,5.893,0.101,0.57,False,agreement_is_not_independent_observational_validation
1980,顺义,GB2009_1980_05,GB2024_1980_04,gb2009.pdf,gb2024.pdf,5.792,5.785,0.007,0.5,False,agreement_is_not_independent_observational_validation
1980,顺义,GB2009_1980_05,GB2025_1980_04,gb2009.pdf,gb2025.pdf,5.792,5.765,0.027,0.5,False,agreement_is_not_independent_observational_validation
1980,顺义,GB2010_1980_05,GB2012_1980_05,gb2010.pdf,gb2012.pdf,5.949,5.79,0.159,0.6,False,agreement_is_not_independent_observational_validation
1980,顺义,GB2010_1980_05,GB2013_1980_05,gb2010.pdf,gb2013.pdf,5.949,5.861,0.088,0.78,False,agreement_is_not_independent_observational_validation
1980,顺义,GB2010_1980_05,GB2014_1980_05,gb2010.pdf,gb2014.pdf,5.949,5.936,0.013,0.6,False,agreement_is_not_independent_observational_validation
1980,顺义,GB2010_1980_05,GB2015_1980_05,gb2010.pdf,gb2015.pdf,5.949,5.938,0.011,0.63,False,agreement_is_not_independent_observational_validation
1980,顺义,GB2010_1980_05,GB2016_1980_05,gb2010.pdf,gb2016.pdf,5.949,5.679,0.27,0.54,False,agreement_is_not_independent_observational_validation
1980,顺义,GB2010_1980_05,GB2017_1980_05,gb2010.pdf,gb2017.pdf,5.949,5.74,0.209,0.51,False,agreement_is_not_independent_observational_validation
1980,顺义,GB2010_1980_05,GB2018_1980_05,gb2010.pdf,gb2018.pdf,5.949,5.733,0.216,0.5,False,agreement_is_not_independent_observational_validation
1980,顺义,GB2010_1980_05,GB2019_1980_05,gb2010.pdf,gb2019.pdf,5.949,6.0,0.051,0.92,False,agreement_is_not_independent_observational_validation
1980,顺义,GB2010_1980_05,GB2020_1980_05,gb2010.pdf,gb2020.pdf,5.949,5.777,0.172,0.5,False,agreement_is_not_independent_observational_validation
1980,顺义,GB2010_1980_05,GB2021_1980_05,gb2010.pdf,gb2021.pdf,5.949,5.765,0.184,0.52,False,agreement_is_not_independent_observational_validation
1980,顺义,GB2010_1980_05,GB2022_1980_05,gb2010.pdf,gb2022.pdf,5.949,5.593,0.356,0.72,False,agreement_is_not_independent_observational_validation
1980,顺义,GB2010_1980_05,GB2023_1980_04,gb2010.pdf,gb2023.pdf,5.949,5.893,0.056,0.57,False,agreement_is_not_independent_observational_validation
1980,顺义,GB2010_1980_05,GB2024_1980_04,gb2010.pdf,gb2024.pdf,5.949,5.785,0.164,0.5,False,agreement_is_not_independent_observational_validation
1980,顺义,GB2010_1980_05,GB2025_1980_04,gb2010.pdf,gb2025.pdf,5.949,5.765,0.184,0.5,False,agreement_is_not_independent_observational_validation
1980,顺义,GB2012_1980_05,GB2013_1980_05,gb2012.pdf,gb2013.pdf,5.79,5.861,0.071,0.78,False,agreement_is_not_independent_observational_validation
1980,顺义,GB2012_1980_05,GB2014_1980_05,gb2012.pdf,gb2014.pdf,5.79,5.936,0.146,0.6,False,agreement_is_not_independent_observational_validation
1980,顺义,GB2012_1980_05,GB2015_1980_05,gb2012.pdf,gb2015.pdf,5.79,5.938,0.148,0.63,False,agreement_is_not_independent_observational_validation
1980,顺义,GB2012_1980_05,GB2016_1980_05,gb2012.pdf,gb2016.pdf,5.79,5.679,0.111,0.54,False,agreement_is_not_independent_observational_validation
1980,顺义,GB2012_1980_05,GB2017_1980_05,gb2012.pdf,gb2017.pdf,5.79,5.74,0.05,0.51,False,agreement_is_not_independent_observational_validation
1980,顺义,GB2012_1980_05,GB2018_1980_05,gb2012.pdf,gb2018.pdf,5.79,5.733,0.057,0.5,False,agreement_is_not_independent_observational_validation
1980,顺义,GB2012_1980_05,GB2019_1980_05,gb2012.pdf,gb2019.pdf,5.79,6.0,0.21,0.92,False,agreement_is_not_independent_observational_validation
1980,顺义,GB2012_1980_05,GB2020_1980_05,gb2012.pdf,gb2020.pdf,5.79,5.777,0.013,0.5,False,agreement_is_not_independent_observational_validation
1980,顺义,GB2012_1980_05,GB2021_1980_05,gb2012.pdf,gb2021.pdf,5.79,5.765,0.025,0.52,False,agreement_is_not_independent_observational_validation
1980,顺义,GB2012_1980_05,GB2022_1980_05,gb2012.pdf,gb2022.pdf,5.79,5.593,0.197,0.72,False,agreement_is_not_independent_observational_validation
1980,顺义,GB2012_1980_05,GB2023_1980_04,gb2012.pdf,gb2023.pdf,5.79,5.893,0.103,0.57,False,agreement_is_not_independent_observational_validation
1980,顺义,GB2012_1980_05,GB2024_1980_04,gb2012.pdf,gb2024.pdf,5.79,5.785,0.005,0.5,False,agreement_is_not_independent_observational_validation
1980,顺义,GB2012_1980_05,GB2025_1980_04,gb2012.pdf,gb2025.pdf,5.79,5.765,0.025,0.5,False,agreement_is_not_independent_observational_validation
1980,顺义,GB2013_1980_05,GB2014_1980_05,gb2013.pdf,gb2014.pdf,5.861,5.936,0.075,0.78,False,agreement_is_not_independent_observational_validation
1980,顺义,GB2013_1980_05,GB2015_1980_05,gb2013.pdf,gb2015.pdf,5.861,5.938,0.077,0.81,False,agreement_is_not_independent_observational_validation
1980,顺义,GB2013_1980_05,GB2016_1980_05,gb2013.pdf,gb2016.pdf,5.861,5.679,0.182,0.72,False,agreement_is_not_independent_observational_validation
1980,顺义,GB2013_1980_05,GB2017_1980_05,gb2013.pdf,gb2017.pdf,5.861,5.74,0.121,0.69,False,agreement_is_not_independent_observational_validation
1980,顺义,GB2013_1980_05,GB2018_1980_05,gb2013.pdf,gb2018.pdf,5.861,5.733,0.128,0.63,False,agreement_is_not_independent_observational_validation
1980,顺义,GB2013_1980_05,GB2019_1980_05,gb2013.pdf,gb2019.pdf,5.861,6.0,0.139,1.1,False,agreement_is_not_independent_observational_validation
1980,顺义,GB2013_1980_05,GB2020_1980_05,gb2013.pdf,gb2020.pdf,5.861,5.777,0.084,0.53,False,agreement_is_not_independent_observational_validation
1980,顺义,GB2013_1980_05,GB2021_1980_05,gb2013.pdf,gb2021.pdf,5.861,5.765,0.096,0.7,False,agreement_is_not_independent_observational_validation
1980,顺义,GB2013_1980_05,GB2022_1980_05,gb2013.pdf,gb2022.pdf,5.861,5.593,0.268,0.9,False,agreement_is_not_independent_observational_validation
1980,顺义,GB2013_1980_05,GB2023_1980_04,gb2013.pdf,gb2023.pdf,5.861,5.893,0.032,0.75,False,agreement_is_not_independent_observational_validation
1980,顺义,GB2013_1980_05,GB2024_1980_04,gb2013.pdf,gb2024.pdf,5.861,5.785,0.076,0.61,False,agreement_is_not_independent_observational_validation
1980,顺义,GB2013_1980_05,GB2025_1980_04,gb2013.pdf,gb2025.pdf,5.861,5.765,0.096,0.63,False,agreement_is_not_independent_observational_validation
1980,顺义,GB2014_1980_05,GB2015_1980_05,gb2014.pdf,gb2015.pdf,5.936,5.938,0.002,0.63,False,agreement_is_not_independent_observational_validation
1980,顺义,GB2014_1980_05,GB2016_1980_05,gb2014.pdf,gb2016.pdf,5.936,5.679,0.257,0.54,False,agreement_is_not_independent_observational_validation
1980,顺义,GB2014_1980_05,GB2017_1980_05,gb2014.pdf,gb2017.pdf,5.936,5.74,0.196,0.51,False,agreement_is_not_independent_observational_validation
1980,顺义,GB2014_1980_05,GB2018_1980_05,gb2014.pdf,gb2018.pdf,5.936,5.733,0.203,0.5,False,agreement_is_not_independent_observational_validation
1980,顺义,GB2014_1980_05,GB2019_1980_05,gb2014.pdf,gb2019.pdf,5.936,6.0,0.064,0.92,False,agreement_is_not_independent_observational_validation
1980,顺义,GB2014_1980_05,GB2020_1980_05,gb2014.pdf,gb2020.pdf,5.936,5.777,0.159,0.5,False,agreement_is_not_independent_observational_validation
1980,顺义,GB2014_1980_05,GB2021_1980_05,gb2014.pdf,gb2021.pdf,5.936,5.765,0.171,0.52,False,agreement_is_not_independent_observational_validation
1980,顺义,GB2014_1980_05,GB2022_1980_05,gb2014.pdf,gb2022.pdf,5.936,5.593,0.343,0.72,False,agreement_is_not_independent_observational_validation
1980,顺义,GB2014_1980_05,GB2023_1980_04,gb2014.pdf,gb2023.pdf,5.936,5.893,0.043,0.57,False,agreement_is_not_independent_observational_validation
1980,顺义,GB2014_1980_05,GB2024_1980_04,gb2014.pdf,gb2024.pdf,5.936,5.785,0.151,0.5,False,agreement_is_not_independent_observational_validation
1980,顺义,GB2014_1980_05,GB2025_1980_04,gb2014.pdf,gb2025.pdf,5.936,5.765,0.171,0.5,False,agreement_is_not_independent_observational_validation
1980,顺义,GB2015_1980_05,GB2016_1980_05,gb2015.pdf,gb2016.pdf,5.938,5.679,0.259,0.57,False,agreement_is_not_independent_observational_validation
1980,顺义,GB2015_1980_05,GB2017_1980_05,gb2015.pdf,gb2017.pdf,5.938,5.74,0.198,0.54,False,agreement_is_not_independent_observational_validation
1980,顺义,GB2015_1980_05,GB2018_1980_05,gb2015.pdf,gb2018.pdf,5.938,5.733,0.205,0.5,False,agreement_is_not_independent_observational_validation
1980,顺义,GB2015_1980_05,GB2019_1980_05,gb2015.pdf,gb2019.pdf,5.938,6.0,0.062,0.95,False,agreement_is_not_independent_observational_validation
1980,顺义,GB2015_1980_05,GB2020_1980_05,gb2015.pdf,gb2020.pdf,5.938,5.777,0.161,0.5,False,agreement_is_not_independent_observational_validation
1980,顺义,GB2015_1980_05,GB2021_1980_05,gb2015.pdf,gb2021.pdf,5.938,5.765,0.173,0.55,False,agreement_is_not_independent_observational_validation
1980,顺义,GB2015_1980_05,GB2022_1980_05,gb2015.pdf,gb2022.pdf,5.938,5.593,0.345,0.75,False,agreement_is_not_independent_observational_validation
1980,顺义,GB2015_1980_05,GB2023_1980_04,gb2015.pdf,gb2023.pdf,5.938,5.893,0.045,0.6,False,agreement_is_not_independent_observational_validation
1980,顺义,GB2015_1980_05,GB2024_1980_04,gb2015.pdf,gb2024.pdf,5.938,5.785,0.153,0.5,False,agreement_is_not_independent_observational_validation
1980,顺义,GB2015_1980_05,GB2025_1980_04,gb2015.pdf,gb2025.pdf,5.938,5.765,0.173,0.5,False,agreement_is_not_independent_observational_validation
1980,顺义,GB2016_1980_05,GB2017_1980_05,gb2016.pdf,gb2017.pdf,5.679,5.74,0.061,0.5,False,agreement_is_not_independent_observational_validation
1980,顺义,GB2016_1980_05,GB2018_1980_05,gb2016.pdf,gb2018.pdf,5.679,5.733,0.054,0.5,False,agreement_is_not_independent_observational_validation
1980,顺义,GB2016_1980_05,GB2019_1980_05,gb2016.pdf,gb2019.pdf,5.679,6.0,0.321,0.86,False,agreement_is_not_independent_observational_validation
1980,顺义,GB2016_1980_05,GB2020_1980_05,gb2016.pdf,gb2020.pdf,5.679,5.777,0.098,0.5,False,agreement_is_not_independent_observational_validation
1980,顺义,GB2016_1980_05,GB2021_1980_05,gb2016.pdf,gb2021.pdf,5.679,5.765,0.086,0.5,False,agreement_is_not_independent_observational_validation
1980,顺义,GB2016_1980_05,GB2022_1980_05,gb2016.pdf,gb2022.pdf,5.679,5.593,0.086,0.66,False,agreement_is_not_independent_observational_validation
1980,顺义,GB2016_1980_05,GB2023_1980_04,gb2016.pdf,gb2023.pdf,5.679,5.893,0.214,0.51,False,agreement_is_not_independent_observational_validation
1980,顺义,GB2016_1980_05,GB2024_1980_04,gb2016.pdf,gb2024.pdf,5.679,5.785,0.106,0.5,False,agreement_is_not_independent_observational_validation
1980,顺义,GB2016_1980_05,GB2025_1980_04,gb2016.pdf,gb2025.pdf,5.679,5.765,0.086,0.5,False,agreement_is_not_independent_observational_validation
1980,顺义,GB2017_1980_05,GB2018_1980_05,gb2017.pdf,gb2018.pdf,5.74,5.733,0.007,0.5,False,agreement_is_not_independent_observational_validation
1980,顺义,GB2017_1980_05,GB2019_1980_05,gb2017.pdf,gb2019.pdf,5.74,6.0,0.26,0.83,False,agreement_is_not_independent_observational_validation
1980,顺义,GB2017_1980_05,GB2020_1980_05,gb2017.pdf,gb2020.pdf,5.74,5.777,0.037,0.5,False,agreement_is_not_independent_observational_validation
1980,顺义,GB2017_1980_05,GB2021_1980_05,gb2017.pdf,gb2021.pdf,5.74,5.765,0.025,0.5,False,agreement_is_not_independent_observational_validation
1980,顺义,GB2017_1980_05,GB2022_1980_05,gb2017.pdf,gb2022.pdf,5.74,5.593,0.147,0.63,False,agreement_is_not_independent_observational_validation
1980,顺义,GB2017_1980_05,GB2023_1980_04,gb2017.pdf,gb2023.pdf,5.74,5.893,0.153,0.5,False,agreement_is_not_independent_observational_validation
1980,顺义,GB2017_1980_05,GB2024_1980_04,gb2017.pdf,gb2024.pdf,5.74,5.785,0.045,0.5,False,agreement_is_not_independent_observational_validation
1980,顺义,GB2017_1980_05,GB2025_1980_04,gb2017.pdf,gb2025.pdf,5.74,5.765,0.025,0.5,False,agreement_is_not_independent_observational_validation
1980,顺义,GB2018_1980_05,GB2019_1980_05,gb2018.pdf,gb2019.pdf,5.733,6.0,0.267,0.77,False,agreement_is_not_independent_observational_validation
1980,顺义,GB2018_1980_05,GB2020_1980_05,gb2018.pdf,gb2020.pdf,5.733,5.777,0.044,0.5,False,agreement_is_not_independent_observational_validation
1980,顺义,GB2018_1980_05,GB2021_1980_05,gb2018.pdf,gb2021.pdf,5.733,5.765,0.032,0.5,False,agreement_is_not_independent_observational_validation
1980,顺义,GB2018_1980_05,GB2022_1980_05,gb2018.pdf,gb2022.pdf,5.733,5.593,0.14,0.57,False,agreement_is_not_independent_observational_validation
1980,顺义,GB2018_1980_05,GB2023_1980_04,gb2018.pdf,gb2023.pdf,5.733,5.893,0.16,0.5,False,agreement_is_not_independent_observational_validation
1980,顺义,GB2018_1980_05,GB2024_1980_04,gb2018.pdf,gb2024.pdf,5.733,5.785,0.052,0.5,False,agreement_is_not_independent_observational_validation
1980,顺义,GB2018_1980_05,GB2025_1980_04,gb2018.pdf,gb2025.pdf,5.733,5.765,0.032,0.5,False,agreement_is_not_independent_observational_validation
1980,顺义,GB2019_1980_05,GB2020_1980_05,gb2019.pdf,gb2020.pdf,6.0,5.777,0.223,0.67,False,agreement_is_not_independent_observational_validation
1980,顺义,GB2019_1980_05,GB2021_1980_05,gb2019.pdf,gb2021.pdf,6.0,5.765,0.235,0.84,False,agreement_is_not_independent_observational_validation
1980,顺义,GB2019_1980_05,GB2022_1980_05,gb2019.pdf,gb2022.pdf,6.0,5.593,0.407,1.04,False,agreement_is_not_independent_observational_validation
1980,顺义,GB2019_1980_05,GB2023_1980_04,gb2019.pdf,gb2023.pdf,6.0,5.893,0.107,0.89,False,agreement_is_not_independent_observational_validation
1980,顺义,GB2019_1980_05,GB2024_1980_04,gb2019.pdf,gb2024.pdf,6.0,5.785,0.215,0.75,False,agreement_is_not_independent_observational_validation
1980,顺义,GB2019_1980_05,GB2025_1980_04,gb2019.pdf,gb2025.pdf,6.0,5.765,0.235,0.77,False,agreement_is_not_independent_observational_validation
1980,顺义,GB2020_1980_05,GB2021_1980_05,gb2020.pdf,gb2021.pdf,5.777,5.765,0.012,0.5,False,agreement_is_not_independent_observational_validation
1980,顺义,GB2020_1980_05,GB2022_1980_05,gb2020.pdf,gb2022.pdf,5.777,5.593,0.184,0.5,False,agreement_is_not_independent_observational_validation
1980,顺义,GB2020_1980_05,GB2023_1980_04,gb2020.pdf,gb2023.pdf,5.777,5.893,0.116,0.5,False,agreement_is_not_independent_observational_validation
1980,顺义,GB2020_1980_05,GB2024_1980_04,gb2020.pdf,gb2024.pdf,5.777,5.785,0.008,0.5,False,agreement_is_not_independent_observational_validation
1980,顺义,GB2020_1980_05,GB2025_1980_04,gb2020.pdf,gb2025.pdf,5.777,5.765,0.012,0.5,False,agreement_is_not_independent_observational_validation
1980,顺义,GB2021_1980_05,GB2022_1980_05,gb2021.pdf,gb2022.pdf,5.765,5.593,0.172,0.64,False,agreement_is_not_independent_observational_validation
1980,顺义,GB2021_1980_05,GB2023_1980_04,gb2021.pdf,gb2023.pdf,5.765,5.893,0.128,0.5,False,agreement_is_not_independent_observational_validation
1980,顺义,GB2021_1980_05,GB2024_1980_04,gb2021.pdf,gb2024.pdf,5.765,5.785,0.02,0.5,False,agreement_is_not_independent_observational_validation
1980,顺义,GB2021_1980_05,GB2025_1980_04,gb2021.pdf,gb2025.pdf,5.765,5.765,0.0,0.5,False,agreement_is_not_independent_observational_validation
1980,顺义,GB2022_1980_05,GB2023_1980_04,gb2022.pdf,gb2023.pdf,5.593,5.893,0.3,0.69,False,agreement_is_not_independent_observational_validation
1980,顺义,GB2022_1980_05,GB2024_1980_04,gb2022.pdf,gb2024.pdf,5.593,5.785,0.192,0.55,False,agreement_is_not_independent_observational_validation
1980,顺义,GB2022_1980_05,GB2025_1980_04,gb2022.pdf,gb2025.pdf,5.593,5.765,0.172,0.57,False,agreement_is_not_independent_observational_validation
1980,顺义,GB2023_1980_04,GB2024_1980_04,gb2023.pdf,gb2024.pdf,5.893,5.785,0.108,0.5,False,agreement_is_not_independent_observational_validation
1980,顺义,GB2023_1980_04,GB2025_1980_04,gb2023.pdf,gb2025.pdf,5.893,5.765,0.128,0.5,False,agreement_is_not_independent_observational_validation
1980,顺义,GB2024_1980_04,GB2025_1980_04,gb2024.pdf,gb2025.pdf,5.785,5.765,0.02,0.5,False,agreement_is_not_independent_observational_validation
2001,城近郊,GB2001_2001_11,GB2002_2001_01,gb2001.pdf,gb2002.pdf,24.308,24.288,0.02,0.6,False,agreement_is_not_independent_observational_validation
2001,大兴,GB2001_2001_09,GB2002_2001_10,gb2001.pdf,gb2002.pdf,12.583,12.607,0.024,0.6,False,agreement_is_not_independent_observational_validation
2001,平谷,GB2001_2001_01,GB2002_2001_02,gb2001.pdf,gb2002.pdf,17.866,17.804,0.062,0.6,False,agreement_is_not_independent_observational_validation
2001,延庆,GB2001_2001_04,GB2002_2001_05,gb2001.pdf,gb2002.pdf,8.226,8.336,0.11,0.6,False,agreement_is_not_independent_observational_validation
2001,怀柔,GB2001_2001_03,GB2002_2001_04,gb2001.pdf,gb2002.pdf,7.67,7.616,0.054,0.6,False,agreement_is_not_independent_observational_validation
2001,房山,GB2001_2001_08,GB2002_2001_09,gb2001.pdf,gb2002.pdf,12.027,12.041,0.014,0.6,False,agreement_is_not_independent_observational_validation
2001,昌平,GB2001_2001_06,GB2002_2001_07,gb2001.pdf,gb2002.pdf,17.403,17.444,0.041,0.6,False,agreement_is_not_independent_observational_validation
2001,通州,GB2001_2001_10,GB2002_2001_11,gb2001.pdf,gb2002.pdf,6.373,6.484,0.111,0.6,False,agreement_is_not_independent_observational_validation
2001,门头沟,GB2001_2001_07,GB2002_2001_08,gb2001.pdf,gb2002.pdf,19.859,19.76,0.099,0.6,False,agreement_is_not_independent_observational_validation
2001,顺义,GB2001_2001_05,GB2002_2001_06,gb2001.pdf,gb2002.pdf,17.542,17.599,0.057,0.6,False,agreement_is_not_independent_observational_validation
2002,城近郊,GB2002_2002_01,GB2003_2002_01,gb2002.pdf,gb2003.pdf,24.854,17.227,7.627,0.9,True,agreement_is_not_independent_observational_validation
2002,大兴,GB2002_2002_10,GB2003_2002_10,gb2002.pdf,gb2003.pdf,13.173,15.364,2.191,0.9,True,agreement_is_not_independent_observational_validation
2002,密云,GB2002_2002_03,GB2003_2002_03,gb2002.pdf,gb2003.pdf,22.693,17.455,5.238,0.9,True,agreement_is_not_independent_observational_validation
2002,平谷,GB2002_2002_02,GB2003_2002_02,gb2002.pdf,gb2003.pdf,20.686,17.227,3.459,0.9,True,agreement_is_not_independent_observational_validation
2002,延庆,GB2002_2002_05,GB2003_2002_05,gb2002.pdf,gb2003.pdf,8.336,17.5,9.164,0.9,True,agreement_is_not_independent_observational_validation
2002,怀柔,GB2002_2002_04,GB2003_2002_04,gb2002.pdf,gb2003.pdf,10.395,17.318,6.923,0.9,True,agreement_is_not_independent_observational_validation
2002,房山,GB2002_2002_09,GB2003_2002_09,gb2002.pdf,gb2003.pdf,11.681,16.409,4.728,0.9,True,agreement_is_not_independent_observational_validation
2002,昌平,GB2002_2002_07,GB2003_2002_07,gb2002.pdf,gb2003.pdf,19.091,18.227,0.864,0.9,False,agreement_is_not_independent_observational_validation
2002,通州,GB2002_2002_11,GB2003_2002_11,gb2002.pdf,gb2003.pdf,6.381,15.591,9.21,0.9,True,agreement_is_not_independent_observational_validation
2002,门头沟,GB2002_2002_08,GB2003_2002_08,gb2002.pdf,gb2003.pdf,19.657,17.227,2.43,0.9,True,agreement_is_not_independent_observational_validation
2002,顺义,GB2002_2002_06,GB2003_2002_06,gb2002.pdf,gb2003.pdf,18.731,18.045,0.686,0.9,False,agreement_is_not_independent_observational_validation
2003,城近郊,GB2003_2003_01,GB2004_2003_10,gb2003.pdf,gb2004.pdf,22.182,23.682,1.5,1.2,True,agreement_is_not_independent_observational_validation
2003,大兴,GB2003_2003_10,GB2004_2003_01,gb2003.pdf,gb2004.pdf,13.909,14.682,0.773,1.2,False,agreement_is_not_independent_observational_validation
2003,密云,GB2003_2003_03,GB2004_2003_08,gb2003.pdf,gb2004.pdf,24.227,25.818,1.591,1.2,True,agreement_is_not_independent_observational_validation
2003,平谷,GB2003_2003_02,GB2004_2003_09,gb2003.pdf,gb2004.pdf,20.591,21.864,1.273,1.2,True,agreement_is_not_independent_observational_validation
2003,延庆,GB2003_2003_05,GB2004_2003_06,gb2003.pdf,gb2004.pdf,8.636,9.0,0.364,1.2,False,agreement_is_not_independent_observational_validation
2003,怀柔,GB2003_2003_04,GB2004_2003_07,gb2003.pdf,gb2004.pdf,11.682,12.5,0.818,1.2,False,agreement_is_not_independent_observational_validation
2003,房山,GB2003_2003_09,GB2004_2003_02,gb2003.pdf,gb2004.pdf,11.091,11.864,0.773,1.2,False,agreement_is_not_independent_observational_validation
2003,昌平,GB2003_2003_07,GB2004_2003_04,gb2003.pdf,gb2004.pdf,18.455,19.682,1.227,1.2,True,agreement_is_not_independent_observational_validation
2003,通州,GB2003_2003_11,GB2004_2003_00,gb2003.pdf,gb2004.pdf,6.955,7.409,0.454,1.2,False,agreement_is_not_independent_observational_validation
2003,门头沟,GB2003_2003_08,GB2004_2003_03,gb2003.pdf,gb2004.pdf,19.909,20.727,0.818,1.2,False,agreement_is_not_independent_observational_validation
2003,顺义,GB2003_2003_06,GB2004_2003_05,gb2003.pdf,gb2004.pdf,19.136,19.773,0.637,1.2,False,agreement_is_not_independent_observational_validation
2006,城近郊,GB2006_2006_10,GB2007_2006_10,gb2006.pdf,gb2007.pdf,25.864,25.348,0.516,1.2,False,agreement_is_not_independent_observational_validation
2006,大兴,GB2006_2006_01,GB2007_2006_01,gb2006.pdf,gb2007.pdf,17.273,17.023,0.25,1.2,False,agreement_is_not_independent_observational_validation
2006,密云,GB2006_2006_08,GB2007_2006_08,gb2006.pdf,gb2007.pdf,26.136,26.144,0.008,1.2,False,agreement_is_not_independent_observational_validation
2006,平谷,GB2006_2006_09,GB2007_2006_09,gb2006.pdf,gb2007.pdf,29.773,27.947,1.826,1.2,True,agreement_is_not_independent_observational_validation
2006,延庆,GB2006_2006_06,GB2007_2006_06,gb2006.pdf,gb2007.pdf,8.364,8.22,0.144,1.2,False,agreement_is_not_independent_observational_validation
2006,怀柔,GB2006_2006_07,GB2007_2006_07,gb2006.pdf,gb2007.pdf,16.727,16.652,0.075,1.2,False,agreement_is_not_independent_observational_validation
2006,房山,GB2006_2006_02,GB2007_2006_02,gb2006.pdf,gb2007.pdf,11.818,11.667,0.151,1.2,False,agreement_is_not_independent_observational_validation
2006,昌平,GB2006_2006_04,GB2007_2006_04,gb2006.pdf,gb2007.pdf,23.136,22.962,0.174,1.2,False,agreement_is_not_independent_observational_validation
2006,通州,GB2006_2006_00,GB2007_2006_00,gb2006.pdf,gb2007.pdf,7.636,7.795,0.159,1.2,False,agreement_is_not_independent_observational_validation
2006,门头沟,GB2006_2006_03,GB2007_2006_03,gb2006.pdf,gb2007.pdf,19.0,18.879,0.121,1.2,False,agreement_is_not_independent_observational_validation
2006,顺义,GB2006_2006_05,GB2007_2006_05,gb2006.pdf,gb2007.pdf,26.227,26.197,0.03,1.2,False,agreement_is_not_independent_observational_validation
2007,城近郊,GB2007_2007_10,GB2008_2007_10,gb2007.pdf,gb2008.pdf,27.311,27.539,0.228,0.9,False,agreement_is_not_independent_observational_validation
2007,大兴,GB2007_2007_01,GB2008_2007_01,gb2007.pdf,gb2008.pdf,17.871,18.432,0.561,0.9,False,agreement_is_not_independent_observational_validation
2007,密云,GB2007_2007_08,GB2008_2007_08,gb2007.pdf,gb2008.pdf,28.0,28.139,0.139,0.9,False,agreement_is_not_independent_observational_validation
2007,平谷,GB2007_2007_09,GB2008_2007_09,gb2007.pdf,gb2008.pdf,33.197,33.374,0.177,0.9,False,agreement_is_not_independent_observational_validation
2007,延庆,GB2007_2007_06,GB2008_2007_06,gb2007.pdf,gb2008.pdf,9.015,8.998,0.017,0.9,False,agreement_is_not_independent_observational_validation
2007,怀柔,GB2007_2007_07,GB2008_2007_07,gb2007.pdf,gb2008.pdf,19.197,19.032,0.165,0.9,False,agreement_is_not_independent_observational_validation
2007,房山,GB2007_2007_02,GB2008_2007_02,gb2007.pdf,gb2008.pdf,11.614,11.888,0.274,0.9,False,agreement_is_not_independent_observational_validation
2007,昌平,GB2007_2007_04,GB2008_2007_04,gb2007.pdf,gb2008.pdf,25.295,25.412,0.117,0.9,False,agreement_is_not_independent_observational_validation
2007,通州,GB2007_2007_00,GB2008_2007_00,gb2007.pdf,gb2008.pdf,7.53,8.016,0.486,0.9,False,agreement_is_not_independent_observational_validation
2007,门头沟,GB2007_2007_03,GB2008_2007_03,gb2007.pdf,gb2008.pdf,19.833,20.177,0.344,0.9,False,agreement_is_not_independent_observational_validation
2007,顺义,GB2007_2007_05,GB2008_2007_05,gb2007.pdf,gb2008.pdf,28.159,28.521,0.362,0.9,False,agreement_is_not_independent_observational_validation
2008,城近郊,GB2008_2008_10,GB2009_2008_10,gb2008.pdf,gb2009.pdf,30.211,29.83,0.381,0.6,False,agreement_is_not_independent_observational_validation
2008,大兴,GB2008_2008_01,GB2009_2008_01,gb2008.pdf,gb2009.pdf,18.596,18.192,0.404,0.6,False,agreement_is_not_independent_observational_validation
2008,密云,GB2008_2008_08,GB2009_2008_08,gb2008.pdf,gb2009.pdf,28.248,27.927,0.321,0.6,False,agreement_is_not_independent_observational_validation
2008,平谷,GB2008_2008_09,GB2009_2008_09,gb2008.pdf,gb2009.pdf,34.628,34.453,0.175,0.6,False,agreement_is_not_independent_observational_validation
2008,延庆,GB2008_2008_06,GB2009_2008_06,gb2008.pdf,gb2009.pdf,8.78,8.294,0.486,0.6,False,agreement_is_not_independent_observational_validation
2008,怀柔,GB2008_2008_07,GB2009_2008_07,gb2008.pdf,gb2009.pdf,19.741,19.334,0.407,0.6,False,agreement_is_not_independent_observational_validation
2008,房山,GB2008_2008_02,GB2009_2008_02,gb2008.pdf,gb2009.pdf,11.07,10.578,0.492,0.6,False,agreement_is_not_independent_observational_validation
2008,昌平,GB2008_2008_04,GB2009_2008_04,gb2008.pdf,gb2009.pdf,26.339,26.023,0.316,0.6,False,agreement_is_not_independent_observational_validation
2008,通州,GB2008_2008_00,GB2009_2008_00,gb2008.pdf,gb2009.pdf,7.58,7.369,0.211,0.6,False,agreement_is_not_independent_observational_validation
2008,门头沟,GB2008_2008_03,GB2009_2008_03,gb2008.pdf,gb2009.pdf,20.123,19.714,0.409,0.6,False,agreement_is_not_independent_observational_validation
2008,顺义,GB2008_2008_05,GB2009_2008_05,gb2008.pdf,gb2009.pdf,29.012,28.525,0.487,0.6,False,agreement_is_not_independent_observational_validation
2009,城近郊,GB2009_2009_10,GB2010_2009_10,gb2009.pdf,gb2010.pdf,30.428,30.6,0.172,0.6,False,agreement_is_not_independent_observational_validation
2009,大兴,GB2009_2009_01,GB2010_2009_01,gb2009.pdf,gb2010.pdf,19.334,19.434,0.1,0.6,False,agreement_is_not_independent_observational_validation
2009,密云,GB2009_2009_08,GB2010_2009_08,gb2009.pdf,gb2010.pdf,28.906,28.892,0.014,0.6,False,agreement_is_not_independent_observational_validation
2009,平谷,GB2009_2009_09,GB2010_2009_09,gb2009.pdf,gb2010.pdf,37.661,37.678,0.017,0.6,False,agreement_is_not_independent_observational_validation
2009,延庆,GB2009_2009_06,GB2010_2009_06,gb2009.pdf,gb2010.pdf,9.218,9.122,0.096,0.6,False,agreement_is_not_independent_observational_validation
2009,怀柔,GB2009_2009_07,GB2010_2009_07,gb2009.pdf,gb2010.pdf,20.095,20.105,0.01,0.6,False,agreement_is_not_independent_observational_validation
2009,房山,GB2009_2009_02,GB2010_2009_02,gb2009.pdf,gb2010.pdf,11.557,11.502,0.055,0.6,False,agreement_is_not_independent_observational_validation
2009,昌平,GB2009_2009_04,GB2010_2009_04,gb2009.pdf,gb2010.pdf,27.546,27.549,0.003,0.6,False,agreement_is_not_independent_observational_validation
2009,通州,GB2009_2009_00,GB2010_2009_00,gb2009.pdf,gb2010.pdf,7.152,7.231,0.079,0.6,False,agreement_is_not_independent_observational_validation
2009,门头沟,GB2009_2009_03,GB2010_2009_03,gb2009.pdf,gb2010.pdf,20.476,20.532,0.056,0.6,False,agreement_is_not_independent_observational_validation
2009,顺义,GB2009_2009_05,GB2010_2009_05,gb2009.pdf,gb2010.pdf,30.428,30.356,0.072,0.6,False,agreement_is_not_independent_observational_validation
2012,城近郊,GB2012_2012_10,GB2013_2012_10,gb2012.pdf,gb2013.pdf,30.238,30.54,0.302,0.78,False,agreement_is_not_independent_observational_validation
2012,大兴,GB2012_2012_01,GB2013_2012_01,gb2012.pdf,gb2013.pdf,17.887,18.201,0.314,0.78,False,agreement_is_not_independent_observational_validation
2012,密云,GB2012_2012_08,GB2013_2012_08,gb2012.pdf,gb2013.pdf,28.715,28.997,0.282,0.78,False,agreement_is_not_independent_observational_validation
2012,平谷,GB2012_2012_09,GB2013_2012_09,gb2012.pdf,gb2013.pdf,37.259,37.674,0.415,0.78,False,agreement_is_not_independent_observational_validation
2012,延庆,GB2012_2012_06,GB2013_2012_06,gb2012.pdf,gb2013.pdf,9.174,9.332,0.158,0.78,False,agreement_is_not_independent_observational_validation
2012,怀柔,GB2012_2012_07,GB2013_2012_07,gb2012.pdf,gb2013.pdf,21.186,21.478,0.292,0.78,False,agreement_is_not_independent_observational_validation
2012,房山,GB2012_2012_02,GB2013_2012_02,gb2012.pdf,gb2013.pdf,8.413,8.753,0.34,0.78,False,agreement_is_not_independent_observational_validation
2012,昌平,GB2012_2012_04,GB2013_2012_04,gb2012.pdf,gb2013.pdf,30.238,30.54,0.302,0.78,False,agreement_is_not_independent_observational_validation
2012,通州,GB2012_2012_00,GB2013_2012_00,gb2012.pdf,gb2013.pdf,6.552,6.632,0.08,0.78,False,agreement_is_not_independent_observational_validation
2012,门头沟,GB2012_2012_03,GB2013_2012_03,gb2012.pdf,gb2013.pdf,19.41,19.743,0.333,0.78,False,agreement_is_not_independent_observational_validation
2012,顺义,GB2012_2012_05,GB2013_2012_05,gb2012.pdf,gb2013.pdf,32.352,32.661,0.309,0.78,False,agreement_is_not_independent_observational_validation
2013,城近郊,GB2013_2013_10,GB2014_2013_10,gb2013.pdf,gb2014.pdf,31.311,31.403,0.092,0.78,False,agreement_is_not_independent_observational_validation
2013,大兴,GB2013_2013_01,GB2014_2013_01,gb2013.pdf,gb2014.pdf,17.815,18.016,0.201,0.78,False,agreement_is_not_independent_observational_validation
2013,密云,GB2013_2013_08,GB2014_2013_08,gb2013.pdf,gb2014.pdf,29.769,29.259,0.51,0.78,False,agreement_is_not_independent_observational_validation
2013,平谷,GB2013_2013_09,GB2014_2013_09,gb2013.pdf,gb2014.pdf,36.902,36.894,0.008,0.78,False,agreement_is_not_independent_observational_validation
2013,延庆,GB2013_2013_06,GB2014_2013_06,gb2013.pdf,gb2014.pdf,9.332,9.439,0.107,0.78,False,agreement_is_not_independent_observational_validation
2013,怀柔,GB2013_2013_07,GB2014_2013_07,gb2013.pdf,gb2014.pdf,21.478,21.624,0.146,0.78,False,agreement_is_not_independent_observational_validation
2013,房山,GB2013_2013_02,GB2014_2013_02,gb2013.pdf,gb2014.pdf,8.946,9.126,0.18,0.78,False,agreement_is_not_independent_observational_validation
2013,昌平,GB2013_2013_04,GB2014_2013_04,gb2013.pdf,gb2014.pdf,31.311,31.508,0.197,0.78,False,agreement_is_not_independent_observational_validation
2013,通州,GB2013_2013_00,GB2014_2013_00,gb2013.pdf,gb2014.pdf,6.825,6.981,0.156,0.78,False,agreement_is_not_independent_observational_validation
2013,门头沟,GB2013_2013_03,GB2014_2013_03,gb2013.pdf,gb2014.pdf,21.478,21.676,0.198,0.78,False,agreement_is_not_independent_observational_validation
2013,顺义,GB2013_2013_05,GB2014_2013_05,gb2013.pdf,gb2014.pdf,33.432,33.495,0.063,0.78,False,agreement_is_not_independent_observational_validation
2014,城近郊,GB2014_2014_10,GB2015_2014_10,gb2014.pdf,gb2015.pdf,32.815,32.859,0.044,0.63,False,agreement_is_not_independent_observational_validation
2014,大兴,GB2014_2014_01,GB2015_2014_01,gb2014.pdf,gb2015.pdf,18.957,19.003,0.046,0.63,False,agreement_is_not_independent_observational_validation
2014,密云,GB2014_2014_08,GB2015_2014_08,gb2014.pdf,gb2015.pdf,30.357,30.352,0.005,0.63,False,agreement_is_not_independent_observational_validation
2014,平谷,GB2014_2014_09,GB2015_2014_09,gb2014.pdf,gb2015.pdf,40.503,40.513,0.01,0.63,False,agreement_is_not_independent_observational_validation
2014,延庆,GB2014_2014_06,GB2015_2014_06,gb2014.pdf,gb2015.pdf,10.433,10.425,0.008,0.63,False,agreement_is_not_independent_observational_validation
2014,怀柔,GB2014_2014_07,GB2015_2014_07,gb2014.pdf,gb2015.pdf,22.565,22.566,0.001,0.63,False,agreement_is_not_independent_observational_validation
2014,房山,GB2014_2014_02,GB2015_2014_02,gb2014.pdf,gb2015.pdf,10.171,10.161,0.01,0.63,False,agreement_is_not_independent_observational_validation
2014,昌平,GB2014_2014_04,GB2015_2014_04,gb2014.pdf,gb2015.pdf,32.345,32.331,0.014,0.63,False,agreement_is_not_independent_observational_validation
2014,通州,GB2014_2014_00,GB2015_2014_00,gb2014.pdf,gb2015.pdf,7.504,7.522,0.018,0.63,False,agreement_is_not_independent_observational_validation
2014,门头沟,GB2014_2014_03,GB2015_2014_03,gb2014.pdf,gb2015.pdf,23.298,23.226,0.072,0.63,False,agreement_is_not_independent_observational_validation
2014,顺义,GB2014_2014_05,GB2015_2014_05,gb2014.pdf,gb2015.pdf,34.436,34.443,0.007,0.63,False,agreement_is_not_independent_observational_validation
2015,城近郊,GB2015_2015_10,GB2016_2015_10,gb2015.pdf,gb2016.pdf,32.859,32.439,0.42,0.57,False,agreement_is_not_independent_observational_validation
2015,大兴,GB2015_2015_01,GB2016_2015_01,gb2015.pdf,gb2016.pdf,18.739,18.385,0.354,0.57,False,agreement_is_not_independent_observational_validation
2015,密云,GB2015_2015_08,GB2016_2015_08,gb2015.pdf,gb2016.pdf,30.616,30.321,0.295,0.57,False,agreement_is_not_independent_observational_validation
2015,平谷,GB2015_2015_09,GB2016_2015_09,gb2015.pdf,gb2016.pdf,41.833,41.294,0.539,0.57,False,agreement_is_not_independent_observational_validation
2015,延庆,GB2015_2015_06,GB2016_2015_06,gb2015.pdf,gb2016.pdf,10.425,10.011,0.414,0.57,False,agreement_is_not_independent_observational_validation
2015,怀柔,GB2015_2015_07,GB2016_2015_07,gb2015.pdf,gb2016.pdf,22.302,21.85,0.452,0.57,False,agreement_is_not_independent_observational_validation
2015,房山,GB2015_2015_02,GB2016_2015_02,gb2015.pdf,gb2016.pdf,10.557,10.203,0.354,0.57,False,agreement_is_not_independent_observational_validation
2015,昌平,GB2015_2015_04,GB2016_2015_04,gb2015.pdf,gb2016.pdf,32.331,31.765,0.566,0.57,False,agreement_is_not_independent_observational_validation
2015,通州,GB2015_2015_00,GB2016_2015_00,gb2015.pdf,gb2016.pdf,8.05,7.797,0.253,0.57,False,agreement_is_not_independent_observational_validation
2015,门头沟,GB2015_2015_03,GB2016_2015_03,gb2015.pdf,gb2016.pdf,22.962,22.62,0.342,0.57,False,agreement_is_not_independent_observational_validation
2015,顺义,GB2015_2015_05,GB2016_2015_05,gb2015.pdf,gb2016.pdf,34.311,33.882,0.429,0.57,False,agreement_is_not_independent_observational_validation
2016,城近郊,GB2016_2016_10,GB2017_2016_10,gb2016.pdf,gb2017.pdf,31.572,31.55,0.022,0.5,False,agreement_is_not_independent_observational_validation
2016,大兴,GB2016_2016_01,GB2017_2016_01,gb2016.pdf,gb2017.pdf,17.807,17.807,0.0,0.5,False,agreement_is_not_independent_observational_validation
2016,密云,GB2016_2016_08,GB2017_2016_08,gb2016.pdf,gb2017.pdf,29.743,29.707,0.036,0.5,False,agreement_is_not_independent_observational_validation
2016,平谷,GB2016_2016_09,GB2017_2016_09,gb2016.pdf,gb2017.pdf,42.449,42.444,0.005,0.5,False,agreement_is_not_independent_observational_validation
2016,延庆,GB2016_2016_06,GB2017_2016_06,gb2016.pdf,gb2017.pdf,9.818,9.846,0.028,0.5,False,agreement_is_not_independent_observational_validation
2016,怀柔,GB2016_2016_07,GB2017_2016_07,gb2016.pdf,gb2017.pdf,21.561,21.746,0.185,0.5,False,agreement_is_not_independent_observational_validation
2016,房山,GB2016_2016_02,GB2017_2016_02,gb2016.pdf,gb2017.pdf,8.952,9.092,0.14,0.5,False,agreement_is_not_independent_observational_validation
2016,昌平,GB2016_2016_04,GB2017_2016_04,gb2016.pdf,gb2017.pdf,30.706,30.964,0.258,0.5,False,agreement_is_not_independent_observational_validation
2016,通州,GB2016_2016_00,GB2017_2016_00,gb2016.pdf,gb2017.pdf,7.604,7.584,0.02,0.5,False,agreement_is_not_independent_observational_validation
2016,门头沟,GB2016_2016_03,GB2017_2016_03,gb2016.pdf,gb2017.pdf,20.021,19.986,0.035,0.5,False,agreement_is_not_independent_observational_validation
2016,顺义,GB2016_2016_05,GB2017_2016_05,gb2016.pdf,gb2017.pdf,33.69,33.729,0.039,0.5,False,agreement_is_not_independent_observational_validation
2017,城近郊,GB2017_2017_10,GB2018_2017_10,gb2017.pdf,gb2018.pdf,30.796,30.713,0.083,0.5,False,agreement_is_not_independent_observational_validation
2017,大兴,GB2017_2017_01,GB2018_2017_01,gb2017.pdf,gb2018.pdf,17.891,17.82,0.071,0.5,False,agreement_is_not_independent_observational_validation
2017,密云,GB2017_2017_08,GB2018_2017_08,gb2017.pdf,gb2018.pdf,31.299,31.271,0.028,0.5,False,agreement_is_not_independent_observational_validation
2017,平谷,GB2017_2017_09,GB2018_2017_09,gb2017.pdf,gb2018.pdf,42.025,41.994,0.031,0.5,False,agreement_is_not_independent_observational_validation
2017,延庆,GB2017_2017_06,GB2018_2017_06,gb2017.pdf,gb2018.pdf,10.014,9.886,0.128,0.5,False,agreement_is_not_independent_observational_validation
2017,怀柔,GB2017_2017_07,GB2018_2017_07,gb2017.pdf,gb2018.pdf,21.243,21.229,0.014,0.5,False,agreement_is_not_independent_observational_validation
2017,房山,GB2017_2017_02,GB2018_2017_02,gb2017.pdf,gb2018.pdf,9.26,9.267,0.007,0.5,False,agreement_is_not_independent_observational_validation
2017,昌平,GB2017_2017_04,GB2018_2017_04,gb2017.pdf,gb2018.pdf,30.209,30.155,0.054,0.5,False,agreement_is_not_independent_observational_validation
2017,通州,GB2017_2017_00,GB2018_2017_00,gb2017.pdf,gb2018.pdf,7.835,7.779,0.056,0.5,False,agreement_is_not_independent_observational_validation
2017,门头沟,GB2017_2017_03,GB2018_2017_03,gb2017.pdf,gb2018.pdf,16.718,16.643,0.075,0.5,False,agreement_is_not_independent_observational_validation
2017,顺义,GB2017_2017_05,GB2018_2017_05,gb2017.pdf,gb2018.pdf,34.064,33.936,0.128,0.5,False,agreement_is_not_independent_observational_validation
2018,城近郊,GB2018_2018_10,GB2019_2018_10,gb2018.pdf,gb2019.pdf,30.527,30.75,0.223,0.77,False,agreement_is_not_independent_observational_validation
2018,大兴,GB2018_2018_01,GB2019_2018_01,gb2018.pdf,gb2019.pdf,17.882,18.0,0.118,0.77,False,agreement_is_not_independent_observational_validation
2018,密云,GB2018_2018_08,GB2019_2018_08,gb2018.pdf,gb2019.pdf,24.886,25.0,0.114,0.77,False,agreement_is_not_independent_observational_validation
2018,平谷,GB2018_2018_09,GB2019_2018_09,gb2018.pdf,gb2019.pdf,32.82,33.0,0.18,0.77,False,agreement_is_not_independent_observational_validation
2018,延庆,GB2018_2018_06,GB2019_2018_06,gb2018.pdf,gb2019.pdf,9.7,9.75,0.05,0.77,False,agreement_is_not_independent_observational_validation
2018,怀柔,GB2018_2018_07,GB2019_2018_07,gb2018.pdf,gb2019.pdf,17.324,17.5,0.176,0.77,False,agreement_is_not_independent_observational_validation
2018,房山,GB2018_2018_02,GB2019_2018_02,gb2018.pdf,gb2019.pdf,9.638,9.75,0.112,0.77,False,agreement_is_not_independent_observational_validation
2018,昌平,GB2018_2018_04,GB2019_2018_04,gb2018.pdf,gb2019.pdf,29.411,29.5,0.089,0.77,False,agreement_is_not_independent_observational_validation
2018,通州,GB2018_2018_00,GB2019_2018_00,gb2018.pdf,gb2019.pdf,7.345,7.5,0.155,0.77,False,agreement_is_not_independent_observational_validation
2018,门头沟,GB2018_2018_03,GB2019_2018_03,gb2018.pdf,gb2019.pdf,17.014,41.0,23.986,0.77,True,agreement_is_not_independent_observational_validation
2018,顺义,GB2018_2018_05,GB2019_2018_05,gb2018.pdf,gb2019.pdf,33.316,33.5,0.184,0.77,False,agreement_is_not_independent_observational_validation
2019,城近郊,GB2019_2019_10,GB2020_2019_10,gb2019.pdf,gb2020.pdf,29.25,29.099,0.151,0.67,False,agreement_is_not_independent_observational_validation
2019,大兴,GB2019_2019_01,GB2020_2019_01,gb2019.pdf,gb2020.pdf,17.75,17.557,0.193,0.67,False,agreement_is_not_independent_observational_validation
2019,密云,GB2019_2019_08,GB2020_2019_08,gb2019.pdf,gb2020.pdf,24.75,24.458,0.292,0.67,False,agreement_is_not_independent_observational_validation
2019,平谷,GB2019_2019_09,GB2020_2019_09,gb2019.pdf,gb2020.pdf,33.75,33.581,0.169,0.67,False,agreement_is_not_independent_observational_validation
2019,延庆,GB2019_2019_06,GB2020_2019_06,gb2019.pdf,gb2020.pdf,9.75,9.387,0.363,0.67,False,agreement_is_not_independent_observational_validation
2019,怀柔,GB2019_2019_07,GB2020_2019_07,gb2019.pdf,gb2020.pdf,15.75,15.534,0.216,0.67,False,agreement_is_not_independent_observational_validation
2019,房山,GB2019_2019_02,GB2020_2019_02,gb2019.pdf,gb2020.pdf,10.5,10.22,0.28,0.67,False,agreement_is_not_independent_observational_validation
2019,昌平,GB2019_2019_04,GB2020_2019_04,gb2019.pdf,gb2020.pdf,28.75,28.663,0.087,0.67,False,agreement_is_not_independent_observational_validation
2019,通州,GB2019_2019_00,GB2020_2019_00,gb2019.pdf,gb2020.pdf,8.25,7.919,0.331,0.67,False,agreement_is_not_independent_observational_validation
2019,门头沟,GB2019_2019_03,GB2020_2019_03,gb2019.pdf,gb2020.pdf,38.25,38.142,0.108,0.67,False,agreement_is_not_independent_observational_validation
2019,顺义,GB2019_2019_05,GB2020_2019_05,gb2019.pdf,gb2020.pdf,32.25,32.113,0.137,0.67,False,agreement_is_not_independent_observational_validation
2020,城近郊,GB2020_2020_10,GB2021_2020_10,gb2020.pdf,gb2021.pdf,26.402,26.519,0.117,0.5,False,agreement_is_not_independent_observational_validation
2020,大兴,GB2020_2020_01,GB2021_2020_01,gb2020.pdf,gb2021.pdf,16.843,16.851,0.008,0.5,False,agreement_is_not_independent_observational_validation
2020,密云,GB2020_2020_08,GB2021_2020_08,gb2020.pdf,gb2021.pdf,25.172,25.277,0.105,0.5,False,agreement_is_not_independent_observational_validation
2020,平谷,GB2020_2020_09,GB2021_2020_09,gb2020.pdf,gb2021.pdf,35.841,36.009,0.168,0.5,False,agreement_is_not_independent_observational_validation
2020,延庆,GB2020_2020_06,GB2021_2020_06,gb2020.pdf,gb2021.pdf,7.205,7.184,0.021,0.5,False,agreement_is_not_independent_observational_validation
2020,怀柔,GB2020_2020_07,GB2021_2020_07,gb2020.pdf,gb2021.pdf,16.288,16.319,0.031,0.5,False,agreement_is_not_independent_observational_validation
2020,房山,GB2020_2020_02,GB2021_2020_02,gb2020.pdf,gb2021.pdf,8.633,8.603,0.03,0.5,False,agreement_is_not_independent_observational_validation
2020,昌平,GB2020_2020_04,GB2021_2020_04,gb2020.pdf,gb2021.pdf,27.076,27.14,0.064,0.5,False,agreement_is_not_independent_observational_validation
2020,通州,GB2020_2020_00,GB2021_2020_00,gb2020.pdf,gb2021.pdf,7.84,7.805,0.035,0.5,False,agreement_is_not_independent_observational_validation
2020,门头沟,GB2020_2020_03,GB2021_2020_03,gb2020.pdf,gb2021.pdf,35.802,35.92,0.118,0.5,False,agreement_is_not_independent_observational_validation
2020,顺义,GB2020_2020_05,GB2021_2020_05,gb2020.pdf,gb2021.pdf,29.337,29.446,0.109,0.5,False,agreement_is_not_independent_observational_validation
2021,城近郊,GB2021_2021_10,GB2022_2021_10,gb2021.pdf,gb2022.pdf,22.262,22.373,0.111,0.64,False,agreement_is_not_independent_observational_validation
2021,大兴,GB2021_2021_01,GB2022_2021_01,gb2021.pdf,gb2022.pdf,15.078,15.254,0.176,0.64,False,agreement_is_not_independent_observational_validation
2021,密云,GB2021_2021_08,GB2022_2021_08,gb2021.pdf,gb2022.pdf,15.078,15.254,0.176,0.64,False,agreement_is_not_independent_observational_validation
2021,平谷,GB2021_2021_09,GB2022_2021_09,gb2021.pdf,gb2022.pdf,21.02,21.186,0.166,0.64,False,agreement_is_not_independent_observational_validation
2021,延庆,GB2021_2021_06,GB2022_2021_06,gb2021.pdf,gb2022.pdf,6.386,6.441,0.055,0.64,False,agreement_is_not_independent_observational_validation
2021,怀柔,GB2021_2021_07,GB2022_2021_07,gb2021.pdf,gb2022.pdf,8.16,8.136,0.024,0.64,False,agreement_is_not_independent_observational_validation
2021,房山,GB2021_2021_02,GB2022_2021_02,gb2021.pdf,gb2022.pdf,6.563,6.61,0.047,0.64,False,agreement_is_not_independent_observational_validation
2021,昌平,GB2021_2021_04,GB2022_2021_04,gb2021.pdf,gb2022.pdf,23.237,23.22,0.017,0.64,False,agreement_is_not_independent_observational_validation
2021,通州,GB2021_2021_00,GB2022_2021_00,gb2021.pdf,gb2022.pdf,6.297,6.271,0.026,0.64,False,agreement_is_not_independent_observational_validation
2021,门头沟,GB2021_2021_03,GB2022_2021_03,gb2021.pdf,gb2022.pdf,24.922,25.085,0.163,0.64,False,agreement_is_not_independent_observational_validation
2021,顺义,GB2021_2021_05,GB2022_2021_05,gb2021.pdf,gb2022.pdf,20.665,20.847,0.182,0.64,False,agreement_is_not_independent_observational_validation
2022,城近郊,GB2022_2022_10,GB2023_2022_00,gb2022.pdf,gb2023.pdf,21.356,21.214,0.142,0.69,False,agreement_is_not_independent_observational_validation
2022,大兴,GB2022_2022_01,GB2023_2022_06,gb2022.pdf,gb2023.pdf,14.407,14.357,0.05,0.69,False,agreement_is_not_independent_observational_validation
2022,密云,GB2022_2022_08,GB2023_2022_09,gb2022.pdf,gb2023.pdf,18.644,18.643,0.001,0.69,False,agreement_is_not_independent_observational_validation
2022,平谷,GB2022_2022_09,GB2023_2022_08,gb2022.pdf,gb2023.pdf,21.356,21.321,0.035,0.69,False,agreement_is_not_independent_observational_validation
2022,延庆,GB2022_2022_06,GB2023_2022_10,gb2022.pdf,gb2023.pdf,6.441,6.536,0.095,0.69,False,agreement_is_not_independent_observational_validation
2022,怀柔,GB2022_2022_07,GB2023_2022_07,gb2022.pdf,gb2023.pdf,7.458,7.607,0.149,0.69,False,agreement_is_not_independent_observational_validation
2022,房山,GB2022_2022_02,GB2023_2022_02,gb2022.pdf,gb2023.pdf,7.119,7.179,0.06,0.69,False,agreement_is_not_independent_observational_validation
2022,昌平,GB2022_2022_04,GB2023_2022_05,gb2022.pdf,gb2023.pdf,20.678,20.571,0.107,0.69,False,agreement_is_not_independent_observational_validation
2022,通州,GB2022_2022_00,GB2023_2022_03,gb2022.pdf,gb2023.pdf,6.78,6.857,0.077,0.69,False,agreement_is_not_independent_observational_validation
2022,门头沟,GB2022_2022_03,GB2023_2022_01,gb2022.pdf,gb2023.pdf,24.576,24.429,0.147,0.69,False,agreement_is_not_independent_observational_validation
2022,顺义,GB2022_2022_05,GB2023_2022_04,gb2022.pdf,gb2023.pdf,18.983,18.857,0.126,0.69,False,agreement_is_not_independent_observational_validation
2023,大兴,GB2023_2023_06,GB2024_2023_06,gb2023.pdf,gb2024.pdf,13.179,13.12,0.059,0.5,False,agreement_is_not_independent_observational_validation
2023,密云,GB2023_2023_09,GB2024_2023_09,gb2023.pdf,gb2024.pdf,19.286,19.215,0.071,0.5,False,agreement_is_not_independent_observational_validation
2023,平谷,GB2023_2023_08,GB2024_2023_08,gb2023.pdf,gb2024.pdf,22.929,22.831,0.098,0.5,False,agreement_is_not_independent_observational_validation
2023,延庆,GB2023_2023_10,GB2024_2023_10,gb2023.pdf,gb2024.pdf,5.786,5.733,0.053,0.5,False,agreement_is_not_independent_observational_validation
2023,怀柔,GB2023_2023_07,GB2024_2023_07,gb2023.pdf,gb2024.pdf,7.929,7.8,0.129,0.5,False,agreement_is_not_independent_observational_validation
2023,房山,GB2023_2023_02,GB2024_2023_02,gb2023.pdf,gb2024.pdf,6.0,5.94,0.06,0.5,False,agreement_is_not_independent_observational_validation
2023,昌平,GB2023_2023_05,GB2024_2023_05,gb2023.pdf,gb2024.pdf,18.214,18.13,0.084,0.5,False,agreement_is_not_independent_observational_validation
2023,通州,GB2023_2023_03,GB2024_2023_03,gb2023.pdf,gb2024.pdf,6.643,6.508,0.135,0.5,False,agreement_is_not_independent_observational_validation
2023,门头沟,GB2023_2023_01,GB2024_2023_01,gb2023.pdf,gb2024.pdf,21.0,20.868,0.132,0.5,False,agreement_is_not_independent_observational_validation
2023,顺义,GB2023_2023_04,GB2024_2023_04,gb2023.pdf,gb2024.pdf,18.536,18.44,0.096,0.5,False,agreement_is_not_independent_observational_validation
1980,城六区,GB2024_1980_00,GB2025_1980_00,gb2024.pdf,gb2025.pdf,13.688,13.647,0.041,0.5,False,agreement_is_not_independent_observational_validation
2024,城六区,GB2024_2024_00,GB2025_2024_00,gb2024.pdf,gb2025.pdf,14.979,14.824,0.155,0.5,False,agreement_is_not_independent_observational_validation
2024,大兴,GB2024_2024_06,GB2025_2024_07,gb2024.pdf,gb2025.pdf,11.622,11.471,0.151,0.5,False,agreement_is_not_independent_observational_validation
2024,密云,GB2024_2024_09,GB2025_2024_10,gb2024.pdf,gb2025.pdf,15.238,15.176,0.062,0.5,False,agreement_is_not_independent_observational_validation
2024,平谷,GB2024_2024_08,GB2025_2024_09,gb2024.pdf,gb2025.pdf,17.2,17.059,0.141,0.5,False,agreement_is_not_independent_observational_validation
2024,延庆,GB2024_2024_10,GB2025_2024_05,gb2024.pdf,gb2025.pdf,5.579,5.471,0.108,0.5,False,agreement_is_not_independent_observational_validation
2024,怀柔,GB2024_2024_07,GB2025_2024_08,gb2024.pdf,gb2025.pdf,6.715,6.647,0.068,0.5,False,agreement_is_not_independent_observational_validation
2024,房山,GB2024_2024_02,GB2025_2024_02,gb2024.pdf,gb2025.pdf,5.733,5.706,0.027,0.5,False,agreement_is_not_independent_observational_validation
2024,昌平,GB2024_2024_05,GB2025_2024_06,gb2024.pdf,gb2025.pdf,14.101,14.0,0.101,0.5,False,agreement_is_not_independent_observational_validation
2024,通州,GB2024_2024_03,GB2025_2024_03,gb2024.pdf,gb2025.pdf,5.579,5.471,0.108,0.5,False,agreement_is_not_independent_observational_validation
2024,门头沟,GB2024_2024_01,GB2025_2024_01,gb2024.pdf,gb2025.pdf,16.736,16.647,0.089,0.5,False,agreement_is_not_independent_observational_validation
2024,顺义,GB2024_2024_04,GB2025_2024_04,gb2024.pdf,gb2025.pdf,15.961,15.882,0.079,0.5,False,agreement_is_not_independent_observational_validation
